basket,n,ko,strike,ki,cpn_roll,cpn_desk,annuity,uplift_per_1pct_uf,fee_room_at_floor,uf_room_min_cpn,p_ko1,p_ko3_mem,p_ko3_sim,life_mem,life_sim,p_loss_mem,p_loss_sim,e_loss_mem,client_ev,cpn_iv,ko_cushion_sd,ki_cushion_sd,fee_velocity,net_uf_yield,uf_check,avg_iv,avg_rho,regime,cpn_floor,ko_cap,ki_cap_rule,ki_cap_13w,hard_fail,flags,info,roll_score,eligible,rankable
AVGO+AMAT+ARM,3,80,50,50,-0.0787,-0.2551,0.1701,0.0588,0.0068,-0.0187,0.8088,0.8867,0.8763,2.0879,2.2304,0.0545,0.0643,0.4121,-0.0361,-0.1516,1.4894,1.3355,0.0575,-0.1362,True,0.5190,0.5254,mid,0.1200,92.5088,67.7561,64.4549,,cheap (CPN/IV < 0.20); below mid target 12%,px > LO PT (ARM); earnings <=3d after obs #1 (ARM),0.6948,False,False
AVGO+AMAT+ARM,3,83,50,50,-0.0256,-0.1720,0.2049,0.0488,0.0108,-0.0137,0.7383,0.8399,0.8252,2.5366,2.7369,0.0753,0.0888,0.3993,-0.0355,-0.0494,1.2437,1.3355,0.0473,-0.0729,True,0.5190,0.5254,mid,0.1200,92.5088,67.7561,64.4549,,cheap (CPN/IV < 0.20); below mid target 12%,px > LO PT (ARM); earnings <=3d after obs #1 (ARM),0.6167,False,False
AVGO+AMAT+ARM,3,85,50,50,0.0042,-0.1250,0.2323,0.0430,0.0137,-0.0099,0.6851,0.8037,0.7858,2.8884,3.1337,0.0913,0.1072,0.3927,-0.0348,0.0080,1.0847,1.3355,0.0415,-0.0374,False,0.5190,0.5254,mid,0.1200,92.5088,67.7561,64.4549,,cheap (CPN/IV < 0.20); below mid target 12%,px > LO PT (ARM); earnings <=3d after obs #1 (ARM),0.5598,False,False
AVGO+AMAT+ARM,3,88,50,50,0.0395,-0.0679,0.2792,0.0358,0.0181,-0.0041,0.5979,0.7408,0.7176,3.4887,3.8089,0.1174,0.1371,0.3824,-0.0334,0.0762,0.8532,1.3355,0.0344,0.0052,False,0.5190,0.5254,mid,0.1200,92.5088,67.7561,64.4549,,cheap (CPN/IV < 0.20); below mid target 12%,px > LO PT (ARM); earnings <=3d after obs #1 (ARM),0.4840,False,False
AVGO+AMAT+ARM,3,90,50,50,0.0576,-0.0378,0.3143,0.0318,0.0210,-0.0002,0.5358,0.6943,0.6676,3.9393,4.3073,0.1362,0.1581,0.3765,-0.0324,0.1110,0.7032,1.3355,0.0305,0.0271,False,0.5190,0.5254,mid,0.1200,92.5088,67.7561,64.4549,P(KO@1) < 55%; P(loss) > 12%,cheap (CPN/IV < 0.20); below mid target 12%,px > LO PT (ARM); earnings <=3d after obs #1 (ARM),0.4246,False,False
AVGO+AMAT+ARM,3,92,50,50,0.0731,-0.0121,0.3520,0.0284,0.0241,0.0041,0.4736,0.6443,0.6149,4.4248,4.8317,0.1568,0.1797,0.3706,-0.0311,0.1409,0.5565,1.3355,0.0271,0.0460,False,0.5190,0.5254,mid,0.1200,92.5088,67.7561,64.4549,P(KO@1) < 55%; P(loss) > 12%,cheap (CPN/IV < 0.20); below mid target 12%,px > LO PT (ARM); earnings <=3d after obs #1 (ARM),0.3598,False,False
AVGO+AMAT+ARM,3,80,55,55,-0.0609,-0.2373,0.1701,0.0588,0.0098,-0.0157,0.8088,0.8868,0.8763,2.0875,2.2301,0.0585,0.0702,0.4390,-0.0363,-0.1174,1.4894,1.1519,0.0575,-0.1184,True,0.5190,0.5254,mid,0.1200,92.5088,67.7561,64.4549,,cheap (CPN/IV < 0.20); below mid target 12%,px > LO PT (ARM); earnings <=3d after obs #1 (ARM),0.6882,False,False
AVGO+AMAT+ARM,3,83,55,55,-0.0050,-0.1514,0.2048,0.0488,0.0150,-0.0094,0.7383,0.8400,0.8253,2.5360,2.7361,0.0815,0.0974,0.4248,-0.0357,-0.0095,1.2437,1.1519,0.0473,-0.0523,True,0.5190,0.5254,mid,0.1200,92.5088,67.7561,64.4549,,cheap (CPN/IV < 0.20); below mid target 12%,px > LO PT (ARM); earnings <=3d after obs #1 (ARM),0.6064,False,False
AVGO+AMAT+ARM,3,85,55,55,0.0265,-0.1026,0.2322,0.0431,0.0189,-0.0047,0.6851,0.8038,0.7859,2.8872,3.1326,0.0993,0.1183,0.4173,-0.0351,0.0511,1.0847,1.1519,0.0416,-0.0150,False,0.5190,0.5254,mid,0.1200,92.5088,67.7561,64.4549,,cheap (CPN/IV < 0.20); below mid target 12%,px > LO PT (ARM); earnings <=3d after obs #1 (ARM),0.5608,False,False
AVGO+AMAT+ARM,3,88,55,55,0.0639,-0.0436,0.2791,0.0358,0.0249,0.0027,0.5979,0.7410,0.7177,3.4869,3.8071,0.1286,0.1522,0.4062,-0.0337,0.1231,0.8532,1.1519,0.0344,0.0295,False,0.5190,0.5254,mid,0.1200,92.5088,67.7561,64.4549,P(loss) > 12%,cheap (CPN/IV < 0.20); below mid target 12%,px > LO PT (ARM); earnings <=3d after obs #1 (ARM),0.4810,False,False
AVGO+AMAT+ARM,3,90,55,55,0.0830,-0.0125,0.3141,0.0318,0.0290,0.0078,0.5358,0.6944,0.6677,3.9373,4.3058,0.1500,0.1762,0.3994,-0.0327,0.1600,0.7032,1.1519,0.0305,0.0526,False,0.5190,0.5254,mid,0.1200,92.5088,67.7561,64.4549,P(KO@1) < 55%; P(loss) > 12%,cheap (CPN/IV < 0.20); below mid target 12%,px > LO PT (ARM); earnings <=3d after obs #1 (ARM),0.4180,False,False
AVGO+AMAT+ARM,3,92,55,55,0.0995,0.0142,0.3518,0.0284,0.0334,0.0133,0.4736,0.6445,0.6152,4.4223,4.8291,0.1733,0.2008,0.3933,-0.0315,0.1917,0.5565,1.1519,0.0271,0.0724,False,0.5190,0.5254,mid,0.1200,92.5088,67.7561,64.4549,P(KO@1) < 55%; P(loss) > 12%,cheap (CPN/IV < 0.20); below mid target 12%,px > LO PT (ARM); earnings <=3d after obs #1 (ARM),0.3493,False,True
AVGO+AMAT+ARM,3,80,60,60,-0.0445,-0.2209,0.1701,0.0588,0.0126,-0.0129,0.8088,0.8869,0.8764,2.0871,2.2296,0.0617,0.0750,0.4642,-0.0364,-0.0858,1.4894,0.9842,0.0575,-0.1020,True,0.5190,0.5254,mid,0.1200,92.5088,67.7561,64.4549,,cheap (CPN/IV < 0.20); below mid target 12%,px > LO PT (ARM); earnings <=3d after obs #1 (ARM),0.6829,False,False
AVGO+AMAT+ARM,3,83,60,60,0.0146,-0.1319,0.2048,0.0488,0.0190,-0.0055,0.7383,0.8401,0.8254,2.5356,2.7356,0.0866,0.1049,0.4493,-0.0358,0.0281,1.2437,0.9842,0.0473,-0.0328,True,0.5190,0.5254,mid,0.1200,92.5088,67.7561,64.4549,,cheap (CPN/IV < 0.20); below mid target 12%,px > LO PT (ARM); earnings <=3d after obs #1 (ARM),0.6073,False,False
AVGO+AMAT+ARM,3,85,60,60,0.0476,-0.0816,0.2321,0.0431,0.0238,0.0002,0.6851,0.8040,0.7860,2.8866,3.1318,0.1058,0.1278,0.4416,-0.0353,0.0917,1.0847,0.9842,0.0416,0.0060,False,0.5190,0.5254,mid,0.1200,92.5088,67.7561,64.4549,,cheap (CPN/IV < 0.20); below mid target 12%,px > LO PT (ARM); earnings <=3d after obs #1 (ARM),0.5635,False,False
AVGO+AMAT+ARM,3,88,60,60,0.0872,-0.0204,0.2790,0.0358,0.0314,0.0092,0.5979,0.7412,0.7178,3.4853,3.8056,0.1378,0.1653,0.4299,-0.0339,0.1680,0.8532,0.9842,0.0344,0.0527,False,0.5190,0.5254,mid,0.1200,92.5088,67.7561,64.4549,P(loss) > 12%,cheap (CPN/IV < 0.20); below mid target 12%,px > LO PT (ARM); earnings <=3d after obs #1 (ARM),0.4806,False,False
AVGO+AMAT+ARM,3,90,60,60,0.1074,0.0119,0.3139,0.0319,0.0367,0.0155,0.5358,0.6946,0.6679,3.9356,4.3036,0.1617,0.1922,0.4217,-0.0330,0.2070,0.7032,0.9842,0.0305,0.0769,False,0.5190,0.5254,mid,0.1200,92.5088,67.7561,64.4549,P(KO@1) < 55%; P(loss) > 12%,below mid target 12%,px > LO PT (ARM); earnings <=3d after obs #1 (ARM),0.4142,False,True
AVGO+AMAT+ARM,3,92,60,60,0.1249,0.0395,0.3515,0.0284,0.0423,0.0223,0.4736,0.6447,0.6154,4.4198,4.8264,0.1875,0.2198,0.4153,-0.0319,0.2406,0.5565,0.9842,0.0272,0.0977,False,0.5190,0.5254,mid,0.1200,92.5088,67.7561,64.4549,P(KO@1) < 55%; P(loss) > 12%,,px > LO PT (ARM); earnings <=3d after obs #1 (ARM),0.3421,False,True
ARM+DELL,2,80,50,50,-0.0484,-0.2165,0.1785,0.0560,0.0034,-0.0147,0.7831,0.8718,0.8613,2.2403,2.3758,0.0648,0.0762,0.4370,-0.0373,-0.0760,1.2144,1.0889,0.0536,-0.1020,True,0.6365,0.4145,high-vol,0.1600,90.8123,62.0390,60.3263,,cheap (CPN/IV < 0.20); below high-vol target 16%,px > LO PT (ARM); earnings <=3d after obs #1 (ARM),0.6624,False,False
ARM+DELL,2,83,50,50,0.0021,-0.1389,0.2127,0.0470,0.0070,-0.0087,0.7137,0.8255,0.8116,2.6859,2.8659,0.0867,0.1014,0.4267,-0.0365,0.0034,1.0140,1.0889,0.0447,-0.0425,True,0.6365,0.4145,high-vol,0.1600,90.8123,62.0390,60.3263,,cheap (CPN/IV < 0.20); below high-vol target 16%,px > LO PT (ARM); earnings <=3d after obs #1 (ARM),0.5841,False,False
ARM+DELL,2,85,50,50,0.0285,-0.0976,0.2378,0.0421,0.0093,-0.0046,0.6634,0.7904,0.7746,3.0168,3.2291,0.1026,0.1192,0.4217,-0.0361,0.0448,0.8844,1.0889,0.0398,-0.0112,False,0.6365,0.4145,high-vol,0.1600,90.8123,62.0390,60.3263,,cheap (CPN/IV < 0.20); below high-vol target 16%,px > LO PT (ARM); earnings <=3d after obs #1 (ARM),0.5400,False,False
ARM+DELL,2,88,50,50,0.0600,-0.0476,0.2789,0.0359,0.0127,0.0016,0.5862,0.7353,0.7160,3.5499,3.8083,0.1278,0.1469,0.4142,-0.0352,0.0943,0.6957,1.0889,0.0338,0.0262,False,0.6365,0.4145,high-vol,0.1600,90.8123,62.0390,60.3263,P(loss) > 12%,cheap (CPN/IV < 0.20); below high-vol target 16%,px > LO PT (ARM); earnings <=3d after obs #1 (ARM),0.4660,False,False
ARM+DELL,2,90,50,50,0.0772,-0.0201,0.3082,0.0324,0.0151,0.0060,0.5335,0.6958,0.6741,3.9288,4.2171,0.1451,0.1657,0.4096,-0.0342,0.1212,0.5734,1.0889,0.0305,0.0466,False,0.6365,0.4145,high-vol,0.1600,90.8123,62.0390,60.3263,P(KO@1) < 55%; P(loss) > 12%,cheap (CPN/IV < 0.20); below high-vol target 16%,px > LO PT (ARM); earnings <=3d after obs #1 (ARM),0.4126,False,False
ARM+DELL,2,80,55,55,-0.0301,-0.1982,0.1784,0.0561,0.0067,-0.0114,0.7831,0.8719,0.8614,2.2396,2.3753,0.0687,0.0814,0.4644,-0.0375,-0.0473,1.2144,0.9392,0.0536,-0.0837,True,0.6365,0.4145,high-vol,0.1600,90.8123,62.0390,60.3263,,cheap (CPN/IV < 0.20); below high-vol target 16%,px > LO PT (ARM); earnings <=3d after obs #1 (ARM),0.6559,False,False
ARM+DELL,2,83,55,55,0.0231,-0.1180,0.2127,0.0470,0.0115,-0.0042,0.7137,0.8256,0.8117,2.6847,2.8648,0.0925,0.1089,0.4535,-0.0368,0.0363,1.0140,0.9392,0.0447,-0.0216,True,0.6365,0.4145,high-vol,0.1600,90.8123,62.0390,60.3263,,cheap (CPN/IV < 0.20); below high-vol target 16%,px > LO PT (ARM); earnings <=3d after obs #1 (ARM),0.5855,False,False
ARM+DELL,2,85,55,55,0.0509,-0.0752,0.2377,0.0421,0.0147,0.0007,0.6634,0.7905,0.7747,3.0158,3.2280,0.1099,0.1286,0.4477,-0.0364,0.0800,0.8844,0.9392,0.0398,0.0112,False,0.6365,0.4145,high-vol,0.1600,90.8123,62.0390,60.3263,,cheap (CPN/IV < 0.20); below high-vol target 16%,px > LO PT (ARM); earnings <=3d after obs #1 (ARM),0.5397,False,False
ARM+DELL,2,88,55,55,0.0842,-0.0235,0.2787,0.0359,0.0195,0.0084,0.5862,0.7355,0.7161,3.5484,3.8067,0.1374,0.1591,0.4397,-0.0356,0.1322,0.6957,0.9392,0.0338,0.0503,False,0.6365,0.4145,high-vol,0.1600,90.8123,62.0390,60.3263,P(loss) > 12%,cheap (CPN/IV < 0.20); below high-vol target 16%,px > LO PT (ARM); earnings <=3d after obs #1 (ARM),0.4627,False,False
ARM+DELL,2,90,55,55,0.1023,0.0049,0.3081,0.0325,0.0228,0.0138,0.5335,0.6960,0.6743,3.9270,4.2151,0.1567,0.1802,0.4342,-0.0346,0.1607,0.5734,0.9392,0.0306,0.0717,False,0.6365,0.4145,high-vol,0.1600,90.8123,62.0390,60.3263,P(KO@1) < 55%; P(loss) > 12%,cheap (CPN/IV < 0.20); below high-vol target 16%,px > LO PT (ARM); earnings <=3d after obs #1 (ARM),0.4065,False,True
ARM+DELL,2,80,60,60,-0.0132,-0.1814,0.1784,0.0561,0.0097,-0.0084,0.7831,0.8720,0.8615,2.2396,2.3751,0.0718,0.0856,0.4909,-0.0377,-0.0208,1.2144,0.8025,0.0536,-0.0668,True,0.6365,0.4145,high-vol,0.1600,90.8123,62.0390,60.3263,,cheap (CPN/IV < 0.20); below high-vol target 16%,px > LO PT (ARM); earnings <=3d after obs #1 (ARM),0.6508,False,False
ARM+DELL,2,83,60,60,0.0425,-0.0986,0.2126,0.0470,0.0156,-0.0001,0.7137,0.8258,0.8118,2.6842,2.8643,0.0970,0.1149,0.4796,-0.0370,0.0667,1.0140,0.8025,0.0447,-0.0022,True,0.6365,0.4145,high-vol,0.1600,90.8123,62.0390,60.3263,,cheap (CPN/IV < 0.20); below high-vol target 16%,px > LO PT (ARM); earnings <=3d after obs #1 (ARM),0.5882,False,False
ARM+DELL,2,85,60,60,0.0717,-0.0545,0.2377,0.0421,0.0196,0.0057,0.6634,0.7907,0.7748,3.0151,3.2274,0.1154,0.1360,0.4739,-0.0367,0.1126,0.8844,0.8025,0.0398,0.0319,False,0.6365,0.4145,high-vol,0.1600,90.8123,62.0390,60.3263,,cheap (CPN/IV < 0.20); below high-vol target 16%,px > LO PT (ARM); earnings <=3d after obs #1 (ARM),0.5414,False,False
ARM+DELL,2,88,60,60,0.1068,-0.0009,0.2786,0.0359,0.0258,0.0147,0.5862,0.7357,0.7163,3.5469,3.8053,0.1449,0.1689,0.4653,-0.0358,0.1678,0.6957,0.8025,0.0338,0.0730,False,0.6365,0.4145,high-vol,0.1600,90.8123,62.0390,60.3263,P(loss) > 12%,cheap (CPN/IV < 0.20); below high-vol target 16%,px > LO PT (ARM); earnings <=3d after obs #1 (ARM),0.4622,False,True
ARM+DELL,2,90,60,60,0.1259,0.0285,0.3079,0.0325,0.0301,0.0211,0.5335,0.6962,0.6745,3.9253,4.2131,0.1657,0.1919,0.4590,-0.0349,0.1978,0.5734,0.8025,0.0306,0.0953,False,0.6365,0.4145,high-vol,0.1600,90.8123,62.0390,60.3263,P(KO@1) < 55%; P(loss) > 12%,cheap (CPN/IV < 0.20); below high-vol target 16%,px > LO PT (ARM); earnings <=3d after obs #1 (ARM),0.4038,False,True
ARM+DELL+ORCL,3,80,50,50,-0.0255,-0.1839,0.1894,0.0528,0.0130,-0.0119,0.7548,0.8525,0.8329,2.4221,2.6782,0.0760,0.0978,0.4344,-0.0382,-0.0434,1.3146,1.1788,0.0495,-0.0751,True,0.5880,0.4147,mid,0.1200,91.5127,64.3384,60.3263,,low corr (avg rho 0.41); cheap (CPN/IV < 0.20); below mid target 12%,px > LO PT (ARM); earnings <=3d after obs #1 (ARM),0.5961,False,False
ARM+DELL+ORCL,3,83,50,50,0.0260,-0.1051,0.2288,0.0437,0.0191,-0.0046,0.6737,0.7964,0.7708,2.9637,3.3066,0.1042,0.1319,0.4239,-0.0378,0.0443,1.0977,1.1788,0.0405,-0.0145,False,0.5880,0.4147,mid,0.1200,91.5127,64.3384,60.3263,,low corr (avg rho 0.41); cheap (CPN/IV < 0.20); below mid target 12%,px > LO PT (ARM); earnings <=3d after obs #1 (ARM),0.5133,False,False
ARM+DELL+ORCL,3,85,50,50,0.0533,-0.0627,0.2587,0.0386,0.0233,0.0005,0.6153,0.7545,0.7249,3.3678,3.7705,0.1245,0.1563,0.4182,-0.0371,0.0906,0.9574,1.1788,0.0356,0.0176,False,0.5880,0.4147,mid,0.1200,91.5127,64.3384,60.3263,P(loss) > 12%,low corr (avg rho 0.41); cheap (CPN/IV < 0.20); below mid target 12%,px > LO PT (ARM); earnings <=3d after obs #1 (ARM),0.4582,False,False
ARM+DELL+ORCL,3,88,50,50,0.0840,-0.0135,0.3077,0.0325,0.0295,0.0082,0.5247,0.6861,0.6507,4.0354,4.5187,0.1578,0.1947,0.4083,-0.0362,0.1429,0.7531,1.1788,0.0297,0.0543,False,0.5880,0.4147,mid,0.1200,91.5127,64.3384,60.3263,P(KO@1) < 55%; P(loss) > 12%,low corr (avg rho 0.41); cheap (CPN/IV < 0.20); below mid target 12%,px > LO PT (ARM); earnings <=3d after obs #1 (ARM),0.3623,False,False
ARM+DELL+ORCL,3,90,50,50,0.1001,0.0126,0.3428,0.0292,0.0338,0.0135,0.4639,0.6374,0.5989,4.5070,5.0412,0.1807,0.2203,0.4034,-0.0353,0.1702,0.6207,1.1788,0.0266,0.0734,False,0.5880,0.4147,mid,0.1200,91.5127,64.3384,60.3263,P(KO@1) < 55%; P(loss) > 12%,low corr (avg rho 0.41); cheap (CPN/IV < 0.20); below mid target 12%,px > LO PT (ARM); earnings <=3d after obs #1 (ARM),0.2937,False,True
ARM+DELL+ORCL,3,80,55,55,-0.0056,-0.1640,0.1894,0.0528,0.0168,-0.0081,0.7548,0.8526,0.8329,2.4216,2.6779,0.0804,0.1048,0.4638,-0.0384,-0.0096,1.3146,1.0167,0.0496,-0.0552,True,0.5880,0.4147,mid,0.1200,91.5127,64.3384,60.3263,,low corr (avg rho 0.41); cheap (CPN/IV < 0.20); below mid target 12%,px > LO PT (ARM); earnings <=3d after obs #1 (ARM),0.5888,False,False
ARM+DELL+ORCL,3,83,55,55,0.0488,-0.0824,0.2288,0.0437,0.0243,0.0006,0.6737,0.7965,0.7709,2.9630,3.3056,0.1108,0.1422,0.4528,-0.0381,0.0830,1.0977,1.0167,0.0405,0.0083,False,0.5880,0.4147,mid,0.1200,91.5127,64.3384,60.3263,,low corr (avg rho 0.41); cheap (CPN/IV < 0.20); below mid target 12%,px > LO PT (ARM); earnings <=3d after obs #1 (ARM),0.5153,False,False
ARM+DELL+ORCL,3,85,55,55,0.0775,-0.0385,0.2586,0.0387,0.0296,0.0068,0.6153,0.7547,0.7251,3.3664,3.7689,0.1330,0.1691,0.4457,-0.0375,0.1318,0.9574,1.0167,0.0356,0.0418,False,0.5880,0.4147,mid,0.1200,91.5127,64.3384,60.3263,P(loss) > 12%,low corr (avg rho 0.41); cheap (CPN/IV < 0.20); below mid target 12%,px > LO PT (ARM); earnings <=3d after obs #1 (ARM),0.4578,False,False
ARM+DELL+ORCL,3,88,55,55,0.1102,0.0127,0.3076,0.0325,0.0376,0.0162,0.5247,0.6863,0.6508,4.0335,4.5174,0.1697,0.2117,0.4346,-0.0367,0.1874,0.7531,1.0167,0.0298,0.0804,False,0.5880,0.4147,mid,0.1200,91.5127,64.3384,60.3263,P(KO@1) < 55%; P(loss) > 12%,low corr (avg rho 0.41); cheap (CPN/IV < 0.20); below mid target 12%,px > LO PT (ARM); earnings <=3d after obs #1 (ARM),0.3573,False,True
ARM+DELL+ORCL,3,90,55,55,0.1273,0.0397,0.3427,0.0292,0.0431,0.0228,0.4639,0.6377,0.5990,4.5049,5.0394,0.1949,0.2402,0.4294,-0.0359,0.2164,0.6207,1.0167,0.0266,0.1006,False,0.5880,0.4147,mid,0.1200,91.5127,64.3384,60.3263,P(KO@1) < 55%; P(loss) > 12%,low corr (avg rho 0.41),px > LO PT (ARM); earnings <=3d after obs #1 (ARM),0.2855,False,True
ARM+DELL+ORCL,3,80,60,60,0.0126,-0.1458,0.1894,0.0528,0.0203,-0.0047,0.7548,0.8526,0.8330,2.4218,2.6777,0.0837,0.1103,0.4918,-0.0386,0.0215,1.3146,0.8687,0.0496,-0.0369,True,0.5880,0.4147,mid,0.1200,91.5127,64.3384,60.3263,,low corr (avg rho 0.41); cheap (CPN/IV < 0.20); below mid target 12%,px > LO PT (ARM); earnings <=3d after obs #1 (ARM),0.5904,False,False
ARM+DELL+ORCL,3,83,60,60,0.0698,-0.0614,0.2287,0.0437,0.0291,0.0054,0.6737,0.7967,0.7710,2.9626,3.3051,0.1160,0.1504,0.4797,-0.0384,0.1186,1.0977,0.8687,0.0405,0.0293,False,0.5880,0.4147,mid,0.1200,91.5127,64.3384,60.3263,,low corr (avg rho 0.41); cheap (CPN/IV < 0.20); below mid target 12%,px > LO PT (ARM); earnings <=3d after obs #1 (ARM),0.5186,False,False
ARM+DELL+ORCL,3,85,60,60,0.1000,-0.0160,0.2586,0.0387,0.0354,0.0126,0.6153,0.7548,0.7252,3.3656,3.7682,0.1396,0.1795,0.4725,-0.0379,0.1701,0.9574,0.8687,0.0357,0.0644,False,0.5880,0.4147,mid,0.1200,91.5127,64.3384,60.3263,P(loss) > 12%,low corr (avg rho 0.41); cheap (CPN/IV < 0.20); below mid target 12%,px > LO PT (ARM); earnings <=3d after obs #1 (ARM),0.4597,False,True
ARM+DELL+ORCL,3,88,60,60,0.1346,0.0371,0.3075,0.0325,0.0451,0.0237,0.5247,0.6865,0.6510,4.0323,4.5160,0.1790,0.2255,0.4606,-0.0372,0.2290,0.7531,0.8687,0.0298,0.1049,False,0.5880,0.4147,mid,0.1200,91.5127,64.3384,60.3263,P(KO@1) < 55%; P(loss) > 12%,low corr (avg rho 0.41),px > LO PT (ARM); earnings <=3d after obs #1 (ARM),0.3557,False,True
ARM+DELL+ORCL,3,90,60,60,0.1528,0.0652,0.3425,0.0292,0.0518,0.0315,0.4639,0.6379,0.5993,4.5027,5.0368,0.2062,0.2565,0.4547,-0.0364,0.2599,0.6207,0.8687,0.0267,0.1261,False,0.5880,0.4147,mid,0.1200,91.5127,64.3384,60.3263,P(KO@1) < 55%; P(loss) > 12%,low corr (avg rho 0.41),px > LO PT (ARM); earnings <=3d after obs #1 (ARM),0.2813,False,True
MU+NVDA+ARM,3,80,50,50,-0.0758,-0.2542,0.1682,0.0595,0.0077,-0.0179,0.8092,0.8875,0.8768,2.0808,2.2290,0.0550,0.0662,0.4296,-0.0368,-0.1429,1.4574,1.3069,0.0577,-0.1335,True,0.5304,0.4623,mid,0.1200,92.3444,67.1799,61.4598,,low corr (avg rho 0.46); cheap (CPN/IV < 0.20); below mid target 12%,px > LO PT (ARM); earnings <=3d after obs #1 (ARM),0.6644,False,False
MU+NVDA+ARM,3,83,50,50,-0.0228,-0.1718,0.2013,0.0497,0.0119,-0.0127,0.7405,0.8433,0.8273,2.5069,2.7230,0.0753,0.0906,0.4147,-0.0360,-0.0429,1.2170,1.3069,0.0479,-0.0706,True,0.5304,0.4623,mid,0.1200,92.3444,67.1799,61.4598,,low corr (avg rho 0.46); cheap (CPN/IV < 0.20); below mid target 12%,px > LO PT (ARM); earnings <=3d after obs #1 (ARM),0.5885,False,False
MU+NVDA+ARM,3,85,50,50,0.0072,-0.1249,0.2271,0.0440,0.0150,-0.0088,0.6876,0.8079,0.7879,2.8471,3.1149,0.0913,0.1090,0.4077,-0.0355,0.0136,1.0614,1.3069,0.0421,-0.0349,False,0.5304,0.4623,mid,0.1200,92.3444,67.1799,61.4598,,low corr (avg rho 0.46); cheap (CPN/IV < 0.20); below mid target 12%,px > LO PT (ARM); earnings <=3d after obs #1 (ARM),0.5339,False,False
MU+NVDA+ARM,3,88,50,50,0.0444,-0.0658,0.2722,0.0367,0.0200,-0.0024,0.6007,0.7456,0.7191,3.4461,3.8016,0.1186,0.1410,0.3978,-0.0344,0.0837,0.8349,1.3069,0.0348,0.0096,False,0.5304,0.4623,mid,0.1200,92.3444,67.1799,61.4598,,low corr (avg rho 0.46); cheap (CPN/IV < 0.20); below mid target 12%,px > LO PT (ARM); earnings <=3d after obs #1 (ARM),0.4569,False,False
MU+NVDA+ARM,3,90,50,50,0.0638,-0.0341,0.3064,0.0326,0.0234,0.0020,0.5374,0.6979,0.6675,3.9022,4.3169,0.1384,0.1634,0.3920,-0.0335,0.1203,0.6881,1.3069,0.0308,0.0330,False,0.5304,0.4623,mid,0.1200,92.3444,67.1799,61.4598,P(KO@1) < 55%; P(loss) > 12%,low corr (avg rho 0.46); cheap (CPN/IV < 0.20); below mid target 12%,px > LO PT (ARM); earnings <=3d after obs #1 (ARM),0.3958,False,False
MU+NVDA+ARM,3,92,50,50,0.0796,-0.0078,0.3435,0.0291,0.0267,0.0064,0.4716,0.6467,0.6122,4.4016,4.8720,0.1597,0.1871,0.3853,-0.0324,0.1500,0.5446,1.3069,0.0273,0.0523,False,0.5304,0.4623,mid,0.1200,92.3444,67.1799,61.4598,P(KO@1) < 55%; P(loss) > 12%,low corr (avg rho 0.46); cheap (CPN/IV < 0.20); below mid target 12%,px > LO PT (ARM); earnings <=3d after obs #1 (ARM),0.3277,False,False
MU+NVDA+ARM,3,80,55,55,-0.0585,-0.2370,0.1681,0.0595,0.0106,-0.0150,0.8092,0.8877,0.8768,2.0804,2.2287,0.0586,0.0717,0.4563,-0.0369,-0.1104,1.4574,1.1272,0.0577,-0.1162,True,0.5304,0.4623,mid,0.1200,92.3444,67.1799,61.4598,,low corr (avg rho 0.46); cheap (CPN/IV < 0.20); below mid target 12%,px > LO PT (ARM); earnings <=3d after obs #1 (ARM),0.6584,False,False
MU+NVDA+ARM,3,83,55,55,-0.0026,-0.1517,0.2012,0.0497,0.0159,-0.0086,0.7405,0.8434,0.8274,2.5062,2.7225,0.0808,0.0987,0.4411,-0.0362,-0.0050,1.2170,1.1272,0.0479,-0.0505,True,0.5304,0.4623,mid,0.1200,92.3444,67.1799,61.4598,,low corr (avg rho 0.46); cheap (CPN/IV < 0.20); below mid target 12%,px > LO PT (ARM); earnings <=3d after obs #1 (ARM),0.5794,False,False
MU+NVDA+ARM,3,85,55,55,0.0290,-0.1031,0.2270,0.0441,0.0200,-0.0038,0.6876,0.8080,0.7879,2.8463,3.1141,0.0984,0.1193,0.4335,-0.0358,0.0548,1.0614,1.1272,0.0422,-0.0131,False,0.5304,0.4623,mid,0.1200,92.3444,67.1799,61.4598,,low corr (avg rho 0.46); cheap (CPN/IV < 0.20); below mid target 12%,px > LO PT (ARM); earnings <=3d after obs #1 (ARM),0.5358,False,False
MU+NVDA+ARM,3,88,55,55,0.0684,-0.0419,0.2721,0.0368,0.0266,0.0041,0.6007,0.7457,0.7192,3.4448,3.8002,0.1288,0.1553,0.4222,-0.0348,0.1290,0.8349,1.1272,0.0348,0.0336,False,0.5304,0.4623,mid,0.1200,92.3444,67.1799,61.4598,P(loss) > 12%,low corr (avg rho 0.46); cheap (CPN/IV < 0.20); below mid target 12%,px > LO PT (ARM); earnings <=3d after obs #1 (ARM),0.4550,False,False
MU+NVDA+ARM,3,90,55,55,0.0889,-0.0090,0.3063,0.0327,0.0311,0.0097,0.5374,0.6982,0.6677,3.9002,4.3146,0.1510,0.1809,0.4156,-0.0339,0.1676,0.6881,1.1272,0.0308,0.0581,False,0.5304,0.4623,mid,0.1200,92.3444,67.1799,61.4598,P(KO@1) < 55%; P(loss) > 12%,low corr (avg rho 0.46); cheap (CPN/IV < 0.20); below mid target 12%,px > LO PT (ARM); earnings <=3d after obs #1 (ARM),0.3906,False,False
MU+NVDA+ARM,3,92,55,55,0.1056,0.0182,0.3433,0.0291,0.0356,0.0153,0.4716,0.6470,0.6124,4.3991,4.8694,0.1750,0.2078,0.4085,-0.0328,0.1990,0.5446,1.1272,0.0273,0.0783,False,0.5304,0.4623,mid,0.1200,92.3444,67.1799,61.4598,P(KO@1) < 55%; P(loss) > 12%,low corr (avg rho 0.46); cheap (CPN/IV < 0.20); below mid target 12%,px > LO PT (ARM); earnings <=3d after obs #1 (ARM),0.3187,False,True
MU+NVDA+ARM,3,80,60,60,-0.0427,-0.2211,0.1682,0.0595,0.0132,-0.0123,0.8092,0.8877,0.8769,2.0803,2.2287,0.0615,0.0762,0.4820,-0.0370,-0.0804,1.4574,0.9631,0.0577,-0.1003,True,0.5304,0.4623,mid,0.1200,92.3444,67.1799,61.4598,,low corr (avg rho 0.46); cheap (CPN/IV < 0.20); below mid target 12%,px > LO PT (ARM); earnings <=3d after obs #1 (ARM),0.6536,False,False
MU+NVDA+ARM,3,83,60,60,0.0162,-0.1329,0.2012,0.0497,0.0197,-0.0048,0.7405,0.8436,0.8275,2.5053,2.7218,0.0852,0.1056,0.4664,-0.0364,0.0306,1.2170,0.9631,0.0479,-0.0317,True,0.5304,0.4623,mid,0.1200,92.3444,67.1799,61.4598,,low corr (avg rho 0.46); cheap (CPN/IV < 0.20); below mid target 12%,px > LO PT (ARM); earnings <=3d after obs #1 (ARM),0.5823,False,False
MU+NVDA+ARM,3,85,60,60,0.0495,-0.0827,0.2270,0.0441,0.0246,0.0008,0.6876,0.8081,0.7880,2.8461,3.1139,0.1042,0.1285,0.4578,-0.0360,0.0933,1.0614,0.9631,0.0422,0.0073,False,0.5304,0.4623,mid,0.1200,92.3444,67.1799,61.4598,,low corr (avg rho 0.46); cheap (CPN/IV < 0.20); below mid target 12%,px > LO PT (ARM); earnings <=3d after obs #1 (ARM),0.5389,False,False
MU+NVDA+ARM,3,88,60,60,0.0911,-0.0192,0.2720,0.0368,0.0327,0.0103,0.6007,0.7460,0.7194,3.4431,3.7988,0.1374,0.1681,0.4452,-0.0350,0.1718,0.8349,0.9631,0.0349,0.0563,False,0.5304,0.4623,mid,0.1200,92.3444,67.1799,61.4598,P(loss) > 12%,low corr (avg rho 0.46); cheap (CPN/IV < 0.20); below mid target 12%,px > LO PT (ARM); earnings <=3d after obs #1 (ARM),0.4551,False,True
MU+NVDA+ARM,3,90,60,60,0.1128,0.0148,0.3061,0.0327,0.0384,0.0170,0.5374,0.6984,0.6679,3.8982,4.3129,0.1618,0.1965,0.4377,-0.0342,0.2127,0.6881,0.9631,0.0308,0.0820,False,0.5304,0.4623,mid,0.1200,92.3444,67.1799,61.4598,P(KO@1) < 55%; P(loss) > 12%,low corr (avg rho 0.46); below mid target 12%,px > LO PT (ARM); earnings <=3d after obs #1 (ARM),0.3876,False,True
MU+NVDA+ARM,3,92,60,60,0.1304,0.0429,0.3431,0.0291,0.0442,0.0238,0.4716,0.6472,0.6126,4.3967,4.8665,0.1885,0.2265,0.4299,-0.0333,0.2458,0.5446,0.9631,0.0273,0.1031,False,0.5304,0.4623,mid,0.1200,92.3444,67.1799,61.4598,P(KO@1) < 55%; P(loss) > 12%,low corr (avg rho 0.46),px > LO PT (ARM); earnings <=3d after obs #1 (ARM),0.3118,False,True
AMAT+ARM,2,80,50,50,-0.0801,-0.2572,0.1694,0.0590,-0.0001,-0.0188,0.8104,0.8882,0.8810,2.0791,2.1711,0.0540,0.0609,0.4134,-0.0362,-0.1323,1.2766,1.1447,0.0577,-0.1378,True,0.6055,0.5322,high-vol,0.1600,91.2602,63.5000,64.4549,,cheap (CPN/IV < 0.20); below high-vol target 16%,px > LO PT (ARM); earnings <=3d after obs #1 (ARM),0.6968,False,False
AMAT+ARM,2,83,50,50,-0.0292,-0.1778,0.2019,0.0495,0.0024,-0.0141,0.7450,0.8455,0.8357,2.4879,2.6143,0.0724,0.0816,0.4042,-0.0353,-0.0482,1.0660,1.1447,0.0482,-0.0774,True,0.6055,0.5322,high-vol,0.1600,91.2602,63.5000,64.4549,,cheap (CPN/IV < 0.20); below high-vol target 16%,px > LO PT (ARM); earnings <=3d after obs #1 (ARM),0.6260,False,False
AMAT+ARM,2,85,50,50,-0.0013,-0.1336,0.2268,0.0441,0.0040,-0.0107,0.6962,0.8121,0.8009,2.8046,2.9533,0.0866,0.0968,0.3976,-0.0347,-0.0021,0.9298,1.1447,0.0428,-0.0441,False,0.6055,0.5322,high-vol,0.1600,91.2602,63.5000,64.4549,,cheap (CPN/IV < 0.20); below high-vol target 16%,px > LO PT (ARM); earnings <=3d after obs #1 (ARM),0.5719,False,False
AMAT+ARM,2,88,50,50,0.0332,-0.0783,0.2691,0.0372,0.0065,-0.0053,0.6184,0.7568,0.7433,3.3333,3.5169,0.1094,0.1213,0.3898,-0.0334,0.0548,0.7313,1.1447,0.0360,-0.0028,False,0.6055,0.5322,high-vol,0.1600,91.2602,63.5000,64.4549,,cheap (CPN/IV < 0.20); below high-vol target 16%,px > LO PT (ARM); earnings <=3d after obs #1 (ARM),0.5034,False,False
AMAT+ARM,2,90,50,50,0.0505,-0.0497,0.2993,0.0334,0.0078,-0.0018,0.5662,0.7181,0.7027,3.7066,3.9140,0.1250,0.1379,0.3841,-0.0324,0.0834,0.6028,1.1447,0.0324,0.0181,False,0.6055,0.5322,high-vol,0.1600,91.2602,63.5000,64.4549,P(loss) > 12%,cheap (CPN/IV < 0.20); below high-vol target 16%,px > LO PT (ARM); earnings <=3d after obs #1 (ARM),0.4538,False,False
AMAT+ARM,2,80,55,55,-0.0625,-0.2396,0.1694,0.0590,0.0029,-0.0158,0.8104,0.8883,0.8810,2.0788,2.1708,0.0579,0.0658,0.4403,-0.0363,-0.1032,1.2766,0.9873,0.0577,-0.1202,True,0.6055,0.5322,high-vol,0.1600,91.2602,63.5000,64.4549,,cheap (CPN/IV < 0.20); below high-vol target 16%,px > LO PT (ARM); earnings <=3d after obs #1 (ARM),0.6903,False,False
AMAT+ARM,2,83,55,55,-0.0090,-0.1576,0.2018,0.0495,0.0065,-0.0100,0.7450,0.8456,0.8358,2.4874,2.6138,0.0780,0.0886,0.4304,-0.0354,-0.0148,1.0660,0.9873,0.0482,-0.0572,True,0.6055,0.5322,high-vol,0.1600,91.2602,63.5000,64.4549,,cheap (CPN/IV < 0.20); below high-vol target 16%,px > LO PT (ARM); earnings <=3d after obs #1 (ARM),0.6166,False,False
AMAT+ARM,2,85,55,55,0.0204,-0.1119,0.2267,0.0441,0.0090,-0.0058,0.6962,0.8122,0.8010,2.8037,2.9522,0.0939,0.1056,0.4229,-0.0349,0.0337,0.9298,0.9873,0.0428,-0.0224,False,0.6055,0.5322,high-vol,0.1600,91.2602,63.5000,64.4549,,cheap (CPN/IV < 0.20); below high-vol target 16%,px > LO PT (ARM); earnings <=3d after obs #1 (ARM),0.5711,False,False
AMAT+ARM,2,88,55,55,0.0567,-0.0548,0.2690,0.0372,0.0128,0.0010,0.6184,0.7571,0.7435,3.3312,3.5149,0.1192,0.1330,0.4143,-0.0336,0.0936,0.7313,0.9873,0.0360,0.0207,False,0.6055,0.5322,high-vol,0.1600,91.2602,63.5000,64.4549,,cheap (CPN/IV < 0.20); below high-vol target 16%,px > LO PT (ARM); earnings <=3d after obs #1 (ARM),0.5001,False,False
AMAT+ARM,2,90,55,55,0.0750,-0.0253,0.2992,0.0334,0.0152,0.0055,0.5662,0.7183,0.7029,3.7045,3.9117,0.1367,0.1518,0.4080,-0.0326,0.1239,0.6028,0.9873,0.0324,0.0426,False,0.6055,0.5322,high-vol,0.1600,91.2602,63.5000,64.4549,P(loss) > 12%,cheap (CPN/IV < 0.20); below high-vol target 16%,px > LO PT (ARM); earnings <=3d after obs #1 (ARM),0.4478,False,False
AMAT+ARM,2,80,60,60,-0.0462,-0.2233,0.1694,0.0590,0.0057,-0.0131,0.8104,0.8883,0.8811,2.0788,2.1708,0.0611,0.0700,0.4653,-0.0364,-0.0763,1.2766,0.8436,0.0577,-0.1039,True,0.6055,0.5322,high-vol,0.1600,91.2602,63.5000,64.4549,,cheap (CPN/IV < 0.20); below high-vol target 16%,px > LO PT (ARM); earnings <=3d after obs #1 (ARM),0.6850,False,False
AMAT+ARM,2,83,60,60,0.0099,-0.1388,0.2018,0.0496,0.0103,-0.0062,0.7450,0.8457,0.8359,2.4867,2.6132,0.0829,0.0948,0.4537,-0.0356,0.0163,1.0660,0.8436,0.0483,-0.0384,True,0.6055,0.5322,high-vol,0.1600,91.2602,63.5000,64.4549,,cheap (CPN/IV < 0.20); below high-vol target 16%,px > LO PT (ARM); earnings <=3d after obs #1 (ARM),0.6139,False,False
AMAT+ARM,2,85,60,60,0.0409,-0.0915,0.2266,0.0441,0.0136,-0.0011,0.6962,0.8124,0.8012,2.8025,2.9509,0.1001,0.1134,0.4460,-0.0351,0.0675,0.9298,0.8436,0.0428,-0.0019,False,0.6055,0.5322,high-vol,0.1600,91.2602,63.5000,64.4549,,cheap (CPN/IV < 0.20); below high-vol target 16%,px > LO PT (ARM); earnings <=3d after obs #1 (ARM),0.5720,False,False
AMAT+ARM,2,88,60,60,0.0790,-0.0326,0.2689,0.0372,0.0188,0.0070,0.6184,0.7573,0.7437,3.3294,3.5132,0.1277,0.1435,0.4367,-0.0339,0.1304,0.7313,0.8436,0.0360,0.0429,False,0.6055,0.5322,high-vol,0.1600,91.2602,63.5000,64.4549,P(loss) > 12%,cheap (CPN/IV < 0.20); below high-vol target 16%,px > LO PT (ARM); earnings <=3d after obs #1 (ARM),0.4982,False,False
AMAT+ARM,2,90,60,60,0.0984,-0.0020,0.2990,0.0334,0.0222,0.0125,0.5662,0.7185,0.7031,3.7024,3.9094,0.1469,0.1642,0.4302,-0.0329,0.1625,0.6028,0.8436,0.0324,0.0660,False,0.6055,0.5322,high-vol,0.1600,91.2602,63.5000,64.4549,P(loss) > 12%,cheap (CPN/IV < 0.20); below high-vol target 16%,px > LO PT (ARM); earnings <=3d after obs #1 (ARM),0.4437,False,True
AMAT+ARM+DELL,3,80,50,50,-0.0194,-0.1738,0.1942,0.0515,0.0058,-0.0112,0.7472,0.8465,0.8275,2.4767,2.7327,0.0782,0.0998,0.4316,-0.0377,-0.0321,1.2810,1.1487,0.0485,-0.0678,True,0.6034,0.4270,high-vol,0.1600,91.2902,63.5990,60.3263,,low corr (avg rho 0.43); cheap (CPN/IV < 0.20); below high-vol target 16%,px > LO PT (ARM); earnings <=3d after obs #1 (ARM),0.5876,False,False
AMAT+ARM+DELL,3,83,50,50,0.0301,-0.0978,0.2345,0.0426,0.0101,-0.0040,0.6655,0.7903,0.7653,3.0205,3.3556,0.1057,0.1329,0.4219,-0.0370,0.0499,1.0697,1.1487,0.0397,-0.0096,False,0.6034,0.4270,high-vol,0.1600,91.2902,63.5990,60.3263,,low corr (avg rho 0.43); cheap (CPN/IV < 0.20); below high-vol target 16%,px > LO PT (ARM); earnings <=3d after obs #1 (ARM),0.5075,False,False
AMAT+ARM+DELL,3,85,50,50,0.0552,-0.0582,0.2645,0.0378,0.0129,0.0008,0.6076,0.7479,0.7197,3.4287,3.8132,0.1263,0.1566,0.4145,-0.0366,0.0915,0.9330,1.1487,0.0350,0.0202,False,0.6034,0.4270,high-vol,0.1600,91.2902,63.5990,60.3263,P(loss) > 12%,low corr (avg rho 0.43); cheap (CPN/IV < 0.20); below high-vol target 16%,px > LO PT (ARM); earnings <=3d after obs #1 (ARM),0.4504,False,False
AMAT+ARM+DELL,3,88,50,50,0.0858,-0.0098,0.3139,0.0319,0.0173,0.0087,0.5179,0.6795,0.6462,4.0922,4.5590,0.1592,0.1940,0.4054,-0.0353,0.1422,0.7339,1.1487,0.0293,0.0565,False,0.6034,0.4270,high-vol,0.1600,91.2902,63.5990,60.3263,P(KO@1) < 55%; P(loss) > 12%,low corr (avg rho 0.43); cheap (CPN/IV < 0.20); below high-vol target 16%,px > LO PT (ARM); earnings <=3d after obs #1 (ARM),0.3550,False,False
AMAT+ARM+DELL,3,90,50,50,0.1013,0.0152,0.3488,0.0287,0.0201,0.0139,0.4596,0.6319,0.5953,4.5570,5.0691,0.1818,0.2190,0.4004,-0.0343,0.1678,0.6048,1.1487,0.0263,0.0749,False,0.6034,0.4270,high-vol,0.1600,91.2902,63.5990,60.3263,P(KO@1) < 55%; P(loss) > 12%,low corr (avg rho 0.43); cheap (CPN/IV < 0.20); below high-vol target 16%,px > LO PT (ARM); earnings <=3d after obs #1 (ARM),0.2877,False,True
AMAT+ARM+DELL,3,80,55,55,0.0006,-0.1539,0.1942,0.0515,0.0097,-0.0074,0.7472,0.8467,0.8275,2.4761,2.7324,0.0829,0.1072,0.4603,-0.0380,0.0010,1.2810,0.9907,0.0485,-0.0478,True,0.6034,0.4270,high-vol,0.1600,91.2902,63.5990,60.3263,,low corr (avg rho 0.43); cheap (CPN/IV < 0.20); below high-vol target 16%,px > LO PT (ARM); earnings <=3d after obs #1 (ARM),0.5802,False,False
AMAT+ARM+DELL,3,83,55,55,0.0530,-0.0750,0.2344,0.0427,0.0155,0.0013,0.6655,0.7905,0.7655,3.0196,3.3549,0.1128,0.1438,0.4494,-0.0374,0.0878,1.0697,0.9907,0.0397,0.0133,False,0.6034,0.4270,high-vol,0.1600,91.2902,63.5990,60.3263,,low corr (avg rho 0.43); cheap (CPN/IV < 0.20); below high-vol target 16%,px > LO PT (ARM); earnings <=3d after obs #1 (ARM),0.5083,False,False
AMAT+ARM+DELL,3,85,55,55,0.0796,-0.0338,0.2644,0.0378,0.0193,0.0073,0.6076,0.7480,0.7199,3.4274,3.8119,0.1352,0.1700,0.4416,-0.0370,0.1319,0.9330,0.9907,0.0350,0.0446,False,0.6034,0.4270,high-vol,0.1600,91.2902,63.5990,60.3263,P(loss) > 12%,low corr (avg rho 0.43); cheap (CPN/IV < 0.20); below high-vol target 16%,px > LO PT (ARM); earnings <=3d after obs #1 (ARM),0.4490,False,False
AMAT+ARM+DELL,3,88,55,55,0.1121,0.0165,0.3137,0.0319,0.0256,0.0169,0.5179,0.6798,0.6463,4.0902,4.5569,0.1715,0.2119,0.4315,-0.0358,0.1858,0.7339,0.9907,0.0293,0.0828,False,0.6034,0.4270,high-vol,0.1600,91.2902,63.5990,60.3263,P(KO@1) < 55%; P(loss) > 12%,low corr (avg rho 0.43); cheap (CPN/IV < 0.20); below high-vol target 16%,px > LO PT (ARM); earnings <=3d after obs #1 (ARM),0.3490,False,True
AMAT+ARM+DELL,3,90,55,55,0.1286,0.0425,0.3486,0.0287,0.0296,0.0234,0.4596,0.6322,0.5955,4.5549,5.0670,0.1968,0.2400,0.4255,-0.0350,0.2131,0.6048,0.9907,0.0263,0.1022,False,0.6034,0.4270,high-vol,0.1600,91.2902,63.5990,60.3263,P(KO@1) < 55%; P(loss) > 12%,low corr (avg rho 0.43); below high-vol target 16%,px > LO PT (ARM); earnings <=3d after obs #1 (ARM),0.2778,False,True
AMAT+ARM+DELL,3,80,60,60,0.0191,-0.1353,0.1942,0.0515,0.0132,-0.0038,0.7472,0.8468,0.8276,2.4758,2.7324,0.0864,0.1130,0.4879,-0.0382,0.0317,1.2810,0.8465,0.0485,-0.0293,True,0.6034,0.4270,high-vol,0.1600,91.2902,63.5990,60.3263,,low corr (avg rho 0.43); cheap (CPN/IV < 0.20); below high-vol target 16%,px > LO PT (ARM); earnings <=3d after obs #1 (ARM),0.5845,False,False
AMAT+ARM+DELL,3,83,60,60,0.0741,-0.0539,0.2344,0.0427,0.0205,0.0063,0.6655,0.7906,0.7656,3.0188,3.3539,0.1182,0.1521,0.4764,-0.0377,0.1228,1.0697,0.8465,0.0398,0.0344,False,0.6034,0.4270,high-vol,0.1600,91.2902,63.5990,60.3263,,low corr (avg rho 0.43); cheap (CPN/IV < 0.20); below high-vol target 16%,px > LO PT (ARM); earnings <=3d after obs #1 (ARM),0.5111,False,False
AMAT+ARM+DELL,3,85,60,60,0.1023,-0.0111,0.2644,0.0378,0.0254,0.0133,0.6076,0.7482,0.7200,3.4263,3.8109,0.1422,0.1806,0.4680,-0.0373,0.1696,0.9330,0.8465,0.0350,0.0673,False,0.6034,0.4270,high-vol,0.1600,91.2902,63.5990,60.3263,P(loss) > 12%,low corr (avg rho 0.43); cheap (CPN/IV < 0.20); below high-vol target 16%,px > LO PT (ARM); earnings <=3d after obs #1 (ARM),0.4500,False,True
AMAT+ARM+DELL,3,88,60,60,0.1368,0.0411,0.3136,0.0319,0.0333,0.0247,0.5179,0.6800,0.6465,4.0884,4.5548,0.1811,0.2263,0.4577,-0.0363,0.2267,0.7339,0.8465,0.0294,0.1074,False,0.6034,0.4270,high-vol,0.1600,91.2902,63.5990,60.3263,P(KO@1) < 55%; P(loss) > 12%,low corr (avg rho 0.43); below high-vol target 16%,px > LO PT (ARM); earnings <=3d after obs #1 (ARM),0.3468,False,True
AMAT+ARM+DELL,3,90,60,60,0.1543,0.0682,0.3485,0.0287,0.0386,0.0324,0.4596,0.6325,0.5958,4.5521,5.0643,0.2085,0.2569,0.4510,-0.0355,0.2558,0.6048,0.8465,0.0264,0.1280,False,0.6034,0.4270,high-vol,0.1600,91.2902,63.5990,60.3263,P(KO@1) < 55%; P(loss) > 12%,low corr (avg rho 0.43); below high-vol target 16%,px > LO PT (ARM); earnings <=3d after obs #1 (ARM),0.2727,False,True
MU+AVGO+ARM,3,80,50,50,-0.0734,-0.2507,0.1692,0.0591,0.0079,-0.0177,0.8076,0.8861,0.8750,2.0927,2.2463,0.0555,0.0672,0.4286,-0.0366,-0.1347,1.4189,1.2723,0.0573,-0.1307,True,0.5448,0.5023,mid,0.1200,92.1365,66.4580,61.4598,,"overlaps live 18/06,04/09; cheap (CPN/IV < 0.20); below mid target 12%",px > LO PT (ARM); earnings <=3d after obs #1 (ARM),0.6624,False,False
MU+AVGO+ARM,3,83,50,50,-0.0197,-0.1673,0.2033,0.0492,0.0122,-0.0123,0.7369,0.8405,0.8241,2.5347,2.7533,0.0770,0.0927,0.4149,-0.0361,-0.0362,1.1848,1.2723,0.0473,-0.0671,True,0.5448,0.5023,mid,0.1200,92.1365,66.4580,61.4598,,"overlaps live 18/06,04/09; cheap (CPN/IV < 0.20); below mid target 12%",px > LO PT (ARM); earnings <=3d after obs #1 (ARM),0.5835,False,False
MU+AVGO+ARM,3,85,50,50,0.0107,-0.1196,0.2301,0.0435,0.0155,-0.0082,0.6830,0.8044,0.7839,2.8834,3.1537,0.0932,0.1117,0.4071,-0.0354,0.0197,1.0334,1.2723,0.0416,-0.0309,False,0.5448,0.5023,mid,0.1200,92.1365,66.4580,61.4598,,"overlaps live 18/06,04/09; cheap (CPN/IV < 0.20); below mid target 12%",px > LO PT (ARM); earnings <=3d after obs #1 (ARM),0.5297,False,False
MU+AVGO+ARM,3,88,50,50,0.0484,-0.0598,0.2771,0.0361,0.0208,-0.0015,0.5952,0.7408,0.7154,3.4930,3.8394,0.1216,0.1439,0.3965,-0.0341,0.0889,0.8128,1.2723,0.0344,0.0141,False,0.5448,0.5023,mid,0.1200,92.1365,66.4580,61.4598,P(loss) > 12%,"overlaps live 18/06,04/09; cheap (CPN/IV < 0.20); below mid target 12%",px > LO PT (ARM); earnings <=3d after obs #1 (ARM),0.4501,False,False
MU+AVGO+ARM,3,90,50,50,0.0674,-0.0287,0.3122,0.0320,0.0242,0.0029,0.5321,0.6931,0.6638,3.9533,4.3536,0.1420,0.1668,0.3910,-0.0333,0.1236,0.6699,1.2723,0.0304,0.0370,False,0.5448,0.5023,mid,0.1200,92.1365,66.4580,61.4598,P(KO@1) < 55%; P(loss) > 12%,"overlaps live 18/06,04/09; cheap (CPN/IV < 0.20); below mid target 12%",px > LO PT (ARM); earnings <=3d after obs #1 (ARM),0.3872,False,False
MU+AVGO+ARM,3,92,50,50,0.0829,-0.0028,0.3499,0.0286,0.0276,0.0075,0.4680,0.6429,0.6104,4.4440,4.8880,0.1632,0.1897,0.3852,-0.0322,0.1522,0.5302,1.2723,0.0270,0.0559,False,0.5448,0.5023,mid,0.1200,92.1365,66.4580,61.4598,P(KO@1) < 55%; P(loss) > 12%,"overlaps live 18/06,04/09; cheap (CPN/IV < 0.20); below mid target 12%",px > LO PT (ARM); earnings <=3d after obs #1 (ARM),0.3201,False,False
MU+AVGO+ARM,3,80,55,55,-0.0560,-0.2332,0.1692,0.0591,0.0108,-0.0147,0.8076,0.8861,0.8751,2.0927,2.2463,0.0593,0.0728,0.4549,-0.0367,-0.1027,1.4189,1.0973,0.0573,-0.1133,True,0.5448,0.5023,mid,0.1200,92.1365,66.4580,61.4598,,"overlaps live 18/06,04/09; cheap (CPN/IV < 0.20); below mid target 12%",px > LO PT (ARM); earnings <=3d after obs #1 (ARM),0.6561,False,False
MU+AVGO+ARM,3,83,55,55,0.0006,-0.1470,0.2033,0.0492,0.0163,-0.0082,0.7369,0.8406,0.8242,2.5341,2.7526,0.0827,0.1011,0.4405,-0.0363,0.0011,1.1848,1.0973,0.0474,-0.0467,True,0.5448,0.5023,mid,0.1200,92.1365,66.4580,61.4598,,"overlaps live 18/06,04/09; cheap (CPN/IV < 0.20); below mid target 12%",px > LO PT (ARM); earnings <=3d after obs #1 (ARM),0.5743,False,False
MU+AVGO+ARM,3,85,55,55,0.0328,-0.0975,0.2301,0.0435,0.0205,-0.0031,0.6830,0.8045,0.7840,2.8824,3.1527,0.1007,0.1225,0.4319,-0.0356,0.0603,1.0334,1.0973,0.0416,-0.0088,False,0.5448,0.5023,mid,0.1200,92.1365,66.4580,61.4598,,"overlaps live 18/06,04/09; cheap (CPN/IV < 0.20); below mid target 12%",px > LO PT (ARM); earnings <=3d after obs #1 (ARM),0.5308,False,False
MU+AVGO+ARM,3,88,55,55,0.0729,-0.0354,0.2770,0.0361,0.0275,0.0053,0.5952,0.7410,0.7156,3.4917,3.8377,0.1322,0.1588,0.4206,-0.0344,0.1338,0.8128,1.0973,0.0344,0.0385,False,0.5448,0.5023,mid,0.1200,92.1365,66.4580,61.4598,P(loss) > 12%,"overlaps live 18/06,04/09; cheap (CPN/IV < 0.20); below mid target 12%",px > LO PT (ARM); earnings <=3d after obs #1 (ARM),0.4474,False,False
MU+AVGO+ARM,3,90,55,55,0.0929,-0.0033,0.3121,0.0320,0.0321,0.0109,0.5321,0.6934,0.6639,3.9511,4.3515,0.1552,0.1847,0.4140,-0.0337,0.1704,0.6699,1.0973,0.0304,0.0625,False,0.5448,0.5023,mid,0.1200,92.1365,66.4580,61.4598,P(KO@1) < 55%; P(loss) > 12%,"overlaps live 18/06,04/09; cheap (CPN/IV < 0.20); below mid target 12%",px > LO PT (ARM); earnings <=3d after obs #1 (ARM),0.3809,False,True
MU+AVGO+ARM,3,92,55,55,0.1093,0.0235,0.3497,0.0286,0.0369,0.0168,0.4680,0.6431,0.6105,4.4412,4.8855,0.1791,0.2108,0.4078,-0.0326,0.2007,0.5302,1.0973,0.0270,0.0823,False,0.5448,0.5023,mid,0.1200,92.1365,66.4580,61.4598,P(KO@1) < 55%; P(loss) > 12%,"overlaps live 18/06,04/09; below mid target 12%",px > LO PT (ARM); earnings <=3d after obs #1 (ARM),0.3098,False,True
MU+AVGO+ARM,3,80,60,60,-0.0399,-0.2172,0.1692,0.0591,0.0135,-0.0120,0.8076,0.8862,0.8751,2.0927,2.2463,0.0622,0.0774,0.4805,-0.0369,-0.0733,1.4189,0.9376,0.0573,-0.0973,True,0.5448,0.5023,mid,0.1200,92.1365,66.4580,61.4598,,"overlaps live 18/06,04/09; cheap (CPN/IV < 0.20); below mid target 12%",px > LO PT (ARM); earnings <=3d after obs #1 (ARM),0.6513,False,False
MU+AVGO+ARM,3,83,60,60,0.0197,-0.1279,0.2032,0.0492,0.0202,-0.0043,0.7369,0.8407,0.8243,2.5334,2.7520,0.0871,0.1079,0.4662,-0.0365,0.0361,1.1848,0.9376,0.0474,-0.0277,True,0.5448,0.5023,mid,0.1200,92.1365,66.4580,61.4598,,"overlaps live 18/06,04/09; cheap (CPN/IV < 0.20); below mid target 12%",px > LO PT (ARM); earnings <=3d after obs #1 (ARM),0.5786,False,False
MU+AVGO+ARM,3,85,60,60,0.0536,-0.0769,0.2300,0.0435,0.0253,0.0016,0.6830,0.8047,0.7841,2.8813,3.1521,0.1065,0.1315,0.4568,-0.0358,0.0983,1.0334,0.9376,0.0416,0.0119,False,0.5448,0.5023,mid,0.1200,92.1365,66.4580,61.4598,,"overlaps live 18/06,04/09; cheap (CPN/IV < 0.20); below mid target 12%",px > LO PT (ARM); earnings <=3d after obs #1 (ARM),0.5338,False,False
MU+AVGO+ARM,3,88,60,60,0.0960,-0.0123,0.2769,0.0361,0.0340,0.0117,0.5952,0.7413,0.7158,3.4899,3.8361,0.1407,0.1714,0.4447,-0.0346,0.1763,0.8128,0.9376,0.0344,0.0617,False,0.5448,0.5023,mid,0.1200,92.1365,66.4580,61.4598,P(loss) > 12%,"overlaps live 18/06,04/09; cheap (CPN/IV < 0.20); below mid target 12%",px > LO PT (ARM); earnings <=3d after obs #1 (ARM),0.4474,False,True
MU+AVGO+ARM,3,90,60,60,0.1172,0.0210,0.3119,0.0321,0.0397,0.0185,0.5321,0.6936,0.6641,3.9492,4.3496,0.1658,0.2000,0.4378,-0.0340,0.2150,0.6699,0.9376,0.0304,0.0868,False,0.5448,0.5023,mid,0.1200,92.1365,66.4580,61.4598,P(KO@1) < 55%; P(loss) > 12%,"overlaps live 18/06,04/09; below mid target 12%",px > LO PT (ARM); earnings <=3d after obs #1 (ARM),0.3782,False,True
MU+AVGO+ARM,3,92,60,60,0.1346,0.0487,0.3495,0.0286,0.0457,0.0256,0.4680,0.6433,0.6107,4.4390,4.8831,0.1922,0.2291,0.4306,-0.0330,0.2470,0.5302,0.9376,0.0270,0.1075,False,0.5448,0.5023,mid,0.1200,92.1365,66.4580,61.4598,P(KO@1) < 55%; P(loss) > 12%,"overlaps live 18/06,04/09",px > LO PT (ARM); earnings <=3d after obs #1 (ARM),0.3035,False,True
MU+ARM,2,80,50,50,-0.0762,-0.2545,0.1682,0.0594,0.0009,-0.0180,0.8099,0.8887,0.8803,2.0757,2.1816,0.0548,0.0633,0.4268,-0.0366,-0.1182,1.1999,1.0760,0.0578,-0.1340,True,0.6442,0.4929,high-vol,0.1600,90.7018,61.6838,61.4598,,cheap (CPN/IV < 0.20); below high-vol target 16%,px > LO PT (ARM); earnings <=3d after obs #1 (ARM),0.6952,False,False
MU+ARM,2,83,50,50,-0.0236,-0.1734,0.2002,0.0499,0.0038,-0.0127,0.7437,0.8459,0.8346,2.4864,2.6314,0.0742,0.0854,0.4177,-0.0359,-0.0366,1.0020,1.0760,0.0483,-0.0719,True,0.6442,0.4929,high-vol,0.1600,90.7018,61.6838,61.4598,,cheap (CPN/IV < 0.20); below high-vol target 16%,px > LO PT (ARM); earnings <=3d after obs #1 (ARM),0.6224,False,False
MU+ARM,2,85,50,50,0.0055,-0.1279,0.2250,0.0445,0.0058,-0.0090,0.6943,0.8128,0.7997,2.8034,2.9738,0.0890,0.1015,0.4120,-0.0354,0.0085,0.8739,1.0760,0.0428,-0.0373,False,0.6442,0.4929,high-vol,0.1600,90.7018,61.6838,61.4598,,cheap (CPN/IV < 0.20); below high-vol target 16%,px > LO PT (ARM); earnings <=3d after obs #1 (ARM),0.5702,False,False
MU+ARM,2,88,50,50,0.0411,-0.0714,0.2667,0.0375,0.0089,-0.0030,0.6154,0.7578,0.7418,3.3309,3.5429,0.1130,0.1276,0.4035,-0.0342,0.0638,0.6874,1.0760,0.0360,0.0051,False,0.6442,0.4929,high-vol,0.1600,90.7018,61.6838,61.4598,,cheap (CPN/IV < 0.20); below high-vol target 16%,px > LO PT (ARM); earnings <=3d after obs #1 (ARM),0.4993,False,False
MU+ARM,2,90,50,50,0.0595,-0.0416,0.2968,0.0337,0.0108,0.0010,0.5625,0.7182,0.7002,3.7096,3.9491,0.1298,0.1457,0.3982,-0.0333,0.0924,0.5666,1.0760,0.0323,0.0272,False,0.6442,0.4929,high-vol,0.1600,90.7018,61.6838,61.4598,P(loss) > 12%,cheap (CPN/IV < 0.20); below high-vol target 16%,px > LO PT (ARM); earnings <=3d after obs #1 (ARM),0.4472,False,False
MU+ARM,2,80,55,55,-0.0588,-0.2372,0.1682,0.0595,0.0038,-0.0150,0.8099,0.8888,0.8804,2.0751,2.1810,0.0584,0.0680,0.4543,-0.0367,-0.0913,1.1999,0.9280,0.0578,-0.1166,True,0.6442,0.4929,high-vol,0.1600,90.7018,61.6838,61.4598,,cheap (CPN/IV < 0.20); below high-vol target 16%,px > LO PT (ARM); earnings <=3d after obs #1 (ARM),0.6893,False,False
MU+ARM,2,83,55,55,-0.0036,-0.1534,0.2002,0.0499,0.0079,-0.0087,0.7437,0.8460,0.8347,2.4858,2.6307,0.0796,0.0922,0.4438,-0.0361,-0.0055,1.0020,0.9280,0.0483,-0.0518,True,0.6442,0.4929,high-vol,0.1600,90.7018,61.6838,61.4598,,cheap (CPN/IV < 0.20); below high-vol target 16%,px > LO PT (ARM); earnings <=3d after obs #1 (ARM),0.6135,False,False
MU+ARM,2,85,55,55,0.0270,-0.1064,0.2249,0.0445,0.0107,-0.0042,0.6943,0.8129,0.7997,2.8029,2.9732,0.0959,0.1101,0.4372,-0.0356,0.0419,0.8739,0.9280,0.0428,-0.0158,False,0.6442,0.4929,high-vol,0.1600,90.7018,61.6838,61.4598,,cheap (CPN/IV < 0.20); below high-vol target 16%,px > LO PT (ARM); earnings <=3d after obs #1 (ARM),0.5699,False,False
MU+ARM,2,88,55,55,0.0646,-0.0479,0.2666,0.0375,0.0152,0.0032,0.6154,0.7580,0.7419,3.3293,3.5412,0.1224,0.1392,0.4279,-0.0344,0.1003,0.6874,0.9280,0.0360,0.0286,False,0.6442,0.4929,high-vol,0.1600,90.7018,61.6838,61.4598,P(loss) > 12%,cheap (CPN/IV < 0.20); below high-vol target 16%,px > LO PT (ARM); earnings <=3d after obs #1 (ARM),0.4960,False,False
MU+ARM,2,90,55,55,0.0842,-0.0170,0.2966,0.0337,0.0181,0.0083,0.5625,0.7184,0.7004,3.7078,3.9474,0.1410,0.1594,0.4222,-0.0335,0.1307,0.5666,0.9280,0.0324,0.0518,False,0.6442,0.4929,high-vol,0.1600,90.7018,61.6838,61.4598,P(loss) > 12%,cheap (CPN/IV < 0.20); below high-vol target 16%,px > LO PT (ARM); earnings <=3d after obs #1 (ARM),0.4413,False,False
MU+ARM,2,80,60,60,-0.0428,-0.2212,0.1682,0.0595,0.0065,-0.0123,0.8099,0.8888,0.8804,2.0753,2.1810,0.0614,0.0719,0.4793,-0.0368,-0.0664,1.1999,0.7930,0.0578,-0.1006,True,0.6442,0.4929,high-vol,0.1600,90.7018,61.6838,61.4598,,cheap (CPN/IV < 0.20); below high-vol target 16%,px > LO PT (ARM); earnings <=3d after obs #1 (ARM),0.6843,False,False
MU+ARM,2,83,60,60,0.0151,-0.1348,0.2002,0.0500,0.0116,-0.0050,0.7437,0.8461,0.8348,2.4856,2.6304,0.0841,0.0980,0.4682,-0.0362,0.0234,1.0020,0.7930,0.0483,-0.0332,True,0.6442,0.4929,high-vol,0.1600,90.7018,61.6838,61.4598,,cheap (CPN/IV < 0.20); below high-vol target 16%,px > LO PT (ARM); earnings <=3d after obs #1 (ARM),0.6139,False,False
MU+ARM,2,85,60,60,0.0472,-0.0862,0.2248,0.0445,0.0152,0.0004,0.6943,0.8131,0.7999,2.8021,2.9722,0.1015,0.1173,0.4613,-0.0358,0.0733,0.8739,0.7930,0.0428,0.0044,False,0.6442,0.4929,high-vol,0.1600,90.7018,61.6838,61.4598,,cheap (CPN/IV < 0.20); below high-vol target 16%,px > LO PT (ARM); earnings <=3d after obs #1 (ARM),0.5709,False,False
MU+ARM,2,88,60,60,0.0867,-0.0258,0.2665,0.0375,0.0211,0.0091,0.6154,0.7582,0.7421,3.3285,3.5402,0.1300,0.1489,0.4521,-0.0347,0.1346,0.6874,0.7930,0.0361,0.0507,False,0.6442,0.4929,high-vol,0.1600,90.7018,61.6838,61.4598,P(loss) > 12%,cheap (CPN/IV < 0.20); below high-vol target 16%,px > LO PT (ARM); earnings <=3d after obs #1 (ARM),0.4948,False,False
MU+ARM,2,90,60,60,0.1075,0.0063,0.2965,0.0337,0.0250,0.0152,0.5625,0.7186,0.7005,3.7063,3.9456,0.1501,0.1710,0.4461,-0.0338,0.1668,0.5666,0.7930,0.0324,0.0751,False,0.6442,0.4929,high-vol,0.1600,90.7018,61.6838,61.4598,P(loss) > 12%,cheap (CPN/IV < 0.20); below high-vol target 16%,px > LO PT (ARM); earnings <=3d after obs #1 (ARM),0.4382,False,True
MU+ARM+DELL,3,80,50,50,-0.0159,-0.1712,0.1933,0.0517,0.0066,-0.0105,0.7466,0.8470,0.8266,2.4737,2.7452,0.0791,0.1024,0.4419,-0.0382,-0.0253,1.2285,1.1016,0.0485,-0.0644,True,0.6292,0.4129,high-vol,0.1600,90.9179,62.3805,60.3263,,low corr (avg rho 0.41); cheap (CPN/IV < 0.20); below high-vol target 16%,px > LO PT (ARM); earnings <=3d after obs #1 (ARM),0.5859,False,False
MU+ARM+DELL,3,83,50,50,0.0348,-0.0937,0.2334,0.0429,0.0114,-0.0029,0.6648,0.7906,0.7640,3.0197,3.3758,0.1073,0.1370,0.4317,-0.0376,0.0553,1.0258,1.1016,0.0397,-0.0049,False,0.6292,0.4129,high-vol,0.1600,90.9179,62.3805,60.3263,,low corr (avg rho 0.41); cheap (CPN/IV < 0.20); below high-vol target 16%,px > LO PT (ARM); earnings <=3d after obs #1 (ARM),0.5064,False,False
MU+ARM+DELL,3,85,50,50,0.0604,-0.0536,0.2631,0.0380,0.0144,0.0022,0.6062,0.7484,0.7180,3.4264,3.8377,0.1283,0.1617,0.4248,-0.0372,0.0960,0.8947,1.1016,0.0350,0.0254,False,0.6292,0.4129,high-vol,0.1600,90.9179,62.3805,60.3263,P(loss) > 12%,low corr (avg rho 0.41); cheap (CPN/IV < 0.20); below high-vol target 16%,px > LO PT (ARM); earnings <=3d after obs #1 (ARM),0.4481,False,False
MU+ARM+DELL,3,88,50,50,0.0920,-0.0041,0.3122,0.0320,0.0194,0.0106,0.5161,0.6798,0.6438,4.0930,4.5890,0.1625,0.2010,0.4153,-0.0361,0.1461,0.7038,1.1016,0.0293,0.0626,False,0.6292,0.4129,high-vol,0.1600,90.9179,62.3805,60.3263,P(KO@1) < 55%; P(loss) > 12%,low corr (avg rho 0.41); cheap (CPN/IV < 0.20); below high-vol target 16%,px > LO PT (ARM); earnings <=3d after obs #1 (ARM),0.3501,False,True
MU+ARM+DELL,3,90,50,50,0.1080,0.0215,0.3468,0.0288,0.0226,0.0163,0.4572,0.6323,0.5927,4.5558,5.1028,0.1857,0.2273,0.4106,-0.0352,0.1717,0.5800,1.1016,0.0263,0.0817,False,0.6292,0.4129,high-vol,0.1600,90.9179,62.3805,60.3263,P(KO@1) < 55%; P(loss) > 12%,low corr (avg rho 0.41); cheap (CPN/IV < 0.20); below high-vol target 16%,px > LO PT (ARM); earnings <=3d after obs #1 (ARM),0.2816,False,True
MU+ARM+DELL,3,80,55,55,0.0039,-0.1513,0.1932,0.0518,0.0104,-0.0066,0.7466,0.8471,0.8266,2.4736,2.7453,0.0835,0.1097,0.4708,-0.0385,0.0062,1.2285,0.9501,0.0485,-0.0446,True,0.6292,0.4129,high-vol,0.1600,90.9179,62.3805,60.3263,,low corr (avg rho 0.41); cheap (CPN/IV < 0.20); below high-vol target 16%,px > LO PT (ARM); earnings <=3d after obs #1 (ARM),0.5807,False,False
MU+ARM+DELL,3,83,55,55,0.0575,-0.0711,0.2333,0.0429,0.0167,0.0024,0.6648,0.7908,0.7641,3.0186,3.3746,0.1140,0.1475,0.4592,-0.0379,0.0914,1.0258,0.9501,0.0398,0.0178,False,0.6292,0.4129,high-vol,0.1600,90.9179,62.3805,60.3263,,low corr (avg rho 0.41); cheap (CPN/IV < 0.20); below high-vol target 16%,px > LO PT (ARM); earnings <=3d after obs #1 (ARM),0.5073,False,False
MU+ARM+DELL,3,85,55,55,0.0847,-0.0294,0.2630,0.0380,0.0208,0.0086,0.6062,0.7486,0.7181,3.4254,3.8363,0.1368,0.1748,0.4520,-0.0377,0.1346,0.8947,0.9501,0.0350,0.0496,False,0.6292,0.4129,high-vol,0.1600,90.9179,62.3805,60.3263,P(loss) > 12%,low corr (avg rho 0.41); cheap (CPN/IV < 0.20); below high-vol target 16%,px > LO PT (ARM); earnings <=3d after obs #1 (ARM),0.4468,False,False
MU+ARM+DELL,3,88,55,55,0.1182,0.0220,0.3120,0.0321,0.0276,0.0188,0.5161,0.6801,0.6440,4.0912,4.5870,0.1742,0.2183,0.4417,-0.0367,0.1878,0.7038,0.9501,0.0293,0.0889,False,0.6292,0.4129,high-vol,0.1600,90.9179,62.3805,60.3263,P(KO@1) < 55%; P(loss) > 12%,low corr (avg rho 0.41); cheap (CPN/IV < 0.20); below high-vol target 16%,px > LO PT (ARM); earnings <=3d after obs #1 (ARM),0.3445,False,True
MU+ARM+DELL,3,90,55,55,0.1353,0.0488,0.3466,0.0289,0.0320,0.0257,0.4572,0.6325,0.5929,4.5532,5.1005,0.1998,0.2474,0.4363,-0.0358,0.2151,0.5800,0.9501,0.0264,0.1090,False,0.6292,0.4129,high-vol,0.1600,90.9179,62.3805,60.3263,P(KO@1) < 55%; P(loss) > 12%,low corr (avg rho 0.41); below high-vol target 16%,px > LO PT (ARM); earnings <=3d after obs #1 (ARM),0.2726,False,True
MU+ARM+DELL,3,80,60,60,0.0222,-0.1330,0.1932,0.0518,0.0140,-0.0031,0.7466,0.8472,0.8267,2.4738,2.7454,0.0871,0.1155,0.4975,-0.0387,0.0353,1.2285,0.8118,0.0485,-0.0263,True,0.6292,0.4129,high-vol,0.1600,90.9179,62.3805,60.3263,,low corr (avg rho 0.41); cheap (CPN/IV < 0.20); below high-vol target 16%,px > LO PT (ARM); earnings <=3d after obs #1 (ARM),0.5844,False,False
MU+ARM+DELL,3,83,60,60,0.0784,-0.0502,0.2332,0.0429,0.0216,0.0073,0.6648,0.7909,0.7642,3.0182,3.3739,0.1192,0.1557,0.4861,-0.0382,0.1246,1.0258,0.8118,0.0398,0.0387,False,0.6292,0.4129,high-vol,0.1600,90.9179,62.3805,60.3263,,low corr (avg rho 0.41); cheap (CPN/IV < 0.20); below high-vol target 16%,px > LO PT (ARM); earnings <=3d after obs #1 (ARM),0.5098,False,False
MU+ARM+DELL,3,85,60,60,0.1072,-0.0069,0.2629,0.0380,0.0267,0.0145,0.6062,0.7488,0.7182,3.4245,3.8354,0.1433,0.1850,0.4787,-0.0380,0.1703,0.8947,0.8118,0.0350,0.0721,False,0.6292,0.4129,high-vol,0.1600,90.9179,62.3805,60.3263,P(loss) > 12%,low corr (avg rho 0.41); cheap (CPN/IV < 0.20); below high-vol target 16%,px > LO PT (ARM); earnings <=3d after obs #1 (ARM),0.4479,False,True
MU+ARM+DELL,3,88,60,60,0.1427,0.0465,0.3119,0.0321,0.0352,0.0264,0.5161,0.6803,0.6441,4.0895,4.5853,0.1831,0.2320,0.4682,-0.0371,0.2268,0.7038,0.8118,0.0293,0.1133,False,0.6292,0.4129,high-vol,0.1600,90.9179,62.3805,60.3263,P(KO@1) < 55%; P(loss) > 12%,low corr (avg rho 0.41); below high-vol target 16%,px > LO PT (ARM); earnings <=3d after obs #1 (ARM),0.3427,False,True
MU+ARM+DELL,3,90,60,60,0.1609,0.0744,0.3465,0.0289,0.0409,0.0346,0.4572,0.6327,0.5931,4.5515,5.0988,0.2107,0.2635,0.4622,-0.0363,0.2558,0.5800,0.8118,0.0264,0.1346,False,0.6292,0.4129,high-vol,0.1600,90.9179,62.3805,60.3263,P(KO@1) < 55%; P(loss) > 12%,low corr (avg rho 0.41),px > LO PT (ARM); earnings <=3d after obs #1 (ARM),0.2680,False,True
AMD+ARM,2,80,50,50,-0.0843,-0.2645,0.1665,0.0601,0.0066,-0.0190,0.8204,0.8945,0.8883,2.0185,2.0958,0.0512,0.0569,0.4192,-0.0356,-0.1413,1.2948,1.1610,0.0595,-0.1438,True,0.5970,0.6097,mid,0.1200,91.3829,63.9060,60.6472,,strong-day fix (AMD); cheap (CPN/IV < 0.20); below mid target 12%,px > LO PT (AMD/ARM); earnings <=3d after obs #1 (AMD/ARM),0.6774,False,False
AMD+ARM,2,83,50,50,-0.0324,-0.1838,0.1981,0.0505,0.0104,-0.0143,0.7578,0.8541,0.8461,2.4053,2.5106,0.0689,0.0765,0.4090,-0.0347,-0.0543,1.0812,1.1610,0.0499,-0.0823,True,0.5970,0.6097,mid,0.1200,91.3829,63.9060,60.6472,,strong-day fix (AMD); cheap (CPN/IV < 0.20); below mid target 12%,px > LO PT (AMD/ARM); earnings <=3d after obs #1 (AMD/ARM),0.6096,False,False
AMD+ARM,2,85,50,50,-0.0033,-0.1380,0.2227,0.0449,0.0131,-0.0108,0.7110,0.8226,0.8132,2.7057,2.8308,0.0825,0.0911,0.4023,-0.0339,-0.0056,0.9430,1.1610,0.0444,-0.0477,True,0.5970,0.6097,mid,0.1200,91.3829,63.9060,60.6472,,strong-day fix (AMD); cheap (CPN/IV < 0.20); below mid target 12%,px > LO PT (AMD/ARM); earnings <=3d after obs #1 (AMD/ARM),0.5581,False,False
AMD+ARM,2,88,50,50,0.0323,-0.0811,0.2645,0.0378,0.0174,-0.0053,0.6347,0.7694,0.7580,3.2162,3.3688,0.1048,0.1144,0.3939,-0.0326,0.0541,0.7417,1.1610,0.0373,-0.0050,False,0.5970,0.6097,mid,0.1200,91.3829,63.9060,60.6472,,strong-day fix (AMD); cheap (CPN/IV < 0.20); below mid target 12%,px > LO PT (AMD/ARM); earnings <=3d after obs #1 (AMD/ARM),0.4913,False,False
AMD+ARM,2,90,50,50,0.0505,-0.0513,0.2947,0.0339,0.0201,-0.0016,0.5826,0.7310,0.7181,3.5858,3.7574,0.1203,0.1306,0.3888,-0.0317,0.0846,0.6113,1.1610,0.0335,0.0171,False,0.5970,0.6097,mid,0.1200,91.3829,63.9060,60.6472,P(loss) > 12%,strong-day fix (AMD); cheap (CPN/IV < 0.20); below mid target 12%,px > LO PT (AMD/ARM); earnings <=3d after obs #1 (AMD/ARM),0.4427,False,False
AMD+ARM,2,80,55,55,-0.0672,-0.2474,0.1665,0.0601,0.0094,-0.0162,0.8204,0.8945,0.8883,2.0183,2.0958,0.0547,0.0613,0.4461,-0.0357,-0.1125,1.2948,1.0014,0.0595,-0.1266,True,0.5970,0.6097,mid,0.1200,91.3829,63.9060,60.6472,,strong-day fix (AMD); cheap (CPN/IV < 0.20); below mid target 12%,px > LO PT (AMD/ARM); earnings <=3d after obs #1 (AMD/ARM),0.6715,False,False
AMD+ARM,2,83,55,55,-0.0125,-0.1640,0.1981,0.0505,0.0143,-0.0103,0.7578,0.8542,0.8461,2.4048,2.5103,0.0742,0.0829,0.4348,-0.0348,-0.0210,1.0812,1.0014,0.0499,-0.0624,True,0.5970,0.6097,mid,0.1200,91.3829,63.9060,60.6472,,strong-day fix (AMD); cheap (CPN/IV < 0.20); below mid target 12%,px > LO PT (AMD/ARM); earnings <=3d after obs #1 (AMD/ARM),0.6008,False,False
AMD+ARM,2,85,55,55,0.0181,-0.1167,0.2226,0.0449,0.0179,-0.0060,0.7110,0.8228,0.8133,2.7046,2.8297,0.0890,0.0989,0.4282,-0.0341,0.0302,0.9430,1.0014,0.0444,-0.0263,True,0.5970,0.6097,mid,0.1200,91.3829,63.9060,60.6472,,strong-day fix (AMD); cheap (CPN/IV < 0.20); below mid target 12%,px > LO PT (AMD/ARM); earnings <=3d after obs #1 (AMD/ARM),0.5573,False,False
AMD+ARM,2,88,55,55,0.0557,-0.0578,0.2644,0.0378,0.0236,0.0009,0.6347,0.7695,0.7581,3.2150,3.3678,0.1140,0.1252,0.4186,-0.0328,0.0933,0.7417,1.0014,0.0373,0.0184,False,0.5970,0.6097,mid,0.1200,91.3829,63.9060,60.6472,,strong-day fix (AMD); cheap (CPN/IV < 0.20); below mid target 12%,px > LO PT (AMD/ARM); earnings <=3d after obs #1 (AMD/ARM),0.4892,False,False
AMD+ARM,2,90,55,55,0.0749,-0.0270,0.2946,0.0339,0.0273,0.0055,0.5826,0.7312,0.7183,3.5839,3.7556,0.1313,0.1434,0.4126,-0.0318,0.1254,0.6113,1.0014,0.0335,0.0414,False,0.5970,0.6097,mid,0.1200,91.3829,63.9060,60.6472,P(loss) > 12%,strong-day fix (AMD); cheap (CPN/IV < 0.20); below mid target 12%,px > LO PT (AMD/ARM); earnings <=3d after obs #1 (AMD/ARM),0.4379,False,False
AMD+ARM,2,80,60,60,-0.0512,-0.2314,0.1665,0.0601,0.0121,-0.0135,0.8204,0.8946,0.8884,2.0182,2.0956,0.0576,0.0649,0.4720,-0.0358,-0.0858,1.2948,0.8556,0.0595,-0.1107,True,0.5970,0.6097,mid,0.1200,91.3829,63.9060,60.6472,,strong-day fix (AMD); cheap (CPN/IV < 0.20); below mid target 12%,px > LO PT (AMD/ARM); earnings <=3d after obs #1 (AMD/ARM),0.6669,False,False
AMD+ARM,2,83,60,60,0.0060,-0.1454,0.1981,0.0505,0.0180,-0.0066,0.7578,0.8543,0.8462,2.4043,2.5098,0.0785,0.0882,0.4595,-0.0349,0.0101,1.0812,0.8556,0.0499,-0.0439,True,0.5970,0.6097,mid,0.1200,91.3829,63.9060,60.6472,,strong-day fix (AMD); cheap (CPN/IV < 0.20); below mid target 12%,px > LO PT (AMD/ARM); earnings <=3d after obs #1 (AMD/ARM),0.5971,False,False
AMD+ARM,2,85,60,60,0.0382,-0.0966,0.2226,0.0449,0.0224,-0.0015,0.7110,0.8229,0.8134,2.7038,2.8289,0.0946,0.1056,0.4522,-0.0342,0.0640,0.9430,0.8556,0.0444,-0.0062,True,0.5970,0.6097,mid,0.1200,91.3829,63.9060,60.6472,,strong-day fix (AMD); cheap (CPN/IV < 0.20); below mid target 12%,px > LO PT (AMD/ARM); earnings <=3d after obs #1 (AMD/ARM),0.5594,False,False
AMD+ARM,2,88,60,60,0.0777,-0.0358,0.2643,0.0378,0.0294,0.0068,0.6347,0.7697,0.7583,3.2135,3.3665,0.1216,0.1345,0.4419,-0.0329,0.1302,0.7417,0.8556,0.0373,0.0404,False,0.5970,0.6097,mid,0.1200,91.3829,63.9060,60.6472,P(loss) > 12%,strong-day fix (AMD); cheap (CPN/IV < 0.20); below mid target 12%,px > LO PT (AMD/ARM); earnings <=3d after obs #1 (AMD/ARM),0.4888,False,False
AMD+ARM,2,90,60,60,0.0980,-0.0039,0.2944,0.0340,0.0341,0.0124,0.5826,0.7314,0.7185,3.5819,3.7538,0.1407,0.1546,0.4354,-0.0320,0.1642,0.6113,0.8556,0.0335,0.0645,False,0.5970,0.6097,mid,0.1200,91.3829,63.9060,60.6472,P(loss) > 12%,strong-day fix (AMD); cheap (CPN/IV < 0.20); below mid target 12%,px > LO PT (AMD/ARM); earnings <=3d after obs #1 (AMD/ARM),0.4353,False,True
MU+ARM+PDD,3,80,50,50,-0.0762,-0.2545,0.1682,0.0594,0.0076,-0.0180,0.8075,0.8872,0.8743,2.0852,2.2592,0.0558,0.0686,0.4243,-0.0369,-0.1439,1.4599,1.3091,0.0575,-0.1337,True,0.5295,0.2962,mid,0.1200,92.3577,67.2265,61.4598,,low corr (avg rho 0.30); cheap (CPN/IV < 0.20); below mid target 12%,px > LO PT (ARM); earnings <=3d after obs #1 (ARM),0.6622,False,False
MU+ARM+PDD,3,83,50,50,-0.0220,-0.1712,0.2012,0.0497,0.0120,-0.0125,0.7354,0.8411,0.8209,2.5288,2.7977,0.0768,0.0956,0.4127,-0.0363,-0.0416,1.2191,1.3091,0.0475,-0.0695,True,0.5295,0.2962,mid,0.1200,92.3577,67.2265,61.4598,,low corr (avg rho 0.30); cheap (CPN/IV < 0.20); below mid target 12%,px > LO PT (ARM); earnings <=3d after obs #1 (ARM),0.5832,False,False
MU+ARM+PDD,3,85,50,50,0.0073,-0.1249,0.2269,0.0441,0.0150,-0.0088,0.6803,0.8042,0.7788,2.8824,3.2212,0.0930,0.1159,0.4055,-0.0359,0.0137,1.0633,1.3091,0.0416,-0.0344,False,0.5295,0.2962,mid,0.1200,92.3577,67.2265,61.4598,,low corr (avg rho 0.30); cheap (CPN/IV < 0.20); below mid target 12%,px > LO PT (ARM); earnings <=3d after obs #1 (ARM),0.5268,False,False
MU+ARM+PDD,3,88,50,50,0.0444,-0.0658,0.2721,0.0368,0.0200,-0.0024,0.5864,0.7381,0.7032,3.5167,3.9860,0.1214,0.1512,0.3940,-0.0348,0.0839,0.8364,1.3091,0.0341,0.0103,False,0.5295,0.2962,mid,0.1200,92.3577,67.2265,61.4598,P(loss) > 12%,low corr (avg rho 0.30); cheap (CPN/IV < 0.20); below mid target 12%,px > LO PT (ARM); earnings <=3d after obs #1 (ARM),0.4440,False,False
MU+ARM+PDD,3,90,50,50,0.0637,-0.0345,0.3056,0.0327,0.0234,0.0020,0.5181,0.6876,0.6458,4.0014,4.5640,0.1421,0.1765,0.3876,-0.0338,0.1203,0.6893,1.3091,0.0300,0.0337,False,0.5295,0.2962,mid,0.1200,92.3577,67.2265,61.4598,P(KO@1) < 55%; P(loss) > 12%,low corr (avg rho 0.30); cheap (CPN/IV < 0.20); below mid target 12%,px > LO PT (ARM); earnings <=3d after obs #1 (ARM),0.3784,False,False
MU+ARM+PDD,3,92,50,50,0.0789,-0.0086,0.3430,0.0292,0.0265,0.0062,0.4472,0.6327,0.5846,4.5337,5.1850,0.1641,0.2023,0.3804,-0.0326,0.1490,0.5455,1.3091,0.0265,0.0524,False,0.5295,0.2962,mid,0.1200,92.3577,67.2265,61.4598,P(KO@1) < 55%; P(loss) > 12%,low corr (avg rho 0.30); cheap (CPN/IV < 0.20); below mid target 12%,px > LO PT (ARM); earnings <=3d after obs #1 (ARM),0.3056,False,False
MU+ARM+PDD,3,80,55,55,-0.0587,-0.2370,0.1682,0.0595,0.0105,-0.0150,0.8075,0.8873,0.8743,2.0851,2.2591,0.0595,0.0746,0.4516,-0.0371,-0.1108,1.4599,1.1291,0.0576,-0.1162,True,0.5295,0.2962,mid,0.1200,92.3577,67.2265,61.4598,,low corr (avg rho 0.30); cheap (CPN/IV < 0.20); below mid target 12%,px > LO PT (ARM); earnings <=3d after obs #1 (ARM),0.6560,False,False
MU+ARM+PDD,3,83,55,55,-0.0018,-0.1510,0.2011,0.0497,0.0161,-0.0085,0.7354,0.8413,0.8210,2.5278,2.7967,0.0826,0.1046,0.4383,-0.0366,-0.0034,1.2191,1.1291,0.0475,-0.0492,True,0.5295,0.2962,mid,0.1200,92.3577,67.2265,61.4598,,low corr (avg rho 0.30); cheap (CPN/IV < 0.20); below mid target 12%,px > LO PT (ARM); earnings <=3d after obs #1 (ARM),0.5735,False,False
MU+ARM+PDD,3,85,55,55,0.0292,-0.1031,0.2269,0.0441,0.0200,-0.0038,0.6803,0.8043,0.7789,2.8817,3.2203,0.1006,0.1276,0.4301,-0.0363,0.0551,1.0633,1.1291,0.0416,-0.0125,False,0.5295,0.2962,mid,0.1200,92.3577,67.2265,61.4598,,low corr (avg rho 0.30); cheap (CPN/IV < 0.20); below mid target 12%,px > LO PT (ARM); earnings <=3d after obs #1 (ARM),0.5280,False,False
MU+ARM+PDD,3,88,55,55,0.0685,-0.0418,0.2720,0.0368,0.0266,0.0041,0.5864,0.7382,0.7033,3.5154,3.9846,0.1322,0.1676,0.4180,-0.0352,0.1293,0.8364,1.1291,0.0341,0.0343,False,0.5295,0.2962,mid,0.1200,92.3577,67.2265,61.4598,P(loss) > 12%,low corr (avg rho 0.30); cheap (CPN/IV < 0.20); below mid target 12%,px > LO PT (ARM); earnings <=3d after obs #1 (ARM),0.4412,False,False
MU+ARM+PDD,3,90,55,55,0.0888,-0.0094,0.3055,0.0327,0.0311,0.0096,0.5181,0.6879,0.6459,3.9986,4.5615,0.1555,0.1966,0.4107,-0.0343,0.1677,0.6893,1.1291,0.0300,0.0588,False,0.5295,0.2962,mid,0.1200,92.3577,67.2265,61.4598,P(KO@1) < 55%; P(loss) > 12%,low corr (avg rho 0.30); cheap (CPN/IV < 0.20); below mid target 12%,px > LO PT (ARM); earnings <=3d after obs #1 (ARM),0.3719,False,False
MU+ARM+PDD,3,92,55,55,0.1049,0.0174,0.3428,0.0292,0.0354,0.0151,0.4472,0.6329,0.5847,4.5310,5.1826,0.1806,0.2264,0.4029,-0.0332,0.1981,0.5455,1.1291,0.0265,0.0784,False,0.5295,0.2962,mid,0.1200,92.3577,67.2265,61.4598,P(KO@1) < 55%; P(loss) > 12%,low corr (avg rho 0.30); cheap (CPN/IV < 0.20); below mid target 12%,px > LO PT (ARM); earnings <=3d after obs #1 (ARM),0.2945,False,True
MU+ARM+PDD,3,80,60,60,-0.0424,-0.2208,0.1682,0.0594,0.0133,-0.0123,0.8075,0.8874,0.8743,2.0853,2.2593,0.0624,0.0795,0.4785,-0.0372,-0.0801,1.4599,0.9648,0.0575,-0.1000,True,0.5295,0.2962,mid,0.1200,92.3577,67.2265,61.4598,,low corr (avg rho 0.30); cheap (CPN/IV < 0.20); below mid target 12%,px > LO PT (ARM); earnings <=3d after obs #1 (ARM),0.6513,False,False
MU+ARM+PDD,3,83,60,60,0.0172,-0.1320,0.2010,0.0497,0.0199,-0.0046,0.7354,0.8414,0.8211,2.5273,2.7962,0.0870,0.1121,0.4648,-0.0368,0.0325,1.2191,0.9648,0.0475,-0.0303,True,0.5295,0.2962,mid,0.1200,92.3577,67.2265,61.4598,,low corr (avg rho 0.30); cheap (CPN/IV < 0.20); below mid target 12%,px > LO PT (ARM); earnings <=3d after obs #1 (ARM),0.5771,False,False
MU+ARM+PDD,3,85,60,60,0.0498,-0.0825,0.2268,0.0441,0.0247,0.0009,0.6803,0.8045,0.7790,2.8811,3.2198,0.1065,0.1374,0.4553,-0.0365,0.0940,1.0633,0.9648,0.0417,0.0081,False,0.5295,0.2962,mid,0.1200,92.3577,67.2265,61.4598,,low corr (avg rho 0.30); cheap (CPN/IV < 0.20); below mid target 12%,px > LO PT (ARM); earnings <=3d after obs #1 (ARM),0.5311,False,False
MU+ARM+PDD,3,88,60,60,0.0913,-0.0190,0.2719,0.0368,0.0328,0.0104,0.5864,0.7384,0.7035,3.5138,3.9828,0.1409,0.1816,0.4423,-0.0356,0.1725,0.8364,0.9648,0.0342,0.0572,False,0.5295,0.2962,mid,0.1200,92.3577,67.2265,61.4598,P(loss) > 12%,low corr (avg rho 0.30); cheap (CPN/IV < 0.20); below mid target 12%,px > LO PT (ARM); earnings <=3d after obs #1 (ARM),0.4412,False,True
MU+ARM+PDD,3,90,60,60,0.1127,0.0145,0.3053,0.0328,0.0384,0.0169,0.5181,0.6881,0.6461,3.9968,4.5596,0.1665,0.2139,0.4339,-0.0347,0.2129,0.6893,0.9648,0.0300,0.0827,False,0.5295,0.2962,mid,0.1200,92.3577,67.2265,61.4598,P(KO@1) < 55%; P(loss) > 12%,low corr (avg rho 0.30); below mid target 12%,px > LO PT (ARM); earnings <=3d after obs #1 (ARM),0.3686,False,True
MU+ARM+PDD,3,92,60,60,0.1298,0.0423,0.3426,0.0292,0.0440,0.0236,0.4472,0.6331,0.5849,4.5287,5.1803,0.1944,0.2476,0.4254,-0.0337,0.2452,0.5455,0.9648,0.0265,0.1033,False,0.5295,0.2962,mid,0.1200,92.3577,67.2265,61.4598,P(KO@1) < 55%; P(loss) > 12%,low corr (avg rho 0.30),px > LO PT (ARM); earnings <=3d after obs #1 (ARM),0.2873,False,True
MU+AMAT+ARM,3,80,50,50,-0.0461,-0.2100,0.1830,0.0547,0.0029,-0.0149,0.7832,0.8692,0.8572,2.2601,2.4240,0.0650,0.0781,0.4252,-0.0363,-0.0757,1.2703,1.1390,0.0531,-0.0991,True,0.6085,0.5871,high-vol,0.1600,91.2166,63.3560,61.4598,,cheap (CPN/IV < 0.20); below high-vol target 16%,px > LO PT (ARM); earnings <=3d after obs #1 (ARM),0.6613,False,False
MU+AMAT+ARM,3,83,50,50,0.0057,-0.1301,0.2209,0.0453,0.0065,-0.0086,0.7084,0.8189,0.8026,2.7473,2.9649,0.0892,0.1058,0.4117,-0.0354,0.0094,1.0607,1.1390,0.0437,-0.0379,True,0.6085,0.5871,high-vol,0.1600,91.2166,63.3560,61.4598,,cheap (CPN/IV < 0.20); below high-vol target 16%,px > LO PT (ARM); earnings <=3d after obs #1 (ARM),0.5779,False,False
MU+AMAT+ARM,3,85,50,50,0.0331,-0.0870,0.2499,0.0400,0.0089,-0.0042,0.6541,0.7805,0.7619,3.1147,3.3679,0.1069,0.1252,0.4048,-0.0347,0.0543,0.9251,1.1390,0.0385,-0.0055,False,0.6085,0.5871,high-vol,0.1600,91.2166,63.3560,61.4598,,cheap (CPN/IV < 0.20); below high-vol target 16%,px > LO PT (ARM); earnings <=3d after obs #1 (ARM),0.5295,False,False
MU+AMAT+ARM,3,88,50,50,0.0664,-0.0341,0.2983,0.0335,0.0127,0.0030,0.5698,0.7174,0.6951,3.7232,4.0312,0.1361,0.1572,0.3962,-0.0333,0.1092,0.7277,1.1390,0.0322,0.0342,False,0.6085,0.5871,high-vol,0.1600,91.2166,63.3560,61.4598,P(loss) > 12%,cheap (CPN/IV < 0.20); below high-vol target 16%,px > LO PT (ARM); earnings <=3d after obs #1 (ARM),0.4454,False,False
MU+AMAT+ARM,3,90,50,50,0.0829,-0.0073,0.3325,0.0301,0.0150,0.0077,0.5121,0.6727,0.6482,4.1577,4.4985,0.1558,0.1786,0.3918,-0.0323,0.1363,0.5998,1.1390,0.0289,0.0541,False,0.6085,0.5871,high-vol,0.1600,91.2166,63.3560,61.4598,P(KO@1) < 55%; P(loss) > 12%,cheap (CPN/IV < 0.20); below high-vol target 16%,px > LO PT (ARM); earnings <=3d after obs #1 (ARM),0.3844,False,False
MU+AMAT+ARM,3,80,55,55,-0.0270,-0.1910,0.1829,0.0547,0.0064,-0.0114,0.7832,0.8693,0.8573,2.2599,2.4236,0.0696,0.0845,0.4514,-0.0365,-0.0443,1.2703,0.9824,0.0531,-0.0801,True,0.6085,0.5871,high-vol,0.1600,91.2166,63.3560,61.4598,,cheap (CPN/IV < 0.20); below high-vol target 16%,px > LO PT (ARM); earnings <=3d after obs #1 (ARM),0.6538,False,False
MU+AMAT+ARM,3,83,55,55,0.0278,-0.1080,0.2209,0.0453,0.0114,-0.0037,0.7084,0.8190,0.8027,2.7468,2.9641,0.0960,0.1150,0.4374,-0.0356,0.0457,1.0607,0.9824,0.0437,-0.0159,True,0.6085,0.5871,high-vol,0.1600,91.2166,63.3560,61.4598,,cheap (CPN/IV < 0.20); below high-vol target 16%,px > LO PT (ARM); earnings <=3d after obs #1 (ARM),0.5787,False,False
MU+AMAT+ARM,3,85,55,55,0.0568,-0.0633,0.2498,0.0400,0.0148,0.0017,0.6541,0.7807,0.7621,3.1134,3.3667,0.1154,0.1367,0.4303,-0.0349,0.0933,0.9251,0.9824,0.0385,0.0182,False,0.6085,0.5871,high-vol,0.1600,91.2166,63.3560,61.4598,,cheap (CPN/IV < 0.20); below high-vol target 16%,px > LO PT (ARM); earnings <=3d after obs #1 (ARM),0.5283,False,False
MU+AMAT+ARM,3,88,55,55,0.0922,-0.0084,0.2982,0.0335,0.0204,0.0106,0.5698,0.7175,0.6952,3.7218,4.0298,0.1476,0.1723,0.4213,-0.0336,0.1515,0.7277,0.9824,0.0322,0.0599,False,0.6085,0.5871,high-vol,0.1600,91.2166,63.3560,61.4598,P(loss) > 12%,cheap (CPN/IV < 0.20); below high-vol target 16%,px > LO PT (ARM); earnings <=3d after obs #1 (ARM),0.4403,False,True
MU+AMAT+ARM,3,90,55,55,0.1097,0.0194,0.3323,0.0301,0.0239,0.0165,0.5121,0.6729,0.6483,4.1558,4.4965,0.1696,0.1963,0.4163,-0.0326,0.1802,0.5998,0.9824,0.0289,0.0808,False,0.6085,0.5871,high-vol,0.1600,91.2166,63.3560,61.4598,P(KO@1) < 55%; P(loss) > 12%,cheap (CPN/IV < 0.20); below high-vol target 16%,px > LO PT (ARM); earnings <=3d after obs #1 (ARM),0.3760,False,True
MU+AMAT+ARM,3,80,60,60,-0.0093,-0.1733,0.1829,0.0547,0.0096,-0.0082,0.7832,0.8694,0.8573,2.2598,2.4238,0.0729,0.0895,0.4783,-0.0366,-0.0153,1.2703,0.8394,0.0531,-0.0624,True,0.6085,0.5871,high-vol,0.1600,91.2166,63.3560,61.4598,,cheap (CPN/IV < 0.20); below high-vol target 16%,px > LO PT (ARM); earnings <=3d after obs #1 (ARM),0.6483,False,False
MU+AMAT+ARM,3,83,60,60,0.0484,-0.0874,0.2208,0.0453,0.0160,0.0008,0.7084,0.8191,0.8028,2.7461,2.9635,0.1011,0.1224,0.4638,-0.0358,0.0796,1.0607,0.8394,0.0437,0.0047,True,0.6085,0.5871,high-vol,0.1600,91.2166,63.3560,61.4598,,cheap (CPN/IV < 0.20); below high-vol target 16%,px > LO PT (ARM); earnings <=3d after obs #1 (ARM),0.5815,False,False
MU+AMAT+ARM,3,85,60,60,0.0790,-0.0411,0.2498,0.0400,0.0204,0.0073,0.6541,0.7808,0.7622,3.1125,3.3656,0.1220,0.1460,0.4560,-0.0351,0.1298,0.9251,0.8394,0.0386,0.0405,False,0.6085,0.5871,high-vol,0.1600,91.2166,63.3560,61.4598,P(loss) > 12%,cheap (CPN/IV < 0.20); below high-vol target 16%,px > LO PT (ARM); earnings <=3d after obs #1 (ARM),0.5295,False,False
MU+AMAT+ARM,3,88,60,60,0.1165,0.0158,0.2981,0.0335,0.0276,0.0179,0.5698,0.7177,0.6954,3.7205,4.0282,0.1568,0.1849,0.4461,-0.0339,0.1914,0.7277,0.8394,0.0323,0.0842,False,0.6085,0.5871,high-vol,0.1600,91.2166,63.3560,61.4598,P(loss) > 12%,cheap (CPN/IV < 0.20); below high-vol target 16%,px > LO PT (ARM); earnings <=3d after obs #1 (ARM),0.4382,False,True
MU+AMAT+ARM,3,90,60,60,0.1350,0.0447,0.3322,0.0301,0.0323,0.0249,0.5121,0.6731,0.6485,4.1540,4.4946,0.1809,0.2112,0.4405,-0.0329,0.2218,0.5998,0.8394,0.0289,0.1061,False,0.6085,0.5871,high-vol,0.1600,91.2166,63.3560,61.4598,P(KO@1) < 55%; P(loss) > 12%,below high-vol target 16%,px > LO PT (ARM); earnings <=3d after obs #1 (ARM),0.3713,False,True
ARM+PANW+DDOG,3,80,50,50,-0.0379,-0.1990,0.1862,0.0537,0.0112,-0.0138,0.7441,0.8486,0.8249,2.4556,2.7652,0.0756,0.1022,0.4167,-0.0393,-0.0649,1.3240,1.1872,0.0489,-0.0868,True,0.5838,0.2852,mid,0.1200,91.5730,64.5404,64.4549,,low corr (avg rho 0.29); cheap (CPN/IV < 0.20); below mid target 12%,px > LO PT (ARM/PANW/DDOG); earnings <=3d after obs #1 (ARM/DDOG),0.5909,False,False
ARM+PANW+DDOG,3,83,50,50,0.0151,-0.1175,0.2262,0.0442,0.0169,-0.0069,0.6568,0.7890,0.7569,3.0258,3.4521,0.1049,0.1398,0.4077,-0.0389,0.0259,1.1056,1.1872,0.0397,-0.0245,False,0.5838,0.2852,mid,0.1200,91.5730,64.5404,64.4549,,low corr (avg rho 0.29); cheap (CPN/IV < 0.20); below mid target 12%,px > LO PT (ARM/PANW/DDOG); earnings <=3d after obs #1 (ARM/DDOG),0.4967,False,False
ARM+PANW+DDOG,3,85,50,50,0.0419,-0.0754,0.2558,0.0391,0.0206,-0.0023,0.5948,0.7440,0.7063,3.4562,3.9626,0.1259,0.1666,0.4020,-0.0385,0.0718,0.9643,1.1872,0.0347,0.0072,False,0.5838,0.2852,mid,0.1200,91.5730,64.5404,64.4549,P(loss) > 12%,low corr (avg rho 0.29); cheap (CPN/IV < 0.20); below mid target 12%,px > LO PT (ARM/PANW/DDOG); earnings <=3d after obs #1 (ARM/DDOG),0.4378,False,False
ARM+PANW+DDOG,3,88,50,50,0.0738,-0.0245,0.3053,0.0328,0.0265,0.0051,0.4985,0.6714,0.6254,4.1609,4.7859,0.1602,0.2083,0.3925,-0.0373,0.1264,0.7585,1.1872,0.0288,0.0450,False,0.5838,0.2852,mid,0.1200,91.5730,64.5404,64.4549,P(KO@1) < 55%; P(loss) > 12%,low corr (avg rho 0.29); cheap (CPN/IV < 0.20); below mid target 12%,px > LO PT (ARM/PANW/DDOG); earnings <=3d after obs #1 (ARM/DDOG),0.3374,False,False
ARM+PANW+DDOG,3,90,50,50,0.0897,0.0016,0.3404,0.0294,0.0303,0.0099,0.4347,0.6196,0.5690,4.6615,5.3567,0.1845,0.2361,0.3873,-0.0366,0.1536,0.6251,1.1872,0.0257,0.0639,False,0.5838,0.2852,mid,0.1200,91.5730,64.5404,64.4549,P(KO@1) < 55%; P(loss) > 12%,low corr (avg rho 0.29); cheap (CPN/IV < 0.20); below mid target 12%,px > LO PT (ARM/PANW/DDOG); earnings <=3d after obs #1 (ARM/DDOG),0.2642,False,False
ARM+PANW+DDOG,3,80,55,55,-0.0182,-0.1793,0.1862,0.0537,0.0149,-0.0101,0.7441,0.8487,0.8249,2.4553,2.7650,0.0803,0.1102,0.4472,-0.0396,-0.0312,1.3240,1.0240,0.0489,-0.0671,True,0.5838,0.2852,mid,0.1200,91.5730,64.5404,64.4549,,low corr (avg rho 0.29); cheap (CPN/IV < 0.20); below mid target 12%,px > LO PT (ARM/PANW/DDOG); earnings <=3d after obs #1 (ARM/DDOG),0.5832,False,False
ARM+PANW+DDOG,3,83,55,55,0.0378,-0.0948,0.2261,0.0442,0.0220,-0.0018,0.6568,0.7892,0.7570,3.0249,3.4507,0.1119,0.1514,0.4375,-0.0394,0.0648,1.1056,1.0240,0.0397,-0.0018,False,0.5838,0.2852,mid,0.1200,91.5730,64.5404,64.4549,,low corr (avg rho 0.29); cheap (CPN/IV < 0.20); below mid target 12%,px > LO PT (ARM/PANW/DDOG); earnings <=3d after obs #1 (ARM/DDOG),0.4980,False,False
ARM+PANW+DDOG,3,85,55,55,0.0661,-0.0512,0.2558,0.0391,0.0268,0.0039,0.5948,0.7442,0.7065,3.4545,3.9609,0.1350,0.1812,0.4304,-0.0391,0.1132,0.9643,1.0240,0.0347,0.0314,False,0.5838,0.2852,mid,0.1200,91.5730,64.5404,64.4549,P(loss) > 12%,low corr (avg rho 0.29); cheap (CPN/IV < 0.20); below mid target 12%,px > LO PT (ARM/PANW/DDOG); earnings <=3d after obs #1 (ARM/DDOG),0.4364,False,False
ARM+PANW+DDOG,3,88,55,55,0.0999,0.0016,0.3051,0.0328,0.0345,0.0130,0.4985,0.6716,0.6255,4.1589,4.7840,0.1731,0.2280,0.4197,-0.0380,0.1712,0.7585,1.0240,0.0289,0.0711,False,0.5838,0.2852,mid,0.1200,91.5730,64.5404,64.4549,P(KO@1) < 55%; P(loss) > 12%,low corr (avg rho 0.29); cheap (CPN/IV < 0.20); below mid target 12%,px > LO PT (ARM/PANW/DDOG); earnings <=3d after obs #1 (ARM/DDOG),0.3308,False,True
ARM+PANW+DDOG,3,90,55,55,0.1168,0.0286,0.3403,0.0294,0.0395,0.0191,0.4347,0.6199,0.5692,4.6594,5.3544,0.2000,0.2595,0.4141,-0.0375,0.2001,0.6251,1.0240,0.0258,0.0911,False,0.5838,0.2852,mid,0.1200,91.5730,64.5404,64.4549,P(KO@1) < 55%; P(loss) > 12%,low corr (avg rho 0.29); below mid target 12%,px > LO PT (ARM/PANW/DDOG); earnings <=3d after obs #1 (ARM/DDOG),0.2539,False,True
ARM+PANW+DDOG,3,80,60,60,-0.0000,-0.1612,0.1862,0.0537,0.0183,-0.0068,0.7441,0.8487,0.8250,2.4553,2.7648,0.0841,0.1165,0.4748,-0.0400,-0.0001,1.3240,0.8749,0.0489,-0.0489,True,0.5838,0.2852,mid,0.1200,91.5730,64.5404,64.4549,,low corr (avg rho 0.29); cheap (CPN/IV < 0.20); below mid target 12%,px > LO PT (ARM/PANW/DDOG); earnings <=3d after obs #1 (ARM/DDOG),0.5768,False,False
ARM+PANW+DDOG,3,83,60,60,0.0589,-0.0738,0.2261,0.0442,0.0268,0.0030,0.6568,0.7893,0.7571,3.0246,3.4503,0.1174,0.1609,0.4653,-0.0398,0.1008,1.1056,0.8749,0.0397,0.0192,False,0.5838,0.2852,mid,0.1200,91.5730,64.5404,64.4549,,low corr (avg rho 0.29); cheap (CPN/IV < 0.20); below mid target 12%,px > LO PT (ARM/PANW/DDOG); earnings <=3d after obs #1 (ARM/DDOG),0.5008,False,False
ARM+PANW+DDOG,3,85,60,60,0.0887,-0.0287,0.2557,0.0391,0.0326,0.0097,0.5948,0.7444,0.7066,3.4536,3.9600,0.1422,0.1930,0.4576,-0.0396,0.1519,0.9643,0.8749,0.0347,0.0539,False,0.5838,0.2852,mid,0.1200,91.5730,64.5404,64.4549,P(loss) > 12%,low corr (avg rho 0.29); cheap (CPN/IV < 0.20); below mid target 12%,px > LO PT (ARM/PANW/DDOG); earnings <=3d after obs #1 (ARM/DDOG),0.4374,False,False
ARM+PANW+DDOG,3,88,60,60,0.1245,0.0261,0.3050,0.0328,0.0420,0.0205,0.4985,0.6719,0.6258,4.1567,4.7811,0.1830,0.2440,0.4467,-0.0386,0.2133,0.7585,0.8749,0.0289,0.0956,False,0.5838,0.2852,mid,0.1200,91.5730,64.5404,64.4549,P(KO@1) < 55%; P(loss) > 12%,low corr (avg rho 0.29),px > LO PT (ARM/PANW/DDOG); earnings <=3d after obs #1 (ARM/DDOG),0.3283,False,True
ARM+PANW+DDOG,3,90,60,60,0.1424,0.0542,0.3401,0.0294,0.0482,0.0278,0.4347,0.6201,0.5695,4.6571,5.3520,0.2122,0.2786,0.4404,-0.0382,0.2439,0.6251,0.8749,0.0258,0.1167,False,0.5838,0.2852,mid,0.1200,91.5730,64.5404,64.4549,P(KO@1) < 55%; P(loss) > 12%,low corr (avg rho 0.29),px > LO PT (ARM/PANW/DDOG); earnings <=3d after obs #1 (ARM/DDOG),0.2483,False,True
AMD+ARM+DELL,3,80,50,50,-0.0218,-0.1782,0.1918,0.0521,0.0134,-0.0114,0.7569,0.8530,0.8358,2.4170,2.6470,0.0752,0.0945,0.4355,-0.0371,-0.0365,1.2931,1.1596,0.0496,-0.0715,True,0.5978,0.4780,mid,0.1200,91.3720,63.8699,60.3263,,strong-day fix (AMD); low corr (avg rho 0.48); cheap (CPN/IV < 0.20); below mid target 12%,px > LO PT (AMD/ARM); earnings <=3d after obs #1 (AMD/ARM),0.5685,False,False
AMD+ARM+DELL,3,83,50,50,0.0288,-0.1007,0.2317,0.0432,0.0195,-0.0042,0.6776,0.7986,0.7761,2.9412,3.2437,0.1021,0.1265,0.4254,-0.0364,0.0481,1.0798,1.1596,0.0408,-0.0120,False,0.5978,0.4780,mid,0.1200,91.3720,63.8699,60.3263,,strong-day fix (AMD); low corr (avg rho 0.48); cheap (CPN/IV < 0.20); below mid target 12%,px > LO PT (AMD/ARM); earnings <=3d after obs #1 (AMD/ARM),0.4905,False,False
AMD+ARM+DELL,3,85,50,50,0.0543,-0.0604,0.2615,0.0382,0.0234,0.0007,0.6211,0.7579,0.7322,3.3344,3.6841,0.1217,0.1490,0.4184,-0.0358,0.0909,0.9418,1.1596,0.0360,0.0183,False,0.5978,0.4780,mid,0.1200,91.3720,63.8699,60.3263,P(loss) > 12%,strong-day fix (AMD); low corr (avg rho 0.48); cheap (CPN/IV < 0.20); below mid target 12%,px > LO PT (AMD/ARM); earnings <=3d after obs #1 (AMD/ARM),0.4364,False,False
AMD+ARM+DELL,3,88,50,50,0.0856,-0.0110,0.3104,0.0322,0.0299,0.0086,0.5336,0.6920,0.6616,3.9720,4.3933,0.1534,0.1848,0.4094,-0.0345,0.1432,0.7408,1.1596,0.0302,0.0554,False,0.5978,0.4780,mid,0.1200,91.3720,63.8699,60.3263,P(KO@1) < 55%; P(loss) > 12%,strong-day fix (AMD); low corr (avg rho 0.48); cheap (CPN/IV < 0.20); below mid target 12%,px > LO PT (AMD/ARM); earnings <=3d after obs #1 (AMD/ARM),0.3452,False,False
AMD+ARM+DELL,3,90,50,50,0.1016,0.0147,0.3453,0.0290,0.0342,0.0140,0.4754,0.6454,0.6122,4.4289,4.8895,0.1759,0.2091,0.4048,-0.0337,0.1700,0.6106,1.1596,0.0271,0.0745,False,0.5978,0.4780,mid,0.1200,91.3720,63.8699,60.3263,P(KO@1) < 55%; P(loss) > 12%,strong-day fix (AMD); low corr (avg rho 0.48); cheap (CPN/IV < 0.20); below mid target 12%,px > LO PT (AMD/ARM); earnings <=3d after obs #1 (AMD/ARM),0.2787,False,True
AMD+ARM+DELL,3,80,55,55,-0.0020,-0.1584,0.1918,0.0521,0.0172,-0.0076,0.7569,0.8530,0.8358,2.4167,2.6467,0.0796,0.1015,0.4638,-0.0373,-0.0034,1.2931,1.0001,0.0497,-0.0517,True,0.5978,0.4780,mid,0.1200,91.3720,63.8699,60.3263,,strong-day fix (AMD); low corr (avg rho 0.48); cheap (CPN/IV < 0.20); below mid target 12%,px > LO PT (AMD/ARM); earnings <=3d after obs #1 (AMD/ARM),0.5611,False,False
AMD+ARM+DELL,3,83,55,55,0.0514,-0.0781,0.2317,0.0432,0.0247,0.0010,0.6776,0.7987,0.7761,2.9405,3.2428,0.1086,0.1364,0.4531,-0.0366,0.0859,1.0798,1.0001,0.0408,0.0105,False,0.5978,0.4780,mid,0.1200,91.3720,63.8699,60.3263,,strong-day fix (AMD); low corr (avg rho 0.48); cheap (CPN/IV < 0.20); below mid target 12%,px > LO PT (AMD/ARM); earnings <=3d after obs #1 (AMD/ARM),0.4922,False,False
AMD+ARM+DELL,3,85,55,55,0.0785,-0.0363,0.2614,0.0383,0.0297,0.0070,0.6211,0.7580,0.7323,3.3334,3.6829,0.1302,0.1615,0.4452,-0.0362,0.1313,0.9418,1.0001,0.0360,0.0425,False,0.5978,0.4780,mid,0.1200,91.3720,63.8699,60.3263,P(loss) > 12%,strong-day fix (AMD); low corr (avg rho 0.48); cheap (CPN/IV < 0.20); below mid target 12%,px > LO PT (AMD/ARM); earnings <=3d after obs #1 (AMD/ARM),0.4357,False,False
AMD+ARM+DELL,3,88,55,55,0.1117,0.0150,0.3103,0.0322,0.0380,0.0167,0.5336,0.6922,0.6617,3.9701,4.3915,0.1650,0.2014,0.4354,-0.0349,0.1868,0.7408,1.0001,0.0302,0.0815,False,0.5978,0.4780,mid,0.1200,91.3720,63.8699,60.3263,P(KO@1) < 55%; P(loss) > 12%,strong-day fix (AMD); low corr (avg rho 0.48); cheap (CPN/IV < 0.20); below mid target 12%,px > LO PT (AMD/ARM); earnings <=3d after obs #1 (AMD/ARM),0.3405,False,True
AMD+ARM+DELL,3,90,55,55,0.1287,0.0418,0.3451,0.0290,0.0436,0.0234,0.4754,0.6456,0.6124,4.4267,4.8876,0.1898,0.2285,0.4302,-0.0342,0.2154,0.6106,1.0001,0.0271,0.1016,False,0.5978,0.4780,mid,0.1200,91.3720,63.8699,60.3263,P(KO@1) < 55%; P(loss) > 12%,strong-day fix (AMD); low corr (avg rho 0.48),px > LO PT (AMD/ARM); earnings <=3d after obs #1 (AMD/ARM),0.2708,False,True
AMD+ARM+DELL,3,80,60,60,0.0162,-0.1402,0.1918,0.0521,0.0207,-0.0042,0.7569,0.8531,0.8359,2.4168,2.6465,0.0832,0.1070,0.4907,-0.0375,0.0271,1.2931,0.8546,0.0497,-0.0335,True,0.5978,0.4780,mid,0.1200,91.3720,63.8699,60.3263,,strong-day fix (AMD); low corr (avg rho 0.48); cheap (CPN/IV < 0.20); below mid target 12%,px > LO PT (AMD/ARM); earnings <=3d after obs #1 (AMD/ARM),0.5643,False,False
AMD+ARM+DELL,3,83,60,60,0.0723,-0.0572,0.2316,0.0432,0.0295,0.0059,0.6776,0.7988,0.7762,2.9400,3.2426,0.1140,0.1445,0.4788,-0.0369,0.1209,1.0798,0.8546,0.0408,0.0315,False,0.5978,0.4780,mid,0.1200,91.3720,63.8699,60.3263,,strong-day fix (AMD); low corr (avg rho 0.48); cheap (CPN/IV < 0.20); below mid target 12%,px > LO PT (AMD/ARM); earnings <=3d after obs #1 (AMD/ARM),0.4949,False,False
AMD+ARM+DELL,3,85,60,60,0.1010,-0.0138,0.2613,0.0383,0.0356,0.0129,0.6211,0.7582,0.7325,3.3321,3.6816,0.1370,0.1716,0.4710,-0.0365,0.1689,0.9418,0.8546,0.0360,0.0649,False,0.5978,0.4780,mid,0.1200,91.3720,63.8699,60.3263,P(loss) > 12%,strong-day fix (AMD); low corr (avg rho 0.48); cheap (CPN/IV < 0.20); below mid target 12%,px > LO PT (AMD/ARM); earnings <=3d after obs #1 (AMD/ARM),0.4371,False,True
AMD+ARM+DELL,3,88,60,60,0.1362,0.0395,0.3101,0.0322,0.0456,0.0243,0.5336,0.6925,0.6620,3.9684,4.3894,0.1744,0.2149,0.4604,-0.0352,0.2279,0.7408,0.8546,0.0302,0.1060,False,0.5978,0.4780,mid,0.1200,91.3720,63.8699,60.3263,P(KO@1) < 55%; P(loss) > 12%,strong-day fix (AMD); low corr (avg rho 0.48),px > LO PT (AMD/ARM); earnings <=3d after obs #1 (AMD/ARM),0.3386,False,True
AMD+ARM+DELL,3,90,60,60,0.1543,0.0674,0.3449,0.0290,0.0524,0.0322,0.4754,0.6459,0.6127,4.4243,4.8848,0.2011,0.2445,0.4548,-0.0346,0.2582,0.6106,0.8546,0.0271,0.1272,False,0.5978,0.4780,mid,0.1200,91.3720,63.8699,60.3263,P(KO@1) < 55%; P(loss) > 12%,strong-day fix (AMD); low corr (avg rho 0.48),px > LO PT (AMD/ARM); earnings <=3d after obs #1 (AMD/ARM),0.2663,False,True
ARM+DELL+PANW,3,80,50,50,-0.0236,-0.1810,0.1907,0.0524,0.0132,-0.0117,0.7397,0.8445,0.8202,2.4980,2.8149,0.0795,0.1070,0.4308,-0.0392,-0.0399,1.3035,1.1688,0.0480,-0.0717,True,0.5930,0.2793,mid,0.1200,91.4405,64.0973,60.3263,,low corr (avg rho 0.28); cheap (CPN/IV < 0.20); below mid target 12%,px > LO PT (ARM/PANW); earnings <=3d after obs #1 (ARM),0.5815,False,False
ARM+DELL+PANW,3,83,50,50,0.0273,-0.1031,0.2301,0.0435,0.0193,-0.0044,0.6523,0.7842,0.7519,3.0763,3.5095,0.1093,0.1449,0.4212,-0.0391,0.0460,1.0884,1.1688,0.0390,-0.0117,False,0.5930,0.2793,mid,0.1200,91.4405,64.0973,60.3263,,low corr (avg rho 0.28); cheap (CPN/IV < 0.20); below mid target 12%,px > LO PT (ARM/PANW); earnings <=3d after obs #1 (ARM),0.4927,False,False
ARM+DELL+PANW,3,85,50,50,0.0542,-0.0611,0.2602,0.0384,0.0235,0.0007,0.5907,0.7399,0.7018,3.5038,4.0188,0.1308,0.1722,0.4154,-0.0385,0.0914,0.9493,1.1688,0.0342,0.0200,False,0.5930,0.2793,mid,0.1200,91.4405,64.0973,60.3263,P(loss) > 12%,low corr (avg rho 0.28); cheap (CPN/IV < 0.20); below mid target 12%,px > LO PT (ARM/PANW); earnings <=3d after obs #1 (ARM),0.4333,False,False
ARM+DELL+PANW,3,88,50,50,0.0844,-0.0127,0.3089,0.0324,0.0296,0.0083,0.4944,0.6669,0.6206,4.2132,4.8434,0.1663,0.2152,0.4049,-0.0377,0.1424,0.7467,1.1688,0.0285,0.0559,False,0.5930,0.2793,mid,0.1200,91.4405,64.0973,60.3263,P(KO@1) < 55%; P(loss) > 12%,low corr (avg rho 0.28); cheap (CPN/IV < 0.20); below mid target 12%,px > LO PT (ARM/PANW); earnings <=3d after obs #1 (ARM),0.3295,False,False
ARM+DELL+PANW,3,90,50,50,0.1004,0.0131,0.3440,0.0291,0.0338,0.0136,0.4309,0.6152,0.5644,4.7129,5.4132,0.1905,0.2435,0.4003,-0.0368,0.1692,0.6155,1.1688,0.0255,0.0749,False,0.5930,0.2793,mid,0.1200,91.4405,64.0973,60.3263,P(KO@1) < 55%; P(loss) > 12%,low corr (avg rho 0.28); cheap (CPN/IV < 0.20); below mid target 12%,px > LO PT (ARM/PANW); earnings <=3d after obs #1 (ARM),0.2567,False,True
ARM+DELL+PANW,3,80,55,55,-0.0036,-0.1610,0.1907,0.0524,0.0170,-0.0079,0.7397,0.8446,0.8202,2.4974,2.8145,0.0843,0.1149,0.4598,-0.0395,-0.0061,1.3035,1.0081,0.0480,-0.0517,True,0.5930,0.2793,mid,0.1200,91.4405,64.0973,60.3263,,low corr (avg rho 0.28); cheap (CPN/IV < 0.20); below mid target 12%,px > LO PT (ARM/PANW); earnings <=3d after obs #1 (ARM),0.5736,False,False
ARM+DELL+PANW,3,83,55,55,0.0501,-0.0803,0.2301,0.0435,0.0245,0.0008,0.6523,0.7844,0.7520,3.0753,3.5082,0.1164,0.1567,0.4496,-0.0395,0.0845,1.0884,1.0081,0.0390,0.0111,False,0.5930,0.2793,mid,0.1200,91.4405,64.0973,60.3263,,low corr (avg rho 0.28); cheap (CPN/IV < 0.20); below mid target 12%,px > LO PT (ARM/PANW); earnings <=3d after obs #1 (ARM),0.4938,False,False
ARM+DELL+PANW,3,85,55,55,0.0785,-0.0369,0.2601,0.0384,0.0298,0.0070,0.5907,0.7401,0.7019,3.5024,4.0172,0.1400,0.1870,0.4426,-0.0390,0.1323,0.9493,1.0081,0.0343,0.0442,False,0.5930,0.2793,mid,0.1200,91.4405,64.0973,60.3263,P(loss) > 12%,low corr (avg rho 0.28); cheap (CPN/IV < 0.20); below mid target 12%,px > LO PT (ARM/PANW); earnings <=3d after obs #1 (ARM),0.4317,False,False
ARM+DELL+PANW,3,88,55,55,0.1106,0.0134,0.3088,0.0324,0.0377,0.0164,0.4944,0.6671,0.6207,4.2113,4.8417,0.1790,0.2349,0.4314,-0.0384,0.1865,0.7467,1.0081,0.0285,0.0821,False,0.5930,0.2793,mid,0.1200,91.4405,64.0973,60.3263,P(KO@1) < 55%; P(loss) > 12%,low corr (avg rho 0.28); cheap (CPN/IV < 0.20); below mid target 12%,px > LO PT (ARM/PANW); earnings <=3d after obs #1 (ARM),0.3231,False,True
ARM+DELL+PANW,3,90,55,55,0.1275,0.0403,0.3438,0.0291,0.0432,0.0229,0.4309,0.6155,0.5646,4.7106,5.4110,0.2058,0.2666,0.4262,-0.0376,0.2150,0.6155,1.0081,0.0255,0.1020,False,0.5930,0.2793,mid,0.1200,91.4405,64.0973,60.3263,P(KO@1) < 55%; P(loss) > 12%,low corr (avg rho 0.28),px > LO PT (ARM/PANW); earnings <=3d after obs #1 (ARM),0.2465,False,True
ARM+DELL+PANW,3,80,60,60,0.0147,-0.1426,0.1907,0.0524,0.0205,-0.0044,0.7397,0.8447,0.8203,2.4976,2.8143,0.0879,0.1213,0.4880,-0.0398,0.0248,1.3035,0.8614,0.0480,-0.0334,True,0.5930,0.2793,mid,0.1200,91.4405,64.0973,60.3263,,low corr (avg rho 0.28); cheap (CPN/IV < 0.20); below mid target 12%,px > LO PT (ARM/PANW); earnings <=3d after obs #1 (ARM),0.5759,False,False
ARM+DELL+PANW,3,83,60,60,0.0711,-0.0593,0.2301,0.0435,0.0294,0.0057,0.6523,0.7846,0.7522,3.0750,3.5074,0.1220,0.1661,0.4764,-0.0399,0.1199,1.0884,0.8614,0.0390,0.0321,False,0.5930,0.2793,mid,0.1200,91.4405,64.0973,60.3263,P(loss) > 12%,low corr (avg rho 0.28); cheap (CPN/IV < 0.20); below mid target 12%,px > LO PT (ARM/PANW); earnings <=3d after obs #1 (ARM),0.4963,False,False
ARM+DELL+PANW,3,85,60,60,0.1011,-0.0143,0.2601,0.0385,0.0357,0.0129,0.5907,0.7403,0.7020,3.5017,4.0166,0.1471,0.1990,0.4693,-0.0395,0.1705,0.9493,0.8614,0.0343,0.0668,False,0.5930,0.2793,mid,0.1200,91.4405,64.0973,60.3263,P(loss) > 12%,low corr (avg rho 0.28); cheap (CPN/IV < 0.20); below mid target 12%,px > LO PT (ARM/PANW); earnings <=3d after obs #1 (ARM),0.4326,False,True
ARM+DELL+PANW,3,88,60,60,0.1351,0.0379,0.3087,0.0324,0.0452,0.0239,0.4944,0.6673,0.6209,4.2099,4.8398,0.1890,0.2510,0.4575,-0.0391,0.2277,0.7467,0.8614,0.0285,0.1066,False,0.5930,0.2793,mid,0.1200,91.4405,64.0973,60.3263,P(KO@1) < 55%; P(loss) > 12%,low corr (avg rho 0.28),px > LO PT (ARM/PANW); earnings <=3d after obs #1 (ARM),0.3203,False,True
ARM+DELL+PANW,3,90,60,60,0.1530,0.0657,0.3437,0.0291,0.0520,0.0317,0.4309,0.6158,0.5648,4.7076,5.4078,0.2178,0.2856,0.4517,-0.0383,0.2581,0.6155,0.8614,0.0255,0.1276,False,0.5930,0.2793,mid,0.1200,91.4405,64.0973,60.3263,P(KO@1) < 55%; P(loss) > 12%,low corr (avg rho 0.28),px > LO PT (ARM/PANW); earnings <=3d after obs #1 (ARM),0.2408,False,True
ARM+DELL+DIS,3,80,50,50,-0.0493,-0.2176,0.1783,0.0561,0.0104,-0.0148,0.7835,0.8720,0.8587,2.2342,2.4176,0.0645,0.0788,0.4346,-0.0372,-0.0977,1.5318,1.3735,0.0537,-0.1030,True,0.5046,0.1764,mid,0.1200,92.7161,68.4899,60.3263,,low corr (avg rho 0.18); cheap (CPN/IV < 0.20); below mid target 12%,px > LO PT (ARM); earnings <=3d after obs #1 (ARM),0.6331,False,False
ARM+DELL+DIS,3,83,50,50,0.0015,-0.1400,0.2120,0.0472,0.0155,-0.0088,0.7127,0.8248,0.8052,2.6874,2.9588,0.0873,0.1065,0.4253,-0.0368,0.0030,1.2790,1.3735,0.0447,-0.0431,True,0.5046,0.1764,mid,0.1200,92.7161,68.4899,60.3263,,low corr (avg rho 0.18); cheap (CPN/IV < 0.20); below mid target 12%,px > LO PT (ARM); earnings <=3d after obs #1 (ARM),0.5524,False,False
ARM+DELL+DIS,3,85,50,50,0.0288,-0.0976,0.2373,0.0421,0.0190,-0.0045,0.6599,0.7887,0.7633,3.0341,3.3836,0.1036,0.1272,0.4199,-0.0362,0.0571,1.1156,1.3735,0.0396,-0.0107,False,0.5046,0.1764,mid,0.1200,92.7161,68.4899,60.3263,,low corr (avg rho 0.18); cheap (CPN/IV < 0.20); below mid target 12%,px > LO PT (ARM); earnings <=3d after obs #1 (ARM),0.5105,False,False
ARM+DELL+DIS,3,88,50,50,0.0608,-0.0464,0.2797,0.0357,0.0240,0.0018,0.5706,0.7256,0.6897,3.6425,4.1349,0.1306,0.1617,0.4104,-0.0352,0.1205,0.8775,1.3735,0.0329,0.0279,False,0.5046,0.1764,mid,0.1200,92.7161,68.4899,60.3263,P(loss) > 12%,low corr (avg rho 0.18); cheap (CPN/IV < 0.20); below mid target 12%,px > LO PT (ARM); earnings <=3d after obs #1 (ARM),0.4306,False,False
ARM+DELL+DIS,3,90,50,50,0.0782,-0.0181,0.3116,0.0321,0.0276,0.0063,0.5036,0.6760,0.6313,4.1188,4.7274,0.1508,0.1872,0.4046,-0.0342,0.1549,0.7232,1.3735,0.0291,0.0491,False,0.5046,0.1764,mid,0.1200,92.7161,68.4899,60.3263,P(KO@1) < 55%; P(loss) > 12%,low corr (avg rho 0.18); cheap (CPN/IV < 0.20); below mid target 12%,px > LO PT (ARM); earnings <=3d after obs #1 (ARM),0.3660,False,False
ARM+DELL+DIS,3,92,50,50,0.0925,0.0057,0.3458,0.0289,0.0311,0.0109,0.4324,0.6203,0.5670,4.6514,5.3808,0.1724,0.2142,0.3977,-0.0327,0.1833,0.5724,1.3735,0.0258,0.0667,False,0.5046,0.1764,mid,0.1200,92.7161,68.4899,60.3263,P(KO@1) < 55%; P(loss) > 12%,low corr (avg rho 0.18); cheap (CPN/IV < 0.20); below mid target 12%,px > LO PT (ARM); earnings <=3d after obs #1 (ARM),0.2934,False,True
ARM+DELL+DIS,3,80,55,55,-0.0308,-0.1991,0.1783,0.0561,0.0137,-0.0115,0.7835,0.8721,0.8587,2.2338,2.4173,0.0685,0.0849,0.4623,-0.0374,-0.0611,1.5318,1.1847,0.0537,-0.0846,True,0.5046,0.1764,mid,0.1200,92.7161,68.4899,60.3263,,low corr (avg rho 0.18); cheap (CPN/IV < 0.20); below mid target 12%,px > LO PT (ARM); earnings <=3d after obs #1 (ARM),0.6264,False,False
ARM+DELL+DIS,3,83,55,55,0.0227,-0.1189,0.2119,0.0472,0.0200,-0.0043,0.7127,0.8249,0.8053,2.6867,2.9579,0.0930,0.1154,0.4530,-0.0370,0.0450,1.2790,1.1847,0.0447,-0.0220,True,0.5046,0.1764,mid,0.1200,92.7161,68.4899,60.3263,,low corr (avg rho 0.18); cheap (CPN/IV < 0.20); below mid target 12%,px > LO PT (ARM); earnings <=3d after obs #1 (ARM),0.5569,False,False
ARM+DELL+DIS,3,85,55,55,0.0513,-0.0752,0.2372,0.0422,0.0243,0.0008,0.6599,0.7889,0.7635,3.0328,3.3822,0.1110,0.1388,0.4458,-0.0365,0.1016,1.1156,1.1847,0.0396,0.0117,False,0.5046,0.1764,mid,0.1200,92.7161,68.4899,60.3263,,low corr (avg rho 0.18); cheap (CPN/IV < 0.20); below mid target 12%,px > LO PT (ARM); earnings <=3d after obs #1 (ARM),0.5130,False,False
ARM+DELL+DIS,3,88,55,55,0.0851,-0.0222,0.2796,0.0358,0.0308,0.0086,0.5706,0.7257,0.6898,3.6406,4.1331,0.1412,0.1778,0.4345,-0.0355,0.1687,0.8775,1.1847,0.0330,0.0521,False,0.5046,0.1764,mid,0.1200,92.7161,68.4899,60.3263,P(loss) > 12%,low corr (avg rho 0.18); cheap (CPN/IV < 0.20); below mid target 12%,px > LO PT (ARM); earnings <=3d after obs #1 (ARM),0.4292,False,False
ARM+DELL+DIS,3,90,55,55,0.1034,0.0071,0.3114,0.0321,0.0354,0.0142,0.5036,0.6763,0.6315,4.1166,4.7257,0.1637,0.2070,0.4278,-0.0346,0.2049,0.7232,1.1847,0.0292,0.0743,False,0.5046,0.1764,mid,0.1200,92.7161,68.4899,60.3263,P(KO@1) < 55%; P(loss) > 12%,low corr (avg rho 0.18); below mid target 12%,px > LO PT (ARM); earnings <=3d after obs #1 (ARM),0.3612,False,True
ARM+DELL+DIS,3,92,55,55,0.1185,0.0318,0.3457,0.0289,0.0401,0.0199,0.4324,0.6206,0.5672,4.6489,5.3782,0.1882,0.2380,0.4202,-0.0332,0.2349,0.5724,1.1847,0.0258,0.0927,False,0.5046,0.1764,mid,0.1200,92.7161,68.4899,60.3263,P(KO@1) < 55%; P(loss) > 12%,low corr (avg rho 0.18); below mid target 12%,px > LO PT (ARM); earnings <=3d after obs #1 (ARM),0.2844,False,True
ARM+DELL+DIS,3,80,60,60,-0.0138,-0.1820,0.1783,0.0561,0.0167,-0.0085,0.7835,0.8722,0.8588,2.2340,2.4176,0.0716,0.0900,0.4889,-0.0376,-0.0273,1.5318,1.0122,0.0537,-0.0675,True,0.5046,0.1764,mid,0.1200,92.7161,68.4899,60.3263,,low corr (avg rho 0.18); cheap (CPN/IV < 0.20); below mid target 12%,px > LO PT (ARM); earnings <=3d after obs #1 (ARM),0.6213,False,False
ARM+DELL+DIS,3,83,60,60,0.0422,-0.0993,0.2119,0.0472,0.0241,-0.0001,0.7127,0.8251,0.8054,2.6868,2.9579,0.0978,0.1232,0.4782,-0.0373,0.0837,1.2790,1.0122,0.0447,-0.0024,True,0.5046,0.1764,mid,0.1200,92.7161,68.4899,60.3263,,low corr (avg rho 0.18); cheap (CPN/IV < 0.20); below mid target 12%,px > LO PT (ARM); earnings <=3d after obs #1 (ARM),0.5620,False,False
ARM+DELL+DIS,3,85,60,60,0.0723,-0.0542,0.2371,0.0422,0.0293,0.0058,0.6599,0.7890,0.7635,3.0324,3.3819,0.1171,0.1489,0.4706,-0.0368,0.1434,1.1156,1.0122,0.0396,0.0328,False,0.5046,0.1764,mid,0.1200,92.7161,68.4899,60.3263,,low corr (avg rho 0.18); cheap (CPN/IV < 0.20); below mid target 12%,px > LO PT (ARM); earnings <=3d after obs #1 (ARM),0.5168,False,False
ARM+DELL+DIS,3,88,60,60,0.1079,0.0006,0.2796,0.0358,0.0372,0.0150,0.5706,0.7260,0.6899,3.6395,4.1320,0.1500,0.1922,0.4575,-0.0359,0.2139,0.8775,1.0122,0.0330,0.0750,False,0.5046,0.1764,mid,0.1200,92.7161,68.4899,60.3263,P(loss) > 12%,low corr (avg rho 0.18); below mid target 12%,px > LO PT (ARM); earnings <=3d after obs #1 (ARM),0.4296,False,True
ARM+DELL+DIS,3,90,60,60,0.1272,0.0309,0.3113,0.0321,0.0428,0.0216,0.5036,0.6766,0.6317,4.1142,4.7227,0.1747,0.2247,0.4497,-0.0350,0.2521,0.7232,1.0122,0.0292,0.0981,False,0.5046,0.1764,mid,0.1200,92.7161,68.4899,60.3263,P(KO@1) < 55%; P(loss) > 12%,low corr (avg rho 0.18),px > LO PT (ARM); earnings <=3d after obs #1 (ARM),0.3586,False,True
ARM+DELL+DIS,3,92,60,60,0.1433,0.0565,0.3455,0.0289,0.0487,0.0284,0.4324,0.6209,0.5675,4.6464,5.3753,0.2017,0.2592,0.4416,-0.0336,0.2840,0.5724,1.0122,0.0258,0.1175,False,0.5046,0.1764,mid,0.1200,92.7161,68.4899,60.3263,P(KO@1) < 55%; P(loss) > 12%,low corr (avg rho 0.18),px > LO PT (ARM); earnings <=3d after obs #1 (ARM),0.2782,False,True
AMAT+ARM+DDOG,3,80,50,50,-0.0319,-0.1893,0.1905,0.0525,0.0117,-0.0132,0.7352,0.8420,0.8172,2.5165,2.8477,0.0782,0.1065,0.4140,-0.0390,-0.0536,1.3008,1.1664,0.0477,-0.0795,True,0.5942,0.2174,mid,0.1200,91.4228,64.0386,64.4549,,low corr (avg rho 0.22); cheap (CPN/IV < 0.20); below mid target 12%,px > LO PT (ARM/DDOG); earnings <=3d after obs #1 (ARM/DDOG),0.5810,False,False
AMAT+ARM+DDOG,3,83,50,50,0.0183,-0.1119,0.2304,0.0434,0.0172,-0.0065,0.6452,0.7811,0.7467,3.1013,3.5596,0.1070,0.1446,0.4032,-0.0384,0.0307,1.0862,1.1664,0.0387,-0.0204,False,0.5942,0.2174,mid,0.1200,91.4228,64.0386,64.4549,,low corr (avg rho 0.22); cheap (CPN/IV < 0.20); below mid target 12%,px > LO PT (ARM/DDOG); earnings <=3d after obs #1 (ARM/DDOG),0.4875,False,False
AMAT+ARM+DDOG,3,85,50,50,0.0438,-0.0714,0.2604,0.0384,0.0208,-0.0020,0.5808,0.7346,0.6942,3.5456,4.0924,0.1285,0.1723,0.3971,-0.0381,0.0737,0.9474,1.1664,0.0338,0.0100,False,0.5942,0.2174,mid,0.1200,91.4228,64.0386,64.4549,P(loss) > 12%,low corr (avg rho 0.22); cheap (CPN/IV < 0.20); below mid target 12%,px > LO PT (ARM/DDOG); earnings <=3d after obs #1 (ARM/DDOG),0.4255,False,False
AMAT+ARM+DDOG,3,88,50,50,0.0746,-0.0221,0.3101,0.0322,0.0265,0.0052,0.4816,0.6584,0.6088,4.2812,4.9675,0.1645,0.2164,0.3882,-0.0372,0.1256,0.7452,1.1664,0.0280,0.0466,False,0.5942,0.2174,mid,0.1200,91.4228,64.0386,64.4549,P(KO@1) < 55%; P(loss) > 12%,low corr (avg rho 0.22); cheap (CPN/IV < 0.20); below mid target 12%,px > LO PT (ARM/DDOG); earnings <=3d after obs #1 (ARM/DDOG),0.3191,False,False
AMAT+ARM+DDOG,3,90,50,50,0.0904,0.0035,0.3453,0.0290,0.0304,0.0101,0.4171,0.6056,0.5504,4.7946,5.5590,0.1890,0.2452,0.3831,-0.0363,0.1521,0.6142,1.1664,0.0250,0.0654,False,0.5942,0.2174,mid,0.1200,91.4228,64.0386,64.4549,P(KO@1) < 55%; P(loss) > 12%,low corr (avg rho 0.22); cheap (CPN/IV < 0.20); below mid target 12%,px > LO PT (ARM/DDOG); earnings <=3d after obs #1 (ARM/DDOG),0.2449,False,True
AMAT+ARM+DDOG,3,80,55,55,-0.0120,-0.1695,0.1904,0.0525,0.0155,-0.0094,0.7352,0.8421,0.8173,2.5157,2.8470,0.0835,0.1153,0.4425,-0.0395,-0.0201,1.3008,1.0060,0.0477,-0.0597,True,0.5942,0.2174,mid,0.1200,91.4228,64.0386,64.4549,,low corr (avg rho 0.22); cheap (CPN/IV < 0.20); below mid target 12%,px > LO PT (ARM/DDOG); earnings <=3d after obs #1 (ARM/DDOG),0.5722,False,False
AMAT+ARM+DDOG,3,83,55,55,0.0410,-0.0892,0.2304,0.0434,0.0224,-0.0013,0.6452,0.7813,0.7469,3.1003,3.5588,0.1149,0.1577,0.4309,-0.0389,0.0690,1.0862,1.0060,0.0387,0.0023,False,0.5942,0.2174,mid,0.1200,91.4228,64.0386,64.4549,,low corr (avg rho 0.22); cheap (CPN/IV < 0.20); below mid target 12%,px > LO PT (ARM/DDOG); earnings <=3d after obs #1 (ARM/DDOG),0.4871,False,False
AMAT+ARM+DDOG,3,85,55,55,0.0681,-0.0471,0.2603,0.0384,0.0271,0.0043,0.5808,0.7349,0.6944,3.5438,4.0904,0.1385,0.1885,0.4242,-0.0386,0.1146,0.9474,1.0060,0.0339,0.0342,False,0.5942,0.2174,mid,0.1200,91.4228,64.0386,64.4549,P(loss) > 12%,low corr (avg rho 0.22); cheap (CPN/IV < 0.20); below mid target 12%,px > LO PT (ARM/DDOG); earnings <=3d after obs #1 (ARM/DDOG),0.4224,False,False
AMAT+ARM+DDOG,3,88,55,55,0.1009,0.0041,0.3099,0.0323,0.0347,0.0134,0.4816,0.6587,0.6090,4.2788,4.9650,0.1785,0.2385,0.4145,-0.0380,0.1697,0.7452,1.0060,0.0280,0.0728,False,0.5942,0.2174,mid,0.1200,91.4228,64.0386,64.4549,P(KO@1) < 55%; P(loss) > 12%,low corr (avg rho 0.22); cheap (CPN/IV < 0.20); below mid target 12%,px > LO PT (ARM/DDOG); earnings <=3d after obs #1 (ARM/DDOG),0.3105,False,True
AMAT+ARM+DDOG,3,90,55,55,0.1176,0.0307,0.3451,0.0290,0.0398,0.0195,0.4171,0.6058,0.5506,4.7920,5.5566,0.2060,0.2712,0.4085,-0.0372,0.1979,0.6142,1.0060,0.0250,0.0926,False,0.5942,0.2174,mid,0.1200,91.4228,64.0386,64.4549,P(KO@1) < 55%; P(loss) > 12%,low corr (avg rho 0.22); cheap (CPN/IV < 0.20); below mid target 12%,px > LO PT (ARM/DDOG); earnings <=3d after obs #1 (ARM/DDOG),0.2318,False,True
AMAT+ARM+DDOG,3,80,60,60,0.0064,-0.1511,0.1904,0.0525,0.0190,-0.0059,0.7352,0.8422,0.8173,2.5156,2.8467,0.0873,0.1219,0.4714,-0.0398,0.0108,1.3008,0.8596,0.0477,-0.0413,True,0.5942,0.2174,mid,0.1200,91.4228,64.0386,64.4549,,low corr (avg rho 0.22); cheap (CPN/IV < 0.20); below mid target 12%,px > LO PT (ARM/DDOG); earnings <=3d after obs #1 (ARM/DDOG),0.5696,False,False
AMAT+ARM+DDOG,3,83,60,60,0.0622,-0.0681,0.2303,0.0434,0.0273,0.0036,0.6452,0.7814,0.7470,3.0995,3.5578,0.1208,0.1677,0.4591,-0.0394,0.1046,1.0862,0.8596,0.0387,0.0234,False,0.5942,0.2174,mid,0.1200,91.4228,64.0386,64.4549,P(loss) > 12%,low corr (avg rho 0.22); cheap (CPN/IV < 0.20); below mid target 12%,px > LO PT (ARM/DDOG); earnings <=3d after obs #1 (ARM/DDOG),0.4892,False,False
AMAT+ARM+DDOG,3,85,60,60,0.0908,-0.0244,0.2602,0.0384,0.0330,0.0102,0.5808,0.7351,0.6945,3.5425,4.0889,0.1462,0.2014,0.4515,-0.0392,0.1529,0.9474,0.8596,0.0339,0.0570,False,0.5942,0.2174,mid,0.1200,91.4228,64.0386,64.4549,P(loss) > 12%,low corr (avg rho 0.22); cheap (CPN/IV < 0.20); below mid target 12%,px > LO PT (ARM/DDOG); earnings <=3d after obs #1 (ARM/DDOG),0.4224,False,True
AMAT+ARM+DDOG,3,88,60,60,0.1256,0.0288,0.3098,0.0323,0.0423,0.0210,0.4816,0.6590,0.6091,4.2772,4.9631,0.1892,0.2564,0.4413,-0.0387,0.2113,0.7452,0.8596,0.0281,0.0975,False,0.5942,0.2174,mid,0.1200,91.4228,64.0386,64.4549,P(KO@1) < 55%; P(loss) > 12%,low corr (avg rho 0.22),px > LO PT (ARM/DDOG); earnings <=3d after obs #1 (ARM/DDOG),0.3066,False,True
AMAT+ARM+DDOG,3,90,60,60,0.1434,0.0565,0.3449,0.0290,0.0487,0.0284,0.4171,0.6062,0.5509,4.7889,5.5536,0.2191,0.2922,0.4347,-0.0380,0.2414,0.6142,0.8596,0.0251,0.1184,False,0.5942,0.2174,mid,0.1200,91.4228,64.0386,64.4549,P(KO@1) < 55%; P(loss) > 12%,low corr (avg rho 0.22),px > LO PT (ARM/DDOG); earnings <=3d after obs #1 (ARM/DDOG),0.2245,False,True
MU+ARM+DDOG,3,80,50,50,-0.0281,-0.1865,0.1894,0.0528,0.0050,-0.0124,0.7370,0.8434,0.8182,2.5041,2.8399,0.0790,0.1082,0.4261,-0.0395,-0.0453,1.2467,1.1179,0.0479,-0.0760,True,0.6200,0.2457,high-vol,0.1600,91.0505,62.8116,61.4598,,low corr (avg rho 0.25); cheap (CPN/IV < 0.20); below high-vol target 16%,px > LO PT (ARM/DDOG); earnings <=3d after obs #1 (ARM/DDOG),0.5809,False,False
MU+ARM+DDOG,3,83,50,50,0.0234,-0.1075,0.2292,0.0436,0.0093,-0.0053,0.6477,0.7832,0.7484,3.0842,3.5473,0.1083,0.1473,0.4157,-0.0390,0.0377,1.0410,1.1179,0.0389,-0.0155,False,0.6200,0.2457,high-vol,0.1600,91.0505,62.8116,61.4598,,low corr (avg rho 0.25); cheap (CPN/IV < 0.20); below high-vol target 16%,px > LO PT (ARM/DDOG); earnings <=3d after obs #1 (ARM/DDOG),0.4894,False,False
MU+ARM+DDOG,3,85,50,50,0.0495,-0.0664,0.2589,0.0386,0.0120,-0.0005,0.5845,0.7375,0.6971,3.5216,4.0671,0.1302,0.1751,0.4096,-0.0388,0.0798,0.9080,1.1179,0.0341,0.0154,False,0.6200,0.2457,high-vol,0.1600,91.0505,62.8116,61.4598,P(loss) > 12%,low corr (avg rho 0.25); cheap (CPN/IV < 0.20); below high-vol target 16%,px > LO PT (ARM/DDOG); earnings <=3d after obs #1 (ARM/DDOG),0.4270,False,False
MU+ARM+DDOG,3,88,50,50,0.0813,-0.0160,0.3083,0.0324,0.0163,0.0073,0.4864,0.6628,0.6130,4.2436,4.9249,0.1666,0.2200,0.4007,-0.0380,0.1312,0.7142,1.1179,0.0283,0.0530,False,0.6200,0.2457,high-vol,0.1600,91.0505,62.8116,61.4598,P(KO@1) < 55%; P(loss) > 12%,low corr (avg rho 0.25); cheap (CPN/IV < 0.20); below high-vol target 16%,px > LO PT (ARM/DDOG); earnings <=3d after obs #1 (ARM/DDOG),0.3207,False,False
MU+ARM+DDOG,3,90,50,50,0.0978,0.0104,0.3433,0.0291,0.0192,0.0127,0.4226,0.6106,0.5557,4.7494,5.5078,0.1917,0.2496,0.3955,-0.0371,0.1577,0.5886,1.1179,0.0253,0.0725,False,0.6200,0.2457,high-vol,0.1600,91.0505,62.8116,61.4598,P(KO@1) < 55%; P(loss) > 12%,low corr (avg rho 0.25); cheap (CPN/IV < 0.20); below high-vol target 16%,px > LO PT (ARM/DDOG); earnings <=3d after obs #1 (ARM/DDOG),0.2460,False,True
MU+ARM+DDOG,3,80,55,55,-0.0084,-0.1668,0.1894,0.0528,0.0087,-0.0086,0.7370,0.8435,0.8183,2.5038,2.8395,0.0837,0.1166,0.4556,-0.0399,-0.0136,1.2467,0.9642,0.0479,-0.0563,True,0.6200,0.2457,high-vol,0.1600,91.0505,62.8116,61.4598,,low corr (avg rho 0.25); cheap (CPN/IV < 0.20); below high-vol target 16%,px > LO PT (ARM/DDOG); earnings <=3d after obs #1 (ARM/DDOG),0.5730,False,False
MU+ARM+DDOG,3,83,55,55,0.0460,-0.0849,0.2292,0.0436,0.0145,-0.0001,0.6477,0.7834,0.7486,3.0829,3.5459,0.1156,0.1595,0.4439,-0.0395,0.0741,1.0410,0.9642,0.0389,0.0070,False,0.6200,0.2457,high-vol,0.1600,91.0505,62.8116,61.4598,,low corr (avg rho 0.25); cheap (CPN/IV < 0.20); below high-vol target 16%,px > LO PT (ARM/DDOG); earnings <=3d after obs #1 (ARM/DDOG),0.4894,False,False
MU+ARM+DDOG,3,85,55,55,0.0736,-0.0423,0.2588,0.0386,0.0182,0.0058,0.5845,0.7377,0.6972,3.5205,4.0655,0.1397,0.1906,0.4370,-0.0394,0.1187,0.9080,0.9642,0.0341,0.0395,False,0.6200,0.2457,high-vol,0.1600,91.0505,62.8116,61.4598,P(loss) > 12%,low corr (avg rho 0.25); cheap (CPN/IV < 0.20); below high-vol target 16%,px > LO PT (ARM/DDOG); earnings <=3d after obs #1 (ARM/DDOG),0.4242,False,False
MU+ARM+DDOG,3,88,55,55,0.1075,0.0101,0.3082,0.0325,0.0244,0.0154,0.4864,0.6631,0.6132,4.2413,4.9225,0.1797,0.2409,0.4271,-0.0387,0.1733,0.7142,0.9642,0.0283,0.0792,False,0.6200,0.2457,high-vol,0.1600,91.0505,62.8116,61.4598,P(KO@1) < 55%; P(loss) > 12%,low corr (avg rho 0.25); cheap (CPN/IV < 0.20); below high-vol target 16%,px > LO PT (ARM/DDOG); earnings <=3d after obs #1 (ARM/DDOG),0.3130,False,True
MU+ARM+DDOG,3,90,55,55,0.1250,0.0376,0.3431,0.0291,0.0286,0.0220,0.4226,0.6109,0.5558,4.7462,5.5048,0.2073,0.2739,0.4216,-0.0380,0.2016,0.5886,0.9642,0.0253,0.0997,False,0.6200,0.2457,high-vol,0.1600,91.0505,62.8116,61.4598,P(KO@1) < 55%; P(loss) > 12%,low corr (avg rho 0.25); below high-vol target 16%,px > LO PT (ARM/DDOG); earnings <=3d after obs #1 (ARM/DDOG),0.2346,False,True
MU+ARM+DDOG,3,80,60,60,0.0097,-0.1486,0.1894,0.0528,0.0121,-0.0052,0.7370,0.8437,0.8184,2.5039,2.8390,0.0876,0.1232,0.4830,-0.0403,0.0157,1.2467,0.8239,0.0479,-0.0382,True,0.6200,0.2457,high-vol,0.1600,91.0505,62.8116,61.4598,,low corr (avg rho 0.25); cheap (CPN/IV < 0.20); below high-vol target 16%,px > LO PT (ARM/DDOG); earnings <=3d after obs #1 (ARM/DDOG),0.5719,False,False
MU+ARM+DDOG,3,83,60,60,0.0669,-0.0641,0.2291,0.0436,0.0193,0.0047,0.6477,0.7835,0.7487,3.0819,3.5448,0.1212,0.1692,0.4713,-0.0399,0.1079,1.0410,0.8239,0.0389,0.0279,False,0.6200,0.2457,high-vol,0.1600,91.0505,62.8116,61.4598,P(loss) > 12%,low corr (avg rho 0.25); cheap (CPN/IV < 0.20); below high-vol target 16%,px > LO PT (ARM/DDOG); earnings <=3d after obs #1 (ARM/DDOG),0.4914,False,False
MU+ARM+DDOG,3,85,60,60,0.0961,-0.0199,0.2587,0.0386,0.0241,0.0116,0.5845,0.7379,0.6974,3.5194,4.0643,0.1468,0.2027,0.4641,-0.0400,0.1550,0.9080,0.8239,0.0341,0.0620,False,0.6200,0.2457,high-vol,0.1600,91.0505,62.8116,61.4598,P(loss) > 12%,low corr (avg rho 0.25); cheap (CPN/IV < 0.20); below high-vol target 16%,px > LO PT (ARM/DDOG); earnings <=3d after obs #1 (ARM/DDOG),0.4245,False,True
MU+ARM+DDOG,3,88,60,60,0.1320,0.0346,0.3081,0.0325,0.0320,0.0229,0.4864,0.6634,0.6134,4.2393,4.9207,0.1896,0.2573,0.4539,-0.0394,0.2129,0.7142,0.8239,0.0283,0.1037,False,0.6200,0.2457,high-vol,0.1600,91.0505,62.8116,61.4598,P(KO@1) < 55%; P(loss) > 12%,low corr (avg rho 0.25); below high-vol target 16%,px > LO PT (ARM/DDOG); earnings <=3d after obs #1 (ARM/DDOG),0.3097,False,True
MU+ARM+DDOG,3,90,60,60,0.1507,0.0632,0.3430,0.0292,0.0374,0.0308,0.4226,0.6111,0.5561,4.7440,5.5025,0.2196,0.2934,0.4477,-0.0387,0.2430,0.5886,0.8239,0.0253,0.1254,False,0.6200,0.2457,high-vol,0.1600,91.0505,62.8116,61.4598,P(KO@1) < 55%; P(loss) > 12%,low corr (avg rho 0.25); below high-vol target 16%,px > LO PT (ARM/DDOG); earnings <=3d after obs #1 (ARM/DDOG),0.2280,False,True
NVDA+ARM+DELL,3,80,50,50,-0.0503,-0.2187,0.1781,0.0561,0.0103,-0.0150,0.7827,0.8715,0.8573,2.2393,2.4286,0.0645,0.0794,0.4366,-0.0375,-0.0958,1.4716,1.3196,0.0536,-0.1039,True,0.5253,0.3831,mid,0.1200,92.4181,67.4376,60.3263,,low corr (avg rho 0.38); cheap (CPN/IV < 0.20); below mid target 12%,px > LO PT (ARM); earnings <=3d after obs #1 (ARM),0.6327,False,False
NVDA+ARM+DELL,3,83,50,50,0.0012,-0.1399,0.2127,0.0470,0.0153,-0.0089,0.7105,0.8237,0.8033,2.6978,2.9712,0.0870,0.1075,0.4264,-0.0368,0.0022,1.2288,1.3196,0.0445,-0.0433,True,0.5253,0.3831,mid,0.1200,92.4181,67.4376,60.3263,,low corr (avg rho 0.38); cheap (CPN/IV < 0.20); below mid target 12%,px > LO PT (ARM); earnings <=3d after obs #1 (ARM),0.5514,False,False
NVDA+ARM+DELL,3,85,50,50,0.0283,-0.0972,0.2390,0.0418,0.0187,-0.0047,0.6559,0.7857,0.7611,3.0613,3.3951,0.1044,0.1286,0.4186,-0.0365,0.0540,1.0718,1.3196,0.0392,-0.0109,False,0.5253,0.3831,mid,0.1200,92.4181,67.4376,60.3263,,low corr (avg rho 0.38); cheap (CPN/IV < 0.20); below mid target 12%,px > LO PT (ARM); earnings <=3d after obs #1 (ARM),0.5056,False,False
NVDA+ARM+DELL,3,88,50,50,0.0623,-0.0435,0.2838,0.0352,0.0242,0.0021,0.5671,0.7220,0.6894,3.6776,4.1164,0.1333,0.1631,0.4081,-0.0353,0.1185,0.8430,1.3196,0.0326,0.0296,False,0.5253,0.3831,mid,0.1200,92.4181,67.4376,60.3263,P(loss) > 12%,low corr (avg rho 0.38); cheap (CPN/IV < 0.20); below mid target 12%,px > LO PT (ARM); earnings <=3d after obs #1 (ARM),0.4230,False,False
NVDA+ARM+DELL,3,90,50,50,0.0805,-0.0142,0.3171,0.0315,0.0281,0.0070,0.5051,0.6741,0.6369,4.1365,4.6447,0.1540,0.1874,0.4023,-0.0342,0.1532,0.6948,1.3196,0.0290,0.0514,False,0.5253,0.3831,mid,0.1200,92.4181,67.4376,60.3263,P(KO@1) < 55%; P(loss) > 12%,low corr (avg rho 0.38); cheap (CPN/IV < 0.20); below mid target 12%,px > LO PT (ARM); earnings <=3d after obs #1 (ARM),0.3602,False,False
NVDA+ARM+DELL,3,92,50,50,0.0946,0.0096,0.3531,0.0283,0.0316,0.0116,0.4413,0.6234,0.5819,4.6296,5.2022,0.1758,0.2123,0.3967,-0.0332,0.1801,0.5499,1.3196,0.0259,0.0687,False,0.5253,0.3831,mid,0.1200,92.4181,67.4376,60.3263,P(KO@1) < 55%; P(loss) > 12%,low corr (avg rho 0.38); cheap (CPN/IV < 0.20); below mid target 12%,px > LO PT (ARM); earnings <=3d after obs #1 (ARM),0.2915,False,True
NVDA+ARM+DELL,3,80,55,55,-0.0321,-0.2006,0.1781,0.0561,0.0135,-0.0118,0.7827,0.8715,0.8574,2.2391,2.4285,0.0686,0.0857,0.4628,-0.0378,-0.0612,1.4716,1.1381,0.0536,-0.0857,True,0.5253,0.3831,mid,0.1200,92.4181,67.4376,60.3263,,low corr (avg rho 0.38); cheap (CPN/IV < 0.20); below mid target 12%,px > LO PT (ARM); earnings <=3d after obs #1 (ARM),0.6257,False,False
NVDA+ARM+DELL,3,83,55,55,0.0221,-0.1190,0.2127,0.0470,0.0198,-0.0044,0.7105,0.8238,0.8034,2.6972,2.9707,0.0931,0.1167,0.4516,-0.0371,0.0420,1.2288,1.1381,0.0445,-0.0224,True,0.5253,0.3831,mid,0.1200,92.4181,67.4376,60.3263,,low corr (avg rho 0.38); cheap (CPN/IV < 0.20); below mid target 12%,px > LO PT (ARM); earnings <=3d after obs #1 (ARM),0.5544,False,False
NVDA+ARM+DELL,3,85,55,55,0.0508,-0.0748,0.2389,0.0419,0.0241,0.0006,0.6559,0.7858,0.7612,3.0601,3.3943,0.1122,0.1403,0.4433,-0.0368,0.0967,1.0718,1.1381,0.0392,0.0116,False,0.5253,0.3831,mid,0.1200,92.4181,67.4376,60.3263,,low corr (avg rho 0.38); cheap (CPN/IV < 0.20); below mid target 12%,px > LO PT (ARM); earnings <=3d after obs #1 (ARM),0.5068,False,False
NVDA+ARM+DELL,3,88,55,55,0.0866,-0.0192,0.2836,0.0353,0.0311,0.0090,0.5671,0.7222,0.6896,3.6757,4.1144,0.1442,0.1790,0.4324,-0.0358,0.1649,0.8430,1.1381,0.0326,0.0540,False,0.5253,0.3831,mid,0.1200,92.4181,67.4376,60.3263,P(loss) > 12%,low corr (avg rho 0.38); cheap (CPN/IV < 0.20); below mid target 12%,px > LO PT (ARM); earnings <=3d after obs #1 (ARM),0.4204,False,False
NVDA+ARM+DELL,3,90,55,55,0.1059,0.0113,0.3169,0.0316,0.0361,0.0151,0.5051,0.6743,0.6370,4.1346,4.6427,0.1674,0.2065,0.4258,-0.0348,0.2017,0.6948,1.1381,0.0290,0.0769,False,0.5253,0.3831,mid,0.1200,92.4181,67.4376,60.3263,P(KO@1) < 55%; P(loss) > 12%,low corr (avg rho 0.38); below mid target 12%,px > LO PT (ARM); earnings <=3d after obs #1 (ARM),0.3542,False,True
NVDA+ARM+DELL,3,92,55,55,0.1209,0.0359,0.3529,0.0283,0.0409,0.0209,0.4413,0.6236,0.5820,4.6275,5.2003,0.1919,0.2349,0.4192,-0.0338,0.2302,0.5499,1.1381,0.0259,0.0950,False,0.5253,0.3831,mid,0.1200,92.4181,67.4376,60.3263,P(KO@1) < 55%; P(loss) > 12%,low corr (avg rho 0.38),px > LO PT (ARM); earnings <=3d after obs #1 (ARM),0.2813,False,True
NVDA+ARM+DELL,3,80,60,60,-0.0152,-0.1836,0.1781,0.0561,0.0165,-0.0087,0.7827,0.8716,0.8574,2.2391,2.4285,0.0718,0.0908,0.4891,-0.0379,-0.0290,1.4716,0.9725,0.0536,-0.0688,True,0.5253,0.3831,mid,0.1200,92.4181,67.4376,60.3263,,low corr (avg rho 0.38); cheap (CPN/IV < 0.20); below mid target 12%,px > LO PT (ARM); earnings <=3d after obs #1 (ARM),0.6205,False,False
NVDA+ARM+DELL,3,83,60,60,0.0415,-0.0996,0.2126,0.0470,0.0239,-0.0003,0.7105,0.8239,0.8035,2.6964,2.9699,0.0978,0.1240,0.4775,-0.0374,0.0790,1.2288,0.9725,0.0445,-0.0030,True,0.5253,0.3831,mid,0.1200,92.4181,67.4376,60.3263,,low corr (avg rho 0.38); cheap (CPN/IV < 0.20); below mid target 12%,px > LO PT (ARM); earnings <=3d after obs #1 (ARM),0.5591,False,False
NVDA+ARM+DELL,3,85,60,60,0.0718,-0.0538,0.2388,0.0419,0.0291,0.0057,0.6559,0.7860,0.7613,3.0593,3.3932,0.1181,0.1496,0.4690,-0.0371,0.1367,1.0718,0.9725,0.0392,0.0326,False,0.5253,0.3831,mid,0.1200,92.4181,67.4376,60.3263,,low corr (avg rho 0.38); cheap (CPN/IV < 0.20); below mid target 12%,px > LO PT (ARM); earnings <=3d after obs #1 (ARM),0.5103,False,False
NVDA+ARM+DELL,3,88,60,60,0.1097,0.0039,0.2835,0.0353,0.0377,0.0156,0.5671,0.7224,0.6897,3.6741,4.1130,0.1526,0.1921,0.4573,-0.0362,0.2088,0.8430,0.9725,0.0327,0.0770,False,0.5253,0.3831,mid,0.1200,92.4181,67.4376,60.3263,P(loss) > 12%,low corr (avg rho 0.38); below mid target 12%,px > LO PT (ARM); earnings <=3d after obs #1 (ARM),0.4211,False,True
NVDA+ARM+DELL,3,90,60,60,0.1301,0.0354,0.3168,0.0316,0.0438,0.0227,0.5051,0.6746,0.6371,4.1331,4.6408,0.1779,0.2224,0.4498,-0.0352,0.2477,0.6948,0.9725,0.0290,0.1011,False,0.5253,0.3831,mid,0.1200,92.4181,67.4376,60.3263,P(KO@1) < 55%; P(loss) > 12%,low corr (avg rho 0.38),px > LO PT (ARM); earnings <=3d after obs #1 (ARM),0.3521,False,True
NVDA+ARM+DELL,3,92,60,60,0.1460,0.0609,0.3527,0.0284,0.0498,0.0298,0.4413,0.6239,0.5822,4.6248,5.1974,0.2046,0.2539,0.4428,-0.0343,0.2779,0.5499,0.9725,0.0259,0.1201,False,0.5253,0.3831,mid,0.1200,92.4181,67.4376,60.3263,P(KO@1) < 55%; P(loss) > 12%,low corr (avg rho 0.38),px > LO PT (ARM); earnings <=3d after obs #1 (ARM),0.2762,False,True
ORCL+PANW+DDOG,3,80,50,50,-0.1170,-0.3054,0.1593,0.0628,0.0028,-0.0230,0.8170,0.8943,0.8796,2.0146,2.2058,0.0492,0.0637,0.3745,-0.0381,-0.2238,1.4783,1.3256,0.0596,-0.1766,True,0.5229,0.4146,mid,0.1200,92.4527,67.5590,66.9368,,low corr (avg rho 0.41); cheap (CPN/IV < 0.20); below mid target 12%,px > LO PT (PANW/DDOG); earnings <=3d after obs #1 (DDOG),0.6793,False,False
ORCL+PANW+DDOG,3,83,50,50,-0.0521,-0.2042,0.1973,0.0507,0.0066,-0.0180,0.7352,0.8411,0.8197,2.5206,2.8035,0.0724,0.0927,0.3641,-0.0373,-0.0997,1.2344,1.3256,0.0476,-0.0998,True,0.5229,0.4146,mid,0.1200,92.4527,67.5590,66.9368,,low corr (avg rho 0.41); cheap (CPN/IV < 0.20); below mid target 12%,px > LO PT (PANW/DDOG); earnings <=3d after obs #1 (DDOG),0.5905,False,False
ORCL+PANW+DDOG,3,85,50,50,-0.0181,-0.1502,0.2271,0.0440,0.0092,-0.0146,0.6730,0.7986,0.7725,2.9280,3.2737,0.0909,0.1148,0.3567,-0.0368,-0.0346,1.0767,1.3256,0.0410,-0.0591,False,0.5229,0.4146,mid,0.1200,92.4527,67.5590,66.9368,,low corr (avg rho 0.41); cheap (CPN/IV < 0.20); below mid target 12%,px > LO PT (PANW/DDOG); earnings <=3d after obs #1 (DDOG),0.5211,False,False
ORCL+PANW+DDOG,3,88,50,50,0.0219,-0.0859,0.2782,0.0359,0.0133,-0.0089,0.5733,0.7268,0.6944,3.6190,4.0581,0.1217,0.1502,0.3472,-0.0356,0.0419,0.8469,1.3256,0.0332,-0.0112,False,0.5229,0.4146,mid,0.1200,92.4527,67.5590,66.9368,P(loss) > 12%,low corr (avg rho 0.41); cheap (CPN/IV < 0.20); below mid target 12%,px > LO PT (PANW/DDOG); earnings <=3d after obs #1 (DDOG),0.4209,False,False
ORCL+PANW+DDOG,3,90,50,50,0.0419,-0.0531,0.3156,0.0317,0.0160,-0.0052,0.5055,0.6741,0.6378,4.1273,4.6265,0.1435,0.1749,0.3420,-0.0346,0.0802,0.6980,1.3256,0.0291,0.0129,False,0.5229,0.4146,mid,0.1200,92.4527,67.5590,66.9368,P(KO@1) < 55%; P(loss) > 12%,low corr (avg rho 0.41); cheap (CPN/IV < 0.20); below mid target 12%,px > LO PT (PANW/DDOG); earnings <=3d after obs #1 (DDOG),0.3536,False,False
ORCL+PANW+DDOG,3,92,50,50,0.0575,-0.0271,0.3547,0.0282,0.0184,-0.0015,0.4385,0.6202,0.5802,4.6530,5.2065,0.1659,0.1993,0.3372,-0.0336,0.1100,0.5524,1.3256,0.0258,0.0317,False,0.5229,0.4146,mid,0.1200,92.4527,67.5590,66.9368,P(KO@1) < 55%; P(loss) > 12%,low corr (avg rho 0.41); cheap (CPN/IV < 0.20); below mid target 12%,px > LO PT (PANW/DDOG); earnings <=3d after obs #1 (DDOG),0.2825,False,False
ORCL+PANW+DDOG,3,80,55,55,-0.0997,-0.2881,0.1592,0.0628,0.0056,-0.0202,0.8170,0.8944,0.8797,2.0138,2.2049,0.0531,0.0699,0.4049,-0.0382,-0.1907,1.4783,1.1433,0.0596,-0.1593,True,0.5229,0.4146,mid,0.1200,92.4527,67.5590,66.9368,,low corr (avg rho 0.41); cheap (CPN/IV < 0.20); below mid target 12%,px > LO PT (PANW/DDOG); earnings <=3d after obs #1 (DDOG),0.6727,False,False
ORCL+PANW+DDOG,3,83,55,55,-0.0312,-0.1834,0.1972,0.0507,0.0108,-0.0139,0.7352,0.8412,0.8198,2.5195,2.8026,0.0789,0.1027,0.3929,-0.0376,-0.0597,1.2344,1.1433,0.0476,-0.0789,True,0.5229,0.4146,mid,0.1200,92.4527,67.5590,66.9368,,low corr (avg rho 0.41); cheap (CPN/IV < 0.20); below mid target 12%,px > LO PT (PANW/DDOG); earnings <=3d after obs #1 (DDOG),0.5796,False,False
ORCL+PANW+DDOG,3,85,55,55,0.0048,-0.1274,0.2270,0.0440,0.0144,-0.0094,0.6730,0.7988,0.7726,2.9265,3.2723,0.0995,0.1279,0.3853,-0.0372,0.0091,1.0767,1.1433,0.0410,-0.0363,False,0.5229,0.4146,mid,0.1200,92.4527,67.5590,66.9368,,low corr (avg rho 0.41); cheap (CPN/IV < 0.20); below mid target 12%,px > LO PT (PANW/DDOG); earnings <=3d after obs #1 (DDOG),0.5098,False,False
ORCL+PANW+DDOG,3,88,55,55,0.0471,-0.0608,0.2780,0.0360,0.0203,-0.0019,0.5733,0.7270,0.6946,3.6167,4.0556,0.1341,0.1683,0.3752,-0.0361,0.0901,0.8469,1.1433,0.0332,0.0140,False,0.5229,0.4146,mid,0.1200,92.4527,67.5590,66.9368,P(loss) > 12%,low corr (avg rho 0.41); cheap (CPN/IV < 0.20); below mid target 12%,px > LO PT (PANW/DDOG); earnings <=3d after obs #1 (DDOG),0.4163,False,False
ORCL+PANW+DDOG,3,90,55,55,0.0683,-0.0268,0.3154,0.0317,0.0243,0.0032,0.5055,0.6742,0.6379,4.1253,4.6245,0.1590,0.1968,0.3692,-0.0352,0.1307,0.6980,1.1433,0.0291,0.0393,False,0.5229,0.4146,mid,0.1200,92.4527,67.5590,66.9368,P(KO@1) < 55%; P(loss) > 12%,low corr (avg rho 0.41); cheap (CPN/IV < 0.20); below mid target 12%,px > LO PT (PANW/DDOG); earnings <=3d after obs #1 (DDOG),0.3446,False,False
ORCL+PANW+DDOG,3,92,55,55,0.0848,0.0002,0.3545,0.0282,0.0281,0.0082,0.4385,0.6205,0.5804,4.6503,5.2037,0.1848,0.2253,0.3637,-0.0343,0.1623,0.5524,1.1433,0.0258,0.0590,False,0.5229,0.4146,mid,0.1200,92.4527,67.5590,66.9368,P(KO@1) < 55%; P(loss) > 12%,low corr (avg rho 0.41); cheap (CPN/IV < 0.20); below mid target 12%,px > LO PT (PANW/DDOG); earnings <=3d after obs #1 (DDOG),0.2686,False,False
ORCL+PANW+DDOG,3,80,60,60,-0.0836,-0.2720,0.1592,0.0628,0.0082,-0.0176,0.8170,0.8945,0.8797,2.0138,2.2050,0.0560,0.0749,0.4353,-0.0384,-0.1599,1.4783,0.9769,0.0596,-0.1432,True,0.5229,0.4146,mid,0.1200,92.4527,67.5590,66.9368,,low corr (avg rho 0.41); cheap (CPN/IV < 0.20); below mid target 12%,px > LO PT (PANW/DDOG); earnings <=3d after obs #1 (DDOG),0.6680,False,False
ORCL+PANW+DDOG,3,83,60,60,-0.0116,-0.1638,0.1971,0.0507,0.0147,-0.0100,0.7352,0.8413,0.8199,2.5188,2.8015,0.0837,0.1107,0.4223,-0.0378,-0.0222,1.2344,0.9769,0.0476,-0.0593,True,0.5229,0.4146,mid,0.1200,92.4527,67.5590,66.9368,,low corr (avg rho 0.41); cheap (CPN/IV < 0.20); below mid target 12%,px > LO PT (PANW/DDOG); earnings <=3d after obs #1 (DDOG),0.5716,False,False
ORCL+PANW+DDOG,3,85,60,60,0.0264,-0.1058,0.2269,0.0441,0.0194,-0.0044,0.6730,0.7991,0.7728,2.9247,3.2709,0.1061,0.1384,0.4138,-0.0375,0.0504,1.0767,0.9769,0.0410,-0.0147,False,0.5229,0.4146,mid,0.1200,92.4527,67.5590,66.9368,,low corr (avg rho 0.41); cheap (CPN/IV < 0.20); below mid target 12%,px > LO PT (PANW/DDOG); earnings <=3d after obs #1 (DDOG),0.5126,False,False
ORCL+PANW+DDOG,3,88,60,60,0.0713,-0.0367,0.2779,0.0360,0.0271,0.0048,0.5733,0.7273,0.6948,3.6149,4.0532,0.1440,0.1831,0.4028,-0.0365,0.1363,0.8469,0.9769,0.0332,0.0381,False,0.5229,0.4146,mid,0.1200,92.4527,67.5590,66.9368,P(loss) > 12%,low corr (avg rho 0.41); cheap (CPN/IV < 0.20); below mid target 12%,px > LO PT (PANW/DDOG); earnings <=3d after obs #1 (DDOG),0.4152,False,False
ORCL+PANW+DDOG,3,90,60,60,0.0938,-0.0014,0.3152,0.0317,0.0323,0.0112,0.5055,0.6745,0.6381,4.1228,4.6217,0.1714,0.2149,0.3961,-0.0357,0.1794,0.6980,0.9769,0.0291,0.0647,False,0.5229,0.4146,mid,0.1200,92.4527,67.5590,66.9368,P(KO@1) < 55%; P(loss) > 12%,low corr (avg rho 0.41); cheap (CPN/IV < 0.20); below mid target 12%,px > LO PT (PANW/DDOG); earnings <=3d after obs #1 (DDOG),0.3401,False,True
ORCL+PANW+DDOG,3,92,60,60,0.1113,0.0266,0.3543,0.0282,0.0375,0.0175,0.4385,0.6208,0.5807,4.6472,5.2006,0.2000,0.2469,0.3901,-0.0349,0.2128,0.5524,0.9769,0.0258,0.0854,False,0.5229,0.4146,mid,0.1200,92.4527,67.5590,66.9368,P(KO@1) < 55%; P(loss) > 12%,low corr (avg rho 0.41); below mid target 12%,px > LO PT (PANW/DDOG); earnings <=3d after obs #1 (DDOG),0.2602,False,True
ORCL+PANW+DDOG,3,80,65,65,-0.0688,-0.2572,0.1592,0.0628,0.0105,-0.0153,0.8170,0.8946,0.8797,2.0139,2.2051,0.0583,0.0787,0.4632,-0.0386,-0.1315,1.4783,0.8238,0.0596,-0.1283,True,0.5229,0.4146,mid,0.1200,92.4527,67.5590,66.9368,,low corr (avg rho 0.41); cheap (CPN/IV < 0.20); below mid target 12%,px > LO PT (PANW/DDOG); earnings <=3d after obs #1 (DDOG),0.6641,False,False
ORCL+PANW+DDOG,3,83,65,65,0.0066,-0.1456,0.1971,0.0507,0.0182,-0.0064,0.7352,0.8415,0.8200,2.5184,2.8011,0.0875,0.1170,0.4504,-0.0380,0.0126,1.2344,0.8238,0.0476,-0.0411,True,0.5229,0.4146,mid,0.1200,92.4527,67.5590,66.9368,,low corr (avg rho 0.41); cheap (CPN/IV < 0.20); below mid target 12%,px > LO PT (PANW/DDOG); earnings <=3d after obs #1 (DDOG),0.5696,False,False
ORCL+PANW+DDOG,3,85,65,65,0.0465,-0.0857,0.2268,0.0441,0.0239,0.0001,0.6730,0.7993,0.7730,2.9238,3.2699,0.1112,0.1468,0.4414,-0.0378,0.0890,1.0767,0.8238,0.0410,0.0055,False,0.5229,0.4146,mid,0.1200,92.4527,67.5590,66.9368,,low corr (avg rho 0.41); cheap (CPN/IV < 0.20); below mid target 12%,px > LO PT (PANW/DDOG); earnings <=3d after obs #1 (DDOG),0.5170,False,False
ORCL+PANW+DDOG,3,88,65,65,0.0940,-0.0140,0.2778,0.0360,0.0334,0.0111,0.5733,0.7275,0.6949,3.6133,4.0514,0.1518,0.1953,0.4297,-0.0369,0.1798,0.8469,0.8238,0.0332,0.0608,False,0.5229,0.4146,mid,0.1200,92.4527,67.5590,66.9368,P(loss) > 12%,low corr (avg rho 0.41); cheap (CPN/IV < 0.20); below mid target 12%,px > LO PT (PANW/DDOG); earnings <=3d after obs #1 (DDOG),0.4169,False,True
ORCL+PANW+DDOG,3,90,65,65,0.1178,0.0226,0.3150,0.0317,0.0399,0.0188,0.5055,0.6748,0.6384,4.1201,4.6189,0.1813,0.2298,0.4224,-0.0361,0.2253,0.6980,0.8238,0.0291,0.0887,False,0.5229,0.4146,mid,0.1200,92.4527,67.5590,66.9368,P(KO@1) < 55%; P(loss) > 12%,low corr (avg rho 0.41); below mid target 12%,px > LO PT (PANW/DDOG); earnings <=3d after obs #1 (DDOG),0.3391,False,True
ORCL+PANW+DDOG,3,92,65,65,0.1364,0.0517,0.3540,0.0282,0.0464,0.0264,0.4385,0.6212,0.5809,4.6441,5.1980,0.2122,0.2649,0.4159,-0.0355,0.2609,0.5524,0.8238,0.0258,0.1106,False,0.5229,0.4146,mid,0.1200,92.4527,67.5590,66.9368,P(KO@1) < 55%; P(loss) > 12%,low corr (avg rho 0.41),px > LO PT (PANW/DDOG); earnings <=3d after obs #1 (DDOG),0.2559,False,True
AMD+AMAT+ARM,3,80,50,50,-0.0488,-0.2123,0.1835,0.0545,0.0096,-0.0155,0.7860,0.8703,0.8586,2.2465,2.4056,0.0639,0.0762,0.4142,-0.0356,-0.0846,1.3395,1.2011,0.0534,-0.1023,True,0.5771,0.5861,mid,0.1200,91.6707,64.8687,60.6472,,strong-day fix (AMD); cheap (CPN/IV < 0.20); below mid target 12%,px > LO PT (AMD/ARM); earnings <=3d after obs #1 (AMD/ARM),0.6347,False,False
AMD+AMAT+ARM,3,83,50,50,0.0027,-0.1321,0.2226,0.0449,0.0145,-0.0094,0.7117,0.8203,0.8045,2.7299,2.9437,0.0872,0.1028,0.4028,-0.0345,0.0046,1.1185,1.2011,0.0440,-0.0413,True,0.5771,0.5861,mid,0.1200,91.6707,64.8687,60.6472,,strong-day fix (AMD); cheap (CPN/IV < 0.20); below mid target 12%,px > LO PT (AMD/ARM); earnings <=3d after obs #1 (AMD/ARM),0.5514,False,False
AMD+AMAT+ARM,3,85,50,50,0.0302,-0.0887,0.2525,0.0396,0.0179,-0.0051,0.6573,0.7823,0.7640,3.0987,3.3473,0.1046,0.1220,0.3957,-0.0336,0.0523,0.9756,1.2011,0.0387,-0.0086,False,0.5771,0.5861,mid,0.1200,91.6707,64.8687,60.6472,,strong-day fix (AMD); cheap (CPN/IV < 0.20); below mid target 12%,px > LO PT (AMD/ARM); earnings <=3d after obs #1 (AMD/ARM),0.5045,False,False
AMD+AMAT+ARM,3,88,50,50,0.0628,-0.0366,0.3017,0.0331,0.0233,0.0018,0.5722,0.7185,0.6969,3.7125,4.0136,0.1330,0.1529,0.3870,-0.0321,0.1088,0.7674,1.2011,0.0323,0.0305,False,0.5771,0.5861,mid,0.1200,91.6707,64.8687,60.6472,P(loss) > 12%,strong-day fix (AMD); cheap (CPN/IV < 0.20); below mid target 12%,px > LO PT (AMD/ARM); earnings <=3d after obs #1 (AMD/ARM),0.4216,False,False
AMD+AMAT+ARM,3,90,50,50,0.0789,-0.0100,0.3373,0.0296,0.0268,0.0063,0.5142,0.6736,0.6500,4.1471,4.4807,0.1522,0.1733,0.3824,-0.0309,0.1368,0.6325,1.2011,0.0289,0.0500,False,0.5771,0.5861,mid,0.1200,91.6707,64.8687,60.6472,P(KO@1) < 55%; P(loss) > 12%,strong-day fix (AMD); cheap (CPN/IV < 0.20); below mid target 12%,px > LO PT (AMD/ARM); earnings <=3d after obs #1 (AMD/ARM),0.3618,False,False
AMD+AMAT+ARM,3,80,55,55,-0.0296,-0.1931,0.1834,0.0545,0.0132,-0.0119,0.7860,0.8704,0.8587,2.2462,2.4053,0.0684,0.0825,0.4418,-0.0358,-0.0513,1.3395,1.0360,0.0534,-0.0830,True,0.5771,0.5861,mid,0.1200,91.6707,64.8687,60.6472,,strong-day fix (AMD); cheap (CPN/IV < 0.20); below mid target 12%,px > LO PT (AMD/ARM); earnings <=3d after obs #1 (AMD/ARM),0.6273,False,False
AMD+AMAT+ARM,3,83,55,55,0.0249,-0.1099,0.2225,0.0449,0.0194,-0.0045,0.7117,0.8204,0.8046,2.7292,2.9430,0.0940,0.1121,0.4294,-0.0347,0.0432,1.1185,1.0360,0.0440,-0.0190,True,0.5771,0.5861,mid,0.1200,91.6707,64.8687,60.6472,,strong-day fix (AMD); cheap (CPN/IV < 0.20); below mid target 12%,px > LO PT (AMD/ARM); earnings <=3d after obs #1 (AMD/ARM),0.5531,False,False
AMD+AMAT+ARM,3,85,55,55,0.0541,-0.0648,0.2524,0.0396,0.0240,0.0009,0.6573,0.7824,0.7642,3.0974,3.3458,0.1132,0.1336,0.4216,-0.0338,0.0937,0.9756,1.0360,0.0387,0.0153,False,0.5771,0.5861,mid,0.1200,91.6707,64.8687,60.6472,,strong-day fix (AMD); cheap (CPN/IV < 0.20); below mid target 12%,px > LO PT (AMD/ARM); earnings <=3d after obs #1 (AMD/ARM),0.5039,False,False
AMD+AMAT+ARM,3,88,55,55,0.0888,-0.0107,0.3016,0.0332,0.0312,0.0096,0.5722,0.7186,0.6971,3.7107,4.0117,0.1450,0.1686,0.4119,-0.0323,0.1538,0.7674,1.0360,0.0323,0.0564,False,0.5771,0.5861,mid,0.1200,91.6707,64.8687,60.6472,P(loss) > 12%,strong-day fix (AMD); cheap (CPN/IV < 0.20); below mid target 12%,px > LO PT (AMD/ARM); earnings <=3d after obs #1 (AMD/ARM),0.4168,False,False
AMD+AMAT+ARM,3,90,55,55,0.1058,0.0168,0.3371,0.0297,0.0358,0.0153,0.5142,0.6738,0.6501,4.1450,4.4788,0.1665,0.1918,0.4067,-0.0311,0.1834,0.6325,1.0360,0.0290,0.0769,False,0.5771,0.5861,mid,0.1200,91.6707,64.8687,60.6472,P(KO@1) < 55%; P(loss) > 12%,strong-day fix (AMD); cheap (CPN/IV < 0.20); below mid target 12%,px > LO PT (AMD/ARM); earnings <=3d after obs #1 (AMD/ARM),0.3535,False,True
AMD+AMAT+ARM,3,80,60,60,-0.0117,-0.1753,0.1834,0.0545,0.0164,-0.0087,0.7860,0.8705,0.8588,2.2460,2.4051,0.0718,0.0875,0.4695,-0.0359,-0.0203,1.3395,0.8852,0.0534,-0.0652,True,0.5771,0.5861,mid,0.1200,91.6707,64.8687,60.6472,,strong-day fix (AMD); cheap (CPN/IV < 0.20); below mid target 12%,px > LO PT (AMD/ARM); earnings <=3d after obs #1 (AMD/ARM),0.6217,False,False
AMD+AMAT+ARM,3,83,60,60,0.0458,-0.0890,0.2225,0.0449,0.0241,0.0002,0.7117,0.8206,0.8047,2.7284,2.9419,0.0991,0.1198,0.4562,-0.0348,0.0794,1.1185,0.8852,0.0440,0.0018,True,0.5771,0.5861,mid,0.1200,91.6707,64.8687,60.6472,,strong-day fix (AMD); cheap (CPN/IV < 0.20); below mid target 12%,px > LO PT (AMD/ARM); earnings <=3d after obs #1 (AMD/ARM),0.5566,False,False
AMD+AMAT+ARM,3,85,60,60,0.0765,-0.0424,0.2523,0.0396,0.0296,0.0066,0.6573,0.7826,0.7643,3.0962,3.3444,0.1201,0.1433,0.4472,-0.0340,0.1325,0.9756,0.8852,0.0388,0.0377,False,0.5771,0.5861,mid,0.1200,91.6707,64.8687,60.6472,P(loss) > 12%,strong-day fix (AMD); cheap (CPN/IV < 0.20); below mid target 12%,px > LO PT (AMD/ARM); earnings <=3d after obs #1 (AMD/ARM),0.5055,False,False
AMD+AMAT+ARM,3,88,60,60,0.1133,0.0138,0.3015,0.0332,0.0386,0.0170,0.5722,0.7189,0.6973,3.7092,4.0101,0.1545,0.1816,0.4370,-0.0325,0.1964,0.7674,0.8852,0.0324,0.0810,False,0.5771,0.5861,mid,0.1200,91.6707,64.8687,60.6472,P(loss) > 12%,strong-day fix (AMD); cheap (CPN/IV < 0.20); below mid target 12%,px > LO PT (AMD/ARM); earnings <=3d after obs #1 (AMD/ARM),0.4151,False,True
AMD+AMAT+ARM,3,90,60,60,0.1314,0.0424,0.3368,0.0297,0.0445,0.0240,0.5142,0.6740,0.6504,4.1423,4.4761,0.1781,0.2071,0.4308,-0.0314,0.2278,0.6325,0.8852,0.0290,0.1025,False,0.5771,0.5861,mid,0.1200,91.6707,64.8687,60.6472,P(KO@1) < 55%; P(loss) > 12%,strong-day fix (AMD),px > LO PT (AMD/ARM); earnings <=3d after obs #1 (AMD/ARM),0.3489,False,True
ARM+DELL+PDD,3,80,50,50,-0.0484,-0.2163,0.1786,0.0560,0.0105,-0.0147,0.7810,0.8707,0.8545,2.2470,2.4625,0.0656,0.0827,0.4331,-0.0375,-0.0923,1.4741,1.3219,0.0534,-0.1018,True,0.5244,0.2505,mid,0.1200,92.4314,67.4843,60.3263,,low corr (avg rho 0.25); cheap (CPN/IV < 0.20); below mid target 12%,px > LO PT (ARM); earnings <=3d after obs #1 (ARM),0.6299,False,False
ARM+DELL+PDD,3,83,50,50,0.0030,-0.1379,0.2129,0.0470,0.0157,-0.0085,0.7068,0.8213,0.7979,2.7216,3.0367,0.0895,0.1128,0.4227,-0.0371,0.0058,1.2309,1.3219,0.0441,-0.0411,True,0.5244,0.2505,mid,0.1200,92.4314,67.4843,60.3263,,low corr (avg rho 0.25); cheap (CPN/IV < 0.20); below mid target 12%,px > LO PT (ARM); earnings <=3d after obs #1 (ARM),0.5461,False,False
ARM+DELL+PDD,3,85,50,50,0.0308,-0.0946,0.2392,0.0418,0.0193,-0.0042,0.6511,0.7830,0.7534,3.0888,3.4862,0.1069,0.1352,0.4171,-0.0366,0.0588,1.0736,1.3219,0.0388,-0.0080,False,0.5244,0.2505,mid,0.1200,92.4314,67.4843,60.3263,,low corr (avg rho 0.25); cheap (CPN/IV < 0.20); below mid target 12%,px > LO PT (ARM); earnings <=3d after obs #1 (ARM),0.5002,False,False
ARM+DELL+PDD,3,88,50,50,0.0634,-0.0424,0.2836,0.0353,0.0245,0.0025,0.5571,0.7160,0.6763,3.7367,4.2685,0.1366,0.1728,0.4062,-0.0357,0.1209,0.8445,1.3219,0.0321,0.0313,False,0.5244,0.2505,mid,0.1200,92.4314,67.4843,60.3263,P(loss) > 12%,low corr (avg rho 0.25); cheap (CPN/IV < 0.20); below mid target 12%,px > LO PT (ARM); earnings <=3d after obs #1 (ARM),0.4124,False,False
ARM+DELL+PDD,3,90,50,50,0.0809,-0.0138,0.3169,0.0316,0.0282,0.0071,0.4902,0.6653,0.6185,4.2242,4.8544,0.1582,0.1997,0.4000,-0.0348,0.1543,0.6960,1.3219,0.0284,0.0525,False,0.5244,0.2505,mid,0.1200,92.4314,67.4843,60.3263,P(KO@1) < 55%; P(loss) > 12%,low corr (avg rho 0.25); cheap (CPN/IV < 0.20); below mid target 12%,px > LO PT (ARM); earnings <=3d after obs #1 (ARM),0.3446,False,False
ARM+DELL+PDD,3,92,50,50,0.0951,0.0100,0.3527,0.0284,0.0318,0.0118,0.4215,0.6103,0.5575,4.7517,5.4721,0.1813,0.2268,0.3929,-0.0336,0.1813,0.5508,1.3219,0.0253,0.0698,False,0.5244,0.2505,mid,0.1200,92.4314,67.4843,60.3263,P(KO@1) < 55%; P(loss) > 12%,low corr (avg rho 0.25); cheap (CPN/IV < 0.20); below mid target 12%,px > LO PT (ARM); earnings <=3d after obs #1 (ARM),0.2706,False,True
ARM+DELL+PDD,3,80,55,55,-0.0298,-0.1977,0.1786,0.0560,0.0138,-0.0114,0.7810,0.8708,0.8546,2.2465,2.4620,0.0695,0.0890,0.4616,-0.0377,-0.0568,1.4741,1.1401,0.0534,-0.0832,True,0.5244,0.2505,mid,0.1200,92.4314,67.4843,60.3263,,low corr (avg rho 0.25); cheap (CPN/IV < 0.20); below mid target 12%,px > LO PT (ARM); earnings <=3d after obs #1 (ARM),0.6233,False,False
ARM+DELL+PDD,3,83,55,55,0.0244,-0.1166,0.2128,0.0470,0.0202,-0.0040,0.7068,0.8214,0.7980,2.7210,3.0358,0.0953,0.1222,0.4509,-0.0374,0.0465,1.2309,1.1401,0.0441,-0.0197,True,0.5244,0.2505,mid,0.1200,92.4314,67.4843,60.3263,,low corr (avg rho 0.25); cheap (CPN/IV < 0.20); below mid target 12%,px > LO PT (ARM); earnings <=3d after obs #1 (ARM),0.5501,False,False
ARM+DELL+PDD,3,85,55,55,0.0535,-0.0719,0.2391,0.0418,0.0247,0.0013,0.6511,0.7831,0.7536,3.0876,3.4848,0.1145,0.1475,0.4436,-0.0370,0.1021,1.0736,1.1401,0.0389,0.0147,False,0.5244,0.2505,mid,0.1200,92.4314,67.4843,60.3263,,low corr (avg rho 0.25); cheap (CPN/IV < 0.20); below mid target 12%,px > LO PT (ARM); earnings <=3d after obs #1 (ARM),0.5020,False,False
ARM+DELL+PDD,3,88,55,55,0.0880,-0.0178,0.2835,0.0353,0.0315,0.0094,0.5571,0.7162,0.6764,3.7349,4.2669,0.1476,0.1899,0.4309,-0.0362,0.1678,0.8445,1.1401,0.0321,0.0559,False,0.5244,0.2505,mid,0.1200,92.4314,67.4843,60.3263,P(loss) > 12%,low corr (avg rho 0.25); cheap (CPN/IV < 0.20); below mid target 12%,px > LO PT (ARM); earnings <=3d after obs #1 (ARM),0.4097,False,False
ARM+DELL+PDD,3,90,55,55,0.1065,0.0118,0.3168,0.0316,0.0363,0.0152,0.4902,0.6655,0.6186,4.2222,4.8525,0.1719,0.2205,0.4239,-0.0354,0.2031,0.6960,1.1401,0.0284,0.0781,False,0.5244,0.2505,mid,0.1200,92.4314,67.4843,60.3263,P(KO@1) < 55%; P(loss) > 12%,low corr (avg rho 0.25); below mid target 12%,px > LO PT (ARM); earnings <=3d after obs #1 (ARM),0.3382,False,True
ARM+DELL+PDD,3,92,55,55,0.1216,0.0365,0.3525,0.0284,0.0411,0.0211,0.4215,0.6106,0.5576,4.7491,5.4697,0.1977,0.2516,0.4164,-0.0342,0.2318,0.5508,1.1401,0.0253,0.0963,False,0.5244,0.2505,mid,0.1200,92.4314,67.4843,60.3263,P(KO@1) < 55%; P(loss) > 12%,low corr (avg rho 0.25),px > LO PT (ARM); earnings <=3d after obs #1 (ARM),0.2601,False,True
ARM+DELL+PDD,3,80,60,60,-0.0126,-0.1806,0.1786,0.0560,0.0169,-0.0083,0.7810,0.8709,0.8546,2.2468,2.4618,0.0726,0.0944,0.4887,-0.0379,-0.0241,1.4741,0.9742,0.0534,-0.0660,True,0.5244,0.2505,mid,0.1200,92.4314,67.4843,60.3263,,low corr (avg rho 0.25); cheap (CPN/IV < 0.20); below mid target 12%,px > LO PT (ARM); earnings <=3d after obs #1 (ARM),0.6181,False,False
ARM+DELL+PDD,3,83,60,60,0.0441,-0.0968,0.2129,0.0470,0.0244,0.0002,0.7068,0.8215,0.7980,2.7211,3.0357,0.1001,0.1303,0.4767,-0.0377,0.0841,1.2309,0.9742,0.0441,-0.0000,True,0.5244,0.2505,mid,0.1200,92.4314,67.4843,60.3263,,low corr (avg rho 0.25); cheap (CPN/IV < 0.20); below mid target 12%,px > LO PT (ARM); earnings <=3d after obs #1 (ARM),0.5546,False,False
ARM+DELL+PDD,3,85,60,60,0.0748,-0.0506,0.2391,0.0418,0.0298,0.0064,0.6511,0.7833,0.7536,3.0872,3.4843,0.1207,0.1579,0.4689,-0.0373,0.1427,1.0736,0.9742,0.0389,0.0360,False,0.5244,0.2505,mid,0.1200,92.4314,67.4843,60.3263,P(loss) > 12%,low corr (avg rho 0.25); cheap (CPN/IV < 0.20); below mid target 12%,px > LO PT (ARM); earnings <=3d after obs #1 (ARM),0.5052,False,False
ARM+DELL+PDD,3,88,60,60,0.1111,0.0053,0.2835,0.0353,0.0381,0.0160,0.5571,0.7164,0.6766,3.7336,4.2653,0.1567,0.2044,0.4549,-0.0367,0.2120,0.8445,0.9742,0.0321,0.0790,False,0.5244,0.2505,mid,0.1200,92.4314,67.4843,60.3263,P(loss) > 12%,low corr (avg rho 0.25); below mid target 12%,px > LO PT (ARM); earnings <=3d after obs #1 (ARM),0.4094,False,True
ARM+DELL+PDD,3,90,60,60,0.1307,0.0360,0.3166,0.0316,0.0440,0.0229,0.4902,0.6658,0.6189,4.2199,4.8498,0.1831,0.2382,0.4472,-0.0359,0.2493,0.6960,0.9742,0.0284,0.1023,False,0.5244,0.2505,mid,0.1200,92.4314,67.4843,60.3263,P(KO@1) < 55%; P(loss) > 12%,low corr (avg rho 0.25),px > LO PT (ARM); earnings <=3d after obs #1 (ARM),0.3349,False,True
ARM+DELL+PDD,3,92,60,60,0.1468,0.0616,0.3523,0.0284,0.0500,0.0300,0.4215,0.6109,0.5579,4.7467,5.4667,0.2113,0.2726,0.4396,-0.0348,0.2799,0.5508,0.9742,0.0253,0.1215,False,0.5244,0.2505,mid,0.1200,92.4314,67.4843,60.3263,P(KO@1) < 55%; P(loss) > 12%,low corr (avg rho 0.25),px > LO PT (ARM); earnings <=3d after obs #1 (ARM),0.2535,False,True
NVDA+AMD+ARM,3,80,50,50,-0.0860,-0.2667,0.1660,0.0602,0.0064,-0.0192,0.8208,0.8945,0.8855,2.0137,2.1358,0.0509,0.0591,0.4181,-0.0357,-0.1724,1.5493,1.3893,0.0596,-0.1456,True,0.4989,0.5056,mid,0.1200,92.7985,68.7839,60.6472,,strong-day fix (AMD); cheap (CPN/IV < 0.20); below mid target 12%,px > LO PT (AMD/ARM); earnings <=3d after obs #1 (AMD/ARM),0.6781,False,False
NVDA+AMD+ARM,3,83,50,50,-0.0319,-0.1825,0.1992,0.0502,0.0103,-0.0143,0.7541,0.8511,0.8381,2.4296,2.6079,0.0704,0.0815,0.4058,-0.0350,-0.0639,1.2937,1.3893,0.0494,-0.0813,True,0.4989,0.5056,mid,0.1200,92.7985,68.7839,60.6472,,strong-day fix (AMD); cheap (CPN/IV < 0.20); below mid target 12%,px > LO PT (AMD/ARM); earnings <=3d after obs #1 (AMD/ARM),0.6049,False,False
NVDA+AMD+ARM,3,85,50,50,-0.0017,-0.1350,0.2251,0.0444,0.0132,-0.0106,0.7037,0.8171,0.8009,2.7567,2.9781,0.0850,0.0984,0.3983,-0.0343,-0.0034,1.1284,1.3893,0.0435,-0.0452,True,0.4989,0.5056,mid,0.1200,92.7985,68.7839,60.6472,,strong-day fix (AMD); cheap (CPN/IV < 0.20); below mid target 12%,px > LO PT (AMD/ARM); earnings <=3d after obs #1 (AMD/ARM),0.5492,False,False
NVDA+AMD+ARM,3,88,50,50,0.0351,-0.0759,0.2703,0.0370,0.0176,-0.0049,0.6171,0.7566,0.7347,3.3401,3.6379,0.1102,0.1272,0.3875,-0.0329,0.0703,0.8875,1.3893,0.0359,-0.0009,False,0.4989,0.5056,mid,0.1200,92.7985,68.7839,60.6472,,strong-day fix (AMD); cheap (CPN/IV < 0.20); below mid target 12%,px > LO PT (AMD/ARM); earnings <=3d after obs #1 (AMD/ARM),0.4767,False,False
NVDA+AMD+ARM,3,90,50,50,0.0540,-0.0447,0.3041,0.0329,0.0205,-0.0010,0.5551,0.7099,0.6838,3.7876,4.1445,0.1284,0.1483,0.3804,-0.0318,0.1082,0.7315,1.3893,0.0317,0.0223,False,0.4989,0.5056,mid,0.1200,92.7985,68.7839,60.6472,P(loss) > 12%,strong-day fix (AMD); cheap (CPN/IV < 0.20); below mid target 12%,px > LO PT (AMD/ARM); earnings <=3d after obs #1 (AMD/ARM),0.4192,False,False
NVDA+AMD+ARM,3,92,50,50,0.0703,-0.0175,0.3414,0.0293,0.0236,0.0033,0.4902,0.6601,0.6301,4.2672,4.6804,0.1478,0.1697,0.3752,-0.0304,0.1410,0.5789,1.3893,0.0281,0.0422,False,0.4989,0.5056,mid,0.1200,92.7985,68.7839,60.6472,P(KO@1) < 55%; P(loss) > 12%,strong-day fix (AMD); cheap (CPN/IV < 0.20); below mid target 12%,px > LO PT (AMD/ARM); earnings <=3d after obs #1 (AMD/ARM),0.3563,False,False
NVDA+AMD+ARM,3,80,55,55,-0.0689,-0.2497,0.1660,0.0602,0.0092,-0.0164,0.8208,0.8946,0.8856,2.0131,2.1353,0.0542,0.0640,0.4468,-0.0358,-0.1382,1.5493,1.1982,0.0596,-0.1286,True,0.4989,0.5056,mid,0.1200,92.7985,68.7839,60.6472,,strong-day fix (AMD); cheap (CPN/IV < 0.20); below mid target 12%,px > LO PT (AMD/ARM); earnings <=3d after obs #1 (AMD/ARM),0.6727,False,False
NVDA+AMD+ARM,3,83,55,55,-0.0117,-0.1624,0.1992,0.0502,0.0144,-0.0103,0.7541,0.8512,0.8382,2.4291,2.6076,0.0757,0.0892,0.4327,-0.0351,-0.0235,1.2937,1.1982,0.0494,-0.0611,True,0.4989,0.5056,mid,0.1200,92.7985,68.7839,60.6472,,strong-day fix (AMD); cheap (CPN/IV < 0.20); below mid target 12%,px > LO PT (AMD/ARM); earnings <=3d after obs #1 (AMD/ARM),0.5960,False,False
NVDA+AMD+ARM,3,85,55,55,0.0200,-0.1133,0.2250,0.0444,0.0181,-0.0057,0.7037,0.8172,0.8010,2.7555,2.9768,0.0921,0.1084,0.4237,-0.0344,0.0401,1.1284,1.1982,0.0435,-0.0235,True,0.4989,0.5056,mid,0.1200,92.7985,68.7839,60.6472,,strong-day fix (AMD); cheap (CPN/IV < 0.20); below mid target 12%,px > LO PT (AMD/ARM); earnings <=3d after obs #1 (AMD/ARM),0.5509,False,False
NVDA+AMD+ARM,3,88,55,55,0.0589,-0.0522,0.2702,0.0370,0.0241,0.0016,0.6171,0.7568,0.7348,3.3388,3.6363,0.1204,0.1412,0.4115,-0.0331,0.1180,0.8875,1.1982,0.0359,0.0229,False,0.4989,0.5056,mid,0.1200,92.7985,68.7839,60.6472,P(loss) > 12%,strong-day fix (AMD); cheap (CPN/IV < 0.20); below mid target 12%,px > LO PT (AMD/ARM); earnings <=3d after obs #1 (AMD/ARM),0.4756,False,False
NVDA+AMD+ARM,3,90,55,55,0.0788,-0.0199,0.3039,0.0329,0.0281,0.0066,0.5551,0.7101,0.6839,3.7854,4.1423,0.1410,0.1653,0.4039,-0.0321,0.1579,0.7315,1.1982,0.0317,0.0471,False,0.4989,0.5056,mid,0.1200,92.7985,68.7839,60.6472,P(loss) > 12%,strong-day fix (AMD); cheap (CPN/IV < 0.20); below mid target 12%,px > LO PT (AMD/ARM); earnings <=3d after obs #1 (AMD/ARM),0.4149,False,False
NVDA+AMD+ARM,3,92,55,55,0.0961,0.0082,0.3413,0.0293,0.0324,0.0121,0.4902,0.6603,0.6303,4.2649,4.6779,0.1632,0.1901,0.3974,-0.0307,0.1926,0.5789,1.1982,0.0281,0.0680,False,0.4989,0.5056,mid,0.1200,92.7985,68.7839,60.6472,P(KO@1) < 55%; P(loss) > 12%,strong-day fix (AMD); cheap (CPN/IV < 0.20); below mid target 12%,px > LO PT (AMD/ARM); earnings <=3d after obs #1 (AMD/ARM),0.3478,False,True
NVDA+AMD+ARM,3,80,60,60,-0.0530,-0.2338,0.1660,0.0603,0.0119,-0.0137,0.8208,0.8947,0.8857,2.0130,2.1352,0.0572,0.0686,0.4709,-0.0359,-0.1063,1.5493,1.0238,0.0596,-0.1127,True,0.4989,0.5056,mid,0.1200,92.7985,68.7839,60.6472,,strong-day fix (AMD); cheap (CPN/IV < 0.20); below mid target 12%,px > LO PT (AMD/ARM); earnings <=3d after obs #1 (AMD/ARM),0.6676,False,False
NVDA+AMD+ARM,3,83,60,60,0.0071,-0.1435,0.1991,0.0502,0.0181,-0.0065,0.7541,0.8513,0.8382,2.4287,2.6072,0.0802,0.0959,0.4570,-0.0352,0.0143,1.2937,1.0238,0.0494,-0.0423,True,0.4989,0.5056,mid,0.1200,92.7985,68.7839,60.6472,,strong-day fix (AMD); cheap (CPN/IV < 0.20); below mid target 12%,px > LO PT (AMD/ARM); earnings <=3d after obs #1 (AMD/ARM),0.5932,False,False
NVDA+AMD+ARM,3,85,60,60,0.0406,-0.0928,0.2250,0.0444,0.0227,-0.0011,0.7037,0.8173,0.8010,2.7547,2.9755,0.0980,0.1169,0.4474,-0.0345,0.0813,1.1284,1.0238,0.0436,-0.0030,True,0.4989,0.5056,mid,0.1200,92.7985,68.7839,60.6472,,strong-day fix (AMD); cheap (CPN/IV < 0.20); below mid target 12%,px > LO PT (AMD/ARM); earnings <=3d after obs #1 (AMD/ARM),0.5547,False,False
NVDA+AMD+ARM,3,88,60,60,0.0815,-0.0296,0.2700,0.0370,0.0302,0.0077,0.6171,0.7570,0.7349,3.3371,3.6349,0.1291,0.1533,0.4341,-0.0334,0.1634,0.8875,1.0238,0.0360,0.0456,False,0.4989,0.5056,mid,0.1200,92.7985,68.7839,60.6472,P(loss) > 12%,strong-day fix (AMD); cheap (CPN/IV < 0.20); below mid target 12%,px > LO PT (AMD/ARM); earnings <=3d after obs #1 (AMD/ARM),0.4763,False,False
NVDA+AMD+ARM,3,90,60,60,0.1025,0.0038,0.3038,0.0329,0.0353,0.0138,0.5551,0.7103,0.6841,3.7837,4.1401,0.1520,0.1804,0.4255,-0.0324,0.2055,0.7315,1.0238,0.0317,0.0708,False,0.4989,0.5056,mid,0.1200,92.7985,68.7839,60.6472,P(loss) > 12%,strong-day fix (AMD); below mid target 12%,px > LO PT (AMD/ARM); earnings <=3d after obs #1 (AMD/ARM),0.4125,False,True
NVDA+AMD+ARM,3,92,60,60,0.1209,0.0329,0.3411,0.0293,0.0409,0.0205,0.4902,0.6606,0.6305,4.2623,4.6755,0.1768,0.2085,0.4182,-0.0310,0.2423,0.5789,1.0238,0.0282,0.0927,False,0.4989,0.5056,mid,0.1200,92.7985,68.7839,60.6472,P(KO@1) < 55%; P(loss) > 12%,strong-day fix (AMD),px > LO PT (AMD/ARM); earnings <=3d after obs #1 (AMD/ARM),0.3419,False,True
MU+AMD+ARM,3,80,50,50,-0.0449,-0.2093,0.1825,0.0548,0.0032,-0.0146,0.7860,0.8715,0.8585,2.2376,2.4111,0.0644,0.0782,0.4267,-0.0358,-0.0744,1.2822,1.1497,0.0536,-0.0985,True,0.6029,0.5686,high-vol,0.1600,91.2984,63.6258,60.6472,,strong-day fix (AMD); cheap (CPN/IV < 0.20); below high-vol target 16%,px > LO PT (AMD/ARM); earnings <=3d after obs #1 (AMD/ARM),0.6343,False,False
MU+AMD+ARM,3,83,50,50,0.0085,-0.1267,0.2217,0.0451,0.0070,-0.0081,0.7102,0.8202,0.8031,2.7315,2.9599,0.0892,0.1065,0.4136,-0.0349,0.0142,1.0707,1.1497,0.0439,-0.0354,True,0.6029,0.5686,high-vol,0.1600,91.2984,63.6258,60.6472,,strong-day fix (AMD); cheap (CPN/IV < 0.20); below high-vol target 16%,px > LO PT (AMD/ARM); earnings <=3d after obs #1 (AMD/ARM),0.5508,False,False
MU+AMD+ARM,3,85,50,50,0.0369,-0.0825,0.2512,0.0398,0.0097,-0.0033,0.6556,0.7816,0.7620,3.1027,3.3695,0.1070,0.1266,0.4072,-0.0340,0.0613,0.9338,1.1497,0.0387,-0.0017,False,0.6029,0.5686,high-vol,0.1600,91.2984,63.6258,60.6472,,strong-day fix (AMD); cheap (CPN/IV < 0.20); below high-vol target 16%,px > LO PT (AMD/ARM); earnings <=3d after obs #1 (AMD/ARM),0.5026,False,False
MU+AMD+ARM,3,88,50,50,0.0706,-0.0292,0.3006,0.0333,0.0137,0.0042,0.5695,0.7180,0.6946,3.7188,4.0438,0.1368,0.1596,0.3984,-0.0327,0.1170,0.7345,1.1497,0.0323,0.0383,False,0.6029,0.5686,high-vol,0.1600,91.2984,63.6258,60.6472,P(loss) > 12%,strong-day fix (AMD); cheap (CPN/IV < 0.20); below high-vol target 16%,px > LO PT (AMD/ARM); earnings <=3d after obs #1 (AMD/ARM),0.4168,False,False
MU+AMD+ARM,3,90,50,50,0.0870,-0.0024,0.3356,0.0298,0.0161,0.0090,0.5113,0.6730,0.6469,4.1565,4.5199,0.1571,0.1817,0.3931,-0.0316,0.1443,0.6054,1.1497,0.0289,0.0581,False,0.6029,0.5686,high-vol,0.1600,91.2984,63.6258,60.6472,P(KO@1) < 55%; P(loss) > 12%,strong-day fix (AMD); cheap (CPN/IV < 0.20); below high-vol target 16%,px > LO PT (AMD/ARM); earnings <=3d after obs #1 (AMD/ARM),0.3546,False,False
MU+AMD+ARM,3,80,55,55,-0.0259,-0.1903,0.1824,0.0548,0.0067,-0.0111,0.7860,0.8715,0.8586,2.2374,2.4109,0.0685,0.0841,0.4547,-0.0359,-0.0429,1.2822,0.9917,0.0536,-0.0795,True,0.6029,0.5686,high-vol,0.1600,91.2984,63.6258,60.6472,,strong-day fix (AMD); cheap (CPN/IV < 0.20); below high-vol target 16%,px > LO PT (AMD/ARM); earnings <=3d after obs #1 (AMD/ARM),0.6275,False,False
MU+AMD+ARM,3,83,55,55,0.0307,-0.1046,0.2217,0.0451,0.0119,-0.0031,0.7102,0.8203,0.8033,2.7307,2.9588,0.0954,0.1153,0.4412,-0.0351,0.0510,1.0707,0.9917,0.0439,-0.0132,True,0.6029,0.5686,high-vol,0.1600,91.2984,63.6258,60.6472,,strong-day fix (AMD); cheap (CPN/IV < 0.20); below high-vol target 16%,px > LO PT (AMD/ARM); earnings <=3d after obs #1 (AMD/ARM),0.5526,False,False
MU+AMD+ARM,3,85,55,55,0.0608,-0.0587,0.2511,0.0398,0.0157,0.0027,0.6556,0.7818,0.7621,3.1014,3.3682,0.1150,0.1377,0.4339,-0.0342,0.1008,0.9338,0.9917,0.0387,0.0221,False,0.6029,0.5686,high-vol,0.1600,91.2984,63.6258,60.6472,,strong-day fix (AMD); cheap (CPN/IV < 0.20); below high-vol target 16%,px > LO PT (AMD/ARM); earnings <=3d after obs #1 (AMD/ARM),0.5025,False,False
MU+AMD+ARM,3,88,55,55,0.0964,-0.0034,0.3005,0.0333,0.0215,0.0119,0.5695,0.7183,0.6948,3.7169,4.0417,0.1477,0.1742,0.4249,-0.0329,0.1600,0.7345,0.9917,0.0323,0.0642,False,0.6029,0.5686,high-vol,0.1600,91.2984,63.6258,60.6472,P(loss) > 12%,strong-day fix (AMD); cheap (CPN/IV < 0.20); below high-vol target 16%,px > LO PT (AMD/ARM); earnings <=3d after obs #1 (AMD/ARM),0.4131,False,True
MU+AMD+ARM,3,90,55,55,0.1139,0.0244,0.3354,0.0298,0.0251,0.0180,0.5113,0.6732,0.6471,4.1540,4.5172,0.1702,0.1989,0.4190,-0.0319,0.1889,0.6054,0.9917,0.0289,0.0850,False,0.6029,0.5686,high-vol,0.1600,91.2984,63.6258,60.6472,P(KO@1) < 55%; P(loss) > 12%,strong-day fix (AMD); cheap (CPN/IV < 0.20); below high-vol target 16%,px > LO PT (AMD/ARM); earnings <=3d after obs #1 (AMD/ARM),0.3476,False,True
MU+AMD+ARM,3,80,60,60,-0.0083,-0.1728,0.1824,0.0548,0.0099,-0.0079,0.7860,0.8716,0.8587,2.2372,2.4106,0.0717,0.0890,0.4814,-0.0360,-0.0138,1.2822,0.8473,0.0536,-0.0620,True,0.6029,0.5686,high-vol,0.1600,91.2984,63.6258,60.6472,,strong-day fix (AMD); cheap (CPN/IV < 0.20); below high-vol target 16%,px > LO PT (AMD/ARM); earnings <=3d after obs #1 (AMD/ARM),0.6222,False,False
MU+AMD+ARM,3,83,60,60,0.0514,-0.0840,0.2216,0.0451,0.0165,0.0014,0.7102,0.8204,0.8033,2.7302,2.9583,0.1003,0.1225,0.4677,-0.0352,0.0852,1.0707,0.8473,0.0440,0.0074,True,0.6029,0.5686,high-vol,0.1600,91.2984,63.6258,60.6472,,strong-day fix (AMD); cheap (CPN/IV < 0.20); below high-vol target 16%,px > LO PT (AMD/ARM); earnings <=3d after obs #1 (AMD/ARM),0.5558,False,False
MU+AMD+ARM,3,85,60,60,0.0830,-0.0365,0.2511,0.0398,0.0213,0.0082,0.6556,0.7819,0.7622,3.1006,3.3676,0.1213,0.1467,0.4601,-0.0344,0.1377,0.9338,0.8473,0.0387,0.0443,False,0.6029,0.5686,high-vol,0.1600,91.2984,63.6258,60.6472,P(loss) > 12%,strong-day fix (AMD); cheap (CPN/IV < 0.20); below high-vol target 16%,px > LO PT (AMD/ARM); earnings <=3d after obs #1 (AMD/ARM),0.5043,False,False
MU+AMD+ARM,3,88,60,60,0.1209,0.0210,0.3004,0.0333,0.0289,0.0193,0.5695,0.7185,0.6950,3.7152,4.0400,0.1566,0.1866,0.4500,-0.0330,0.2005,0.7345,0.8473,0.0323,0.0886,False,0.6029,0.5686,high-vol,0.1600,91.2984,63.6258,60.6472,P(loss) > 12%,strong-day fix (AMD); below high-vol target 16%,px > LO PT (AMD/ARM); earnings <=3d after obs #1 (AMD/ARM),0.4118,False,True
MU+AMD+ARM,3,90,60,60,0.1393,0.0498,0.3353,0.0298,0.0336,0.0265,0.5113,0.6734,0.6473,4.1522,4.5150,0.1811,0.2137,0.4436,-0.0322,0.2310,0.6054,0.8473,0.0289,0.1104,False,0.6029,0.5686,high-vol,0.1600,91.2984,63.6258,60.6472,P(KO@1) < 55%; P(loss) > 12%,strong-day fix (AMD); below high-vol target 16%,px > LO PT (AMD/ARM); earnings <=3d after obs #1 (AMD/ARM),0.3436,False,True
AMAT+ARM+BABA,3,80,50,50,-0.0747,-0.2492,0.1720,0.0581,0.0071,-0.0183,0.7976,0.8805,0.8661,2.1479,2.3410,0.0576,0.0717,0.4083,-0.0369,-0.1410,1.4589,1.3082,0.0559,-0.1306,True,0.5299,0.3409,mid,0.1200,92.3521,67.2068,64.4549,,low corr (avg rho 0.34); cheap (CPN/IV < 0.20); below mid target 12%,px > LO PT (ARM); earnings <=3d after obs #1 (ARM),0.6530,False,False
AMAT+ARM+BABA,3,83,50,50,-0.0213,-0.1659,0.2074,0.0482,0.0113,-0.0131,0.7197,0.8294,0.8083,2.6386,2.9196,0.0802,0.0998,0.3959,-0.0364,-0.0401,1.2182,1.3082,0.0455,-0.0667,True,0.5299,0.3409,mid,0.1200,92.3521,67.2068,64.4549,,low corr (avg rho 0.34); cheap (CPN/IV < 0.20); below mid target 12%,px > LO PT (ARM); earnings <=3d after obs #1 (ARM),0.5676,False,False
AMAT+ARM+BABA,3,85,50,50,0.0078,-0.1195,0.2356,0.0424,0.0142,-0.0094,0.6605,0.7886,0.7626,3.0288,3.3803,0.0976,0.1215,0.3873,-0.0358,0.0147,1.0625,1.3082,0.0396,-0.0318,False,0.5299,0.3409,mid,0.1200,92.3521,67.2068,64.4549,,low corr (avg rho 0.34); cheap (CPN/IV < 0.20); below mid target 12%,px > LO PT (ARM); earnings <=3d after obs #1 (ARM),0.5067,False,False
AMAT+ARM+BABA,3,88,50,50,0.0432,-0.0624,0.2842,0.0352,0.0188,-0.0033,0.5636,0.7180,0.6841,3.7074,4.1753,0.1273,0.1569,0.3759,-0.0345,0.0815,0.8357,1.3082,0.0324,0.0108,False,0.5299,0.3409,mid,0.1200,92.3521,67.2068,64.4549,P(loss) > 12%,low corr (avg rho 0.34); cheap (CPN/IV < 0.20); below mid target 12%,px > LO PT (ARM); earnings <=3d after obs #1 (ARM),0.4182,False,False
AMAT+ARM+BABA,3,90,50,50,0.0608,-0.0330,0.3198,0.0313,0.0217,0.0007,0.4965,0.6662,0.6268,4.2091,4.7509,0.1483,0.1813,0.3696,-0.0335,0.1148,0.6888,1.3082,0.0285,0.0323,False,0.5299,0.3409,mid,0.1200,92.3521,67.2068,64.4549,P(KO@1) < 55%; P(loss) > 12%,low corr (avg rho 0.34); cheap (CPN/IV < 0.20); below mid target 12%,px > LO PT (ARM); earnings <=3d after obs #1 (ARM),0.3510,False,False
AMAT+ARM+BABA,3,92,50,50,0.0750,-0.0087,0.3585,0.0279,0.0245,0.0046,0.4275,0.6107,0.5671,4.7470,5.3528,0.1699,0.2055,0.3635,-0.0321,0.1416,0.5451,1.3082,0.0253,0.0497,False,0.5299,0.3409,mid,0.1200,92.3521,67.2068,64.4549,P(KO@1) < 55%; P(loss) > 12%,low corr (avg rho 0.34); cheap (CPN/IV < 0.20); below mid target 12%,px > LO PT (ARM); earnings <=3d after obs #1 (ARM),0.2791,False,False
AMAT+ARM+BABA,3,80,55,55,-0.0566,-0.2311,0.1719,0.0582,0.0102,-0.0152,0.7976,0.8806,0.8662,2.1471,2.3407,0.0621,0.0788,0.4343,-0.0371,-0.1069,1.4589,1.1283,0.0559,-0.1125,True,0.5299,0.3409,mid,0.1200,92.3521,67.2068,64.4549,,low corr (avg rho 0.34); cheap (CPN/IV < 0.20); below mid target 12%,px > LO PT (ARM); earnings <=3d after obs #1 (ARM),0.6457,False,False
AMAT+ARM+BABA,3,83,55,55,-0.0003,-0.1450,0.2074,0.0482,0.0156,-0.0087,0.7197,0.8296,0.8084,2.6376,2.9191,0.0871,0.1104,0.4206,-0.0367,-0.0007,1.2182,1.1283,0.0455,-0.0458,True,0.5299,0.3409,mid,0.1200,92.3521,67.2068,64.4549,,low corr (avg rho 0.34); cheap (CPN/IV < 0.20); below mid target 12%,px > LO PT (ARM); earnings <=3d after obs #1 (ARM),0.5561,False,False
AMAT+ARM+BABA,3,85,55,55,0.0304,-0.0970,0.2355,0.0425,0.0195,-0.0040,0.6605,0.7888,0.7627,3.0272,3.3790,0.1065,0.1349,0.4118,-0.0362,0.0573,1.0625,1.1283,0.0396,-0.0093,False,0.5299,0.3409,mid,0.1200,92.3521,67.2068,64.4549,,low corr (avg rho 0.34); cheap (CPN/IV < 0.20); below mid target 12%,px > LO PT (ARM); earnings <=3d after obs #1 (ARM),0.5061,False,False
AMAT+ARM+BABA,3,88,55,55,0.0679,-0.0378,0.2840,0.0352,0.0258,0.0037,0.5636,0.7182,0.6843,3.7057,4.1731,0.1399,0.1756,0.3998,-0.0350,0.1281,0.8357,1.1283,0.0324,0.0355,False,0.5299,0.3409,mid,0.1200,92.3521,67.2068,64.4549,P(loss) > 12%,low corr (avg rho 0.34); cheap (CPN/IV < 0.20); below mid target 12%,px > LO PT (ARM); earnings <=3d after obs #1 (ARM),0.4127,False,False
AMAT+ARM+BABA,3,90,55,55,0.0865,-0.0074,0.3196,0.0313,0.0299,0.0089,0.4965,0.6664,0.6270,4.2069,4.7485,0.1640,0.2038,0.3924,-0.0340,0.1632,0.6888,1.1283,0.0285,0.0580,False,0.5299,0.3409,mid,0.1200,92.3521,67.2068,64.4549,P(KO@1) < 55%; P(loss) > 12%,low corr (avg rho 0.34); cheap (CPN/IV < 0.20); below mid target 12%,px > LO PT (ARM); earnings <=3d after obs #1 (ARM),0.3411,False,False
AMAT+ARM+BABA,3,92,55,55,0.1015,0.0178,0.3582,0.0279,0.0340,0.0141,0.4275,0.6109,0.5673,4.7442,5.3502,0.1891,0.2324,0.3853,-0.0327,0.1916,0.5451,1.1283,0.0253,0.0762,False,0.5299,0.3409,mid,0.1200,92.3521,67.2068,64.4549,P(KO@1) < 55%; P(loss) > 12%,low corr (avg rho 0.34); cheap (CPN/IV < 0.20); below mid target 12%,px > LO PT (ARM); earnings <=3d after obs #1 (ARM),0.2638,False,True
AMAT+ARM+BABA,3,80,60,60,-0.0397,-0.2142,0.1719,0.0582,0.0131,-0.0123,0.7976,0.8807,0.8662,2.1470,2.3405,0.0651,0.0840,0.4630,-0.0372,-0.0750,1.4589,0.9641,0.0559,-0.0956,True,0.5299,0.3409,mid,0.1200,92.3521,67.2068,64.4549,,low corr (avg rho 0.34); cheap (CPN/IV < 0.20); below mid target 12%,px > LO PT (ARM); earnings <=3d after obs #1 (ARM),0.6407,False,False
AMAT+ARM+BABA,3,83,60,60,0.0193,-0.1254,0.2073,0.0482,0.0197,-0.0046,0.7197,0.8297,0.8084,2.6369,2.9185,0.0921,0.1184,0.4478,-0.0370,0.0365,1.2182,0.9641,0.0455,-0.0262,True,0.5299,0.3409,mid,0.1200,92.3521,67.2068,64.4549,,low corr (avg rho 0.34); cheap (CPN/IV < 0.20); below mid target 12%,px > LO PT (ARM); earnings <=3d after obs #1 (ARM),0.5599,False,False
AMAT+ARM+BABA,3,85,60,60,0.0518,-0.0756,0.2355,0.0425,0.0245,0.0010,0.6605,0.7890,0.7629,3.0261,3.3779,0.1133,0.1456,0.4375,-0.0365,0.0977,1.0625,0.9641,0.0397,0.0121,False,0.5299,0.3409,mid,0.1200,92.3521,67.2068,64.4549,,low corr (avg rho 0.34); cheap (CPN/IV < 0.20); below mid target 12%,px > LO PT (ARM); earnings <=3d after obs #1 (ARM),0.5083,False,False
AMAT+ARM+BABA,3,88,60,60,0.0915,-0.0142,0.2839,0.0352,0.0325,0.0104,0.5636,0.7184,0.6845,3.7040,4.1713,0.1500,0.1910,0.4246,-0.0354,0.1727,0.8357,0.9641,0.0324,0.0591,False,0.5299,0.3409,mid,0.1200,92.3521,67.2068,64.4549,P(loss) > 12%,low corr (avg rho 0.34); cheap (CPN/IV < 0.20); below mid target 12%,px > LO PT (ARM); earnings <=3d after obs #1 (ARM),0.4109,False,True
AMAT+ARM+BABA,3,90,60,60,0.1112,0.0173,0.3194,0.0313,0.0378,0.0168,0.4965,0.6667,0.6272,4.2042,4.7460,0.1767,0.2226,0.4162,-0.0346,0.2099,0.6888,0.9641,0.0285,0.0827,False,0.5299,0.3409,mid,0.1200,92.3521,67.2068,64.4549,P(KO@1) < 55%; P(loss) > 12%,low corr (avg rho 0.34); below mid target 12%,px > LO PT (ARM); earnings <=3d after obs #1 (ARM),0.3356,False,True
AMAT+ARM+BABA,3,92,60,60,0.1272,0.0434,0.3580,0.0279,0.0432,0.0233,0.4275,0.6112,0.5676,4.7408,5.3472,0.2046,0.2549,0.4086,-0.0333,0.2401,0.5451,0.9641,0.0253,0.1019,False,0.5299,0.3409,mid,0.1200,92.3521,67.2068,64.4549,P(KO@1) < 55%; P(loss) > 12%,low corr (avg rho 0.34),px > LO PT (ARM); earnings <=3d after obs #1 (ARM),0.2543,False,True
