rev4,beat,gm4,eps4,g_week,rev1,gm1,eps1,print_state,guide_state,tone
51.17537710774527,0.023507542154905314,85.99594695372166,31.725513098134243,0.10767777726940961,52.63684025380031,87.18606585692213,32.988854812683556,In-line,Below (severe),Mixed
50.381059336370036,0.007621186727400801,86.5041192999541,31.119968255087773,0.1972114407348166,56.008439159996016,88.64529130499734,35.463927465273926,In-line,In-line,Mixed
52.73783611368077,0.05475672227361549,87.13871043913413,33.01963296437802,0.1627754325907681,56.942098758058606,89.157986485021,36.878066381705835,Beat,In-line,Mixed
56.58250657664181,0.1316501315328362,88.39518719988214,35.79567360790797,0.12160036176703985,58.92989128561541,89.3050137206882,37.63425829588088,Big beat,Above whisper,Very bullish
54.28495464177983,0.08569909283559655,87.22609970368403,34.18002576161652,0.17077896021440253,59.01599112573263,88.74018101196886,38.10690982365786,Big beat,Above whisper,Clean
48.81636899184371,-0.023672620163125747,85.40129184611087,29.998223763687847,0.15269119242048135,52.250898684071785,87.04127717406591,32.89555504095486,Miss,Below (severe),Mixed
51.71411443726313,0.03428228874526253,85.88214598084197,31.7422522893103,0.11274512329425349,53.43429802800653,86.8290024602827,33.49629591585747,Beat,Below (severe),Mixed
52.01383665313797,0.04027673306275938,87.38565149677832,32.48969464694216,0.08012064706348324,52.168274694753016,87.52734265698614,32.93987038821939,Beat,Below (severe),Clean
52.69157965032477,0.053831593006495454,87.35274066108339,33.347894958436555,0.1137443341330836,54.493166271209056,88.73322560859235,34.98378833341118,Beat,Below,Mixed
51.84296052415143,0.03685921048302857,87.14658019243346,32.654921654333506,0.1039911237956331,53.14601337495411,87.99922328385965,33.45362920408702,Beat,Below (severe),Mixed
51.23909301121603,0.024781860224320593,86.03341701321294,31.985571142572482,0.07162739407487942,50.98712888134339,86.38740666811688,31.4700552576917,Beat,Sandbag (flat/down QoQ),Mixed
54.58472720442147,0.0916945440884293,88.15083010766132,34.977288348472975,0.15858723672437228,58.72394195490118,90.06188845273653,38.41725410843405,Big beat,Above whisper,Clean
53.303540368267264,0.06607080736534536,86.89665358920465,33.37438346013936,0.09984941137869505,54.43830553426502,87.35590322866904,34.67073131087523,Beat,Below,Mixed
53.399568552272,0.06799137104543998,86.07232317590483,33.45668607375178,0.1104772494238992,55.063362720182106,86.91656513554678,34.49789263461217,Beat,Below,Clean
52.42987508369071,0.04859750167381433,85.45538379555,32.45150649234805,0.1489929265298121,55.938587352144964,87.1940879179566,35.06477728784866,Beat,In-line,Mixed
53.677249277849,0.07354498555698012,87.39634513009253,33.80726221551374,0.13818489631159495,56.73073194620019,88.71066287163596,36.556520516069696,Big beat,In-line,Clean
55.62177601207193,0.1124355202414386,88.07777339542454,35.19980603391729,0.18355764237139763,61.129322504117965,90.13356902768571,39.88864718582973,Big beat,Above whisper,Clean
49.97977226088294,-0.0004045547823412088,86.56629261357067,31.052939470422604,0.09975108922857304,51.039215484494754,87.80680146926903,32.31249740081715,Miss,Below (severe),Mixed
54.041493982027454,0.08082987964054913,86.48169609034892,33.5894569884011,0.24168795232892926,62.30962400310126,89.02122944049916,40.35413150707113,Big beat,Above whisper,Mixed
52.32462049149582,0.046492409829916446,87.98187347245133,33.419480346240974,0.15049123404231562,55.89908740005281,89.25871542474421,35.88684150279067,Beat,In-line,Very bullish
52.587324406825445,0.0517464881365089,87.54650100300032,33.60308882954572,0.12359745235130434,54.86648489166059,88.56868442505488,34.72974505672501,Beat,Below,Mixed
52.608759082108435,0.05217518164216864,87.04386169040146,33.06537336428844,0.1879673880195804,58.033383677029185,88.63361396912872,37.65609847920727,Beat,Above cons < whisper,Clean
51.791187193270446,0.03582374386540888,86.42221152208542,32.25890121265391,0.1689861644540998,56.218668321757974,87.82355389159157,35.39172091993658,Beat,In-line,Mixed
54.39014354709365,0.08780287094187308,87.47169987388392,34.27224888100157,0.159702214771101,58.57091493804813,88.84236256644571,37.30357417300791,Big beat,Above whisper,Mixed
51.635206604713034,0.03270413209426079,86.15315110768316,31.581586636497242,0.18873337712063454,56.99617255943206,88.13264723773658,36.055885954976155,Beat,In-line,Clean
51.32945369476706,0.026589073895341122,86.92156550983006,32.48340938937501,0.1697807625641522,55.755335521846945,88.68817914259682,35.50440263539049,Beat,Below,Very bullish
50.97029540782654,0.019405908156530826,86.21183856968605,31.545991927138292,0.09370728112090657,51.76468440782172,87.12678024438632,32.80544201937332,In-line,Below (severe),Clean
51.510602894140625,0.0302120578828125,87.19246673016593,32.688784124102064,0.09455274073046822,52.35385217628466,87.86020844774161,32.717563385216074,Beat,Below (severe),Clean
53.3986837837821,0.06797367567564204,87.60435244715782,33.74168713917476,0.1760612280917398,58.3143986557203,89.01172606274203,37.55849019113784,Beat,Above cons < whisper,Clean
50.692868352477994,0.013857367049559843,86.99787340001895,31.707754635066888,0.07284150436109942,50.50074077624797,88.20370639268202,31.909269253854077,In-line,Sandbag (flat/down QoQ),Mixed
51.50450109454856,0.030090021890971236,87.22898984012237,32.2755735541452,0.17257221194226027,56.07897914674471,88.92876222242572,35.72519166805001,Beat,In-line,Mixed
54.40293750623595,0.08805875012471887,87.2772876340534,33.88747292447966,0.1407687447074185,57.62822996114313,88.89221794696586,37.56648967325786,Big beat,Above cons < whisper,Mixed
50.314773151122964,0.006295463022459265,86.80708288080537,31.6535104001964,0.15195229427473025,53.82020276968093,88.41600101411805,34.44067691027736,In-line,Below (severe),Clean
52.13787322063004,0.04275746441260081,86.36405389770428,32.42697320372119,0.12796427534104896,54.6089685004792,87.66704046689789,34.664608590744045,Beat,Below,Clean
49.92072767323437,-0.0015854465353126956,86.53732732354617,30.999810932812448,0.17887194740607062,54.64656363035436,88.35347771192713,34.6849472538658,Miss,Below,Mixed
50.29520052421105,0.00590401048422105,86.37248050391635,31.07914846900565,0.14918723791242108,53.670130958478765,88.25775430289912,33.73030822049965,In-line,Below (severe),Mixed
50.464272095560226,0.009285441911204404,86.03078828998171,31.19027407528614,0.14197777745829582,53.51271462525724,86.93187354514436,33.316288508291166,In-line,Below (severe),Mixed
51.9564743565284,0.03912948713056812,86.67525431854592,32.94275376514409,0.17279267393995243,56.58173159700798,88.08167711701903,35.93292670223391,Beat,In-line,Mixed
57.35153356767321,0.14703067135346412,88.1687190063687,36.7161206210901,0.25052779710523676,66.59685215206162,90.27434075483873,43.68808285363976,Big beat,Above whisper,Clean
51.14540212972367,0.02290804259447349,86.90519401593416,32.116233936676196,0.14675719246471303,54.46197505706349,88.2320068047248,34.4795414159858,In-line,Below,Clean
52.02835151042675,0.040567030208535054,87.08474888015823,32.92646437962346,0.1387156930718423,55.013678896039536,88.01207470596839,34.55942304534604,Beat,Below,Mixed
53.61590749114386,0.07231814982287708,87.2961768696057,34.040260244218864,0.19246513955753503,59.36830770829283,88.87971666199496,38.08430964443716,Big beat,Above whisper,Clean
49.7241464853124,-0.005517070293751927,86.30624278436345,30.84810618252335,0.1087274318476841,51.192630573944285,87.89203359220028,32.09216859822331,Miss,Below (severe),Clean
50.89018394941455,0.017803678988290855,87.3052941904191,32.417383389751585,0.18190224425287038,55.850992433093424,88.6114030194715,36.03840847422029,In-line,In-line,Clean
53.50804122996885,0.07016082459937706,86.83181033727345,33.65361958944359,0.1375036409349223,56.518049452786535,87.90071203297245,35.80289860515678,Big beat,In-line,Clean
51.96500015840383,0.03930000316807648,86.72787197955795,32.33436219671074,0.14998041201986126,55.49025141471815,88.05039664952862,35.07205268948028,Beat,Below,Mixed
51.18083096269606,0.02361661925392121,86.04083307400018,31.84095203139984,0.14084327348079936,54.2186419681675,87.82182884217022,34.16529199685671,In-line,Below,Clean
53.269760360669004,0.06539520721338002,87.57467641817594,33.50709080625581,0.13584864474936564,56.18450046094728,88.49564259121532,35.690858245670455,Beat,In-line,Clean
53.29427911214756,0.06588558224295114,87.8837011867336,33.84018616346937,0.1355483743488785,56.195501150187795,89.47117318053998,36.365678163789,Beat,In-line,Clean
53.21475928999912,0.06429518579998258,87.74862760316003,34.02914539477049,0.17333426065643548,57.978793087002636,89.27021762190522,37.30478924290287,Beat,Above cons < whisper,Mixed
56.378515052025016,0.1275703010405003,87.90142212119389,35.70327795557026,0.13137633143783373,59.22922342208184,88.8063509225865,37.53675711374418,Big beat,Above whisper,Clean
49.34869026133781,-0.013026194773243818,85.41231131657308,30.21951306786797,0.1972649927320148,54.86321219514113,87.48123762832309,34.311876118664046,Miss,Below,Mixed
53.28848933226651,0.06576978664533027,87.25302831140496,33.52760346726493,0.1385472371405059,56.33778642202597,88.71238427355246,36.02034446721051,Beat,In-line,Mixed
50.58609143998347,0.011721828799669494,86.65712411605837,31.698627625952387,0.2193537912107657,57.27646078131557,89.15017604352187,36.529209334404186,In-line,In-line,Very bullish
50.749171995691626,0.014983439913832433,85.89474651266204,31.159675044074493,0.16479892407016558,54.89025372817385,87.52626844497104,34.67334692494887,In-line,Below,Clean
56.9549556364487,0.13909911272897413,88.53265458610483,36.82464950400036,0.19005179737589922,62.93796537286179,90.26057689827613,41.227591235253854,Big beat,Above whisper,Clean
50.6831158267538,0.013662316535075965,86.21839122677542,31.721103000960788,0.1319249197345992,53.27166168451929,87.97642388675494,33.93769577389494,In-line,Below (severe),Clean
49.38315124772111,-0.012336975045577871,86.2953116555504,30.715332266694023,0.10958602881951096,50.88093649186985,87.35444636605996,31.851314422797266,Miss,Below (severe),Mixed
51.26612438695596,0.02532248773911925,86.72102920279762,32.312534775974854,0.15123455201725164,54.803667046400946,88.22391104060843,34.86442867785724,Beat,Below,Mixed
54.22832681079074,0.08456653621581477,87.17815802800426,34.600613700060684,0.15955971128034258,58.389484195655385,88.57854550673864,37.34162005883836,Big beat,Above cons < whisper,Mixed
54.18839342769752,0.08376786855395042,87.75970731217106,34.58210158170891,0.1065004014545515,55.676659147501304,88.32748656049941,35.4181699211866,Big beat,Below,Mixed
53.063011335483914,0.0612602267096783,85.67837246672508,32.8973995198442,0.24430859597686289,61.31056390936318,88.86519271664646,39.70625063128661,Beat,Above whisper,Mixed
53.05255524186641,0.061051104837328056,86.72112232432295,32.91995489446473,0.16303301919111834,57.29459682026924,88.28436550658411,36.243768039438734,Beat,In-line,Very bullish
55.029419200814054,0.10058838401628103,87.16555345616112,34.73609095073143,0.1408214966680028,58.294548346769076,88.00914979265248,37.211196037497125,Big beat,Above cons < whisper,Mixed
51.49259084740763,0.029851816948152487,86.78285392035401,31.945947977163026,0.18659651042287453,56.73657656844054,88.01008871021445,36.223823360684904,Beat,In-line,Mixed
53.025057373956344,0.06050114747912674,88.34796424347324,34.04180184326929,0.11185740286830467,54.74513810883923,89.34714922884162,35.053412794726725,Beat,Below,Clean
56.15006057644801,0.12300121152896032,87.66071775249743,35.59869280818438,0.18789444349149523,61.936034606153925,89.09108999943471,39.994190964378724,Big beat,Above whisper,Very bullish
55.853029924901776,0.11706059849803556,87.49634582092224,35.34108050522798,0.2230892809075251,63.43372490682927,89.81657225287265,41.294746263275655,Big beat,Above whisper,Very bullish
51.23073218144795,0.024614643628958984,86.39560136988791,31.798328826478603,0.1568273527353701,55.03188998186208,87.96319701219164,34.56945119568311,Beat,Below,Clean
49.00936235728194,-0.019812752854361283,85.46478494134416,30.270892579428047,0.1286097164225125,51.36155379837868,86.9379120027805,32.179781908377834,Miss,Below (severe),Clean
51.829785149038564,0.03659570298077139,86.97246788720419,32.68972585582234,0.1435549769700545,55.03662242229512,88.29703127915255,35.07468284295342,Beat,Below,Clean
51.72330544250977,0.03446610885019537,87.2123238275828,32.280349278437846,0.1475243529059478,55.11419885035323,87.95882923280097,34.77276845911619,Beat,Below,Clean
51.463099925815555,0.029261998516311102,86.10029292378542,31.979307655794706,0.16091670975967703,55.47691745134618,87.89745176311308,35.26391592322162,Beat,Below,Clean
51.975066259287004,0.03950132518574009,87.06691028937405,32.78080212675508,0.1943240191022761,57.64113645447742,89.08715870545801,37.42036606385238,Beat,Above cons < whisper,Mixed
51.514622952081126,0.030292459041622557,86.22662857858282,31.68087055908322,0.15999222497229765,55.48823623273689,87.66859506749454,35.32885219244507,Beat,Below,Clean
51.10096926572637,0.022019385314527355,85.69928566102925,31.333808408623394,0.10990481796805737,52.665982562948216,86.70764249544443,32.70290564016256,In-line,Below (severe),Clean
53.21767031452459,0.06435340629049184,88.5077630567696,33.77302028396097,0.16394313123447637,57.51788883554237,89.96029759653425,37.36373398745172,Beat,In-line,Mixed
56.22843893540582,0.12456877870811643,88.11489593461663,36.545132957403204,0.18025403208988017,61.62356735937288,89.83731971950078,40.09350366314026,Big beat,Above whisper,Clean
51.33415102708281,0.0266830205416562,86.43951107859023,31.937963397090105,0.1661935000580971,55.58944231172862,88.75932609208358,35.50050722298214,Beat,Below,Clean
51.05011753273777,0.02100235065475534,87.09046994923789,32.22001393260341,0.09005436324475648,51.67258883495285,87.88973416320322,32.45467269110582,In-line,Below (severe),Mixed
52.901752290165994,0.05803504580331976,87.07166278966413,33.37069444675953,0.17880933568584004,57.90671665423119,88.39108015272011,37.061588359440805,Beat,Above cons < whisper,Clean
52.12464925289449,0.042492985057889815,86.5930500988521,32.77333016067734,0.016842741203000555,49.216673285518304,86.22566380147882,30.309469607462805,Beat,Sandbag (flat/down QoQ),Mixed
49.32841671463432,-0.013431665707313564,86.09880112080835,30.21511542475808,0.09318038403186352,50.073081990088625,86.39397798791964,31.152387914685406,Miss,Below (severe),Clean
51.00327702310611,0.020065540462122076,86.48396835309592,31.895023773575616,0.0966042555241077,51.93538129855502,87.31542382820865,32.75237799771261,In-line,Below (severe),Mixed
52.55081028408286,0.05101620568165723,87.09897950445969,32.96082756301992,0.10603599762722823,53.971438744483734,87.98523706658558,33.982756333361046,Beat,Below,Mixed
49.32180861341433,-0.013563827731713376,86.35572928857718,30.36422653307107,0.09457982803905629,50.13046701988586,87.12840358066063,31.347241940847635,Miss,Below (severe),Mixed
54.901226521683085,0.09802453043366174,88.34065714954482,34.6624620066446,0.15836846687318104,59.053288909995025,89.74055741029929,38.257986223346904,Big beat,Above whisper,Very bullish
51.39019065993795,0.027803813198759006,86.31619525772138,32.12516902279468,0.18305800368495545,56.454892344625755,88.06744884923052,35.79471941884271,Beat,In-line,Mixed
54.04431034749664,0.08088620694993268,87.90662741383102,34.47240276811339,0.18358214347069676,59.39688920609381,89.28211072173255,38.091660793887534,Big beat,Above whisper,Clean
52.29592143266638,0.0459184286533276,87.15340536530475,32.946553644755745,0.21976302009737592,59.232300275092506,89.1232880211742,38.05365147080221,Beat,Above whisper,Very bullish
56.57200561477013,0.1314401122954026,88.1134634117679,36.2223140536087,0.23643465389356202,64.95133188362274,89.65249449747196,42.36807405452265,Big beat,Above whisper,Very bullish
49.09576806405718,-0.018084638718856395,86.58718306426849,30.801778867625416,0.07999943643183242,49.236015994629014,87.25742924843965,30.970594097461415,Miss,Below (severe),Mixed
51.39769647748032,0.027953929549606564,86.04618875333638,31.66714326747131,0.17291632709916036,55.97911184702912,87.50580288084451,35.26763354457915,Beat,In-line,Clean
51.94461384265868,0.038892276853173584,86.67401000447389,32.18713992528491,0.12149967973527714,54.09473437504905,88.31504779976702,34.341040295805044,Beat,Below,Clean
54.96571219479123,0.09931424389582459,87.51134182828584,34.93287628626684,0.13759689505045422,58.0624789893863,88.39460703761944,36.64397801573262,Big beat,Above cons < whisper,Clean
50.396655356688015,0.00793310713376021,86.91700863441326,31.553483310895082,0.2651861680499291,59.20678332517097,89.28558118927252,38.30852714844584,In-line,Above whisper,Very bullish
48.852100211299685,-0.022957995774006267,85.76789350791802,30.066004300452743,0.186913742495569,53.841569869807834,87.44472937463406,34.10546964432382,Miss,Below (severe),Mixed
52.45652729711504,0.049130545942300846,87.4270830607232,33.31405246403469,0.14512448014333149,55.778592583288095,88.95333398013575,35.467571443538695,Beat,Below,Mixed
52.018375870556675,0.04036751741113362,87.15275287078418,32.76676603646652,0.09587189896965836,52.93365660754265,87.67419189048854,33.62741614454638,Beat,Below (severe),Clean
53.823474002958726,0.07646948005917464,87.24288464590579,33.957870644354486,0.06917819375479896,53.43639295065666,88.16940939270457,34.002349360266074,Big beat,Sandbag (flat/down QoQ),Very bullish
52.89256757087535,0.05785135141750701,87.36186428193223,33.28608588564259,0.14171558244824958,56.07482083483926,88.60585975629407,35.52658558317367,Beat,In-line,Mixed
49.67230229458535,-0.006553954108293123,85.70843568204688,30.957861498405823,0.14630801716651068,52.87263275487296,87.00374463237335,32.91758339851782,Miss,Below (severe),Mixed
53.984725521491086,0.07969451042982166,87.30943608547584,33.89793491337954,0.13358843403005816,56.82528471791748,88.94976279832069,37.15615967498652,Big beat,In-line,Very bullish
52.02589739270987,0.040517947854197524,86.8901965706525,32.33769529059298,0.1461562966526483,55.37053775096909,87.96677385168691,34.763219400035915,Beat,Below,Mixed
53.51463797223365,0.07029275944467298,86.95888273048871,33.68658349177679,0.1131537424823784,55.315018140925666,87.97367291608337,35.30464939816096,Big beat,Below,Mixed
53.42624064783167,0.06852481295663343,86.88772592944758,33.545236855475814,0.19765857919841076,59.41593864718057,88.71974716810371,38.005756584021015,Beat,Above whisper,Very bullish
51.358814864061344,0.0271762972812269,86.98267070808032,32.26076271909134,0.1397710566737625,54.3560556380431,88.33584897465974,34.37903755293396,Beat,Below,Clean
49.9547235841935,-0.0009055283161299865,86.58698934559024,31.258571968241114,0.20814776881366004,56.04178156566462,88.15529476836315,35.02549621458191,Miss,In-line,Clean
52.17476562407204,0.04349531248144076,86.29162649554405,32.44643051207781,0.19064955163151037,57.684585489867615,87.9761166136557,36.42328901027273,Beat,Above cons < whisper,Clean
56.7439619207106,0.134879238414212,88.06689418415657,36.33468087030878,0.10411234045783645,58.17658656004569,88.72663662565424,37.119982785055136,Big beat,Above cons < whisper,Clean
52.5064158048279,0.05012831609655796,87.00254199471648,32.990176415695956,0.15982421215839832,56.54834003380324,88.48578597746194,36.051770974096605,Beat,In-line,Mixed
50.03386459384298,0.0006772918768596537,86.05472899072335,30.766053459357835,0.13757806131648503,52.851896207347174,87.23761985575389,33.36082339135836,Miss,Below (severe),Clean
52.227235544199644,0.04454471088399296,87.13059854997447,32.91883960985139,0.09048148945464055,52.88477406302737,87.52365797833535,33.30306340509915,Beat,Below (severe),Mixed
52.01486575768616,0.040297315153723055,85.90038238777929,32.011053626466236,0.13652249047952467,54.89348871767765,87.81146910195862,34.92118335040789,Beat,Below,Clean
53.70758596637424,0.07415171932748466,86.38982444506385,33.831205235871444,0.21326743514017826,60.507260424922535,88.51912139954842,38.835972521932156,Big beat,Above whisper,Clean
49.44066066769432,-0.011186786646113566,85.80645099063831,30.485014643102886,0.13915076337257554,52.297483031159274,86.80571755872842,32.72214773678434,Miss,Below (severe),Mixed
48.983838309897145,-0.020323233802057156,86.29887567824807,30.122655214699687,0.15722867491553444,52.63653784966485,87.42740255971633,33.35939432826457,Miss,Below (severe),Clean
51.49234771183051,0.029846954236610303,87.19196133865591,32.740001129704375,0.14620428062868152,54.80498155499774,88.6710060024278,35.1661972475664,Beat,Below,Clean
56.93505947117925,0.1387011894235849,88.66843731657384,36.57713771498325,0.21243570171416198,64.09937744049985,90.02962121712449,42.03110572068452,Big beat,Above whisper,Clean
53.08084248301481,0.06161684966029618,86.50414909488683,33.13649698493983,0.167415010279377,57.541131396307684,87.83070322741595,36.63923235720346,Beat,In-line,Mixed
55.15641973743859,0.10312839474877178,87.14316198476133,34.425975153740495,0.18941552472907325,60.91790892959806,89.11692657085221,39.17130440731992,Big beat,Above whisper,Very bullish
54.13294970883332,0.08265899417666653,87.7969542307933,34.57479341880685,0.1462234097582537,57.61642175299308,89.05920729082708,37.272585731932224,Big beat,Above cons < whisper,Clean
55.29978601692533,0.10599572033850663,88.10999473353365,34.92492560752237,0.18564693183926892,60.88273436359736,89.79205096537888,39.52289697150418,Big beat,Above whisper,Very bullish
52.687078282075426,0.05374156564150865,86.78273303559965,32.803727432510875,0.1547822199491383,56.496236848265575,88.6166884445269,36.06576428072178,Beat,In-line,Clean
49.299289742854405,-0.014014205142911905,85.8745693975107,30.30007182251038,0.17647299721318685,53.856477223953156,87.4011849685295,33.926413457862274,Miss,Below (severe),Mixed
54.12840288785469,0.08256805775709365,86.77565981119248,34.18908841765402,0.12778485538692205,56.68482209297538,87.90494090257273,36.03233764885693,Big beat,In-line,Mixed
55.31876875787488,0.1063753751574977,87.1647165796308,34.72883197952396,0.12822948269595896,57.95424686914065,88.65961584628606,37.08533306093196,Big beat,Above cons < whisper,Very bullish
51.18674880307233,0.023734976061446388,86.58401035756197,32.289093809909104,0.08124210069404503,51.3920343889943,87.29814893406427,32.224399573785426,In-line,Below (severe),Mixed
52.1917345019573,0.043834690039146,87.23405666717005,32.5671347847351,0.15444685112946574,55.948827582857575,88.68462956686307,35.82605290529581,Beat,In-line,Clean
54.670547023127924,0.09341094046255853,87.4079679871194,34.28648689509091,0.16898611947534628,59.34417414172071,89.48298296954222,38.46255452895893,Big beat,Above whisper,Clean
50.61769401139165,0.012353880227832969,86.10955326368709,32.01031524966261,0.11492551645302646,52.403890163218385,87.13762287857564,33.05477428130174,In-line,Below (severe),Mixed
53.870473432540166,0.07740946865080331,87.03878543156279,33.96932387476685,0.1382604852844723,56.93872900098262,88.21902582780977,36.27480925685404,Big beat,In-line,Mixed
51.64989625591614,0.03299792511832275,86.7337792303155,32.22414518335492,0.14072590318984837,54.70991923074963,88.0960195843119,34.66042085453496,Beat,Below,Clean
53.620994025936554,0.072419880518731,87.62225456048557,33.73034295969188,0.13529112789649478,56.52719315901981,88.22853869347188,35.88762638193583,Big beat,In-line,Mixed
52.020104291260004,0.040402085825200204,85.93646111886729,32.42300530603254,0.2968757494164562,62.64478232763217,88.69415323730301,40.200522707772436,Beat,Above whisper,Very bullish
53.066851444588536,0.06133702889177083,87.48032288882997,33.483367256640285,0.1593776085493246,57.1299107981358,88.72834761093861,36.52218572476233,Beat,In-line,Clean
51.88852162176811,0.03777043243536236,87.31475187048515,33.26336145237862,0.1714286902500422,56.44200985651319,88.85629995901503,36.18751991100359,Beat,In-line,Clean
50.467437831247494,0.00934875662494985,87.26332092030688,31.859623408677297,0.08097814231885223,50.657468823384505,87.96975269173396,31.98079522259823,In-line,Below (severe),Clean
51.78869370871403,0.03577387417428064,86.30713864729236,32.83998924371918,0.11347653538047148,53.54653129675508,86.79248781219626,33.438903093723326,Beat,Below (severe),Mixed
51.12961429749697,0.022592285949939547,87.12413861731223,31.982053318331552,0.24525475074700026,59.121581171547,89.19614270080824,38.11486698760861,In-line,Above whisper,Very bullish
52.424175979217935,0.04848351958435879,86.76754356894337,32.82011675817398,0.0704528051560578,52.10920578959519,86.85934366393188,32.37164336137675,Beat,Sandbag (flat/down QoQ),Clean
55.75460471525039,0.11509209430500786,88.59453690984816,35.749518121341296,0.19497123588220175,61.866209695370216,89.95008854305334,40.276213090312275,Big beat,Above whisper,Clean
52.195718977981144,0.04391437955962282,86.44609518889776,32.55043280421624,0.25286855371251654,60.72334816407618,88.17134601231706,39.040814462866756,Beat,Above whisper,Very bullish
51.52912480663389,0.030582496132677633,87.42604719615362,32.593013791453714,0.1758632819198413,56.26326253747238,88.42957754419761,36.40676457941342,Beat,In-line,Very bullish
50.90120155616895,0.018024031123378994,86.57842640847294,31.691830460007143,0.2087827664596508,57.13360271653003,88.52337491665287,36.270574127411685,In-line,In-line,Clean
54.540348895100784,0.09080697790201571,86.9456879076462,34.003089718343205,0.18936687165486904,60.23502099116461,88.89443544422248,38.6261896350662,Big beat,Above whisper,Very bullish
50.00397384247426,7.947684948514944e-05,86.00709805387518,30.858139885114507,0.12562743561960144,52.265427358015785,87.60701956185366,33.14597009697763,Miss,Below (severe),Mixed
50.71271222710859,0.014254244542171928,86.86317444805378,31.94559394098325,0.10122594079162722,51.857143215793236,88.0806808724346,32.590789985288886,In-line,Below (severe),Clean
54.10244405303419,0.08204888106068382,87.56340361372531,34.74998256697455,0.018739726127773165,51.179429820471846,87.36944855085925,32.24285992170861,Big beat,Sandbag (flat/down QoQ),Mixed
50.80978605687917,0.01619572113758329,86.46040883587999,31.36865607417357,0.12605026906531763,53.127632313321435,87.78845291281266,33.21722723688575,In-line,Below (severe),Mixed
51.42310639098777,0.028462127819755434,87.23374972031918,32.40909594125848,0.1311128515673352,54.01066961304916,88.38786163474688,34.47604847395288,Beat,Below,Clean
49.92064470488612,-0.0015871059022776013,86.8953458789289,31.099272073484677,0.1944842214850056,55.37017796732079,88.68292367634048,35.26250639715305,Miss,Below,Very bullish
54.1902294369353,0.08380458873870594,87.42747879210043,34.557872795139154,0.1707796885164577,58.91304708789545,88.66953269997283,37.81300679102137,Big beat,Above whisper,Very bullish
49.99396174277827,-0.00012076514443472242,87.45160408072599,31.58085841785873,0.12932694194128214,52.426704506894005,88.89178725232398,33.38111042135959,Miss,Below (severe),Very bullish
52.07955182981286,0.041591036596257104,87.11516467022251,32.540925591908874,0.1725155348329798,56.702363312766714,88.37841360173223,36.206859238832024,Beat,In-line,Clean
51.20277516831084,0.02405550336621695,87.23183817267872,32.00205286912661,0.15509048941328882,54.919278726448276,88.55024744435833,35.14539077679832,Beat,Below,Clean
56.83563280274361,0.13671265605487223,88.41561236878104,36.13886584513384,0.26041735731875293,66.51971680600361,90.29553728011342,43.66607887918605,Big beat,Above whisper,Clean
55.61801648295137,0.11236032965902738,88.40336251015714,35.85607257954276,0.1491699446765374,59.34922771582254,89.51347383323298,37.97793142413333,Big beat,Above whisper,Very bullish
50.9931529520551,0.01986305904110193,85.71566734226508,31.485456371912683,0.166769982374594,55.247474444587574,86.63276418139384,34.66140004409694,In-line,Below,Mixed
54.40353894491883,0.08807077889837664,87.60042501787115,34.61925498405675,0.14589909550840774,57.88803992162186,88.79016165357126,37.16367978453115,Big beat,Above cons < whisper,Clean
50.586068574084784,0.01172137148169564,86.54176291133352,31.30855944575268,0.0983859584351533,51.59423974176876,87.23363329622154,32.19084065572635,In-line,Below (severe),Mixed
55.44646844591947,0.10892936891838946,87.16635046191031,35.096262333135186,0.22097741911919,62.86325123220291,89.4551268995429,40.63291083959231,Big beat,Above whisper,Very bullish
51.107939116657874,0.02215878233315758,86.7726969413648,31.80162052137603,0.11968911916911917,53.13750309407394,88.25496182254182,33.96457379466601,In-line,Below (severe),Very bullish
52.24993638596697,0.04499872771933937,87.91584442251849,33.011167921254426,0.14212161351290992,55.41322581886696,89.15557529946746,35.67174666570684,Beat,Below,Mixed
53.49136665431583,0.06982733308631665,87.02871167868572,33.27270268312134,0.24905040683206037,62.041026618606374,89.38350317400108,40.07834274163284,Beat,Above whisper,Clean
52.66072440927809,0.05321448818556176,87.44610313238893,33.18869720888032,0.20796967402996952,59.0688039489393,89.63341553272754,38.117532155185714,Beat,Above whisper,Clean
53.95889270091146,0.07917785401822934,87.42615824305291,34.2463024953362,0.1298744113414913,56.612002689432394,88.56635196101954,35.98072633519714,Big beat,In-line,Clean
52.30071175576837,0.04601423511536744,87.3635093335676,33.44318955074157,0.17258870774413004,56.94670801095219,88.97686661797171,36.3559628788077,Beat,In-line,Mixed
49.343540408231505,-0.013129191835369834,85.51119873879911,30.6812969202562,0.1101002182748258,50.86368390779973,86.26416475757911,31.748271877329174,Miss,Below (severe),Mixed
52.824237361098724,0.05648474722197456,86.30389243261465,33.05700072889983,0.1884301500814914,58.2937794539201,87.89163339055713,37.14463520465676,Beat,Above cons < whisper,Clean
51.018965697737194,0.02037931395474386,86.17329019823427,32.03692154802674,0.1837663997746223,56.08064181964707,87.7748161204617,35.28623656051246,In-line,In-line,Clean
50.07488677644394,0.001497735528878672,86.98560848629086,31.47100195907435,0.13120744754821978,52.599007366886724,87.94832655393303,33.42068169118148,Miss,Below (severe),Clean
51.2840804387308,0.025681608774615904,86.46993530543435,32.13656513355354,0.11633912481894415,53.16110936882299,87.22153415675486,33.443686037417905,Beat,Below (severe),Mixed
51.42267830495331,0.028453566099066144,86.60288416933236,31.807104579000534,0.13607668560240171,54.24724122395488,88.11036616082065,34.40801584113768,Beat,Below,Mixed
50.750279465654046,0.01500558931308084,86.5065928269706,31.437760793896185,0.1585460143231867,54.59678157209841,88.39192180860415,35.000426048963725,In-line,Below,Clean
55.79491829058131,0.11589836581162614,87.72374234954336,35.6026541678892,0.2113179566738851,62.75785881535238,89.81841546856799,40.45638784171242,Big beat,Above whisper,Clean
51.64370337729911,0.03287406754598228,85.30704141877855,31.823008567842493,0.027816264744198543,49.288792709754865,85.5060032314516,30.150695263741135,Beat,Sandbag (flat/down QoQ),Mixed
50.842167845010565,0.016843356900211236,86.48290689255964,31.51969670590846,0.14957562336387195,54.27213702262729,87.5109352385316,34.26924670252214,In-line,Below,Mixed
52.07913623306055,0.04158272466121102,87.10332654944733,32.91731916566956,0.16263551584608985,56.22412103206149,88.81555262751607,35.91588766627984,Beat,In-line,Clean
52.85128189725255,0.057025637945050785,86.6576450705009,32.93765883763326,0.21695051594713655,59.723295146662686,88.39827587633678,37.58309386880014,Beat,Above whisper,Very bullish
51.37224755244787,0.027444951048957326,86.56790068639813,32.167492178824894,0.19935689005777646,57.2126834126548,88.83979102906372,36.686349027397725,Beat,In-line,Mixed
49.584569598455474,-0.008308608030890533,86.25487421714969,30.884809874502,0.16163396889181278,53.48489749427142,87.98488566501071,33.5023716905525,Miss,Below (severe),Mixed
53.481313067912836,0.0696262613582567,86.19953776730694,33.089989002590855,0.14987533605502734,57.10421120544251,88.00414817457116,36.69095744228574,Beat,In-line,Clean
53.95333920809823,0.07906678416196458,87.0601617141966,34.07786731776506,0.18055757851262144,59.145378953312346,89.37144878560336,38.13950594151131,Big beat,Above whisper,Very bullish
51.87897546749587,0.03757950934991737,86.49366511730709,32.22092530746886,0.10057630826042971,53.01843048946786,86.84631151899178,33.24202871627896,Beat,Below (severe),Very bullish
50.72494705315306,0.014498941063061146,85.77217069181398,31.056673907740038,0.12380682097717018,52.93325281403641,86.11379677806326,32.76942494236431,In-line,Below (severe),Mixed
49.9379958584313,-0.0012400828313740319,86.55017873435362,31.40885527366352,0.13684346353045007,52.716563875363434,87.43279009744286,33.61187037222628,Miss,Below (severe),Mixed
51.38318494791366,0.027663698958273298,86.49603627439774,32.067978930545515,0.06697479813288447,50.90852314528022,86.87278845145171,32.16484143455891,Beat,Sandbag (flat/down QoQ),Mixed
50.930032567126425,0.018600651342528616,86.58411868421454,31.83891878310726,0.17056451592340216,55.35853970947993,88.23153626809,35.14159046340388,In-line,Below,Mixed
49.2776720695557,-0.014446558608886004,86.3883878881294,30.829282675877597,0.07524085822069734,49.20069737810236,86.54498111951216,30.922943410947727,Miss,Sandbag (flat/down QoQ),Clean
53.576369758263944,0.07152739516527883,87.77354276938973,34.00771807453221,0.21861143545966297,60.625292796561716,89.98232873859739,39.46178429797227,Big beat,Above whisper,Very bullish
54.38509948961203,0.08770198979224063,87.48571735420431,34.341381817272236,0.15633478497906153,58.39542644407216,88.86052641943766,37.99597549192302,Big beat,Above cons < whisper,Mixed
49.58042824593358,-0.008391435081328353,86.40972274010396,30.90451298252262,0.09952130104310061,50.620827187582776,87.00306864915166,31.919827462440956,Miss,Below (severe),Mixed
51.476983499228076,0.029539669984561635,86.59967593204742,32.45702315407015,0.08683058674833578,51.95056302475043,87.57984805039435,32.32069533894218,Beat,Below (severe),Very bullish
53.60286747770385,0.07205734955407707,87.56553755999094,33.92581090476257,0.09469439701791156,54.48741878536918,87.99951016873942,34.62619668135002,Big beat,Below,Clean
49.77932508846194,-0.0044134982307611524,85.97375330940395,30.651352428104087,0.14127065070296366,52.75370539703024,87.5972567082284,33.10905797509163,Miss,Below (severe),Mixed
53.55536812919958,0.07110736258399152,86.81124818364732,33.806614682959506,0.10926778336698992,55.16386988550319,88.02417469926738,35.04726989872283,Big beat,Below,Mixed
52.860046005103925,0.05720092010207847,87.41321555739334,33.33226457784337,0.17734521606513143,57.78919926472816,89.28030815695188,37.000514660786045,Beat,Above cons < whisper,Mixed
52.41607554687313,0.04832151093746268,87.2235160332821,33.07456577947495,0.15021902992080804,55.983541312938755,88.54388186538726,35.60765650302707,Beat,In-line,Mixed
51.73759013553939,0.03475180271078786,87.43931428960333,32.43721012102698,0.12844231220350744,54.21267970892934,89.07852458326262,34.81268010087987,Beat,Below,Clean
51.260179194623234,0.025203583892464673,86.34507368263316,32.06629539983212,0.1622667316270975,55.32242943978594,87.79192858712995,34.9304014641609,Beat,Below,Mixed
50.382777906604126,0.007655558132082465,86.96070087704025,31.404363110532724,0.20446544786832246,56.349721216404724,88.92715486197669,36.10106985018663,In-line,In-line,Mixed
51.141169166316736,0.02282338332633477,85.83480027742566,31.42898628749705,0.10161811876788171,52.31389295654586,86.75213520365396,32.39170865021822,In-line,Below (severe),Mixed
54.73537513180181,0.09470750263603626,88.43725223752658,35.422904399561595,0.15179040225096568,58.54055975895726,89.59450694263293,38.08093707172138,Big beat,Above whisper,Clean
51.40087097236833,0.028017419447366528,85.68091917906159,31.877704778843288,0.08402252346084414,51.73972315529826,86.3717177370847,32.02897069591848,Beat,Below (severe),Mixed
55.40585408874903,0.10811708177498051,87.65782374342112,35.01275381160409,0.11510590103346924,57.37029521429459,88.67765507087132,36.79651938415646,Big beat,In-line,Clean
51.0957477817368,0.021914955634736027,87.54355938553383,32.32009946065387,0.016825418550149407,48.244351186847574,87.31148919712439,30.19878280674802,In-line,Sandbag (flat/down QoQ),Mixed
53.109161428129646,0.06218322856259304,87.0777007737336,33.196806199219594,0.13750241815302044,56.09667101124969,88.09979072506758,34.96386470141627,Beat,In-line,Mixed
53.49309396762493,0.06986187935249857,86.53114656993837,33.55875460429984,0.20835400863917727,60.021552063842364,88.75505120730946,38.14976642244958,Beat,Above whisper,Clean
53.20570120253056,0.0641140240506113,86.83308452318155,33.380481965795774,0.27402944764830717,62.94379939231511,89.03805594532076,40.55941575350569,Beat,Above whisper,Very bullish
53.15778082689157,0.06315561653783133,87.9565032724972,33.73546899038904,0.15708950559688717,57.11485959735739,89.69501300572807,36.837598312575196,Beat,In-line,Mixed
54.024867437948174,0.08049734875896349,87.18623603077202,34.32912378250807,0.17625325610925124,59.00786007513168,88.89576947990439,37.96375293490532,Big beat,Above whisper,Clean
49.673190111392934,-0.006536197772141304,86.96034470825236,31.324066875250086,0.12137153755718842,51.723380029827275,87.48542087442823,32.70092125059846,Miss,Below (severe),Mixed
51.53019031895722,0.030603806379144345,87.49519963064401,32.477285200552174,0.2262714458543268,58.67642948846372,89.56192848819768,38.24762399239828,Beat,Above whisper,Very bullish
52.03481372376838,0.04069627447536753,87.69231496681134,32.96852729555042,0.1590660109766497,56.0037994050983,88.79273366402161,36.326995160894384,Beat,In-line,Clean
53.07437918087088,0.06148758361741768,87.32862382047361,33.500767468226535,0.17736384311695805,58.02443682604846,88.52150089397438,36.9625732765065,Beat,Above cons < whisper,Mixed
54.50663528854405,0.09013270577088091,87.7636029662767,34.63484384237385,0.14986095917281053,58.19826251029869,89.1041259824042,37.489502431624615,Big beat,Above cons < whisper,Clean
51.1961504448483,0.02392300889696589,85.74228640221652,31.366059261736087,0.09842221353122785,52.21820397477173,86.91320634799062,32.58650726811157,In-line,Below (severe),Very bullish
55.96142234563938,0.11922844691278753,87.30929859181391,35.278289715461916,0.1594191039987611,60.248260572014786,88.75190684433008,38.58782483475741,Big beat,Above whisper,Clean
55.01236155244168,0.10024723104883368,88.06580869237813,35.34146160761716,0.16026650810728338,59.269786309673535,89.55876568202548,37.89622231274746,Big beat,Above whisper,Very bullish
53.829364580941764,0.07658729161883533,87.26298085214466,33.931093416461835,0.2145565441078868,60.70889223002696,89.550386410061,39.49203865844225,Big beat,Above whisper,Clean
51.004359576104854,0.02008719152209702,87.06407814417915,32.187021566885306,0.08743066227678133,51.50201133335773,87.58196783665717,32.565234174140585,In-line,Below (severe),Very bullish
52.468231403139455,0.049364628062789045,87.52697204709976,33.10485362617172,0.1707684755276555,57.04042620109399,89.49287948513656,36.78649341418289,Beat,In-line,Mixed
50.60021414247574,0.012004282849514736,85.93934882265451,31.241863173065394,0.11767290979669617,52.51488225003132,87.22003927625762,32.73550059560977,In-line,Below (severe),Mixed
51.37563087978481,0.027512617595696152,86.59649187346666,32.43240257126952,0.08821462672796951,51.91430491070476,87.06307071446048,32.342394770896284,Beat,Below (severe),Mixed
51.2680629140012,0.02536125828002406,87.06533897564069,32.03354605580065,0.18664541141417307,56.4915107797789,88.82860342266483,35.826563769786354,Beat,In-line,Very bullish
53.84251346201481,0.07685026924029624,87.1859425525895,33.95662857269434,0.19416212813524397,59.70406971281082,88.96914260918176,38.35542833067941,Big beat,Above whisper,Very bullish
50.167594370202465,0.003351887404049205,86.26558539538675,31.362330750189862,0.19417423893790037,55.62964533878313,87.6092673309671,35.13318720540983,Miss,Below,Mixed
52.53215869540835,0.05064317390816697,87.51870778950367,33.17733407773191,0.20996157829135237,59.02175838570892,89.21169252420749,38.11763841391835,Beat,Above whisper,Clean
51.88777650563203,0.0377555301126406,87.3084825108934,32.52874430788292,0.08588053261346722,52.31936021748825,87.81285557329282,33.06659906387183,Beat,Below (severe),Mixed
52.61359741650408,0.05227194833008152,86.73027953572362,32.61297078885565,0.13491058762805658,55.446605278248455,88.02125611581323,35.71793371965865,Beat,Below,Clean
52.681092791386334,0.053621855827726606,86.86078960340257,33.054511259506064,0.19876649217647524,58.64144818029976,88.6323087283869,37.61955753379252,Beat,Above whisper,Clean
53.132180043252774,0.06264360086505538,86.52367517216769,33.11693824506528,0.0717385331434637,52.87639008067942,87.59432587934161,33.40795407283977,Beat,Sandbag (flat/down QoQ),Mixed
49.823475115371856,-0.003530497692562893,85.76574386056681,30.976154607520883,0.1194609779436404,51.79147645026162,86.63832374999012,31.78717680203487,Miss,Below (severe),Clean
51.887404290929915,0.0377480858185983,87.93207393688843,33.2187602779089,0.19885301637041747,57.76213034968319,89.9812764907231,37.13787895702377,Beat,Above cons < whisper,Mixed
51.502826341095,0.030056526821900045,86.22624684619691,31.956289089881444,0.16104371668752585,55.52581627819307,87.98969581228455,35.24611915894253,Beat,Below,Mixed
50.70642720245292,0.014128544049058354,87.11772536961378,31.81159211920359,0.1363905698411095,53.506426724402054,88.6056454674364,34.301303299353066,In-line,Below (severe),Mixed
53.03877779649735,0.060775555929946955,87.51543729554203,33.25461070847819,0.2587460829018152,61.99361423658075,89.52462634066762,40.1339298817431,Beat,Above whisper,Very bullish
55.08755409552112,0.10175108191042245,87.3390726038578,34.6455263041463,0.18148452021879471,60.43615724767555,88.7169183397108,38.619487869744425,Big beat,Above whisper,Very bullish
53.85607513706064,0.07712150274121285,87.01467157345765,33.70955856101488,0.13879867776338686,56.950425215923836,88.06858525590869,36.59688710823637,Big beat,In-line,Mixed
55.304457306620534,0.1060891461324107,87.5623963314563,35.24893881273666,0.133118664944062,58.190333340967044,88.38472599602554,37.106520236822,Big beat,Above cons < whisper,Very bullish
52.52097506658022,0.05041950133160434,86.6428321952385,32.813946729985716,0.1476604826683343,55.970801338328506,87.72369294147629,35.519881447964956,Beat,In-line,Clean
50.87297827816527,0.01745956556330533,86.37338033899447,31.724319796504517,0.23348564624983834,58.26886788180405,88.88568785700835,37.142488650450886,In-line,Above cons < whisper,Mixed
53.7655451105764,0.07531090221152795,88.28914737086511,34.4408968045749,0.20129391310784928,59.97477764224227,89.96328914029006,39.12398605227141,Big beat,Above whisper,Very bullish
51.26303508815677,0.025260701763135423,86.67463110733269,31.911370695776547,0.10422303236984959,52.56255090684601,87.32274994788466,32.927051882411504,Beat,Below (severe),Very bullish
56.04524316476105,0.1209048632952209,87.45396716412372,35.831665026178584,0.05323694522477489,54.81256922628743,87.6225605414548,34.55515334891888,Big beat,Sandbag (flat/down QoQ),Mixed
50.95404174965462,0.019080834993092443,86.21112116953167,31.44012680500748,0.22442968104340305,57.93323815258743,88.08143025217015,36.7672532630169,In-line,Above cons < whisper,Mixed
52.58794855749623,0.051758971149924664,87.1224171413572,33.44163551009702,0.022836730564118918,49.94682212893613,86.97454164587913,31.202257278325707,Beat,Sandbag (flat/down QoQ),Clean
50.49068691506054,0.009813738301210968,86.06380851282238,31.027833052936895,0.11446007795194912,52.25057952697684,86.33948521676461,32.22990291184763,In-line,Below (severe),Mixed
51.52205592792941,0.030441118558588127,86.62396370068204,32.144494596727654,0.12044604660907027,53.60427788636135,87.77635744393417,33.93752409883583,Beat,Below (severe),Mixed
48.42664758479297,-0.031467048304140564,85.29868738945801,29.67539823360703,0.07956213326614864,48.54531961831229,85.82584208560058,29.855075052822052,Miss,Below (severe),Clean
52.41165080777471,0.048233016155494315,87.4435096835861,32.96325097012149,0.07131400210330399,52.138668570595286,87.59915332609823,32.96444601197,Beat,Sandbag (flat/down QoQ),Mixed
50.85322556321462,0.017064511264292415,87.09633231447171,32.18109252004269,0.11753756016578654,52.77107607801276,87.75366696356478,33.35721672856293,In-line,Below (severe),Mixed
53.53815369236662,0.07076307384733238,87.37711963966495,33.76861869605601,0.21292062158001174,60.2991356080207,88.94057127849571,38.472488107535604,Big beat,Above whisper,Clean
51.178724651319094,0.023574493026382006,87.51470592668463,31.997561597088282,0.11403424586745756,52.94236249843405,88.89817104746702,34.026416506096595,In-line,Below (severe),Clean
51.03180883504026,0.020636176700805288,86.48192524008628,31.84067520052157,0.055660780587446584,50.024259210331664,86.71022233333923,31.330735363278603,In-line,Sandbag (flat/down QoQ),Clean
51.967788428198006,0.03935576856396016,86.04763308420675,31.98956779129036,0.11792030997944988,53.94614285226919,87.12054571627496,34.02566103133206,Beat,Below,Clean
52.992684879705834,0.05985369759411657,87.30769773642562,33.03435593210941,0.1912718345940105,58.61950058408735,88.60919704894306,36.90539100346799,Beat,Above whisper,Very bullish
52.376779442963276,0.047535588859265517,87.43157761302739,32.831442436873274,0.11345854794317273,54.15370329989444,88.70005682265084,35.040290621320274,Beat,Below,Mixed
55.15597066266661,0.10311941325333213,87.048883615193,34.96195086844856,0.1936559642592127,61.13459239271258,88.69726718289557,39.38364994221886,Big beat,Above whisper,Very bullish
52.085284363794116,0.041705687275882364,87.76889677635737,33.09426715367855,0.09023855745934914,52.729286340382686,88.23290162137033,33.402020715589224,Beat,Below (severe),Clean
53.22755374100806,0.06455107482016116,87.46869251090205,33.93797475863087,0.15663910121165905,57.16756492450235,89.22612566242563,36.75914077809778,Beat,In-line,Clean
52.0549182964265,0.04109836592853002,87.4969020779124,33.07742058530541,0.23193158515758316,59.5475195827248,89.65826266074814,38.40955257167766,Beat,Above whisper,Very bullish
53.21573281779074,0.06431465635581488,87.12266748366768,33.47784558775853,0.11552851223563235,55.12340531077623,88.12417814210714,34.88544326785727,Beat,Below,Clean
53.942726265292166,0.07885452530584329,87.32935303882098,34.280397576624075,0.12928542524008474,56.56553924274496,88.20570924046712,35.97202688959396,Big beat,In-line,Mixed
54.163848865868744,0.08327697731737488,87.26255265470833,34.14876670977498,0.12692528642917417,56.6787101188988,88.32630742307477,36.42832254813457,Big beat,In-line,Clean
53.63924724632761,0.07278494492655231,87.46981185287696,33.796264009533516,0.21044476179367427,60.28967829473923,89.36274955430795,38.943381900490195,Big beat,Above whisper,Very bullish
51.568019677495954,0.03136039354991915,86.9178707517011,32.14936496895577,0.13526919882336738,54.36189978530858,87.99498923518232,34.4957145418858,Beat,Below,Mixed
55.4960980280045,0.10992196056009018,87.5623812513811,35.12301253410337,0.2706193176905846,65.47767033863053,89.68652236822075,42.390791277904945,Big beat,Above whisper,Clean
52.012439439124556,0.04024878878249113,87.03433720305792,32.445072693871296,0.1834193374837927,57.15591757753862,88.71133202151607,36.651447908404165,Beat,In-line,Mixed
55.254334878045,0.1050866975608999,87.11578570985561,34.47722934463916,0.1909054945759039,61.102498790729314,88.99169141260633,39.177114426391334,Big beat,Above whisper,Very bullish
51.6294777519563,0.03258955503912592,86.8313750013656,32.0089191184961,0.15044163716146924,55.15407941712709,88.01451634945734,35.0392210263856,Beat,Below,Clean
51.797922070317405,0.035958441406348164,86.93423696548031,32.77502165405912,0.18057284520441666,56.78327593178618,88.87235498120212,36.510957409294576,Beat,In-line,Mixed
51.19661929975816,0.023932385995163195,86.15972579640653,31.96463892164167,0.23681844472893365,58.79799998215575,88.31041019119785,37.436425632016196,In-line,Above whisper,Clean
54.894981719557,0.0978996343911401,87.48977165874537,34.39207226711279,0.15273964463347353,58.75964873959437,88.80813392732462,37.73852395601514,Big beat,Above whisper,Very bullish
51.37656792888636,0.02753135857772736,87.08640505874882,32.00229836380432,0.13600118618502977,54.19499624437847,87.94908456347694,34.00267138108786,Beat,Below,Clean
52.22937210980405,0.044587442196081,85.86371751448566,32.46484936379627,0.1734669654675941,56.91162545525745,87.53313446307764,36.15621857168738,Beat,In-line,Clean
53.91778856892652,0.07835577137853042,86.79192966854175,34.08717686877968,0.10680496941646259,55.41387087603158,87.81553789648096,34.94422872981676,Big beat,Below,Mixed
51.06233298611882,0.021246659722376465,86.70805259748525,32.177558910947944,0.07689204548836007,51.060861629912885,87.41200230310426,32.168195089159866,In-line,Sandbag (flat/down QoQ),Mixed
52.4160826961164,0.04832165392232783,86.85257898223419,32.82532106144419,0.16467621137313765,56.68720999456721,88.88569683966503,36.778129824995176,Beat,In-line,Clean
52.18528391503817,0.04370567830076334,87.85874906033256,32.90763038235485,0.20314481245936247,58.30170694130453,89.91821579719468,37.566310361514624,Beat,Above cons < whisper,Clean
52.838168909582194,0.05676337819164384,86.8999017692987,33.388181622287824,0.1886755273032491,58.321192698168915,88.32128121026186,36.94492980681045,Beat,Above cons < whisper,Clean
52.65958741511655,0.05319174830233103,86.80280723226437,32.779432033990346,0.14426404412108013,55.95243871041388,87.9671039392731,35.45784529690538,Beat,In-line,Clean
51.280270574538534,0.02560541149077075,86.88346204287596,32.00666829670829,0.10699461235607091,52.71219872859174,87.11480328858603,32.92569495154374,Beat,Below (severe),Mixed
51.7336930508973,0.034673861017946,86.5930804830177,32.356988102912005,0.19844750584205836,57.57153573307174,88.70473378230453,36.683766697044874,Beat,Above cons < whisper,Clean
54.15953261253325,0.083190652250665,87.3986811090674,34.170190554832125,0.1059045595309106,55.617040196959024,88.80209895236084,35.9993508457308,Big beat,Below,Very bullish
53.979527474986874,0.07959054949973755,87.2971393097181,33.95135106334472,0.18320507456723273,59.30679005749255,89.41422842547895,38.92153655357897,Big beat,Above whisper,Mixed
52.20062216303178,0.04401244326063562,87.31428672751981,33.015608135082836,0.16298394577219844,56.37216513957449,88.86801403426061,36.29350915152876,Beat,In-line,Mixed
53.760797264481596,0.07521594528963205,86.24389463734042,33.39033390913008,0.08463821049857906,54.14594244421535,86.71878047457798,33.605409251056585,Big beat,Below,Mixed
57.161643968845176,0.14323287937690352,87.2914558217724,36.06769304133612,0.27637527391891237,67.74830119421938,89.87475388164005,43.83888828258497,Big beat,Above whisper,Mixed
50.37060183148551,0.007412036629710177,87.07626049507712,31.932397668160863,0.11795740265093176,52.28988810824239,88.45525220391066,33.47850201372536,In-line,Below (severe),Mixed
49.8033998827713,-0.003932002344573968,86.91356437449274,31.41333305592109,0.08828279979752497,50.32874178786822,87.64781977148151,31.87003089094,Miss,Below (severe),Mixed
52.201518068125395,0.04403036136250791,87.3373090188555,32.93231059393989,0.16779138309338495,56.60616277118259,88.80240618430675,36.00505557766122,Beat,In-line,Very bullish
53.3146400888066,0.06629280177613206,87.30036513784638,33.537695213437715,0.13745633799968876,56.311427043100686,88.23694429978191,35.49525547528827,Beat,In-line,Clean
53.84208627572076,0.07684172551441514,87.40090013345466,33.90578626218329,0.11240381447054991,55.615989141295344,88.513546295065,35.431769516499585,Big beat,Below,Clean
51.99771252050696,0.039954250410139176,86.61149928311069,32.090722799190466,-0.003139505774899576,48.13200358735531,86.20731744487351,29.809508808510685,Beat,Sandbag (flat/down QoQ),Clean
51.515521010068944,0.030310420201378908,87.74305068341303,32.63402316604729,0.17062600322765065,55.99787928819227,89.42578295323229,36.09373647916023,Beat,In-line,Mixed
56.06513045051131,0.12130260901022621,88.3068580543647,35.68449316387236,0.1912792944182424,62.01856982708385,89.49942973395936,40.19792398574219,Big beat,Above whisper,Very bullish
51.26193771139063,0.02523875422781263,86.09635966200149,31.737420912640243,0.1473070570982788,54.61224126132438,87.6762732638177,34.45493734428182,Beat,Below,Mixed
52.80311811116448,0.05606236222328956,86.55614842138853,32.8915550807124,0.07026908798353385,52.4768632732712,87.12236212818772,33.395169188514146,Beat,Sandbag (flat/down QoQ),Mixed
52.22697899537542,0.0445395799075083,87.09543136481086,32.81394084093114,0.14596633678272103,55.575334100518596,87.82739375967739,35.152699423363906,Beat,Below,Mixed
52.07096587513035,0.04141931750260687,86.3004436505079,32.44815105504995,0.15943224312265966,56.06041699715399,87.13059396547602,35.45522768944576,Beat,In-line,Clean
52.55938539615956,0.05118770792319128,87.11734666898094,33.03536078773847,0.13570925193695163,55.428453108357004,87.8644346073475,34.83749550932771,Beat,Below,Clean
56.405302961057615,0.12810605922115234,88.18444510928452,35.92988125067804,0.17309422706141464,61.442397045033466,89.55199458157371,40.14734188284578,Big beat,Above whisper,Clean
52.6577378088937,0.05315475617787392,86.14052757992351,32.57210152086755,0.10940136736672057,54.245811589937446,87.03965232966115,34.02296883647122,Beat,Below,Mixed
54.17314669644152,0.08346293392883045,87.19932306565761,34.20018401671499,0.0706018795019478,53.8551674809061,87.66928349469606,33.79526735913355,Big beat,Sandbag (flat/down QoQ),Clean
55.183622104156846,0.10367244208313706,87.84857735702478,34.845263837052634,0.14963762587307858,58.9096562812643,89.00238553814077,37.84905875935837,Big beat,Above whisper,Very bullish
49.111160853831656,-0.017776782923366846,85.59978614115508,30.582786954841872,0.11007664231915601,50.62307021665904,86.06312145739447,31.423648399716384,Miss,Below (severe),Mixed
51.50930631257481,0.030186126251496196,86.5215947865273,32.639662445675064,0.23593890555610011,59.11504455063779,89.04853918111235,38.191664055474604,Beat,Above whisper,Very bullish
52.79873628031958,0.055974725606391634,87.08716924400166,33.31172850278434,0.18151468989678057,57.92659091438485,88.59923061378376,37.10387579165866,Beat,Above cons < whisper,Mixed
52.6908717529104,0.053817435058208,87.09715002658994,32.98935317362319,0.09598100294662457,53.623323436323375,88.06990140550631,34.22334881541188,Beat,Below (severe),Mixed
51.599474541510816,0.03198949083021634,86.82750591535908,32.581103069219324,0.1889978108251316,56.969400678898936,88.58348731884236,36.14992037631825,Beat,In-line,Very bullish
48.98363002450148,-0.020327399509970468,86.05273982265847,30.181983171794467,0.049830905388975597,47.751348039442355,86.33672070512702,29.96197898836268,Miss,Sandbag (flat/down QoQ),Clean
53.26288500080797,0.0652577000161593,86.80481777736054,33.32921562646236,0.034041004961135726,51.14200662383881,87.00798059168264,31.85012748830209,Beat,Sandbag (flat/down QoQ),Mixed
54.03451692611463,0.08069033852229253,86.89363457301333,33.44782134578103,0.15888334713799596,58.14686599086896,87.98522653750773,36.750417487475985,Big beat,Above cons < whisper,Mixed
54.33837693907697,0.08676753878153934,87.56276539596666,34.5687278645417,0.19873998409048724,60.484900456919746,88.69123914366259,38.652223627368414,Big beat,Above whisper,Mixed
51.355620324172754,0.02711240648345519,86.09314278562987,31.737836555233066,0.12152542599836424,53.48258867851538,87.92076541482507,34.00512369730407,Beat,Below (severe),Mixed
56.04763898733712,0.1209527797467424,87.11006225488559,35.350730495768495,0.2092807620142351,62.936093613441095,89.03353602907845,40.731236838993816,Big beat,Above whisper,Very bullish
52.885219106968286,0.05770438213936568,87.29840401128325,33.34464939543319,0.20392282688736285,59.121885167260345,88.7931609466678,37.80400848538144,Beat,Above whisper,Clean
52.10736057924576,0.04214721158491512,85.70180060929616,32.05485544437547,0.10543549359868658,53.4869454433259,87.14985859560727,33.39294120223344,Beat,Below (severe),Clean
53.536441871462614,0.07072883742925239,87.07408722718489,33.48524600739421,0.1932271028927043,59.318195331078364,89.2835536491351,38.53628900011937,Big beat,Above whisper,Very bullish
51.125856591664856,0.02251713183329708,86.53608224466177,32.21163948036035,0.13905714521954454,54.07560995219092,87.59530423267158,34.60459170186826,In-line,Below,Mixed
54.01090820375143,0.08021816407502858,87.12849278572665,34.1467195560134,0.17907678884964048,59.13422190717966,88.66389562129997,38.03263145889677,Big beat,Above whisper,Clean
52.32371203540185,0.04647424070803689,86.06476120036145,32.463959499363476,0.1448566256237793,55.624352086606166,88.07768876233595,35.16748092841294,Beat,Below,Very bullish
52.17904313302147,0.04358086266042954,86.22812524956741,32.585857205439886,0.21982045385062982,59.10270235629857,88.81730145047419,37.63147792779479,Beat,Above whisper,Clean
56.98046605523982,0.1396093211047964,87.76123741166273,36.04020236371112,0.1964704199521024,63.30576771088078,89.72391659582831,41.076132072099526,Big beat,Above whisper,Very bullish
52.636631856884186,0.05273263713768369,86.78039583193855,33.15222877180553,0.04394277674737547,51.024657932211824,86.43507177908188,32.0059553467677,Beat,Sandbag (flat/down QoQ),Mixed
52.86168485090151,0.05723369701803021,86.74351312235562,33.11429069253291,0.09374487809416548,53.68739726359422,87.54492076535304,33.978274125926156,Beat,Below (severe),Mixed
52.74758235489241,0.05495164709784819,87.26411887040865,33.07082791732311,0.10885758876015401,54.31173148418981,88.46447607957506,34.37494116226562,Beat,Below,Mixed
52.57880943721523,0.05157618874430438,87.46200191460154,32.984680514804715,0.11465008972814472,54.42076218149162,88.39384960205095,34.47436780132944,Beat,Below,Clean
52.877692236856234,0.057553844737124556,87.71709299980996,33.63331633084793,0.06458416011881385,52.27184260906652,88.47664296964425,33.15926831617918,Beat,Sandbag (flat/down QoQ),Mixed
56.878662171719554,0.13757324343439092,87.95014803432683,36.37513882081959,0.12352839088135449,59.34016380061365,89.1278761861242,37.97966750060134,Big beat,Above whisper,Clean
53.18784296467772,0.06375685929355437,86.5849867713019,33.08632072111769,0.22386627978388993,60.445178391844884,88.69540032948716,38.79979850627927,Beat,Above whisper,Very bullish
54.594989735386356,0.0918997947077271,86.62600198839618,34.10107868446018,0.11436948110528625,56.493348212201575,87.65743294508107,35.50568826369187,Big beat,In-line,Clean
51.33106552106577,0.026621310421315214,86.03554708729155,31.550273811840693,0.1612979218577561,55.35275545090386,87.4957600531987,34.9983066835697,Beat,Below,Mixed
51.096435482120896,0.021928709642417808,87.1202786457518,32.21611796922151,0.10679198276648474,52.51361620101661,88.11856752130656,33.226682642700005,In-line,Below (severe),Clean
50.97803769508822,0.019560753901764264,87.41596167449529,31.820350372851575,0.17498602285308212,55.62001878104863,89.02374093649216,35.580595558194034,In-line,Below,Mixed
51.34380586193248,0.02687611723864966,85.85912003536397,31.647542850658095,0.22855200044288954,58.57292573045505,88.29480609171144,37.22189525715303,Beat,Above whisper,Very bullish
50.892968345050015,0.01785936690100024,87.00346455261642,31.65489498745247,0.13832149324486098,53.79451974204356,88.21344239000312,34.27133153567388,In-line,Below (severe),Clean
52.648639971108345,0.052972799422166955,87.87716507689392,33.07216584478934,0.15431030188157116,56.43194839165393,89.15520748046649,36.41809444578268,Beat,In-line,Clean
48.91083898902938,-0.02178322021941251,86.02143614612116,30.29122112792364,0.10932563786330521,50.382472827081976,86.7126773712742,31.688515332194658,Miss,Below (severe),Clean
53.28679488232009,0.06573589764640171,87.40798622696093,33.57203670444867,0.09740990989489087,54.3004955725091,88.12743183385386,34.39170828786328,Beat,Below,Clean
53.87620381081754,0.07752407621635093,86.91112513936072,34.24622671882429,0.10667094401795875,55.36442723631987,87.89298785632207,35.02889129226666,Big beat,Below,Mixed
50.672528379104435,0.01345056758208873,86.27764029382493,31.40379579153023,0.098660429960241,51.69533740071944,87.26469854795269,32.49785631611121,In-line,Below (severe),Clean
52.03358021566915,0.040671604313383077,86.75759205162795,32.536809080966435,0.15154471035899789,55.639065911366245,87.69582374587951,34.800900211211605,Beat,Below,Mixed
51.391901882789924,0.027838037655798554,86.24750051487017,32.23603250641298,0.12775283207969745,53.817551258972685,87.14030815761573,33.75167615644891,Beat,Below (severe),Very bullish
48.69884806326801,-0.026023038734639882,86.8168789854103,30.415510262563348,0.19665052678541628,54.11296631812742,89.03613046962197,34.787214631856784,Miss,Below,Very bullish
50.66260664324012,0.013252132864802264,86.31915464860691,31.769894999099307,0.1415086112175173,53.70095876784264,88.54299778610816,34.11973931628399,In-line,Below (severe),Mixed
50.11050032654597,0.0022100065309194994,86.24250587392008,31.435187185732868,0.15207202166775372,53.60726931670171,87.4675990912712,33.66197235856918,Miss,Below (severe),Mixed
51.84234716389804,0.03684694327796079,86.59827945275693,32.286551984961115,0.10670332607544886,53.275948177998075,87.69006883026465,33.587105148102054,Beat,Below (severe),Mixed
52.224387128955655,0.044487742579113074,87.34759714686253,32.89691425375407,0.08470891969161536,52.60195436247717,88.93873624584604,33.669334004656186,Beat,Below (severe),Mixed
54.59652180067444,0.09193043601348873,87.1317338552321,34.371850176950296,0.13326789945596532,57.453022323034126,88.28941137388769,36.41491952014536,Big beat,In-line,Clean
50.578030974618486,0.011560619492369617,86.61659097767624,31.308337095070147,0.18973667282326698,55.87635698328797,88.7562472361741,35.83888785725219,In-line,In-line,Clean
49.13189178667749,-0.017362164266450056,86.69262495206154,30.75654172130509,0.12314474591426955,51.240638537247044,87.44431764575454,32.33553242505736,Miss,Below (severe),Very bullish
50.470851525575654,0.009417030511513108,86.22722339683156,31.51030023019802,0.1534371836134225,54.05674563550039,87.0155899894247,33.56084107631147,In-line,Below,Mixed
48.73981500046583,-0.025203699990683344,85.78678675103296,29.920009498495624,0.11674477601210041,50.542081372311685,86.55153168230682,31.70553483364182,Miss,Below (severe),Mixed
51.887467667578434,0.0377493533515686,87.32799734894428,32.78170387751819,0.11388537863400328,53.66835645717019,88.52113817359434,34.364173021175404,Beat,Below (severe),Mixed
53.012401935921524,0.06024803871843058,87.14534970265787,33.038710431267646,0.205670323153596,59.35008836085718,89.33882272846851,38.4397183027896,Beat,Above whisper,Clean
52.691806323879916,0.0538361264775983,87.29017020674989,32.964346653793335,0.2240938968472792,59.89259578242597,89.26500222703172,38.577856580613805,Beat,Above whisper,Clean
54.03291210640086,0.08065824212801705,87.04462386931131,33.75453419455473,0.13639479619068295,57.01681155926087,88.46712199583152,36.07012519499316,Big beat,In-line,Mixed
53.520561210964914,0.07041122421929819,87.34821527283316,33.50041534424342,0.18848811486346584,59.065082978621966,88.93501915947405,37.99831355917746,Big beat,Above whisper,Clean
54.10190080228613,0.08203801604572263,87.26831280184348,34.157923116945675,0.11242037635945731,55.88519564850966,88.40303194223323,35.30164228660973,Big beat,In-line,Clean
49.62004056084063,-0.007599188783187465,86.296168731703,30.865343627697673,0.157123985126225,53.31535771332163,87.70209417664189,33.711825078865665,Miss,Below (severe),Mixed
52.612177722431674,0.052243554448633434,87.4512647917449,33.47918027096006,0.19976772950301394,58.613650652375846,89.21702400948382,37.88020530624674,Beat,Above whisper,Clean
51.54861084438564,0.03097221688771291,86.56746319914942,31.924104735238796,0.12735986374099556,53.962846690595335,88.06283458125425,34.31337425537401,Beat,Below,Mixed
53.58457460659051,0.07169149213181016,87.07599604574914,33.31015565867579,0.11858642148131293,55.65762201608562,88.11682310383452,35.33953380115473,Big beat,Below,Mixed
53.717718467259914,0.07435436934519819,87.1331337186562,33.941287269440274,0.11966726381218812,55.84983007915105,87.89731492904397,35.30005479288189,Big beat,In-line,Clean
55.332142008633234,0.10664284017266461,87.30471492746871,35.033785013524636,0.13928714097418202,58.53639802492225,88.7319324307724,37.592235018331614,Big beat,Above whisper,Mixed
51.81482629105114,0.036296525821022795,86.31339606663518,31.9816307481996,0.1584286546507493,55.736366689068596,87.4972857083383,34.9183549756777,Beat,Below,Mixed
51.855625438163344,0.03711250876326684,87.07918550784704,32.763779667736564,0.27532419162896704,61.40896690810159,90.12968875587852,40.01274139306207,Beat,Above whisper,Clean
56.10436109593262,0.12208722191865232,87.27944956431246,35.45529937063496,0.21366413395253112,63.22814719042263,88.93804140909648,40.22085928190426,Big beat,Above whisper,Very bullish
52.27750428155422,0.045550085631084335,87.17070922887609,32.98574255110916,0.24291518576802798,60.33532509233993,89.47605442768966,39.271076054109606,Beat,Above whisper,Clean
49.66772247763958,-0.006645550447208432,85.74022862878388,30.93788687371794,0.08205101832018248,49.90422327853311,85.94904298550776,30.71175666189184,Miss,Below (severe),Clean
52.70581559007809,0.05411631180156183,87.00257070653338,33.177346733855515,0.18452274953666867,57.97186348509392,88.48585251005522,36.76505754933458,Beat,Above cons < whisper,Clean
51.022979981732185,0.02045959963464364,86.55916822692605,31.946898922696633,0.16103375963324973,55.00801639903381,87.93381268596104,35.03730303697669,In-line,Below,Mixed
53.44315974812082,0.06886319496241637,88.08859584866603,34.04170600147392,0.13592678604085495,56.37126549651153,89.15203176744659,35.99623361531181,Beat,In-line,Mixed
51.86584844255082,0.03731696885101635,87.6224048771372,32.47510605752084,0.13874319812772992,54.84317626271571,88.67858194324296,34.93128657974596,Beat,Below,Very bullish
51.59197624476724,0.03183952489534466,87.20105394476876,32.31500788621167,0.15862627242628652,55.506117757610184,88.86911441821674,35.59045672132316,Beat,Below,Mixed
52.33364280889755,0.04667285617795093,86.80587981186325,33.00776731439818,0.14736840175776525,55.75697038582037,88.52773305116352,35.451376343983455,Beat,Below,Clean
52.75143646440884,0.05502872928817673,86.80834602660681,33.19790438933985,0.13793581649959258,55.740052572892495,88.09789553174583,35.47479794757236,Beat,Below,Mixed
52.81132190035896,0.05622643800717931,86.67332374605513,32.79290671078503,0.14866777314910537,56.329616129749766,88.1363028900603,35.95033933973771,Beat,In-line,Clean
54.90605201985118,0.09812104039702364,87.43473279066617,34.60992093822782,0.1739596547875725,59.853383455332064,89.14812201933651,38.525546244912306,Big beat,Above whisper,Very bullish
53.76461421823362,0.07529228436467249,86.96474250414566,33.631406690964326,0.14315370415781517,57.07113090360472,87.96676969810694,36.00198037341379,Big beat,In-line,Mixed
51.90359911323262,0.038071982264652485,86.36273465473927,32.734332647221095,0.17129079325192567,56.451764365256174,87.66929029737851,35.95689787136449,Beat,In-line,Very bullish
52.08786998631465,0.041757399726293006,86.9976198382979,32.81506920009664,0.11906992633658392,54.126399626570795,88.07438604560134,33.88612996917584,Beat,Below,Clean
53.61446472460754,0.07228929449215064,87.30882146380222,33.93671767174517,0.20045447310929443,59.76445800187163,89.00525760609487,38.491182657197164,Big beat,Above whisper,Mixed
50.95920414308913,0.019184082861782595,86.09628387655923,31.98600490731476,0.16172018595348145,54.971740676497284,87.78648238993092,34.59390115759624,In-line,Below,Clean
52.396267744063074,0.04792535488126154,86.438007331017,32.91401873853559,0.12395433807330228,54.6845115419478,88.04118033501071,34.599927067591,Beat,Below,Clean
51.62889376408035,0.03257787528160707,86.85172580714577,32.11365164085597,0.12804285418824135,54.07963291734222,87.73232930377989,34.325563376896824,Beat,Below,Mixed
48.72684817887545,-0.025463036422491064,86.42720871412021,30.519758490202015,0.15517416635111755,52.26742506509635,88.18506619038078,33.158297157210775,Miss,Below (severe),Clean
52.853619800744134,0.05707239601488265,86.9219195038006,33.30148324062821,0.12430369151829279,55.17898271978947,88.21795340951972,34.824362754096974,Beat,Below,Clean
52.26064207502779,0.04521284150055569,87.38081912643177,33.06610486521904,0.14414298633367978,55.522672299192294,88.43780714676619,35.279593086476005,Beat,Below,Clean
50.796742378278836,0.01593484756557666,87.27821566626955,32.168215185530784,0.1377592048679366,53.66628541689252,88.65087290910634,34.448286529741125,In-line,Below (severe),Very bullish
51.54147851974527,0.0308295703949054,86.02372246780683,31.691453861760444,0.19606222048213584,57.24347129916892,87.85300812546085,36.30319128148021,Beat,In-line,Mixed
56.347454090965684,0.12694908181931377,88.06768222623866,35.75079087952688,0.15447045262931433,60.40493719827048,89.35425534628682,38.906175784186324,Big beat,Above whisper,Very bullish
51.88988671478925,0.03779773429578499,87.64555476367471,32.64196599646162,0.2009007268681747,57.86355962483352,89.16046660397122,37.31303714721556,Beat,Above cons < whisper,Clean
50.50149567894429,0.010029913578885804,85.68253366658304,31.679182993855086,0.15800988745899316,54.30400051856475,87.05271144764149,33.88316510694996,In-line,Below,Mixed
51.68444610978747,0.033688922195749385,86.63725331877667,32.29001530184056,0.13109630590390034,54.28436563407912,87.93981785769029,34.26192330651766,Beat,Below,Mixed
52.28747049272656,0.045749409854531214,87.73434243178079,33.04447926008954,0.16641084868383602,56.63233905916992,88.88541180766006,36.15586647090437,Beat,In-line,Clean
50.886345197440754,0.017726903948814998,86.51438402780597,31.882668477339685,0.11467815061630282,52.670333073712754,87.44017365780094,32.89223666104351,In-line,Below (severe),Clean
55.340569195214606,0.1068113839042922,87.79729909438888,34.74861151036536,0.12267695045271988,57.69175421322974,88.767391134149,36.6404030222144,Big beat,Above cons < whisper,Very bullish
51.787106072650914,0.03574212145301817,86.78979304022987,32.47814776309124,0.2728870142485349,61.21062519500388,89.45901968867784,39.3562869712944,Beat,Above whisper,Very bullish
54.69501417277177,0.09390028345543536,87.19772299786587,34.49268443127823,0.20408352291760218,61.15326782609499,88.56660301177044,38.95421586731743,Big beat,Above whisper,Very bullish
51.41088030992095,0.028217606198418926,87.7561010408457,32.700464684978165,0.04395933478726141,49.83723495137454,88.30378464773439,32.02168299063945,Beat,Sandbag (flat/down QoQ),Clean
54.31130007725978,0.08622600154519572,87.09632877501144,34.34887194257831,0.16314740470718583,58.65975860748519,88.50265218465977,37.22293144192901,Big beat,Above whisper,Clean
56.640908351866685,0.13281816703733373,87.83743203164458,35.611604249743316,0.20222106906035292,63.23097243480702,89.77690063543878,41.22036433152647,Big beat,Above whisper,Clean
53.58348399618578,0.07166967992371555,87.3812542014156,34.26840400167853,0.16567557178768988,57.9994613209425,88.89118840457152,37.085877227628664,Big beat,Above cons < whisper,Very bullish
53.396073815644776,0.06792147631289538,87.20420330037791,33.63169860936116,0.1536286708789569,57.19929583280432,88.37661336408044,36.99474196982095,Beat,In-line,Clean
53.18860196225425,0.06377203924508502,86.48867411281877,33.366301189148714,0.1681557611032965,57.6945309638633,88.27285197550972,36.650692888308186,Beat,Above cons < whisper,Very bullish
51.62080462469418,0.032416092493883754,86.40562836264517,32.48750205194849,0.1309691668143474,54.211428511199685,87.29669101171615,34.33379797683957,Beat,Below,Clean
54.463005742345146,0.08926011484690305,87.71071242475129,34.34691548022089,0.2242824837945428,61.91538223478656,89.36214449342984,39.82661433768541,Big beat,Above whisper,Clean
51.7655373346399,0.035310746692797934,86.29828641689933,31.87343431922705,0.18119087932631286,56.77748195145221,88.33841779414203,36.21956350196225,Beat,In-line,Mixed
51.05637960267559,0.021127592053511987,86.57344426584523,31.874195572133512,0.14211898478339824,54.147284692914816,87.88397106718338,34.38379063321504,In-line,Below,Mixed
53.21550506657794,0.06431010133155877,87.57514110369827,33.71221136327346,0.11960976251475856,55.324841919001805,88.64575158148692,35.32863306611214,Beat,Below,Mixed
53.86330566661752,0.07726611333235049,87.102350952424,33.94407923151862,0.2566816154889622,62.85409555350777,89.69424167881917,40.64207051652966,Big beat,Above whisper,Very bullish
53.34732311690525,0.06694646233810513,87.11614943067386,33.553653171927145,0.23285061754292938,61.071474516871774,89.48475093408081,39.179933635709624,Beat,Above whisper,Very bullish
51.73612943354525,0.03472258867090512,86.50052915092625,31.989187776642638,0.16820095528715112,56.12118183947531,88.18565651802106,35.62571868757535,Beat,In-line,Mixed
51.03899908011711,0.0207799816023421,86.07815664393284,31.2969669431009,0.1499572225068879,54.50033236301,87.27070738461362,33.928207048643934,In-line,Below,Clean
51.7358394226478,0.034716788452956046,87.59582497419397,32.99564654374095,0.11798158881564988,53.70830767384004,88.38894244098377,34.237290414509964,Beat,Below (severe),Mixed
54.21472174598535,0.08429443491970691,87.14010392655784,34.29053537081617,0.22084676850912993,61.46016300283588,89.50418058386443,39.55526441339594,Big beat,Above whisper,Clean
54.0340829586793,0.08068165917358604,86.60949484130545,34.0214012258154,0.12494277394157771,56.443447515859894,87.36693128451395,35.563352076046534,Big beat,In-line,Clean
50.72572710526414,0.014514542105282788,85.90971539470051,31.306080545225676,0.07575924330158176,50.670907677632805,86.36358546418934,30.89042130782352,In-line,Sandbag (flat/down QoQ),Mixed
51.47242165362725,0.029448433072545174,87.31325398313274,32.755614879403055,0.12360099154203605,53.7034308637221,88.329066454675,34.371579669884895,Beat,Below (severe),Mixed
51.45883527161034,0.029176705432206712,86.82834977163114,32.093586413922644,0.17281778772632816,56.04099181777904,88.82367427120592,36.33601799683191,Beat,In-line,Clean
49.835467541959325,-0.0032906491608134126,86.22229271029053,31.07453430915834,0.15944272172587132,53.65412940209273,87.76646215733422,34.05732514287167,Miss,Below (severe),Clean
51.100130773223185,0.022002615464463755,86.80231489083076,32.1040849232582,0.17483760891356367,55.74618720615651,88.13551509211945,34.97827073577474,In-line,Below,Clean
50.568715450820065,0.011374309016401454,86.21174401181865,31.569098511706684,0.15792669225547842,54.37237502689255,87.31373178991154,34.06422752733915,In-line,Below,Clean
52.38444028173873,0.04768880563477455,85.74326172425515,32.05424032230458,0.21498140013275402,59.09996912734345,87.91562262716613,37.53586647866464,Beat,Above whisper,Clean
51.07997910219031,0.021599582043806232,86.10353491224268,31.83657808142043,0.09778780501171533,52.069622557306516,86.7609663497054,32.49006393637283,In-line,Below (severe),Mixed
51.101211567344464,0.022024231346889245,85.52318947528033,31.77159828316093,0.1282636002889974,53.53737716052312,86.54997045704083,33.24772198490347,In-line,Below (severe),Mixed
50.814909995114256,0.01629819990228508,86.53487673272373,31.625561027065473,0.16675864844040997,55.05382601319769,87.9373724804883,34.57196747342285,In-line,Below,Clean
49.277162318611175,-0.014456753627776556,86.36046423761704,30.650177891215442,0.20059363555709245,54.93600121103562,88.55322082859868,35.26947317760336,Miss,Below,Mixed
52.58357697717217,0.051671539543443556,88.44978220188092,33.53394308933016,0.20974013562507157,59.068716148014545,90.17127433744605,38.654025470431606,Beat,Above whisper,Clean
51.91146787656529,0.03822935753130583,86.71776451049776,32.56198259056098,0.13687370905641721,54.80129852543713,87.33026617531759,34.66441668020777,Beat,Below,Mixed
51.22876972629607,0.02457539452592149,86.12227049800727,31.718068465221403,0.2153926418602395,57.81570764997192,87.5293322509384,36.24461761735081,Beat,Above cons < whisper,Mixed
50.59298587546381,0.0118597175092762,85.84991088269842,31.00101784068942,0.10015483338334949,51.684395235745114,86.26027105342258,32.17766620863108,In-line,Below (severe),Mixed
51.27187572812342,0.025437514562468334,86.12234534602581,31.55259942566581,0.11937301471560105,53.292900239347944,87.57089140572414,33.04397728485665,Beat,Below (severe),Mixed
54.16156794958491,0.08323135899169827,86.62669504874154,33.69032950020731,0.12142426483574296,56.39966105448479,87.1367685921058,35.628747975707306,Big beat,In-line,Clean
51.96541833157673,0.03930836663153461,87.44733993400051,33.00936364100372,0.24618204181227804,60.13277318292536,89.43358450749916,38.32444652099095,Beat,Above whisper,Clean
50.9989744039543,0.019979488079085946,86.86139280036288,31.865668915017107,0.0747498225799332,50.89605735723641,87.21530782371437,32.09340076924347,In-line,Sandbag (flat/down QoQ),Mixed
54.10368751080162,0.0820737502160325,87.00284684571467,33.91147977660384,0.15702976256520457,58.128178377773054,88.4216321896342,36.90015905128666,Big beat,Above cons < whisper,Mixed
52.54576662459042,0.05091533249180828,86.8337661529396,32.950317698089435,0.20480219553608497,58.785308210045194,88.82093186446441,37.72226816873858,Beat,Above whisper,Very bullish
49.02501348882788,-0.019499730223442303,86.50383586156333,30.384889870975268,0.2374667938591959,56.333481528000554,89.19034403744513,36.10096688267661,Miss,In-line,Clean
52.75991091599028,0.055198218319805745,86.62459152076705,32.96369273585199,0.12162316771967263,54.94982852375785,87.53139188437713,34.69506040081902,Beat,Below,Mixed
53.403564911042004,0.06807129822083995,88.08125781981306,33.867558491242384,0.1615586551791917,57.60056067985572,89.49093295713513,36.94246248663668,Beat,Above cons < whisper,Clean
55.24523605894878,0.10490472117897542,87.20762970110518,34.87811026417845,0.1708012647669877,60.06110708944173,88.45874457329046,38.38843676528188,Big beat,Above whisper,Very bullish
53.47867364046513,0.06957347280930276,86.79014245867405,33.713486441755165,0.1128565913610999,55.26308771103782,87.1516741768871,35.16824798326534,Beat,Below,Mixed
50.63508808518191,0.01270176170363825,86.69540737916644,31.42113967861894,0.0985513874915648,51.65201439518176,87.48036465078806,32.248585721935356,In-line,Below (severe),Clean
49.613998510211324,-0.007720029795773454,86.01970395244814,30.892736487426088,0.09334235923410847,50.370437169178274,86.8746868053065,31.359789739864883,Miss,Below (severe),Mixed
52.299033396416824,0.045980667928336647,87.14409514777273,33.00845645835621,0.12995159054069763,54.87427768644923,88.38507364752498,34.98399687740594,Beat,Below,Mixed
53.33918794165514,0.06678375883310275,87.47482532928667,33.42873226663811,0.16929085505809718,57.91409434237374,88.72393920127088,37.252674653677005,Beat,Above cons < whisper,Clean
53.91082160104732,0.07821643202094643,87.42143999377102,33.644676915564304,0.13647895911235325,56.892191959617875,88.2043214674224,36.22843815919842,Big beat,In-line,Clean
53.30020581096706,0.0660041162193411,86.86746826676526,33.22194245742965,0.17056805334907288,57.934981147873756,88.42679490018853,36.85737893655511,Beat,Above cons < whisper,Very bullish
51.59229839146595,0.031845967829318964,87.2118042729709,32.439449830752636,0.1881170193061321,56.91928151373386,89.30332555807774,36.903774398768775,Beat,In-line,Mixed
53.028988298469784,0.06057976596939552,87.67834947023701,33.56537032235568,0.15998798755631152,57.11920446002564,88.72448990361845,36.468208349004136,Beat,In-line,Clean
54.812563166302155,0.09625126332604303,87.69385829088957,34.78195941849329,0.13993770349446766,58.01984256569422,88.51304812233882,37.09920066777122,Big beat,Above cons < whisper,Mixed
56.77186283473515,0.13543725669470313,87.42688523654195,36.31803663900726,0.09696422354161133,57.82836654540781,88.77399542279736,37.09723606289811,Big beat,Above cons < whisper,Clean
56.48290604448071,0.1296581208896142,87.53371682155895,35.33967452707582,0.1495221365806586,60.29061149106919,88.70982460618674,38.72394768127414,Big beat,Above whisper,Clean
55.58832719759192,0.1117665439518385,86.86997668104598,34.73433051770697,0.17848016016807985,60.83047354362992,88.5079482090128,38.83721626742614,Big beat,Above whisper,Very bullish
52.594140374856146,0.051882807497122894,86.34144507864526,32.79465281545482,0.15339711305151604,56.328934695229165,87.77433938679783,35.43081620243032,Beat,In-line,Clean
51.19581720165742,0.023916344033148476,86.70443325643042,31.947438376825716,0.10246742262571432,52.41016916527643,87.9336288561409,33.19300724501259,In-line,Below (severe),Clean
54.69086560553031,0.0938173121106063,86.88427298560839,33.97776740684499,0.1989031645556628,60.88554814341883,88.77374241522215,38.912524208759606,Big beat,Above whisper,Clean
51.6867751475355,0.033735502950710004,86.24098676561071,32.32768724074857,0.16823163353022755,56.069116779478186,87.95579753301307,35.18573337576496,Beat,In-line,Mixed
52.25866721718078,0.04517334434361556,86.30397313138177,32.46507723510763,0.14573684605205983,55.597917659418535,87.96767045173068,35.37342502189851,Beat,Below,Clean
51.985521654790645,0.039710433095812805,86.68512379553727,32.15824726098802,0.06297303613230916,51.312121517720804,86.82493522855661,32.04861935778157,Beat,Sandbag (flat/down QoQ),Clean
56.6250653837067,0.13250130767413398,87.33467346178246,36.08251264620316,0.15096414198664684,60.51817552327462,88.79256366502949,38.844773659630405,Big beat,Above whisper,Very bullish
52.23972011147456,0.044794402229491354,86.78179926186638,32.58192011632371,0.1229093025208746,54.470434268957206,87.51094092436382,34.14195639065393,Beat,Below,Mixed
51.54252358893593,0.0308504717787186,86.62095278599686,32.31707243798313,0.0711696734091207,51.26716043376794,87.34774928409149,32.16213877996354,Beat,Sandbag (flat/down QoQ),Mixed
54.26115314033946,0.0852230628067891,86.68606538577322,34.25949491583187,0.1931278683725254,60.11617298307064,88.33503716260233,38.32886214382032,Big beat,Above whisper,Very bullish
48.822794951067074,-0.02354410097865856,85.04750188587461,29.91240054254178,0.029959865938848668,46.69369653237802,84.97282973525569,28.239424073194186,Miss,Sandbag (flat/down QoQ),Mixed
52.33986533087489,0.046797306617497744,87.3901432501159,32.51239497294526,0.13595911353083895,55.209093664756686,88.49246930026725,35.08662696838415,Beat,Below,Clean
55.84703674043401,0.11694073480868009,88.43700672526819,35.7333401805489,0.13144142914028373,58.674247415500396,89.37551832463605,37.94122479547821,Big beat,Above whisper,Mixed
55.915442155377534,0.11830884310755076,87.85718225435288,35.45979030829754,0.16506081395786035,60.4916840824751,89.32829634173741,38.91957808924295,Big beat,Above whisper,Very bullish
50.821719528207346,0.01643439056414697,86.55067441728939,31.670117187837022,0.11703679069245551,52.7147497307422,87.83674302114404,33.24716653212951,In-line,Below (severe),Mixed
48.81904094210317,-0.023619181157936646,86.13083247260394,29.94038003841258,0.17134553683752732,53.09939674020527,87.65158896902874,33.25349088042456,Miss,Below (severe),Mixed
51.28590916189256,0.025718183237851334,86.95363784877625,32.20075409258241,0.1406129980249253,54.31899070518167,88.19474385922177,34.568845197991514,Beat,Below,Mixed
49.88326680848144,-0.002334663830371295,86.08734425750396,30.81366037138758,0.14147424711681889,52.87328839365741,87.55027258725188,33.21141845537241,Miss,Below (severe),Clean
50.97581898178365,0.019516379635673056,87.06375649778629,32.2025285573678,0.22599742452368615,58.032206871462925,88.75259178192063,37.222335560288286,In-line,Above cons < whisper,Clean
52.44907051191496,0.04898141023829927,86.97041705555635,33.21493520832832,0.2550160644819176,61.12268134105538,89.40596410498596,39.326246256481184,Beat,Above whisper,Very bullish
52.521818210399005,0.0504363642079801,87.62096476044417,33.05267270156532,0.10678362566196045,53.978124929173525,88.91768573930314,34.58183896003467,Beat,Below,Clean
53.86297782918214,0.07725955658364303,87.06155643502512,33.92624851561917,0.09903063379947631,54.96870104322368,87.80095421453639,34.50726214241313,Big beat,Below,Mixed
51.670102695757414,0.033402053915148305,86.38932917722664,32.28205749063686,0.1685352769599287,56.065599352410935,88.31299172938628,35.75252610564734,Beat,In-line,Clean
50.90089160172349,0.018017832034469758,86.12391629643543,31.601844883851463,0.19388717863384977,56.42921315973415,87.72277402826157,35.41504021845673,In-line,In-line,Mixed
53.08771473391614,0.06175429467832263,87.62146429783635,34.22188119434676,0.1575505901477569,57.062307268423226,89.11483156911905,36.61183717099639,Beat,In-line,Very bullish
56.65005271891063,0.13300105437821258,88.0229519912008,36.09338372485927,0.1971993677104503,62.97702106042608,89.45405578226062,40.79251937350459,Big beat,Above whisper,Clean
54.948945840186525,0.09897891680373043,86.97248317058096,34.397131781743084,0.14544171236552506,58.44504214330206,88.2496420288848,37.60952024942239,Big beat,Above cons < whisper,Clean
52.497455148585956,0.04994910297171928,86.34520538523249,32.64054684173925,0.0904106628710234,53.15494309135347,87.26385074779515,33.52206387938066,Beat,Below (severe),Mixed
52.29316496491037,0.04586329929820723,86.71854364484274,32.49514299816024,0.05763091985008126,51.35637758058804,87.83692531957773,32.60022464753333,Beat,Sandbag (flat/down QoQ),Mixed
54.481926004314154,0.08963852008628301,86.29983322755845,33.61727315467382,0.24111191828770195,62.78829857413562,88.74131970857636,39.90380033524697,Big beat,Above whisper,Very bullish
51.79017974000889,0.03580359480017784,86.30362119591983,32.00095565640509,0.16770771681694413,56.15609307076315,88.03422655473936,35.489272643380964,Beat,In-line,Very bullish
49.09522695211984,-0.01809546095760333,86.34029827507203,30.890066317702825,0.11898322513092352,51.012682865316435,87.42000390694646,31.69449285164673,Miss,Below (severe),Clean
49.460506822751995,-0.010789863544960183,85.76296192534471,30.485020208270832,0.09562213127136343,50.31930976326926,85.8916908098507,31.0876808797431,Miss,Below (severe),Mixed
52.11381586911804,0.04227631738236087,87.33830392092446,32.706448168496,0.11686071938900006,54.04645431871127,88.33499680206857,34.40073051660311,Beat,Below,Mixed
51.76755341688324,0.035351068337664715,86.03389941035947,32.38624444806346,0.09518141299318297,52.64522927699496,87.54616393604084,33.3430064028201,Beat,Below (severe),Clean
51.45199932239185,0.029039986447836917,85.94198390925365,31.63568087119725,0.20348244444646085,57.498608065014814,88.02045988711204,36.52692096233971,Beat,In-line,Clean
53.468552639571875,0.06937105279143757,87.16459604321855,33.80193882045038,0.09600640333567902,54.41602777934291,87.86404182040069,34.21936236549009,Beat,Below,Mixed
52.7381798927626,0.054763597855252186,87.13675112028541,33.226687577122185,0.28698700516170905,63.02525561230415,89.47888010058105,40.629776897044216,Beat,Above whisper,Very bullish
52.062375930970276,0.04124751861940536,86.4619592579352,32.27090651371165,0.13584803749194188,54.911022704905996,87.46258922590204,34.61188187291258,Beat,Below,Mixed
53.09638212918257,0.061927642583651465,88.09874629116912,33.46659757885787,0.20082128271080446,59.20503243169176,89.701153100777,38.88111282026023,Beat,Above whisper,Clean
54.67384413475478,0.09347688269509553,86.55364231913588,34.34033109794017,0.10397653048195926,56.04730927342672,87.44651237540211,35.13776276965066,Big beat,In-line,Very bullish
54.8160148247975,0.09632029649594999,88.42487445252858,35.159063040144055,0.16547577774239913,59.32339911705048,89.53888977736099,38.477355156961046,Big beat,Above whisper,Clean
49.33316954444466,-0.013336609111106741,86.6027821711877,30.75097987779313,0.13495439650474275,51.991547834554105,87.60821035186245,32.6064162173125,Miss,Below (severe),Clean
52.086654255139806,0.04173308510279606,86.64390848020116,32.18934246421433,0.09309487089274411,52.86882213623869,87.47120292822962,33.12159062685359,Beat,Below (severe),Mixed
53.01109657221845,0.06022193144436912,87.45776372572624,33.615522900848454,0.20324902204248138,59.229439385927,89.42681061155733,38.09621616391396,Beat,Above whisper,Mixed
52.522764702940364,0.05045529405880728,87.04524940085913,32.89212835972881,0.023238994382584727,49.9045308699134,87.10404347412798,31.550191851488634,Beat,Sandbag (flat/down QoQ),Mixed
52.07546345851492,0.041509269170298284,87.17002247650049,33.34629107551403,0.14598819366943822,55.41516156737075,87.81040733991404,34.69019911936317,Beat,Below,Clean
52.67275072508624,0.05345501450172466,86.64810051318608,33.413785712794194,0.22751067613834597,60.03805215257307,89.09033360291488,38.62127210546138,Beat,Above whisper,Very bullish
51.878325729927724,0.03756651459855431,86.66329924854789,32.56703332873777,0.06458024852862693,51.28373797747155,86.60137089325434,31.683524913636216,Beat,Sandbag (flat/down QoQ),Clean
52.763065374326544,0.055261307486530936,87.22551860637189,33.118363026257626,0.22923607267854332,60.22553017298852,89.52563884986033,39.29493921648418,Beat,Above whisper,Clean
54.73535737234965,0.09470714744699292,88.15898097218866,35.16667488711782,0.1290730379648422,57.385915073026545,89.41161388401618,36.61966826215074,Big beat,In-line,Clean
51.070102327859914,0.02140204655719829,86.8664456196058,31.813801277087972,0.18385932494358603,56.14125851904152,88.50994671014844,36.31122906403198,In-line,In-line,Mixed
50.636123381273066,0.012722467625461462,86.31874343852361,31.384884787614237,0.12532506468483093,52.91194890374732,87.65082819411644,33.17302813749252,In-line,Below (severe),Mixed
50.92252742243522,0.018450548448704612,86.32341795506261,31.69306838428711,0.17394709857717874,55.51032808265717,87.60313079477567,35.154324684867255,In-line,Below,Clean
55.722856678268975,0.1144571335653794,87.92330445992694,35.305120497238605,0.18836807325906907,61.48931641101392,89.61536364022959,39.545758295579155,Big beat,Above whisper,Very bullish
53.67195507937069,0.0734391015874139,86.96192190544996,33.3758643434679,0.10042551423018128,54.84327528453027,87.79813356274187,34.87103866423846,Big beat,Below,Clean
52.5753660004459,0.051507320008918,87.17683708094184,33.23139943156554,0.13395280754140335,55.35955646345658,88.58347021797435,34.667557859381844,Beat,Below,Very bullish
54.57705250753161,0.09154105015063228,87.3862077102807,34.82991835683429,0.17306380894645346,59.44933901730165,89.2049660375535,38.32861328666635,Big beat,Above whisper,Very bullish
57.91430967193393,0.15828619343867859,88.21758260469959,37.12509452968486,0.17622500260908772,63.25452625604729,89.57330688371782,40.7348619565168,Big beat,Above whisper,Very bullish
49.43687653289995,-0.011262469342000916,86.24448531843255,30.71385249543877,0.1634842537435705,53.41052544313027,87.9960416403143,34.15838894160517,Miss,Below (severe),Clean
49.16471798203799,-0.016705640359240173,85.43674176601942,30.365321412950035,0.13963713233691055,52.02779976940252,86.42127288800361,32.27969882764381,Miss,Below (severe),Mixed
50.93648756881548,0.018729751376309542,86.82816199204603,31.738162186945733,0.22215253467073137,57.80557471877689,88.69805395056812,36.71135587193214,In-line,Above cons < whisper,Very bullish
52.33083355623268,0.04661667112465365,86.17027120123545,32.65905965009197,0.1653830727265192,56.62936277895232,87.7324034403253,35.773601525944805,Beat,In-line,Mixed
56.15242124223116,0.12304842484462326,87.88635180086912,35.47409027015568,0.24938891855284054,65.1450547892437,90.1146844138045,42.59122312720428,Big beat,Above whisper,Mixed
50.848100496726175,0.016962009934523573,86.43233158047681,31.73649403655945,0.09035819538508633,51.482454303772016,87.10442367189053,32.03277110700308,In-line,Below (severe),Clean
52.00619297832972,0.04012385956659445,87.38615464021282,32.54193445396719,0.17314075021145506,56.65268537150805,89.34772842689368,36.48739428866874,Beat,In-line,Mixed
51.2172660095664,0.024345320191327888,86.221835769792,31.958984035953407,0.1330657153276418,53.88734756623722,87.57930808960919,34.040133391669066,Beat,Below,Clean
51.1090685078929,0.0221813701578579,86.83161143033377,31.780162604843884,0.16833056166212715,55.447123379007884,87.76242509981743,35.58823369964865,In-line,Below,Clean
52.162966762637254,0.04325933525274497,86.80044883909254,32.78579764559558,0.15404659775818605,55.89860186986665,88.84798320830659,35.919503900357824,Beat,In-line,Clean
51.2412115904713,0.024824231809426108,86.08029027405235,31.29665985534689,0.08752889943989622,51.745848557884095,86.48049430780141,31.960747022865128,Beat,Below (severe),Mixed
49.7665999440843,-0.0046680011183139625,86.78765552300831,30.985740491593265,0.1569023790283553,53.46259088064471,88.10330643311676,33.76618349444356,Miss,Below (severe),Mixed
51.81863688126466,0.03637273762529321,87.35392704276451,32.87903907773204,0.11908422189837096,53.847317581668264,88.2889196031784,34.207891154353966,Beat,Below (severe),Mixed
51.079582528283176,0.02159165056566345,86.36352455334885,31.47808993615166,0.0028462322967450215,47.566040679652325,85.71618887859584,28.80900157911651,In-line,Sandbag (flat/down QoQ),Mixed
53.457057581429,0.06914115162858005,87.28530363930345,33.759728862445016,0.13066256752898187,56.12461583630863,88.27962027163557,35.758187652052015,Beat,In-line,Mixed
53.63930744301513,0.07278614886030262,87.45564667476759,33.96230181825969,0.10211033073584078,54.89383237600122,88.20793656047911,34.709808349544396,Big beat,Below,Clean
54.57096673709082,0.09141933474181631,87.41937235430005,34.50578276056296,0.14666564528421497,58.10503473112898,88.69004278568289,37.347994997247106,Big beat,Above cons < whisper,Clean
51.40593775198592,0.02811875503971837,86.68241334919684,31.875467688702326,0.08745783803582821,51.908804934980466,87.44183530337878,32.5906744311731,Beat,Below (severe),Mixed
51.57778214368002,0.031555642873600416,86.00923561539247,31.988170948757098,0.19189062524495437,57.08399822169462,87.92813935667411,36.156403803839716,Beat,In-line,Mixed
52.1252571584963,0.042505143169926,86.67294577472879,32.56631834952853,0.2485315126846548,60.431452871375875,88.92424372286644,38.92406215625765,Beat,Above whisper,Very bullish
49.71288280039667,-0.005742343992066612,84.93237113033891,30.313597629700862,0.14439513591567818,52.82752546418297,86.20959895843274,32.656388665595365,Miss,Below (severe),Mixed
51.33033787412834,0.02660675748256683,86.22315002818854,32.06876996817543,0.17724586896195788,56.11211191368631,87.99580070463261,35.53627438049235,Beat,In-line,Clean
52.121360195701484,0.042427203914029675,86.75288514260379,32.77677290967004,0.07195093943245463,51.880716667259584,86.98432168634068,32.13571187664343,Beat,Sandbag (flat/down QoQ),Clean
51.08047081833256,0.02160941636665113,86.63413322366715,32.01392361899871,0.1512948200256107,54.60806135350024,88.22357792846127,35.058325118208465,In-line,Below,Mixed
51.79630028645009,0.0359260057290019,87.37493305882398,32.70073202655852,0.0843183165684438,52.1519859074288,87.94275902064716,32.96602931847578,Beat,Below (severe),Mixed
55.109645439742785,0.10219290879485567,88.1764038792327,35.495744983190534,0.11887447990499873,57.25643474491673,89.55884921958352,37.11379729978851,Big beat,In-line,Mixed
51.199038118987815,0.02398076237975623,86.52203712179207,32.03945569872005,0.1127926285064225,52.904347047898334,87.9415120603389,33.391057748454394,In-line,Below (severe),Mixed
53.86734603226579,0.07734692064531595,87.30986978508125,33.8461248740162,0.1806609949401143,59.056283335435616,88.8955426406627,38.21378684406292,Big beat,Above whisper,Very bullish
53.86842607796702,0.07736852155934043,86.61547498899317,33.72850125140747,0.0761250248081123,53.828506967417205,87.18550185333035,33.87095673449345,Big beat,Sandbag (flat/down QoQ),Clean
51.89175757061244,0.037835151412248864,86.77108495708616,32.80848731374235,0.07423789811774686,51.762371683555365,87.19481386365567,32.60548928583286,Beat,Sandbag (flat/down QoQ),Clean
55.09088253319207,0.10181765066384157,87.47826193511112,34.80878129011728,0.19386909534030003,61.07335194201499,89.20462251456685,39.23230922343763,Big beat,Above whisper,Very bullish
49.00833284948025,-0.019833343010395098,85.39712831376919,30.140554319570732,0.2985766308189094,59.095284628463325,88.36597763643324,37.66958504964526,Miss,Above whisper,Clean
53.29603011744758,0.06592060234895156,88.10352417923193,33.53036181993772,0.2019377746688905,59.48290384961888,90.09954839901643,38.53234025099989,Beat,Above whisper,Very bullish
51.058454199784144,0.021169083995682868,86.7716898352496,31.738559288051167,0.16759745222645564,55.35745524983991,88.04634319035574,35.66241381401537,In-line,Below,Clean
48.050170113841766,-0.0389965977231647,86.05713746038876,29.643999053373904,0.13699192595532816,50.73032292734538,87.42178503122045,31.987693038126352,Miss,Below (severe),Mixed
52.92820475706891,0.05856409514137823,86.76900088186221,33.36462607580902,0.10668248565232347,54.39080883012043,88.04560736012913,34.303665347951686,Beat,Below,Clean
50.01308434078506,0.0002616868157012009,86.86610911197853,31.51728390218549,0.13278251648043102,52.60723699818093,88.29999000508306,33.378405606324016,Miss,Below (severe),Mixed
51.22878917463688,0.024575783492737636,87.63177980824534,32.25710647672087,0.19578138162247488,56.88282999108708,89.18468874040117,36.595190497258635,Beat,In-line,Mixed
54.720295253586784,0.09440590507173553,88.21607445102862,35.01966876595777,0.17512798633023957,59.710253917547625,89.7146649293309,38.64766793540769,Big beat,Above whisper,Clean
52.85340988396966,0.0570681976793931,87.27446540117407,33.015897818639296,0.06637529254648386,52.33574396801898,87.73086290074788,32.99835114287436,Beat,Sandbag (flat/down QoQ),Clean
52.30836651909271,0.0461673303818541,86.07359136201931,32.25415016324481,0.23254459000214536,59.86722315317442,88.51008389330589,38.611491005668505,Beat,Above whisper,Very bullish
50.45212338470394,0.009042467694078793,87.07939442627692,31.626826610043537,0.0962276027271204,51.35650953689926,87.47489136160115,31.977324049950397,In-line,Below (severe),Mixed
52.306694622009,0.046133892440180055,87.40675162922233,33.059825140276125,0.1304830352763173,54.90812869430586,88.96039046794361,35.17477223839016,Beat,Below,Clean
51.87967981307552,0.037593596261510334,85.57962088454941,31.85194645679007,0.14123119115371857,54.97765816191043,86.81498248825532,34.44799879630709,Beat,Below,Clean
53.52150559299259,0.07043011185985183,86.6517407992207,33.335359321701034,0.1278449735556726,56.052249555889325,87.74026483203976,35.73709116994878,Big beat,In-line,Clean
50.805379379400605,0.01610758758801203,87.1650352810852,32.2146135032499,0.08807738167845672,51.331599586724664,88.04314033077941,32.47171466679762,In-line,Below (severe),Mixed
49.81818383245809,-0.003636323350838153,86.30448469457565,31.274888500782485,0.21584573788274736,56.24471030448527,87.877158528917,35.49264232692983,Miss,In-line,Clean
50.41443764672818,0.008288752934563756,86.15669238278834,31.27585235532537,0.13509070018708888,53.13746223310853,87.54664606242915,33.93707046678641,In-line,Below (severe),Mixed
51.17690515920549,0.023538103184109694,86.43320290262092,32.01259205627952,0.1420938827184923,54.27391386745067,87.72424921270652,34.56018409613298,In-line,Below,Clean
50.51668362581609,0.010333672516321864,86.23725031638236,31.451829313836043,0.20809318953385608,56.66965705717168,87.9711403854652,35.99970197416009,In-line,In-line,Mixed
54.222524977796226,0.08445049955592443,87.37108908540222,34.00872804753428,0.17690126015371888,59.25637526257882,89.21041731253897,38.881318662568354,Big beat,Above whisper,Very bullish
56.97999786299288,0.13959995725985752,87.89789656025664,36.06408467950004,0.10316141726782853,58.36826839856729,88.86695247923217,37.801232541569945,Big beat,Above cons < whisper,Mixed
56.18049314343546,0.12360986286870919,87.51362523042849,35.43192802122808,0.13397228005897116,59.15661319722042,88.76985443968054,38.03837411850996,Big beat,Above whisper,Clean
50.5304634353511,0.010609268707022142,87.2509369439475,31.886145683871963,0.11732367318305906,52.42610565514098,88.12694339612082,33.25107749584235,In-line,Below (severe),Mixed
52.738520308110736,0.054770406162214694,86.59667362425573,32.84760087909349,0.1465092426787091,56.14625805141578,88.09611797734024,35.68468276612894,Beat,In-line,Mixed
51.31883662470068,0.026376732494013524,86.31822643812637,31.823457916598844,0.13619546556372886,54.14335593734853,87.86680313890446,34.270078166513294,Beat,Below,Clean
50.357682353017864,0.007153647060357344,86.16713491370298,31.096472659964324,0.09919889052203515,51.39931510229128,86.29759478820395,31.629047035296487,In-line,Below (severe),Clean
50.70932731543427,0.014186546308685398,86.47682588909244,31.835131730141033,0.1841496746718042,55.75833105458342,87.95912602766873,35.14172509749148,In-line,Below,Clean
52.515480277645985,0.050309605552919835,87.78662870908187,33.35070691400918,0.22107300760168846,59.54486148768145,89.31531870032573,38.4975665360291,Beat,Above whisper,Very bullish
52.653181808285154,0.053063636165703,87.01881267167788,33.08166699649188,0.20107031095798739,58.72301820116132,88.69921913499276,37.614731757554026,Beat,Above whisper,Very bullish
51.49072114823249,0.029814422964649694,85.93800414299241,31.669356124419288,0.042174738987679414,49.82930538202183,86.33118844080063,30.998058748492678,Beat,Sandbag (flat/down QoQ),Clean
51.33201741322508,0.026640348264501634,87.4777539844367,32.22111407021843,0.11962988972776002,53.36765663902461,89.10669938674094,34.276498386701356,Beat,Below (severe),Mixed
53.657094196508496,0.07314188393016995,87.65459485744194,34.172130127610764,0.06483759360539679,53.054941702349055,88.06730577213614,33.08924833748131,Big beat,Sandbag (flat/down QoQ),Mixed
53.25285166961188,0.0650570333922375,86.95622361124794,33.42288751581188,0.19048175968491102,58.868223666459166,89.23758490803675,38.008210604713405,Beat,Above whisper,Clean
52.247285105416516,0.04494570210833048,86.66371208107951,32.282867467231966,0.2033302022865562,58.3799692866225,88.71956924294143,37.220325542853345,Beat,Above cons < whisper,Mixed
53.49117402677873,0.06982348053557468,87.70400541525487,34.21936201281927,0.08099765708246508,53.693559954856916,88.01194898352466,33.898853279318764,Beat,Below (severe),Very bullish
56.14196165082541,0.12283923301650827,87.60517139499979,35.52736156973821,0.19146788352288766,62.11339106600835,89.46208658143053,39.705204521354325,Big beat,Above whisper,Very bullish
51.998662461738796,0.0399732492347759,87.29389354686235,33.0935973142126,0.18956458326028247,57.43749815271966,88.92028381813431,37.296929909593395,Beat,In-line,Mixed
55.20460641825436,0.10409212836508716,87.40943494764002,35.03293482446933,0.23684865623135604,63.4026187471846,89.56797883864576,41.098011154166585,Big beat,Above whisper,Very bullish
50.58000145324755,0.011600029064951034,86.50410829942902,31.84261367528516,0.1089181989563538,52.082720963691806,87.11852657102772,33.05924712810002,In-line,Below (severe),Mixed
52.58936394090314,0.051787278818062846,87.20575832940641,33.117903144992,0.12122019880264412,54.75252444324374,88.31742865869998,34.987932377695074,Beat,Below,Clean
51.32622349188788,0.02652446983775767,86.25723074908043,31.91778635991937,0.14682700580097433,54.65784926296817,88.14938723923028,34.782231662373626,Beat,Below,Mixed
55.356761421124155,0.1071352284224832,87.92447435200394,35.251636525973176,0.24653319406272944,64.07518058243933,89.81700088588657,41.8008432053648,Big beat,Above whisper,Very bullish
50.495226588287345,0.009904531765746807,85.74384407999118,31.198401276906147,0.18226963365512963,55.43476067987673,87.62928011489738,35.015764650297406,In-line,Below,Mixed
51.11570224776734,0.022314044955346682,86.38262617765186,31.446180465533637,0.14592953748483706,54.39106496106834,87.96050389681102,34.30052408188998,In-line,Below,Clean
51.55728323035896,0.031145664607179265,86.77846794560828,32.15104342220216,0.08498688141885735,51.94333480749764,87.90428755019207,32.38860332784974,Beat,Below (severe),Clean
51.691749912573115,0.033834998251462356,86.59404950078549,32.516021969345765,0.05242463607613404,50.515837440601274,86.5689799594484,31.64096581948828,Beat,Sandbag (flat/down QoQ),Mixed
51.10475618776819,0.022095123755363714,86.3657268915605,31.681283255048168,0.24707747911583766,59.179334051937786,88.5055065882608,37.751622796371784,In-line,Above whisper,Mixed
51.42360866655059,0.02847217333101183,86.73453104422654,32.07019630628524,0.12718098270884132,53.823448483254715,88.1593412084531,33.86243257658295,Beat,Below (severe),Mixed
53.0816213142527,0.061632426285054116,87.82701194290362,33.72472334328411,0.2078994251601601,59.53745559547976,89.35043283515117,38.39313866507469,Beat,Above whisper,Very bullish
51.997743609760285,0.03995487219520559,86.92804921117164,32.560733908202955,0.13793366874518145,54.94355578430257,88.41792226739578,34.69028393966799,Beat,Below,Mixed
52.22172413568672,0.04443448271373433,86.52174175598901,32.38292525246716,0.14409685079568885,55.47908797484894,87.42286780686348,35.3003585844503,Beat,Below,Mixed
53.6534207097007,0.07306841419401398,87.32851385315846,33.914437101238256,0.18230680580810127,58.90374699853843,88.97454149331033,37.83770161757128,Big beat,Above whisper,Very bullish
50.836653044690884,0.016733060893817698,86.86688352328049,32.083777898140745,0.1442711597182088,54.015850511666315,87.97876196673133,33.949932231716026,In-line,Below,Mixed
52.4299135124712,0.04859827024942403,87.07269429464732,33.02535263230109,0.12305017060771845,54.67560736404808,87.88984245269391,34.573281939519774,Beat,Below,Mixed
51.063367568458986,0.021267351369179597,86.59727211528975,31.795342888791254,0.23791202491008878,58.696816977870704,88.77828646831495,37.615813893780384,In-line,Above whisper,Clean
52.133799494265475,0.042675989885309414,86.47004300178703,32.375854237693346,0.12667441052970216,54.54225939859844,87.73071685251298,34.24714133329655,Beat,Below,Clean
56.10834593423033,0.1221669186846066,87.18380395166024,35.09676743909596,0.134180925920446,59.091514619010766,88.57386072681295,37.28362752407833,Big beat,Above whisper,Clean
51.74757057592914,0.03495141151858269,86.99587774637403,32.662133191613385,0.13245201642662202,54.41580916932632,88.3521109873865,34.88977525766222,Beat,Below,Very bullish
52.75859995819384,0.055171999163876766,87.12054354151581,32.544931785762806,0.1307403062722185,55.39511294127716,88.35978296064555,35.06561552695953,Beat,Below,Mixed
53.17989209970507,0.06359784199410141,87.51455291772359,33.54227003130316,0.16015056936287408,57.289776233976966,88.81140785521005,36.5067290302536,Beat,In-line,Mixed
52.68109980487509,0.05362199609750165,87.17764936918776,33.287134137978256,0.15491538453664144,56.49634030760618,88.88860601454532,36.190766492587464,Beat,In-line,Very bullish
54.16349017122997,0.08326980342459944,87.8835487817705,34.12855535154441,0.15694880936616556,58.1883579315262,89.00044197239254,37.445095101963496,Big beat,Above cons < whisper,Very bullish
52.24073475284617,0.04481469505692358,87.46489982766117,32.911391796198856,0.1536294668281079,55.961704481089214,88.28964625118155,35.77417915612689,Beat,In-line,Mixed
51.899717587923696,0.0379943517584739,86.54378513327798,32.534279624925674,0.11413787465100825,53.693195259225654,87.34753465714356,33.58354697648734,Beat,Below (severe),Clean
51.74999211234669,0.03499984224693386,87.04666131228991,32.36755762303086,0.1494766703225552,55.23645086376743,88.33132350486251,35.09926421050127,Beat,Below,Mixed
52.58551937409399,0.05171038748187987,85.8911486968862,32.62585895356283,0.09979368753076276,53.70227781578697,87.19522741239902,33.63384326467036,Beat,Below (severe),Mixed
51.77994322626154,0.03559886452523084,85.95446371490576,31.930923898894815,0.13724360156601714,54.68023704326632,87.3564992386132,34.040925709663725,Beat,Below,Very bullish
52.448867814917676,0.048977356298353536,85.72994902404564,32.28180229842751,0.13421605111240764,55.23918004275596,87.1747095413341,34.326199339957924,Beat,Below,Clean
48.536359680224464,-0.029272806395510755,86.06003819965608,30.207104277150037,0.1528530456003738,51.95848364543753,87.32120196547164,32.76935662047135,Miss,Below (severe),Clean
50.378746235208695,0.00757492470417378,87.12763279286389,31.901578888737006,0.15477551896976935,54.020704055323044,88.43954813982076,34.41020173156984,In-line,Below,Clean
51.78179203694566,0.035635840738913134,87.3479674307305,32.88199785436289,0.06219378325697292,51.07356204558131,87.95335721568334,32.15696872830545,Beat,Sandbag (flat/down QoQ),Clean
51.87784390702947,0.037556878140589424,86.81698862653352,32.26713623512341,0.14347498482467935,55.08380129044708,87.74652039633442,34.80396105417773,Beat,Below,Very bullish
51.11830839975266,0.02236616799505298,86.70235564203482,31.822857599638123,0.15614726599018106,54.8788430342443,88.10273642599255,34.63451015283328,In-line,Below,Clean
54.21169331574374,0.08423386631487474,86.71325133151265,34.30714809898187,0.2080882565708052,60.814473630456014,88.50087263817896,38.969898898439475,Big beat,Above whisper,Very bullish
52.12141575411172,0.04242831508223453,87.30344822777846,33.27496861102782,0.05770447105748776,51.19126487518656,87.29992781266913,32.10844982881995,Beat,Sandbag (flat/down QoQ),Mixed
53.7688549713849,0.07537709942769796,87.84531558657902,34.32008931862945,0.23488102613874723,61.65541460127146,90.18234389997122,39.712283516682774,Big beat,Above whisper,Very bullish
49.698088231435165,-0.006038235371296715,86.23859277105092,30.964044068476316,0.14650263266715352,52.90906121044598,87.71303044416136,33.358768970053745,Miss,Below (severe),Clean
55.498592285275514,0.10997184570551037,87.84898901760269,35.37625923640317,0.204846104443843,62.091029665814794,89.44489820578309,40.18025882239854,Big beat,Above whisper,Clean
49.57735789146466,-0.008452842170706836,86.33249564822611,30.86103019453097,0.14959309073361196,52.92280322536563,87.23555223911133,32.97984378861577,Miss,Below (severe),Clean
49.49647891417167,-0.010070421716566722,86.43448926456121,30.99479092888403,0.07394644537886483,49.359669903741406,86.95133183814188,30.97140525211147,Miss,Sandbag (flat/down QoQ),Mixed
50.67933794286391,0.013586758857278291,86.62479260524499,31.32693098002505,0.1285374389293531,53.108278088055194,88.10759133621582,33.701460970219074,In-line,Below (severe),Mixed
51.493689573837834,0.02987379147675671,86.49298219055638,32.19372219142352,0.11800665381589459,53.458124175003654,87.92103081024675,34.159166001792485,Beat,Below (severe),Mixed
50.871601473334096,0.017432029466681855,86.97094921843174,31.97299161330617,0.1300861967196404,53.382916442177574,88.39879746138656,34.18464721084323,In-line,Below (severe),Clean
52.05866024557662,0.04117320491153223,88.04290470850256,32.95652235538591,0.13478175261889602,54.85555930443372,89.37085439836838,35.72560867734211,Beat,Below,Clean
52.46210653307618,0.04924213066152361,87.19142334457118,32.966253578401094,0.13650428192835637,55.364593805692486,88.59898930662831,35.288405607664316,Beat,Below,Clean
51.486653902201,0.029733078044019968,87.34803594371986,32.2944602762141,0.21692770527679228,58.18014018661544,89.63018241716303,37.26210986297844,Beat,Above cons < whisper,Mixed
51.75813748912495,0.03516274978249884,87.56055259442697,32.70541433353391,0.05510152902662606,50.70936928974993,87.83185613274601,31.88694295433347,Beat,Sandbag (flat/down QoQ),Mixed
53.18334183325407,0.06366683666508138,87.86216018793509,33.701456257291824,0.19484988824794403,59.00710218567899,89.25693559191016,37.82539684756935,Beat,Above whisper,Clean
51.50304560240032,0.03006091204800649,86.81835347136013,32.149888281538345,0.1656551245793794,55.746589820891735,87.90549518788605,35.38737423458127,Beat,Below,Clean
52.90488697511634,0.058097739502326814,87.42260541100273,33.31181170307335,0.12957749474485458,55.49158613988935,88.6950154325588,35.40329739435467,Beat,Below,Clean
52.867816306807114,0.05735632613614224,86.65941478568243,32.912234831689545,0.18245405238986862,58.04849480205959,88.53265955990337,37.12076532696002,Beat,Above cons < whisper,Clean
52.94095491099644,0.0588190982199289,87.75400436854103,33.403099373412125,0.15456732642642063,56.757904143618646,88.77118397990992,36.47882858244185,Beat,In-line,Mixed
47.440020165055884,-0.051199596698882355,85.59779114976074,29.350766884870502,0.1988266789943218,52.810050266904916,87.52531296774319,33.36630936272495,Miss,Below (severe),Mixed
51.55524625553779,0.031104925110755816,86.63872086329336,31.887209302395682,0.04556893161956223,50.054237764872795,86.69479839449524,31.368084059900223,Beat,Sandbag (flat/down QoQ),Clean
49.474675046822256,-0.010506499063554857,86.43018768996441,30.78557452704504,0.14509161382688002,52.6063901005743,88.14644458412972,33.02375659156599,Miss,Below (severe),Very bullish
55.61545729904041,0.11230914598080818,88.0419215639886,35.60190814772966,0.26951241539729975,65.56133399133518,90.54152000924009,42.94072400857828,Big beat,Above whisper,Very bullish
50.91628479784737,0.018325695956947264,86.39767362164866,31.787130486293748,0.15388611221644044,54.55505149147221,87.79339491486462,34.33623168860823,In-line,Below,Clean
51.58244634615245,0.03164892692304921,86.74304218412306,32.54236132973267,0.14977794152204613,55.072047622939806,88.30619341361606,35.106762143640466,Beat,Below,Clean
51.36679112055358,0.027335822411071638,87.2597085811177,32.32560737939692,0.14056248443169198,54.40224669076077,88.3357819018014,34.587704044673664,Beat,Below,Mixed
52.44577892434008,0.04891557848680156,86.64060659347408,32.86842230197985,0.04594070019389719,50.93694796388585,86.6164558638784,31.49644069272927,Beat,Sandbag (flat/down QoQ),Mixed
52.047747076002324,0.040954941520046466,87.97776917466349,33.32287273486424,0.13213396138507819,54.71609192987148,89.11695681494294,34.99303267858639,Beat,Below,Very bullish
51.651189174993725,0.033023783499874476,86.52506692361591,32.425410148823126,0.23724871836621217,59.34069849393377,88.71142656937991,37.81323048247582,Beat,Above whisper,Very bullish
50.51331414289359,0.010266282857871794,87.07979263642625,31.564484932688426,0.10290883399236886,51.732181802255504,87.98421693182738,32.916861043922324,In-line,Below (severe),Mixed
51.151159731082494,0.023023194621649843,86.22524346162766,32.04817962557638,0.10463969951035937,52.46763016388155,87.22239463050884,32.909429333500974,In-line,Below (severe),Mixed
50.5470076124341,0.010940152248682162,86.89138751435847,32.05792951388421,0.16115523404558987,54.500570850625834,88.07330085847312,34.64657496419271,In-line,Below,Mixed
54.81186444668362,0.0962372889336725,87.96410627509556,35.215894554273085,0.1013548611240723,56.05536240165524,88.50521595512083,35.816162240993584,Big beat,In-line,Mixed
49.5108670377938,-0.00978265924412395,85.95774665029742,30.652930685251647,0.15233795441886008,52.97801901213294,87.20070452034656,33.194896414254124,Miss,Below (severe),Mixed
51.8836997461437,0.03767399492287389,86.34144873058482,31.894403907681145,0.19681169949620103,57.659660378666224,88.79344459140052,36.84900433693573,Beat,Above cons < whisper,Mixed
52.82584169085196,0.05651683381703917,87.31397401523564,33.34153462074905,0.16165751888170604,56.98228360633052,88.61807821753497,36.18060015111982,Beat,In-line,Clean
52.86458002408927,0.05729160048178533,87.24724159510367,32.87009925520191,0.14298308827951722,56.10736944106656,88.76911771365855,35.684267197259814,Beat,In-line,Clean
52.16471146237273,0.04329422924745459,87.33759960407667,32.9813557824612,0.13201030575464215,54.833063045543014,88.73616943966562,34.85837855687909,Beat,Below,Clean
50.30372139143245,0.006074427828648892,86.12453210099575,31.047384153841655,0.1449022629042885,53.479069849732305,87.3251284832541,33.82026352826423,In-line,Below (severe),Mixed
52.31902928497176,0.04638058569943523,86.75605951588958,32.560003470436754,0.20622426909830163,58.60073408354072,88.61583754070548,37.31245885484498,Beat,Above whisper,Clean
51.68290225855365,0.033658045171073174,86.90924034941229,32.10151795651147,0.2881625300825665,61.82055112571786,89.85272599464056,40.143970468907064,Beat,Above whisper,Very bullish
53.10033730590106,0.062006746118021254,86.76051332428628,33.28207221188491,0.12459690117636094,55.45101230094758,87.81965082279622,35.16822912192757,Beat,Below,Mixed
51.97813829293742,0.03956276585874845,86.58562063281495,32.57473142847004,0.13865703606897514,54.957753396946615,87.80896335065293,34.88923334589323,Beat,Below,Very bullish
52.4700942439359,0.049401884878717946,87.30471602572798,32.99360724005678,0.08868090413076757,53.04296180979224,88.44179592159846,33.463303593464786,Beat,Below (severe),Very bullish
52.09735714354535,0.041947142870906964,85.77453665303877,32.20249858189563,0.09333239508450794,52.89117624451648,86.4281280277638,33.00650770391753,Beat,Below (severe),Clean
52.170289640901856,0.043405792818037164,87.2452485869033,33.01058013461357,0.12395700158895655,54.44879357990006,87.79878473084617,34.49667445198362,Beat,Below,Clean
57.198692987257296,0.1439738597451459,87.73050160819237,35.90210744107762,0.10583790726284639,58.73444845468447,89.22346198074221,37.635845234194726,Big beat,Above whisper,Very bullish
50.724231835221815,0.014484636704436124,86.25873853390253,31.814296095998472,0.06581345791171371,50.200956865626544,86.50683481740977,31.125078721295854,In-line,Sandbag (flat/down QoQ),Mixed
55.41969665729726,0.10839393314594518,87.30655547299308,34.98042313925118,0.20818838440425574,62.17475992794291,89.13122830476293,39.73757644994673,Big beat,Above whisper,Clean
52.307370194364665,0.046147403887293284,86.34590756836108,32.699317443029294,0.14548085732045934,55.63729902196095,87.69441756241375,35.3046817350622,Beat,Below,Mixed
50.834576533018684,0.016691530660373557,86.86032042464552,31.917672712180583,0.11928163247645567,52.83405010754601,87.41827521910714,33.15286997467303,In-line,Below (severe),Mixed
51.17376426380602,0.023475285276120497,86.68407520451112,32.2024930108779,0.061241629551347335,50.42860547919815,86.72438479372175,31.799788914774133,In-line,Sandbag (flat/down QoQ),Clean
52.95408968283569,0.059081793656713885,87.02062495947713,33.24986600450933,0.11973522390185518,55.059233791276874,88.86149848858183,35.18990580892159,Beat,Below,Clean
49.448000142227244,-0.011039997155455143,85.36251888412879,30.884692167074473,0.05134055113053043,48.273352884558044,85.81369773617983,29.620779870492477,Miss,Sandbag (flat/down QoQ),Clean
52.03228621928386,0.04064572438567728,86.75228330278514,32.41497528153717,0.05562165887246394,51.00309341560389,87.50106288534327,31.986504114933243,Beat,Sandbag (flat/down QoQ),Mixed
52.61267994196427,0.05225359883928528,87.17571345555574,32.9276515043436,0.13130032842145095,55.269260519085655,88.51012639439433,35.27197215147281,Beat,Below,Mixed
54.026503088236346,0.08053006176472689,87.66071305372766,34.24912044209408,0.15968211295187146,58.178314309854834,88.56302866698395,37.194944768332874,Big beat,Above cons < whisper,Mixed
56.70008037955585,0.13400160759111693,88.03892823155279,36.45754967116922,0.23512905952156624,65.0296371715696,89.96043536779973,42.02693025056411,Big beat,Above whisper,Clean
53.076506020329184,0.06153012040658377,86.75625959338873,32.98777144592867,0.17707289742672966,58.012422674733564,88.45415811173243,36.87698899139332,Beat,Above cons < whisper,Mixed
50.80864881054573,0.016172976210914573,86.83808182115585,31.96597940825566,0.1989659116716921,56.566563803232604,89.00722932744233,36.02582131156262,In-line,In-line,Clean
53.8809146707955,0.07761829341591009,87.30936957762339,34.145634803592465,0.20807190554864474,60.44258931197672,88.9172911974944,38.76668214984763,Big beat,Above whisper,Clean
54.38805476367422,0.0877610952734844,86.15742625558143,34.07440069915278,0.18934498931498603,60.065720382353206,88.27523952113214,38.104104378979734,Big beat,Above whisper,Very bullish
54.44653952043178,0.08893079040863565,86.63165542603655,34.33498066728868,0.1806653396782596,59.691489071682334,88.42852410852807,38.44923445002236,Big beat,Above whisper,Very bullish
51.33277853200643,0.026655570640128565,86.99622903134072,31.86842807852618,0.15083578540090584,54.85591289164293,88.11187462929388,34.894651421682525,Beat,Below,Clean
59.48913827490856,0.18978276549817127,88.86134770289232,38.09291696227081,0.19275984536246663,65.88795141456015,90.51159086625964,42.79153992432279,Big beat,Above whisper,Very bullish
52.05685065226873,0.0411370130453746,86.34079809981901,32.650722510287125,0.13144497735537722,54.69235776405926,87.90295419202985,34.296245264796724,Beat,Below,Mixed
53.28746938125849,0.06574938762516974,85.92100122965522,33.46252761215126,0.1478485876597825,56.79695029286707,87.59420322664744,35.670677752989235,Beat,In-line,Clean
51.12131303623395,0.022426260724679115,86.65782995991263,31.98087293838181,0.09988586370297767,52.211351718025,87.38149790958185,32.758569632930325,In-line,Below (severe),Mixed
50.87685682107188,0.017537136421437546,86.98166832831056,31.740735901084747,0.11236487271034028,52.55122633583999,88.57654623960971,33.39158125220211,In-line,Below (severe),Mixed
52.798989085915416,0.055979781718308315,86.92899412621699,33.03792719145541,0.20220334716412267,58.941184162685964,88.34129642316664,37.281504111242434,Beat,Above whisper,Very bullish
53.09875076601135,0.06197501532022705,87.59121485736046,33.482953913753185,0.1548390410591231,56.94047395776808,88.79080485546241,36.391783708620075,Beat,In-line,Mixed
51.295472515142336,0.02590945030284676,87.67321262630978,32.22525355820726,0.16288399617635962,55.3899209167231,88.68959052014743,35.48742191254585,Beat,Below,Mixed
52.34880303233518,0.046976060646703656,86.37059714433377,32.61281386436909,0.15392886900543,56.092023999969804,87.92023711442313,35.60125729099853,Beat,In-line,Clean
52.87717593041804,0.05754351860836084,87.67971678364998,33.46818669033597,0.15341795625271087,56.6330924659294,88.84782168488064,35.89791921935953,Beat,In-line,Mixed
52.61775792881205,0.05235515857624092,86.2081120804409,32.21825857457921,0.18000035634179204,57.65404645548263,88.31609012054497,36.570031865824966,Beat,Above cons < whisper,Clean
48.789598673100734,-0.024208026537985386,86.3193810715758,30.120531590490035,0.08357903665565551,49.09114444837065,87.04721922287119,30.568508740534387,Miss,Below (severe),Clean
52.30084898412032,0.04601697968240631,86.99263620000424,32.78531483826301,0.10446696922781243,53.63852015370911,88.17794019915362,34.24027882975738,Beat,Below (severe),Clean
52.57399818744063,0.05147996374881252,86.30236734606439,32.936849641379254,0.20308329797363692,58.732977760791364,87.78223190308869,37.29450484217874,Beat,Above whisper,Very bullish
50.68350235787995,0.013670047157599062,86.57216546391537,31.48722302952465,0.12593288475288153,52.990063303531024,87.49750400962044,33.608303236933445,In-line,Below (severe),Mixed
54.580620702318306,0.09161241404636605,87.30526154156036,33.917837901011865,0.12420334491899249,56.97687947835098,88.15199974672817,36.234204141115164,Big beat,In-line,Mixed
50.768762670969025,0.015375253419380508,86.56662585635682,31.56350431682909,0.05203251862196914,49.595361455770515,87.10553948552491,30.814833875774447,In-line,Sandbag (flat/down QoQ),Clean
51.040474127907856,0.02080948255815705,86.03461627950493,31.437313383211507,0.06884301515487556,50.65752181453549,86.20750892864802,31.43164194375921,In-line,Sandbag (flat/down QoQ),Mixed
52.20310608328186,0.04406212166563714,86.51841356884509,32.80701916244558,0.19363956260409465,57.860857518122,88.97932832617785,38.07905178717699,Beat,Above cons < whisper,Mixed
51.11980558138385,0.022396111627677007,86.12668432088246,31.548414303059502,0.18482796504207633,56.24187699031349,88.17317568307637,35.63899647647315,In-line,In-line,Mixed
49.44499214514481,-0.011100157097103871,87.34384672338017,30.91469510619775,0.07749416244897368,49.4712125131054,88.06015212231405,31.54193374995374,Miss,Below (severe),Mixed
50.695853150491274,0.013917063009825639,86.69541407319812,31.639912966518732,0.12365178007161914,52.895593803741846,88.0786439851234,33.52484248230972,In-line,Below (severe),Mixed
52.12707677944306,0.042541535588861173,86.30536758183835,32.42273361832382,0.1286016126964194,54.6285098528274,87.40454789818178,34.14485589022572,Beat,Below,Clean
51.8011081531078,0.03602216306215607,86.14560167758897,31.961164067619038,0.09565558066466913,52.70216085881188,86.88984830794958,32.83720030508433,Beat,Below (severe),Mixed
51.75456341960979,0.03509126839219568,87.24772652136879,32.78226677063689,0.09567491241998058,52.65573554624991,87.81167961995848,33.71214417647243,Beat,Below (severe),Mixed
49.59196817867977,-0.008160636426404556,85.72375533849326,30.67155455096825,0.0567128992578516,48.661295868710404,86.33207384383354,30.02266814708473,Miss,Sandbag (flat/down QoQ),Mixed
52.597567767427556,0.05195135534855105,87.28191324181293,32.92690784818671,0.1634611186600235,56.82413753109568,88.70660333400807,36.08596040265217,Beat,In-line,Mixed
51.41390794144173,0.028278158828834637,86.19477446802048,31.836045450036508,0.1148450255841433,53.22435812047472,87.19725095527218,33.37628707056607,Beat,Below (severe),Mixed
53.0319886892612,0.06063977378522406,86.83283000199161,33.11055000609655,0.09855995286989563,54.09747478113794,87.35233900436103,34.236258715874186,Beat,Below,Mixed
51.903695767958425,0.03807391535916859,86.66934369137513,32.490193393609005,0.2105766579488989,58.34530237525927,88.83859871935871,37.78051744777551,Beat,Above cons < whisper,Very bullish
54.74598006772212,0.09491960135444245,87.98581591329066,35.1415405093823,0.12884903768086034,57.38566499374771,89.07868634611751,37.127685386055035,Big beat,In-line,Mixed
54.82149458676455,0.09642989173529111,87.24812149272309,34.43423155438206,0.13503045277921122,57.779489692644994,88.43287442700947,36.8380562632907,Big beat,Above cons < whisper,Very bullish
51.96020222339516,0.03920404446790322,87.65342195324286,32.663173576418075,0.06026512663702291,51.15647679115386,87.84700218801403,32.11222124021862,Beat,Sandbag (flat/down QoQ),Mixed
53.922189262836454,0.07844378525672903,86.81696076235397,33.803010870138074,0.1586091875872136,58.01226218797185,88.6164004919148,36.86994572026332,Big beat,Above cons < whisper,Clean
49.94719411840569,-0.0010561176318861908,86.2179214944411,31.330248165517826,0.12223892487364546,52.048922183045235,87.87518853918797,33.05201761523063,Miss,Below (severe),Mixed
51.57337916701975,0.0314675833403951,86.65607228566299,32.139657921130436,0.15747202049161257,55.43083314602823,88.68092088056727,35.61142315531284,Beat,Below,Clean
56.30032633652411,0.12600652673048213,87.90999973221102,35.791850455647314,0.15216384228254176,60.233828862675544,89.0564095880542,38.52375270472919,Big beat,Above whisper,Clean
52.54118773699403,0.05082375473988069,88.1917360601297,33.4486699700688,0.21026340554143144,59.0466284587828,89.91376135908624,38.56261048291784,Beat,Above whisper,Clean
53.17613685466006,0.06352273709320112,86.8608842561409,33.26133240974857,0.1718770857259328,57.86476083830223,88.39116207165961,36.43898714799656,Beat,Above cons < whisper,Very bullish
50.349372498931466,0.006987449978629367,86.4408413878807,31.29049910344929,0.1345236644698436,53.04237212044168,87.70864910912283,33.31983482790277,In-line,Below (severe),Mixed
54.695793912135514,0.09391587824271021,87.65035604179047,34.463176598579956,0.092714675354749,55.49783263882875,88.31909624308547,35.26669737250301,Big beat,Below,Very bullish
54.55328299021514,0.09106565980430274,87.78121531149398,34.20945897757463,0.15070066205687044,58.290606078915204,89.23115431230137,37.407185041895424,Big beat,Above cons < whisper,Clean
54.904258232250456,0.09808516464500912,87.07087745235349,34.26025106057006,0.18039121156618293,60.17932504527235,88.87891814455149,38.50104495523953,Big beat,Above whisper,Clean
53.238272145388066,0.06476544290776132,87.92199887365453,33.82688172298341,0.1449864269549047,56.603020500929226,89.11461902299085,36.42851448186077,Beat,In-line,Clean
52.61448882537842,0.05228977650756844,86.945017481064,32.97335517099752,0.10834419803200475,54.14960889188307,87.88178521609939,34.063292639395655,Beat,Below,Clean
51.50304525695412,0.030060905139082245,86.93945068401784,32.157134190412556,0.11046358076075084,53.107094909254535,87.94356751341007,33.50330930007405,Beat,Below (severe),Clean
50.19449017014374,0.003889803402874743,85.86462164636754,31.18894883679861,0.15312126916041677,53.746024623437904,87.83258118936784,33.83001134463768,Miss,Below (severe),Mixed
51.939604308770015,0.03879208617540021,86.93306774125251,32.68966949501619,0.14614499691505778,55.27815207594135,88.14182433329475,34.71812133117004,Beat,Below,Clean
52.236568343102164,0.04473136686204323,86.47478356347244,32.69546947625238,0.11007053470198616,53.844398540793954,87.49576630974487,33.70888625810362,Beat,Below (severe),Clean
49.387924237325365,-0.012241515253492678,86.41333306449961,30.661433186559655,0.13067044671659472,51.85279019126329,87.49526329157153,32.668202866639575,Miss,Below (severe),Mixed
55.64712693539059,0.11294253870781178,87.42947786829262,34.96813798384082,0.15588377615650056,59.72721041331515,88.21114626558074,38.1958372767009,Big beat,Above whisper,Clean
52.86673493970542,0.057334698794108296,87.09656920987729,33.23809907805296,0.18576814332869077,58.20999798092562,88.52778897195581,37.21955579587821,Beat,Above cons < whisper,Mixed
52.60181685816778,0.05203633716335561,86.8883616432901,33.10074521431135,0.12736550780097916,55.065654404022254,87.51022555423131,34.709890963356834,Beat,Below,Clean
54.324316131076486,0.08648632262152985,86.9844876584084,34.59502525295286,0.2226021920366923,61.672954555409184,89.22944452575166,40.19596668931692,Big beat,Above whisper,Very bullish
53.624886158973275,0.07249772317946553,87.6885373189913,33.89314002208349,0.06630188079296148,53.0960086137201,87.67873766126722,33.249231925171514,Big beat,Sandbag (flat/down QoQ),Mixed
52.48829868573473,0.049765973714694794,87.12678521599078,33.28740714948095,0.12889863079363348,55.021542196226555,88.16408769589879,35.073687947839936,Beat,Below,Clean
54.49806266105549,0.08996125322110977,87.61514523487392,34.556734305350886,0.15158034464191755,58.2761193685683,88.72402482010874,37.38516778832152,Big beat,Above cons < whisper,Mixed
52.24592148026702,0.04491842960534042,86.62240308505359,32.75700958285845,0.12046516867579153,54.35832556515172,88.32560276503261,34.49724758030275,Beat,Below,Mixed
53.3531521437409,0.067063042874818,86.69499082806806,33.51695089644438,0.22024578773932746,60.45367636844277,88.6881581697809,38.253575094290404,Beat,Above whisper,Very bullish
49.336915280221184,-0.013261694395576317,85.67328956556108,30.53329428478623,0.050306637360131565,48.11754032957003,85.7380101783674,29.803456970794542,Miss,Sandbag (flat/down QoQ),Mixed
53.25994579443834,0.06519891588876664,87.04430274997566,33.6539791569673,0.21491363870442215,60.08436064644127,88.74939375423635,38.36892122543884,Beat,Above whisper,Clean
52.8773624291221,0.05754724858244207,86.63119999423903,33.218183114892796,0.07918819070633354,52.98858043997825,87.13692306978355,33.06218528418382,Beat,Below (severe),Clean
50.95064605634532,0.01901292112690628,86.55486816673762,31.850854746289595,0.010367055029599892,47.8017931929619,86.12985091436649,29.872889922233984,In-line,Sandbag (flat/down QoQ),Very bullish
50.985038728892896,0.019700774577857853,87.17046913662708,32.08438600758605,0.16141423216675949,54.98512463535895,88.92046506238675,35.07628614772987,In-line,Below,Mixed
51.16597046773773,0.023319409354754673,87.00066430248243,32.02549404979893,0.06497766964074879,50.598429136950216,87.42372683669444,32.000493156342664,In-line,Sandbag (flat/down QoQ),Mixed
51.00761481006239,0.02015229620124783,86.49405217985809,31.727470224522055,0.11431210458156826,52.77851670806612,88.0426560593166,33.3995784005599,In-line,Below (severe),Mixed
53.12418460027873,0.062483692005574784,86.59632762460454,33.210752564657035,0.17099851371716804,57.764888265836944,88.31689561701631,36.542522507302124,Beat,Above cons < whisper,Very bullish
49.889924512388,-0.0022015097522399586,86.11619181649561,31.14959986489524,0.1116527091930622,51.49882190665965,87.08878746883528,32.4665148583222,Miss,Below (severe),Mixed
56.32451699708335,0.1264903399416671,87.79808176085633,35.97563896881244,0.2315077215045277,64.40950062106965,89.83897082553493,41.452915242640465,Big beat,Above whisper,Very bullish
52.75803374741167,0.055160674948233304,86.57511404686899,32.97640035033332,0.15631864256801947,56.647590969695905,88.16962435785611,36.114060712713254,Beat,In-line,Very bullish
52.04583532159883,0.04091670643197655,86.41396450264153,32.75689503665253,0.10443061960807265,53.37522742709217,87.34297500887898,33.642993965172295,Beat,Below (severe),Mixed
50.67793722818749,0.01355874456374969,86.92015000289065,31.554526303691084,0.1356240377122265,53.44029200528667,88.2557899151942,34.12445535774105,In-line,Below (severe),Clean
55.141293095235575,0.10282586190471153,86.64219253091444,34.50202851469743,0.10145663049728265,56.39747554437402,87.22426237602916,35.38974462338821,Big beat,In-line,Very bullish
54.39852349878018,0.08797046997560361,87.7963233727272,34.78212796170078,0.204446564226546,60.840106532309754,89.4895648065021,39.22740427158096,Big beat,Above whisper,Very bullish
52.23154276070227,0.04463085521404535,87.35459200053927,32.96599735592634,0.12528150112569061,54.576961069311345,88.48751180272676,34.386469123160616,Beat,Below,Clean
52.86814633744179,0.05736292674883591,86.7815475456874,33.289440295523896,0.09050289714215833,53.53480483697903,88.1115169126482,33.45123715872701,Beat,Below (severe),Mixed
51.977384725187704,0.039547694503753957,86.87281367575041,32.54732604770419,0.180000356579363,56.952380187656786,88.86260267630458,36.27911767779373,Beat,In-line,Mixed
52.5471150485154,0.050942300970307955,86.85649711492567,33.02947288238809,0.2187778587965184,59.468741767280775,88.80097552291694,37.39027464065708,Beat,Above whisper,Mixed
51.57852718134212,0.03157054362684222,86.5094605707398,32.120225787510044,0.12466524333898768,53.86510705036567,87.97975698973009,34.247044600577745,Beat,Below,Very bullish
52.65543939240109,0.05310878784802187,87.06055176476123,33.07484319845347,0.09827778755894842,53.69956380177124,87.67056996005303,34.3466379069629,Beat,Below (severe),Clean
50.69622205878116,0.013924441175623086,86.3140290104117,31.3597772659078,0.1374924121135192,53.5475273493509,87.26959737889158,33.60204096185945,In-line,Below (severe),Clean
53.32831120249518,0.06656622404990363,87.53492152349435,33.95319784136017,0.11448783096250897,55.18848574660806,88.196063653554,35.35225110094886,Beat,Below,Mixed
52.270335840192374,0.04540671680384754,85.99409830780579,32.24532549367325,0.1691052821549317,56.74455960715392,88.04567120839486,35.96497150761122,Beat,In-line,Very bullish
53.68752805548249,0.07375056110964992,86.50674044125518,33.63950016143172,0.16629458998931726,58.142939698079715,87.92544006575778,36.99832009654203,Big beat,Above cons < whisper,Mixed
51.42271425584266,0.02845428511685333,86.1766500104927,32.19489304819479,0.20723968211513816,57.64528826802671,88.12039787298708,36.890719258870334,Beat,Above cons < whisper,Clean
55.375420955677534,0.10750841911355061,87.99399788278558,35.14573946299125,0.1131929915817731,57.24042119133993,89.00227728117999,36.73314814340364,Big beat,In-line,Clean
51.369449508290856,0.027388990165816987,86.44711821145695,32.05225174911414,0.16849999345691521,55.73768702758582,88.45068461892635,35.67449229722123,Beat,Below,Mixed
51.52184011294477,0.03043680225889535,85.85337949463828,32.19317917432109,0.07976049279310798,51.65758693639233,87.04044398432687,32.04784241228361,Beat,Below (severe),Mixed
50.76667751480177,0.015333550296035513,86.21445743096724,31.433454141026406,0.212404201637784,57.15332361341208,88.68650733783336,36.78663205654229,In-line,In-line,Mixed
54.69336109939128,0.09386722198782561,87.40770485997916,34.63647363234112,0.17451016178514475,59.64948636531801,89.24162590007856,38.72136606935459,Big beat,Above whisper,Very bullish
52.54645473336449,0.050929094667289766,86.60521629949251,32.67061744095496,0.21955320232482847,59.50582591654194,88.81122430746699,38.34005708606492,Beat,Above whisper,Clean
56.00042328589737,0.12000846571794742,87.18448818428612,35.5806142181842,0.23216346637478572,64.07298455480611,89.28822710030214,41.54897326723137,Big beat,Above whisper,Clean
55.36565723925209,0.10731314478504173,88.77499506042909,35.25155710191638,0.15530751285187866,59.395476922312085,90.01266845562162,38.996668507163,Big beat,Above whisper,Very bullish
52.889954264222496,0.05779908528444978,87.10221954979956,33.37869210342479,0.1997046433235128,58.92001487910196,89.13739700222787,38.1210253400267,Beat,Above whisper,Very bullish
52.09330893368287,0.04186617867365739,86.77771447814237,32.6310353150646,0.16205974069138654,56.211570137572394,87.62212938731975,35.11188461175528,Beat,In-line,Mixed
51.38092765383963,0.027618553076792417,87.01768321692636,31.989899917041665,0.13750807787832736,54.271490236901336,88.40296032724127,34.76459758522934,Beat,Below,Mixed
51.29355133382436,0.02587102667648722,85.96494129872167,31.6485439961533,0.13676350833744813,54.14373470008766,87.83990178891312,34.29135933858869,Beat,Below,Clean
50.10711878146113,0.0021423756292227258,85.5399922134562,30.766881488414946,0.1546207425924809,53.72223878971885,86.76123064667262,33.61767937380204,Miss,Below (severe),Mixed
55.72466477177416,0.11449329543548316,87.3064182362658,35.429560784905696,0.1148556889064111,57.687462423699735,88.07254008813986,36.99224590543271,Big beat,Above cons < whisper,Clean
52.00117005567323,0.04002340111346465,86.64892836380298,32.332078805499236,0.25989802721251387,60.836445025464776,89.17173491438948,39.06309703556045,Beat,Above whisper,Very bullish
52.27235399252484,0.045447079850497,87.43292974321014,32.41982265683956,0.055796380423566064,51.246893417132284,87.6399201067544,32.252187245148576,Beat,Sandbag (flat/down QoQ),Mixed
50.387357221093566,0.007747144421871379,86.27779196693356,31.01207109033773,0.20118759794722063,56.20147797393435,88.31353817133024,35.47170516835293,In-line,In-line,Clean
52.55810487821558,0.05116209756431171,86.43562433563812,32.798152257806464,0.1311207781633447,55.203167025163765,87.51684583737223,35.06841632048464,Beat,Below,Very bullish
50.80861407033292,0.016172281406658412,86.30664631885814,31.488007630389244,0.13180335661037498,53.39783423884364,87.52232954306206,33.68014930368256,In-line,Below (severe),Clean
53.286044417658914,0.06572088835317844,87.02238153261115,33.36151023045628,0.14970427376649206,56.88725064201546,88.53040157446824,36.327005534020714,Beat,In-line,Clean
52.25518090508696,0.045103618101739205,86.91593118652568,32.947521877964064,0.1346504714970883,55.05626810554238,88.51738438393764,35.17713736526445,Beat,Below,Mixed
52.95286727593423,0.05905734551868459,87.87810701144917,33.33363842623593,0.14275499067036804,56.18985668203093,89.2201627640651,35.98476550317345,Beat,In-line,Clean
53.582405883176634,0.07164811766353255,86.630157401875,33.39785621655305,0.08476181070490182,53.9724227972054,86.90301527630105,33.77919387553071,Big beat,Below,Clean
51.52220433890773,0.030444086778154526,86.13372628456545,32.16862190703691,0.12495027095439057,53.819923607563034,87.47382223134225,33.88867370722373,Beat,Below (severe),Clean
49.71185945262202,-0.005762810947559614,85.14498012663321,30.609978912058434,0.12311780229888664,51.844254741147125,86.16645355477384,31.569708657543025,Miss,Below (severe),Mixed
51.843459204669294,0.03686918409338594,86.5023336149085,32.332993621136794,0.0978684649394421,52.85177761888223,87.2601055983756,33.01372253468165,Beat,Below (severe),Very bullish
49.70845012910127,-0.005830997417974508,87.58859826991407,31.475474394147447,0.1550646998492523,53.31529916917461,88.81996062990252,33.95997746581424,Miss,Below (severe),Mixed
51.36498721362833,0.027299744272566623,86.94100696579507,32.34591762679966,0.08585603184928327,51.79105396379538,87.37830099056825,32.85008414978394,Beat,Below (severe),Clean
50.37213561389077,0.007442712277815296,86.53466214218473,31.437653431314743,0.14684121179104853,53.64249525879912,87.95876758729106,34.28189147288284,In-line,Below (severe),Very bullish
50.62777093449634,0.012555418689926916,86.22081933816652,31.580245238540524,0.1181979751727148,52.56816587885742,87.00631697196486,32.709619499362944,In-line,Below (severe),Mixed
51.071977596892445,0.02143955193784903,87.10100450227178,32.1071835581399,0.14897858500751918,54.48913651332654,88.40665859141625,34.721921840715176,In-line,Below,Clean
53.62877228646642,0.07257544572932847,88.22805295114904,34.24801506967812,0.2881212598732803,64.14605017145036,90.7310480358444,41.88242426616314,Big beat,Above whisper,Clean
51.73008439560002,0.0346016879120004,87.34087894204534,32.478982947763974,0.22065246409996625,58.63413677233206,89.19901559871197,37.71063664687918,Beat,Above whisper,Clean
52.13896634569942,0.04277932691398841,86.55365482377971,32.45797778933072,0.0875587537624044,52.653890028432464,87.35464680778418,33.15233571206223,Beat,Below (severe),Mixed
51.735437096901194,0.03470874193802395,86.65102151175043,32.85733216909659,0.04964286270668618,50.42489427650356,87.1625333587102,30.997128862999922,Beat,Sandbag (flat/down QoQ),Mixed
54.563207913900754,0.09126415827801523,87.5031262162287,34.514096971389996,0.21084526589176927,61.34848756624255,89.66316979398677,39.63268219634881,Big beat,Above whisper,Very bullish
51.11885826257523,0.022377165251504478,86.10128636965003,31.891949931629707,0.08332474468173474,51.422729498888515,86.50187209225841,31.703048724781834,In-line,Below (severe),Mixed
52.14605076782162,0.0429210153564324,86.4180737561556,32.404715511114674,0.10650985018154499,53.5786817639,87.02842857566746,33.60802197720054,Beat,Below (severe),Mixed
53.66647470941206,0.07332949418824113,87.29139314618352,33.48725440590887,0.2460543727774131,62.09482080583911,89.34855007300818,40.62238378277128,Big beat,Above whisper,Very bullish
52.8112928651411,0.056225857302821966,86.85966862241338,32.98458808907751,0.174349555310756,57.588995556452794,87.99887598888107,36.55915099854501,Beat,Above cons < whisper,Clean
53.33047314745444,0.06660946294908879,87.28054638507182,33.52114025653181,0.20096057824548477,59.472953307181314,88.9511605780366,38.634864159610935,Beat,Above whisper,Clean
51.72240699628314,0.03444813992566292,88.4921769937192,32.81464773757468,0.07439834517638377,51.60114930782131,88.95215686443406,33.106095495054845,Beat,Sandbag (flat/down QoQ),Mixed
50.77921791927501,0.015584358385500187,86.66495306081691,31.206895705401216,0.16375658539507298,54.873602879427246,87.78484760934056,35.22332800365913,In-line,Below,Very bullish
50.570438643163925,0.011408772863278606,87.2669640582584,31.675130577756594,0.10738825224659133,52.00103040265416,87.97073713444435,32.88739152795563,In-line,Below (severe),Clean
51.35932658869673,0.02718653177393449,86.95261627554468,32.35908116881024,0.2611933602365607,60.14732441703641,89.97247614146988,39.02720997791343,Beat,Above whisper,Clean
53.446658375432236,0.06893316750864457,87.47510239622287,33.62521201834194,0.09064494435784942,54.127661482130115,87.97876397503592,34.27831488715307,Beat,Below,Mixed
53.897697015339084,0.07795394030678171,86.79079434782989,33.364251604599346,0.052199415741260385,52.66033064438645,86.90250259974074,32.893390931551345,Big beat,Sandbag (flat/down QoQ),Clean
55.541558287871595,0.11083116575743202,86.78670090451716,35.16086872599918,0.17687810453817104,60.69666928086048,88.53729935784045,38.800534785450445,Big beat,Above whisper,Clean
51.92462726443207,0.03849254528864129,87.1741178815254,32.6997667472312,0.12116531579934244,54.057798901497975,88.09338113631881,34.242980772560735,Beat,Below,Mixed
50.55545900917022,0.011109180183404543,86.2056588357924,31.626607934756244,0.08594279981258642,50.97888408064098,86.80932428617638,31.69635546945477,In-line,Below (severe),Mixed
50.89133893832922,0.017826778766584367,86.4196960689033,31.74507609800385,0.1644619833990229,55.0280988009617,88.26399021281031,34.89932274945874,In-line,Below,Clean
55.4966004522405,0.10993200904481,88.4430705449429,35.416638231625235,0.12644634831963233,58.0486612861814,89.45790625772827,37.49439747796441,Big beat,Above cons < whisper,Mixed
52.83904830487292,0.05678096609745821,87.81612104857611,33.66448001369895,0.19116229833048867,58.444176347540406,89.5154496507778,37.547658130890525,Beat,Above cons < whisper,Mixed
54.13472086565337,0.0826944173130675,86.82151429947808,34.017396506343914,0.18222456187479272,59.428011182067586,88.42123606933895,37.95885064532936,Big beat,Above whisper,Clean
55.5383856069767,0.11076771213953414,87.35047522449591,35.117677543009506,0.1478713475217048,59.197284274013235,88.7383068434939,37.64802491614992,Big beat,Above whisper,Very bullish
52.10666775090495,0.04213335501809879,86.87571174582354,32.86510972043855,0.12948958264579272,54.65008566738743,87.5790759016349,34.38557574834047,Beat,Below,Mixed
52.23412665739926,0.04468253314798524,86.28275722141892,32.50882957044694,0.12144661117533498,54.39365687566908,87.76044262020105,34.63357860155401,Beat,Below,Very bullish
50.494720139204304,0.009894402784086051,86.68049497573034,31.732920590601466,0.13557493202959547,53.24478564779248,87.70719238191629,33.52751840288126,In-line,Below (severe),Mixed
50.3045162890862,0.0060903257817239665,86.83215439065994,31.20890454861101,0.19634840506429851,55.88303298498078,88.29417281024028,35.45651944772907,In-line,In-line,Very bullish
50.78627076790389,0.015725415358077994,86.70655902426738,31.824031059354176,0.0654915070065524,50.247173020326976,87.06832927596628,31.56208365668931,In-line,Sandbag (flat/down QoQ),Mixed
55.68068560836401,0.11361371216728028,86.90448911653833,34.683805732520035,0.19263087180107097,61.66318286104277,88.69547541208497,39.328478247181344,Big beat,Above whisper,Clean
56.42111979208032,0.12842239584160636,88.42668365201057,35.758070046974886,0.17374146674232627,61.49353590714365,89.94410897609006,39.80279645896399,Big beat,Above whisper,Clean
52.09130881075139,0.0418261762150278,86.8829203711949,32.74161241655447,0.17056629637653284,56.620878254578415,87.72349197846152,35.839036193806514,Beat,In-line,Clean
52.3690504826515,0.04738100965303015,86.58372188673825,32.577355881050785,0.15993247677862468,56.40566511625202,88.07012123944872,36.03753060617413,Beat,In-line,Very bullish
53.11707546331333,0.06234150926626647,86.78563630321489,33.1793904452177,0.15102642804473784,56.7720749502403,87.58690126735992,35.96462410231655,Beat,In-line,Very bullish
50.54486192826544,0.010897238565308807,87.43131752817163,31.507781114483606,0.16560058536665195,54.706897747229746,88.72425491577651,35.117136932401095,In-line,Below,Clean
53.67702000953051,0.07354040019061021,86.74211347150428,33.461475445568794,0.21173146091071998,60.396267168233614,88.57581573196714,38.621292729926715,Big beat,Above whisper,Very bullish
53.08544511498248,0.06170890229964947,87.56694251790475,33.650047693564346,0.16004953629491367,57.183049847527045,89.29082468908878,37.02192730224963,Beat,In-line,Very bullish
55.04911437175656,0.10098228743513121,87.79410805476297,34.97627959539091,0.15472630859435854,59.026184870609455,88.88501667068194,38.02980943766098,Big beat,Above whisper,Mixed
53.669103334499965,0.07338206668999928,87.79348495204776,33.95647022364207,0.18249430802950592,58.930308552229754,89.56945918418961,37.74429825496811,Big beat,Above whisper,Very bullish
56.82332853117115,0.1364665706234229,87.79681566886457,36.16853349986113,0.2115640355509291,63.927593998043264,89.61765937202532,41.466098146394025,Big beat,Above whisper,Very bullish
52.676149949457105,0.053522998989142055,86.97701898419935,33.41173590283365,0.1588937441843809,56.68562774099108,88.98297194564609,36.70616593203738,Beat,In-line,Mixed
51.95604585605403,0.03912091712108069,87.1762380861966,32.429611676759805,0.10640905093688958,53.37859371559953,87.9448967161934,33.82693810357634,Beat,Below (severe),Mixed
52.50968002676055,0.05019360053521111,86.60644069195288,32.68042507303494,0.18171857203603337,57.61940237791446,88.91062648559455,37.165260159525026,Beat,Above cons < whisper,Clean
52.822642471331946,0.05645284942663897,86.52816829438507,33.064291618613325,0.14988199557179574,56.401247998002766,88.34690869111193,36.2898981050628,Beat,In-line,Mixed
55.6474385441937,0.11294877088387391,87.48377198058829,35.068042400973475,0.17509385220621684,60.72017985828347,88.39313658458403,38.96795745686033,Big beat,Above whisper,Clean
53.18384270407531,0.06367685408150624,87.27336769832664,33.54978787185221,0.20688390427301023,59.601957746440625,89.41972931355741,38.526684264043446,Beat,Above whisper,Very bullish
51.536662753135666,0.03073325506271321,86.78695810434547,32.375874468124906,0.047738248880198814,50.140009015664035,86.75770303716445,31.2001064120246,Beat,Sandbag (flat/down QoQ),Mixed
50.25638405753653,0.005127681150730612,86.37635790315431,31.40828987341687,0.17663131502406915,54.90943274326145,87.86296513434482,34.63456240555556,In-line,Below,Mixed
52.01424961794559,0.04028499235891179,87.32708241199451,32.796924652275244,0.11000824068548609,53.61222815834924,88.45901974909975,34.25440420803169,Beat,Below (severe),Mixed
51.83664342871659,0.03673286857433176,86.25906238874283,32.09299547301387,0.1397969828905666,54.86301765585205,87.71187574210863,34.64181878964547,Beat,Below,Clean
51.89308088077481,0.03786161761549629,86.095777219169,32.48354568109946,0.08627409411875327,52.3436730373095,86.75282299853903,32.351366048344765,Beat,Below (severe),Mixed
53.02308585663281,0.060461717132656204,87.1493526118779,33.367354410332226,0.16848956393446024,57.53142800885658,88.65054129127952,36.84806546439902,Beat,In-line,Mixed
52.28234699050257,0.045646939810051475,87.49910232531998,32.870401308114204,0.21982357702906857,59.21986526989911,89.03594551497403,37.898157640029254,Beat,Above whisper,Very bullish
52.57190656372971,0.05143813127459414,86.40895079564315,32.885488469867425,0.12847174410359702,55.088346012907444,87.68303911297158,34.81209599378903,Beat,Below,Mixed
52.03073041943546,0.040614608388709034,87.2125786566276,33.05161077348338,0.20286321582014682,58.11543373423661,88.76310507729966,37.10880352971203,Beat,Above cons < whisper,Clean
51.73244780645925,0.034648956129184935,87.03909495035577,32.34212898456508,0.13499714783936761,54.5221678031459,88.32474785628081,34.78311755203323,Beat,Below,Clean
54.21506448837792,0.08430128976755828,86.5392761214382,33.77298439554687,0.1306811420512155,56.92138310123519,87.74704748823997,35.8160779619066,Big beat,In-line,Clean
55.38511189199291,0.1077022378398582,88.16554914222725,35.23849390802746,0.07901893253911967,55.49289971852519,88.92926258383133,35.83724222335145,Big beat,Below,Very bullish
52.967730364220856,0.05935460728441721,86.68272275758467,33.10469133044486,0.13434462661169103,55.7919702994372,88.02275411199915,35.241043975496005,Beat,Below,Mixed
51.98271174310629,0.03965423486212585,86.99426552158953,32.734341504149654,0.2461967422274233,60.15349416737727,89.03377434111462,38.6700125761876,Beat,Above whisper,Clean
52.37938923786892,0.04758778475737837,86.12963214627662,32.51270513211121,0.10838856430996441,53.90980774845188,87.29598839235936,33.658379270415736,Beat,Below,Clean
50.473179487400884,0.009463589748017816,86.04744557564621,31.145836232630405,0.12050215664445263,52.515641720597,87.3897364506926,33.31166239815361,In-line,Below (severe),Mixed
51.34789445666594,0.026957889133318872,86.56085356709939,31.991079491653718,0.1429641983660967,54.49674752363226,87.67363988350422,34.016130021295865,Beat,Below,Clean
48.74663081898811,-0.025067383620237794,85.74860780335598,30.270041374168695,0.13309013107443993,51.28901728240139,86.50795895916946,32.10849568793843,Miss,Below (severe),Mixed
52.654058257277626,0.05308116514555244,87.68265070762095,33.286246944285665,0.1575287849060035,56.59511749813673,88.42285650275757,35.90703532187709,Beat,In-line,Clean
51.46302224268009,0.029260444853601894,86.69455056643284,32.26648932784115,0.12461473179596899,53.74206774565725,87.7257664188895,33.73384120932931,Beat,Below (severe),Clean
51.22525751142818,0.02450515022856353,85.9344251297802,32.13206187802869,0.16642984532052046,55.48276425301908,87.59934311346048,35.08442068262728,Beat,Below,Mixed
53.259408014123956,0.06518816028247917,88.25381010758903,33.91890998178065,0.0773483742451552,53.280441163184705,88.43219204538244,33.63441529429448,Beat,Below (severe),Mixed
51.55879107911757,0.03117582158235147,87.05631834055907,32.260869692314245,0.11956424632833479,53.60028057065717,87.5804319625889,33.815229168644514,Beat,Below (severe),Clean
51.59129464862215,0.031825892972443176,86.34665983155008,32.313251291820215,0.2616942531623987,60.442979973419256,88.91568286549409,39.119253974127076,Beat,Above whisper,Clean
49.13927693058457,-0.01721446138830865,84.9936945882683,30.3620427384018,0.1932516723021524,54.447272632200146,86.82949239900921,34.03393114273172,Miss,Below,Mixed
54.20391096952672,0.08407821939053438,87.40686792047809,34.176156908130196,0.21451654679361715,61.12929343245981,89.52514103808915,39.51175025301221,Big beat,Above whisper,Clean
56.96466544632941,0.13929330892658823,89.63694400574637,37.132820377579286,0.15508852600578127,61.09928634161216,90.63063290461486,39.73677483957575,Big beat,Above whisper,Very bullish
52.007115086263646,0.040142301725272854,86.59352911072925,32.09678963914855,0.1981075707413462,57.85939558032116,88.03141450789606,36.711847102203464,Beat,Above cons < whisper,Very bullish
50.40876276220055,0.008175255244011076,86.4686287589835,31.134400090129937,0.10747881340294395,51.83901985692149,87.5263363507886,32.85914440306321,In-line,Below (severe),Mixed
49.294706388158744,-0.014105872236825185,86.68292121564068,30.728849008464945,0.14352763376438718,52.343440456507004,87.65845568739206,33.191872343408264,Miss,Below (severe),Mixed
52.91529403597688,0.05830588071953748,87.53432250699899,33.640252992465655,0.12123333954435432,55.092506713149106,88.32582402878377,35.065029022460465,Beat,Below,Clean
50.57755298375278,0.011551059675055701,87.09569629456479,31.864244517886867,0.16995258179260261,54.9466716445156,88.89521387976171,34.80338967667838,In-line,Below,Mixed
53.19596876185464,0.06391937523709278,88.43196049312098,34.079889316776764,0.10306608204058554,54.487335353742914,89.15567617713103,35.10358627440317,Beat,Below,Clean
52.92513499753135,0.05850269995062715,86.95988887097286,33.30738118504226,0.17136655267737458,57.56653772261133,88.68110978395697,36.81218173234171,Beat,Above cons < whisper,Clean
52.02431545589567,0.04048630911791337,87.13200838417839,32.905438838053456,0.19692270885231009,57.82129282582505,88.77235434034098,37.1334050242193,Beat,Above cons < whisper,Clean
48.662222345279304,-0.02675555309441392,85.6405127890659,30.139331691444845,0.09442402809285522,49.453026438279956,86.19224129311279,30.68009158487453,Miss,Below (severe),Mixed
50.87967497863053,0.017593499572610652,86.55632355723375,31.34822281967559,0.15914960826855704,54.764501368860294,88.0651886779549,34.32917958140868,In-line,Below,Mixed
52.07508382967675,0.04150167659353502,86.45406635869848,32.5770674930472,0.17594772347301196,56.86346368780501,88.28171956366249,36.38928839113983,Beat,In-line,Mixed
52.48809334701872,0.04976186694037423,87.55164769207241,33.121949269517124,0.15651164721732025,56.367156203481585,88.74013285383329,35.92832115434754,Beat,In-line,Clean
52.79957979346109,0.05599159586922186,86.78290890690657,33.05591127121412,0.13485790250207108,55.64001892186956,88.02568118255142,35.221099419622625,Beat,Below,Very bullish
54.65985941221526,0.09319718824430522,88.2526202014075,35.11145869894301,0.1391460735307214,57.818023927082955,89.35717914212276,37.37693423409179,Big beat,Above cons < whisper,Very bullish
54.09593131278784,0.08191862625575677,86.47538637850012,33.74756457770556,0.21950563732672615,61.258129392928126,88.5110064339181,39.30219719212582,Big beat,Above whisper,Clean
48.444494171503635,-0.031110116569927238,86.07933189773004,29.910752175178807,0.06396386519752396,47.86153474723394,86.78517715690181,29.55315205045462,Miss,Sandbag (flat/down QoQ),Mixed
57.06988428994946,0.14139768579898912,87.43212510299891,35.71780370481075,0.1883913106646392,62.976972120040024,88.35698510223769,40.101255867148396,Big beat,Above whisper,Clean
53.94051006873192,0.07881020137463839,88.10086194838146,34.69468675779917,0.15496498475050435,57.849443218326854,89.47867681824505,37.22707941718905,Big beat,Above cons < whisper,Clean
51.56048337391794,0.0312096674783588,86.69318395170936,32.39144257653707,0.039236364239581406,49.7561343313783,86.5460316167325,30.887427431215798,Beat,Sandbag (flat/down QoQ),Mixed
51.347142592147996,0.02694285184295998,86.76884834616952,31.94801242229613,0.09634303903678078,52.27307647280686,87.80704606334044,32.96347615968019,Beat,Below (severe),Mixed
52.34121231173544,0.04682424623470876,86.66094256070429,32.79906960547219,0.17337611244311849,57.02907620698232,88.00206185957201,36.122017145130954,Beat,In-line,Clean
52.54343698049132,0.050868739609826345,86.49800032859011,32.88851005775413,0.1413202775031205,55.68539792728908,88.02783378658748,35.36980034598598,Beat,Below,Mixed
51.29827397027908,0.025965479405581485,88.1157336086314,32.74490100911566,0.1044216627958459,52.60814467704016,88.99933721891468,33.81291768091773,Beat,Below (severe),Mixed
51.612404002552424,0.03224808005104844,86.1901007973908,32.00421999504419,0.13023550508682177,54.16744497038637,87.20887779034867,33.877179825604905,Beat,Below,Clean
50.88105907337198,0.01762118146743968,86.3809285579024,31.275123711739376,0.15346905344819955,54.49760368724686,87.62469683416496,34.41776193317556,In-line,Below,Mixed
54.47963843055792,0.08959276861115828,87.94855309284,35.005340500600425,0.21659345391928903,61.54531638032746,89.61896333851638,39.82030906567812,Big beat,Above whisper,Clean
52.789269377921386,0.05578538755842781,87.5276593730679,33.27173838161348,0.1548828480013314,56.61074878000594,89.04076048493262,36.33645797152543,Beat,In-line,Very bullish
51.30712202090528,0.02614244041810574,87.09021106961625,32.05772210635608,0.08506115294727724,51.69483890480941,87.72218009005913,32.5056452040309,Beat,Below (severe),Clean
53.2727077881607,0.06545415576321394,86.99022669244472,33.563793958959096,0.1020396719593735,54.515163314162734,87.98652231176834,35.085587788442915,Beat,Below,Mixed
53.003483490128225,0.06006966980256445,87.4182521321489,32.983763206574906,0.18777898788714337,58.45953654765475,89.05993790469165,37.28272428330722,Beat,Above cons < whisper,Clean
52.668822890608794,0.05337645781217582,87.17775637769365,33.434359781186465,0.11466959567519161,54.51488297929438,87.98253428118694,34.71936099364169,Beat,Below,Clean
54.37234922744405,0.08744698454888111,87.35185894395205,34.37511666072373,0.19613736193622344,60.391312769533556,88.92860331695339,38.82530885302001,Big beat,Above whisper,Very bullish
52.897898373987495,0.0579579674797498,87.07281691842329,33.06893941955398,0.1504439437066725,56.509204903510316,88.73340954209404,36.1899865673569,Beat,In-line,Clean
54.08642285906748,0.08172845718134973,87.64853042741748,34.31667484405414,0.033283041336912456,51.89468468493359,87.57601277023048,32.678103143823826,Big beat,Sandbag (flat/down QoQ),Mixed
51.695443843315104,0.03390887686630216,86.91813087180225,32.280432921127556,0.18751793160210065,57.00431893563282,88.67760361647683,36.471627540237975,Beat,In-line,Mixed
55.5415598970214,0.110831197940428,87.51927673493259,34.78569444447518,0.16936230292167756,60.30904878982586,88.90715703970477,38.68508983577106,Big beat,Above whisper,Clean
52.44488763702078,0.04889775274041559,86.51537823925638,32.20111163000691,0.23690999552433445,60.23606246578291,88.66114737025909,38.31431121266274,Beat,Above whisper,Clean
53.19295376071052,0.06385907521421054,87.39443525260127,33.43430989374319,0.20762464074150877,59.64875584131075,89.11209408760212,38.47047521484365,Beat,Above whisper,Very bullish
52.338931929213174,0.046778638584263545,87.12696690570787,32.97376846221829,0.14435958238061822,55.61637555013614,88.06054669463667,35.560376958993714,Beat,Below,Mixed
55.73874619500715,0.11477492390014307,88.48328493083265,35.40101920729306,0.11406739457629801,57.66123976824822,89.29179431947003,36.89299112619636,Big beat,Above cons < whisper,Very bullish
51.23867818638944,0.024773563727788793,86.29357799390753,31.80434483898537,0.19998726264480488,57.09392109425043,88.28180156206956,36.05561070869986,Beat,In-line,Clean
54.455142801324364,0.08910285602648722,86.96336428000699,33.683470058407664,0.24048516969249217,62.72574012577761,89.50757649529258,40.30074476332854,Big beat,Above whisper,Clean
55.99315276322797,0.11986305526455948,88.16800518599098,35.66894388883872,0.11745058914723444,58.10032571894588,88.74539777378206,37.34040352350095,Big beat,Above cons < whisper,Clean
50.84861183838195,0.016972236767639065,87.32444108998222,32.239229481176,0.11276300246009677,52.540850124476925,87.96741951529101,33.468431981215225,In-line,Below (severe),Mixed
51.29168522425378,0.025833704485075555,86.41321151522183,32.12456762214963,0.16322227534032008,55.40194287883911,87.62056438290806,34.76294341884855,Beat,Below,Very bullish
51.06556156461103,0.021311231292220657,85.96518373127621,31.51104124460252,0.07936686761547145,51.181441284089274,86.65463453841022,32.099516885340755,In-line,Below (severe),Mixed
53.848267313347684,0.07696534626695384,86.8075780154464,33.78744286408786,0.18602319042787036,59.30348709813304,88.96177408303105,37.72296605284627,Big beat,Above whisper,Clean
52.72755601702488,0.05455112034049752,87.53305212975911,33.38194150132733,0.1490162380218763,56.25733105085755,88.78111008558102,36.11167296268017,Beat,In-line,Mixed
50.75928436766194,0.01518568735323878,86.0442100908203,31.71585268697206,0.1104916837114146,52.3414943641863,87.26770087472934,32.895015430381996,In-line,Below (severe),Clean
52.89057317439227,0.05781146348784546,87.31531700129146,33.31301367964538,0.11485575438831622,54.75354843805557,88.5045212084518,35.15160730078423,Beat,Below,Very bullish
51.05283730478861,0.02105674609577225,86.47943446536925,31.744211638181948,0.18087356542670072,55.98073558373678,88.1396496733922,35.688533825841496,In-line,In-line,Clean
53.80622918419048,0.0761245836838095,87.47330177202662,33.50291905891152,0.1753180198403696,58.722328544137014,88.96525173522565,37.52949395180995,Big beat,Above whisper,Very bullish
54.52787651708282,0.09055753034165641,87.43766373353556,34.6476150648733,0.16330337013430382,58.90157233869035,88.83939471350494,37.753654025938374,Big beat,Above whisper,Clean
59.28598284794232,0.18571965695884646,89.14014301181118,38.30998907988609,0.15583092553672517,63.62996011031362,90.19191030812628,41.211165619238024,Big beat,Above whisper,Very bullish
55.33084540202194,0.1066169080404389,87.22485670771712,35.043313597434185,0.23506011715278352,63.455711804070646,89.10457571339295,40.442452397906294,Big beat,Above whisper,Very bullish
51.16923286521108,0.02338465730422146,86.81320450564301,32.0277604690796,0.10585866378539018,52.54408666301396,87.65237402334678,32.99465720760134,In-line,Below (severe),Very bullish
51.650023723968864,0.03300047447937733,86.48780712439363,32.139512021484165,0.14113738189346653,54.72978907231203,87.739134464834,34.67702525753031,Beat,Below,Clean
54.81359157640736,0.09627183152814713,88.41869262032496,34.98289441088181,0.18489842358333775,60.309356946267,89.8720751117083,39.143540914899674,Big beat,Above whisper,Clean
49.27894320034233,-0.014421135993153261,87.34102922023482,30.840250798124902,0.035557749580572104,47.38610641352282,88.08174978033254,29.768414416165733,Miss,Sandbag (flat/down QoQ),Mixed
56.57958793344579,0.1315917586689158,87.49457675900322,35.90019806105379,0.13892036777995123,59.83681330528401,88.76495937796611,38.30979742917307,Big beat,Above whisper,Clean
50.230944350633756,0.004618887012675188,86.08254042012497,30.77686361266194,0.09942545992164817,51.28052344535179,86.90420735932636,32.0852955938039,In-line,Below (severe),Clean
53.56822256182663,0.07136445123653255,86.95728790133856,33.39854670843864,0.11759281048516476,55.59121323374044,88.24085543196426,35.238798010101625,Big beat,Below,Clean
52.95596352778429,0.05911927055568583,87.39935141416952,33.230367801355605,0.1481879861920952,56.46030103984092,89.21895613522483,36.5702895966754,Beat,In-line,Mixed
50.45720820096089,0.00914416401921788,86.62379547787799,31.51515897523465,0.022713404603089044,47.917315815545074,86.40879050112873,29.726892966565927,In-line,Sandbag (flat/down QoQ),Clean
52.32125137364212,0.04642502747284234,86.48949012225167,32.36707218453824,0.1783508135994319,57.24901847290932,87.75864532966321,36.54770633036549,Beat,In-line,Mixed
48.557592396067676,-0.02884815207864648,85.9526451334323,29.9682650821599,0.1352778184072481,51.18876059376494,87.3485197696074,32.178043262147526,Miss,Below (severe),Clean
51.485177361976454,0.029703547239529032,87.9488257832562,32.351492278210806,0.16622035065663807,55.75427148265314,89.46120940485648,35.876489429505106,Beat,Below,Very bullish
50.15687882751922,0.0031375765503844776,86.52367399214114,31.225703975720688,0.12621365998757442,52.452550500901296,87.56614348671687,33.27356948979332,Miss,Below (severe),Very bullish
52.70513261876909,0.05410265237538179,87.53295001928677,33.23364246613838,0.06938240881063269,52.336088699647206,87.66685605635176,32.8956084158726,Beat,Sandbag (flat/down QoQ),Mixed
49.516094141699206,-0.009678117166015859,86.31981184547128,31.04579200585358,0.11273814608754462,51.16284345410708,87.51506741498496,32.08352846235555,Miss,Below (severe),Mixed
54.24266090449596,0.08485321808991922,87.4916658629641,34.440005282337104,0.1790033676801341,59.38425988702284,88.85056915028048,38.0996601961348,Big beat,Above whisper,Very bullish
50.33220420727109,0.006644084145421827,86.36815522785267,31.590365127307667,0.1372367040574582,53.15108501915077,87.11348608296225,33.428187316617866,In-line,Below (severe),Clean
53.816734806118525,0.07633469612237055,87.72436132571306,34.148067505991214,0.12123912216045361,56.03132645644325,88.64832201028752,35.52914351582966,Big beat,In-line,Clean
50.836564945409236,0.016731298908184755,87.14884231147154,31.492829449011715,0.15433558719839113,54.49085204402182,88.5206586097246,34.47936528407551,In-line,Below,Mixed
55.068835297230464,0.1013767059446093,86.14481824994425,34.147480557202336,0.18065223416960918,60.373061753451,87.96933121761542,38.43386244107366,Big beat,Above whisper,Clean
53.37486808585169,0.0674973617170339,86.44300502255258,33.05113980932051,0.21481338857038376,60.20903976645138,88.29906187692544,38.6595334289291,Beat,Above whisper,Very bullish
49.37914682263006,-0.012417063547398674,86.13424751733237,30.65809487627646,0.11513180852210017,51.13109606391223,87.69157918047097,32.142863081740956,Miss,Below (severe),Clean
52.223228740050544,0.04446457480101094,86.83400148238046,32.76214726678656,0.21419301289670822,58.87985948657051,89.26229235983908,37.85703438624947,Beat,Above whisper,Clean
52.49262626372231,0.049852525274446204,86.71125492429522,32.75789744384945,0.2200669745857387,59.469911162665305,89.00740910623806,38.42550561781098,Beat,Above whisper,Very bullish
52.87876709948355,0.057575341989671014,87.30218437932113,33.45121299529589,0.08724199213097077,53.3854435053384,88.15008773420989,34.106178039761964,Beat,Below (severe),Mixed
49.25906695920247,-0.014818660815950464,86.79793537031092,30.802110670421204,0.07697489575677702,49.26143718178724,87.90034885922297,31.133271500018182,Miss,Below (severe),Mixed
49.47419143360892,-0.010516171327821589,87.35278433167318,31.091819963583266,0.09673952568203034,50.38456544308406,88.31186815582244,32.339955945680906,Miss,Below (severe),Clean
52.74449398327666,0.05488987966553323,86.68064016051686,33.15284147414334,0.1174618838097807,54.7299643494927,87.39778276868444,34.573043726795994,Beat,Below,Very bullish
52.902948465912246,0.05805896931824494,87.19023066501843,33.25635967880405,0.19262829407178875,58.58687081024948,89.25789935958596,37.58940863159469,Beat,Above whisper,Clean
52.834774253597296,0.05669548507194585,86.83517326319149,32.92958064272185,0.24133000465190174,60.9007198150001,88.88521579299075,39.38481851240589,Beat,Above whisper,Clean
51.451901902075846,0.02903803804151698,87.33201991258723,32.37137179267417,0.13880637399282458,54.40848570869911,88.5060310402786,34.94818217147352,Beat,Below,Mixed
52.03130752608212,0.04062615052164235,86.46434957733511,32.42397879007726,0.16937052803584104,56.49788630215774,87.83826733093831,36.10726056492051,Beat,In-line,Mixed
50.90066353899167,0.018013270779833564,86.81465499338337,31.69824188868376,0.1151605953002102,52.707956092366395,87.91307870725458,33.13656511932989,In-line,Below (severe),Clean
52.01661974677535,0.0403323949355071,87.62569318350441,32.85690712196798,0.16088488075481572,56.072071168289334,89.29859655141878,36.040176525252626,Beat,In-line,Mixed
51.60316729170733,0.0320633458341465,86.8969674526151,32.367645833650066,0.13947031963954803,54.600257704845184,88.49100870127023,34.559558193717905,Beat,Below,Clean
52.302381113789146,0.04604762227578288,86.95053083087888,32.53024720935227,0.08726428454530348,52.80461734014977,87.36551602999144,33.21612840798433,Beat,Below (severe),Clean
56.82432689275375,0.13648653785507509,87.39764429471015,35.83553277217457,0.11034393706118159,58.587793497026645,88.3572168647046,37.41448925613655,Big beat,Above whisper,Clean
51.078356238982906,0.021567124779658144,86.95996053381957,31.756513478706832,0.06467067081888364,50.49722581547785,87.05641944872139,31.642469186218026,In-line,Sandbag (flat/down QoQ),Clean
51.42365464096964,0.02847309281939286,86.1479193929854,31.960808899843883,0.18955059504968041,56.801679050809355,88.27988369236195,36.33287305099211,Beat,In-line,Mixed
52.21039036916086,0.04420780738321727,86.89605531374582,32.65572623877042,0.1724126929140208,56.83982977288585,88.59273389482915,36.09989807635087,Beat,In-line,Clean
55.353901603416624,0.10707803206833248,87.38236466170238,35.643192037535776,0.18269594916227905,60.79063268263906,88.73496947842855,39.00776830070442,Big beat,Above whisper,Clean
51.32425114940068,0.026485022988013522,86.47116545538495,32.1643861525208,0.16275021054493555,55.414620699310596,88.3187005056064,35.48674018165693,Beat,Below,Clean
51.53137857002492,0.030627571400498398,86.12054702483489,31.86757449456919,0.007240230793271185,48.19701495511252,85.51117293435505,29.637156388456123,Beat,Sandbag (flat/down QoQ),Mixed
52.96105021034341,0.05922100420686805,86.99050877787887,33.452387536294985,0.08239546019943608,53.230171721136514,87.53210558817734,34.039464821024964,Beat,Below (severe),Clean
51.79275981869672,0.0358551963739344,87.85283501668584,32.79041650569513,0.14872598276514276,55.24599685693344,89.15450108742485,35.14500907595143,Beat,Below,Clean
52.18216625820388,0.04364332516407754,85.39241998667447,31.890981749254784,0.21216353239070812,58.73522476653337,87.70462614481134,36.81184717804724,Beat,Above whisper,Clean
55.31004816998233,0.10620096339964658,88.3454743561452,35.15834633530899,0.16761528900951755,59.96793945918681,89.85380494203281,38.944501228984606,Big beat,Above whisper,Clean
51.69462942478433,0.033892588495686576,87.63755691713303,32.41069592579907,0.045939908533468105,50.20737054564256,87.70815087484104,31.405045424078207,Beat,Sandbag (flat/down QoQ),Mixed
52.98395303662004,0.05967906073240103,87.49941149419696,33.85688003062229,0.13525585270807797,55.853889728401924,88.8357994493899,36.18656894157093,Beat,In-line,Clean
53.4137187920796,0.06827437584159207,87.63177727331309,33.776755820668285,0.2807553911773234,63.52348628394365,90.1057445443275,41.966985543905736,Beat,Above whisper,Very bullish
52.283780225274676,0.0456756045054935,86.58436717700904,32.775601026541466,0.09924835521129034,53.36765517280022,87.83696420844795,33.805295948097495,Beat,Below (severe),Mixed
53.13817835960286,0.06276356719205714,86.74635152358393,33.39604627494826,0.22580642006765783,60.48446874219423,88.56380926907208,38.56341042173964,Beat,Above whisper,Very bullish
52.94332590184159,0.05886651803683178,87.86139078624583,33.785836194061915,0.09315964468063681,53.74154252170629,88.12090762258158,34.28369326826979,Beat,Below (severe),Mixed
51.65101406834118,0.033020281366823646,86.78740174603672,32.5987615610589,0.13045860360409214,54.21866657854427,87.7189393751831,34.054198833482005,Beat,Below,Clean
51.919306493887355,0.038386129877747074,87.35736406741545,32.69489557959293,0.17482845136318922,56.63940141234556,89.13604806501566,36.051635160261256,Beat,In-line,Mixed
53.64649808003242,0.07292996160064856,87.9886165391891,34.09417094631552,0.19446046117972612,59.50157649182761,89.27053942447436,38.33475726683742,Big beat,Above whisper,Clean
54.22575956273838,0.08451519125476775,87.24718818969689,34.19986750790457,0.25275623500820404,63.07939707668509,89.67105398441049,40.89152880615707,Big beat,Above whisper,Very bullish
52.56719964509951,0.05134399290199014,85.98986600886917,32.395706166956856,0.15354683929518836,56.307389358260565,87.95930171651122,35.70944082853172,Beat,In-line,Mixed
56.64075021630999,0.13281500432619966,88.35321224535979,35.875350510458695,0.22784369359057788,64.57841738523999,90.1617552555026,42.17845872486465,Big beat,Above whisper,Mixed
56.712592337463796,0.13425184674927595,87.44096149210739,36.292674306379176,0.144566428925995,60.27480576633907,88.69874762354924,38.6220551603648,Big beat,Above whisper,Very bullish
50.81248054924239,0.016249610984847843,86.36121699561772,31.407543732163628,0.1301609084860244,53.32440209567735,87.65022197907902,33.08852558257701,In-line,Below (severe),Mixed
51.4507373527497,0.02901474705499403,87.00164346814874,31.90181220452603,0.09245275923917054,52.19267855833689,88.00814547143366,32.88749696729873,Beat,Below (severe),Clean
51.85967515260571,0.037193503052114225,85.33589237828721,32.118843969885695,0.09623258959646254,52.78953270330283,85.95221063489812,32.57960959402274,Beat,Below (severe),Mixed
52.077288668031706,0.0415457733606342,86.50987945131526,32.46702642229655,0.20732528014776447,58.383210906862566,88.78462993092467,37.16044823505886,Beat,Above cons < whisper,Clean
48.3202786892704,-0.033594426214591994,84.06691619767258,29.05929802114943,0.07895553675328376,48.411472784303584,85.44550184559516,29.868473607822875,Miss,Below (severe),Very bullish
52.90722240380828,0.05814444807616558,87.88857039373619,33.78423072378545,0.23634049969335058,60.73910308524644,89.89199167731451,39.14811070078457,Beat,Above whisper,Very bullish
50.36729810464606,0.007345962092921372,86.53633199514947,31.45620141197055,0.17628081238301108,55.01422302263677,87.83159532467192,35.190570478020604,In-line,Below,Clean
52.44842805836124,0.04896856116722478,86.62220777882119,32.742628719539354,0.04715852178112369,50.998831367098795,87.09764825211028,32.34697593552386,Beat,Sandbag (flat/down QoQ),Mixed
57.64317245031376,0.1528634490062752,87.3618993652615,36.64266068610439,0.11618410987231877,59.74465076512219,88.42568965936188,38.10023198413539,Big beat,Above whisper,Very bullish
55.2468617665429,0.10493723533085808,88.21232153638097,35.254445740920815,0.19869175892204569,61.49367519829895,90.2440161063343,39.83344039608368,Big beat,Above whisper,Very bullish
52.77510624585899,0.05550212491717993,88.35363606777283,33.53225145141412,0.15253437288513727,56.48047226808775,89.59143735870457,36.56782163552003,Beat,In-line,Clean
53.62818651296229,0.07256373025924578,87.11943004456809,33.83072175977182,0.09637153666594572,54.59667316612266,87.7950434383615,34.96473754933005,Big beat,Below,Mixed
52.20672250010341,0.04413445000206811,87.24932470271833,32.5627836077659,0.16462276696431466,56.458199211336535,88.92779521122259,36.15231947081683,Beat,In-line,Very bullish
53.696822773135,0.07393645546270006,86.96565378136644,34.045303708526546,0.14901592990043222,57.291468697702946,88.34791380211688,36.44956744087077,Big beat,In-line,Mixed
54.19341619943078,0.08386832398861552,87.41291580671586,34.332976717721834,0.1681107196214865,58.78220251007353,88.6011286840184,37.50337814783019,Big beat,Above whisper,Very bullish
53.9095180262496,0.07819036052499209,87.82037600888941,33.95335259467882,0.1677089556215098,58.45415363588439,88.94135013288368,37.67587857242207,Big beat,Above cons < whisper,Mixed
50.2036304157507,0.004072608315014015,86.42584617971933,31.490718564096547,0.11959324360751386,52.192813602468654,87.54453424002962,32.85842083719944,In-line,Below (severe),Clean
53.647767816080105,0.07295535632160201,87.26356123982458,33.90477049110677,0.13161279843471307,56.37217919183513,88.60847390958287,36.05465811928264,Big beat,In-line,Clean
50.86473456812306,0.017294691362461215,87.54325699740288,31.96045315352344,0.06860921666069598,50.47205815088934,87.96288357973442,32.15047675313123,In-line,Sandbag (flat/down QoQ),Very bullish
56.47548640374581,0.12950972807491615,88.34169123777525,36.25520865971536,0.16069639015885662,60.86868654405811,89.96304945486435,40.032806417888914,Big beat,Above whisper,Clean
54.38093090465001,0.08761861809299999,87.9722305411382,34.461872603430756,0.20485206677670828,60.84090720844401,89.4995467182967,39.27975564260608,Big beat,Above whisper,Very bullish
52.05571983639753,0.04111439672795049,85.9386492437569,32.089794271211844,0.10110946461921383,53.2248282423218,86.67594595355318,33.50031592091114,Beat,Below (severe),Mixed
51.87193184652723,0.0374386369305445,86.56790015724707,32.386312093176606,0.09757778093128114,52.866802716677874,87.09501497806728,32.934825772152536,Beat,Below (severe),Mixed
47.92951701717493,-0.04140965965650151,85.22777310171391,29.28468521636291,0.10579402873954963,49.21444702382247,85.86874739934323,29.953781471828634,Miss,Below (severe),Mixed
54.28881435296993,0.08577628705939849,87.60281063383479,34.22714944609016,0.038182961809317656,52.33588478679091,87.63435008666715,33.00637459877678,Big beat,Sandbag (flat/down QoQ),Mixed
52.710644385880286,0.05421288771760576,87.15694699399306,33.23973357920491,0.20738819990828897,59.096337895282964,88.81915165044843,37.92482691125225,Beat,Above whisper,Very bullish
56.05435389910255,0.12108707798205096,87.1674983378737,35.55177466930404,0.15939660086057472,60.34713970447982,88.37206497526162,38.48155738766906,Big beat,Above whisper,Clean
50.94853376998457,0.018970675399691495,85.97162387491693,31.856055710025426,0.16198236737856286,54.97263374990523,87.58051617860839,34.48810999003664,In-line,Below,Mixed
51.52487353222046,0.030497470644409327,86.10101635479796,31.844704024382366,0.13131133572065157,54.12705396296154,87.39207489386163,34.02441070045762,Beat,Below,Mixed
51.27990939833283,0.025598187966656628,86.18764647955007,31.690935996518096,0.03477758548948115,49.27306505766005,86.54214369221536,30.575768882224054,Beat,Sandbag (flat/down QoQ),Mixed
56.35151909357939,0.12703038187158794,87.97347737802411,35.56456943840138,0.19260514347525357,62.40474640552912,89.55848871177923,40.04355843572601,Big beat,Above whisper,Very bullish
52.96516488522438,0.05930329770448759,86.26921514234496,32.85430855603272,0.14828574150585835,56.47491908890921,87.97831140147272,36.22657180430899,Beat,In-line,Clean
52.21106607675865,0.04422132153517305,87.20557906541096,33.02850450620688,0.15221496577972338,55.861345162029956,88.70123404618153,35.77618114098713,Beat,In-line,Mixed
51.672992958447104,0.033459859168942015,87.06122849404983,32.579623741056324,0.23174640937942592,59.10173614285161,89.34443087945245,37.93921046702509,Beat,Above whisper,Very bullish
53.74761967623667,0.0749523935247334,87.65476900105678,34.1969515621699,0.18353723755192364,59.0685729368471,89.103751792113,38.183549909596486,Big beat,Above whisper,Clean
51.19314775775396,0.023862955155079257,85.95371633230576,31.637764305787236,0.1156364376709104,53.03344521207682,86.79470751025745,32.946112065097914,In-line,Below (severe),Clean
51.38360598318034,0.02767211966360663,87.17124228006547,32.22656986508039,0.09383804969450224,52.19067597241897,87.53631731255143,32.72563306400888,Beat,Below (severe),Mixed
51.34226828509193,0.02684536570183858,86.78229437744794,32.15669330455696,0.2026504203948202,57.33631478444021,89.19073165045643,36.54683247432228,Beat,In-line,Clean
51.54391867686516,0.030878373537303317,87.06994402333287,32.36582992356351,0.09128258144915244,52.23119630085927,87.30822534209817,32.94249556367094,Beat,Below (severe),Mixed
49.54558315820855,-0.009088336835828974,86.15792291609684,30.712870918429363,0.12709105461997144,51.853641889722006,87.7089778562694,32.961803054425324,Miss,Below (severe),Clean
53.040898051798905,0.0608179610359781,87.16510373726972,33.24549414510761,0.05888936323863017,52.152696851983414,87.29853874951317,32.92819293200406,Beat,Sandbag (flat/down QoQ),Mixed
52.138031555260824,0.042760631105216385,87.18792993668737,32.47516441438698,0.1734605022296904,56.811783501667826,88.76409825143399,36.07978717444459,Beat,In-line,Clean
52.92172792384833,0.05843455847696662,85.98800975922116,33.12481740401049,0.1728049003368586,57.633514568855915,87.65284010734031,36.434515181347074,Beat,Above cons < whisper,Clean
51.52364695123887,0.030472939024777282,87.00181900754578,32.158424122361595,0.10636175851505571,52.932093171361416,87.76806982475355,33.43544787927319,Beat,Below (severe),Clean
52.979170405835404,0.05958340811670814,86.25747661989142,33.08877288951432,0.14058477377131315,56.11100401393651,87.24613079241674,35.304541146741734,Beat,In-line,Mixed
52.67071545885392,0.05341430917707843,87.09472481822176,33.373732271162204,0.2670409278102608,61.96909845602962,89.5203908149381,40.431685849662365,Beat,Above whisper,Very bullish
53.02100842979806,0.06042016859596117,88.45133963815644,34.14232359589827,0.20587675220264937,59.36988705498889,90.19757292434288,38.62546908049968,Beat,Above whisper,Very bullish
50.725277058073615,0.014505541161472388,86.57298657285104,31.81044824287409,0.17671104288032988,55.42549411972808,88.15620882257326,35.3693248873018,In-line,Below,Clean
53.4333733073845,0.06866746614768995,87.17156998545596,33.47051654007767,0.18823583056067453,58.95634523216156,88.90608582224543,38.22572079552328,Beat,Above whisper,Very bullish
52.49909701562371,0.04998194031247419,86.6785425988849,32.68268180529311,0.17865466238002334,57.45842650619133,88.36163738566867,36.39905302394366,Beat,In-line,Mixed
51.71733446206268,0.03434668924125363,87.46663498488046,32.57601568062571,0.18735777036480616,57.020766154936716,89.05615446037966,36.60320494251221,Beat,In-line,Mixed
51.45796275296672,0.02915925505933446,86.41293910698018,31.781524020275164,0.20040799657819017,57.35836783512078,88.12217384821743,36.77941022995661,Beat,In-line,Very bullish
52.28455727072787,0.04569114541455747,86.7393154037696,32.92106471879664,0.06705705790256913,51.80556257968117,86.97814311676298,32.519344532437124,Beat,Sandbag (flat/down QoQ),Mixed
53.43362160606701,0.0686724321213402,87.43483557664861,33.77016772234598,0.08965226899828332,54.065205093571855,88.0105977682373,34.10720844383349,Beat,Below,Mixed
51.65423214926002,0.0330846429852004,87.42464299023118,33.11279333416016,0.17140973737711773,56.18625119378269,88.85966823585161,36.14092553466023,Beat,In-line,Mixed
51.72044128282414,0.03440882565648273,86.53606334456674,32.23227978940401,0.12089798460836017,53.832385654331716,88.07303362313091,33.98336143112878,Beat,Below (severe),Clean
51.26162752355721,0.025232550471144054,87.15886995603998,32.401265126929374,0.24297175335567198,59.16555825404833,89.40984354434653,38.457400562501434,Beat,Above whisper,Clean
52.033349899905325,0.04066699799810646,86.42616069902611,33.123291181565435,0.2034583006342526,58.14711207207269,88.06255178411408,36.79873444736279,Beat,Above cons < whisper,Clean
53.738181723188575,0.07476363446377142,88.06967555095979,34.289370212022604,0.22542955985063096,61.14861663506161,89.89037919064637,39.89746340006108,Big beat,Above whisper,Clean
50.118721818828114,0.0023744363765622945,86.17454872097571,30.992149198519357,0.19748942070101777,55.72973636016795,87.58062217966489,35.40996232252226,Miss,Below,Mixed
50.461136996582155,0.00922273993164322,86.97813922789778,31.966633889304386,0.12677865389032233,52.79720830315656,88.68691316966564,34.25141763664644,In-line,Below (severe),Mixed
52.31810111023882,0.04636202220477645,87.29312767988571,33.363070815161976,0.06356349679758705,51.669078093857095,88.13095851541564,32.65973828781485,Beat,Sandbag (flat/down QoQ),Clean
51.031357715701354,0.020627154314027,86.43040141608954,31.612071875670914,0.18323782320084747,56.06921600290237,88.31165728582312,35.6287333256075,In-line,In-line,Clean
52.66897096936523,0.0533794193873047,86.74092427277141,32.947333014468995,0.15054248480714855,56.26946810766269,88.35913259922349,36.264156208731755,Beat,In-line,Clean
52.57585405503874,0.05151708110077485,86.66696371743954,32.79146275746763,0.11542334241750946,54.45545379906031,87.37413330257746,34.02351496789233,Beat,Below,Clean
53.21102770351035,0.06422055407020708,87.97996220788488,34.0276924112303,0.18950335340002336,58.77364618467374,89.69534922321998,37.883905021698034,Beat,Above whisper,Clean
55.34806063453588,0.10696121269071761,87.07013942164731,34.75258729933761,0.13483126925108055,58.32423062187067,88.05045073596357,36.9833140028132,Big beat,Above cons < whisper,Clean
52.753496821370646,0.05506993642741291,87.25154941530167,33.355649708537726,0.21126961549693649,59.334514395873306,88.89428983426015,38.03503397767439,Beat,Above whisper,Very bullish
55.31505466946759,0.10630109338935177,87.58374286682536,35.21818202670489,0.19919733581575205,61.59554717654762,89.2373156941101,40.02512868003018,Big beat,Above whisper,Clean
51.522675722557985,0.03045351445115974,87.02196067358592,32.5497032901793,0.026420397959466504,49.10650208200705,86.60679399360457,30.530979811656465,Beat,Sandbag (flat/down QoQ),Clean
51.48803032795096,0.029760606559019243,86.07878028757159,31.890955058765176,0.20962811727849284,57.83269996026459,88.19461766195005,36.82549399098154,Beat,Above cons < whisper,Clean
50.40964589318957,0.008192917863791331,87.21344602429168,31.613089205652035,0.08841155175699836,50.94740941654675,87.7927373485642,32.03500529215374,In-line,Below (severe),Mixed
54.79197144391543,0.09583942887830876,89.05914251029401,35.310948917030146,0.19406162914030867,60.75177706569301,90.37758988073212,40.06544885854958,Big beat,Above whisper,Clean
50.325098553147306,0.006501971062946126,86.31836305724046,31.54652993780213,0.13064347557348582,52.835476884086624,87.35374379188899,32.993782451242616,In-line,Below (severe),Clean
55.35551861677488,0.10711037233549754,87.08931668003638,34.34841968557021,0.19686022243486878,61.5204741586228,88.83925684011787,39.16676486519569,Big beat,Above whisper,Very bullish
52.719851332720815,0.05439702665441636,87.27174276003916,33.60849020557352,0.20328611125848586,58.90584597511262,89.31629539892887,37.85447195217971,Beat,Above whisper,Clean
53.436191479364794,0.06872382958729578,86.65102295814724,33.46416439783247,0.18072661962541625,58.586852750294945,87.93712226716521,37.35033960928698,Beat,Above whisper,Clean
52.821824009358394,0.056436480187167855,87.37566633868452,33.470401663296016,0.13663669657145208,55.7507075810989,88.57549612539734,35.342422348330395,Beat,Below,Clean
49.174952823348406,-0.01650094353303187,85.92334536498537,30.602140933969476,0.023666272326950982,46.74311631649283,85.83833953856097,28.901678463169127,Miss,Sandbag (flat/down QoQ),Mixed
54.783602163240616,0.09567204326481235,87.12796241398127,34.32266459956374,0.1948178460159053,60.78096656698434,89.32384741723526,39.03585122688291,Big beat,Above whisper,Very bullish
50.84320418262328,0.016864083652465674,86.81231407767102,31.72042271623306,0.022288641877927867,48.263827998820695,86.67370999346956,30.282515994943676,In-line,Sandbag (flat/down QoQ),Mixed
51.96868407430433,0.03937368148608645,86.01657475108468,31.89969542535367,0.16024637450289486,55.98958605026236,87.97339477299042,35.524580607239514,Beat,In-line,Clean
51.42925150145323,0.0285850300290647,87.39988058437766,32.43528841606011,0.2122497512276954,57.89187610000161,89.39510445069678,37.115816327201266,Beat,Above cons < whisper,Clean
55.143306669259765,0.10286613338519533,87.9826436841764,35.06042468484674,0.2424675795777922,63.61992999818031,90.21391708814768,41.36348753963633,Big beat,Above whisper,Very bullish
55.99834670098749,0.11996693401974982,88.59311213305718,35.693830427193454,0.1476743062194594,59.677302006671674,90.0539683852821,39.04132531786661,Big beat,Above whisper,Very bullish
53.316365725165284,0.06632731450330567,86.90732298103585,33.58876385111585,0.12399835425883302,55.646971092280126,87.37127596527635,35.148361152062236,Beat,Below,Mixed
52.9179308697102,0.058358617394203983,86.40265920666751,32.90036506827834,0.23859369301871736,60.86211432119329,89.1113976691853,39.2159026157636,Beat,Above whisper,Clean
50.54367479573831,0.010873495914766208,87.26810301783175,31.36127062789724,0.09421685299378715,51.35533071846746,87.90163746474751,32.445255602510166,In-line,Below (severe),Clean
56.61811470857455,0.1323622941714911,88.44367520803071,36.14473313770038,0.1883314831784349,62.47529621023522,89.67251526705596,40.45529093436352,Big beat,Above whisper,Very bullish
51.67975637303173,0.03359512746063446,87.49056308238504,32.659767677525565,0.11771249077501775,53.63717284560829,89.05882541324559,34.36047702954089,Beat,Below (severe),Clean
55.802872964665994,0.11605745929331988,87.9976345815751,35.71771484063387,0.225128545854696,63.48242885187875,90.02688795530537,41.336288092807656,Big beat,Above whisper,Very bullish
51.24380070005125,0.024876014001025064,87.34724744115448,32.31214255318631,0.03895106721490284,49.43695846650418,86.84165253478565,30.776330542445244,Beat,Sandbag (flat/down QoQ),Mixed
50.67193525416426,0.013438705083285046,86.66954498055702,31.438356424876964,0.13731632289520218,53.51358914316059,87.52816650150758,33.79434965349105,In-line,Below (severe),Mixed
52.851739692163214,0.05703479384326423,87.66907331396004,33.60649016398397,0.20748676456655943,59.259363579561004,89.19095442255255,38.177407246614735,Beat,Above whisper,Very bullish
51.64677237820629,0.03293544756412585,87.60221067874936,32.9039786536848,0.14783159725652917,55.04738314401943,88.71561679335436,35.1872534092397,Beat,Below,Clean
52.83011510589607,0.05660230211792129,87.3526162317623,33.05742772435062,0.13069984178922106,55.46821687823281,89.02969786803334,35.61537809671751,Beat,Below,Clean
51.266651622971224,0.025333032459424594,86.21931848867429,31.518447488444778,0.19409642785887538,56.84465945904141,88.38720354893299,36.5389902638449,Beat,In-line,Clean
52.29811313623588,0.045962262724717574,87.51185317208684,33.21804108992683,0.18926776689900748,57.75385592095126,89.52946965981596,37.31934752757205,Beat,Above cons < whisper,Clean
51.52217098445535,0.030443419689106955,86.7429794682671,31.933090884049562,0.07703509491298748,51.52753015091132,87.59356491581592,32.337837627186445,Beat,Below (severe),Mixed
51.48026873655819,0.02960537473116373,85.14021177315091,31.42015424534755,0.1011742922859859,52.639552171766695,86.40422081017157,32.91048222126071,Beat,Below (severe),Mixed
51.916879353859755,0.038337587077195076,87.03493153205768,32.937798672352095,0.19243019996408517,57.48530805590325,88.99760400521295,37.030874144046194,Beat,In-line,Mixed
50.26946411454528,0.005389282290905544,85.61754786747342,31.084647030428854,0.11152204364728222,51.88450195096357,86.5393559492231,32.30369313208805,In-line,Below (severe),Mixed
51.05519275500093,0.021103855100018765,86.54267063901462,31.86614686234891,0.02853818256085873,48.761342654628486,86.81588804320522,30.307235808755312,In-line,Sandbag (flat/down QoQ),Mixed
50.239681358415154,0.0047936271683030225,87.40290855482652,31.903083597698384,0.17559133647131134,54.84266742688695,88.94685057705271,35.0355346228837,In-line,Below,Clean
50.93165480063456,0.018633096012691183,86.93841841694545,32.46229425595777,0.1269857265280988,53.29930170385923,88.48313200386512,33.71923957934319,In-line,Below (severe),Clean
51.3485003148746,0.026970006297492008,86.83851515911863,32.451581529914776,0.10457716133724826,52.6670678083912,87.67420766496622,33.224464723182024,Beat,Below (severe),Clean
50.16697544361912,0.0033395088723824793,86.1778618914973,31.230644590401994,0.08680063694769173,50.627107946874155,86.83769696270485,31.419552030185905,Miss,Below (severe),Mixed
51.09953204659422,0.021990640931884374,86.51115903090492,31.73368889929723,0.1669806652062975,55.37272547807468,87.80128517258655,35.46158252972452,In-line,Below,Mixed
51.80794942947969,0.03615898858959394,87.0658882229756,32.866745896211604,0.06588439433756563,51.276907313832744,87.33465895904229,32.21751970483966,Beat,Sandbag (flat/down QoQ),Clean
50.94529556533036,0.01890591130660729,86.7557048010468,31.932963437891456,0.16345532939999557,55.038820230960035,88.41797450663056,35.42237494003658,In-line,Below,Clean
55.851329773242206,0.11702659546484413,87.65429963918051,35.310158947314356,0.19610995884767757,62.032593774042184,89.18965517848218,39.878848601239746,Big beat,Above whisper,Clean
51.731427230138905,0.03462854460277817,86.31790786524512,32.262483623884414,0.20844628208935037,58.04931869604877,88.6551921765543,36.97482087363153,Beat,Above cons < whisper,Mixed
52.4721059889462,0.049442119778923876,87.13996496751636,32.925621777396934,0.08984539660817131,53.10173436507557,87.66547830430402,33.387230446421015,Beat,Below (severe),Mixed
50.678547236154536,0.013570944723090816,87.53931004163513,32.25126333988059,0.1815906727652798,55.60406310042522,89.0413004417549,35.74310731918927,In-line,Below,Very bullish
50.44930013516872,0.008986002703374346,87.94357866489554,32.11856599696721,0.1989201201470772,56.16434662372155,89.79999756079624,36.139914291179565,In-line,In-line,Clean
50.29324378897619,0.0058648757795238815,86.47241222203927,31.240139703135114,0.09576017987954949,51.17295287086783,86.97832072692138,31.944142441041958,In-line,Below (severe),Mixed
54.348449976362886,0.0869689995272578,86.89130281127352,34.39468538183857,0.24047892677544142,62.602527834402586,89.39687811808979,40.74962110370568,Big beat,Above whisper,Very bullish
54.9101494487193,0.09820298897438612,87.4766841798152,35.102007155432894,0.20424530650999076,61.40205477099792,89.38819117749797,39.853645333936576,Big beat,Above whisper,Very bullish
50.97730697270371,0.01954613945407406,86.79819588013203,31.77269502962358,0.14982372788556667,54.428137345141,88.55516004633299,34.506887151138315,In-line,Below,Mixed
52.557994786309,0.05115989572618011,86.78157615865622,32.976527662805765,0.11307547610810859,54.32237113648277,87.32613190163849,34.3249887404453,Beat,Below,Mixed
50.39606531255693,0.007921306251138484,86.35541630415129,31.755882726368498,0.13714175534886372,53.21407944561147,87.4482996485668,33.72411358791069,In-line,Below (severe),Clean
52.648230584752945,0.05296461169505881,87.49662271270707,33.75016687340891,0.1240230442738685,54.95083695911327,88.33585478304751,35.074227530797415,Beat,Below,Clean
51.944185657390584,0.038883713147811694,86.99226099225488,32.64133545302905,0.14449246516339262,55.20331987293675,88.54397169711743,35.391426298723005,Beat,Below,Clean
53.983700239981346,0.079674004799627,87.28225666678952,34.224263362865145,0.2061293567311813,60.46051666981636,89.85480372936257,39.5571060791956,Big beat,Above whisper,Very bullish
51.01221277875592,0.02024425557511842,87.13834053412215,31.94549572477784,0.10632909712049968,52.405131355237,87.67202892801774,33.15450081829881,In-line,Below (severe),Mixed
54.518461982518204,0.0903692396503641,87.76439575637346,34.372060926281385,0.21062151901257392,61.286850169540784,89.24708025757113,39.388831759957206,Big beat,Above whisper,Clean
50.66798470754039,0.013359694150807835,86.53732342497268,31.656876902167035,0.13182170185985573,53.250901489961976,87.36349034836245,33.69265103572659,In-line,Below (severe),Clean
52.09983785901243,0.04199675718024873,86.57867931166396,32.46353016089549,0.14938630273397024,55.605494294823224,88.12463066706914,35.370894286605846,Beat,Below,Clean
57.19569845618654,0.14391396912373086,87.88912111866564,35.985152515399676,0.20011275425904812,63.738338119879444,89.39520153203463,41.15683436713627,Big beat,Above whisper,Very bullish
50.497068738092175,0.009941374761843544,86.98182197413567,31.892659117726684,0.10118639585112352,51.63477904440715,87.81224727467304,32.9297709728138,In-line,Below (severe),Mixed
54.27371355826844,0.08547427116536879,87.68621590652428,34.106278874427176,0.1570086319543417,58.309786855481555,89.05968441195388,37.64525217325241,Big beat,Above cons < whisper,Clean
50.45255606261916,0.009051121252383262,85.4884297354818,30.997609818435333,0.1069393439921408,51.85878221706219,86.50958894189745,32.451348285757504,In-line,Below (severe),Mixed
51.66756641704191,0.033351328340838225,86.5383271965024,32.443467006603825,0.09598139106971851,52.58192764958404,87.99084113120212,33.4510494133268,Beat,Below (severe),Mixed
56.71457777097204,0.1342915554194409,87.59407500877703,36.06898972927818,0.24761556867568704,65.70384804093757,89.73775137374855,42.44332997863082,Big beat,Above whisper,Very bullish
53.65562096958857,0.07311241939177135,86.81264839711208,33.91398319753921,0.10363120326691935,54.986301994650724,87.88886337842675,34.54688153525849,Big beat,Below,Mixed
55.53573942525316,0.11071478850506329,87.27312799236292,34.58753011113705,0.17813312506915646,60.75503036766417,88.72338207048357,38.771109218305725,Big beat,Above whisper,Very bullish
52.640358536707275,0.052807170734145516,87.9860574680099,33.60719845026122,0.10424248015793244,53.97574006219241,88.6153324958501,33.95774135028476,Beat,Below,Clean
50.98786504656668,0.019757300931333578,86.44408989721613,32.05952704660986,0.061608995461846824,50.26280646477059,86.68407740495942,31.284196514958936,In-line,Sandbag (flat/down QoQ),Clean
53.617363790052806,0.07234727580105611,87.29428799212225,33.92618761891091,0.15698282376135148,57.60334260613673,89.07452191326358,36.92565451523172,Big beat,Above cons < whisper,Clean
54.97001643761925,0.09940032875238498,86.82525650201741,34.3961180672787,0.1566355916516953,59.03882909361278,88.6279252076917,37.81820986989424,Big beat,Above whisper,Clean
50.3846613412706,0.0076932268254120565,86.48998382511253,31.17152637305733,0.1490472372338443,53.7590447764963,87.66258359669877,33.88071162354179,In-line,Below (severe),Clean
50.471342518612786,0.009426850372255626,86.31326226837952,31.465463228678765,0.15148769010179433,53.9659060693015,88.05689165320362,34.30150422186485,In-line,Below,Clean
56.4198133775625,0.12839626755125,87.63194341792274,35.751320023236175,0.1273827451403609,59.063386651195884,88.87654865291958,37.85433929378607,Big beat,Above whisper,Very bullish
55.63021080207952,0.11260421604159042,86.842738429915,34.77377337658594,0.16342331659849063,60.09852118625506,88.43749080012554,38.311554392386896,Big beat,Above whisper,Mixed
52.24209804614315,0.044841960922863064,87.00609012180934,33.26857249574185,0.10449617077938117,53.57968315648567,87.66806019552604,33.84836871635669,Beat,Below (severe),Clean
54.42947348499977,0.08858946969999533,87.95458638338944,34.697723674864356,0.13302454870907407,57.26493465811335,88.86487823365415,36.60970814476094,Big beat,In-line,Clean
51.05585578621803,0.02111711572436051,86.2167493376721,31.929276693195995,0.07753878791923345,51.08504603434195,86.46458420755387,31.84991484656359,In-line,Below (severe),Mixed
54.9430675479474,0.09886135095894803,88.30845345709773,35.09621572884465,0.18964263100268985,60.69385718787731,90.04081107052154,39.85391186995519,Big beat,Above whisper,Clean
48.68550346090544,-0.02628993078189124,86.10571982060496,30.380393327638597,0.1554163152045344,52.23402322605719,87.71221382132705,32.70210716995081,Miss,Below (severe),Clean
51.9611940737169,0.039223881474337884,86.9966422680514,32.66005137081697,0.22542289126819026,59.126262627307305,89.29805800886706,37.927338351983416,Beat,Above whisper,Clean
50.4000371672922,0.008000743345844002,86.14678849325695,31.440890836635553,0.12649492485053096,52.72000136114473,86.98358491069713,33.11444480060233,In-line,Below (severe),Mixed
55.43136781142667,0.10862735622853342,88.7629411086627,35.58886891604729,0.13669778478171987,58.508090641621614,89.90702513808584,38.28165078899955,Big beat,Above whisper,Very bullish
51.2681723259102,0.02536344651820395,87.13169429211665,32.1028289790463,0.07961374812700577,51.39626484979735,87.29955805656775,32.45216428416215,Beat,Below (severe),Clean
51.08925437545353,0.021785087509070555,86.95488920731044,31.644489093836704,0.09421335598596704,51.90950559320106,87.9012260664173,33.02604840695437,In-line,Below (severe),Mixed
52.28236752176073,0.04564735043521451,87.21873801836256,32.958658860654275,0.19114341879441754,57.82752670735514,88.82904171495329,37.40558828473836,Beat,Above cons < whisper,Very bullish
51.867032199824,0.037340643996480107,86.19250508857643,31.972348466640153,0.11435652875502986,53.66991124766257,86.90084789016537,33.39345795803393,Beat,Below (severe),Clean
51.2265761374316,0.024531522748632097,87.01778373696037,32.30828029862012,0.1967095256074622,56.92452222592601,88.81771635743794,36.326685451863995,Beat,In-line,Clean
50.74035759170344,0.014807151834068973,86.59055628830284,31.57340239853242,0.20086548764588197,56.58003395820972,88.56222270959783,36.5110073261489,In-line,In-line,Mixed
54.35346154936068,0.0870692309872137,86.54663550655908,33.93699953790012,0.07162908013343613,54.086267859194514,87.44078026291658,34.167407268671454,Big beat,Sandbag (flat/down QoQ),Clean
50.426588487366374,0.008531769747327451,85.86851223350553,31.14647557749921,0.11594059717715624,52.253571750898466,87.23347556561417,32.92716382970918,In-line,Below (severe),Clean
52.235148189499284,0.044702963789985596,87.05905148682868,32.5612909552432,0.16709596657339595,56.60889999637622,88.37969432566982,36.02791656761415,Beat,In-line,Clean
51.94109171934208,0.038821834386841704,87.20349974635694,32.934913098674926,0.145978063878685,55.271683743971344,88.16778480398973,34.69202074071067,Beat,Below,Mixed
48.07694165994972,-0.03846116680100569,85.48415857138927,29.580876757511177,0.16132306379607694,51.84479967315819,86.9664586733494,32.32702596525369,Miss,Below (severe),Mixed
50.84863033889584,0.016972606777916857,87.62600794717088,32.26634949862462,0.07526940246077032,50.77054947756361,87.9910537775412,31.848538608166173,In-line,Sandbag (flat/down QoQ),Mixed
51.07589371052882,0.021517874210576392,86.7200073558612,32.08149058608391,0.10846699241277608,52.57194640852561,87.29963875519343,33.203923663717454,In-line,Below (severe),Mixed
53.25472217749604,0.06509444354992075,87.15898231537653,33.2067753662583,0.06952298038282875,52.8887813839683,87.133883468809,32.70810233220554,Beat,Sandbag (flat/down QoQ),Clean
53.63903030642094,0.07278060612841887,87.44111674980034,33.98892578776016,0.12384982925767651,55.976342547745766,88.66315695499108,35.86096109196874,Big beat,In-line,Clean
51.86129338309271,0.03722586766185431,87.07356259513482,32.586701816544284,0.06402908410633146,51.24035846334031,87.8410748081735,32.468908418992136,Beat,Sandbag (flat/down QoQ),Mixed
51.82021875911378,0.03640437518227548,87.10333473296949,32.37046504466117,0.11154101882480386,53.485991701284576,88.12500250126214,34.00044381165611,Beat,Below (severe),Mixed
52.99389859656759,0.05987797193135183,87.38017823431919,33.707973617721564,0.06345240704595703,52.33102551974994,87.66583849340037,33.11806301721493,Beat,Sandbag (flat/down QoQ),Mixed
55.25540001294996,0.10510800025899929,86.86056485773823,34.632987271542845,0.2101353450447688,62.09033309166807,88.81536368588667,39.70721498645277,Big beat,Above whisper,Very bullish
51.35371475550679,0.027074295110136024,86.86389018736149,32.11042132157321,0.14461966524259973,54.581866664382694,88.11209394975911,34.50977334919339,Beat,Below,Clean
52.713089675330714,0.054261793506614316,87.80651076996033,33.13609754100227,0.2107391207938208,59.26309985870462,89.72488339192508,38.625951933038394,Beat,Above whisper,Very bullish
50.12983567517465,0.0025967135034929843,86.05213185158527,31.238096029534464,0.14484862951049113,53.29171126528769,87.26567249830174,33.48561147890318,Miss,Below (severe),Mixed
52.18147466953829,0.04362949339076582,86.10770077120888,32.607644728419174,0.12339837819173007,54.43339944288272,87.52993002648289,34.01182552722317,Beat,Below,Mixed
51.24979149560633,0.024995829912126753,86.88461516513242,31.919036106462528,0.1316601845136832,53.85468075019096,88.22524801887775,34.64310044968437,Beat,Below (severe),Very bullish
51.781984995111245,0.0356396999022249,86.8690038780806,32.757029499283284,0.06243570362068725,51.085384687217115,87.55207694657372,32.12606653070488,Beat,Sandbag (flat/down QoQ),Mixed
52.20762065218971,0.044152413043794345,86.13267892812941,32.17240869530123,0.1385098128120204,55.19325352922223,87.42554449197335,35.092096390678286,Beat,Below,Mixed
52.738810530509085,0.0547762106101817,87.01278324676501,33.22469329073052,0.13519465873994804,55.5924720209226,88.69280537305923,35.51346841259199,Beat,Below,Clean
51.652750271720826,0.03305500543441651,87.14492995479645,32.67035265681383,0.11408869355641918,53.435334706759036,87.80699618947244,33.81162199548373,Beat,Below (severe),Mixed
50.08601888002695,0.001720377600538947,85.84402525310453,30.945844692916083,0.18118772164398741,54.93520548946557,87.3267765815509,34.621965246426576,Miss,Below,Clean
52.841345697605504,0.05682691395211014,87.5538824574867,33.44275066374496,0.14626504335956952,56.24374545886922,89.3739292852554,35.839903632873586,Beat,In-line,Clean
54.743326047054474,0.09486652094108951,87.1983860939419,34.420943030992774,0.23256510186688903,62.655090871025735,89.17885010344622,40.363709259387804,Big beat,Above whisper,Clean
51.83424684170358,0.03668493683407168,86.48460122137624,32.52074474407836,0.18034373519041183,56.812069347352626,87.78261468917307,35.910512553858155,Beat,In-line,Mixed
54.991932716910476,0.09983865433820953,87.18109147287186,34.66442267677391,0.22126489464849072,62.36259427917496,89.30448495930065,39.95278289732378,Big beat,Above whisper,Clean
49.27856320513697,-0.01442873589726056,85.43340820777901,30.34666737357482,0.15544193241333087,52.87148127513193,86.97157479425498,33.04771760156352,Miss,Below (severe),Mixed
51.87846135221178,0.03756922704423564,87.33554812902823,32.79352955408261,0.11910001696748707,53.91024505239965,88.32869703130949,34.433585222325206,Beat,Below,Clean
51.705359704215645,0.034107194084313015,86.13359826818858,32.28224892991027,0.17152380279403479,56.24734108083645,87.919517181479,35.5988225737201,Beat,In-line,Clean
50.713770995664795,0.014275419913295964,86.98703130680559,31.533714813901685,0.05173434963207736,49.52759960155022,87.14531885726451,31.0502313659867,In-line,Sandbag (flat/down QoQ),Clean
52.9522693174815,0.05904538634963005,86.6949565210015,33.07400209407673,0.13876909938065543,55.993236037913874,88.07796150760312,35.73781119015886,Beat,In-line,Mixed
55.36807603715115,0.10736152074302303,87.90653663541165,35.25964936552234,0.2652722042341229,65.0517099251767,90.2931768809826,41.960611412568454,Big beat,Above whisper,Clean
51.86832213593247,0.03736644271864955,85.90820709808528,32.23015958063582,0.1435563021361427,55.077607612646524,87.04580097509486,34.50631447473191,Beat,Below,Mixed
53.13791040492624,0.06275820809852466,86.87712455348358,33.573722963662554,0.261463960685412,62.243590427520196,89.50376664781942,40.160550522474715,Beat,Above whisper,Clean
49.57015952024413,-0.008596809595117313,87.09066561926645,30.96131272655316,0.059853837766220386,48.7844721057706,87.4384273512915,30.61652759417064,Miss,Sandbag (flat/down QoQ),Clean
53.16688746762874,0.06333774935257482,87.33456604476235,33.715869674107914,0.16840299816499582,57.683182811687054,88.80284480940439,37.08651711960895,Beat,Above cons < whisper,Clean
55.461443785149214,0.10922887570298424,87.39444502367854,35.083887006811345,0.10077637547818996,56.68988656370366,87.76122479904782,35.844842501532,Big beat,In-line,Mixed
51.879262910677845,0.03758525821355697,87.49673150481009,32.55298116440493,0.04389801561177736,50.288326775011264,87.80691152544806,31.481664255882258,Beat,Sandbag (flat/down QoQ),Clean
51.493740739365975,0.029874814787319653,86.54413976773886,31.951275800491732,0.25328362065534815,59.9265288467118,89.3707582911776,38.32099020336682,Beat,Above whisper,Clean
50.093513088162354,0.0018702617632470498,86.4937248229536,31.06684920993449,0.15147439630115406,53.56129790309601,88.64984100640918,33.96033783775195,Miss,Below (severe),Mixed
54.205995318896306,0.08411990637792609,87.01651241112927,33.92910702436556,0.11069422709678008,55.90583706939513,87.73599179102794,35.37675307923636,Big beat,In-line,Mixed
52.092967909489886,0.041859358189797656,86.98494277012524,32.48622717667135,0.1290946114753043,54.616611550763764,88.462531390672,34.9414064255632,Beat,Below,Mixed
50.32040176722911,0.006408035344582172,86.92541089014367,31.20385399238323,0.20097269484508978,56.11675505064271,88.44897472172093,35.87647578209148,In-line,In-line,Mixed
52.50161011093737,0.050032202218747296,87.488610771848,33.27819616667441,0.2347776549592589,60.19725679905652,89.81138423862693,39.023679769802435,Beat,Above whisper,Clean
50.39944922951282,0.007988984590256343,86.82713648539215,31.513753861308604,0.19447023913644174,55.9005963039839,88.74193887921476,35.57396480424031,In-line,In-line,Clean
51.79976545549548,0.03599530910990975,86.92365687252322,32.69266646290087,0.20613457943511532,58.01481058518011,88.5795092701477,37.4369465062079,Beat,Above cons < whisper,Clean
51.48366561012851,0.029673312202570353,87.2414519940258,32.75615725396582,0.15752879458359212,55.33712358054845,88.59607437644983,35.21077894560043,Beat,Below,Clean
52.276927029561136,0.04553854059122282,86.43642431568085,32.92194940775659,0.19146356178382615,57.83704984362879,88.26429152600679,36.548136138085496,Beat,Above cons < whisper,Mixed
53.02114501534009,0.06042290030680178,87.0684560755982,33.45272527950846,0.10171478284172825,54.241737890409816,88.47778821838116,34.692117038389725,Beat,Below,Mixed
51.1283337476918,0.02256667495383601,86.79532905585987,32.003841998692344,0.1784979740564784,55.950735042928386,88.44911651460001,35.677322329933304,In-line,In-line,Clean
52.279577635572636,0.04559155271145285,88.08336152243217,33.20272185990857,0.14756716982520912,55.70901787927486,89.52250964725638,36.22532606321473,Beat,Below,Mixed
51.523763189889536,0.030475263797790704,87.59621190382782,32.355545877844065,0.0933851600589561,52.311366772058754,88.37876637550262,33.022487029571614,Beat,Below (severe),Clean
52.46713925004578,0.049342785000915546,86.86502447872995,33.09763672991554,0.15218618630402353,56.13391928745008,88.2517268394942,35.72140869971145,Beat,In-line,Clean
53.0866871862624,0.06173374372524805,87.66597177095154,33.90763117049464,0.0817523137783438,53.32474335924034,88.5374501025609,33.50840810217168,Beat,Below (severe),Mixed
52.98295348589519,0.059659069717903704,87.89932485861868,33.51371147777524,0.14803103641647497,56.481355359759704,88.48159577803065,36.32518552993368,Beat,In-line,Mixed
51.1697894929861,0.023395789859721856,87.56155634242221,32.49524994525376,0.10868062686055074,52.67874327059152,88.65329191424658,33.491336098607285,In-line,Below (severe),Mixed
51.44207052171215,0.02884141043424304,86.89934668873246,32.331186528893646,0.13636707954234317,54.28157005548578,87.76779327830442,34.56913832283759,Beat,Below,Mixed
51.910995024294,0.03821990048588012,87.71305432286944,33.00024903259128,0.16244572575810606,56.03344897970938,89.54148256935181,36.70795404896253,Beat,In-line,Mixed
54.931898481443376,0.09863796962886749,87.03984883164756,34.62365750459597,0.1012232520062776,56.171406464284225,87.78507550641068,35.80037967909216,Big beat,In-line,Mixed
50.238344743774555,0.004766894875491046,87.01485291459457,31.189550488817055,0.09313061767493402,50.994424762105076,87.86237294673033,32.12087831537132,In-line,Below (severe),Mixed
51.05291542280086,0.021058308456017204,86.12802098312602,31.372621543393617,0.16398237390868525,55.18007271102029,87.55290389605145,34.831098043664966,In-line,Below,Mixed
51.740068946515684,0.034801378930313744,86.61158948458447,32.41314898432911,0.03182300908557914,49.57326551421135,87.18825292006039,30.72245652503113,Beat,Sandbag (flat/down QoQ),Mixed
51.70382535553644,0.034076507110728696,85.95369638733939,32.20380570470656,0.1889851141140175,57.08400164116346,87.6713336110297,35.63831402591639,Beat,In-line,Clean
55.28624711455134,0.10572494229102675,88.42569107571144,35.5175471500392,0.22407280814325517,62.84050663169574,90.2496968154376,40.726504645820505,Big beat,Above whisper,Mixed
54.91485103433644,0.09829702068672894,87.53034464597822,34.83905982191781,0.10712044214391825,56.45468600330183,88.05452305773976,36.16404064547608,Big beat,In-line,Clean
49.90268165908558,-0.0019463668182884098,86.12275059210467,31.129754615083183,0.1598616001213135,53.7459038994907,87.5496473591045,33.9190014128071,Miss,Below (severe),Mixed
51.632086845639805,0.03264173691279595,87.09819693417612,32.440872919349545,0.14769557321740714,55.0252091152377,88.46092980765583,34.999207169054266,Beat,Below,Mixed
51.656929710794394,0.03313859421588798,86.52055972587154,32.16429274210001,0.10142125994666207,52.832037706536525,87.52051638278586,33.279119209449384,Beat,Below (severe),Clean
55.13246360627762,0.10264927212555226,86.85074484775053,34.49829769421097,0.1907701444671562,60.96079939232904,88.56790503282033,39.19273372289666,Big beat,Above whisper,Clean
48.79005093713814,-0.024198981257237216,85.44483408118538,30.09530867121589,0.16243594130736344,52.66421530272165,86.99405678278505,33.489511127470806,Miss,Below (severe),Mixed
50.83589976426833,0.01671799528536672,86.36185461812227,31.990014238198412,0.13725431855627923,53.683821791421984,87.59083439396291,33.88564570692725,In-line,Below (severe),Mixed
52.448880217091286,0.04897760434182584,87.18343078612489,32.94895518607332,0.11004527928164978,54.062015325120115,88.14723220637116,34.40494700754533,Beat,Below,Mixed
53.71844547199793,0.07436890943995858,87.39773326737907,33.897423091223295,0.15061220724273436,57.39416346317087,88.68917023863236,36.553523502609224,Big beat,In-line,Very bullish
51.45123270811898,0.029024654162379458,86.64283601616255,31.703181421790617,0.12087089698585107,53.55089011682156,87.9503801631036,34.10037981638302,Beat,Below (severe),Mixed
52.431613677911294,0.0486322735582259,86.27489888759179,32.54475067792628,0.10644381456010207,53.86887502409195,86.71038702909934,33.568045343937435,Beat,Below,Clean
52.88348992799157,0.05766979855983134,87.03293040686944,33.323831219355526,0.11084597724092418,54.54931118832963,88.16266323944669,34.58562318031068,Beat,Below,Mixed
54.16492247449594,0.08329844948991871,87.01786372100958,33.8658691415625,0.16222906805732643,58.45547255686427,88.34403586783795,37.40059655408296,Big beat,Above cons < whisper,Clean
52.704720524312854,0.05409441048625716,87.34206457905648,33.165486577570775,0.12690692307570015,55.150934834931086,88.48745361878805,35.1562514064778,Beat,Below,Mixed
54.66849471666737,0.09336989433334753,87.0125806693686,34.40487772875389,0.16951743488207238,59.368917873479454,88.77754326457323,37.9938339511286,Big beat,Above whisper,Clean
53.69927653158395,0.07398553063167897,86.25545876345056,33.529088087780906,0.1581785333141575,57.75096723813974,87.63980411417353,36.23026101498362,Big beat,Above cons < whisper,Very bullish
56.49649793320324,0.12992995866406473,88.33064560094708,36.3865197495018,0.18782169195036721,62.31435392398161,90.03844023739948,40.71881969112481,Big beat,Above whisper,Clean
51.62597068563358,0.03251941371267154,86.95138379405162,32.05197480901059,0.24719016923164433,59.788302893580166,89.46450673597522,38.37445541635115,Beat,Above whisper,Very bullish
51.66749288880025,0.033349857776004944,87.23816103213919,32.53203444908393,0.15529423815901822,55.427502774942056,88.55976483530219,35.223438321851035,Beat,Below,Mixed
54.19129405755256,0.0838258811510512,87.34267060431591,33.883793033401155,0.245512286499524,62.674785243562475,89.77937192306759,41.05915845043363,Big beat,Above whisper,Clean
49.00376448882202,-0.01992471022355956,85.60244296973286,30.14981263713947,0.09726234411379556,49.929272243876284,86.54941180399416,31.211512135326185,Miss,Below (severe),Mixed
56.80762152768517,0.13615243055370338,88.69182729609794,36.4925569458584,0.18235619483067536,62.369211567793926,90.1847446767145,40.72613618428735,Big beat,Above whisper,Clean
51.54180122603085,0.030836024520616873,85.95408197687586,31.94812030871797,0.12056468281715865,53.630499132481425,87.40353866887416,34.0689604862998,Beat,Below (severe),Mixed
54.890649655479606,0.09781299310959204,87.32663863535377,34.79393507077798,0.2597055386213389,64.20705143313606,89.84749138836973,41.581221481516515,Big beat,Above whisper,Clean
51.32829390095706,0.02656587801914106,86.28558210299157,31.692980257937666,0.1418019340315284,54.420549157604945,87.65686011438196,34.293413362996546,Beat,Below,Very bullish
52.72602175743851,0.05452043514877035,87.00180754615482,32.680081731068306,0.1773214781148638,57.641515165542266,89.00220251491488,37.31012295261739,Beat,Above cons < whisper,Very bullish
53.806461921973394,0.07612923843946788,88.2714099315619,34.249625159302084,0.12511734317051626,56.21439894855224,89.38776751093674,36.03310697507563,Big beat,In-line,Mixed
54.751062386162175,0.09502124772324347,87.63832708155542,34.73236506779346,0.1498640201151122,58.45939979371676,88.93825996721233,37.942511491591674,Big beat,Above cons < whisper,Mixed
51.05700450090234,0.021140090018046672,86.83281109848637,32.09551516688579,0.12358244952467212,53.26912888376491,88.0155028980666,33.813599835062654,In-line,Below (severe),Mixed
49.90710719140834,-0.0018578561718331254,86.30844200572947,30.994735482993768,0.11167153354154402,51.51743107280263,87.7842857076488,32.2878268393369,Miss,Below (severe),Mixed
51.80849265637806,0.03616985312756109,86.36428021220516,32.221177168877276,0.1765905479867085,56.60328399600942,88.10153624447686,36.07311724328161,Beat,In-line,Clean
51.353134302087255,0.027062686041745096,85.83939888621671,31.59319310816023,0.12817972460105256,53.797310277591826,87.57411338099894,33.86077573862863,Beat,Below (severe),Clean
52.7661795371989,0.05532359074397793,87.63722671423973,33.13738747734478,0.13968800686538366,55.84148327331898,88.83816330462373,35.77022325280543,Beat,Below,Mixed
52.48564645985212,0.04971292919704242,86.95531106983559,32.780994596877925,0.22429728424133655,59.668174820844456,89.21697463763543,38.34048501435379,Beat,Above whisper,Clean
51.63595217563225,0.03271904351264488,87.23010219393255,32.472514290668194,0.07599025775842408,51.591225670270184,87.85487052559775,32.48180514578474,Beat,Sandbag (flat/down QoQ),Mixed
51.09611555399728,0.021922311079945488,86.77912702354371,31.431685179968454,0.2150777062651857,57.651054394525325,88.24442065042375,36.81414137034476,In-line,Above cons < whisper,Very bullish
52.63916330975268,0.05278326619505362,87.24182410902073,33.35899709831112,0.15238685545202021,56.32777417442616,88.23927857409839,35.71602246876131,Beat,In-line,Clean
52.261415427465806,0.04522830854931621,87.44963472341215,33.084091942004626,0.1747285978613144,57.00776646254353,89.0803739170261,36.14593295404891,Beat,In-line,Very bullish
51.823206834711264,0.03646413669422537,86.99907739241326,32.54765626666591,0.15465125537444305,55.56360719856958,88.9091033325768,35.44518841597677,Beat,Below,Clean
56.61699129666602,0.1323398259333203,88.0641424307231,36.15809161563923,0.1647434812941762,61.23396643304651,89.64526794635476,39.78956492269306,Big beat,Above whisper,Clean
49.193226550570124,-0.016135468988597527,85.78120923713729,30.035376838493313,0.15722822334552963,52.86151943591109,87.30781910659499,33.373253905109664,Miss,Below (severe),Clean
54.38206439477693,0.08764128789553853,86.67230770923089,34.161695506339996,0.13779306407292852,57.4558545584628,88.13017369542243,36.56483501220872,Big beat,In-line,Very bullish
55.19858508958166,0.1039717017916334,87.68635375268465,35.391648977689265,0.16889265886115548,59.91256225568235,89.26395989032862,38.37311592656353,Big beat,Above whisper,Very bullish
51.35450283431857,0.02709005668637153,86.18512688307763,31.781102513877908,0.12488971980160338,53.641855710715326,87.36304481336208,33.66205058947274,Beat,Below (severe),Mixed
50.664401391089655,0.013288027821793115,86.79185392385916,31.633071941695682,0.2318598738276489,57.953482883382414,88.88208779607338,36.83517467158358,In-line,Above cons < whisper,Mixed
57.72167284964726,0.1544334569929454,88.62993776208245,37.22172525458917,0.22863448712751022,65.85320663792771,90.78771029935817,43.0900638687275,Big beat,Above whisper,Clean
50.250917131983684,0.005018342639673774,85.9209222722138,30.95103427133158,0.147058729823229,53.52355652230372,87.47008037450527,33.596425137087,In-line,Below (severe),Mixed
51.34827064707842,0.0269654129415683,86.96016514876341,32.29977666358807,0.16617814911438517,55.604000421760546,89.06889244840863,35.80792469358922,Beat,Below,Mixed
51.83533861838085,0.03670677236761702,87.01806985066365,32.28786651328616,0.13494405693083064,54.62805168221934,87.92631753887193,34.43968075643708,Beat,Below,Clean
51.80534451006783,0.03610689020135652,86.02954151088477,32.22808715418219,0.09508915226457587,52.67922288785416,86.57549847017371,32.6750165626345,Beat,Below (severe),Very bullish
48.937745643656726,-0.021245087126865424,85.7660883754064,30.388788569966607,0.12268562990790002,51.017296380348384,87.29774039676916,32.21114787725289,Miss,Below (severe),Clean
51.4220083253308,0.02844016650661617,85.67111559399484,31.50182008543127,0.06672617185704954,50.93511622650421,85.87565053271861,31.366647194344548,Beat,Sandbag (flat/down QoQ),Clean
53.79941714070776,0.07598834281415523,87.38709556470242,34.597095555928675,0.1370921413674637,56.80525912364533,88.49410631835761,36.18159800404212,Big beat,In-line,Very bullish
54.25003720269886,0.08500074405397719,87.82732633826448,34.54500508263925,0.25024286754341984,62.98102764259376,89.87095269658502,41.328399325048736,Big beat,Above whisper,Very bullish
49.13749418917201,-0.017250116216559763,86.09381640030064,30.537221005937653,0.15127701587956932,52.530091415201795,87.86414828002258,33.39413894094941,Miss,Below (severe),Mixed
54.70877956011183,0.09417559120223667,87.3737303700371,34.66472006189145,0.14413796969856582,58.12336397269326,88.45836351318003,36.691944817681716,Big beat,Above cons < whisper,Clean
52.16600613610859,0.04332012272217173,86.62689354539272,32.54805300042136,0.05399313815610231,51.055283047291326,86.61644798032631,31.591662751593205,Beat,Sandbag (flat/down QoQ),Mixed
50.94676900734032,0.01893538014680649,86.91492452971053,31.91161711815826,0.13296529413250152,53.59799819539466,87.95420418547704,34.23622776858823,In-line,Below (severe),Mixed
54.72043325964707,0.09440866519294154,87.37084067901428,34.292943321000884,0.13307008095996012,57.573365333410095,88.48968110971003,36.77941609944755,Big beat,Above cons < whisper,Clean
52.74120299928621,0.05482405998572423,86.61894597949143,32.812490133733355,0.14720453444582549,56.18316528770112,87.82768446773215,35.28566233546432,Beat,In-line,Very bullish
51.34390913165821,0.026878182633164195,86.6210697366732,32.174522630933566,0.0656545705594758,50.80666633393183,87.00643783903966,32.32304364064383,Beat,Sandbag (flat/down QoQ),Mixed
52.38166632473199,0.04763332649463985,86.19046919515118,32.84357774632472,0.0694217394075603,52.01680037734264,87.02120797508248,32.59488592477129,Beat,Sandbag (flat/down QoQ),Clean
52.707772856018565,0.05415545712037126,86.93040228223961,32.969567095035316,0.13698551835598546,55.647404839083386,88.17696886706146,35.20325373395936,Beat,Below,Clean
49.90198845910329,-0.0019602308179340875,86.87246029844609,31.175755454732332,0.15021558575628466,53.29818453689864,88.74542265229972,34.38701801831282,Miss,Below (severe),Mixed
53.89057991242999,0.07781159824859976,86.30939744950781,33.55679045311236,0.15727155140694535,57.911318234229405,87.51693071245195,36.57223083286434,Big beat,Above cons < whisper,Clean
53.631567931890466,0.07263135863780935,87.09705814850516,33.517665046465424,0.10672873995262207,55.115912056162834,88.22660774426221,34.880908391016796,Big beat,Below,Mixed
51.873641854555885,0.03747283709111762,86.42307161671681,32.29605291416399,0.19701220997323693,57.65814105599056,87.97186309319586,36.62547982604799,Beat,Above cons < whisper,Mixed
50.976442842706774,0.019528856854135503,86.82888106717132,31.964447831894912,0.11717505386270408,52.881780972920716,88.03879261167083,33.873113956902976,In-line,Below (severe),Clean
53.212413282976435,0.06424826565952875,88.03833706356174,34.1973969199553,0.19217293608686742,58.90708476698857,89.31951315139355,37.94213892691628,Beat,Above whisper,Clean
54.932761121865816,0.09865522243731634,87.45671591610784,34.90313936811406,0.17637538360925864,60.005723084775624,89.32219285469786,38.515275502332905,Big beat,Above whisper,Clean
53.43616756378107,0.06872335127562128,87.0892081899819,33.43713380185983,0.14511445064222595,56.81977568820901,88.06992818683155,35.946592292699606,Beat,In-line,Clean
52.041291132490976,0.04082582264981945,87.11142385715293,32.7205667147051,0.09481780986138943,52.90603721003038,87.84699782965477,33.73230265489483,Beat,Below (severe),Mixed
53.278750568319076,0.0655750113663816,87.35460587404206,33.320857885775716,0.12446526756189692,55.63081133365644,88.85064982395758,35.9825723214676,Beat,Below,Mixed
52.35103789234311,0.04702075784686228,86.54946249801296,32.254552071877754,0.1998606331451843,58.32723879479189,88.60695111003308,37.62822573914093,Beat,Above cons < whisper,Mixed
52.1399796854942,0.04279959370988387,86.30645453588102,32.13521009214235,0.1991456366861657,58.05746991271099,88.44515247544376,36.698254241501324,Beat,Above cons < whisper,Clean
49.76004624959071,-0.00479907500818586,85.79892169441092,30.73015051200722,0.08909810092292766,50.3226024528187,86.64623753377224,31.303726617070733,Miss,Below (severe),Mixed
55.08303200481729,0.10166064009634582,88.32913533441639,35.19741263985874,0.14319907370957377,58.4729517960918,89.64177080034278,37.56479316931552,Big beat,Above cons < whisper,Mixed
49.993448586618406,-0.0001310282676318586,85.99748508373303,31.008843576167116,0.08690123830680375,50.456659663450004,87.08031134631106,31.583866555691625,Miss,Below (severe),Clean
52.834179048671146,0.05668358097342297,87.00267004378729,33.190538097979214,0.21215909593413862,59.46889994505537,89.01527859308146,38.165167593308404,Beat,Above whisper,Very bullish
54.58098971605128,0.0916197943210255,87.92814984176967,34.89966279919024,0.185560995383238,60.08701446128089,89.32970024170277,38.535948014610625,Big beat,Above whisper,Mixed
53.5451652816718,0.07090330563343597,87.14980102257664,33.83080913581362,0.1382317267806092,56.593462657931106,87.92903048724898,35.70100794396264,Big beat,In-line,Clean
52.30578020017143,0.04611560400342855,87.17420106802584,32.94355261289573,0.11181425198978809,54.00043246742472,87.27754841801618,33.85909779876716,Beat,Below,Mixed
54.0609383094608,0.08121876618921618,87.59037356206579,34.35738045993919,0.17739659958831483,59.104653154961895,88.96449771521445,37.9638652503907,Big beat,Above whisper,Mixed
55.96366437800654,0.11927328756013082,87.40568650068849,35.44231301763284,0.19530647351848468,62.115606719072254,89.23954339292992,39.706412055596815,Big beat,Above whisper,Clean
51.647125309581085,0.032942506191621666,87.21172703625155,32.437300876272175,0.21042700917796212,58.04971289103597,88.90289464359333,37.36394391160602,Beat,Above cons < whisper,Very bullish
52.748529594069424,0.05497059188138847,88.11405901772159,33.444940049916426,0.16966386190042293,57.291045346384564,88.93884905872433,36.491182205820806,Beat,In-line,Clean
51.355935253313724,0.02711870506627452,86.92250891837108,32.15553660172739,0.16053415337704635,55.34315135151293,88.24322904426938,35.43234094916597,Beat,Below,Mixed
48.818913897816756,-0.023621722043664813,85.98693002549668,29.859172716981313,0.09745565252422184,49.74969350673427,87.15056116703674,31.339941934216167,Miss,Below (severe),Mixed
53.514048847423744,0.07028097694847481,87.47155744909175,33.99535041832461,0.13451603949208593,56.37593627302484,88.4588625827955,35.78019291808649,Big beat,In-line,Mixed
52.58730577949125,0.0517461155898252,87.14506456584834,33.243855308672266,0.1831291990840271,57.77346432824229,88.69306647472081,36.38783159297203,Beat,Above cons < whisper,Clean
52.629318889439766,0.05258637778879547,86.64106744761054,32.75498402804823,0.11417141482091472,54.44964821038619,87.73638123139494,34.41872893105473,Beat,Below,Clean
54.14816502713493,0.0829633005426987,87.5854595349624,34.26205704097103,0.07603531132614315,54.103527783233055,88.23458560872633,34.636627342764896,Big beat,Sandbag (flat/down QoQ),Mixed
51.09027683510675,0.02180553670213496,87.20768386957033,32.31761123309495,0.09526447189785477,51.96041042856708,88.33785369608559,33.13896688152047,In-line,Below (severe),Mixed
50.190132870396894,0.003802657407938055,86.30973778712743,30.946326135394365,0.1983129470505301,55.84752274472705,88.50899961403297,35.45655807920343,Miss,Below,Very bullish
57.23379762636078,0.14467595252721557,87.9378260511921,36.534801101683,0.1789472516795422,62.65594067086822,89.07669802200392,40.07313902754836,Big beat,Above whisper,Clean
49.872279482353484,-0.002554410352930394,86.19256649900694,31.018494973723435,0.14232571180271195,52.90107379041014,87.05177997886375,33.58171282051513,Miss,Below (severe),Mixed
51.23337589799627,0.0246675179599254,85.982281342418,31.821191205427322,0.13184984796660668,53.84645381232286,87.80584473581351,34.320567277081615,Beat,Below (severe),Mixed
53.71707218694629,0.07434144373892572,87.95465764106832,33.94649174882383,0.13948148712231906,56.83749434947863,89.07333698353027,36.624565389245,Big beat,In-line,Mixed
54.11831098902551,0.0823662197805101,87.85746413645116,34.16849336314292,0.19872923863036523,60.23940160441903,89.96644366513218,39.18022379895372,Big beat,Above whisper,Clean
52.85100930265409,0.057020186053081796,86.76096140550787,33.4546653439092,0.15754455917709057,56.80758410349753,88.1727954822421,36.28193911345359,Beat,In-line,Mixed
48.824124880918504,-0.023517502381630015,85.29890284557928,29.94803691049776,0.09332136957693032,49.56756914868655,86.11836639761736,30.592753987302014,Miss,Below (severe),Mixed
51.97666869014817,0.03953337380296342,86.74230795354057,32.556785927334495,0.17213798811546957,56.57212587688499,88.5038092969894,35.89394300545251,Beat,In-line,Clean
54.168979750402876,0.08337959500805767,87.20328602313955,33.93501851229553,0.1420111200167416,57.44289314671309,88.42666899390382,36.51746926041355,Big beat,In-line,Mixed
51.489047225620666,0.029780944512413372,86.8709361875567,32.02093471752338,0.08877067181459183,52.055495643294236,87.24929889956806,32.68308570609748,Beat,Below (severe),Clean
52.102998237653054,0.042059964753061035,87.1580409816223,32.651339165248984,0.19433644414778625,57.783616098554276,89.79602574052137,37.11895984398387,Beat,Above cons < whisper,Clean
51.10090603002547,0.02201812060050954,86.92038479195922,32.04667964662551,0.11464278320155556,52.89073782704097,87.64883198990857,33.148527898962186,In-line,Below (severe),Mixed
52.019195067804425,0.040383901356088533,87.35096273142895,32.61230180594911,0.1401212671870524,55.071891270273106,88.47862099734198,35.16996831548005,Beat,Below,Mixed
51.372453328067415,0.027449066561348167,86.08327390431401,31.573467859740667,0.12724201689494094,53.77281733791679,87.06031886523505,33.954888801265184,Beat,Below (severe),Clean
56.14172697396528,0.1228345394793056,87.96367072499466,35.532717787946375,0.07964035348044979,56.28338295837657,88.57268046228224,35.75786290692029,Big beat,In-line,Mixed
52.43975858097221,0.04879517161944417,87.12914949351351,33.264786161704684,0.20579280653308307,58.714949125177256,89.01541520411412,37.635667751318145,Beat,Above whisper,Very bullish
50.875120152834185,0.017502403056683664,87.20113370854028,32.205634823127966,0.13538561172111493,53.636959457817234,88.12814414985498,34.213399268810775,In-line,Below (severe),Clean
56.036627981499365,0.12073255962998733,88.6768807867596,36.11779292347735,0.18542823247852586,61.68258651486797,90.2458734663311,40.08326695779989,Big beat,Above whisper,Very bullish
51.212459545484926,0.02424919090969837,86.93380553400762,31.71466147132424,0.1307176464967826,53.77062946225508,88.26825976170066,34.0607168201734,Beat,Below (severe),Clean
52.79488336991657,0.0558976673983313,87.64775646014164,33.467789912944546,0.1947758374863207,58.572475922335784,89.32198401234982,37.452278217737515,Beat,Above whisper,Very bullish
52.54380777669646,0.05087615553392916,87.58302314731256,33.14479261962258,0.14613604027917812,55.92075523020366,88.52222935279318,35.866445324045415,Beat,In-line,Clean
54.19753791922485,0.08395075838449693,87.83177619702475,34.454723342055196,0.21667482241575248,61.23072412158363,89.14754819717791,39.672608126455586,Big beat,Above whisper,Clean
51.18422676027821,0.023684535205564145,86.35015606972692,31.978675664558537,0.19590553049679546,56.839249867046014,87.92360420123865,35.903548631686384,In-line,In-line,Clean
52.03230363313245,0.040646072662648934,86.67911124212709,32.52032828831412,0.200024234048646,57.980023505055186,88.93538917531906,36.85968641061634,Beat,Above cons < whisper,Mixed
51.78933023251514,0.03578660465030275,88.14410702536843,33.25298933616245,0.10956499603183636,53.35908313722269,89.05566324135961,34.42993443223714,Beat,Below (severe),Very bullish
53.68858268596669,0.07377165371933388,88.06436478435131,33.996184201553014,0.1672861757449453,58.193516052906325,89.52975849840992,38.0064061546532,Big beat,Above cons < whisper,Mixed
54.42631378422927,0.0885262756845855,87.24472754904939,34.108422373303,0.15594703681763575,58.42008356208762,88.55679831532309,37.681886092043094,Big beat,Above cons < whisper,Clean
55.28053979482358,0.10561079589647154,87.94969561841988,35.3645380297097,0.1913985479832009,61.156786640188926,89.4902335130956,39.561221900117964,Big beat,Above whisper,Clean
50.2388368253412,0.0047767365068241705,86.41793299351136,30.890198954987895,0.16259585801171844,54.23550191843483,87.99853176432501,34.080959346195684,In-line,Below,Very bullish
51.62957224832168,0.032591444966433604,86.01392793306978,32.22498203747587,0.14828839840150618,55.05095033952443,87.31150840125377,34.522792147858134,Beat,Below,Mixed
51.705367493270096,0.034107349865401954,86.52560554947242,32.37715565039036,0.10818161418969352,53.2061563530374,87.46898320615544,33.43146548668922,Beat,Below (severe),Clean
52.439597853124695,0.04879195706249385,87.25077252064433,33.31585445736389,0.2565491127645356,61.18629228778196,89.32582639555345,39.214669892356035,Beat,Above whisper,Very bullish
51.37596521167236,0.027519304233447065,86.15628570614568,31.630002036503143,0.12269283461693228,53.55946887076809,87.3570292858843,33.487695472570714,Beat,Below (severe),Mixed
56.26944895284438,0.12538897905688756,88.19157193273227,35.67180316883624,0.1589011965932955,60.5528223143041,89.51762430574308,39.23458145806289,Big beat,Above whisper,Clean
51.947674921584465,0.03895349843168918,86.56014690258161,32.27867116995679,0.07741344522794096,51.97132887964218,86.92861306431323,32.815842344991125,Beat,Below (severe),Mixed
54.41396268624851,0.08827925372497013,87.32020475037211,34.398531855209136,0.21990646673235664,61.638520321381456,89.63892710001974,39.86223111857485,Big beat,Above whisper,Very bullish
49.92134242758573,-0.0015731514482854125,85.87573323979566,31.142051390809137,0.08916994890483604,50.48905269674906,87.10699224619832,30.976072725270882,Miss,Below (severe),Mixed
56.33098931228891,0.12661978624577813,88.37812337042566,35.526828730546484,0.13649729828615761,59.44715879440257,89.19620289582171,38.23330804101751,Big beat,Above whisper,Very bullish
51.888924389900545,0.037778487798010914,87.47489000396659,32.79320910678221,0.08411347892188624,52.235376456574805,88.14613289558207,33.08213789706859,Beat,Below (severe),Clean
54.011974885830064,0.0802394977166013,87.90288832579314,34.19130576762252,0.19536979469550328,59.95254880677527,89.76412434297454,38.78011577211136,Big beat,Above whisper,Clean
52.063910087168594,0.041278201743371865,86.63689095792247,32.60592783886372,0.14192809482146002,55.206581536596495,87.90903715756093,34.88437460644481,Beat,Below,Clean
54.619090199882336,0.09238180399764677,86.63325704456965,34.47114936017636,0.1769376626392626,59.691602615665964,87.96830211881866,38.05279821074569,Big beat,Above whisper,Very bullish
52.53131128802539,0.0506262257605078,87.7678880585376,33.135702912372516,0.1594706499779187,56.55790552593925,88.90407376761318,36.06154074403197,Beat,In-line,Very bullish
50.50344807937116,0.010068961587423111,85.86670949897662,31.21417879664656,0.0928707533798735,51.25133125429914,86.99902542734912,31.99552479321047,In-line,Below (severe),Mixed
52.70499014861839,0.054099802972367744,86.7466760889933,32.70525975679718,0.03860093686276965,50.82949127814824,86.87210180290293,31.995412696556194,Beat,Sandbag (flat/down QoQ),Clean
51.58041280685855,0.03160825613717092,86.26607158046707,32.43839367362121,0.22111415801780693,58.486602900939545,88.62943505211165,37.263508133055524,Beat,Above cons < whisper,Mixed
53.70995535912753,0.07419910718255046,86.8922561410507,34.38184272219891,0.04050196862287139,51.89350612254596,86.51965068622201,32.28011002314887,Big beat,Sandbag (flat/down QoQ),Mixed
52.4286082179931,0.04857216435986193,86.61974199604086,33.22016796009017,0.09042322324010824,53.085845394267096,88.01246125763213,34.005947090636866,Beat,Below (severe),Clean
52.677659321988834,0.05355318643977659,87.18338299705447,33.37606733464343,0.1761456725801662,57.53112954940875,88.82298667118009,36.455563260645455,Beat,In-line,Mixed
52.902497877110314,0.058049957542206314,87.0325100062806,33.27689072451963,0.21294034187417943,59.58417572812736,88.50958281229164,38.21732570275684,Beat,Above whisper,Clean
53.239225102080425,0.0647845020416085,86.53003511303685,33.18449734368136,0.0973283373968766,54.24798819659512,87.42529505304829,34.11628477890648,Beat,Below,Mixed
51.425932139262024,0.028518642785240494,86.36802040970986,32.009080729439866,0.07487654884132847,51.328204997455586,86.91526468171162,31.935330366924244,Beat,Sandbag (flat/down QoQ),Mixed
53.63281023922733,0.0726562047845468,86.85177539764149,33.406114762060646,0.18163717177586852,58.847770619367246,88.70034655756638,38.01660902548778,Big beat,Above whisper,Very bullish
52.385831269105864,0.0477166253821173,86.57354803758587,33.11419928818396,0.15598588119616444,56.231761227395864,88.11534031456188,36.023450724611344,Beat,In-line,Clean
51.471909238326994,0.02943818476653986,86.9717664313435,32.15243458809011,0.1288296259824342,53.95280062166656,87.91515685876836,34.183718736566036,Beat,Below,Mixed
51.949116375733816,0.03898232751467632,86.60414245831996,32.33840812196623,0.2534305482043332,60.46356588774054,89.04092130694143,38.74818558955486,Beat,Above whisper,Very bullish
53.591800620235574,0.07183601240471141,87.22593371669427,33.42741545170035,0.22215826163948327,60.81925746385997,89.52466047161074,39.17090396299076,Big beat,Above whisper,Clean
53.34147209111033,0.06682944182220657,87.18427491550726,33.74626175069587,0.24004942813171778,61.421343250693546,89.23681551846244,39.99111632759503,Beat,Above whisper,Clean
51.2141957357358,0.02428391471471592,87.02227084089655,32.57361469951935,0.12038020512790443,53.28084461501687,88.52076908956337,33.8497364266391,Beat,Below (severe),Clean
51.51358872751876,0.03027177455037504,87.05150754607008,31.966985379679958,0.06644265335868899,51.01226765756026,87.51325380507726,32.27873611565577,Beat,Sandbag (flat/down QoQ),Clean
56.14768951355465,0.12295379027109309,87.37383816789345,35.23168597480272,0.14297531799220856,59.59146447083415,88.40325261888928,38.42262764977965,Big beat,Above whisper,Clean
52.107895485198206,0.04215790970396412,86.74194329755183,32.50900337935591,0.10774808584282383,53.59939137523865,87.96707329180654,33.918992958937224,Beat,Below (severe),Mixed
51.297490542713696,0.025949810854274016,86.08069910814916,32.03708658434733,0.01563602957995827,48.378181077773114,85.59218349228323,29.34240977258446,Beat,Sandbag (flat/down QoQ),Mixed
55.06203085091808,0.10124061701836144,87.55340115293613,34.95714364417873,0.1482515971839443,58.708988806704134,88.53835528707124,37.56239191278471,Big beat,Above whisper,Clean
55.049713592944904,0.100994271858898,87.23018035514481,34.64756501276387,0.2198548654991752,62.35604232992637,89.3799786376439,40.00041299919528,Big beat,Above whisper,Clean
52.85673658299698,0.0571347316599395,87.08731346272113,33.15207440867908,0.16564268298669071,57.21120622705928,88.68948734362056,36.730345101496916,Beat,In-line,Mixed
50.745320978294586,0.014906419565891662,86.13729034870762,31.738834931755008,0.10539629519676297,52.086997678836156,87.60495959034759,32.82561687717319,In-line,Below (severe),Mixed
50.26799357954898,0.0053598715909794195,86.61891320002793,31.25887099760415,0.15208010819943302,53.776130090516965,88.31051177355282,34.37983612223176,In-line,Below (severe),Clean
51.155578481380545,0.023111569627610868,87.19397099511983,32.27861268489036,0.15962305307155958,55.08396037877598,88.13780055017575,34.85163586034846,In-line,Below,Mixed
53.288344451649486,0.06576688903298974,86.89628546176478,33.42211148987414,0.18726834751197258,58.748452897418765,89.16583439566455,37.74167785870491,Beat,Above whisper,Clean
53.06933865498231,0.061386773099646186,87.15223293623703,32.988165103024535,0.13819428900769617,56.088702594336496,88.61939226764166,35.71049106588553,Beat,In-line,Clean
55.21948071422638,0.10438961428452762,87.8244721828192,35.08016524223279,0.18961840026153168,60.997959574064026,89.2610465762124,39.7161279000021,Big beat,Above whisper,Very bullish
52.37949224335022,0.047589844867004356,86.5497887820829,33.3492659425702,0.10085933262458488,53.543706240355625,87.56662443655816,33.8905503348161,Beat,Below (severe),Clean
55.546626526510266,0.11093253053020541,87.49924821968968,35.20121754770916,0.12205112470088686,57.87428656973874,88.57932341723713,37.17171448864422,Big beat,Above cons < whisper,Clean
53.302385435165846,0.06604770870331682,87.84998220605989,33.94268469589595,0.10927003321073978,54.90340037174392,88.47274013585682,35.20449857262226,Beat,Below,Mixed
51.967982367933466,0.039359647358669224,87.17829873248559,32.50326500610488,0.12779482497990777,54.422848609259425,88.27069892041021,34.718786033998406,Beat,Below,Mixed
51.15913587105372,0.023182717421074295,86.69347047636005,32.34600992624115,0.12345874366005605,53.36980861868325,87.79744662224529,33.62689007313791,In-line,Below (severe),Mixed
52.36274901570634,0.04725498031412684,87.0047688095455,32.79621916290201,0.10817833570211469,53.882459481512065,88.14675655190275,34.237942861838384,Beat,Below,Mixed
50.98331639575685,0.019666327915136908,85.97020087424457,31.886610923401424,0.18597622760887156,56.146072589312865,87.25575918234135,35.445906179558996,In-line,In-line,Clean
52.951010373952414,0.059020207479048334,86.67274052016674,33.237337756618196,0.061514113649305716,52.1933702122312,87.34799016459205,32.95426491775894,Beat,Sandbag (flat/down QoQ),Clean
52.03984850897058,0.04079697017941149,87.39370427319781,32.71928926213459,0.16286799884759692,56.19294060339024,88.8570374644719,36.138163793198366,Beat,In-line,Clean
56.32151677742202,0.1264303355484404,87.25850289502407,35.56835784200395,0.25177099830258237,65.46580976221856,89.5258033613554,42.78127743761108,Big beat,Above whisper,Very bullish
53.39175066987105,0.0678350133974211,87.37878888339051,33.65447596015533,0.18888913354973946,58.94280989313479,89.18383155355852,38.56514020025628,Beat,Above whisper,Very bullish
57.630289964347625,0.1526057992869524,88.13323332609365,36.42008324670262,0.22080960225994686,65.33021055739344,89.8917010871174,42.59813943691189,Big beat,Above whisper,Very bullish
51.4019142403431,0.028038284806862022,86.35505110122537,32.397600594858,0.11147701602599228,53.051185810889045,86.84751971337657,33.12653837717687,Beat,Below (severe),Mixed
52.90087155699401,0.05801743113988026,87.14395509806342,33.27000369104059,0.16808073979906404,57.3787399568582,88.37424555942196,36.623402802676445,Beat,In-line,Very bullish
51.75519017144977,0.03510380342899535,86.77949608264937,32.29167558144001,0.21323362827299808,58.30605592840509,88.74880080637972,37.16349375529773,Beat,Above cons < whisper,Clean
51.17732960715441,0.023546592143088286,86.02299324937384,31.813745919266026,0.1370073603933221,54.03264327370897,87.56735649023868,34.07341429948251,In-line,Below,Clean
51.42426031878112,0.028485206375622393,86.11397368360237,31.86728773687951,0.07535792959333255,51.3495228138964,86.50742856793812,31.66576535759915,Beat,Sandbag (flat/down QoQ),Mixed
52.49255483233992,0.04985109664679836,86.22543809497283,32.24357858907946,0.09752372564281711,53.49669403752104,87.19097343887127,33.314703609720794,Beat,Below (severe),Mixed
54.14212842396885,0.08284256847937689,87.33207296668066,34.115202222380624,0.16988852733672172,58.815950968164536,88.51534792196571,37.65989653190263,Big beat,Above whisper,Very bullish
51.129525679470035,0.02259051358940078,87.2559010123161,32.052405433561546,0.16249723503763547,55.192365643229,89.20139577161007,35.48561725033942,In-line,Below,Mixed
52.81443246172891,0.0562886492345783,87.20639620469733,33.26938433101411,0.1952060064053013,58.615260695777984,88.88507993689345,38.08649617830991,Beat,Above whisper,Clean
52.566795178735305,0.05133590357470607,87.32892789863132,32.7706684663288,0.26759142136352865,61.87370300162868,90.07499196638284,40.39260826292217,Beat,Above whisper,Mixed
51.906160430679606,0.03812320861359198,87.0307702284853,32.3408126699096,0.1153846566901367,53.75995386549982,87.77962383082446,33.77229479904433,Beat,Below (severe),Mixed
51.75681004471512,0.03513620089430229,86.60390883216644,32.32032051316794,0.11801242944589185,53.73156001428567,87.52727650911791,33.6379538842166,Beat,Below (severe),Very bullish
54.06891311744132,0.08137826234882631,87.63185768932784,34.11806181146171,0.06818293971335168,53.63009837797326,88.66735614652082,34.42908272305865,Big beat,Sandbag (flat/down QoQ),Mixed
51.727681262740255,0.03455362525480519,86.60720286357245,32.37712775151423,0.12708241815158566,54.1369772199135,87.52863384270027,34.2334845587659,Beat,Below,Clean
50.08988768227965,0.0017977536455931987,86.30284339938918,31.19140563664046,0.020155277372893937,47.44950160051502,86.65368101555954,29.313294532582294,Miss,Sandbag (flat/down QoQ),Clean
51.75837727910382,0.03516754558207624,86.52820610700618,32.24640668197987,0.14448996667050848,55.0057332380039,88.15324999257126,35.13646012395424,Beat,Below,Very bullish
55.425505371724135,0.1085101074344827,87.62876395225815,35.135047662286766,0.14319456327455318,58.83626952143533,88.91030747565667,37.51959575818767,Big beat,Above whisper,Clean
53.07079062589739,0.06141581251794781,87.23793720477563,33.682207822613876,0.1567571530978364,57.00501548584552,88.64087777721849,36.503944687230785,Beat,In-line,Clean
51.24386357759961,0.024877271551992326,86.9973827204652,32.37415577119486,0.14847183932322092,54.64841038149446,88.30194044323585,34.54071479435277,Beat,Below,Mixed
54.51743856441139,0.09034877128822788,88.16109051712463,34.69976415871705,0.1987569010402042,60.68507315568612,89.68392690581261,39.49036076988823,Big beat,Above whisper,Mixed
52.112233928257744,0.0422446785651548,86.45121290785295,32.66110116799035,0.1844422084746707,57.315077339496106,88.12512175645041,36.423607993623506,Beat,In-line,Clean
55.24312662076164,0.10486253241523279,87.23048081759718,34.69364525840212,0.14779587183612097,58.878701776728164,88.94309734828263,37.820001775119074,Big beat,Above whisper,Clean
50.21875293509544,0.004375058701908779,85.80056175141115,30.889330012969626,0.1884062321927592,55.41740189237185,88.11156114076337,35.29428725573664,In-line,Below,Mixed
52.20222255033347,0.04404445100666936,85.36341865531237,31.92457012118404,0.03267576438063327,50.05740078349543,85.67800179880388,30.656894504518746,Beat,Sandbag (flat/down QoQ),Mixed
51.397270964507854,0.027945419290157068,86.2125321047701,32.0660004130559,0.10697072277492892,52.83132603193726,87.15440206734495,32.99206883064869,Beat,Below (severe),Mixed
51.43951894578689,0.028790378915737724,88.08710261652882,32.816891393823795,0.1373345948094228,54.32509126329829,88.90795099574841,34.89149434319374,Beat,Below,Clean
54.93651734062189,0.09873034681243792,86.6663487779117,33.96285270314306,0.1644568716295991,59.40183332635109,88.10632838474099,38.07011840494227,Big beat,Above whisper,Clean
54.52546270756697,0.09050925415133944,87.5079542049523,34.6003641135918,0.18331635645030236,59.91223816025035,89.32540885111764,38.19131237153458,Big beat,Above whisper,Very bullish
55.51270257487359,0.11025405149747183,87.89551530759796,35.519480007899865,0.13862729700850693,58.693401448003684,88.97432195046176,37.74202819821011,Big beat,Above whisper,Clean
50.03556221472149,0.0007112442944297958,86.77701337223675,31.59188823472274,0.10662072844774156,51.41536242732257,87.55958799849067,32.344317719920596,Miss,Below (severe),Clean
50.83211341452516,0.016642268290503127,86.44313941465175,31.399610619904298,0.15644367262650005,54.585584786998815,88.0175785991836,34.40547724931356,In-line,Below,Clean
50.56244555367621,0.011248911073524437,86.43276856898567,31.59277502584067,0.1858027801521943,55.67443932964012,88.2208177704454,35.198486715430946,In-line,Below,Mixed
51.53742670878412,0.030748534175682272,86.92623352352501,32.47745416825795,0.15317018473478544,55.1863221729152,88.3268083725585,35.02298822632059,Beat,Below,Mixed
51.405151473172786,0.028103029463455675,85.00454904827546,31.65689545154942,0.0969257976123368,52.3599484395864,85.79033361746072,32.33206099419367,Beat,Below (severe),Very bullish
52.14277994129907,0.04285559882598124,86.4613182272341,32.432022765698825,0.09991852022291839,53.25618011381845,87.79231445983066,33.72808350077245,Beat,Below (severe),Mixed
51.46941220659824,0.029388244131964846,86.14237682828355,32.31632052342571,0.16365047805984625,55.614377111119666,87.62154052227443,35.30724154649416,Beat,Below,Clean
55.02553974581828,0.10051079491636551,87.26395739713814,34.94565242701614,0.11061780179306452,56.747176566764914,88.2354794856104,35.844505526143045,Big beat,In-line,Very bullish
55.255416355239674,0.10510832710479337,88.23686930405324,35.37262541877417,0.22326179080697928,62.763851022317475,89.75796053993493,40.72468633971317,Big beat,Above whisper,Very bullish
50.272283027233165,0.005445660544663422,86.69180503429187,31.395572823146374,0.15486630387811368,53.910782423805536,88.18976187401867,34.10062989773792,In-line,Below,Clean
51.441362870805506,0.028827257416110093,87.05176304282463,32.28023314000949,0.10010389145460794,52.54864037048017,88.23379010933276,33.359434932321754,Beat,Below (severe),Clean
51.43734400351444,0.028746880070288743,86.31210760799965,32.02750731644127,0.18852468992160645,56.76779952272743,87.98719700883481,36.37169185413338,Beat,In-line,Clean
52.6967902596829,0.0539358051936581,87.56595799399092,33.316144423864266,0.13192902018452302,55.388381439404164,88.42233945424375,35.175811035611396,Beat,Below,Clean
50.54497904892925,0.010899580978584913,85.72696696564859,31.06861689726946,0.05118649877804485,49.33704244602117,85.82090036017637,30.471635902933993,In-line,Sandbag (flat/down QoQ),Mixed
53.35293277739,0.06705865554780018,88.11085921089925,33.803050044402866,0.10766028533652175,54.87571583347664,89.14939657901098,35.28003412265234,Beat,Below,Very bullish
50.76490200556428,0.01529804011128555,86.25332008906153,31.390343747978953,0.16008942911024368,54.68526717315307,87.55382301320202,34.678373427923276,In-line,Below,Clean
52.728012274899406,0.054560245497988,86.40176250240313,32.60568765480704,0.1193089141078136,54.80329600801819,87.96077280807786,34.52927317255808,Beat,Below,Mixed
50.309522359217986,0.006190447184359588,86.80967094738189,31.420239895906853,0.14367299332642608,53.42781045586177,87.97756200082061,33.97350338960562,In-line,Below (severe),Mixed
53.909211830889035,0.07818423661778065,87.57046119141243,33.99091909835802,0.17003861742580975,58.570441128762184,89.01813701520787,37.53626659406644,Big beat,Above whisper,Clean
51.80130323676006,0.036026064735201244,87.22169151674099,32.47649175569962,0.09484674618177169,52.663453418403314,87.88948584574085,33.42480754717689,Beat,Below (severe),Mixed
50.773593446154194,0.01547186892308396,86.57967294697289,31.42320203963624,0.13316967129830526,53.42544646772574,88.02488776377758,33.88316211867989,In-line,Below (severe),Mixed
53.15678531733572,0.06313570634671441,86.07082039283033,33.08577142036598,0.11823204850701659,55.195790870491166,87.6352809006207,34.6909075721946,Beat,Below,Mixed
55.725525379357364,0.1145105075871474,88.05453640451499,35.63505259071265,0.16234676573849086,60.14578532279035,89.5661102131305,38.683589983732666,Big beat,Above whisper,Very bullish
50.72427793159623,0.014485558631924658,87.10682651977052,31.830992082672147,0.15806404034786892,54.54610779910738,88.27151248539738,34.695745042966806,In-line,Below,Clean
49.03926029915533,-0.019214794016893463,86.28643649492108,30.117080147927624,0.11087338455905973,50.5852369887386,86.82754102360065,31.419913613248244,Miss,Below (severe),Clean
51.04157326880818,0.02083146537616376,87.04620650062002,32.0396186229823,0.14545246586069996,54.289574822011204,88.25209769661717,34.58998564446982,In-line,Below,Clean
54.94948035589212,0.09898960711784248,86.87081459905386,34.7419851783538,0.23065155615164107,62.79340183043819,88.99731026929885,40.429143483882285,Big beat,Above whisper,Clean
51.80206939316444,0.03604138786328888,87.17512384167279,32.510459446917835,0.22379556304673198,58.86691820285115,89.29257955007945,38.260163374998974,Beat,Above whisper,Clean
50.853482789369664,0.017069655787393376,86.32908494683231,31.459099877227022,0.13898897100341825,53.78430203176104,87.38671665555253,33.87001027851035,In-line,Below (severe),Mixed
56.75703760060766,0.13514075201215328,88.30772898199861,36.23397338751469,0.11401743427329936,58.7120201615834,89.43035730251407,37.83265418028994,Big beat,Above whisper,Very bullish
52.99551474741521,0.059910294948304216,86.28288796283583,33.00504673473688,0.07324789887624991,52.814658791633775,86.49013991656342,32.77190440993456,Beat,Sandbag (flat/down QoQ),Clean
51.39912471023567,0.027982494204713274,86.99139871094525,32.223210816128166,0.15142592790111786,54.95497880116064,88.42787503592953,35.01369437455177,Beat,Below,Mixed
50.78917748093512,0.01578354961870242,86.30949392717221,31.441162654470663,0.15161867764985673,54.31192502312421,87.8317230716662,34.241145881978525,In-line,Below,Mixed
52.06405096914729,0.04128101938294592,87.76632886049957,32.83467712422754,0.16842556121964497,56.48775597492311,89.15383499604025,36.59216541987806,Beat,In-line,Mixed
53.831469849646474,0.07662939699292949,87.48809644509699,34.06495954667996,0.20148180637683455,60.05770794666811,89.31453997274433,38.7998877409599,Big beat,Above whisper,Very bullish
51.10037745487307,0.022007549097461387,87.10250698433534,32.393288708383686,-0.0062925417610502354,47.151767181751936,86.35896703645376,29.282169431399414,In-line,Sandbag (flat/down QoQ),Mixed
49.571987066739595,-0.008560258665208079,85.94289117481286,30.837394982880156,0.09434925023965657,50.37413353084954,86.68913856438634,31.921093898245,Miss,Below (severe),Mixed
52.50445485930702,0.05008909718614035,87.21394188146168,32.932739606074236,0.10994228184929425,54.11427768852161,88.09669336979978,34.46427457063247,Beat,Below,Mixed
48.82200421871444,-0.02355991562571115,86.32175250542079,30.13314619108533,0.14021842993850997,51.69148121123433,87.78930588248994,32.67832531042582,Miss,Below (severe),Mixed
53.29544442259406,0.0659088884518812,87.37295496253002,33.463944030397734,0.12780603675024066,55.81357224029649,88.25022274870501,35.30378868340031,Beat,Below,Mixed
52.18062511419226,0.043612502283845195,86.01398180538013,32.54939819481941,0.16548849832847234,56.47192423431084,88.18296045564894,36.053839275369114,Beat,In-line,Mixed
56.20561220318859,0.12411224406377185,88.17121278850433,35.81747898390709,0.21621112918917662,63.47518457837976,89.62304521690311,40.79636725424316,Big beat,Above whisper,Clean
51.218003433273886,0.024360068665477633,87.09488801724142,31.89279156067058,0.15757651183083157,55.05384648885527,88.23896383331966,35.3501427834571,Beat,Below,Mixed
54.42777148588633,0.08855542971772667,88.11513299157986,34.872684573313485,0.18768478062485544,60.025676134463616,90.08779070229338,39.35710808958024,Big beat,Above whisper,Mixed
51.12632401390852,0.022526480278170453,87.3770929126016,32.52682703174137,0.12629181239635887,53.4700772680179,88.80181242950522,34.43698376645629,In-line,Below (severe),Mixed
53.79252489523121,0.07585049790462409,86.96550182578257,33.79951203619595,0.20980057182947992,60.42978256565924,88.63264952813712,38.79637689204668,Big beat,Above whisper,Very bullish
52.53838781680611,0.05076775633612227,86.76675910619718,32.91044578082684,0.10357602816449876,53.83866925639148,87.63463928876044,33.8115068685343,Beat,Below (severe),Mixed
54.92634853716463,0.09852697074329246,88.02774778237732,34.872687444306344,0.2144371326381559,61.939983136346875,89.56294415089111,40.15375959413988,Big beat,Above whisper,Very bullish
51.38134709343046,0.027626941868609287,86.2391203179851,32.06932440735177,0.17964802420579384,56.28248282409755,88.3687821517254,35.94121030999114,Beat,In-line,Clean
48.713040969778845,-0.025739180604423147,86.71314659400873,30.477448093893987,0.14310093688912734,51.70649971618174,88.12275895903721,32.88615630277119,Miss,Below (severe),Clean
53.19046746218571,0.06380934924371412,87.84882015752027,33.70388521060375,0.1748344218356567,58.02642122466917,89.46021001590695,37.270939376082346,Beat,Above cons < whisper,Clean
49.81645725813774,-0.003670854837245243,86.17513751732005,30.814155012975085,0.1368052253195712,52.586493995248624,87.87630787418198,33.4179127778373,Miss,Below (severe),Mixed
48.64725915710817,-0.027054816857836714,85.04568641283248,29.782502781056042,0.05364033855672659,47.59552070756996,85.60917797249645,29.433427392959324,Miss,Sandbag (flat/down QoQ),Mixed
52.12631900716593,0.04252638014331876,87.24993186267838,32.86360582650516,0.10159425162656396,53.32047813555031,88.29497383149177,34.19953107381748,Beat,Below (severe),Mixed
51.549053895607265,0.0309810779121453,87.5842189346844,32.360837307779285,0.167050842687248,55.86319773227035,89.11189946175917,35.83385304180072,Beat,In-line,Very bullish
53.364566648548674,0.06729133297097337,87.54635715713421,33.546173663388814,0.18193302357564134,58.568104781385614,89.26543317917938,37.628005327108916,Beat,Above whisper,Clean
52.83131999903894,0.056626399980778695,87.20487661667796,33.51875863351434,0.29077007106941144,63.322151907718144,89.31424165919157,40.81440088815929,Beat,Above whisper,Very bullish
50.27090036951667,0.005418007390333379,86.3364739365521,31.029251113575476,0.19561148625279284,55.81128976991648,87.7397768623354,35.17743389045965,In-line,Below,Mixed
54.04775162039422,0.08095503240788446,86.94442687304851,33.82377248613301,0.14082898828704757,57.255010243120836,87.92440031072248,36.16007420519272,Big beat,In-line,Clean
55.279897986475866,0.10559795972951738,87.84392271421272,34.83877859606346,0.2254001557724391,62.9014244891612,89.20448042998466,40.80110902151146,Big beat,Above whisper,Very bullish
51.21310827664731,0.024262165532946134,86.6936945449994,31.92530303046336,0.21897197898378012,57.96824794975999,88.33500796201884,37.12431921294558,Beat,Above cons < whisper,Clean
51.401861704298604,0.028037234085971967,86.89228310343205,32.17172364018704,0.22536714293795299,58.487141531267575,88.96967298900869,37.30301475188528,Beat,Above cons < whisper,Clean
53.20481904386403,0.06409638087728059,87.17393650830475,33.811161013672844,0.22889061386200105,60.71269539699999,89.3325166469782,39.04011287630352,Beat,Above whisper,Clean
50.480983116400054,0.009619662328001101,86.62099889065418,31.28824282668268,0.10507290702476835,51.80051199320072,88.09840797666479,32.84940626185205,In-line,Below (severe),Clean
51.193742024737496,0.02387484049475003,85.89606510504754,31.640965515442765,0.12857851884864568,53.64928915226949,87.44787974958783,33.51011628913772,In-line,Below (severe),Clean
52.17590003350722,0.04351800067014443,87.22671894714834,32.70590482690562,0.18312089002492565,57.32108319367357,89.0370451949464,36.26970450429907,Beat,In-line,Very bullish
51.53118593552066,0.030623718710413143,86.19852099257923,31.783119796083763,0.24514857675044538,59.580841195456394,88.29979349471057,37.866108834999785,Beat,Above whisper,Clean
47.58861896895696,-0.04822762062086085,85.75249046383804,29.56906202687687,0.15806977285906748,51.174445362909786,87.28594116429643,32.33378314660387,Miss,Below (severe),Mixed
51.05766205566098,0.021153241113219562,86.32441387401332,31.559073128553234,0.09899808998189287,52.104253572532926,87.13868784350261,32.58047608695277,In-line,Below (severe),Mixed
53.169909002306305,0.06339818004612616,86.38013791499743,33.24315788410359,0.1402685589383583,56.297405837161776,87.57695675045468,35.64697460094691,Beat,In-line,Clean
54.78648597688087,0.09572971953761733,87.8214037770419,34.64711907241059,0.28150646124560585,65.19429035629214,90.26280952075061,42.49213590331543,Big beat,Above whisper,Very bullish
52.270011420350514,0.04540022840701022,87.25404624534548,32.8845853598914,0.20891729272245818,58.676540647086256,88.84768570810533,37.63496776042005,Beat,Above whisper,Very bullish
56.65952981066825,0.13319059621336507,88.88429601693194,36.270185769068156,0.22601778509764484,64.50376329721023,90.70548629949992,42.248977468733926,Big beat,Above whisper,Mixed
52.3969126568399,0.04793825313679796,87.00918898224043,32.85131868350365,0.2001256327668416,58.39124381751042,88.9241094082072,37.40465715259735,Beat,Above cons < whisper,Clean
56.79137575179804,0.13582751503596086,88.24053777115259,36.11598126140577,0.1554648560587967,60.933264607830054,89.56057959891334,39.348390743793544,Big beat,Above whisper,Clean
53.14512754912657,0.0629025509825314,87.18128485439541,33.50682613859086,0.18885417952698622,58.668820793397195,88.48353766069532,37.35239097397359,Beat,Above whisper,Clean
51.57983675909886,0.031596735181977156,87.52020440865216,33.159204020644204,0.1729018888128425,56.176795962304766,88.82677967283968,35.90413114958887,Beat,In-line,Clean
51.94942500122529,0.03898850002450591,85.9116474615091,32.256265768056934,0.09890520514355923,53.00981542819989,87.2104360766255,33.32969683531784,Beat,Below (severe),Clean
50.51386974172002,0.010277394834400272,86.67671177861929,31.546338450188294,0.07605349863612383,50.47308153199674,87.52951481028913,31.966207820295587,In-line,Sandbag (flat/down QoQ),Clean
53.9409148169818,0.0788182963396359,87.80834576569411,34.31245341932059,0.14783192831600728,57.492596821683875,89.10486276307317,37.00659109303796,Big beat,In-line,Mixed
51.2692430648238,0.02538486129647599,87.04487337955855,32.048528259524616,0.15796840809036855,55.12758064893131,88.07237048504196,34.970372841884426,Beat,Below,Mixed
52.3737429365982,0.04747485873196408,86.83133740581304,33.09908224153835,0.186484909102181,57.70203736836566,89.07038919436093,37.174453795736255,Beat,Above cons < whisper,Clean
51.41291747667033,0.028258349533406474,86.72652108484749,32.175938794347445,0.1551587938267837,55.147934900933144,88.18027765498502,34.991174268787354,Beat,Below,Clean
51.75075407706879,0.035015081541376,86.56264746031358,32.01932576399494,0.1568823785172076,55.5931400762571,87.62256519934266,34.89541819672954,Beat,Below,Mixed
53.27742656418993,0.06554853128379873,87.88570418384897,33.47530494645266,0.08784418222250284,53.817714350809176,88.75936157173267,34.69853110099928,Beat,Below (severe),Mixed
55.613548650206,0.1122709730041201,86.92349809980178,34.79225749664548,0.11601490283308302,57.63229558641525,87.48841251910993,36.18946286894945,Big beat,Above cons < whisper,Mixed
56.458984982226234,0.12917969964452478,87.52062346659419,35.87367661533617,0.1763127711347277,61.66960900276105,89.26333706718086,39.79506770261845,Big beat,Above whisper,Clean
50.815912131667986,0.016318242633359716,85.9321500648777,31.53864559163352,0.11779471465374014,52.74448957243825,87.52068631405929,33.049328504493026,In-line,Below (severe),Mixed
52.56431396809602,0.05128627936192041,86.49473152099908,32.59974040605757,0.09280141887477203,53.33933139462045,86.8788526542245,33.011379079580294,Beat,Below (severe),Mixed
56.27060888151112,0.12541217763022228,86.96789533942456,35.63641992643939,0.23109442832869723,64.3262592817851,89.25969252712227,41.377219076655656,Big beat,Above whisper,Very bullish
51.31152378264401,0.026230475652880204,86.62289718887241,32.5524384667005,0.14102375870692635,54.36569146492,88.18928739835339,35.01783093281137,Beat,Below,Clean
55.48936489187676,0.10978729783753506,88.11221394771064,35.32699569921074,0.19938039914727845,61.79908114013041,89.31083066405928,39.92971865766646,Big beat,Above whisper,Clean
54.00546519285637,0.08010930385712742,87.05614219583282,33.72335288411043,0.11488059582951948,55.90895626852907,87.95500676387216,35.88893253772163,Big beat,In-line,Clean
53.39012141495668,0.06780242829913373,87.67105661782398,33.74424358079505,0.23480597409400644,61.21740938930766,89.7626546647492,39.720619418549504,Beat,Above whisper,Very bullish
55.22344267943025,0.10446885358860486,86.98513030462183,34.90928803097998,0.14115012959859996,58.516936001190345,88.13928519356571,36.6163425879829,Big beat,Above whisper,Clean
51.78726949444727,0.035745389888945454,86.11456687651331,32.42358395654366,0.10614958823952952,53.19271919680866,87.31500443246544,33.29329899957517,Beat,Below (severe),Clean
52.38746678467305,0.04774933569346111,86.449765378586,32.408521937923034,0.24156072691012634,60.39634838914743,88.61978915432891,38.401837799343504,Beat,Above whisper,Very bullish
51.697741388528705,0.03395482777057418,86.45212653989604,32.57048674901485,0.09817256784710367,52.71782416878349,86.90628584964473,32.904720012546655,Beat,Below (severe),Very bullish
55.257462988114334,0.10514925976228677,87.75065751109385,35.0143418628563,0.11213032899269829,57.063964742825334,88.33772480035094,36.48568767949441,Big beat,In-line,Mixed
51.98902123323194,0.03978042466463867,86.36579690989707,32.19091438662437,0.18881394332988993,57.39061096055841,88.04546477767107,36.5260537286137,Beat,In-line,Mixed
52.21487139311797,0.04429742786235925,86.8001580668417,33.070058237218916,0.07354983570445771,52.051318990738956,87.36883171802042,32.797539794414995,Beat,Sandbag (flat/down QoQ),Mixed
53.392322606352415,0.06784645212704835,86.51152378842903,32.9563349604158,0.14041463969527307,56.54014446564452,87.80006238070798,36.0869566662624,Beat,In-line,Clean
54.09127624873887,0.08182552497477737,87.81596350903804,34.40326246669593,0.11264640081854435,55.88557355999514,88.38164676406251,35.68715476809902,Big beat,In-line,Mixed
51.270500570483,0.02541001140966007,86.64722932923074,32.03693023487044,0.1872604212816465,56.523476384730216,88.8423584857881,36.01910095429924,Beat,In-line,Clean
53.20021599206648,0.06400431984132954,87.62876260177792,33.58107836065756,0.09421424016938135,54.054402924419854,88.53505391443275,34.29620307539274,Beat,Below,Mixed
51.32666338632631,0.026533267726526182,86.57654773464948,32.00791239643887,0.17744722089484444,56.11769165046115,88.46279487841282,35.834761034509505,Beat,In-line,Clean
50.55379517113684,0.011075903422736712,86.67688269119792,31.619021389106244,0.17977241228723934,55.38183195937516,88.48144374894684,35.49305036771022,In-line,Below,Clean
52.69411016578005,0.05388220331560098,87.40433641156169,33.132458156376885,0.13237882252319247,55.407573393188166,88.80209382949182,35.378501202432005,Beat,Below,Clean
51.1432871906476,0.02286574381295198,86.78727185908961,32.09205707514104,0.11850510694588529,53.11802591525803,87.70370420934479,33.5056903709946,In-line,Below (severe),Mixed
51.1014286182933,0.022028572365866073,87.09059414760213,31.48656305260718,0.14039765555078867,54.11338157791211,88.4777503067198,34.348941803664864,In-line,Below,Clean
53.84467506069076,0.07689350121381532,87.95412369114047,34.224070628426134,0.15803492909508862,57.900156289908324,89.63246380759875,37.142783701265884,Big beat,Above cons < whisper,Clean
51.1602114386558,0.023204228773115974,86.41091122796598,31.962327583084342,0.09737405633220494,52.1317538385902,87.29464805926696,32.67174721749027,In-line,Below (severe),Mixed
53.945588336033765,0.07891176672067528,86.30143980822912,32.970142798910516,0.1855171127317885,59.38531683384151,87.90119188772093,37.291589089282255,Big beat,Above whisper,Clean
53.58658517518143,0.07173170350362869,88.10594854515385,33.82514024058105,0.12180599006764009,55.81991279130346,89.30545382400736,36.030214639122285,Big beat,Below,Very bullish
52.01590323545779,0.04031806470915598,86.13370501300855,32.250852680025424,0.1702013732401838,56.52128986814257,87.72272511947625,35.496971512267855,Beat,In-line,Clean
50.391030505948656,0.00782061011897298,85.35826800864095,31.012501042770687,0.1387248985251068,53.282841020928956,86.50544765643342,33.20695450540635,In-line,Below (severe),Mixed
52.70281414520218,0.0540562829040436,87.70992568299026,33.15614288350823,0.1451885620446033,56.04361280760178,88.75884620547384,35.70300130307536,Beat,In-line,Clean
53.09458821410401,0.06189176428208017,86.9955665450459,33.474679869225895,0.14591898807196338,56.496232741374826,88.19475493466591,35.76552902142309,Beat,In-line,Mixed
50.758812756000914,0.01517625512001829,86.04394128699856,31.35005926380118,0.21459815928455467,57.247877645128945,87.63906901003833,36.17141477906817,In-line,In-line,Mixed
52.08557371825657,0.04171147436513146,87.21016097638187,32.69958370874007,0.23009116272594538,59.493575083742584,88.7646161564003,38.03020530130801,Beat,Above whisper,Very bullish
49.98781009814925,-0.00024379803701497506,86.28341321788301,31.2549052421607,0.17709045214754054,54.637304419560465,88.10400813349521,34.85402999683068,Miss,Below,Very bullish
52.172852707844584,0.04345705415689161,86.70723347489137,32.28235447741413,0.11963438478662289,54.2420541409599,87.57740124572682,34.42132201319049,Beat,Below,Mixed
50.34648972687711,0.006929794537542122,85.95778568808414,31.613395228622462,0.11370587222092177,52.06609687920953,86.48977427575657,32.37254602003704,In-line,Below (severe),Mixed
50.8300533667272,0.01660106733454405,86.93720247454809,31.927894164345346,0.08507495577679873,51.21481662981713,87.21383936913125,32.24184987103996,In-line,Below (severe),Clean
52.562151084844444,0.05124302169688878,86.99049234303472,32.96117628457568,0.15303877585563883,56.27718417583616,88.95233293685135,35.98417723332613,Beat,In-line,Clean
51.102728250529715,0.02205456501059438,87.25878034492706,32.29190788664621,0.09374145848098475,51.9008030627281,87.89430625637999,32.98453634812133,In-line,Below (severe),Mixed
54.690172644173686,0.09380345288347358,86.53416020370571,34.27155629342727,0.11504720401682234,56.626258087362935,88.15560934857845,36.42762495095929,Big beat,In-line,Clean
50.787976600644754,0.015759532012895233,85.95798671210014,31.224776776650945,0.1658799777972019,54.98320752927277,87.50153893520248,35.035759857738,In-line,Below,Very bullish
54.19933184479275,0.08398663689585506,87.46611342832111,34.17962695554798,0.21297251819892032,61.04642145872883,89.87121864189204,39.67105945793513,Big beat,Above whisper,Clean
53.94171931672995,0.07883438633459897,87.24586461984775,33.64033827344164,0.2510530970868886,62.66367251243046,89.59734892833886,40.55522260673568,Big beat,Above whisper,Very bullish
52.70514489836642,0.05410289796732826,86.54620277743963,33.01840585625793,0.16045986697110107,56.79347647763297,88.0045991631174,36.11200641907647,Beat,In-line,Clean
55.036954655945415,0.10073909311890829,87.67778721819658,34.95725707220065,0.1925713565212485,60.94724598192217,89.22319590700685,39.0625646608225,Big beat,Above whisper,Very bullish
54.507517307999365,0.09015034615998731,87.51349071239541,34.551646172321384,0.19812811661977933,60.642204121435206,88.98012829246001,39.47024862981123,Big beat,Above whisper,Mixed
54.264846193659324,0.0852969238731865,87.21581127964399,34.332044923892475,0.22248547477623373,61.59955867252099,89.33069299619444,40.0527153396382,Big beat,Above whisper,Clean
52.30837609065553,0.0461675218131105,87.22555035038042,32.76806784344968,0.14074352805625726,55.40826709650882,88.69793809353116,35.312204519971374,Beat,Below,Mixed
52.31630387682531,0.046326077536506194,87.22770519038964,32.78370678900234,0.21706194820901387,59.124169668036394,89.12660719988254,37.73114675951592,Beat,Above whisper,Very bullish
55.50733402231626,0.11014668044632508,88.0968817015413,35.1983959886998,0.1864559765149644,61.15293617753315,89.88689936484253,39.69279487328973,Big beat,Above whisper,Very bullish
51.85985884753311,0.037197176950662214,86.45816087524574,32.69179107545734,0.18719299727941235,57.16997117342652,88.31998170844558,36.66931888320008,Beat,In-line,Mixed
51.20415834501109,0.024083166900221643,86.42052557559417,31.59862666093509,0.048644720738953706,49.859615304921796,87.02327263971743,31.717212136233357,Beat,Sandbag (flat/down QoQ),Clean
48.967831003760324,-0.020643379924793575,85.2182206118249,29.8723935776041,0.05169698477435837,47.820797344909714,85.47760103567592,29.49970198761096,Miss,Sandbag (flat/down QoQ),Clean
51.16097366021205,0.023219473204240896,86.22604652826091,31.66470819467873,0.11956549784878728,53.18677087872942,87.53478820179652,33.42808420886888,In-line,Below (severe),Clean
48.89617590070608,-0.02207648198587835,86.02883673045663,30.16530645837381,0.10389042972541229,50.12059058217695,87.16259504756822,31.27396698694756,Miss,Below (severe),Mixed
52.81946355819331,0.056389271163866266,86.93608175319741,32.9505311258783,0.035457354957762005,50.7857090243794,86.90906651014114,31.746348897431513,Beat,Sandbag (flat/down QoQ),Mixed
50.18742524845167,0.003748504969033419,86.42370564415897,31.09518036735821,0.10045188696475306,51.283929186806766,87.22612652391075,32.01415265881364,Miss,Below (severe),Mixed
54.52851793168831,0.09057035863376635,88.11007375685274,34.99369378901064,0.12689944217218135,57.05900240828854,89.03109363263154,36.61154286356349,Big beat,In-line,Mixed
52.26130513134372,0.04522610262687428,87.28229361455018,33.12950719542553,0.09364281073183262,53.072686305188356,87.76362487866486,33.61114147114615,Beat,Below (severe),Mixed
50.340054248660515,0.006801084973210365,86.46499724185924,31.309554525423472,0.12920284894979767,52.78383748288376,87.39577395709465,33.51565709940958,In-line,Below (severe),Clean
50.63347888056309,0.012669577611261862,86.79793089565311,31.56971460916097,0.13865475652639364,53.53590502634386,87.70218618218321,33.814916579437806,In-line,Below (severe),Clean
52.86358722056822,0.057271744411364484,87.36823091374417,33.38767057371161,0.146750769067429,56.29126220793189,88.05700845260695,35.68238669930829,Beat,In-line,Mixed
51.9703997673043,0.03940799534608586,86.20456856428092,32.481815659000766,0.1303781028751017,54.550044616438484,87.5645098781055,34.552839716411555,Beat,Below,Mixed
48.37671678419861,-0.032465664316027924,86.12214301845378,30.2643228267995,0.17312695680354778,52.69831407396588,87.95801992868302,33.19488641564945,Miss,Below (severe),Mixed
53.404931127422785,0.06809862254845558,86.78415795482695,33.34718180231718,0.19778276488720958,59.398398488385794,88.56198561482141,38.01351263251361,Beat,Above whisper,Clean
50.663775685209124,0.013275513704182416,86.01500325671199,31.397041156773486,0.16594961779065986,54.85202347485836,87.922646147494,34.568918239901464,In-line,Below,Mixed
52.3204343530545,0.046408687061089984,87.68943904916371,32.98750395086613,0.1231451175103973,54.56605179039524,88.96016121614045,34.9447082320044,Beat,Below,Very bullish
51.103697393050496,0.022073947861009836,86.13847045064342,31.8897796718767,0.1227516735341856,53.27842164527261,87.27169247874365,33.17332016349277,In-line,Below (severe),Mixed
49.34345311366125,-0.013130937726774957,86.89342562092511,31.371000270990184,0.1737852786718803,53.78157465910518,88.01366791824225,34.06972961574624,Miss,Below (severe),Very bullish
49.211920793116555,-0.01576158413766888,85.8147311513085,30.40731997554598,0.1104371097574893,50.74340429889977,86.59585549544462,31.324064827762776,Miss,Below (severe),Very bullish
52.28605199075827,0.04572103981516531,87.42050091857595,32.655752030699816,0.08620226435706012,52.73656891903455,88.38482215785045,33.67576704495636,Beat,Below (severe),Mixed
48.23926142127101,-0.035214771574579716,85.0234957005387,29.46669323589284,0.08908285754042579,48.78394176900907,85.73899004801818,30.164435883992653,Miss,Below (severe),Mixed
53.39497187816029,0.06789943756320571,86.54069990982086,33.161064619776916,0.19374453122546326,59.18710169774188,88.17306874801703,38.320227996111385,Beat,Above whisper,Very bullish
51.035508236621816,0.020710164732436365,86.73404485888648,31.98917061446098,0.15023086546789396,54.50957275084596,87.90254863361471,34.57430674931171,In-line,Below,Mixed
52.23815721374353,0.04476314427487055,86.61645353192617,32.65542845321899,0.1894072777717222,57.69441262688066,88.43773162295578,36.85868122382074,Beat,Above cons < whisper,Mixed
53.632826970753534,0.07265653941507061,87.54526736614872,34.05619441259076,0.22985072858015201,61.24891623109486,89.74336913015672,39.41452744756264,Big beat,Above whisper,Very bullish
51.406033793797015,0.02812067587594015,86.83913087940226,32.00562150860844,0.08055188391623246,51.5792518990811,87.06075569062239,32.54468174336667,Beat,Below (severe),Clean
55.778845415782655,0.115576908315653,88.12693677398369,35.30046618557263,0.23824911696360745,64.13466993267512,89.97745764104165,41.97713093910469,Big beat,Above whisper,Clean
52.548587160315364,0.050971743206307304,86.60627907297827,32.954632151085384,0.14961596384612555,56.09564505726822,87.95319337135963,35.49035931772632,Beat,In-line,Very bullish
50.62364363107867,0.012472872621573554,86.86675083040629,31.612876967495904,0.21391709413780818,57.06341305907077,88.84727156530802,36.74642541574082,In-line,In-line,Clean
54.5851075692952,0.09170215138590403,87.0170569191626,34.16842946616877,0.20832416471373155,61.24532561594368,89.00349828301005,39.61286009449053,Big beat,Above whisper,Clean
51.581449967684314,0.03162899935368614,86.5484638063182,32.311913194661,0.11869703204980232,53.58229963141141,87.57918796103507,33.535140316996525,Beat,Below (severe),Mixed
53.913398244830326,0.07826796489660656,88.45070473846982,34.378079390560565,0.13310985109204052,56.726245324418024,89.75385356060566,36.643480399504185,Big beat,In-line,Very bullish
51.5349931445332,0.03069986289066408,87.30897995607657,32.45411748125866,0.1568313147284689,55.35891574006205,88.8221244113605,35.592810797834524,Beat,Below,Mixed
52.176843341091825,0.04353686682183665,86.61428800636196,32.4033693911607,0.20955825692519803,58.60300799183085,88.37245891552425,37.24561492876315,Beat,Above whisper,Very bullish
53.346670388288565,0.06693340776577122,86.89349784248314,33.939314433329706,0.16624700198219342,57.7714376627828,88.31496040109515,37.18963607101704,Beat,Above cons < whisper,Clean
52.160149437463296,0.04320298874926602,87.17198541771198,32.78949982828882,0.21281722567432482,58.74210432210939,89.30950495779464,37.66554834613925,Beat,Above whisper,Clean
51.961708625972605,0.03923417251945208,86.56037377880253,32.578956795350464,0.07601653611087555,51.91796788854153,87.24840147773838,32.43055405534586,Beat,Sandbag (flat/down QoQ),Mixed
53.15848978134496,0.06316979562689917,87.4399081026597,33.84884151537258,0.1876375493802746,58.62351720891055,88.9540912390022,37.657202862823546,Beat,Above whisper,Very bullish
51.236634042822295,0.024732680856445883,86.70834241426971,31.823128469040988,0.1818368197540268,56.22810201549358,88.9839707822232,36.31033065429138,Beat,In-line,Very bullish
49.158001641940636,-0.01683996716118734,86.20953924655353,30.773456608558803,0.11487896566102276,50.89056330849181,87.31151029009723,32.00707610225727,Miss,Below (severe),Clean
54.14413137621009,0.08288262752420192,87.22494071015733,34.09493932778357,0.18495250252819004,59.57549368777986,88.51500779654668,38.015824799223005,Big beat,Above whisper,Very bullish
52.909952514904255,0.0581990502980852,87.39799908078997,33.1429718911126,0.1802362915646483,57.98579998997707,88.97889794485174,37.33145189746315,Beat,Above cons < whisper,Clean
51.81179174401343,0.03623583488026862,87.65103508640966,32.67094383034489,0.14626884357579695,55.14808241985742,88.72299876502342,35.27668692813201,Beat,Below,Clean
51.72079140989136,0.03441582819782732,87.19968289476381,32.58783728274788,0.13840279107421033,54.673443776331126,88.81784050679454,34.97517800629195,Beat,Below,Mixed
51.0938511228727,0.021877022457453953,86.71344420361548,31.622937077850914,0.12453764571825725,53.352890548651935,87.83280398918959,33.81643162723901,In-line,Below (severe),Mixed
51.79665593752847,0.035933118750569475,87.43729612227142,32.42042221254936,0.1145207751139716,53.60498847210551,88.01729568706736,33.75949273748349,Beat,Below (severe),Mixed
54.47565779377385,0.08951315587547691,86.3754931847059,33.70784841742718,0.24378829302392155,62.91645788876802,88.71101225527867,40.32879147480358,Big beat,Above whisper,Clean
58.47693445375055,0.16953868907501096,87.97682678595969,37.03761433331882,0.19610208567892992,64.94835588822389,89.41286666213217,42.165206848981924,Big beat,Above whisper,Very bullish
54.82698198154985,0.09653963963099707,87.07375457727622,34.292613603625234,0.2564592557270101,63.967306904703726,89.5288670706015,41.89570765718382,Big beat,Above whisper,Very bullish
52.0449697388668,0.04089939477733599,86.9222414404258,32.603273516195785,0.15678997073189432,55.904734805182756,88.69492141103838,35.84886910656798,Beat,In-line,Mixed
52.040275079934474,0.040805501598689446,86.60132475947712,32.2979135633032,0.12855376808124924,54.53523078105587,87.58164519548778,34.33933706999058,Beat,Below,Mixed
50.74630761082503,0.014926152216500567,86.5284472106188,31.41012177548843,0.18185782302623688,55.69099773672446,88.11199557032927,35.23712988807216,In-line,Below,Clean
49.7726162842448,-0.004547674315104095,86.16022244841956,31.055364510402594,0.10765024449587826,51.19274698241162,87.04893702690467,31.993384103419494,Miss,Below (severe),Clean
52.75982276923362,0.055196455384672445,86.26174897599373,32.44537652531005,0.23962663386088923,60.73087568091345,88.16735526345265,38.41885553999401,Beat,Above whisper,Very bullish
49.243790872011154,-0.015124182559776989,85.81784806214267,30.69050838688988,0.10351200430505814,50.45960619584129,86.77307561984895,31.42798012291524,Miss,Below (severe),Clean
51.114638313788696,0.022292766275773892,86.54589613473237,31.870950815631865,0.045175467326074775,49.607782702044716,87.04038310441196,31.43770915864927,In-line,Sandbag (flat/down QoQ),Clean
53.89750378229654,0.0779500756459308,86.76382300113292,33.801902789024346,0.21067733166919322,60.591594201153804,88.99260305958525,39.13852523417732,Big beat,Above whisper,Very bullish
53.381074167644805,0.06762148335289607,86.40111771341135,33.13388060598942,0.17628579968761215,58.30629955008096,88.54656549390923,36.912232893726234,Beat,Above cons < whisper,Clean
51.58389601839771,0.031677920367954276,86.63584328315129,32.060750100154934,0.21234026194042158,58.070288724362335,89.01846632451004,37.46147867086344,Beat,Above cons < whisper,Mixed
51.85263401715168,0.03705268034303363,86.53186034364562,32.24964310534082,0.25253156159972634,60.307984897236224,88.69524518651063,38.47149921459709,Beat,Above whisper,Very bullish
56.020306199521976,0.12040612399043947,87.6239496564711,35.896983009060456,0.15117728271068173,59.88292501971563,88.52341718237928,38.0595593573009,Big beat,Above whisper,Very bullish
54.807378577241714,0.09614757154483425,87.30316599062007,34.52150380193726,0.16713083099077067,59.39828263876174,88.76722354457496,37.97232740981406,Big beat,Above whisper,Clean
55.08424918230585,0.1016849836461169,87.43860047802686,34.36618415891826,0.23029630007127874,62.92923739253845,89.56462314241833,40.322403876314816,Big beat,Above whisper,Clean
52.67549599152426,0.053509919830485045,87.2597723731632,33.24356228444272,0.13961174090894177,55.74178414084701,87.82892685564092,35.45943944437787,Beat,Below,Clean
52.44317809302913,0.04886356186058264,86.12648688547647,32.191104151529046,0.1669505333175179,56.827266455631204,87.93585648037919,36.296788353567344,Beat,In-line,Clean
52.337708923382046,0.04675417846764075,88.11960060054938,33.75974482622722,0.09836203867854804,53.37962748193245,88.88197444022076,34.40172816128754,Beat,Below (severe),Clean
51.291196334063336,0.02582392668126684,86.85708333349005,32.01117478340171,0.08352930286166567,51.6058346205893,87.51826096411705,32.250252790169924,Beat,Below (severe),Clean
52.193280245581384,0.043865604911627824,86.752032287372,33.02147952489246,0.18728841884203215,57.54215737860143,88.62414019344673,36.50691640290451,Beat,In-line,Clean
51.60947082936682,0.032189416587336504,86.59769003440711,32.3174403308677,0.1950824787363384,57.27203330181399,88.4114879970683,36.71210849760873,Beat,In-line,Mixed
52.03801372014609,0.040760274402921945,85.96686797375199,32.50346943615145,0.06349883688853052,51.389340846410136,85.83298429566702,31.925964965302605,Beat,Sandbag (flat/down QoQ),Mixed
51.440705355086024,0.028814107101720558,86.02100558475536,31.850926448576434,0.1390528561947945,54.408419333715194,87.41443141156327,34.15755148172312,Beat,Below,Clean
52.71388547821807,0.054277709564361364,86.5990750113737,33.25134783525785,0.08136478843602879,52.931301073666155,86.74729980855014,33.00764588518962,Beat,Below (severe),Clean
53.46744283586364,0.06934885671727291,87.20134193182062,33.527670316666565,0.12894533241415232,56.050261452406716,88.5756437086569,35.40873900893185,Beat,In-line,Mixed
49.0511316414434,-0.01897736717113208,85.04157718671352,30.10475556649423,0.16237578863875193,52.94328726639272,86.80885480866083,33.10607863176686,Miss,Below (severe),Very bullish
52.52243455191255,0.05044869103825112,87.17923160377048,33.087329994552874,0.21196339984684046,59.10846346578559,88.96191620622221,38.15260837794726,Beat,Above whisper,Clean
50.9588307074044,0.0191766141480881,86.67357813719701,31.91475656862068,0.09040130612591402,51.59660587900287,87.32536721552023,32.48093251293798,In-line,Below (severe),Clean
52.98329737520482,0.059665947504096394,87.48668013062121,33.76207534949123,0.12891965829820515,55.54146554201924,88.52696057626234,35.64175623128917,Beat,Below,Mixed
56.1567549205439,0.12313509841087783,87.66243975951058,35.45832496912701,0.19593181706151713,62.36253209866119,88.93971895509391,40.25040424374236,Big beat,Above whisper,Very bullish
50.87493302589849,0.01749866051796978,86.4765578692609,31.948163595088182,0.2061467083893773,56.979587793809095,88.05182554589847,36.19728279078977,In-line,In-line,Mixed
50.275559466696876,0.005511189333937509,87.19788404620978,31.875438862761406,0.1615878300844083,54.22808673954291,88.94161257053916,34.81535281543745,In-line,Below,Clean
51.04130071675088,0.02082601433501768,86.4686184468686,31.672429503822947,0.21511331801826988,57.59089539347807,88.1900233485136,36.34340239704896,In-line,Above cons < whisper,Clean
50.42579860658638,0.008515972131727625,86.08322325622973,31.30266840379737,0.2025606164846874,56.30864521199284,87.98946905063345,35.87539739245524,In-line,In-line,Clean
51.71536618232627,0.03430732364652555,86.69989905505898,31.906337899313595,0.16479556113601734,55.93512690229039,87.88785028485135,35.5918223078103,Beat,In-line,Mixed
57.33325410087342,0.14666508201746836,88.04503395893518,36.113248559739226,0.16804211169567312,62.1842512481996,89.6436131692895,40.28148440296637,Big beat,Above whisper,Very bullish
52.80530435782273,0.05610608715645453,86.92015012034851,32.995976259758,0.21622867097602375,59.63594477248494,88.66044730558824,38.36767493501819,Beat,Above whisper,Very bullish
51.50299491812878,0.030059898362575388,86.71649339057393,31.990462172875173,0.15919411698983937,55.43754237956301,87.62058677486803,34.82666500125449,Beat,Below,Mixed
51.22566889153224,0.024513377830644716,85.48479060351623,31.61501363087899,0.11121887255130772,52.857006457668255,86.6415371774691,32.159856926410576,Beat,Below (severe),Clean
54.967039965884155,0.09934079931768312,87.71316049476397,35.4444525392862,0.16799177272642404,59.61526113332885,89.5100059847958,38.32965769192813,Big beat,Above whisper,Very bullish
51.17346878975726,0.023469375795145297,85.99971602862003,31.706069669876264,0.10935283063310365,52.714472994143996,86.7248084263801,32.83578060718542,In-line,Below (severe),Clean
51.185649483819375,0.023712989676387554,86.18173877146724,31.699291971627606,0.2659708480207429,60.17100150612879,88.70100784333772,38.382753510386266,In-line,Above whisper,Very bullish
54.63049125909977,0.0926098251819954,86.38811417666999,33.81570650716182,0.17119592613620088,59.41279389080005,88.60794881180612,38.31868805733192,Big beat,Above whisper,Very bullish
51.36868241376366,0.0273736482752731,85.59570530504682,31.784621750019873,0.2156910525372303,57.987844191679116,87.51367208579668,36.64900009302354,Beat,Above cons < whisper,Clean
51.08991225164622,0.02179824503292444,86.74030722476532,31.987525306457165,0.1731739315825384,55.65611370472279,88.35008837859624,35.393289701640725,In-line,Below,Clean
52.37918956504319,0.047583791300863966,86.12349551055468,32.58784323609463,0.08628023913368969,52.83430152589084,87.19286071966178,33.10419697205455,Beat,Below (severe),Very bullish
51.072661291785046,0.021453225835701036,86.58927502621381,31.993077726118116,0.10845252146097623,52.56793303041571,87.58119319965634,33.17867642017214,In-line,Below (severe),Clean
51.372984364136606,0.027459687282732192,86.0787435086201,32.291740768638746,0.11015799850114866,52.95840596309779,87.05031975886965,33.28113225526075,Beat,Below (severe),Mixed
51.13918919715616,0.02278378394312333,86.22221653858183,31.77909628552527,0.10675810096886623,52.55594678372268,87.10618715466914,33.00684815245286,In-line,Below (severe),Mixed
51.045065443747525,0.020901308874950505,87.26355296348292,32.01955574362462,0.14215392651698133,54.13694178832877,88.46943710627392,34.09809387988515,In-line,Below,Mixed
51.77235838863298,0.035447167772659625,85.72666269590509,31.87439865575871,0.14784124465930806,55.18170198520223,86.68156113992087,34.576142380535096,Beat,Below,Very bullish
56.44618078043582,0.12892361560871637,88.26889618119294,36.21767295873569,0.2141863252235364,63.64073932793644,90.23283978354011,41.104772297678224,Big beat,Above whisper,Clean
56.248739448431074,0.12497478896862155,88.31814343462928,35.44823821709328,0.1728507234758244,61.25913370264583,89.73961564338855,39.73968352926599,Big beat,Above whisper,Very bullish
54.18894701589145,0.08377894031782901,87.34026576281889,34.19143556841572,0.19180913299975755,59.9698189639523,89.13740874734009,38.47346002386045,Big beat,Above whisper,Mixed
55.2144656477609,0.10428931295521805,87.43818220960551,34.9773190212896,0.18045214227251902,60.52246038273664,89.25259168452489,39.19915844521687,Big beat,Above whisper,Very bullish
51.487723045034706,0.02975446090069406,85.83372107139898,31.871727956910096,0.1260549541500695,53.83671949757031,87.00323613636809,34.260376385997695,Beat,Below (severe),Clean
49.60990332593781,-0.007801933481243921,86.89618853849295,31.103607877002126,0.12773586557233552,51.950662463362335,87.83650492053677,32.92991417140393,Miss,Below (severe),Clean
50.93548885238772,0.018709777047754426,86.26363760122511,31.384752438619014,0.14651381413673628,54.2269386277081,88.05043567799432,34.46830783725656,In-line,Below,Clean
51.80187868125821,0.03603757362516413,86.59407500518323,32.23278265788922,0.14746767353058093,55.19519684240413,88.29119805542216,35.48433884774614,Beat,Below,Mixed
48.995840015406934,-0.02008319969186131,85.1186451373419,29.918013275553616,0.11236706286258713,50.60840446110746,85.84728539701955,31.382460561076805,Miss,Below (severe),Mixed
53.289226796212844,0.06578453592425683,86.7693761735617,33.60825013126552,0.15352222534582854,57.07957123228843,88.5580247943169,36.60009078976421,Beat,In-line,Clean
52.91556303912003,0.05831126078240054,86.9628843675206,32.819869909172276,0.18569446565661987,58.26014093954657,89.0427241200279,37.27779485491037,Beat,Above cons < whisper,Mixed
51.833116830586846,0.03666233661173695,86.52381481313701,32.367210708679316,0.1925626825240131,57.39893793313199,88.46546222720944,36.39005631570835,Beat,In-line,Very bullish
51.57894506244155,0.031578901248831,86.39493025765559,32.330488394413635,0.12677927533738587,53.96679445868724,88.27831475298939,34.45034052693203,Beat,Below,Mixed
50.51353898409884,0.010270779681976854,86.65714562392138,31.52175924775113,0.12139843793606934,52.59967487486324,87.52100737605375,32.6870842703705,In-line,Below (severe),Clean
49.080013872218814,-0.018399722555623717,85.96476007557781,30.56785423812358,0.16589917019548878,53.135036914888495,87.5994806166009,33.586349364730985,Miss,Below (severe),Clean
51.649467895939225,0.03298935791878459,86.68567439137497,31.806109385027998,0.14972053651328737,55.14085008709184,87.90561656591657,35.064006223367215,Beat,Below,Mixed
53.16206018863478,0.06324120377269572,87.59095218678833,33.78967911987876,0.05025054220159926,51.845376642120044,87.36784086333972,32.8060264937103,Beat,Sandbag (flat/down QoQ),Mixed
50.50158712956892,0.010031742591378325,87.21412999813197,32.17630592676653,0.22185266313564603,57.297963103494894,89.27099203261636,36.8766098624014,In-line,In-line,Mixed
50.36015397026033,0.007203079405206569,86.17607056884607,31.40919794914813,0.14592196609829466,53.58674903271258,87.18101107606519,33.94796395422233,In-line,Below (severe),Mixed
50.57652665282665,0.011530533056532972,86.28350913079534,31.333268896743164,0.08696349805492416,51.04806416359423,86.88027897450894,32.03737555202587,In-line,Below (severe),Mixed
52.25237196938441,0.04504743938768838,86.7840758401661,32.976360126240436,0.0840689253208646,52.59908896015116,87.75395316969303,32.78216534085252,Beat,Below (severe),Mixed
53.5670382588137,0.07134076517627397,87.71896584012266,34.14933788498565,0.0988013705595603,54.65528255162941,88.40854052138901,34.99200540403329,Big beat,Below,Clean
54.13706726359552,0.08274134527191032,87.1200212932757,33.50951934363819,0.119312989420472,56.26801384032426,88.53337250272733,35.63355654638906,Big beat,In-line,Clean
52.32247549949823,0.046449509989964576,85.56367711054034,32.11915797323639,0.0650333410493554,51.74481082940338,86.33076675632331,32.30928856342499,Beat,Sandbag (flat/down QoQ),Clean
53.09683958035948,0.06193679160718947,87.32439197936013,33.59160807606694,0.1494002267818541,56.670268065417424,88.82501251169316,36.37379199334128,Beat,In-line,Mixed
49.960808750099375,-0.0007838249980126034,85.94058610755219,31.208516091926093,0.14456387316226157,53.09881271438041,86.9931161295618,33.166920444818885,Miss,Below (severe),Mixed
51.78782938102731,0.0357565876205461,86.98810953656391,32.6882976360841,0.1276633949016984,54.22786524479923,88.14245802800092,34.25141984232479,Beat,Below,Mixed
52.772698543496276,0.05545397086992557,86.90863008760289,33.22643159568426,0.17586051724927285,57.620951705567236,88.20587744340779,36.57763834780581,Beat,Above cons < whisper,Clean
53.31299277608903,0.06625985552178058,87.31138247586175,33.29466094778003,0.10643723781171932,54.77408900474837,88.242638326893,34.71820473017737,Beat,Below,Mixed
52.82262294076963,0.056452458815392424,86.45850260696302,32.702255791567666,0.25347609710997093,61.48247415412842,89.54549455195738,39.85407446153993,Beat,Above whisper,Clean
54.4863005545611,0.0897260110912219,87.93793294142776,34.51009326778162,0.16647497656553992,59.01712715091573,89.20633460142182,37.9754616207109,Big beat,Above whisper,Very bullish
53.15281815627172,0.0630563631254344,87.92092023407756,33.72090130027055,0.13137851171755532,55.84053084929108,88.82441721588823,36.08241841517503,Beat,Below,Mixed
51.09277616832614,0.021855523366522814,86.39536772071536,31.93281001658165,0.16829826748734208,55.42791603010442,87.99668127046954,35.05845277683852,In-line,Below,Clean
52.84824547446241,0.056964909489248094,86.81913934157453,32.61905048862615,0.07520704635190469,52.76403406994307,87.71512557875982,33.4075656177476,Beat,Sandbag (flat/down QoQ),Mixed
51.399215497369475,0.02798430994738945,86.68742816492096,31.81138088433761,0.16958222786582375,55.8216369025426,88.14870066935748,35.45975001566379,Beat,Below,Very bullish
52.99358802004407,0.05987176040088129,86.82464368098013,33.070938642088024,0.16796794474389282,57.47375407834864,87.95895896965446,36.966439358526955,Beat,In-line,Clean
52.301824780150255,0.046036495603005025,86.26771292267154,32.56435888464318,0.17255980246463562,56.94651609469918,88.42250610567991,36.38304911306791,Beat,In-line,Mixed
53.4212338351334,0.06842467670266794,86.44437575448084,33.00513269634156,0.23085808267311037,61.05724620574817,88.71902142850342,39.35140115219205,Beat,Above whisper,Very bullish
56.071189677517374,0.12142379355034748,88.69315226184365,35.93653150253098,0.1780885736459009,61.33848302197125,90.44459443742183,40.67134316309794,Big beat,Above whisper,Very bullish
52.53528431365433,0.05070568627308664,87.3932045344809,33.04820618225822,0.19837611770092203,58.46009933967471,88.91471229483273,37.59430035661209,Beat,Above cons < whisper,Clean
56.11138068265333,0.12222761365306671,87.14493103434204,35.475812696962045,0.15499813177831173,60.179358441397234,88.43599448130307,38.44554855366731,Big beat,Above whisper,Clean
52.46043317437502,0.04920866348750036,87.03500723556517,32.89071165872045,0.13528521359790566,55.3034430759655,87.98599599546267,34.798252117143655,Beat,Below,Clean
49.80476470243021,-0.0039047059513957418,86.26154242308053,30.771950839914016,0.20275884239900988,55.62432677234646,88.05968221042288,35.15108099348721,Miss,Below,Very bullish
48.762641500827684,-0.024747169983446327,85.77417844502891,29.952164756784597,0.075727270424163,48.70849586604613,85.59373107364985,30.012774613802154,Miss,Sandbag (flat/down QoQ),Clean
50.92452949553283,0.018490589910656722,86.23069595826601,31.807427003558665,0.17808574261720275,55.70821485187812,87.76310305566358,35.17666113480224,In-line,Below,Clean
50.5081759002508,0.01016351800501583,86.40965565531883,31.677257059507255,0.12761580729689592,52.8856877183653,87.59728055853631,33.020028123259145,In-line,Below (severe),Mixed
50.92937011973451,0.018587402394690165,86.03919594512864,31.47446061484778,0.1298277547882452,53.431314759790666,87.0662964355487,33.4539359355679,In-line,Below (severe),Mixed
51.765862699447304,0.035317253988946105,86.98127477484235,32.44518305457972,0.15701225461933235,55.615613406045014,88.07429586245104,35.286547243160406,Beat,Below,Mixed
52.984246280452176,0.059684925609043586,86.81484630555455,33.08208635768824,0.11764388805454946,54.98769623148692,87.86449946924878,34.867069114507636,Beat,Below,Clean
52.590248727567776,0.05180497455135547,86.6647131803679,32.5790012648785,0.129417372617869,55.15374479012342,88.06835026550483,34.76171678065127,Beat,Below,Mixed
56.573599201943324,0.13147198403886648,87.65187108151625,36.040917750494145,0.0927164974037903,57.40326908222528,87.99827607516943,36.68707162500459,Big beat,In-line,Mixed
52.79123528144874,0.05582470562897482,87.18340921331513,33.20641945819946,0.007847349360289496,49.405113223016116,86.41970663003147,30.785335149930688,Beat,Sandbag (flat/down QoQ),Mixed
50.86037110586707,0.017207422117341335,87.19838114609136,31.949587705141035,0.1794796587792679,55.703860788953946,88.8069535900965,35.93781811993886,In-line,Below,Mixed
52.76312842249956,0.055262568449991285,87.52156310353942,33.288749955429424,0.08378711851194047,53.09942756550368,88.38644290574426,33.583600568542266,Beat,Below (severe),Mixed
51.5844758571128,0.031689517142255916,85.75618926873594,31.946047003329262,0.12245793894944704,53.765589848622184,87.03556629446292,33.71334330828004,Beat,Below (severe),Clean
50.80891343706034,0.016178268741206897,87.26205934263149,31.772207417849046,0.13902502966056096,53.73886526790648,88.16058540288768,33.813979673133204,In-line,Below (severe),Mixed
52.35266245184433,0.047053249036886784,87.41714022256414,32.87926333450596,0.12478919782044645,54.67958711704784,88.61995130912223,34.769772690813205,Beat,Below,Clean
53.02652457256377,0.06053049145127542,87.39532992838073,33.218328483461015,0.10790663101285361,54.552121179687326,88.29617233922376,34.56962580143286,Beat,Below,Very bullish
51.319126773544085,0.026382535470881777,86.44621843024777,31.865344761943046,0.21381671747830733,57.8425844323938,88.27355786804056,36.8405723280673,Beat,Above cons < whisper,Very bullish
51.79102060320585,0.03582041206411705,87.46075376198881,32.95277496951403,0.1216161408212272,53.94038432543468,88.7854167038028,34.229867023948124,Beat,Below,Mixed
50.60296286432051,0.012059257286410148,86.22018915316517,31.734246882349538,0.13629870707209116,53.39293261411983,87.58855176786963,33.78977060186754,In-line,Below (severe),Mixed
50.293487545588576,0.0058697509117715055,86.8245291926612,31.739423521513466,0.18238007222032598,55.218444762339004,88.86016022158813,35.26874419712425,In-line,Below,Mixed
51.71219523683326,0.03424390473666515,86.71381801634477,32.49757178336449,0.14126969522339267,54.802021204610895,87.73996758223763,34.44617199267495,Beat,Below,Mixed
53.5695643736352,0.07139128747270408,88.34406097734592,34.10585671582777,0.19398637849918435,59.39266372395165,89.88706287869745,38.28968360343943,Big beat,Above whisper,Mixed
53.5868504573628,0.07173700914725592,86.45857941429601,33.51734872314311,0.11035025306639606,55.25016061162363,87.06411201703807,34.80918195598659,Big beat,Below,Mixed
51.95097017186446,0.039019403437289296,86.1128292991572,32.43120390222972,0.14673154476784092,55.31854368612944,87.32225716970893,34.67213808280139,Beat,Below,Mixed
50.22023096757038,0.004404619351407506,85.93507975514416,31.00938513235978,0.10090630456309825,51.33864253961223,86.46353824462814,31.82983564023677,In-line,Below (severe),Clean
53.83124986303998,0.07662499726079952,87.33093777103505,33.69893385081831,0.1606305374230957,58.01546442593297,88.84972267500093,37.23360041690822,Big beat,Above cons < whisper,Clean
52.27989482305503,0.0455978964611006,86.68034405726368,32.871273239620805,0.06699784765689434,51.798068448219354,87.4353223379558,32.666180585290796,Beat,Sandbag (flat/down QoQ),Clean
53.25984406096841,0.06519688121936808,87.32359473647992,33.72443094126876,0.2268176951682,60.67296776904537,89.49887754787514,39.53535231324337,Beat,Above whisper,Clean
51.35175175537506,0.027035035107501333,86.56206243593864,32.28583881523713,0.13123335866313926,53.9414707106495,87.66246189715729,34.55760357377497,Beat,Below,Clean
55.35816382272715,0.10716327645454292,87.75115882582386,35.25465612209761,0.16528046228952015,59.90008767864316,89.01860787851578,38.65270148087756,Big beat,Above whisper,Clean
56.68464065141533,0.13369281302830663,88.33341814806617,36.36377279716856,0.16546454480900435,61.3450861348592,89.75917618184036,39.849263025139884,Big beat,Above whisper,Very bullish
55.80595546017189,0.11611910920343771,87.76167480241568,35.38460090639254,0.17081586995701895,60.67146269867782,88.92069935003262,38.817605089295306,Big beat,Above whisper,Very bullish
52.12018491534279,0.0424036983068559,87.11551970481585,32.529734743033266,0.1998038648693493,58.067285063481044,88.57942693905542,37.30748731968133,Beat,Above cons < whisper,Clean
53.07278820118568,0.061455764023713645,87.35090217616279,33.36051911076516,0.12993974423890117,55.68554895994362,88.35111392739101,35.3111689916188,Beat,Below,Clean
51.53848879138864,0.03076977582777283,87.38425833637734,32.53401199110137,0.1278221286236697,53.97437326798313,88.13480786910588,34.270483957094456,Beat,Below,Mixed
52.04502193911193,0.04090043878223861,86.28772482721043,32.554435690238755,0.021811921757672548,49.3816364651296,86.29606059877956,30.565581286570605,Beat,Sandbag (flat/down QoQ),Clean
51.537341319475715,0.03074682638951435,86.89327791420158,32.06540009232575,0.17729006535049732,56.34051422071099,87.98548201765183,35.786516924462575,Beat,In-line,Clean
53.46178321167897,0.06923566423357938,87.23382291475863,33.84633071001724,0.27386023171858964,63.23835101082421,89.73609905021664,41.48664913517275,Beat,Above whisper,Very bullish
53.652062511783626,0.07304125023567254,87.87584156064892,33.95677216878026,0.09921946653414761,54.762863566041005,89.01035484256025,35.0846333979296,Big beat,Below,Clean
54.603362905983545,0.09206725811967086,88.08121693355014,34.534154960613336,0.22637220085801213,62.18090017402693,90.15604922045264,40.33670430359917,Big beat,Above whisper,Very bullish
48.41039966048826,-0.03179200679023472,86.4096411024734,30.05623573487034,0.12939646077282102,50.76921018107085,87.31066593019385,31.795823462994687,Miss,Below (severe),Clean
52.31627846261448,0.04632556925228941,87.00658451823978,32.720154756027235,0.10680424420097098,53.76788768299144,87.80019568413582,33.652281288216614,Beat,Below (severe),Mixed
54.56090591513467,0.09121811830269351,87.78546534225565,34.58710986716024,0.17201126316304816,59.37842509942312,89.17186336991895,38.34043940665215,Big beat,Above whisper,Clean
52.822171297248644,0.05644342594497295,86.10098319263892,32.84980837611764,0.11481703508023472,54.68083807837765,87.39720945907665,34.04462452434572,Beat,Below,Clean
50.99608649490973,0.01992172989819457,87.83539121446628,32.344137093649614,0.22047989001437457,57.79400531958017,89.79166753096497,37.49110967488129,In-line,Above cons < whisper,Very bullish
51.861124160869565,0.037222483217391245,86.51609227390861,32.09718411202826,0.07928887673557419,51.97505341026984,87.37372946511151,32.862429143723034,Beat,Below (severe),Clean
50.52747984879513,0.010549596975902622,86.49895621369912,31.573551367124395,0.0777285720542814,50.565272370733204,87.24871614036152,31.551582707090255,In-line,Below (severe),Clean
51.98086924213884,0.03961738484277674,85.98049199620668,32.456990813764,0.09866763668145018,53.03043456555757,86.60674650679327,33.06366659412376,Beat,Below (severe),Mixed
50.14989042553203,0.002997808510640527,85.86850716920299,31.128961863356093,0.11905782119161834,52.11201089026611,87.3234443934619,33.043939999586584,Miss,Below (severe),Mixed
53.596372990928195,0.07192745981856401,87.04237595577904,33.68485403262128,0.11876116689817967,55.67857358963798,87.7782904119907,35.60048855842043,Big beat,Below,Mixed
51.56798023171532,0.03135960463430629,87.30602571984181,32.579638172678564,0.1518865613042483,55.15757317805058,88.62062132718295,35.128187140389244,Beat,Below,Mixed
50.97822216169757,0.019564443233951373,85.48065675747239,31.094935290878354,0.11512883525556922,52.7867651095325,86.43626561766847,32.93380580108162,In-line,Below (severe),Very bullish
58.208127018545355,0.16416254037090702,87.97201800870528,36.84266798201844,0.22387232900404586,66.15079341106826,89.67287137317524,42.65481913013393,Big beat,Above whisper,Very bullish
52.422048735017626,0.0484409747003524,86.25225904478211,32.67408605457632,0.09418225487255191,53.262184383497505,86.72493109422528,33.32058446707229,Beat,Below (severe),Mixed
52.1900400617675,0.043800801235349816,86.96858124207381,32.61552312811407,0.11140926575266817,53.86131595431912,87.98987218773352,34.50694186512013,Beat,Below (severe),Clean
52.68463674462177,0.05369273489243539,86.93543514606029,32.77848439104494,0.14005578426620513,55.77318022962205,88.26424748195684,35.72461134983223,Beat,Below,Mixed
53.021394132889796,0.060427882657795993,86.43870930800813,32.596983961343625,0.13922300682868932,56.088678332439756,87.41630798083494,35.112724522262376,Beat,In-line,Clean
53.696410358249935,0.07392820716499865,87.97171206930257,34.16481637568882,0.20142774945577274,59.904331918382596,89.55596143118164,38.855588842311356,Big beat,Above whisper,Very bullish
51.516324448540395,0.03032648897080784,85.95891708660555,31.842062251343922,0.14789784951545581,54.9115153316043,87.2475679598558,34.6819854993742,Beat,Below,Mixed
51.60248676769922,0.03204973535398431,87.18245592181655,32.64233667388918,0.11072424657499383,53.222123719559605,88.19019061877277,33.71732298200683,Beat,Below (severe),Clean
54.57434913208168,0.09148698264163362,86.50561422155401,34.14070154038667,0.1739729719083214,59.492467209084225,88.47606683158952,37.93916105215495,Big beat,Above whisper,Very bullish
55.748362231592594,0.11496724463185196,88.10334936563203,35.4417248323911,0.20217505081396567,62.23219804152018,90.14272403003889,40.655874197669306,Big beat,Above whisper,Clean
53.94662682097875,0.07893253641957487,87.33975450611891,33.79714185445837,0.18475118485882383,59.34809218491343,89.4306548342295,38.109037349734876,Big beat,Above whisper,Clean
54.73440595372405,0.09468811907448099,88.68922998053861,35.205355315144686,0.171822329369014,59.55764200408484,90.18740928053263,39.0219315888872,Big beat,Above whisper,Clean
55.709007092210015,0.1141801418442003,87.97003107787603,36.04251009967668,0.18187569820439828,61.13818439242381,89.81849361879941,39.600714469322945,Big beat,Above whisper,Clean
52.76153388369149,0.05523067767382981,86.34900009351657,32.80031495664549,0.13744422801195091,55.726637735843155,88.28642134888523,35.6206911255979,Beat,Below,Clean
52.44155924806111,0.04883118496122216,87.50298628889756,32.98873976757906,0.17187889054716077,57.06550225088241,89.07599686295092,36.57775380494572,Beat,In-line,Clean
54.44468399289255,0.0888936798578511,87.18266833049852,33.92706222362175,0.23906687509221947,62.64198985613841,89.55688026996626,40.70785463643612,Big beat,Above whisper,Very bullish
48.55400933269862,-0.02891981334602767,85.92550113085717,29.98765254233538,0.14034700326451496,51.41353196480443,87.81258130825044,32.34286446822726,Miss,Below (severe),Mixed
49.58190256143095,-0.008361948771381016,86.05738278516243,30.882730904148637,0.16409432258527132,53.595296183685186,88.11237950023367,34.18591685635488,Miss,Below (severe),Clean
49.10752810991359,-0.01784943780172818,86.00383647696519,30.38266843290401,0.1318743278615025,51.6132967743234,86.9845261522118,32.076290234667226,Miss,Below (severe),Clean
51.895916288481544,0.03791832576963099,86.71252623346817,32.62207571378928,0.16215760081407993,56.00328831116504,88.16393660111366,35.75421914184797,Beat,In-line,Clean
50.5581891612964,0.011163783225927926,86.20486849868055,31.496931034183433,0.20624010749338129,56.6292215622648,88.16093613182997,36.15019687261376,In-line,In-line,Mixed
53.283666810737685,0.0656733362147538,87.08313400766143,33.51603435991485,0.13678619564013078,56.24555567756803,88.4843290801752,36.0903334993084,Beat,In-line,Clean
51.525016832166315,0.03050033664332625,87.441572905245,32.64195414789617,0.15609354323462868,55.31290075509996,88.74488035240388,35.6126820288608,Beat,Below,Clean
51.71777346691956,0.03435546933839127,86.9180320440284,32.315118781347394,0.13827267274904642,54.6640047876188,88.12593796379592,34.14577800936457,Beat,Below,Mixed
51.721224990861735,0.034424499817234666,87.12695926830295,32.4915398515647,0.12175126714208764,53.87418183795159,88.22922186076127,34.26994475004758,Beat,Below,Clean
52.87342974162017,0.057468594832403325,87.01873826839235,33.28389331150263,0.18681737293699036,58.26888319953832,88.54859037784063,37.23193653154064,Beat,Above cons < whisper,Mixed
53.65850890179824,0.07317017803596478,87.53325160141104,34.2254941956108,0.09094051447036924,54.35693835653776,88.2305348717154,34.540867845102106,Big beat,Below,Very bullish
51.763995878490945,0.03527991756981895,86.78390079779244,32.17971338583613,0.207653299119865,58.04774894126621,88.68179996830426,36.693943878126326,Beat,Above cons < whisper,Clean
52.292668274391715,0.045853365487834405,86.83425556442805,32.85727230737707,0.2031182418186394,58.4203871775564,88.83847603284046,36.94192466528293,Beat,Above cons < whisper,Very bullish
51.99730445626709,0.03994608912534183,86.65127280016766,32.26498223537943,0.12835936142286636,54.48081344827076,87.99366681992556,34.38129656490086,Beat,Below,Mixed
52.71661413737285,0.05433228274745711,86.965772804789,32.54746634492318,0.15908310745516954,56.73844143394258,88.23885324056181,36.13568457672799,Beat,In-line,Clean
50.33017381734497,0.006603476346899489,86.625663548747,31.697032317375232,0.15722999440367974,54.08333056748361,88.06109616101314,34.267692325449254,In-line,Below,Mixed
54.843301322582136,0.09686602645164268,87.19707118852563,34.826330747585054,0.14429071477245617,58.27406043726308,88.51561407215833,37.16800965710747,Big beat,Above cons < whisper,Mixed
55.82712252771665,0.11654245055433296,87.4281999922603,35.502632111598736,0.17011118572493214,60.6579447839092,88.67908123886036,38.80616510257361,Big beat,Above whisper,Very bullish
55.20973547121937,0.10419470942438736,87.51990263723899,35.36915585179341,0.12608026682252443,57.72983696130087,88.24861568534911,36.67509015604591,Big beat,Above cons < whisper,Clean
51.13901003933883,0.02278020078677662,86.73065236930343,31.92690295173714,0.12080322406230914,53.22271251834248,87.98206233941774,33.63467051269066,In-line,Below (severe),Mixed
52.26827455126143,0.04536549102522862,86.61530507159749,32.74042629172525,0.13290063213904474,54.98513547423112,87.97363445630683,34.83271214425893,Beat,Below,Clean
58.243122760952716,0.16486245521905424,88.48711197574787,37.427685475219576,0.24376598425617454,67.26647098500602,90.03660955578755,43.86129350757086,Big beat,Above whisper,Very bullish
52.434818163025966,0.04869636326051925,86.60186274189351,32.62297916485378,0.15774930160747205,56.37020452900395,87.75033678554568,35.79976682718141,Beat,In-line,Very bullish
54.18116722175266,0.08362334443505323,87.05734517542551,34.34831722167039,0.11311333370318122,56.00193826512502,88.07079011814758,35.54102849127198,Big beat,In-line,Mixed
54.352485181442155,0.08704970362884307,87.63447452885967,34.18271332919951,0.15854034242006465,58.471722022525945,89.07794650570106,37.47685082427036,Big beat,Above cons < whisper,Clean
51.51077751169307,0.030215550233861414,87.04844929020841,32.26660226331311,0.12945929447722693,54.02366025302095,88.21741398038063,34.18081534201165,Beat,Below,Mixed
51.656008178449575,0.033120163568991494,87.42556725331583,32.58886237871253,0.1658769649568425,55.922796462814006,89.32959084264868,35.88555022749655,Beat,In-line,Mixed
52.78289968560688,0.05565799371213753,87.27220510288333,33.25125122795966,0.1672656530696499,57.210832595827604,88.891934107057,36.53967245439468,Beat,In-line,Clean
51.05110564654105,0.02102211293082098,87.26821692395515,32.072895853354986,0.17899309469207472,55.88969381697696,89.1642815119447,36.088215920805524,In-line,In-line,Clean
52.36036774451246,0.04720735489024918,87.23252932006682,33.33443052064967,0.12459350226006567,54.67812010275294,88.15977496739642,34.59975166092461,Beat,Below,Mixed
50.708609148766605,0.014172182975332147,86.57603469626596,31.43596938682863,0.12933517443123907,53.17651481831729,87.20864657886308,33.402564188640035,In-line,Below (severe),Clean
51.10783574860464,0.02215671497209286,86.71579429467583,32.023464723977575,0.12669433943272254,53.46984429299517,88.00641960238264,33.751862704193975,In-line,Below (severe),Clean
49.65596779114178,-0.0068806441771644715,86.00207269970794,30.96903050884811,0.17289327286034648,54.08106839534307,87.94940148375488,34.53842698754705,Miss,Below,Mixed
51.130072124847125,0.022601442496942577,86.76767902872486,32.105285298799295,0.08706267884115569,51.6114793752794,87.51680670677115,32.29666695761888,In-line,Below (severe),Mixed
53.54416477910914,0.07088329558218275,87.39777692874029,34.16307696961688,0.11468039863682608,55.4214430163209,88.4247570984218,35.36778573492745,Big beat,Below,Mixed
51.224470630362376,0.024489412607247435,86.01085289146225,31.877329745919216,0.05987895035316573,50.413756866668976,86.22693623571492,31.226870845216446,Beat,Sandbag (flat/down QoQ),Mixed
51.28950562824248,0.025790112564849654,86.65230703370122,32.10839742407333,0.20948937249153954,57.603103979296826,88.4297192685427,37.05642443282143,Beat,Above cons < whisper,Mixed
54.235952712952916,0.08471905425905824,86.96925684755034,34.099340356301646,0.12117834939045712,56.46473480173261,88.31598697767498,36.40744330988967,Big beat,In-line,Clean
52.39876156545701,0.04797523130914025,86.5276998580189,32.345441670375045,0.09980069495159345,53.511894785414434,87.55797509862788,33.894634715029234,Beat,Below (severe),Mixed
52.20838040797153,0.04416760815943063,87.24133425863737,32.73631640308185,0.10318784361074271,53.481675557773784,88.23693965048493,34.20350939902732,Beat,Below (severe),Mixed
52.38841477424906,0.047768295484981266,86.7327177185547,32.615586675636436,0.17407668549076505,57.11458663510391,87.92762268032956,36.2025983000488,Beat,In-line,Mixed
52.43954363260117,0.04879087265202343,86.11272957473072,32.6579058225819,0.13079207613731303,55.062633243430696,87.96979059010066,35.3274379692981,Beat,Below,Clean
53.772214356648384,0.07544428713296769,86.7520223778121,33.78365121012123,0.21566990699242267,60.700029766743114,88.64302611363853,38.103541976062985,Big beat,Above whisper,Clean
53.232361817225524,0.06464723634451047,86.98339908184745,33.42001132431935,0.004235715678482022,49.639421897721846,86.77139137606154,30.866408726378868,Beat,Sandbag (flat/down QoQ),Mixed
51.49679929253247,0.029935985850649462,86.13682453781026,31.791132917081658,0.11112757164878839,53.132405435196894,86.82838394631203,32.96996084663562,Beat,Below (severe),Very bullish
49.85018028890498,-0.002996394221900349,86.56501844632272,31.092745074595747,0.07259254156347458,49.64972217536873,87.58463764534442,31.39155467912658,Miss,Sandbag (flat/down QoQ),Clean
51.790527702574394,0.03581055405148785,87.56547154571986,32.75570894945875,0.2439440226880601,59.82276612694367,89.87030751465274,38.24468978398305,Beat,Above whisper,Clean
56.999696168369596,0.13999392336739186,88.62167710484405,36.189103992915385,0.11422831757243126,58.97419873783492,89.5561609022473,38.16884962607224,Big beat,Above whisper,Very bullish
50.579814020306834,0.011596280406136743,86.32977654791536,31.12190534409865,0.18394410187571805,55.606267305933514,88.18568405450489,35.38916267487014,In-line,Below,Clean
51.85910489143426,0.03718209782868523,86.04223592555948,32.09461265715094,0.1819590330136853,56.917099079689564,87.2851220637563,35.64644629988195,Beat,In-line,Clean
49.80477113528205,-0.0039045772943590152,85.60764194047623,30.835301839132683,0.2455855855238074,57.604954658103836,87.70143772162345,36.43326873070201,Miss,Above cons < whisper,Very bullish
48.755868016555894,-0.02488263966888219,85.65306010424605,29.695313930640523,0.16347103747724248,52.67418031973109,87.70596599262947,33.2980046820757,Miss,Below (severe),Mixed
55.12181531280247,0.1024363062560494,87.54385071252749,35.044771650377484,0.1089916093063622,56.76322848080197,88.61034275173355,35.77731245208383,Big beat,In-line,Mixed
52.48572544195365,0.04971450883907288,87.52474217280601,32.97402180202928,0.07359673998802657,52.32361060678892,87.90913798431737,33.13530404091988,Beat,Sandbag (flat/down QoQ),Mixed
52.45815180741572,0.04916303614831432,86.69842353216985,33.023552827424524,0.19568396607389865,58.243130219854805,89.20337878872189,37.364237292353856,Beat,Above cons < whisper,Mixed
51.914929709153434,0.03829859418306872,87.16424251990445,32.5143134203,0.10553119870942351,53.294033438541874,87.90078533749362,33.49642545235381,Beat,Below (severe),Mixed
51.63310451970512,0.0326620903941024,87.2779767382499,32.17248820872792,0.1743031980812583,56.30199692404263,88.99719834942556,36.05263070567131,Beat,In-line,Clean
49.93766653271117,-0.001246669345776632,86.18567724296594,30.9238246957506,0.15493110460998197,53.554952629535535,88.01760599856426,33.74661323241201,Miss,Below (severe),Mixed
51.98810571905975,0.03976211438119498,87.28488909045086,32.6878840722711,0.19715223766283457,57.792128729608365,89.10682839451492,36.8782282786667,Beat,Above cons < whisper,Very bullish
53.81014747528305,0.0762029495056611,87.20235191529402,33.832360381721294,0.18440320587636003,59.18056037994747,88.95309562553079,38.02181839464551,Big beat,Above whisper,Very bullish
52.80555505412967,0.056111101082593394,87.06239749298607,33.424259362841376,0.2203049239385736,59.83610178358788,88.71803884778721,38.11337438952224,Beat,Above whisper,Clean
51.8318820006104,0.036637640012207935,86.2442737682346,32.447095648944824,0.15930892630705062,55.797080365558436,87.86539309568194,35.26151399434415,Beat,Below,Clean
51.225349892484296,0.02450699784968593,86.16887040333245,32.05411438800897,0.15814153207540013,55.08861911946732,87.86901675525182,34.8606335820384,Beat,Below,Very bullish
52.26230341577451,0.04524606831549017,86.65869505500105,32.559265923149866,0.06048501123453005,51.46457589466147,86.88320631423643,32.4707389827984,Beat,Sandbag (flat/down QoQ),Clean
54.071529181958645,0.08143058363917285,87.46972996225134,34.11450714208182,0.12013349411006272,56.24109299200001,88.35242647442243,35.509852567462275,Big beat,In-line,Mixed
52.133398261393396,0.04266796522786793,86.94904782117673,32.83149424769605,0.24638975764209783,60.33720979378587,89.12103155216006,39.14834493781616,Beat,Above whisper,Very bullish
51.23787695834322,0.024757539166864514,87.53659933984233,32.52004088666125,0.10035026748327586,52.35249650093185,88.35105062596918,33.681921786640494,Beat,Below (severe),Clean
49.7186924510761,-0.005626150978477975,86.34411025859123,30.93239811477201,0.09661098396921126,50.62763108969165,87.33462244160786,31.446934747758277,Miss,Below (severe),Mixed
51.06198533561581,0.02123970671231623,86.70248741652706,32.111059737787414,0.16389723258744276,55.18583889236213,87.56124419637128,34.91989751973466,In-line,Below,Mixed
50.71271805109865,0.014254361021972998,85.9507427893915,31.851041228868226,0.04586035217927967,49.24996250654122,85.50037779812968,30.01797621687657,In-line,Sandbag (flat/down QoQ),Mixed
54.92819102411838,0.09856382048236757,87.2997026741963,34.79308605602059,0.191224033464,60.758082601014856,89.43875403450099,39.362973601350454,Big beat,Above whisper,Clean
51.28391454970519,0.02567829099410373,86.53105688511509,31.852829287389685,0.1720334320774405,55.81314363862451,88.6389462331183,35.60768932619089,Beat,Below,Clean
52.04631098276564,0.040926219655312825,86.50148452698461,32.28116659697053,0.10541485657932007,53.42328214831824,86.9912395643048,33.61788738498389,Beat,Below (severe),Mixed
51.75173553857084,0.03503471077141682,87.05769026679332,32.62332375096319,0.13408741407309382,54.4987782213944,87.96435950114723,34.412763067920594,Beat,Below,Clean
53.0897983587307,0.06179596717461404,86.8611598068956,33.043584281248144,0.13070006032708528,55.740878335043206,87.96915371278077,35.55370766619558,Beat,Below,Very bullish
53.16398483641718,0.06327969672834363,86.80655011309074,33.46258625582103,0.09287170923228386,53.95131390793343,87.47672985661407,34.30976463766363,Beat,Below,Very bullish
55.254443502762285,0.10508887005524571,88.07237558178085,35.07131592990008,0.16445808005477092,59.74566296745557,89.3481122937078,38.20665645228,Big beat,Above whisper,Very bullish
52.64174108542331,0.05283482170846621,87.13779792619508,32.887173553005276,0.04168161480705629,50.91908144153881,86.66514465333412,31.78406635400913,Beat,Sandbag (flat/down QoQ),Mixed
54.58013129284998,0.0916026258569995,87.09739539325557,34.15808269421021,0.17124362434099522,59.3604428786989,88.79853548452117,38.13963480144677,Big beat,Above whisper,Clean
52.893050519177066,0.05786101038354134,87.36943477788849,33.633178633649806,0.14498614136294222,56.23596626037717,88.8905003624918,35.988639625777246,Beat,In-line,Clean
51.33581250346544,0.0267162500693088,86.67767319179681,32.009862911278645,0.1472072027568045,54.68618430168063,88.40241389257689,34.99865294536214,Beat,Below,Very bullish
52.07130428575157,0.04142608571503146,86.13188173934515,32.244329924307294,0.17650064175311472,56.88607127274355,87.72909013557492,36.10970737448698,Beat,In-line,Mixed
51.861637119003504,0.03723274238006995,86.78757252964331,32.45583903624043,0.17670941267031548,56.66707108625053,88.25363524891317,35.83062354537684,Beat,In-line,Clean
54.126769716905244,0.08253539433810497,87.89279597695311,34.31422650119184,0.12303123939925857,56.44419233129332,88.68571088444891,35.98335296355552,Big beat,In-line,Clean
51.24449901964906,0.024889980392981226,88.07401277290158,32.32525622502623,0.10746085886666319,52.69761426102869,88.64078812276504,33.62266216366351,Beat,Below (severe),Mixed
55.68279458196918,0.11365589163938371,88.08691116523842,35.27099377052854,0.16635949474618028,60.30714500077515,89.58236666107683,38.755062990837835,Big beat,Above whisper,Very bullish
51.4249268948739,0.028498537897477947,85.83660032316017,31.964751197527153,0.12522220125489406,53.73129305144901,86.77179479692074,33.6900032642338,Beat,Below (severe),Mixed
51.3615733495778,0.027231466991556128,86.97257620908218,32.143971235522386,0.1294268719463468,53.86563104599532,88.35960646590337,34.03873079061965,Beat,Below,Mixed
51.94777592551634,0.03895551851032668,85.21701864474383,31.45748307575949,0.21391926875440437,58.5560914388547,87.11454149183157,36.852460842183135,Beat,Above whisper,Mixed
51.898660878038214,0.037973217560764286,86.67819955307733,32.91868356094743,0.20553363337049596,58.096611128552865,88.86638660719437,36.89197577744997,Beat,Above cons < whisper,Very bullish
52.68947076140598,0.053789415228119475,86.81025347283875,32.94872608707263,0.14196948504670878,55.87192723615881,88.10353782812027,35.75759245171288,Beat,In-line,Mixed
54.00525669537954,0.08010513390759093,87.56715432801951,34.27921426172431,0.21986793051150852,61.173617813040046,89.57574512249462,39.72943039478851,Big beat,Above whisper,Clean
51.95858883887004,0.03917177677740098,87.02887051393911,32.87146999895773,0.15761684519639121,55.85184214304422,88.51420385198713,35.485149849595004,Beat,In-line,Clean
52.02751912701519,0.040550382540303735,86.97655246483482,32.72788020581816,0.15312857170278882,55.70910319016209,88.12948549568532,35.24732799069001,Beat,Below,Very bullish
51.15637895222,0.02312757904440007,86.49864298664019,31.83119007445221,0.10878289060091492,52.669795032509846,87.50618099517126,33.40064285739931,In-line,Below (severe),Mixed
53.24749610287212,0.06494992205744227,86.96178012914169,33.60542612021708,0.1589086448616083,57.30119901150664,88.29516743982172,36.184258741026696,Beat,In-line,Very bullish
52.452865397547285,0.04905730795094574,87.16058267985804,32.93328508775531,0.17883235435343325,57.41648232280479,88.49854123999103,36.716125279504105,Beat,In-line,Clean
50.66992883247061,0.013398576649412207,86.92001185728628,31.51702848644406,0.15285670344750077,54.24265518074142,88.27759427382166,34.735658693744064,In-line,Below,Clean
53.82227417591601,0.07644548351832008,87.28204005678595,33.97431604344403,0.21545691513359533,60.74589423995248,89.2657201169786,39.13228684338952,Big beat,Above whisper,Very bullish
55.93645907546099,0.1187291815092198,88.2963122087744,35.385505493226106,0.18523659798436018,61.56237142518429,89.89204636568219,39.65334268380784,Big beat,Above whisper,Very bullish
51.93825228707701,0.0387650457415402,86.614814808416,31.89117949841027,0.17924598596937436,56.873120132957375,88.09332708341408,36.200000829604434,Beat,In-line,Mixed
51.89202303517669,0.037840460703533904,86.77874055515915,32.36725661138482,0.19980803557136054,57.813290061112056,88.82166022010493,37.0365085508284,Beat,Above cons < whisper,Clean
55.422228599602754,0.10844457199205505,88.67109258230704,35.282733233326354,0.17694190406495447,60.569547308715386,89.93171420163927,39.05572840991261,Big beat,Above whisper,Very bullish
55.00262736352421,0.1000525472704844,87.45003139742367,35.043432160368006,0.2029345348374022,61.4385199650634,89.20979781679883,39.874085148908904,Big beat,Above whisper,Very bullish
51.529895547389394,0.030597910947787882,86.41565920006877,32.087314457082215,0.14654177538586582,54.861093788755475,87.30049360321136,34.15030414880179,Beat,Below,Mixed
52.08721277610473,0.041744255522094514,88.00812282712883,33.29649424918945,0.16647647977741126,56.41861512902424,89.37106530739824,36.435193256001654,Beat,In-line,Mixed
52.35044258698781,0.047008851739756316,86.2016717202862,32.947595436866095,0.24962310727967454,60.74558539494521,88.63874162192535,39.18396032001977,Beat,Above whisper,Very bullish
51.6363039075468,0.032726078150935874,86.97005889253691,32.63313749280636,0.13406947595148666,54.376359247324494,87.79084725599562,34.49999105885277,Beat,Below,Very bullish
50.66254385113138,0.013250877022627673,87.1986241221215,32.047993643344086,0.12454984315353912,52.90308747429558,87.91995455592566,33.46312343879269,In-line,Below (severe),Clean
51.81492982029575,0.03629859640591505,86.66458099935788,32.43760735329938,0.11166124074071054,53.48631708914262,87.24619255394242,33.57649954407573,Beat,Below (severe),Mixed
53.55642175884646,0.07112843517692928,87.07186301430394,33.34948964741832,0.13914467774639322,56.65076189103599,88.0993632194847,35.68161099037959,Big beat,In-line,Clean
53.10951149610462,0.06219022992209248,86.66595830828568,32.98827679768574,0.10061644778907253,54.27797318046589,87.22423723936555,34.11875694670437,Beat,Below,Mixed
49.42332233971738,-0.011533553205652448,85.88342680619253,30.830319440307647,0.07359485288169722,49.270579870788325,87.00529578837784,30.531164859990927,Miss,Sandbag (flat/down QoQ),Clean
51.39132288092297,0.027826457618459578,86.57032998646298,32.18340919547836,0.18579349553569258,56.58667522780356,88.5232476156372,36.53000100017338,Beat,In-line,Mixed
53.14958802697966,0.06299176053959316,87.42224809678115,33.28067136418888,0.11065367900939427,54.81430080285585,88.60209714969577,34.938399422152735,Beat,Below,Clean
52.32911937828172,0.04658238756563432,86.1872589101241,32.62681464950518,0.12164416506308355,54.50217631257213,87.08845508822269,34.62016899437597,Beat,Below,Very bullish
49.62395977803355,-0.007520804439328995,85.26216571483701,30.64752115296075,0.23942184740608696,57.111804196288865,87.87877665449287,36.09140701940174,Miss,In-line,Clean
52.40794639090156,0.048158927818031175,87.30915759676414,32.74523689031872,0.142724051061891,55.61011932138505,88.16554992843012,35.29250181514449,Beat,Below,Mixed
49.38766101915761,-0.012246779616847748,85.68861096852287,30.46369920412323,0.14801515468356988,52.64794163977024,86.80823402260451,32.82494754236232,Miss,Below (severe),Mixed
53.85247136515977,0.07704942730319547,87.52000029844291,34.20435382733493,0.10834290851322417,55.4236472618087,88.16926524026302,35.42336141247939,Big beat,Below,Clean
54.44377427904299,0.08887548558085967,87.21835420103034,34.64296355981184,0.2220554359489279,61.78093100333228,89.3657246891257,39.80823803089225,Big beat,Above whisper,Clean
50.95731443541278,0.01914628870825561,86.60528673148926,32.150365755482106,0.08962537754890576,51.55835562481032,87.68373679760148,32.47974677087348,In-line,Below (severe),Mixed
51.309862231478,0.026197244629559906,86.26621210029424,31.83627733224594,0.10482063647263426,52.63903788734009,87.16112918038891,33.187653201879954,Beat,Below (severe),Clean
53.37490961773364,0.06749819235467285,86.59995404714613,33.18849345871753,0.1526131717344823,57.12629358942749,88.03317811216398,36.405976925673755,Beat,In-line,Clean
52.83606865026695,0.05672137300533914,87.46831260375507,33.51853748889858,0.26132578727571887,61.883246180648186,89.87491235078065,40.4549804551263,Beat,Above whisper,Clean
53.3014626027388,0.06602925205477594,87.34246043084866,33.720419064938504,0.17958206797190135,58.38248880551806,89.03078837593718,37.59083421294392,Beat,Above cons < whisper,Mixed
50.43360427901121,0.008672085580224342,86.52217031033881,30.969563071786688,0.1551844451656677,54.09867837841481,87.80942087185923,34.211073451458816,In-line,Below,Mixed
49.57092209854057,-0.00858155802918863,85.28653342467992,30.45050387833502,0.13898867374203439,52.42781033024455,86.03420665610412,32.64194461958776,Miss,Below (severe),Mixed
51.65767572917774,0.033153514583554894,86.3701997700285,32.42019996741623,0.09246236802340604,52.40306198556255,87.00983787398596,33.14774743866987,Beat,Below (severe),Mixed
51.822152131987465,0.03644304263974928,86.8467900475346,32.43995573568804,0.08787676056515153,52.34924963065663,88.20940530649003,33.54821070582548,Beat,Below (severe),Clean
51.697405509637896,0.03394811019275791,86.92345805697586,32.41986731949081,0.16636320795795617,55.99095518094425,88.37719650953868,35.828172782641545,Beat,In-line,Mixed
53.24624374087568,0.06492487481751354,86.3149148474342,33.14970052554399,0.22076290842402496,60.358107988068355,88.61362800635032,38.93791664701564,Beat,Above whisper,Clean
52.41474837499494,0.04829496749989893,87.18114525678243,33.146092783365425,0.12256011238428366,54.635941124540544,88.57469586097575,34.828259606298445,Beat,Below,Mixed
51.48903346110668,0.02978066922213363,85.46235538838549,31.776334712593705,0.16516891381986504,55.70817682069004,87.37853968309189,35.34017968450801,Beat,Below,Clean
51.558969009486475,0.03117938018972959,86.83035202402498,32.33212763260603,0.060860946093362844,50.789975454216325,87.73224220503057,31.843265181026574,Beat,Sandbag (flat/down QoQ),Mixed
52.801543777839925,0.056030875556798386,86.65701535968596,32.96617447481802,0.15331970534664213,56.547270846584304,88.41428693391481,35.735849735492124,Beat,In-line,Clean
53.308582852611906,0.06617165705223811,86.89396942497403,34.01944723889916,0.1734987947961169,58.08916074912694,88.39193064359722,37.06336433557596,Beat,Above cons < whisper,Mixed
51.93959758539653,0.03879195170793043,87.2492283563337,32.54705490277251,0.14392794022134295,55.17121710451751,89.03235224786862,35.58151953677661,Beat,Below,Clean
53.83513789938483,0.07670275798769663,87.14848711150701,33.790523478791485,0.1366746659002866,56.82210614365918,88.09717156916585,36.09338064684988,Big beat,In-line,Very bullish
51.89056040432565,0.03781120808651292,86.85910363171148,32.324530855447065,0.16540828753189304,56.154139915598584,88.22753313049141,36.06972826504231,Beat,In-line,Clean
55.28657168335096,0.10573143366701929,87.44470638018288,35.16475111232116,0.20855478696400534,62.044218658260824,89.27137372699347,39.83010825048191,Big beat,Above whisper,Clean
52.61768250131145,0.05235365002622894,87.05476119407848,32.81351496974776,0.10180346614086039,53.833320320226804,87.44330569078468,33.97912562890831,Beat,Below (severe),Clean
51.36596951184639,0.027319390236927758,86.7264514822369,32.11345038642764,0.2136771847066842,57.88872631923374,89.06976051602157,36.910547778183,Beat,Above cons < whisper,Mixed
51.73075209427714,0.03461504188554293,86.68089868651552,32.50400654094116,0.15415594382668732,55.4406867933609,87.85858627818806,35.22003059266982,Beat,Below,Clean
51.830527046965194,0.036610540939303805,86.40775355735133,32.6714699471471,0.10039580716293373,52.96023074227371,87.24115760003997,32.9718332024699,Beat,Below (severe),Very bullish
51.440142866826044,0.02880285733652084,86.06394049550168,31.859753639484687,0.19443237045975348,57.053073796839165,87.9799329609756,36.26839578691987,Beat,In-line,Mixed
52.10484787774868,0.04209695755497357,86.3234388879513,32.24051109074649,0.13964605927806956,55.139578513648175,87.25993277944156,34.30223298022676,Beat,Below,Mixed
52.0787549639308,0.04157509927861601,86.71985483479088,32.76838546047886,0.1664738956423829,56.409329027054184,88.24752470129077,36.02569173309132,Beat,In-line,Clean
51.26315450724385,0.025263090144876946,86.62608200231294,32.04956301791226,0.1609144161605238,55.261268293514874,88.3069282593957,35.274143018446736,Beat,Below,Clean
50.65746783139468,0.013149356627893826,86.44499013350877,31.849672079659005,0.1766844927440981,55.350152778964755,88.429856927994,35.18430161687982,In-line,Below,Clean
49.10701079140591,-0.017859784171881776,86.00321927649257,30.580819432514645,0.13488906502583736,51.75022316589577,88.10409166770103,33.0988705198085,Miss,Below (severe),Clean
52.223969177269545,0.044479383545390945,86.30219914734334,32.522981268640834,0.16098421160335774,56.30040341906532,87.53827433809056,35.806932863983604,Beat,In-line,Mixed
51.30784789060592,0.026156957812118322,86.72542274781283,32.00502887374518,0.20519169373921037,57.41894980843647,88.91443270875898,36.91284037600308,Beat,In-line,Mixed
51.540916570000164,0.030818331400003215,86.4588766545052,32.23004157671895,0.25998262215501633,60.30204069327447,88.95225329928526,39.05549168623755,Beat,Above whisper,Very bullish
54.678112260997956,0.09356224521995925,87.78724777455585,34.98920214073723,0.13688378104961138,57.72246907880001,88.84637692168258,36.98465928092856,Big beat,Above cons < whisper,Mixed
49.28323506733193,-0.014335298653361361,86.40155607721682,30.91125771422589,0.1293280224390825,51.68144279813395,87.23412548729925,32.56903322315521,Miss,Below (severe),Mixed
51.27093440157924,0.025418688031584848,86.9150922642347,31.970434198972807,0.05959758610979783,50.44608987739951,87.43246297102112,32.21398918988071,Beat,Sandbag (flat/down QoQ),Mixed
50.03133422964455,0.0006266845928910004,86.14900139808509,31.08232237772586,0.1787294500979694,54.7610208638783,87.72534079930907,34.38034482899493,Miss,Below,Mixed
50.63903050693679,0.012780610138735785,86.37939671078593,31.534943066072053,0.06624916243253098,50.13712215981555,87.41390495650529,31.60082154560051,In-line,Sandbag (flat/down QoQ),Clean
55.886227844286594,0.11772455688573194,87.33418831069383,35.35403562168078,0.25847638257503786,65.30781943515342,90.2498639210475,42.02707494924134,Big beat,Above whisper,Very bullish
55.047603097887766,0.10095206195775541,87.8613163675767,34.930529619931654,0.2238576648791316,62.55825734281886,89.53838779692906,40.950102602898646,Big beat,Above whisper,Very bullish
52.16359400725287,0.04327188014505735,87.1912096349455,32.761188120384574,0.13390979164172567,54.92389501118711,88.10752231212759,34.86354273352115,Beat,Below,Very bullish
52.99973034068536,0.059994606813707094,86.88463919577705,33.04183255122273,0.1714907199699048,57.653785665375985,88.4315172360984,36.683407172484834,Beat,Above cons < whisper,Very bullish
51.42895655975307,0.02857913119506141,87.30015030697791,32.59329834896659,0.21078083769311157,57.82139545473614,89.10952403677209,37.530041055693054,Beat,Above cons < whisper,Mixed
53.35148308160472,0.06702966163209449,87.80482995363795,33.91004993069032,0.08587248198929068,53.79484254080092,88.50126786073879,34.0505968591663,Beat,Below (severe),Mixed
55.67207630986752,0.11344152619735055,88.08202305304081,35.150907796344036,0.1988851740677749,61.97696783336497,90.52826755222519,40.99116114717152,Big beat,Above whisper,Very bullish
50.38572983101418,0.007714596620283567,86.47675000548698,31.51631422948591,0.1885955328452686,55.610521010842625,88.25339425079332,35.22185936452726,In-line,Below,Clean
52.11474166338097,0.0422948332676194,86.29160061537908,32.495430192997134,0.08863882990924354,52.68169342934231,87.08885918989458,32.809926509028045,Beat,Below (severe),Clean
50.450775393815015,0.009015507876300309,86.74398814303788,31.408685471543556,0.07498393044933155,50.35993191084115,87.81337971841555,31.951195738331926,In-line,Sandbag (flat/down QoQ),Mixed
49.760794049696486,-0.0047841190060703195,86.71453619609386,31.052354931017977,0.07251680288579652,49.557195761579116,87.81253626830731,31.344279770722537,Miss,Sandbag (flat/down QoQ),Mixed
51.090567998328396,0.02181135996656782,86.59908996222525,31.700085234972477,0.18808484130764472,56.36422013171061,88.57349356478115,35.70678573162655,In-line,In-line,Mixed
51.70680145135452,0.03413602902709054,86.3374658467444,31.97350827362926,0.19724154000120162,57.48370698400205,87.84223017567575,36.614322860215516,Beat,In-line,Mixed
55.183190822808015,0.1036638164561602,87.96100464822455,34.866247704689215,0.13894707292779404,58.36139554370644,88.75048628594482,37.73948882395214,Big beat,Above cons < whisper,Mixed
56.259424567654705,0.12518849135309398,87.9592093252193,35.82983924110088,0.1873102206162557,62.026147666939586,89.80853334554297,40.126795039327334,Big beat,Above whisper,Clean
51.47938038024279,0.029587607604855685,86.59636629800674,32.13046065947618,0.14482201533317585,54.725104566797505,87.88255385740831,34.73125120901052,Beat,Below,Clean
52.49007010605713,0.049801402121142646,87.4629590221283,32.73940302488983,0.22357208381673133,59.637856997972165,89.50298329773187,38.521698647801685,Beat,Above whisper,Clean
52.15078582129993,0.04301571642599861,87.01739714732246,32.603919844111864,0.21360404471224517,58.769661421390765,89.40254979072611,38.24101481911058,Beat,Above whisper,Clean
51.490008835828526,0.029800176716570582,85.37735253781074,31.545187816451072,0.15313153691559375,55.13369923718099,87.0657264801588,34.51499583884241,Beat,Below,Mixed
55.10081379322524,0.10201627586450498,87.61051436138068,34.879363938574606,0.2545389358970759,64.18853656727174,90.16013070504555,41.624415498558065,Big beat,Above whisper,Clean
51.30124398564211,0.026024879712842286,86.6207449097873,31.403380399077445,0.1270194623514956,53.687678956471174,87.73533731982583,33.94557437400347,Beat,Below (severe),Mixed
48.415350013188494,-0.031692999736230125,85.92246942555332,30.08322876196177,0.10731374441585248,49.78162661671443,86.56986193633843,30.772516639050757,Miss,Below (severe),Mixed
50.859062726596214,0.017181254531924345,86.86395864831309,32.145386873556234,0.25600980982028343,59.31666158123641,89.49977056183815,38.09881651482474,In-line,Above whisper,Very bullish
50.31697560157225,0.006339512031445178,86.17240698022354,31.329519298308803,0.123259033775784,52.48192615411733,87.31406354008011,33.0543438711183,In-line,Below (severe),Mixed
51.19100348199582,0.023820069639916442,86.90170799724177,31.715141656451525,0.17754900219017666,55.97420685195675,88.50350062190165,35.940896334714,In-line,In-line,Clean
51.912820348737384,0.03825640697474769,87.39396833933881,33.002084251925446,0.14781382098243862,55.33009177656921,89.23548080281176,35.76793425246264,Beat,Below,Clean
56.276725166388175,0.12553450332776353,87.34404869026152,35.60817338985289,0.1330689070139248,59.21073551213088,88.5921923661405,37.497532246815226,Big beat,Above whisper,Clean
51.02623769105203,0.020524753821040624,86.70101154056073,31.99685701344656,0.1389829156252937,53.96672633740486,87.91620581735788,34.01011636307892,In-line,Below,Very bullish
54.456366409045664,0.08912732818091339,88.0314788789368,34.51171281952807,0.12324972045570674,56.79894846413736,88.55607267031557,36.46691114009726,Big beat,In-line,Mixed
53.69639190041462,0.0739278380082924,87.59325447102286,33.64055655197932,0.22441608701344118,61.0505313390569,89.81581772621439,40.00239908393598,Big beat,Above whisper,Very bullish
55.72649304933436,0.11452986098668706,87.85879255851776,35.32613884661726,0.18805863891094024,61.47731709179557,89.2200754252347,39.88925051396594,Big beat,Above whisper,Very bullish
49.082575619569226,-0.018348487608615464,86.50215995300931,30.492866189883138,0.1756301879923748,53.58131777401382,88.22087725586641,33.98675787511649,Miss,Below (severe),Mixed
51.465656240962446,0.02931312481924894,86.79625262738305,32.471749043155185,0.10754189929755806,52.92891561444572,87.51747513947582,33.17108121896757,Beat,Below (severe),Mixed
52.35919065648651,0.04718381312973026,86.98642244617922,32.84183134206271,0.1997496657173065,58.330927095394955,88.87630996774737,37.5368505325833,Beat,Above cons < whisper,Very bullish
53.36674708136421,0.06733494162728425,87.26180503999556,33.44739423441169,0.0702871917046555,53.03790687383121,87.52701495890749,33.33073250042969,Beat,Sandbag (flat/down QoQ),Clean
52.19022334261948,0.04380446685238958,86.01130392251997,32.19841262762529,0.11148138392997098,53.865000120721184,86.90181891322905,33.57184695813571,Beat,Below,Clean
54.862118950149096,0.09724237900298183,87.92925961912894,34.79157464561785,0.09214950859587698,55.63780509108146,88.34033718339334,35.02248864431461,Big beat,Below,Mixed
51.75426647938763,0.03508532958775279,86.5173978081319,32.374698395671004,0.08938668913755188,52.35323693667105,87.26671839876805,33.024265403614,Beat,Below (severe),Mixed
50.300290025578555,0.006005800511571149,87.50891502099532,31.706675410941457,0.09730551713524195,51.2523010615294,88.58077685716059,32.9666530376492,In-line,Below (severe),Clean
53.884888031116304,0.07769776062232613,87.83692364821897,34.276217580386046,0.07674368467819379,53.87591196658921,88.01157353807875,34.3125223257429,Big beat,Sandbag (flat/down QoQ),Mixed
52.339798274773216,0.04679596549546429,86.69173734310185,32.768094736078815,0.1890456225508773,57.78909316497111,88.88740306121575,37.134377523142206,Beat,Above cons < whisper,Very bullish
53.18801044527819,0.06376020890556368,87.3770838345083,33.77015577593487,0.17280671813240672,57.9235948332961,88.20029359974093,36.89045683730452,Beat,Above cons < whisper,Very bullish
50.81637226102919,0.016327445220583808,87.00234990542563,31.697644660116094,0.07620733816699715,50.78259896017793,87.36696744156984,31.665640634966177,In-line,Sandbag (flat/down QoQ),Mixed
52.0225767615365,0.040451535230730064,86.2014456248532,32.351224046459855,0.16793293091587266,56.418960511547475,87.91807458322705,35.353859787255125,Beat,In-line,Mixed
50.33663169748528,0.006732633949705602,86.94051886666966,31.607874455352864,0.15138428833206116,53.817034945182,88.58670318417711,34.5039759879246,In-line,Below (severe),Mixed
54.38765633492386,0.08775312669847729,87.43898659370304,34.4912861668755,0.23337594408639756,62.28896790882374,89.73350522133136,40.670283242908894,Big beat,Above whisper,Mixed
48.99108519947679,-0.02017829601046419,86.68274911783436,30.561437697493478,0.15914726943688978,52.73160530460045,88.04858297359418,33.65336482136609,Miss,Below (severe),Very bullish
49.47936697475414,-0.01041266050491707,85.60658099229565,30.404611079910353,0.1623624007609561,53.404887514557046,87.39828451525126,33.56212885035286,Miss,Below (severe),Mixed
52.480698864678146,0.04961397729356291,88.08033387185675,33.473859647200904,0.08313373210161115,52.78335699427109,88.456442909695,33.65557572629126,Beat,Below (severe),Clean
52.051376157969486,0.04102752315938979,87.14210631234046,32.88099812545374,0.17267397382542476,56.67934454208748,88.36261070335051,36.07891706604795,Beat,In-line,Mixed
55.97366242815455,0.11947324856309098,87.36489218942738,35.044079119832446,0.2860785504128291,66.84463187711961,89.85269461579344,43.682863395074385,Big beat,Above whisper,Clean
51.22639082616014,0.024527816523202767,87.39183218386182,32.86818242684329,0.14420346496341177,54.42674146080077,88.39893864664302,34.29351097361971,Beat,Below,Mixed
52.00326829760294,0.0400653659520589,86.47092491955074,32.4221900557873,0.1162333693518912,53.90151314706202,87.99354157076178,34.24172560391196,Beat,Below,Mixed
49.800877138559116,-0.003982457228817626,85.67719035443315,30.40628349818897,0.26555158834129466,58.5237520803865,88.1051518376532,37.430393295140334,Miss,Above whisper,Very bullish
55.213091305772174,0.1042618261154436,87.88631259992485,34.896142180696394,0.1408952706901237,58.49290084015621,89.42071365826762,37.53256219043455,Big beat,Above cons < whisper,Mixed
52.8318403441026,0.05663680688205187,87.18812354759436,32.876499180731194,0.2988856097309883,63.720908790091364,90.00663709736084,40.988818486679826,Beat,Above whisper,Mixed
55.26651026421236,0.10533020528424711,86.89723975254621,34.9911926665162,0.18397173607423745,60.76012995397816,88.75435813876196,38.82336641271583,Big beat,Above whisper,Very bullish
50.21041188497595,0.004208237699518862,86.47458105024239,31.41399602686222,0.2000734480082457,55.95216910838033,88.51357336893348,35.64799499222087,In-line,In-line,Mixed
53.60580860198647,0.0721161720397294,87.02484386723664,33.619924828140626,0.12646471598279588,56.07183396458874,88.61426817980151,35.6789652246004,Big beat,In-line,Mixed
52.24323446350635,0.04486468927012708,86.694719116873,32.919010899056744,0.09628017421831989,53.182277737996905,87.12257161358842,33.40154400765241,Beat,Below (severe),Clean
55.99211140545326,0.1198422281090652,88.35408718406272,35.52263402999941,0.1827736377755163,61.4955652013485,89.76721589185655,39.74787761814666,Big beat,Above whisper,Clean
52.93726551427699,0.05874531028553975,86.50636324780558,32.835714056187655,0.21487052938538603,59.71821493814839,88.40602926576102,37.718629743303794,Beat,Above whisper,Clean
51.73731670356424,0.03474633407128483,86.23406447968729,32.51256214235354,0.1105753915337529,53.35403427246901,87.15720791484162,33.51317422696143,Beat,Below (severe),Clean
51.58834976245213,0.03176699524904259,87.1749947201161,32.4783908117644,0.195201081735776,57.254276338114465,89.19801670140927,36.69927337937808,Beat,In-line,Clean
51.438704159116746,0.028774083182334927,86.47847663151276,31.97423988356819,0.1514584184878552,54.99884830154113,88.46014683757079,34.964392519578794,Beat,Below,Mixed
51.10038937060594,0.022007787412118805,87.2445536159423,32.06235559096658,0.22362106861697384,58.06126211637542,89.1916590259783,37.31448653085787,In-line,Above cons < whisper,Mixed
49.69784228162464,-0.006043154367507215,86.19121031812868,30.485296882065942,0.14366514888205453,52.77785517840746,87.68055661473811,32.81594613000986,Miss,Below (severe),Mixed
53.387758291354245,0.06775516582708498,86.52971236123645,33.230122620226794,0.15380869990103457,57.19931284300826,88.5644249006828,36.772218977753084,Beat,In-line,Clean
51.757719377058095,0.03515438754116194,86.4561346300613,32.38587868360655,0.13014156063163435,54.31543905498528,87.5803849090312,34.41659253046272,Beat,Below,Clean
53.19874426758208,0.06397488535164148,87.2432633345668,33.64727126093137,0.1447794880984545,56.55077185654298,88.52879972914481,36.06368624617408,Beat,In-line,Mixed
56.5031155143773,0.13006231028754597,88.54077610237772,36.628452477300634,0.16085257491821964,60.90665948321174,89.84296348809691,40.02299129759908,Big beat,Above whisper,Clean
55.543038949618996,0.11086077899237999,87.63388277121248,35.01473264848576,0.1436077974330031,58.982348690487186,88.91103959513379,37.819998780015204,Big beat,Above whisper,Very bullish
50.37048887738781,0.0074097775477561445,86.28722130258943,31.46778875663795,0.16111114179712044,54.3081832923527,88.35833032705138,34.83469837105787,In-line,Below,Clean
52.712886606728716,0.05425773213457424,87.70645124395591,33.27412808381194,0.13781960119620254,55.69363021557095,88.93032542697526,35.53197371031018,Beat,Below,Mixed
55.12655259470498,0.1025310518940995,88.22091497237885,34.80467665139041,0.20666780031589124,61.76804767570446,89.79678150280843,39.836644713536096,Big beat,Above whisper,Clean
50.08614721662498,0.0017229443324994565,86.53443617258161,31.498768476817638,0.14930587167195927,53.45256715081516,87.75065159232457,33.85526815409386,Miss,Below (severe),Clean
54.84227475201151,0.09684549504023013,87.45234814620798,34.63130270572599,0.17679970521492538,59.92848899280573,88.96040354126217,38.461920802264096,Big beat,Above whisper,Clean
53.02846406300835,0.06056928126016713,86.70226277151423,32.86195011829121,0.025090972267900163,50.47621408534959,86.5228486322475,31.12173619577439,Beat,Sandbag (flat/down QoQ),Very bullish
51.81385781050307,0.03627715621006149,86.40432480602342,32.44145303639787,0.16775536100516855,56.18405950167631,88.0950089442453,35.62432420420556,Beat,In-line,Clean
54.2451706363471,0.084903412726942,87.33971733536427,34.50214934803448,0.1410206833601028,57.47380012072228,88.99392399917203,36.73560327590122,Big beat,In-line,Clean
54.57556032838511,0.09151120656770217,87.1371178581211,34.09929955346123,0.1561790512411617,58.592039592753714,88.71251967278823,37.613763591884364,Big beat,Above whisper,Mixed
50.647718377976325,0.012954367559526517,86.95983977663847,31.768289844932145,0.12819916334590303,53.05923396373953,88.19445962588203,33.70547811412674,In-line,Below (severe),Mixed
53.84347937824252,0.07686958756485034,86.64778680325207,33.74312196156746,0.15946399514034415,57.97032030414282,87.409875247064,36.643592642565885,Big beat,Above cons < whisper,Clean
53.43554197975404,0.0687108395950809,87.4323792706706,33.85173095600207,0.23939764961983365,61.497321911878466,89.1039382532587,39.90760819378217,Beat,Above whisper,Clean
50.652182454983944,0.013043649099678891,86.77210286788765,31.621915727784465,0.22700748733286488,57.7112780418717,88.28330876273208,36.65110398094307,In-line,Above cons < whisper,Very bullish
51.50385476571463,0.030077095314292618,86.72002243447109,32.293849963388915,0.16936895420212886,55.925079585850476,88.39175563679788,35.71435296188617,Beat,In-line,Clean
51.79259441600947,0.03585188832018943,86.72848950620215,32.22670173557681,0.13431545590599747,54.55277317986805,87.97908267857787,34.82071869083997,Beat,Below,Mixed
52.99301739768537,0.059860347953707455,85.81821975457287,33.047884221290616,0.08471097239496367,53.37624261504463,86.1211155828408,32.869922042449296,Beat,Below (severe),Clean
49.77112070448055,-0.004577585910388917,85.53082953707882,30.67456512456809,0.059582218420004274,48.96969488292451,86.32255563149575,30.156185620818924,Miss,Sandbag (flat/down QoQ),Mixed
53.89688649029865,0.07793772980597288,86.59848549647893,33.91785381290763,0.1166984069583401,55.88752676346449,87.75514173377323,35.29307371799279,Big beat,In-line,Mixed
54.51530931238946,0.0903061862477892,87.04558735446678,34.38659478877038,0.23254148855806325,62.39292473987462,89.79732252609108,40.67915962548495,Big beat,Above whisper,Clean
52.06261531003571,0.0412523062007141,87.45885560059847,32.780211303673525,0.19255784500896064,57.65284601111909,88.91844097701038,36.75834687892133,Beat,Above cons < whisper,Clean
53.37393032597746,0.0674786065195491,87.01901297440942,33.69849497057467,0.15488355663058045,57.23776916577353,88.2104904139815,36.811997956846255,Beat,In-line,Clean
52.375177723965486,0.047503554479309644,86.53694474421717,32.46275353422425,0.17985202389305607,57.38103376513782,88.44832129253231,36.79189387944285,Beat,In-line,Clean
51.77961346929194,0.03559226938583879,87.64746014142982,32.81385042845243,0.10949823775581094,53.34586204615242,89.17074498031081,34.06034698103346,Beat,Below (severe),Mixed
48.99148967050109,-0.020170206589978274,85.15072298428133,30.034477444559457,0.15890014888536155,52.720798625169415,86.85320103632614,33.19335977445223,Miss,Below (severe),Mixed
54.7879559654047,0.09575911930809398,86.90337342123307,34.32064135583341,0.2013720399303164,61.119238534501264,88.89660111726786,39.10562734029802,Big beat,Above whisper,Very bullish
51.340239083319105,0.026804781666382047,86.56087936807063,32.3035098079515,0.20582780516032173,57.48552439522736,88.72220458856465,37.10891385966632,Beat,In-line,Clean
51.058883163791414,0.021177663275828266,86.15327902231371,31.363821817055623,0.11179162914561724,52.71206468823971,87.36811716240199,32.932687568778064,In-line,Below (severe),Clean
51.649551798046645,0.032991035960932974,86.90446151520199,32.791463320340924,0.22224682870628126,58.61932225431595,89.33339793502658,37.78136677579082,Beat,Above whisper,Clean
52.23762332613009,0.04475246652260179,86.43168888457835,32.579084828932196,0.19084658961731424,57.763638759947604,88.4323152245902,36.971633712634876,Beat,Above cons < whisper,Clean
52.98360506174694,0.05967210123493883,86.68882594796588,33.24819741455191,0.18197790479100812,58.152204034932346,88.81638594438941,37.1356813769358,Beat,Above cons < whisper,Clean
49.70857397988528,-0.005828520402294474,86.63561322632228,31.047956017865413,0.12675267174933613,52.0086065020649,88.17012079047996,32.80274391582734,Miss,Below (severe),Mixed
51.282203539314544,0.02564407078629091,87.06242014262047,32.28505946564538,0.029529274289125496,49.02534909422218,86.84605123087339,30.702079790044834,Beat,Sandbag (flat/down QoQ),Mixed
51.42650072063027,0.0285300144126054,86.80681796016489,32.31473284101614,0.07605230658741059,51.384918668713816,87.45158460016398,32.16190257736984,Beat,Sandbag (flat/down QoQ),Clean
52.31005203234579,0.04620104064691577,86.96557838952496,32.92976296036098,0.12034207610796144,54.41906998843135,87.81122699565496,34.81837218704317,Beat,Below,Mixed
52.943120953488275,0.05886241906976549,86.51230001486049,33.18170337530626,0.1958191103069978,58.78822466722783,88.60441310383408,37.70320170171137,Beat,Above whisper,Clean
53.45948452951207,0.0691896905902414,87.50247635290572,33.622025819441056,0.21696344929779193,60.411221641380024,89.78472095690366,38.92383909967281,Beat,Above whisper,Mixed
51.866807929184546,0.037336158583690944,86.27023840780262,32.199609543983854,0.20476492909366004,58.023931807324324,88.00226466361487,36.474872638628156,Beat,Above cons < whisper,Very bullish
52.04397916708463,0.04087958334169253,86.76560908368175,32.481427160224335,0.16586680809843238,56.342323024250966,88.39826971374441,35.71241687995764,Beat,In-line,Clean
56.682492116870044,0.13364984233740074,87.72789340066764,35.74525153916535,0.17759070378608163,61.98100608537873,89.26420702008471,40.049980960706655,Big beat,Above whisper,Very bullish
52.93470920933066,0.05869418418661331,87.02271712349271,33.30780013056969,0.14739597303273894,56.39870988184183,88.44591020789126,36.14883585723365,Beat,In-line,Clean
50.743931144590235,0.014878622891804647,86.000381466782,31.65786153750154,0.09654467433264388,51.668488347638316,86.93579624923855,32.521406134543355,In-line,Below (severe),Very bullish
53.27347224739653,0.06546944494793067,87.43351564794028,33.68205256845508,0.14912429775480002,56.84513842916013,88.60309102635469,36.75107563221947,Beat,In-line,Mixed
52.85912251602496,0.057182450320499074,86.79929201469695,33.1343424336513,0.1387013950438728,55.891416796236,87.8688872948511,35.41807114099738,Beat,In-line,Mixed
54.56116063216784,0.0912232126433568,87.54901610543325,34.72334390342396,0.24824517975511798,63.24101249230905,89.31837848408512,41.534065439811926,Big beat,Above whisper,Very bullish
55.73679162505775,0.11473583250115484,88.01052756403219,35.73360664764742,0.1338002109203569,58.68050137904914,89.37521396465084,38.531626177249805,Big beat,Above whisper,Clean
53.143659010411845,0.062873180208237,87.30575754043302,33.43024713523369,0.17713236462899135,58.08875521053698,89.48031094433058,37.208508752595,Beat,Above cons < whisper,Clean
49.24602113221921,-0.015079577355615784,87.09935143437107,31.156773706903195,0.2027566026123938,55.00019299279711,89.35951124232226,35.521445794927864,Miss,Below,Mixed
50.87532563575664,0.01750651271513287,86.32952685197007,31.436874024593976,0.14079832592904395,53.892880150911424,86.98625773338865,33.665117370435894,In-line,Below,Mixed
52.275474104969724,0.04550948209939453,87.15621104850658,33.14623960392647,0.12962829434912998,54.83386503166842,88.0512589561924,34.397731108704356,Beat,Below,Mixed
49.85005114202568,-0.0029989771594864756,86.68433508299307,31.19433667505698,0.06935815926688772,49.49987614798274,87.13500574184539,31.358475193757567,Miss,Sandbag (flat/down QoQ),Mixed
52.17533402976381,0.04350668059527608,86.97488275516612,32.68638330758566,0.19114815659749815,57.70937059588246,88.69649226644992,36.1737638479307,Beat,Above cons < whisper,Clean
51.17752082801662,0.023550416560332438,87.07346390468403,32.05583546628923,0.12155190997913577,53.29837150175483,88.55406605815672,34.12016683290994,In-line,Below (severe),Mixed
52.76190995404153,0.05523819908083063,87.7152507206244,33.48071538228094,0.09299755147419692,53.54944993437878,88.47651475516507,34.28566581662381,Beat,Below (severe),Clean
51.07628153070478,0.021525630614095678,86.5835089626186,31.98544604956452,0.13453113346356693,53.808515036839395,87.5299666280906,33.82445997610642,In-line,Below (severe),Mixed
50.580431131611505,0.01160862263223009,86.82576390196107,31.996673150293073,0.19294439112394807,56.02966721772371,88.75170007114552,35.88684365494346,In-line,In-line,Mixed
50.95718753722153,0.019143750744430567,86.66171090321753,31.783151896296086,0.15019840960800934,54.4243849160229,88.07390651201302,34.478010613630076,In-line,Below,Mixed
52.69769536022713,0.05395390720454259,86.93645607782716,32.99471381872053,0.17357599722667064,57.427268213645426,88.41379640101997,36.68136096311155,Beat,In-line,Mixed
51.030546798105505,0.020610935962109986,87.21494934142846,32.00020222395198,0.08330393911182143,51.33290719274514,88.033659276106,32.71223571938098,In-line,Below (severe),Mixed
50.54652874338296,0.010930574867659132,85.63933239848599,31.2784624583814,0.21190642954001965,56.882115805389844,87.63234128664564,36.06759836815671,In-line,In-line,Very bullish
53.276725476247655,0.06553450952495314,86.50793986136757,32.970793042031254,0.16155736246758756,57.46368895902139,87.85915590551417,36.215031415215236,Beat,In-line,Mixed
52.528077871496905,0.05056155742993807,86.95671543558656,33.375738176533055,0.09445641424027726,53.38328520030309,87.75410843969794,33.70503264849722,Beat,Below (severe),Mixed
51.62950787009978,0.032590157401995536,86.76539656874512,32.57306505526725,0.13537197168636247,54.43164642283806,88.14159932723047,34.276536906102585,Beat,Below,Mixed
51.41365629558388,0.02827312591167763,85.86666773295516,31.58298542845351,0.09396970372883845,52.227483606346496,87.12142467052581,32.72885601050329,Beat,Below (severe),Mixed
51.76568089163636,0.03531361783272703,86.10101640886464,32.18132403766037,0.15239585131555208,55.39351619290031,86.46221938862546,34.655988826985606,Beat,Below,Clean
52.03330456338053,0.04066609126761074,86.70805384040573,32.52414601283691,0.20852772148653587,58.391998790726014,89.02697602900028,37.964950417256,Beat,Above cons < whisper,Mixed
54.19279893247838,0.08385597864956758,86.65866866053305,33.94974109098264,0.08603265681422272,54.651210161635724,87.3422260520387,34.45726552102902,Big beat,Below,Clean
55.3499483098774,0.10699896619754785,87.73388779673317,34.70369285065423,0.2544494346199535,64.47416055188583,89.82619043149485,42.009262684125325,Big beat,Above whisper,Very bullish
55.239443278511565,0.10478886557023127,87.87542093086464,34.85014625959021,0.17233027566028672,60.1332380684455,89.1655414809646,39.54195684925599,Big beat,Above whisper,Very bullish
51.025924109889075,0.02051848219778149,86.68910292566588,31.93411314203316,0.11790630202780658,52.96775912000634,87.70467934062516,33.6474119549377,In-line,Below (severe),Mixed
55.08589374677246,0.10171787493544933,87.53315642494313,35.1131326216172,0.14433187471299339,58.533933771378834,88.86539779826444,37.75485211812323,Big beat,Above whisper,Mixed
51.24514235316157,0.024902847063231287,85.75614215934266,31.784625361418506,0.18327097036976248,56.305682939036245,87.61503276793215,35.67269309356424,Beat,In-line,Very bullish
54.833181073759164,0.09666362147518326,87.79516782556465,34.376908558636536,0.1354477683948797,57.813055006749906,88.43731435357668,37.10522963682279,Big beat,Above cons < whisper,Clean
55.621154191376185,0.11242308382752371,87.3309107282959,35.14565764411385,0.1491595088492133,59.35203692988906,89.64293479444517,38.18672636696564,Big beat,Above whisper,Clean
51.79804214289867,0.03596084285797344,87.28665074661205,32.57712015100365,0.07470572753118399,51.691391668312356,87.62150686192149,32.40098008054709,Beat,Sandbag (flat/down QoQ),Clean
54.92745894946531,0.09854917898930618,87.64539208188357,35.04161664033774,0.14345272410852852,58.32074166668795,88.41396240875916,37.45308552448932,Big beat,Above cons < whisper,Clean
52.58857959899741,0.051771591979948225,86.77818013138534,33.01853176779361,0.10534840490224238,53.9766523918388,87.70263900816808,34.59043821425673,Beat,Below,Clean
52.866242740647074,0.057324854812941375,86.83131286168056,33.22042835599109,0.15566883291819955,56.73187840250714,88.89730399400365,36.46806419071848,Beat,In-line,Clean
53.43236565235136,0.06864731304702718,86.78854790683764,33.686423389394406,0.19335560076670247,59.20925475534445,88.74291527442092,38.42201906761369,Beat,Above whisper,Very bullish
50.6684553797184,0.013369107594367975,86.30287144563104,31.619598345037367,0.127215210133055,53.03466403668327,88.00797830840293,33.4828942111524,In-line,Below (severe),Mixed
54.057260298598244,0.08114520597196483,87.25498328005956,34.03882408299074,0.10455450398908256,55.444248169260696,88.04399169105899,35.48400772678183,Big beat,Below,Mixed
53.321817171312325,0.06643634342624653,87.73301397934536,34.06004396110927,0.021971799808680664,50.601008216232934,87.73408609603284,31.898605340186204,Beat,Sandbag (flat/down QoQ),Mixed
50.88636120247736,0.017727224049547092,86.64494269628386,32.16663872547783,0.1796994515171104,55.74271151453096,88.07205133142725,35.538986533056416,In-line,Below,Mixed
52.20519026970185,0.04410380539403708,86.10396205787957,32.564297917196065,0.21818713272410128,59.05314168739539,88.58262796552121,37.8716248527134,Beat,Above whisper,Very bullish
53.92254430596448,0.07845088611928965,87.12119774255031,34.05677345402832,0.23815954634646552,61.995804924597294,89.37469319501372,39.48084037372288,Big beat,Above whisper,Very bullish
52.77860669239723,0.055572133847944676,87.28957795658046,33.23199366419803,0.1622783584120279,56.96175860673399,88.51168392119398,36.224950988457806,Beat,In-line,Mixed
53.63760468193172,0.07275209363863437,86.47997147458159,33.26627631562576,0.21891362581872748,60.709635260007445,88.56602673362863,39.02008032421052,Big beat,Above whisper,Mixed
49.1664890087329,-0.01667021982534204,86.31496585988917,30.24459457130199,0.2124449356442788,55.353684844759144,88.02444322596324,35.05978648127393,Miss,Below,Mixed
51.90344787301031,0.038068957460206304,87.79230525341332,32.780385241999866,0.18259411628578281,56.99637549317011,89.70217862955533,36.95079837841173,Beat,In-line,Clean
51.95647900288654,0.03912958005773065,86.95545031685444,32.633364435235684,0.174790219285844,56.67810883532704,88.43374534406496,36.09268221539051,Beat,In-line,Clean
54.83156903088601,0.09663138061772023,88.02878415592983,35.11611544592784,0.2000846864720993,61.1023458771181,89.87594860472703,39.53521252190381,Big beat,Above whisper,Clean
55.217257034679115,0.10434514069358215,88.56512649347465,35.48314116607864,0.21118012605967484,62.10104116907983,90.05756047769735,40.66249518843181,Big beat,Above whisper,Clean
50.736549480850215,0.01473098961700419,86.76454391251195,31.811278191232145,0.17264597558880804,55.24629552369705,88.46177937471813,35.34726394594651,In-line,Below,Clean
53.04451014272467,0.06089020285449329,86.2008878268522,32.90623963877565,0.15467356581594308,56.87415841106987,87.26719096116344,35.999018567765155,Beat,In-line,Clean
50.50776700361427,0.01015534007228538,86.95481908771595,31.405433089311607,0.16044304273628823,54.42485919324037,88.7475499518746,34.8400014602465,In-line,Below,Clean
52.50710488934859,0.05014209778697166,86.9584481561264,32.98658892388243,0.1874140614638117,57.894269338627225,88.58275524579817,36.83002710614204,Beat,Above cons < whisper,Very bullish
49.197542477771144,-0.016049150444577144,86.02718583751695,30.30579008244815,0.17576036915946863,53.712769226445495,87.78568562023442,34.112056719974426,Miss,Below (severe),Clean
50.122478155766814,0.0024495631153362307,86.79023520672264,31.448539388569504,0.11741645955473615,52.007133364574656,88.01688888535857,32.81314797939462,Miss,Below (severe),Mixed
54.8319526870165,0.09663905374033017,87.4661911597612,34.59586175891492,0.17891094159125903,60.024704044999574,89.15483989844533,38.551613200737904,Big beat,Above whisper,Very bullish
55.443181418747436,0.10886362837494859,88.29777655685045,35.97200789875947,0.2077323748210793,62.17763050803551,90.0018031024752,40.4544023585073,Big beat,Above whisper,Very bullish
54.67474001205225,0.09349480024104494,86.86004587140704,34.241048116292156,0.13705703442756345,57.727705040759155,87.69640458197657,36.59407374931412,Big beat,Above cons < whisper,Clean
53.731373794987434,0.0746274758997488,87.37653184865613,33.95159116243724,0.16822589417023015,58.28678346831234,88.9668597254998,37.44395702036585,Big beat,Above cons < whisper,Clean
51.84158780780056,0.03683175615601127,86.79662702058582,32.56430332962928,0.12963122819389972,54.378885327787096,88.13481275673011,34.256081003103944,Beat,Below,Clean
51.61448339464252,0.03228966789285045,86.67261751423628,32.40142798272789,0.20314870188055276,57.664191644892384,88.23614953786874,36.53785744177656,Beat,Above cons < whisper,Mixed
52.51514719204917,0.05030294384098335,86.75295424872648,32.89969059069073,0.08311960160008933,52.817314925720744,87.15478706325861,33.741502445563526,Beat,Below (severe),Mixed
55.96403863425567,0.11928077268511357,87.44794595914203,34.97134305839573,0.10878962238056253,57.62003488815559,88.21212354071265,36.65472808908634,Big beat,Above cons < whisper,Mixed
51.0540324809627,0.02108064961925403,86.23246930638011,31.82307856185346,0.16116029354510347,55.04749281780904,87.91605494924856,34.883558858209575,In-line,Below,Mixed
50.86346238763255,0.01726924775265098,86.47461582263308,31.945261263154297,0.11328136063678523,52.58067714120141,87.74483106723066,33.21158376261286,In-line,Below (severe),Mixed
53.92557437058988,0.07851148741179755,87.77930305501586,34.07137915745415,0.17237236717354096,58.70507804203833,89.04270708739365,37.62141721091639,Big beat,Above whisper,Very bullish
49.993097473045246,-0.00013805053909509367,86.02231296451563,30.931800501120563,0.12443415438334668,52.198664404814444,87.4896081497913,32.7971833218299,Miss,Below (severe),Clean
53.4941054906951,0.06988210981390207,87.46149952336997,33.717206755194354,0.20680629227999328,59.9458071699134,89.4658632791659,38.913786047210955,Beat,Above whisper,Very bullish
52.28661145894408,0.04573222917888163,86.60203319417593,32.5081499320926,0.13359917665013854,55.03834114970723,87.9259520499596,34.69914139566464,Beat,Below,Clean
55.5973466923306,0.11194693384661215,88.28715984927003,35.754041418761936,0.10327216531246627,56.957647565812934,89.10578564865345,36.85408016147374,Big beat,In-line,Clean
55.90085859438607,0.11801717188772144,87.75225709595553,35.2965430254463,0.196770112719182,62.12187135245229,89.04501634021806,39.786232721572475,Big beat,Above whisper,Very bullish
49.68157281563556,-0.0063685436872887545,87.39239512925744,31.50025818565911,0.10765400614579843,51.09927936365843,87.76730201235328,32.15024626092104,Miss,Below (severe),Clean
50.28060195248697,0.005612039049739397,86.21281549977748,31.14930607858683,0.16525395091310277,54.404693645179904,88.02344122970479,34.53785766367422,In-line,Below,Mixed
52.31278627700326,0.04625572554006527,86.72492137506076,32.59937528723408,0.1495394497765597,55.840210727920436,88.0495965924421,35.485116184763555,Beat,Below,Mixed
51.40229758834772,0.028045951766954492,87.04535433067444,32.12530197561219,0.1365937736053029,54.250422003071264,88.10365894803897,34.62526266863013,Beat,Below,Mixed
55.36773672828544,0.10735473456570879,87.23213405836611,35.18087278017663,0.08040353251880493,55.54667703818142,87.79005179288517,35.20749057305998,Big beat,Below,Mixed
51.05608305505063,0.021121661101012636,86.69969349705238,31.683858293530992,0.08739952319541623,51.55276320098137,87.49564720182593,32.70568964742214,In-line,Below (severe),Very bullish
50.5662409205027,0.011324818410054055,86.56568420883694,31.621671455400044,0.08767579146588703,51.07112782075803,87.9928726406497,32.28129482373122,In-line,Below (severe),Mixed
52.08742466493222,0.041748493298644565,86.40433805859433,32.77941729255994,0.23363961437066258,59.667316871693075,88.65977050580832,38.27709069882324,Beat,Above whisper,Very bullish
50.949408183630595,0.01898816367261187,87.00648136233377,32.18863105054736,0.2130664211672515,57.390372228341505,89.19172264099335,36.46364957584094,In-line,In-line,Mixed
51.69966258582313,0.03399325171646244,86.85301706326156,32.463782497326946,0.15737241717271372,55.56178035011298,87.96739302419495,34.91191670946148,Beat,Below,Mixed
49.50857443172875,-0.009828511365424997,85.61085393880853,30.646812924961772,0.13935804838381005,52.3788504040277,86.99876391391746,32.78256589623632,Miss,Below (severe),Mixed
50.64136922352426,0.01282738447048514,87.02737448751925,32.19078329648287,0.1769114955988412,55.34323747831455,88.74779156712802,35.3601634436112,In-line,Below,Mixed
51.84371421883147,0.0368742843766295,87.28473882205785,32.938729772992,0.14309316014332024,55.02918118283045,88.8424861437082,34.88331246624941,Beat,Below,Clean
50.9826598579052,0.019653197158103878,86.7031137927067,32.12081435455241,0.10194025853774161,52.16699928585024,87.31765510897318,32.83105930906,In-line,Below (severe),Mixed
52.86071190343791,0.05721423806875816,86.8800052954274,33.30353832946276,0.2714388113168321,62.40850637159229,89.54785809055348,40.01172212276485,Beat,Above whisper,Clean
56.71462113695666,0.13429242273913303,88.03466677021791,36.327435225802596,0.19716210175986132,63.04683825220234,89.96492795038402,41.24798431184051,Big beat,Above whisper,Mixed
52.92512871109489,0.05850257422189783,86.7331509486877,33.01989099874354,0.2072147321749453,59.32828114783972,88.29575433996156,38.07991680515057,Beat,Above whisper,Very bullish
53.77058366443305,0.07541167328866089,87.22060926917405,33.639484899814214,0.16132055073092766,57.98453498899546,88.21019074921152,36.73414910179551,Big beat,Above cons < whisper,Mixed
53.96259136235885,0.07925182724717704,87.33256399681231,33.89807133483695,0.20059556483501828,60.159587295463034,89.04937584601961,38.616268533122465,Big beat,Above whisper,Very bullish
53.78335276742964,0.07566705534859273,86.81992782599619,33.80937901503257,0.23431609406001905,61.64382520524974,89.0566097924944,39.37498663353502,Big beat,Above whisper,Clean
51.82214634229524,0.03644292684590475,86.91274284270466,32.49261132620365,0.1623320998420803,55.93207673519478,88.54562284822359,35.72007689220866,Beat,In-line,Clean
53.533133079450124,0.07066266158900249,87.53743091220483,33.7939580690017,0.25541745842953834,62.405970595775415,90.12548504569646,41.2220161590124,Big beat,Above whisper,Mixed
53.18449679960332,0.06368993599206638,87.76241918541254,33.80351705091111,0.2233245007001809,60.41461956433903,89.18807105362112,38.82435519493971,Beat,Above whisper,Very bullish
50.98228060390259,0.01964561207805169,87.01769885179476,32.04318089979354,0.1935439679535464,56.50319395249567,89.05822442792345,36.403699042116486,In-line,In-line,Mixed
52.7935390105993,0.055870780211986,88.37373046733205,33.85301243244133,0.18931653770489268,58.30335552718312,89.5379251312443,37.32461805214146,Beat,Above cons < whisper,Mixed
50.95724577435682,0.019144915487136416,86.47015250951794,31.78674582408264,0.14720221414169032,54.282674808982684,87.20292491381214,34.20702468427458,In-line,Below,Mixed
51.79180096611567,0.03583601932231344,86.62873694140708,32.19661930107976,0.12076995553742345,53.90050200413965,87.44729538047714,34.16992919181967,Beat,Below,Clean
55.17721453856312,0.10354429077126247,87.92410663464084,34.85980759866882,0.25676599779306836,64.39164372178523,90.08425091028721,42.044578496125595,Big beat,Above whisper,Clean
54.52523306428719,0.0905046612857438,86.38233502351666,34.16026910562494,0.10402687907743047,55.89751411301062,87.52077764719532,35.39699782418737,Big beat,In-line,Mixed
51.42795371781879,0.028559074356375672,87.90319618405384,32.93492356576709,0.10250235228659754,52.64947995095423,88.8749048534581,33.6259729494283,Beat,Below (severe),Clean
50.399483866702965,0.007989677334059211,85.54525385741282,31.01331605843837,0.13997095843311147,53.350094504626696,86.99811015781937,33.54973417303259,In-line,Below (severe),Mixed
52.78453135537545,0.055690627107508946,86.31003883597289,33.203127801210705,0.15780681399859142,56.74898364290629,88.05661317682089,35.891637140877755,Beat,In-line,Clean
51.68786278360634,0.03375725567212686,87.49922304879752,32.24672915302867,0.11273152610769832,53.40652054812991,88.37427671528927,33.97664384365607,Beat,Below (severe),Mixed
49.70865079744442,-0.005826984051111558,86.21786468416957,31.084307158779815,0.0811078908199679,49.90181357490778,87.41393613971711,31.565002849594034,Miss,Below (severe),Clean
50.625481166414076,0.012509623328281485,85.79886135915157,31.539811721979103,0.1851070956778319,55.71114431296306,87.65312019759396,34.919196618664614,In-line,Below,Mixed
55.251827798834604,0.10503655597669216,87.70098018817517,34.96609623331635,0.18016238764143508,60.54854837258135,89.50946776501793,38.97565401312206,Big beat,Above whisper,Mixed
49.54422301856175,-0.009115539628764957,86.52342179644042,31.070162789840364,0.18880094958324534,54.69120370148527,88.35038360115671,35.01509698406153,Miss,Below,Mixed
55.28434158530738,0.10568683170614758,87.03840180570599,34.46088043386346,0.13315966034395832,58.171272466492965,88.84756019932848,37.276672911891744,Big beat,Above cons < whisper,Mixed
55.12283759421821,0.10245675188436416,87.79270682244506,35.06951610202652,0.19356083532006307,61.09299864958389,89.74870506593707,39.60392740315695,Big beat,Above whisper,Mixed
52.456442070145435,0.04912884140290876,86.73590410445729,33.06818766933949,0.1792783438153821,57.44212140357659,88.97643647098981,36.71521703347644,Beat,In-line,Very bullish
49.73560738891197,-0.0052878522217605535,86.0619568622879,30.280860347811654,0.15882093129796973,53.51790123929708,87.32968574589299,33.488492964400436,Miss,Below (severe),Mixed
52.39178154603591,0.0478356309207181,87.24800987101406,32.955703671547795,0.09995011533212017,53.512035714444764,88.39332946773753,34.05720853490449,Beat,Below (severe),Mixed
54.36783809103722,0.08735676182074453,87.78061230085731,34.514866539162625,0.19500387204730474,60.329078674085395,89.41887138068668,38.99902556735971,Big beat,Above whisper,Clean
49.51549157153133,-0.009690168569373487,86.11828632326483,30.91499381327823,0.11427893552489202,51.233064294580714,87.72944718558135,32.37625070782207,Miss,Below (severe),Mixed
51.432392405419,0.028647848108380166,87.66327180954607,32.79409161533056,0.15617683619624728,55.21744496292258,89.32569312329606,35.572780486518106,Beat,Below,Mixed
48.79933534493009,-0.02401329310139805,86.0039480130717,30.261311849292948,0.10981841369666953,50.28994373182198,87.5342673672856,31.476504895643092,Miss,Below (severe),Very bullish
55.458879526785395,0.10917759053570798,87.57688305161209,35.11740978335924,0.1901788765216893,61.2912735763168,89.32499366573009,39.417616822953796,Big beat,Above whisper,Very bullish
51.518424964173256,0.03036849928346521,86.77264962685955,32.23570280987309,0.09719604248378357,52.4882539867109,87.15457396650753,32.84778043512749,Beat,Below (severe),Mixed
52.28206224157991,0.04564124483159813,87.04081218782676,32.74905539663277,0.08496199816691348,52.67233280948922,87.83278207771468,33.263498104714515,Beat,Below (severe),Mixed
50.36969656080896,0.007393931216179266,86.00059686021592,31.28522865023104,0.07939640621347803,50.48537877481482,85.880486303974,31.150446797227705,In-line,Below (severe),Mixed
52.81252786957046,0.05625055739140908,86.75108610047418,32.98428130342431,0.12968914857265046,55.400186811305545,88.30918253493626,35.282950995928395,Beat,Below,Clean
51.290573133833284,0.02581146267666576,86.96306188938017,32.26319886881597,0.07325129344546312,51.11569724619958,87.828299575495,32.19517556134178,Beat,Sandbag (flat/down QoQ),Mixed
53.864401947323906,0.07728803894647797,87.20396673520486,33.6929833516155,0.21562172241971084,60.80168442429112,89.566163197202,39.183844508628226,Big beat,Above whisper,Very bullish
55.94087864987311,0.11881757299746223,88.39681030527939,35.90246785708236,0.17116912219799127,60.83649904740223,90.27700993702304,40.077461322207405,Big beat,Above whisper,Very bullish
51.843330953410195,0.03686661906820388,88.0481410821772,32.76324164147466,0.08375982531419968,52.172453633647365,88.84392588848144,33.31134599801058,Beat,Below (severe),Very bullish
51.15610666149769,0.02312213322995385,86.20599523677534,31.73432631076579,0.18486492227420673,56.283570890231736,88.4892950755701,36.03054160115292,In-line,In-line,Clean
52.15130254237395,0.04302605084747888,87.82907279799849,32.83352711794495,0.1583010716247656,56.09213036278345,88.79816698234428,36.01194285721948,Beat,In-line,Clean
52.502780509541815,0.050055610190836264,87.00836058197521,33.11951329918381,0.1530329526381009,56.21333345886805,88.17038378429739,35.87440905982601,Beat,In-line,Clean
50.41943941719944,0.008388788343988915,85.8312463955888,31.51763928078269,0.08427505258497658,50.76364458786119,86.00029690582242,31.568053165120837,In-line,Below (severe),Mixed
51.72282567783042,0.03445651355660848,86.50437618560036,31.965511763685278,0.1513900431026546,55.299350308974816,87.56397635150593,34.963490696854606,Beat,Below,Clean
53.84219799565455,0.07684395991309109,86.46812146522517,33.35975269755506,0.13637688971118408,56.81467024397883,87.73495817276945,35.687713121822526,Big beat,In-line,Mixed
54.9073765623689,0.09814753124737813,87.43284185423465,34.64747363883944,0.1995821572465455,61.16120142361812,89.33980838039614,39.57161057179505,Big beat,Above whisper,Clean
49.965564973416186,-0.0006887005316763206,86.12397918040527,30.887536239964295,0.16441808521255113,54.02503552912941,87.56516822789247,34.02508263584417,Miss,Below,Mixed
54.98473481431336,0.09969469628626727,86.60693916177026,34.5418531240292,0.11929577596576693,57.14816846166889,87.47341448006702,36.1442988096992,Big beat,In-line,Mixed
50.04430488312981,0.000886097662596197,85.8778977069428,30.900987384942756,0.16498000154645232,54.13628478155829,87.6594736507321,33.96156905382103,Miss,Below,Mixed
56.169941640471485,0.12339883280942968,87.242345993695,35.179252964060176,0.1563115823933031,60.31067166543071,88.79818768137116,38.78580882627038,Big beat,Above whisper,Clean
55.44100152814541,0.10882003056290802,86.9659935040295,34.90308867131607,0.2206807336528972,62.84177938984023,89.09797227790743,40.397479371682344,Big beat,Above whisper,Clean
56.3459927411966,0.12691985482393206,87.9811184357853,35.391143601514976,0.1461224591568074,59.966592923873876,89.20553123969684,38.82912875978169,Big beat,Above whisper,Mixed
52.47447196813364,0.04948943936267284,86.6735354913808,32.890430579692996,0.08546060649097897,52.89047415583678,86.6424755459569,33.03048297380428,Beat,Below (severe),Mixed
52.45325795042455,0.0490651590084909,85.52462016984231,32.72246312900827,0.13436479760308695,55.251048671516145,87.00713063682396,34.68092540215189,Beat,Below,Mixed
50.58385016707351,0.011677003341470127,85.97613174499219,31.474666384934373,0.1289636393214885,53.02823274868989,87.20465264448546,33.52430515262538,In-line,Below (severe),Mixed
57.388104564614075,0.14776209129228143,88.26255518654334,36.551557977225144,0.1705667683504246,62.3782789518168,89.57561205586171,40.68749171829556,Big beat,Above whisper,Very bullish
54.61978984012362,0.09239579680247237,88.22505615871637,35.12762127644292,0.14515685631566352,58.08049633837118,89.40694770694908,37.74277344849461,Big beat,Above cons < whisper,Mixed
50.03311141788892,0.0006622283577785138,86.74798145194359,31.78495693538605,0.10808695802054577,51.48096407196931,88.00254006217052,32.60021002921033,Miss,Below (severe),Very bullish
52.07753778895626,0.0415507557791253,86.53102364135091,32.661084432703944,0.15822484825133698,56.00910556699448,88.41450559005037,35.523511433358074,Beat,In-line,Clean
50.12647999868091,0.0025295999736181774,85.67722761276565,30.940269411705128,0.08776718052485963,50.63122983081512,86.64836804300121,31.516113351705897,Miss,Below (severe),Mixed
50.81783207880607,0.016356641576121343,86.38608590972184,31.86888041098024,0.18763042060441618,56.04188876553154,88.11500578699201,35.45661179028764,In-line,In-line,Clean
51.86412703717802,0.037282540743560307,86.81049734306347,32.63014695793131,0.08905996006319691,52.44863382554869,87.71053063342387,32.90317404509992,Beat,Below (severe),Clean
51.240082470957184,0.024801649419143753,87.20136008175527,32.04121672010144,0.05787493476394248,50.333770408315516,87.15665307098688,31.41730255236944,Beat,Sandbag (flat/down QoQ),Mixed
53.37479456804595,0.06749589136091882,87.02463644418954,33.473686211286505,0.1787470705868757,58.42142683024184,88.98281942212134,37.61238136215036,Beat,Above cons < whisper,Clean
56.928022499572926,0.1385604499914586,87.9829541661451,36.76810795797955,0.22163617832389615,64.5778081426354,89.48811088508731,41.545381281960836,Big beat,Above whisper,Clean
55.89835072977355,0.11796701459547101,87.88065382192703,35.38028216355203,0.22840699493770514,63.76121611036821,89.89134714288569,41.11170877739808,Big beat,Above whisper,Very bullish
53.01978456059526,0.06039569121190522,85.36527455162556,32.42803864696479,0.09118900419115035,53.72213406588346,85.93423245243083,33.222308596638264,Beat,Below (severe),Clean
49.325405028965754,-0.013491899420684916,86.66944739057485,30.50105953976536,0.08667193998117907,49.77192403224194,86.848109835023,31.155234297027825,Miss,Below (severe),Mixed
51.396330506418884,0.027926610128377657,87.35146542839766,32.56751277525859,0.0713525731639618,51.13047730072035,87.3841847804088,32.05776997456146,Beat,Sandbag (flat/down QoQ),Mixed
51.494201975332544,0.029884039506650834,87.14865541474488,32.40559611184542,0.1186245217760233,53.48820012611616,87.8200415934972,33.670355060037146,Beat,Below (severe),Clean
52.148572295022745,0.042971445900454854,86.9264652831837,32.70176803233013,0.22586703280681647,59.36098589981048,89.31695516019079,38.33338590674852,Beat,Above whisper,Very bullish
51.991405780707176,0.03982811561414363,85.54118238477344,32.06161913566724,0.07277206361272139,51.79100426453164,86.25828085410859,32.15786478926642,Beat,Sandbag (flat/down QoQ),Clean
50.16900655592894,0.003380131118578853,86.94999344900745,31.489000477140944,0.09026525020948353,50.790558450785305,87.57866507603563,32.206364417483194,Miss,Below (severe),Mixed
53.00323301450124,0.06006466029002481,86.74097421564795,32.91764120707049,0.1146313347103473,54.859131190423,87.48228314035521,34.543636908172985,Beat,Below,Very bullish
51.83906736371908,0.03678134727438159,86.89086284253253,32.49421324852134,0.16700925350748588,56.175480499039644,88.44129653518887,35.82439756278341,Beat,In-line,Mixed
50.6548071927446,0.01309614385489204,86.31969628624626,31.704130997122604,0.2082590256169366,56.832404554267995,88.07000303900598,36.05297787887997,In-line,In-line,Very bullish
52.56659298296532,0.051331859659306485,87.55719556112543,33.165446045133606,0.13736803829423022,55.51702254507176,88.25971589624015,35.44860363005096,Beat,Below,Clean
51.116926533450666,0.0223385306690133,86.62020341115978,32.25973301316051,0.1289349137320498,53.585705685839464,88.17477630734297,33.90149394265959,In-line,Below (severe),Very bullish
50.57435983255512,0.01148719665110241,86.34571689902272,31.61266059382796,0.15527689067062628,54.254004233939426,87.97461756920896,34.823164295762005,In-line,Below,Clean
51.51197389002606,0.03023947780052123,86.539589840355,32.20523283915236,0.17335870061204758,56.124735410308226,88.09116252484263,35.575383667172616,Beat,In-line,Mixed
51.6249756050131,0.03249951210026201,86.38912063940532,31.904212913413563,0.13997268459938955,54.64741474476586,87.53125268848304,34.342232367875255,Beat,Below,Mixed
53.764622566285084,0.07529245132570159,86.88907939836571,33.71563157054783,0.16413114074228208,58.118423442548576,88.1190871939017,36.59660638950927,Big beat,Above cons < whisper,Clean
55.08010546736736,0.10160210934734705,86.8304038814336,34.6418352926216,0.19355306449554946,61.04524091093478,88.29466495237308,38.910230017058254,Big beat,Above whisper,Very bullish
51.79056397530278,0.035811279506055775,86.88270066550933,32.65268749781044,0.09186885787653307,52.50932508388855,87.46053312829756,33.12595544495935,Beat,Below (severe),Mixed
53.51155438225853,0.07023108764517066,87.70689814154922,33.65431930960105,0.14424180171509096,56.85657472757838,88.80475806266132,36.338558564452825,Big beat,In-line,Very bullish
52.296426302253266,0.04592852604506519,87.74424529184208,32.863937187833876,0.06513369302128931,51.72392241633938,88.15062096575794,32.87490569900004,Beat,Sandbag (flat/down QoQ),Mixed
53.23246485353715,0.064649297070743,86.66529133786462,33.229668138001784,0.22133413360166515,60.37072445984904,89.30723025219453,39.24963779179182,Beat,Above whisper,Clean
54.823534222311245,0.09647068444622485,87.06318490570509,34.50028375403116,0.08278584079428127,55.121993269775096,87.49217378084909,34.665451654518336,Big beat,Below,Mixed
58.38768987385967,0.16775379747719354,88.5768470852033,37.67936187209246,0.1629408477727424,63.05132744986988,89.88428096096976,41.04193928272616,Big beat,Above whisper,Clean
54.55676684059711,0.09113533681194223,87.93067330957777,34.768582345444,0.24006745976021973,62.82163760669629,90.11723397814687,40.86856494082324,Big beat,Above whisper,Very bullish
52.440644161403526,0.0488128832280705,86.60075207125007,32.793139360834196,0.11990709178707736,54.53374577322137,87.24344733287617,34.13549083182163,Beat,Below,Mixed
52.66278077954061,0.053255615590812065,86.40497146834439,32.76527098926904,0.1070421361811478,54.135637522034834,87.50394927868933,34.24172880043433,Beat,Below,Mixed
51.729870858505734,0.034597417170114594,87.53632611820798,33.23173318335766,0.16069311804121378,55.753754738154896,89.04311196919497,36.234583221881174,Beat,Below,Mixed
51.74262583534165,0.034852516706832884,87.69856121456007,32.743485501034456,0.18606938867655765,56.986748550683274,89.27318537651256,36.87889274769778,Beat,In-line,Clean
51.77773260715822,0.035554652143164514,87.72311575184516,32.782140089861,0.027988430825932525,49.42498794494607,87.84196772590826,31.141793539464906,Beat,Sandbag (flat/down QoQ),Very bullish
52.51420422043436,0.050284084408687174,86.84874220264585,32.869548387321004,0.0910676444364786,53.20393844837083,87.50167828359461,33.135327316897914,Beat,Below (severe),Clean
53.35993662308118,0.0671987324616236,86.81793953427174,33.473770828265025,0.18673175066252848,58.80079307509708,88.38079861606079,37.70688612329376,Beat,Above whisper,Clean
51.726316588296804,0.03452633176593603,87.42690503290792,32.532589069153346,0.08559606644931392,52.14289397586926,87.91023143201248,33.099937370228865,Beat,Below (severe),Mixed
50.8435023860072,0.0168700477201439,85.4194563977768,30.876456817035496,0.1437959539706039,54.000692863751944,87.4873368431904,34.25599780067496,In-line,Below,Mixed
51.67569496365102,0.033513899273020446,86.60723953784283,32.03529284526112,0.17184883593946426,56.230667061694625,88.00125739204788,35.79087720532487,Beat,In-line,Clean
51.53136179090569,0.030627235818113906,86.94527202715956,32.54531507664891,0.09573888148985821,52.43170839252935,88.05704994109261,32.85619483115637,Beat,Below (severe),Clean
54.18013712262422,0.08360274245248427,87.25743100602304,34.243790627622246,0.19053790323331704,59.89611350065817,89.28053128877262,38.47171654959003,Big beat,Above whisper,Clean
48.42836857971823,-0.03143262840563528,85.85926738627757,29.967306311918897,0.15468533336655454,51.925274995165296,87.11706278643715,32.93110326152007,Miss,Below (severe),Clean
51.99006119665991,0.0398012239331981,87.91100326077152,32.984439019266105,0.10843467468159027,53.51133038568172,88.88988802181841,34.44292772709998,Beat,Below (severe),Clean
50.75209795281269,0.015041959056253724,86.09453380942769,31.43681005547888,0.08574925559771009,51.16804881712499,87.16224467837843,31.78533490295669,In-line,Below (severe),Mixed
49.956735753588866,-0.0008652849282227093,86.79536932921292,31.05473710587684,0.19895275608726692,55.61749701568234,88.84591667741762,35.55062585092682,Miss,Below,Mixed
51.91265779392303,0.03825315587846071,87.08426925540303,32.32982101785217,0.13284885577785369,54.60853819778777,87.9516777927615,34.469502011544634,Beat,Below,Clean
51.396427358720096,0.02792854717440191,86.72812975113108,32.1472018193841,0.1421020863113345,54.50711213567581,88.30874352135444,34.65850949002287,Beat,Below,Mixed
51.468771041745875,0.029375420834917617,87.0125552120422,32.526485479273234,0.18299447310127262,56.53818084543591,88.62344646074615,36.380484561751814,Beat,In-line,Clean
53.188771469319654,0.06377542938639294,86.83155383442822,33.37923652666389,0.1609907893267342,57.340839930664366,88.63912198576405,36.74333152136539,Beat,In-line,Clean
51.88129994456593,0.03762599889131863,86.60838648814526,32.34076151219316,0.14244040059524612,55.037629299781166,87.89186294528267,34.78111834159646,Beat,Below,Clean
54.200803304727465,0.08401606609454931,86.26665592461815,34.25356117116168,0.18021762621728254,59.3995474571342,88.0427014118555,37.809015993843566,Big beat,Above whisper,Very bullish
53.52003864142995,0.07040077282859887,87.62352508067328,34.05889411955105,0.16999777941117955,58.14558876701117,88.98203158307713,37.593484416984985,Big beat,Above cons < whisper,Mixed
52.3814673410677,0.04762934682135404,86.40323255578389,32.42698342164342,0.09134783937200325,53.083086833965865,87.23606794049942,32.96657804285144,Beat,Below (severe),Clean
52.42083718048167,0.048416743609633495,87.06443687362822,32.820230508673994,0.13633279224299824,55.31269369322572,88.22989891518877,35.096122892180816,Beat,Below,Mixed
52.42503019057641,0.0485006038115281,86.6101863868523,32.91394307066371,0.16861168681181923,56.88846703630076,88.0920325904489,35.80757946902449,Beat,In-line,Mixed
51.69756884790295,0.03395137695805901,86.23117301264705,32.31378507325598,0.16457085407692815,55.90509034212433,87.1805729641374,35.3626419785022,Beat,In-line,Clean
51.52687593058381,0.030537518611676247,86.18630475317613,31.835068203183464,0.1545946138601971,55.24317817431651,87.81396081360312,34.736178839296905,Beat,Below,Very bullish
53.94347840119309,0.07886956802386187,87.81256302855923,34.207280372444025,0.17439387516625648,58.82582702241553,89.28353772091685,38.06060529509302,Big beat,Above whisper,Very bullish
51.3819478387475,0.027638956774950055,86.47550995249972,32.13034270150342,0.21900708241262615,58.161032729047236,88.23321080313815,37.20109690191159,Beat,Above cons < whisper,Clean
54.423559931438504,0.08847119862877012,87.22837048350313,34.06152115424865,0.18284152510735174,59.776271871711636,88.88120627472561,38.21523701911456,Big beat,Above whisper,Very bullish
50.820859857785884,0.0164171971557176,85.62320535645755,31.480225654219215,0.06935652434959473,50.46378820040977,85.95919659161669,31.49372800179717,In-line,Sandbag (flat/down QoQ),Mixed
51.585172727331496,0.03170345454662992,87.16984980442255,32.52384251252906,0.05668255856630133,50.61564142291543,87.25994874119343,31.907859819169797,Beat,Sandbag (flat/down QoQ),Clean
49.40308135429268,-0.0119383729141463,86.67085685377958,30.83925046097161,0.12399933764190653,51.562671382573185,87.48304214637366,32.52810049967347,Miss,Below (severe),Clean
51.60315699708878,0.03206313994177567,87.12606295631724,32.025203075499334,0.07631280914466564,51.57391466339342,88.09292004720717,32.57614893838665,Beat,Sandbag (flat/down QoQ),Mixed
52.843634941284115,0.056872698825682313,85.35051386986076,32.54176868783336,0.16887565690134843,57.35566432611648,87.5597689970403,36.47184620201124,Beat,In-line,Mixed
49.37071706084509,-0.012585658783098306,86.07563317243134,30.471255975277707,0.1610213554984086,53.22613849791714,87.63676547968787,33.43585667134266,Miss,Below (severe),Mixed
56.135861421701215,0.12271722843402431,87.92210840223291,35.81409940598312,0.05783437575451361,55.14084078700525,88.10641813050184,35.41501237005458,Big beat,Sandbag (flat/down QoQ),Clean
54.14121248861257,0.0828242497722514,87.71665673807411,34.415717936984635,0.22669343974504463,61.67076516679327,89.6848355174286,39.910293878358814,Big beat,Above whisper,Mixed
52.77052621246244,0.05541052424924884,87.15491934098908,33.18878524665977,0.1317474256238953,55.45698524764604,88.2907081271089,35.30629195302741,Beat,Below,Mixed
50.62065242937063,0.012413048587412488,86.24177742965315,31.475788272911334,0.19649489000469947,56.24111253469979,87.71145255386193,35.23142182088558,In-line,In-line,Mixed
54.84639405144457,0.09692788102889142,87.69072895242847,34.92639485146646,0.214673039350177,61.86183357701809,89.91844825876696,40.29255191823531,Big beat,Above whisper,Clean
50.804169329056606,0.01608338658113205,86.4055755894522,31.632284419073827,0.12571778725519495,53.10607443184071,87.27983624992453,33.142932663074816,In-line,Below (severe),Mixed
52.45202683750671,0.049040536750134006,87.29343106830905,33.19588948862403,0.11073124322373121,54.09866890891204,87.92228050990511,34.13893891355887,Beat,Below,Clean
52.71249224916444,0.054249844983288824,86.15146662915078,32.643454810684744,0.12507736687635335,55.06951541109582,86.94787330645416,34.7681679823576,Beat,Below,Clean
53.008181271825215,0.06016362543650443,86.8514171941803,33.44596515298706,0.098841679081415,54.087056134228405,88.22621528907891,34.288862021587214,Beat,Below,Clean
53.294216101961055,0.06588432203922114,87.87072269124069,33.61618438115408,0.15499328794855421,57.15771460679873,89.22160920533099,36.6418632813846,Beat,In-line,Clean
52.327801246239666,0.046556024924793486,86.87944118427279,32.91866119451972,0.15328103298995277,56.03804205568791,88.48403594901004,35.6694191033078,Beat,In-line,Mixed
53.22639737575702,0.0645279475151404,87.16394921145778,33.425109659519364,0.2336104432650091,60.97059397009947,89.10033452361917,39.310721269603725,Beat,Above whisper,Mixed
51.25432959341444,0.025086591868288845,87.10449190063075,32.02063990313274,0.18079723006324216,56.198043954605645,89.0733241718686,36.42109571427221,Beat,In-line,Mixed
55.529779454418026,0.11059558908836059,87.83968214327966,35.02526108426617,0.21592615144949023,62.697245949788815,89.68665227100048,40.46707839276897,Big beat,Above whisper,Very bullish
51.4832343310786,0.02966468662157197,86.21959910876214,32.05733290186488,0.09720584647538333,52.45286958184149,86.54015825737427,32.83929479586881,Beat,Below (severe),Clean
52.72539755171475,0.05450795103429491,86.46989061330002,32.599405266730464,0.12162795297970844,54.91411688840178,87.36924005145939,34.40045732947818,Beat,Below,Mixed
53.40179885035936,0.06803597700718711,87.23590980033171,33.94435314662932,0.13239632869673978,56.15257232366666,88.39741043609796,35.955125977377335,Beat,In-line,Clean
52.95549522015614,0.0591099044031226,87.84473332381538,33.575309119343686,0.13110443564961166,55.61975299728753,89.50392829530101,35.80050832780791,Beat,Below,Clean
54.46604832707514,0.08932096654150296,87.47007924355968,34.608582898470125,0.20822256878322162,61.10660104826626,89.13797561044778,39.0798380261489,Big beat,Above whisper,Clean
52.640204563972645,0.05280409127945303,87.77150584164738,33.515947128207934,0.16026551960883423,56.713998993537835,88.98986589155983,36.52777176544414,Beat,In-line,Mixed
52.524831356905,0.05049662713810005,87.90035013905502,33.351015351977495,0.1417166330647621,55.68501120845001,89.01935534026481,36.0833912975697,Beat,Below,Mixed
50.61190678529749,0.012238135705949688,86.68517747481644,31.65190786437046,0.12316215648251594,52.78499419947633,88.02813854556595,33.718907418311524,In-line,Below (severe),Mixed
51.192629913689224,0.023852598273784498,86.54464665394245,31.794836733089372,0.06532790278595837,50.641441559473385,87.08524489681791,31.96079977811755,In-line,Sandbag (flat/down QoQ),Clean
53.100907726309444,0.06201815452618876,87.26748376613797,33.347153213007545,0.08424773148685154,53.46207168913338,88.28645764364107,33.93238581966329,Beat,Below (severe),Very bullish
51.268924757920345,0.025378495158406747,85.7100370357433,31.304551110566653,0.11211930918506569,52.94450681412237,86.95592192072522,33.01403726808487,Beat,Below (severe),Mixed
51.40161820130754,0.0280323640261508,87.10010459989958,32.33850332682022,0.0895816700895596,52.00581379043753,87.66559007847043,32.95124464079827,Beat,Below (severe),Mixed
49.7826673211755,-0.004346653576490049,86.66763243893439,30.81142952645901,0.10375882562200955,51.02319710312672,87.36690209373211,31.765808200798546,Miss,Below (severe),Very bullish
51.4781763490282,0.0295635269805641,86.78576132594927,32.14413260195423,0.1782390491536036,56.32119772838048,89.0200128962164,36.237580690107855,Beat,In-line,Clean
55.06636146098292,0.10132722921965835,87.47964238507151,34.52733317495173,0.1474084489347505,58.6704935072534,89.06245885367547,37.93912588088044,Big beat,Above whisper,Very bullish
55.14994999133177,0.10299899982663546,88.03165911704419,35.223729204502916,0.11147788383489199,56.91952473068231,88.8579541819048,36.114823339517244,Big beat,In-line,Mixed
48.89265378428214,-0.022146924314357146,85.98933850135965,29.84485882316,0.1857148671400649,53.83183602267277,87.47559477377955,34.181264897508726,Miss,Below (severe),Mixed
52.47547382265506,0.0495094764531013,87.314764700809,33.14843048759727,0.14131474381951514,55.61310110823187,88.59865422229329,35.632451172622694,Beat,Below,Mixed
55.67650544310945,0.11353010886218899,88.11043918046343,35.40429483337819,0.1669429835689478,60.33049970672669,89.65645919893018,39.35447618229217,Big beat,Above whisper,Clean
49.6485764903583,-0.007028470192833911,85.64784218069316,30.440858753562857,0.1583888668338116,53.4043326705367,87.11326121531357,33.42528922069191,Miss,Below (severe),Clean
55.65505934553654,0.11310118691073083,88.17654221015817,35.470634653901385,0.22315986745066485,63.21253251118499,89.91964871568537,40.93573193936942,Big beat,Above whisper,Very bullish
50.47243947435002,0.009448789487000382,86.24519404347836,31.226504310841406,0.11073142327524478,52.0569442096957,87.50562430254071,32.932217721200466,In-line,Below (severe),Clean
53.12677719972319,0.06253554399446395,87.97102619276986,33.843762850188114,0.17357139285063344,57.89463263623411,89.57491808522877,37.373698979831666,Beat,Above cons < whisper,Clean
49.997327089133144,-5.345821733713674e-05,86.65296438007853,31.11335836545541,0.11226903390437944,51.638301649286284,87.67242019450346,32.571648222931515,Miss,Below (severe),Clean
54.0794330095015,0.08158866019003001,87.34419529753968,34.63128943241719,0.15391236536012293,57.945574571233315,88.4422951572324,36.938417914559366,Big beat,Above cons < whisper,Mixed
52.84047948409293,0.05680958968185863,86.42788113213801,33.09103431578099,0.0888959129807663,53.42794056801762,87.29054440253593,33.84061039060025,Beat,Below (severe),Clean
54.6442822248361,0.09288564449672192,88.52869975790382,35.19752386374532,0.11751069157049518,56.70374321806062,89.55472243513981,36.76110144736414,Big beat,In-line,Clean
51.119231222506386,0.022384624450127708,86.2010491335774,31.68417983065065,0.14090428039748013,54.15628187578704,87.48860614244174,34.23048736894778,In-line,Below,Clean
50.74091033029785,0.01481820660595703,86.13956305472851,31.474788167111804,0.2143017759890814,57.2137219915703,87.8043979005096,36.31889420992105,In-line,In-line,Mixed
54.53523564501137,0.0907047129002273,87.43242549372188,34.141139810209836,0.17940001707370223,59.724653718641584,89.03274838818369,38.089840409521976,Big beat,Above whisper,Very bullish
51.20954786004211,0.024190957200842064,86.16571151411185,31.671185851424326,0.10104550090390899,52.35661068357828,86.80875959677874,32.75044644042579,Beat,Below (severe),Mixed
53.74985221305856,0.07499704426117121,87.52332005409241,34.0585218245725,0.13273715671355346,56.535565143194106,88.4568280778519,36.09357432083143,Big beat,In-line,Very bullish
52.40378800854476,0.04807576017089522,87.83444687789465,33.32681132096764,0.08893381429402832,52.98823841962886,88.28955852859544,33.340943389457294,Beat,Below (severe),Mixed
49.87724304186993,-0.0024551391626013407,85.79359700749085,30.762644187781987,0.15551370156945896,53.517135036291336,86.72377784084517,33.52088810045885,Miss,Below (severe),Mixed
51.398651278884444,0.0279730255776888,86.72874989733819,31.811469668809103,0.14537505286620805,54.66568057396091,87.72839219502238,35.412378629013034,Beat,Below,Mixed
53.07543345449852,0.06150866908997038,87.04221048287948,33.50122964079992,0.18371107466812633,58.338408489122415,88.5094739963691,37.07279415481595,Beat,Above cons < whisper,Mixed
51.9914771125561,0.03982954225112194,88.52141678694015,33.1050088246503,0.1605873196603485,56.030602705297845,89.7252411644499,36.07035071287596,Beat,In-line,Clean
52.87378431360151,0.057475686272030174,86.61584397894435,32.8124771402429,0.1336642627542736,55.65961116198557,87.57569475770336,35.281780412415166,Beat,Below,Mixed
52.191250557026606,0.04382501114053211,86.82554723832916,32.69281279631652,0.0677846266071275,51.74837106046557,87.14102012423815,32.407773487914724,Beat,Sandbag (flat/down QoQ),Mixed
48.27363074442188,-0.03452738511156235,85.795222123174,29.55770007208803,0.08901330522876774,48.81558144577765,87.08423620771818,30.567024099027382,Miss,Below (severe),Very bullish
51.17604725264743,0.023520945052948532,87.35943351687254,31.802505498046788,0.1517379447129411,54.73129580406104,88.57535459979765,34.816136611300486,In-line,Below,Mixed
54.479483791099526,0.0895896758219905,87.88667724776573,34.61408409241693,0.1092083997518648,56.11273667557365,88.27264148716351,35.32299720922986,Big beat,In-line,Clean
56.73823060646509,0.13476461212930185,88.76281091288499,36.470132787504426,0.21977444461023896,64.26442631715656,90.65058928483408,42.693008277302106,Big beat,Above whisper,Very bullish
51.12998580343611,0.02259971606872202,85.4628316183341,31.510232723741925,0.17817359025355828,55.93714187624437,87.61367473336193,35.35261412297951,In-line,In-line,Mixed
52.645732551892834,0.05291465103785666,87.2730608219211,33.17210477871739,0.12937007924013974,55.209621204944526,88.15837866150551,34.8207555445585,Beat,Below,Mixed
50.01055581823517,0.00021111636470348748,85.65126748241092,30.682203434563267,0.13898273418190057,52.89250534639504,87.06534918255242,32.815814412819634,Miss,Below (severe),Mixed
52.648460798421034,0.05296921596842072,87.45760093356132,33.34302864778205,0.15267775689790478,56.35194471887613,89.06895813369714,36.5009920304153,Beat,In-line,Clean
51.21018768957379,0.024203753791475782,87.39100588192336,32.46085582454843,0.12893525418194807,53.6834872377461,88.45371888948473,34.334276015678796,Beat,Below (severe),Mixed
54.779325381334075,0.09558650762668144,87.39778288374116,34.32941157211024,0.08365890988866262,55.121953739517636,88.44784084186924,35.14979360358249,Big beat,Below,Mixed
50.784860769014685,0.01569721538029367,86.60236149489285,31.538037131871484,0.07395260150911853,50.64478095872157,86.58661159007005,31.343486239571895,In-line,Sandbag (flat/down QoQ),Mixed
49.36769752093651,-0.012646049581269825,86.05330473827885,30.791778827960652,0.17277672140655498,53.76176598185197,87.757247999262,33.86686762912245,Miss,Below (severe),Mixed
54.814475850315894,0.09628951700631776,87.94567326953316,34.71244197481616,0.18722039722164513,60.42851637875772,89.77577052149144,39.580605737148275,Big beat,Above whisper,Clean
51.324887773751705,0.02649775547503405,86.05979446051055,31.816874302217393,0.1775335562067644,56.11986493484329,87.44074304042238,35.44291649855059,Beat,In-line,Mixed
48.91144336282187,-0.021771132743562575,85.97069639639608,30.26487379229862,0.14404770016883403,51.96009398466207,88.06051243410803,33.01455600358691,Miss,Below (severe),Mixed
51.04045511268369,0.020809102253673863,86.16038153239283,31.93400291543496,0.16472140717636916,55.20163136592673,87.61165586620803,35.04680216013999,In-line,Below,Very bullish
52.06806979191344,0.04136139583826875,87.50690534812784,32.65307186727299,0.08440713810500795,52.42991608186492,87.81069319381247,33.20744613125696,Beat,Below (severe),Very bullish
51.712496779895915,0.03424993559791828,86.40586572516314,32.23842649072359,0.13374640301092805,54.441081699569686,87.42399084532941,34.27249554219537,Beat,Below,Mixed
52.14918408474827,0.04298368169496534,85.75544721198854,32.209052575987826,0.21882309971274105,59.02058517983015,87.69155417437301,37.276911698920415,Beat,Above whisper,Clean
53.9779704659128,0.07955940931825592,87.84857633500029,33.62108915170954,0.10938774414442967,55.60517753948268,88.96022498478206,35.575233349929114,Big beat,Below,Mixed
52.9650605186143,0.05930121037228599,86.83695614139563,33.297809110531404,0.15289112788116585,56.70130919105662,88.14463437249374,36.092802487671776,Beat,In-line,Clean
53.468935979855814,0.06937871959711628,87.0717646904836,33.809821309045596,0.11743298132520706,55.48024164452428,87.93702052913393,35.15722353824449,Beat,Below,Clean
54.144871153157645,0.08289742306315294,87.45995097414884,34.00176902292402,0.15726683844868328,58.18434501065277,88.6311601434992,37.20980400414948,Big beat,Above cons < whisper,Clean
51.10064076462779,0.022012815292555943,86.58094174728637,31.839766044049473,0.1661988268924376,55.33682821936361,87.82678524427509,34.57464398759681,In-line,Below,Mixed
54.60344222993937,0.09206884459878749,87.63175761991224,34.48909093640988,0.16295309022453267,58.9654388869044,88.94195291658494,38.02423664041847,Big beat,Above whisper,Very bullish
51.85164073825123,0.03703281476502461,87.38898003259918,32.999436669671304,0.14061051401698968,54.91806040971809,88.73956222018424,34.67285653919224,Beat,Below,Mixed
51.265691658982426,0.025313833179648543,86.53329952223928,32.03200650876613,0.13184906683848216,53.880380603259425,87.85230387212121,34.254326103873005,Beat,Below,Mixed
51.768229289872814,0.0353645857974563,86.62261419309041,32.377750152761216,0.17450934801595533,56.45925000038979,88.31708298954527,35.5879326477983,Beat,In-line,Clean
51.253443626382044,0.02506887252764086,86.3805278901826,31.968233529145806,0.11676090453574528,53.1494247744295,87.78533560004296,33.606636616459966,Beat,Below (severe),Clean
51.8935875315042,0.03787175063008403,87.3085168098259,32.53450379471064,0.1515114203984311,55.48776878168895,88.58414622508504,35.3430641602087,Beat,Below,Clean
50.04271287967275,0.0008542575934548969,86.68656856706997,31.58276621767466,0.19091134340853028,55.33954625024283,88.67544441765381,35.25338059116018,Miss,Below,Mixed
52.55918619904121,0.051183723980824214,87.0192628823662,32.8985751907952,0.1343895232121188,55.363833731836806,88.13682870942145,35.22045123133179,Beat,Below,Clean
51.08266942156219,0.021653388431243866,86.88179999773429,32.10685119901303,0.125108929209726,53.36831267306337,87.99886078707728,33.949681781144214,In-line,Below (severe),Mixed
50.99590013519041,0.01991800270380814,87.46798250874866,32.304172354539986,0.08842445157684048,51.54052859178966,87.92410357758456,32.53549085185583,In-line,Below (severe),Mixed
51.67404566291388,0.03348091325827763,86.06560005336273,32.09192186084959,0.16166214403825316,55.74008391334605,87.58767196490082,35.22189325608366,Beat,Below,Clean
50.29080025842585,0.005816005168516969,85.88184307601506,31.019329262390936,0.15365193181901954,53.873930380081894,87.74257576135601,33.70785115745786,In-line,Below,Clean
51.16465556845014,0.023293111369002712,87.60461972132076,32.50405888197079,0.1309340626952537,53.73071951782846,88.63661491614702,34.305362604778644,In-line,Below (severe),Mixed
51.481475601694356,0.029629512033887168,86.55324426986184,32.20551457512547,0.1081222710050975,52.97292896855428,87.43282310914311,33.44919923047641,Beat,Below (severe),Mixed
52.15351422715463,0.04307028454309256,86.29956817112316,32.61675193246701,0.1650366946762035,56.42070370017026,87.91513716370399,35.41862598402903,Beat,In-line,Clean
53.826009901710215,0.07652019803420428,86.89256832677692,33.66740515176372,0.18481808611683578,59.21874217540371,88.29905881615416,37.75926662467648,Big beat,Above whisper,Clean
51.433969835791494,0.028679396715829863,86.06025964364287,32.17374092346022,0.13364135480201397,54.14284130124312,87.28897749161965,34.10247235258801,Beat,Below,Clean
54.20187112392817,0.08403742247856329,86.97316293524244,33.91761673803702,0.20944026858701892,60.87150231503962,88.67151796059997,39.10710745143935,Big beat,Above whisper,Very bullish
48.6238353369791,-0.02752329326041802,86.11694995922488,30.02438563643078,0.15717460356278812,52.247248281215995,87.16505815836366,32.82615403183022,Miss,Below (severe),Clean
51.08306581285995,0.021661316257199095,86.78050995406697,31.87910405737767,0.09134140484842514,51.766988750444625,86.95942808308408,32.345769789899094,In-line,Below (severe),Clean
50.4333493656918,0.00866698731383587,85.94555878843646,31.065448042792465,0.15916123797434342,54.284641994075876,87.1093393044711,34.21002956066075,In-line,Below,Mixed
50.56335210296518,0.011267042059303688,86.33488239977608,31.40760007869445,0.1544682318201103,54.204227718835874,87.62133612433006,34.61144646649492,In-line,Below,Mixed
53.65027094265778,0.0730054188531554,87.60269658544692,33.986651293013374,0.16418600990597212,57.997545226313726,89.03110501574304,37.045991509892204,Big beat,Above cons < whisper,Clean
53.30459916704121,0.06609198334082424,86.5514873697557,33.05236015511645,0.2150056507319295,60.139289969530175,88.68780147630125,38.293634439434825,Beat,Above whisper,Very bullish
52.692542644800824,0.053850852896016536,87.40674383251658,32.91524953469211,0.22559993207297172,59.96712120863291,89.08991972180573,38.708164791045924,Beat,Above whisper,Clean
50.39064192338459,0.007812838467691931,85.71213979004483,31.572858847068463,0.15060719109920495,53.838418178211995,87.08707389212381,33.294404277973904,In-line,Below (severe),Mixed
57.26850920544052,0.1453701841088105,87.31332986357798,36.06315258710268,0.1306481550678378,60.12549611400133,88.56659924206022,38.80831970745474,Big beat,Above whisper,Clean
53.255619183069705,0.06511238366139403,87.47037662353827,33.59759838901815,0.14440773384399103,56.59284657348714,88.89656816930746,36.07568410348833,Beat,In-line,Mixed
54.866071110623196,0.09732142221246391,87.45374202800062,34.69639345628678,0.20294770770157353,61.286656296464585,89.03272470687547,39.48086498636105,Big beat,Above whisper,Very bullish
50.25716034328911,0.005143206865782273,86.58674765242887,31.335483306261665,0.20661152087862383,56.30937805708144,88.54330780159613,35.93545917916447,In-line,In-line,Mixed
54.740716033324574,0.09481432066649145,87.62349711858569,34.92131452938229,0.10495492737489931,56.165593629834135,88.42608207670331,35.981310893025785,Big beat,In-line,Clean
54.25585322246338,0.0851170644492675,86.35277460851908,33.509495026273385,0.15477093224839467,58.17786204809066,87.84798585631557,37.236030137169095,Big beat,Above cons < whisper,Clean
56.767958972543006,0.1353591794508602,88.60109863415062,36.156552229878706,0.2575763494572631,66.29075385291388,90.9459160811827,44.145125464776946,Big beat,Above whisper,Very bullish
50.26298642388254,0.005259728477650763,86.93318090586912,31.768099559350688,0.15092532429661298,53.716876525021604,88.30869309079311,33.98981655588417,In-line,Below (severe),Clean
53.31974336817109,0.0663948673634218,86.76512115539373,33.580036610874835,0.16056215268335047,57.46081356218212,88.34296242416319,36.79479089641667,Beat,In-line,Clean
54.303595783722095,0.0860719156744418,88.23777286887639,34.68493041383946,0.19239847021730924,60.126415644108675,89.5928099302569,38.89256808187633,Big beat,Above whisper,Clean
50.378959706536506,0.007579194130730138,86.48512735205689,31.252557096034455,0.08995857567612511,50.98876636822562,86.84757160225776,31.799864667281273,In-line,Below (severe),Mixed
51.04197089965468,0.020839417993093568,87.42056390914959,32.29573057985909,0.04504522746977403,49.5310846543827,87.25793964387243,30.78751825703279,In-line,Sandbag (flat/down QoQ),Very bullish
52.63544998298533,0.05270899965970657,86.46679473200601,32.687104818686514,0.1644179568126861,56.91183004473953,88.19220921417597,36.0411122863773,Beat,In-line,Mixed
52.821798039190945,0.056435960783818954,87.20163968827272,33.066627580127744,0.24647743620980275,61.13823801046252,89.38290254182239,39.49311789333859,Beat,Above whisper,Very bullish
52.20790682059071,0.04415813641181428,87.06217862594147,32.60126352305373,0.1631938963806521,56.390210088198,88.57122141421915,36.094064806970174,Beat,In-line,Clean
50.71745890126742,0.014349178025348377,86.27101287784339,31.436168465784586,0.042846904462883986,49.11264894473811,86.19730991607227,30.33560172261471,In-line,Sandbag (flat/down QoQ),Clean
50.2168743772364,0.0043374875447278515,86.88036005742588,31.51707611780646,0.11573409691759068,52.02663048450209,87.90508009310528,32.77603656667332,In-line,Below (severe),Very bullish
50.915842264285004,0.018316845285700073,86.68991168465016,31.49298212087092,0.15252938036049987,54.49043241143296,88.45176191077383,34.54943202502017,In-line,Below,Mixed
51.05406659714643,0.0210813319429286,87.34246507786598,31.76742366508789,0.20649595273799978,57.19677295453965,89.3471157547724,37.04245720617179,In-line,In-line,Mixed
50.70357189368786,0.014071437873757163,86.67230827590294,31.251818782187794,0.09221438387713156,51.423515497931696,87.38722650512545,32.275878096592216,In-line,Below (severe),Mixed
51.744809354016375,0.03489618708032745,87.03468988190491,32.84503493461247,0.13619239267359878,54.59262598063771,88.73145043051507,34.79535026294737,Beat,Below,Clean
54.081714980172805,0.0816342996034561,87.04107130823617,34.278950460757855,0.08796483892468024,54.63621830380459,87.36518478151805,33.78884775990784,Big beat,Below,Very bullish
51.09711313415898,0.02194226268317946,86.77278256265963,31.967507238368874,0.18626514535543318,56.28510117224069,89.06169960113675,36.42241862895913,In-line,In-line,Mixed
51.23825691478253,0.024765138295650618,86.30537216400586,32.026015477352246,0.12769350320167733,53.653831621165914,86.85558258905309,33.756427154252044,Beat,Below (severe),Mixed
52.10287531678644,0.04205750633572866,86.77720442502151,32.93090027160543,0.1934195766362235,57.73912058765426,88.53696453842159,37.00724465758688,Beat,Above cons < whisper,Clean
52.57076319459677,0.051415263891935424,87.62037950573468,33.036114440503276,0.1142631598551406,54.39354580512146,88.63451693276292,34.77231457282448,Beat,Below,Very bullish
52.79084082743739,0.05581681654874775,87.21261075726069,33.50468744959637,0.17066041461434295,57.385851352967094,88.81296972278538,36.50973367902966,Beat,In-line,Mixed
50.81887925561948,0.016377585112389594,87.06541850607988,31.85019692460215,0.1461234170854714,54.08437129169711,88.90276842731298,34.69477230264609,In-line,Below,Clean
51.98555972779353,0.039711194555870515,87.55532477853784,32.89340242462981,0.17638274460556205,56.78670718726398,89.15062313710439,36.665671653791975,Beat,In-line,Clean
52.79427412689262,0.0558854825378522,86.93966129212257,33.096485082124715,0.1833286164146133,58.010619974533256,88.46234400592851,37.470305896197694,Beat,Above cons < whisper,Clean
50.54214556431631,0.010842911286326267,86.69233023849885,31.960423453969824,0.1942008450620177,56.04622487671446,88.52707209123794,35.522285162783156,In-line,In-line,Clean
54.1593425703679,0.08318685140735795,86.86424902368104,34.12349867581821,0.17541935225813005,59.11280083687457,88.36832933804872,37.565773105556836,Big beat,Above whisper,Very bullish
51.70902362835206,0.034180472567041105,87.13717484984448,32.49860246495546,0.1400941273632117,54.742214586771894,88.57193347605687,35.19069016462225,Beat,Below,Very bullish
50.203389753407144,0.004067795068142992,86.36813253205618,31.306285944712887,0.11227767145467409,51.8515302073332,87.2004899717944,32.232345914353175,In-line,Below (severe),Mixed
51.01173924822234,0.020234784964446802,87.00095710447376,31.51070734734515,0.17852607349587044,55.82447441851676,88.64049491612577,36.13893808502823,In-line,Below,Clean
51.871772037776644,0.037435440755532796,86.4715894639696,31.947871278842896,0.18133177782183693,56.900788917287464,88.47729189303851,36.31119891151107,Beat,In-line,Clean
56.00102495149722,0.1200204990299444,87.95680072014315,35.841769890024494,0.22158064277413886,63.52335605224196,89.90476859394208,41.14145896483623,Big beat,Above whisper,Clean
52.54839959015808,0.05096799180316153,87.32848629752789,33.259268388698985,0.029669443971009915,50.24266128845276,87.40148844439342,31.521821854619716,Beat,Sandbag (flat/down QoQ),Clean
51.21532366792428,0.024306473358485677,86.14600067637352,31.553510981087925,0.17247702753752966,55.759591140073184,87.57231755462504,35.33629836975783,Beat,Below,Mixed
52.08558799363667,0.041711759872733484,86.64506554763172,32.55656980460739,0.15215000756331445,55.723952700750445,88.13113857750429,34.97654900126557,Beat,Below,Clean
51.84172388243715,0.03683447764874293,86.09489425009254,32.26793045290837,0.1426360853019441,55.00506554430856,86.91362981644006,34.583082062311675,Beat,Below,Very bullish
55.743349383935325,0.1148669876787066,87.71716790512703,35.36837369032132,0.1691985934086334,60.51968528504154,88.39240551815027,38.68950846426284,Big beat,Above whisper,Mixed
52.182068757145615,0.04364137514291235,86.38458817525331,32.194405003946876,0.10024212438109756,53.31198802796508,87.10910049424886,33.583396370425085,Beat,Below (severe),Mixed
54.3106221293388,0.08621244258677606,87.68339735399367,34.26400204768407,0.25121505404562805,63.10039171689718,90.24560085266167,41.30810412745721,Big beat,Above whisper,Mixed
54.04101568546439,0.08082031370928781,87.27411926732835,33.749555148714435,0.1291444780257096,56.6615348447041,88.4457589810791,35.92145526698083,Big beat,In-line,Clean
55.237262010715185,0.1047452402143037,87.0557714171354,34.75076836471989,0.18969978114061264,61.02177577317207,88.83832813102006,38.95728425318406,Big beat,Above whisper,Very bullish
48.76008842514019,-0.024798231497196187,86.61898020674724,30.290950750471215,0.20156618060158288,54.40358227087749,88.0945943968461,34.67917814445819,Miss,Below,Clean
54.001118802686435,0.08002237605372862,88.1301696300635,34.84287341782875,0.10144628951733431,55.230808225360605,89.16626321010355,35.484639721455984,Big beat,Below,Mixed
49.17941111650126,-0.016411777669974804,85.29141627895041,30.201474903356146,-0.02069050603179426,44.72173105600125,84.63074694761174,26.987696769687734,Miss,Sandbag (flat/down QoQ),Clean
49.63973434133375,-0.007205313173325004,86.04896238177987,30.759870210836567,0.151226433881548,53.064676177129556,87.7954495706873,33.56054401607924,Miss,Below (severe),Clean
53.23247557457964,0.0646495114915927,86.85839728605963,33.660704597837395,0.24878228815042647,61.727503176797015,89.1878893651693,39.54373867786181,Beat,Above whisper,Very bullish
53.05605661191557,0.061121132238311324,87.72320975634145,33.62353885257135,0.12074435252794428,55.21497039983533,88.6737647547316,35.43740251732712,Beat,Below,Mixed
51.18207421623282,0.023641484324656386,86.20951718763598,31.922687915368606,0.14919628014717629,54.61694577811779,87.53007069085884,34.22613127374647,In-line,Below,Mixed
55.4994624307658,0.10998924861531599,88.02273423159012,35.450489749194574,0.205332848505343,62.117087632033765,89.6502015675351,40.06196134141668,Big beat,Above whisper,Very bullish
52.663268673163785,0.053265373463275756,86.8678380435823,33.05475018765301,0.09727103473008497,53.65831650146583,88.36504374106194,34.140623378911236,Beat,Below (severe),Mixed
51.35940028288588,0.02718800565771766,86.9643160076515,31.82193399586122,0.1296502005997024,53.87400277279655,87.77655642264651,33.91851456811568,Beat,Below,Mixed
52.361994983807655,0.04723989967615312,87.09263813555354,32.926143144191194,0.18103589759540129,57.42415319233094,88.98056462630191,36.95680463000634,Beat,In-line,Clean
51.835168068601476,0.036703361372029654,87.14011208092268,32.61160064386428,0.19527495929104682,57.53175851711061,88.45069453520192,36.76410103335795,Beat,In-line,Clean
51.90581331930447,0.03811626638608953,86.26945311091032,32.503425296568096,0.13084687796455088,54.50484644460724,87.50087822166508,34.44718407413665,Beat,Below,Mixed
51.187658212344665,0.02375316424689343,86.17270648678114,31.93650914882666,0.16411547891576303,55.332034879122865,87.94903041519608,35.058886767275645,In-line,Below,Mixed
49.61728799772726,-0.007654240045454754,85.77861278546906,30.913703356900662,0.12848518518159616,51.992919117586425,86.829682678787,32.15333492105255,Miss,Below (severe),Mixed
53.38902060538341,0.06778041210766819,86.72633893972605,33.595300406575284,0.22297857817318753,60.62979790217147,88.56601653878714,38.6470819626254,Beat,Above whisper,Very bullish
53.814526615309376,0.0762905323061876,86.82876833024672,34.107180648211155,0.18986817093929598,59.45846432845636,87.88695909502377,37.741307041886394,Big beat,Above whisper,Very bullish
52.84556143880417,0.056911228776083254,87.1872542019653,33.322758673198855,0.13702805511771995,55.7949655197698,88.57227336878665,35.563458966532444,Beat,Below,Clean
49.79453854757217,-0.004109229048556706,86.72692583626107,30.911681522508985,0.08216375574957228,50.036855932567725,87.43222801959138,31.180349592952837,Miss,Below (severe),Mixed
52.78383216491282,0.0556766432982566,87.04674071055844,33.215905729169535,0.08889673664089927,53.37070383521919,87.79407576685303,33.64525674353158,Beat,Below (severe),Mixed
53.20688551415126,0.06413771028302523,87.68875998750629,33.68765559799948,0.22290218305893478,60.41918670266365,89.74710815164592,39.404268375226174,Beat,Above whisper,Very bullish
52.25519367552518,0.0451038735105036,86.69357834171599,33.1134037413215,0.1193489721414658,54.31381180619859,87.11575708178334,33.987735639940674,Beat,Below,Mixed
49.09146614205685,-0.01817067715886287,86.06608896214695,30.115510966305024,0.018801955277377713,46.442018714892086,85.57273909499496,28.58546892448557,Miss,Sandbag (flat/down QoQ),Mixed
56.47579009860144,0.12951580197202878,87.92232230926706,35.807410100679604,0.1470477718961691,60.15325568448534,88.58911258377854,38.13931861487482,Big beat,Above whisper,Very bullish
51.64095593283774,0.03281911865675488,87.28983506488971,32.47094726207276,0.19542469641416402,57.32338306365336,88.84833483720213,36.77672270557347,Beat,In-line,Mixed
52.07594040875922,0.041518808175184496,87.4943505223269,32.61122982560982,0.10297654734827896,53.335788026827395,87.49778734178096,33.71400258595594,Beat,Below (severe),Mixed
52.955479773467175,0.0591095954693434,87.38503862409358,33.25060488929869,0.11294399919499218,54.72673462134549,88.09764819962741,34.947638912778594,Beat,Below,Mixed
51.98155506947174,0.039631101389434716,86.8858204838055,32.55313782891958,0.23116554834157016,59.42662119712843,89.35490266145487,38.30326691894205,Beat,Above whisper,Clean
51.96606666814243,0.03932133336284869,87.31148214117297,32.291031868495224,0.10550451619683247,53.34524129128734,87.7647836765149,33.63121930744664,Beat,Below (severe),Clean
50.32880336247284,0.0065760672494568516,86.55562733196267,31.35798737452586,0.09625005504111542,51.232028209388304,87.5038356344894,32.07473456657583,In-line,Below (severe),Mixed
51.45873971164182,0.029174794232836313,86.39517489969118,32.091632696249036,0.0697780757730548,51.11732929682476,87.13250646974947,32.17665835206683,Beat,Sandbag (flat/down QoQ),Mixed
52.55712610007674,0.05114252200153464,86.90628755399331,33.12740805682473,0.07717407397290843,52.56937552056129,87.34205097284611,33.02940721185109,Beat,Below (severe),Very bullish
57.00145404139625,0.140029080827925,88.41300263325577,36.19645201751758,0.11664138560990936,59.103741006666816,89.24691207461257,38.21198489651772,Big beat,Above whisper,Clean
51.54821270396881,0.03096425407937612,87.74349776421344,32.69580890219389,0.10412813488911032,52.850415381864494,88.5015138924668,33.73926662696467,Beat,Below (severe),Very bullish
50.66897395691446,0.013379479138289291,87.10015376231345,31.750708445896905,0.07805768667109057,50.72235707498973,87.810048119148,32.46353899148554,In-line,Below (severe),Mixed
50.25753063821989,0.00515061276439789,87.15083632983533,31.873140020128055,0.0896953208395144,50.85358197531556,87.74690361755246,32.08270093826367,In-line,Below (severe),Mixed
51.42893010742101,0.02857860214842023,86.29725607911318,31.63731005178799,0.1685783571083378,55.80596789185746,88.07180276151776,35.59817542361628,Beat,Below,Clean
53.52421913393919,0.07048438267878378,86.76524193748944,33.59608462333638,0.22765607244796496,61.01580888261487,88.95194201209189,39.31690911101116,Big beat,Above whisper,Very bullish
56.20594769924476,0.1241189539848952,87.3948113468634,35.06020762987709,0.2196740262387019,63.65629634826405,89.2096462138893,40.555706263510224,Big beat,Above whisper,Clean
52.97442364311662,0.05948847286233241,88.16057320297375,33.653774748750706,0.13104102036840587,55.63651430140034,89.44925908272498,35.68287734097803,Beat,Below,Mixed
52.31018401862231,0.046203680372446154,87.3699271642997,33.0512214156246,0.20936489453360307,58.74337873737778,89.62677684059905,38.37474612858773,Beat,Above whisper,Very bullish
51.1992851334229,0.023985702668458054,85.72519437366496,31.683342043262602,0.1730006083513312,55.76702170803988,87.54460721747857,35.202774641526744,In-line,Below,Mixed
51.28378099001404,0.025675619800280672,85.99820897349191,31.835582937137332,0.13893818950687917,54.236981195274325,86.81524821250932,33.93941522985091,Beat,Below,Mixed
51.64644020699978,0.03292880413999559,87.11971433504549,32.65426002751334,0.09326429685107002,52.43012277078312,87.65047931088719,32.996401574156444,Beat,Below (severe),Clean
52.18173476942627,0.04363469538852529,86.63737871642864,32.85044449044818,0.19509902479320457,57.90788745389049,88.67923238175915,36.97519669788291,Beat,Above cons < whisper,Clean
51.160697587034484,0.023213951740689714,86.14265155814344,31.93431546186792,0.06708393430987306,50.69327571583821,86.75035229266179,32.15327000947779,In-line,Sandbag (flat/down QoQ),Clean
52.373475055367955,0.047469501107359126,86.44541836006803,32.49985763710547,0.17380830229380267,57.08524699425626,88.13396640945219,36.545589845734234,Beat,In-line,Mixed
52.64654011413512,0.052930802282702326,87.91533080848637,32.90605953902559,0.19857499384487548,58.59362460087825,90.06617611082353,38.51245240987549,Beat,Above whisper,Very bullish
54.69466264901883,0.0938932529803766,87.78484419591916,34.72549182303123,0.19712782726986092,60.799609613115216,89.7606879368754,39.194985063355226,Big beat,Above whisper,Clean
52.97895519771778,0.05957910395435561,86.40243228499533,33.105552360589485,0.15620378719562322,56.879149452606505,87.8213565851829,36.28314586743739,Beat,In-line,Clean
51.13076186324438,0.022615237264887615,86.54861628344031,31.870275467586136,0.1480205715895047,54.50636885575947,88.3424489692512,34.39275045236647,In-line,Below,Mixed
50.947673800356654,0.018953476007133048,86.51430073669076,31.74910172200379,0.07641007896351365,50.923404608560006,87.01061713638582,31.758367208191135,In-line,Sandbag (flat/down QoQ),Clean
53.02519921838794,0.06050398436775881,86.8120726355666,33.46917184550794,0.19052830518766087,58.61885766072651,88.29739693846864,37.532779578343465,Beat,Above whisper,Very bullish
52.6315892371056,0.052631784742112,86.81823923634808,32.70474684202422,0.18396757631170865,57.863088350311514,88.41261540841296,37.00370750066682,Beat,Above cons < whisper,Clean
52.663968527087626,0.053279370541752434,86.84169921106486,33.06128693111605,0.07703211923735208,52.6693009423085,87.4926094327044,33.200922209132564,Beat,Below (severe),Clean
53.11155872173601,0.06223117443472019,87.44517352839864,33.5691124602169,0.2933392605957435,63.78474522295336,90.0435141275024,41.45095065050657,Beat,Above whisper,Clean
52.85441728081901,0.05708834561638028,87.13712539771883,33.57596521675786,0.03756512230934804,50.92276422123641,87.16634778953018,31.79313982452711,Beat,Sandbag (flat/down QoQ),Mixed
49.56259613727047,-0.008748077254590597,86.10818832640363,30.724401806838607,0.09813638388115595,50.53888366237689,86.7409079452523,31.616023696245094,Miss,Below (severe),Clean
51.34837962022035,0.02696759240440703,87.43091533946459,32.34977372877928,0.1696125243691103,55.76787163059292,88.96340862787433,36.07503239945401,Beat,Below,Mixed
54.53627105016475,0.09072542100329505,87.84272231631213,33.999375846150194,0.13408948969231047,57.43122524750266,89.27024282331413,37.22304144847439,Big beat,In-line,Mixed
50.694523321361814,0.013890466427236396,86.33460987255049,31.31157991080346,0.13208755959685348,53.29130782096297,87.66963102924454,33.35644192874081,In-line,Below (severe),Mixed
51.43425195128904,0.028685039025780835,87.27275161330327,32.45120842853151,0.10691116714820634,52.86649444031082,88.53488226665628,33.77541320302628,Beat,Below (severe),Mixed
54.48042354796478,0.08960847095929576,87.90295107394452,34.8814125959029,0.08648784516052077,54.964295270913546,89.14255102354218,35.25258026151944,Big beat,Below,Clean
52.68480420166548,0.053696084033309666,86.45511541621305,32.77024437619677,0.16939189025820092,57.20852686089246,88.11241753466932,36.43361193123465,Beat,In-line,Clean
50.53335375235817,0.010667075047163252,85.04251077476339,30.89608973562433,0.16167715908259483,54.51033976695841,87.21749709430604,34.35539706397957,In-line,Below,Mixed
52.0595663753236,0.041191327506471816,86.74120221975484,32.616349780629676,0.12766524761009823,54.51249496373908,87.62766368384621,34.35258244137461,Beat,Below,Mixed
52.344264045802824,0.0468852809160564,86.64605831616008,33.07788221170552,0.16016565451430897,56.39030183128518,88.01911808659209,35.74231558512873,Beat,In-line,Clean
50.35179173091032,0.00703583461820644,87.15433624878409,31.635870497297404,0.16375684834995424,54.411725135427666,88.5500275699524,34.25206357442719,In-line,Below,Very bullish
52.67207087819311,0.05344141756386232,87.05394255800877,32.94320150011535,0.11552333412235431,54.56000096965873,88.56148595140242,34.82373114147725,Beat,Below,Clean
57.43533495253585,0.14870669905071682,87.51900558530534,36.43176154507558,0.26232194394064723,67.3231776918696,90.22762364439923,43.47100210961089,Big beat,Above whisper,Very bullish
51.92122984811072,0.03842459696221443,86.22008603816211,32.45633210372182,0.10631483730342779,53.33828216972031,87.26164640601883,33.608722816278885,Beat,Below (severe),Mixed
54.861828627515244,0.09723657255030478,87.34325747326355,34.386394169684685,0.12713411994832546,57.419736148199505,88.59966706168923,36.83568178584014,Big beat,In-line,Mixed
52.42639223249106,0.0485278446498211,87.70916292866724,33.25380789967428,0.16431496071524215,56.68077332599937,88.75988770681425,36.028541018739304,Beat,In-line,Very bullish
53.387312580840984,0.06774625161681974,87.1592344803453,33.64338880637897,0.1518773139545355,57.10308891380813,88.40562326058081,36.850113975923385,Beat,In-line,Mixed
52.49847883984702,0.04996957679694032,86.2734693871694,32.445697162163604,0.11066247487194283,54.14322683275704,87.68829759542376,34.41581262175975,Beat,Below,Mixed
51.105483892811435,0.022109677856228648,86.62972882221939,31.969068441451206,0.2598830883117925,59.78786809964785,88.88544018028371,38.2993150925547,In-line,Above whisper,Clean
51.089054726695814,0.02178109453391622,86.42637169767737,31.89335331484969,0.10113090463473864,52.23747011613021,87.53376752594335,32.778565407832374,In-line,Below (severe),Mixed
52.084991130338985,0.0416998226067798,86.37091492413626,32.45009068423111,0.15239701531691358,55.73526058416695,88.29971173104595,35.783281926947154,Beat,Below,Mixed
49.73337646084958,-0.005332470783008496,86.52170223047648,30.936285751298353,0.06559561656994492,49.2102631000539,86.83909806585665,30.592005260700724,Miss,Sandbag (flat/down QoQ),Mixed
53.97128329931867,0.07942566598637345,86.55222050969385,33.89872679467537,0.14858764832280613,57.562838693033484,87.95744589766866,36.622665892296936,Big beat,Above cons < whisper,Mixed
51.53001957914238,0.03060039158284768,86.65127385969056,32.48524762889808,0.11926075937592631,53.555848213035304,87.53274000047456,33.47796376162679,Beat,Below (severe),Mixed
55.74047348060694,0.11480946961213878,88.015480307933,35.75923124915485,0.15527965758253648,59.79613260786662,89.09998503011151,38.07924745714071,Big beat,Above whisper,Very bullish
51.14492748910738,0.022898549782147778,85.25689646144224,31.244826672076137,0.08726905240149317,51.63627564292309,85.82556674976958,32.14634757862792,In-line,Below (severe),Mixed
53.678891502596436,0.07357783005192879,86.57898683380941,33.66776962256336,0.1343060393797371,56.53912718870444,88.00492191016926,36.212847257787644,Big beat,In-line,Mixed
53.45403124610601,0.06908062492212026,87.6820829388376,33.58814871296804,0.15979128597827685,57.56726823681255,89.04367836474289,37.1946309911941,Beat,Above cons < whisper,Mixed
50.55533239210843,0.011106647842168643,86.42261864678035,31.399054364971686,0.09381641075944905,51.34837706318075,87.27154855499477,32.20993860205551,In-line,Below (severe),Clean
53.24360098665281,0.0648720197330561,87.81973530030798,33.72339284034865,0.04955499356026288,51.89050962705219,87.29492378156465,32.60471038077965,Beat,Sandbag (flat/down QoQ),Mixed
51.183015393923824,0.023660307878476547,86.77689690402268,31.874253611732232,0.19085802579369995,56.59801147573549,88.4290149321905,36.0684274165363,In-line,In-line,Clean
51.14653160332702,0.022930632066540228,87.05956699773927,32.65369936549877,0.15947857334314247,55.06735695952731,88.7298278022871,35.33046356022928,In-line,Below,Clean
51.63104886467842,0.03262097729356838,86.63043285763958,32.44741388339383,0.08378138758295259,51.95985765371552,87.13306816850526,32.61745300957867,Beat,Below (severe),Mixed
52.12926264596129,0.042585252919225824,86.68385659560029,32.32529347457747,0.17503763953326282,56.87857103511129,88.70017786593579,36.260026298664194,Beat,In-line,Clean
54.28962248712948,0.08579244974258937,87.9378942934581,34.53137494773256,0.2765027378291909,64.35079090192441,90.29380868457774,41.97534785111838,Big beat,Above whisper,Very bullish
52.236056268162365,0.044721125363247245,87.33840108434572,32.56003933948855,0.16291268990936875,56.406974654703994,88.51235560477551,35.82043200049748,Beat,In-line,Clean
55.952182098905425,0.1190436419781085,89.31077193099318,36.20148897790935,0.12492843102671594,58.446328962396876,90.2006690789883,37.834350946283955,Big beat,Above cons < whisper,Mixed
51.107794341180835,0.022155886823616643,86.2650082224526,31.569457669667095,0.2117888531904365,57.5081515299499,88.30352639458252,36.22865091633985,In-line,In-line,Mixed
50.57429431427211,0.011485886285442186,86.09408483569221,31.25138296994621,0.11682455852267572,52.44814149726619,86.8104158442746,32.53260229093447,In-line,Below (severe),Mixed
49.70109312430793,-0.005978137513841325,85.99380061898742,30.866537115915374,0.20833339613317517,55.765812743110054,87.69847016624298,35.450336028621614,Miss,Below,Mixed
52.02114671204233,0.040422934240846614,86.85170532007935,32.68489891376645,0.24714487111521077,60.24377014635153,88.97337229971595,38.46238885009681,Beat,Above whisper,Clean
52.11021887578816,0.04220437751576319,86.1212133766372,32.82035417766333,0.20189569559127846,58.15740149433424,88.22157742243508,37.21431546701707,Beat,Above cons < whisper,Very bullish
50.55962726432828,0.01119254528656545,86.64332924972946,31.531701885759613,0.07575886656708058,50.50496965421872,87.02608947461954,31.91736929319544,In-line,Sandbag (flat/down QoQ),Clean
53.03026605191942,0.060605321038388366,86.53673350548975,33.29554420721316,0.08731897815439082,53.542185073769325,87.25040469172099,33.32069135623943,Beat,Below (severe),Clean
49.83791751086716,-0.003241649782656835,85.48161402482283,30.86731190780111,0.1657488091384921,53.94860063193323,87.23344458317759,33.87411658586605,Miss,Below,Mixed
50.801098765782584,0.01602197531565155,85.73429246511085,31.61927897330797,0.08795975352243092,51.321725828183105,86.96508105218292,31.884340038833997,In-line,Below (severe),Mixed
54.92838603541077,0.09856772070821532,88.12588102843654,35.131282307079964,0.1623646427525798,59.28632711023846,89.41719825926113,38.50269202186721,Big beat,Above whisper,Clean
55.096282816591255,0.1019256563318251,86.87670125584582,34.18431393400577,0.15524233938045628,59.10316160561997,88.49103090791384,37.99252467143074,Big beat,Above whisper,Very bullish
56.295140264977576,0.12590280529955147,87.18153877626908,35.3874829546257,0.2903786635964557,67.45333015766128,90.14311381074279,43.89605054151745,Big beat,Above whisper,Clean
53.913960026065396,0.07827920052130806,88.12593737625458,34.381300042777994,0.18408683334618328,59.278895186101025,89.6592358646432,38.47692315836009,Big beat,Above whisper,Clean
52.87438373356541,0.057487674671308255,87.29894323566933,33.42498481038493,0.16083249873503053,56.99413848933033,89.11494863127717,36.781077121466396,Beat,In-line,Mixed
49.35016585383909,-0.012996682923218294,86.76148914002067,30.76847705630499,0.08202662180148082,49.58403658387429,87.60452035168139,31.24272108280026,Miss,Below (severe),Very bullish
52.89313186699155,0.05786263733983109,86.34112146641894,33.25710731401873,0.19624615522126249,58.75369094539275,87.54433163384991,37.29224070635798,Beat,Above whisper,Clean
51.45673943511282,0.02913478870225643,86.18539704879666,32.20731128576908,0.11119913928023129,53.09449281543133,86.86074471466472,32.92485060039617,Beat,Below (severe),Mixed
49.534882629120546,-0.00930234741758901,85.8709585914694,30.51737233696017,0.15706059731686903,53.22094224838042,87.41669777667398,33.51609749944801,Miss,Below (severe),Mixed
49.78254815254311,-0.004349036949137828,85.97734861763978,30.971129028694858,0.09250775380665743,50.50297558512759,86.3076577828881,31.18112572181331,Miss,Below (severe),Mixed
51.065412903913824,0.021308258078276392,86.16176195671679,31.888954363410093,0.14929243515223553,54.49701469493683,87.84278669662045,34.83061467414085,In-line,Below,Clean
50.67513439311981,0.013502687862396239,86.98901363651903,31.955440630682503,0.10290386595938109,51.897672942312816,87.94247847498666,32.51811563729489,In-line,Below (severe),Mixed
55.77220257211134,0.11544405144222686,87.57228500924109,35.24599290832601,0.22411898666501756,63.39525408974552,89.67682527838022,40.993094232532414,Big beat,Above whisper,Clean
51.030245701733264,0.020604914034665415,86.72996334419406,32.03286837910078,0.08596406705832703,51.45865508200854,87.28842739277987,32.048944256551366,In-line,Below (severe),Mixed
52.694834809371685,0.05389669618743369,86.92829802495923,33.24064202687379,0.1413103179761993,55.845361623988204,88.16562278471665,35.42706322519939,Beat,Below,Mixed
52.455092523945076,0.04910185047890166,87.20562849171975,32.94722334355476,0.22000583075903868,59.42441025134515,89.06293886906332,38.348168023899525,Beat,Above whisper,Very bullish
53.51863583858777,0.07037271677175544,87.5702592233403,33.65642720146351,0.13136449076319343,56.22414959744574,88.83940812655541,36.08435073572171,Big beat,In-line,Clean
52.39621409182343,0.047924281836468755,86.92944630718415,33.14449925605291,0.11981744964018257,54.48318091831337,87.94656272835306,34.641882274996,Beat,Below,Mixed
52.719360500266724,0.05438721000533441,86.26345808633523,32.974477101230285,0.251114861985235,61.246691476509554,88.84511499505842,39.14927242069021,Beat,Above whisper,Mixed
55.70394609066551,0.1140789218133103,87.25231370371796,34.90987483405474,0.15522125771822323,59.75392675824624,89.01655777122747,38.76096546375754,Big beat,Above whisper,Clean
51.2896818164773,0.02579363632954589,86.80375940165996,32.01183159815806,0.1853800809887835,56.45506952939731,88.46988710175995,35.74744513244394,Beat,In-line,Mixed
51.61837032375382,0.03236740647507648,86.7564811667575,32.07075662767306,0.1828989055639893,56.69793420846759,88.45784832438615,35.7673819212297,Beat,In-line,Mixed
54.899901174601965,0.09799802349203918,86.59876980689695,34.042008422911145,0.21400257328076777,61.888005491767586,88.57536579996638,39.61329821941584,Big beat,Above whisper,Mixed
48.42911225361442,-0.031417754927711546,85.27610020191344,29.709853601432183,0.1444397737220315,51.4653306784364,86.88654970745131,32.40618316099797,Miss,Below (severe),Clean
51.48385414656039,0.029677082931207945,86.082119803956,32.08725872637093,0.15168184771714097,55.05780453745971,87.9710402709646,35.117003388961734,Beat,Below,Clean
52.34909490735377,0.046981898147075575,86.01143442251815,32.53688057002446,0.06465423733944672,51.75270816299911,87.12717712219268,32.424391833941236,Beat,Sandbag (flat/down QoQ),Clean
53.780209205724425,0.07560418411448852,87.23650354672782,33.987166061252125,0.200078301362988,59.93042910265533,89.32051823619534,38.643570956825016,Big beat,Above whisper,Clean
50.89354350867323,0.017870870173464594,88.02720382235258,32.331899716357185,0.14931834444976416,54.31482008510105,89.0802026259083,34.76739437240695,In-line,Below,Mixed
49.97061584446856,-0.0005876831106287472,87.11604027218824,31.495746888120973,0.0519215405848535,48.810512402866735,87.38817122371753,30.762928761398488,Miss,Sandbag (flat/down QoQ),Mixed
52.7272625556227,0.05454525111245394,86.99562871560825,33.26177576501899,0.1514559407092895,56.37646829936664,88.28015887625918,36.076347816505915,Beat,In-line,Mixed
51.477027650153964,0.029540553003079256,86.2462720997366,32.23599198322675,0.15475856436738147,55.19757150810666,87.49971764157874,35.0202189950215,Beat,Below,Mixed
53.67456739255589,0.07349134785111781,87.55372378061604,33.84785287031296,0.1898331450450168,59.302080806071515,89.14807348113165,38.15019714336225,Big beat,Above whisper,Clean
51.64371662900107,0.03287433258002127,87.33335427569142,32.97305432280194,0.09982105171203531,52.74178625599583,88.12515188720444,33.19307012216738,Beat,Below (severe),Clean
51.78891916765088,0.03577838335301762,86.56118613577104,32.487353346111156,0.20364580306484825,57.882978401307106,88.2087806203464,36.8948908695998,Beat,Above cons < whisper,Mixed
51.27745602081127,0.025549120416225524,86.19946834237186,31.645624980695874,0.197840110529522,57.0348940456669,88.03125680266403,35.72174444398922,Beat,In-line,Clean
53.49387191340062,0.06987743826801222,88.15994206010348,34.33483988284157,0.08327370972737272,53.809326141359655,89.09307479014524,34.17847416800856,Beat,Below (severe),Mixed
53.05671583361592,0.061134316672318306,87.6046965083198,33.27418165352566,0.16816852000545726,57.55210055372627,88.66509039443271,36.85105936305461,Beat,Above cons < whisper,Very bullish
56.76191930630458,0.13523838612609157,88.09420195623836,36.31028182934499,0.13689325762469434,59.92279739566217,88.93548787959477,38.450197862096445,Big beat,Above whisper,Clean
53.377337826278826,0.06754675652557646,87.43430588310068,33.4342232363391,0.18313609427805683,58.64175107026221,88.81628334752641,37.478456552081106,Beat,Above whisper,Very bullish
52.35940011285285,0.047188002257057035,87.20468721174655,33.00364605469227,0.17962390111239743,57.352656976669216,89.19507033552307,36.98718599077139,Beat,In-line,Mixed
55.52540892923761,0.11050817858475213,88.07435787996806,35.241197412039966,0.22611286806179814,63.21753136449371,89.81874554230616,40.66785102488918,Big beat,Above whisper,Very bullish
52.29140438584571,0.04582808771691412,87.11909296572412,33.1542568481762,0.17390101053896675,57.00029441882846,88.96359141913969,36.67215352292405,Beat,In-line,Mixed
50.91513342094426,0.018302668418885074,86.69227777861417,31.538111017997338,0.1915044958023158,56.33235249147055,88.22527644691108,35.44218612159923,In-line,In-line,Clean
54.62694877102916,0.09253897542058324,86.65544742920062,34.64526548311165,0.137976002580941,57.72385988167464,88.56177475650586,36.906747438408246,Big beat,Above cons < whisper,Mixed
51.30116774918566,0.02602335498371322,86.868084457309,32.24411078713545,0.11635875473522336,53.17975719173344,88.17167946502067,33.61255333881636,Beat,Below (severe),Clean
53.23909537850226,0.06478190757004526,88.04627132439498,33.78670434138722,0.1732112817193964,57.99922823183714,89.61437809488953,37.4237099361498,Beat,Above cons < whisper,Very bullish
55.34016935998339,0.10680338719966796,87.35943728804408,35.346805414399704,0.16292514502684513,59.759583444571085,89.09775047322897,38.437211922229096,Big beat,Above whisper,Clean
52.635662393754586,0.05271324787509184,86.49340369348522,32.71230096722138,0.22030634122508447,59.6436588369899,88.54215610868988,38.481404487528984,Beat,Above whisper,Very bullish
57.32795046708466,0.1465590093416933,88.42140631908309,36.644766702754026,0.20333981587812125,64.05750497689372,90.08461116257725,41.607383167817495,Big beat,Above whisper,Very bullish
52.79134043399068,0.05582680867981363,86.87624520848782,33.253758371379575,0.15923684666572693,56.82640508624509,88.45804316690692,36.10773585313348,Beat,In-line,Clean
56.63379847321606,0.13267596946432123,87.4964281194497,35.7131232590851,0.15203057400571335,60.58359112299278,88.31965438294553,38.70994071724188,Big beat,Above whisper,Clean
55.29572147394488,0.10591442947889758,87.88925754217559,35.565878879289194,0.176830680305353,60.425579983003736,89.54170340879045,38.6691886939933,Big beat,Above whisper,Clean
54.15794711519296,0.08315894230385927,88.361962838466,34.82408635308288,0.1406725076457343,57.36387553448705,89.43124031681519,37.20310870649556,Big beat,In-line,Mixed
52.0729264851234,0.04145852970246816,87.17476811585284,32.7153831625024,0.12846194028769864,54.56500739658525,87.77372463501113,34.2174980595843,Beat,Below,Mixed
51.78533440649781,0.03570668812995615,87.35891339305574,32.77583794382213,0.16678865092845052,56.106644722176526,88.53070761440682,35.39984644188423,Beat,In-line,Clean
56.28965913862327,0.12579318277246537,87.8924902633846,35.615839094283956,0.11212296716524509,58.12952111753983,88.63211776197907,37.048020776036665,Big beat,Above cons < whisper,Clean
52.86025891907226,0.0572051783814451,87.38287959843852,33.189389520696096,0.05492577591570061,51.7805318227852,87.23157400199771,32.35966158716304,Beat,Sandbag (flat/down QoQ),Mixed
53.13737645245963,0.06274752904919262,87.58655368617326,34.00110917673225,0.19314053949617724,58.87176100733492,88.88592939856142,37.874898279391566,Beat,Above whisper,Clean
52.59877379437077,0.05197547588741539,87.13830585505646,33.16797867146003,0.14116647907078178,55.73653195905099,88.6388299561421,35.50778926596597,Beat,Below,Clean
51.26794802375086,0.025358960475017244,86.75341588400535,31.961441195877235,0.14228958711639245,54.379782953186826,87.94395041985895,34.7928452172036,Beat,Below,Mixed
56.434734514174366,0.12869469028348726,87.70576768491122,35.55723453934342,0.21124991096432985,63.47395521590433,89.16898602355276,41.004257013130484,Big beat,Above whisper,Clean
52.27076972137055,0.0454153944274109,86.95053476414787,32.818840639551944,0.1510744570997184,55.869865887838785,88.23697883949495,35.692387102487,Beat,In-line,Mixed
48.974784907089,-0.020504301858219973,86.85034654781619,30.52132613746091,0.10820304315562873,50.39729098107636,87.79171158831642,31.93338923951527,Miss,Below (severe),Clean
52.21420094193247,0.04428401883864938,86.57562084199853,32.490174516715165,0.1872928422302751,57.56543653819187,88.40373104042669,36.75078549073274,Beat,Above cons < whisper,Mixed
50.16976367402744,0.003395273480548995,86.30568099511625,31.233360977620674,0.13319514400807378,52.79126595919481,87.77109990471766,33.262362406983776,Miss,Below (severe),Mixed
50.740230637727656,0.014804612754553203,86.8008880368618,31.971614178001072,0.17674282440937594,55.44333071812116,88.55357227613766,35.55788521648812,In-line,Below,Clean
54.28375642828893,0.08567512856577872,87.32542609136581,34.60184043591909,0.2004910308934508,60.51236537855375,88.77802434989825,38.253006196722005,Big beat,Above whisper,Clean
53.154124523870315,0.06308249047740644,86.75192130322426,33.0260324105448,0.1739456847522474,57.942908317896794,88.45850874120276,37.23086711224157,Beat,Above cons < whisper,Mixed
55.81934128738849,0.11638682574776987,87.70087348234082,35.50962300815777,0.1071781107018952,57.38752762525258,88.70776333152314,36.80146171969246,Big beat,In-line,Mixed
54.341348925403246,0.08682697850806484,86.72133611277016,33.63881491621131,0.1767436920362856,59.37827959580313,88.62715276762427,38.09806786872847,Big beat,Above whisper,Very bullish
52.21365625443599,0.044273125088719875,85.93584315666173,32.443917715241135,0.10496196659677173,53.57309684824447,86.6843141812348,33.33117187085307,Beat,Below (severe),Mixed
55.30208815491833,0.10604176309836644,86.8162559373576,34.49008987926302,0.14594283286126605,58.846386451719816,87.94883381207616,37.454824183965485,Big beat,Above whisper,Mixed
48.89584930537841,-0.022083013892431714,87.25843995460596,31.09709563286045,0.00293097704507439,45.53636463748533,86.85707014866671,28.43392001176255,Miss,Sandbag (flat/down QoQ),Clean
50.95275008830885,0.01905500176617695,86.68909204658681,31.984606876311418,0.1456188742767093,54.2029727547944,87.77514581358807,34.02411280780576,In-line,Below,Clean
52.67145491139923,0.05342909822798461,87.79726165917496,33.20682690701058,0.09975945689347573,53.78836417235321,88.35497502010756,34.186825658027736,Beat,Below (severe),Very bullish
53.83184235715361,0.07663684714307219,87.22500811522555,34.033808706255314,0.17237225690500074,58.60303290920966,88.65909174365598,37.5368936996785,Big beat,Above whisper,Clean
50.39541369744342,0.007908273948868443,86.54267569440638,31.599824050193895,0.09673885282006042,51.32270761978885,87.24778632230648,32.31931195894852,In-line,Below (severe),Clean
50.80015171357414,0.016003034271482846,86.74310959548893,31.44622311885062,0.08362626424218798,51.11635157972267,87.17961272070886,32.16016969261844,In-line,Below (severe),Mixed
50.24265631628025,0.004853126325604755,86.41979778723756,31.2045151457564,0.024744874728654387,47.80833994194277,86.93616819409067,29.751309442808267,In-line,Sandbag (flat/down QoQ),Mixed
51.102807665009934,0.022056153300198562,85.92703163719627,31.75513186245874,0.13129150664254824,53.68273140008392,87.64120680908538,33.73430280368539,In-line,Below (severe),Very bullish
51.83990801660816,0.03679816033216316,87.1662317450361,32.763442948217715,0.11536275607028881,53.69028105984617,88.68278902688921,34.03934013847492,Beat,Below (severe),Mixed
51.600765238698976,0.03201530477397959,87.7568474685301,32.83769958001354,0.1731605427154993,56.211983055398086,89.46761258908023,36.212824744189184,Beat,In-line,Very bullish
51.94766358435346,0.03895327168706904,86.7728052677038,32.38601516234569,0.1332058361056216,54.66258157828076,88.11046769647697,34.741980478826626,Beat,Below,Mixed
52.1567720640247,0.04313544128049411,86.87685582880704,32.819560853716055,0.18589601873593106,57.43447203078402,88.21304317898944,36.56342949968787,Beat,In-line,Clean
57.20501420086003,0.14410028401720057,88.13016661489219,36.93461612797936,0.1475854739125405,60.95852595101989,89.44131849001833,39.70736995075597,Big beat,Above whisper,Very bullish
50.02458124936492,0.0004916249872983602,86.26303989290818,31.19987790113229,0.2319380924829034,57.2252452586273,88.87963153606825,36.6025022106293,Miss,In-line,Clean
51.25972015300372,0.025194403060074276,86.69372205189909,32.02603324367206,0.201506650290196,57.189687894716336,88.4811742403522,36.60074460987286,Beat,In-line,Very bullish
56.93160667810157,0.13863213356203155,88.4709663688708,36.27862320680267,0.28072072933122305,67.70538248200683,90.91801231765682,44.95425952949022,Big beat,Above whisper,Clean
49.342456010434965,-0.013150879791300689,86.76459380336985,31.154553947992422,0.12918202081782904,51.736856033550794,87.9001336743825,32.69852136961955,Miss,Below (severe),Clean
53.23683581659805,0.06473671633196103,87.13398009236269,33.883696564642904,0.18207106662962363,58.43474306216134,88.84377450025215,37.493073300714876,Beat,Above cons < whisper,Clean
51.92103756048556,0.038420751209711286,86.65562009187899,32.45556467258018,0.15382840042314203,55.628827165530296,88.41595681076555,35.42101691754469,Beat,Below,Clean
53.42177544411136,0.06843550888222721,87.41051836390349,33.20047620844499,0.19190074149412462,59.12534992349975,89.0732464296683,38.372473490581356,Beat,Above whisper,Very bullish
49.973458619665124,-0.0005308276066975415,86.46455017027311,31.44226762949251,0.05616444784993989,49.010176735176834,87.36682627278141,31.00657179494909,Miss,Sandbag (flat/down QoQ),Mixed
53.68816330981227,0.0737632661962453,87.9274880320925,34.054448275838034,0.08600918333067004,54.14113564842623,88.38038380384575,34.35061859744279,Big beat,Below,Clean
52.658648403029815,0.05317296806059628,87.63132859887608,33.678582985994204,0.18137418186020338,57.76602712677963,89.04440998697633,36.89746693120129,Beat,Above cons < whisper,Mixed
51.630081970646614,0.032601639412932204,86.37869929798904,32.244790688597575,0.14420924814835526,54.8559303253664,87.88496936163762,34.760355075027825,Beat,Below,Mixed
51.73583026261399,0.03471660525227981,85.94173499243016,32.05371973968163,0.11653743510612008,53.63892042275428,87.03891669110384,33.53792056536689,Beat,Below (severe),Clean
53.70390439954457,0.07407808799089141,87.62113011272989,34.39240042416952,0.13233606011883817,56.467234126437674,88.62350691980507,36.14945849936041,Big beat,In-line,Very bullish
55.14550793460473,0.10291015869209472,86.58044284164649,34.4859569833817,0.13484437957177428,58.111457614058516,87.42301573061859,36.37389353833836,Big beat,Above cons < whisper,Clean
54.687212656794784,0.09374425313589568,87.07293652822138,34.26730717345181,0.23460278293027775,62.69434315558027,88.91603789858517,40.15226958256137,Big beat,Above whisper,Very bullish
51.222659502857795,0.024453190057155752,86.82911532522765,32.02213502892337,0.15425057056284375,54.90065653142561,88.65576175688236,34.87420046672042,Beat,Below,Mixed
50.975153492333334,0.01950306984666679,86.3462589164474,31.85579037638664,0.10660002615893854,52.37988431749541,87.3798814844487,33.16063118327301,In-line,Below (severe),Clean
53.56253145095624,0.0712506290191249,88.1440637384141,34.19704642242887,0.18903603980968317,59.13865311586757,89.80119749954964,37.77317180773654,Big beat,Above whisper,Clean
51.30059737358725,0.026011947471745005,86.74896713058666,31.972102223389864,0.18868166773144374,56.62435966725109,88.61812607734572,36.35418504587685,Beat,In-line,Mixed
54.67819983467545,0.0935639966935092,87.158858527323,34.2869747360612,0.09410735247717597,55.5506904265251,87.73488761849337,35.286424033635356,Big beat,Below,Mixed
51.60016018965406,0.032003203793081254,87.60397422230822,32.557763986641724,0.19640927203944286,57.32527365464961,89.15454121608522,37.06635709902409,Beat,In-line,Mixed
52.36902039673653,0.04738040793473057,86.62434581625658,32.94540175614364,0.20851646670030133,58.76819324481862,88.89449902081769,38.21393824830998,Beat,Above whisper,Clean
55.5333179616306,0.11066635923261199,87.45790359067817,35.02840098379751,0.1554056310112209,59.58040054720424,88.65417169847082,38.29312413324509,Big beat,Above whisper,Very bullish
51.08608689534615,0.021721737906923045,85.71920643049017,31.668243447182416,0.09702802015797293,52.03980670981835,86.17822204540118,32.37505764027308,In-line,Below (severe),Mixed
53.1781933191005,0.06356386638200993,87.41842549189201,33.47931833655367,0.12534058259902991,55.56903769047466,89.05435019043125,35.720949769253096,Beat,Below,Mixed
51.40620618504025,0.02812412370080493,86.25437059058729,31.915506093426043,0.1471539349599817,54.75862944178071,87.57716525117523,34.17257902328669,Beat,Below,Clean
51.726386182640326,0.03452772365280654,86.68777863643375,32.54342551197651,0.19002816201327827,57.15900939962246,87.98422276886613,36.76638401353152,Beat,In-line,Very bullish
54.90181406036202,0.09803628120724035,87.59190782317289,34.92648955296919,0.11635257233452548,56.91193982696576,88.47856342297615,36.535862151198046,Big beat,In-line,Very bullish
53.88105835603282,0.07762116712065627,87.25658192333371,33.629126914113805,0.18474974957102994,59.275886794365356,89.00961165599227,38.03051732017406,Big beat,Above whisper,Clean
52.79465658558708,0.055893131711741546,87.35107327137975,33.14312052821296,0.16976532991697255,57.34611895878593,88.90490125424861,36.82428534875668,Beat,In-line,Clean
52.33783207398174,0.046756641479634826,87.26681026498223,32.93759410878217,0.1656511835472819,56.64996619409744,89.06423817503914,35.81446541794667,Beat,In-line,Clean
55.44936407520208,0.1089872815040416,87.73921040207458,35.435369096989575,0.1292007170538031,58.1410715543316,88.93946083601524,37.23154589925932,Big beat,Above cons < whisper,Clean
53.87712534624679,0.07754250692493576,86.91314805535265,33.694505454084315,0.2868246541854492,64.37824082131941,89.4263069126347,41.501804375110716,Big beat,Above whisper,Mixed
50.450681365458806,0.009013627309176186,86.31973349281814,31.47441562200085,0.15053761671187588,53.89930622115485,87.41160092976749,33.7028927730217,In-line,Below,Very bullish
52.76399357672103,0.05527987153442058,87.26134291819437,33.43447833995008,0.1357588751313325,55.646661564123995,88.40731432365804,35.58917937950928,Beat,Below,Mixed
53.46797356587153,0.06935947131743063,86.95336233344793,33.44756683317235,0.180127586954493,58.591957007664405,88.35340897566178,37.23086540396881,Beat,Above whisper,Very bullish
53.08050686382322,0.06161013727646445,86.49749546115507,33.30399362975026,0.1594846286245445,57.14988666047388,88.12485304395527,36.61321119772871,Beat,In-line,Mixed
54.95978285777745,0.09919565715554894,87.174049488919,34.79187190141869,0.2067703174317486,61.58641784774149,89.9238181175533,39.92550531318555,Big beat,Above whisper,Very bullish
54.93246141090634,0.09864922821812686,86.94072142679737,34.42455062904904,0.0579740305673352,53.96589492160397,86.62953119369176,33.58212496729625,Big beat,Sandbag (flat/down QoQ),Mixed
51.41969331528955,0.028393866305790934,86.91389946308269,31.72139516537596,0.16796367484370237,55.766595823585895,87.96330656066108,35.336873482984345,Beat,Below,Very bullish
52.07498116949238,0.041499623389847765,87.86592003210669,33.31892166080663,0.2514486128596886,60.51422273859453,89.84819700664669,38.873128881561016,Beat,Above whisper,Clean
51.8888234257226,0.03777646851445191,86.60269138775621,32.4298355965687,0.09688019617644056,52.85040690295905,87.60887175172549,33.13533525201324,Beat,Below (severe),Mixed
51.646327872385896,0.03292655744771794,86.42586344462345,32.362319880844574,0.10653125556237997,53.06625630968769,87.27457732430537,33.200869994893026,Beat,Below (severe),Mixed
52.0738617924443,0.041477235848885984,86.74660512516735,32.170337843068204,0.14273716695769706,55.25625606172701,88.18721981389965,35.199322552488184,Beat,Below,Mixed
53.452893028614554,0.06905786057229124,86.9437546662997,33.4921559964461,0.10618083455406765,54.905096832599135,87.71481373855362,35.10223487716508,Beat,Below,Clean
51.56387862817034,0.03127757256340691,87.08337341443234,32.146859010827036,0.0737669844269774,51.4127625699342,87.56740809613129,32.434449185144366,Beat,Sandbag (flat/down QoQ),Clean
55.586574923808506,0.11173149847617024,87.37269984725938,35.16726441092447,0.07765074776975854,55.624134458844665,87.70393546177134,35.291919694656144,Big beat,Below,Clean
53.51506946304016,0.07030138926080332,86.44806818215535,33.46012107958845,0.19743908369308688,59.503818902909366,87.95690076964664,37.91224931731978,Big beat,Above whisper,Very bullish
51.24291702593684,0.02485834051873681,87.2421157897183,32.26199202935325,0.09260295405593558,51.9890080514831,87.83722088629719,32.72484892197553,Beat,Below (severe),Mixed
49.81063863982603,-0.0037872272034792996,86.9688028288229,31.189307340647158,0.08710746660017375,50.28169452565814,86.87912801571241,31.789889741863494,Miss,Below (severe),Mixed
51.363342403302134,0.027266848066042782,87.11898150560467,32.342381662425254,0.10610602090040874,52.75520926544307,87.99115861146167,33.20384395366689,Beat,Below (severe),Clean
55.47143457425556,0.10942869148511117,87.13915239585792,34.96923033831389,0.19990429190560516,61.806097250680914,89.08973741616245,39.95218505210546,Big beat,Above whisper,Mixed
53.7771771936399,0.07554354387279812,87.58237248059619,34.18485142865525,0.18059620948759744,58.954193583771705,89.21006447738102,37.83042976297684,Big beat,Above whisper,Clean
50.70091968988593,0.014018393797718617,86.39530155125678,31.70776042119046,0.1714884505931706,55.15300314749945,88.54481801429023,35.11275373853369,In-line,Below,Very bullish
53.62121069090019,0.07242421381800382,87.0034657857765,33.66733660647178,0.03174174644174749,51.37158145279667,86.80213058431634,32.097655183090545,Big beat,Sandbag (flat/down QoQ),Mixed
54.17435298536793,0.08348705970735865,87.13180665251083,34.2762900762958,0.21496649324500783,61.11859340827473,89.25484288158911,39.39416380870566,Big beat,Above whisper,Mixed
51.13286746884748,0.022657349376949548,87.72416214062655,32.40683697124326,0.09697357560532999,52.08487556837972,88.65720180546072,33.3463865870134,In-line,Below (severe),Mixed
53.48907778080076,0.06978155561601533,88.14953033068467,33.9459388228699,0.261048191790211,62.63428304343299,90.10800862555001,40.70901276108871,Beat,Above whisper,Very bullish
53.15208074166689,0.06304161483333802,86.55505185619529,33.17480631276525,0.1851292110197953,58.49264897675842,88.40409263999769,37.744911793958465,Beat,Above cons < whisper,Clean
53.3895714527096,0.06779142905419212,87.58048061503216,33.73600329692949,0.12244981797315593,55.64660656170451,88.809856002737,35.87498841901984,Beat,Below,Clean
51.36268620776393,0.027253724155278623,87.15278931915817,32.10566234307402,0.11534426253661095,53.19514327241941,88.37042394526817,33.73958465073313,Beat,Below (severe),Clean
49.31890940092063,-0.013621811981587373,86.56382528963516,30.838016574631588,0.17963094985720002,54.022532518062825,88.59521926316097,34.16394628970038,Miss,Below,Clean
54.981771292334436,0.09963542584668865,87.31275683402005,34.72569283273882,0.0894223532747191,55.61991562075684,87.8079137082424,34.92886694996321,Big beat,Below,Clean
52.41358344481338,0.04827166889626769,86.96413626211768,33.18501915096799,0.30332626361296633,63.432571311288264,89.39420474566745,40.68475353369095,Beat,Above whisper,Clean
52.075035102107556,0.0415007020421512,86.69994463613364,32.81742294040649,0.05901393865442253,51.20903174126094,87.00033499393996,31.832318899519155,Beat,Sandbag (flat/down QoQ),Clean
50.57475631285967,0.011495126257193365,86.02484578581685,31.02175715638901,0.12824750159448467,52.985067992752825,87.55425344152997,33.53578839881338,In-line,Below (severe),Clean
51.295067122401925,0.025901342448038572,86.56177613029764,32.360481360495584,0.18720118147641324,56.547738270796955,87.80257898310066,35.749576984639184,Beat,In-line,Very bullish
51.91981243926259,0.03839624878525192,87.02979110329535,32.45735522265427,0.0909238621826377,52.59480785932148,87.28011198874187,33.42813259243165,Beat,Below (severe),Mixed
52.10149652305752,0.04202993046115048,86.84319991802708,32.478275133773835,0.037280870738379907,50.18360813162336,86.49398244785546,31.26387304892338,Beat,Sandbag (flat/down QoQ),Clean
51.45405110011348,0.029081022002269634,87.79567552938533,32.24787040298214,0.07317014881434034,51.2747408421945,88.35590918321388,32.55536925666676,Beat,Sandbag (flat/down QoQ),Mixed
51.65483860349427,0.03309677206988538,85.47122294077606,31.95829145359218,0.1929797430009908,57.22152064752894,87.36969218271216,36.357673927041105,Beat,In-line,Clean
49.43647347783765,-0.01127053044324705,86.33003737350003,30.76346918633413,0.08911310942221903,49.99606053772277,86.71091663296139,31.457529382844495,Miss,Below (severe),Mixed
51.38728851449981,0.027745770289996082,86.87785528693226,32.26689919641919,0.1652125174759728,55.60017525794129,88.22971197172353,35.65504093927813,Beat,Below,Clean
54.14570820666802,0.08291416413336039,86.8812830818931,34.02556882108033,0.14645213262615092,57.64150102851013,88.08557423109586,36.6862783721907,Big beat,Above cons < whisper,Clean
51.05451335707794,0.021090267141558757,86.65884593612166,31.817897253525636,0.18096669591355088,55.98698852572669,88.08649164350366,35.902701031504165,In-line,In-line,Clean
51.86399687079396,0.037279937415879205,85.67239335191155,31.84911202173343,0.16750682015728968,56.22645791960626,87.69581394154574,35.212858944197265,Beat,In-line,Clean
52.394780220110974,0.04789560440221947,86.0826077761614,32.754303385900286,0.18449392984978566,57.62834918892542,87.75513282724813,35.898627840427004,Beat,Above cons < whisper,Very bullish
48.93887778467382,-0.021222444306523695,85.98742139591634,30.366058362394995,0.15805420936327427,52.62573960433804,87.67269064446397,33.39667625634181,Miss,Below (severe),Mixed
51.0564731708878,0.021129463417755946,86.13736164522906,31.9784379164367,0.16170892345785584,55.0761347341279,87.50662758486739,35.3233919933204,In-line,Below,Mixed
52.33226096659407,0.04664521933188133,86.82149267754382,33.13667535507161,-0.006236452168204065,48.29118665820608,86.00099796074439,29.980356895620606,Beat,Sandbag (flat/down QoQ),Mixed
52.721802944222496,0.05443605888444994,87.08426133817457,33.57603900406886,0.13356538157159803,55.49478133792373,88.44019092226661,35.559999883363965,Beat,Below,Mixed
50.86010477948002,0.017202095589600327,86.2511367706308,31.89427322698517,0.06031778599696737,50.0758827171126,86.3445148342827,30.915618594395692,In-line,Sandbag (flat/down QoQ),Clean
51.843666787147555,0.03687333574295117,87.54354256561719,32.807659697583425,0.1802670254234936,56.818701072633885,89.04190927188554,36.76786387655642,Beat,In-line,Very bullish
52.325943251239806,0.04651886502479605,86.96838300950577,33.054469190180086,0.12755414671132784,54.78602470112299,88.14816589806833,34.40241982588961,Beat,Below,Mixed
57.8696822899276,0.1573936457985521,87.88127357367586,36.900199148800965,0.19019383102880835,63.95641466042114,89.64181727924469,41.46360838184876,Big beat,Above whisper,Very bullish
53.0143309143388,0.06028661828677596,87.74805149867623,33.35338458232103,0.13215087819500332,55.73306263718996,89.03585438023359,35.59442064972001,Beat,Below,Clean
50.782281040301626,0.015645620806032497,86.69396401668055,31.502691430433853,0.17207296292139274,55.26907155975512,88.38884595396121,34.84414199197026,In-line,Below,Clean
56.57169204111052,0.13143384082221046,88.83609962510606,36.33249886248589,0.22775600376295774,64.49507493603811,90.3437980837524,42.17795974481501,Big beat,Above whisper,Very bullish
52.99482808150735,0.059896561630147026,87.35818199590987,33.34569740575804,0.1471329208512299,56.449818218066284,88.2325412264517,36.16287257658578,Beat,In-line,Mixed
52.79466841523086,0.05589336830461713,86.94922338032612,32.951948974905235,0.11049213849645978,54.44034535609542,87.94808548827426,34.66348971093706,Beat,Below,Clean
50.434010995485345,0.008680219909706799,86.2875814901497,30.98148124143983,0.17688124759818807,55.115210225908406,88.0469901397978,35.61906337144919,In-line,Below,Mixed
53.46616376100156,0.06932327522003114,87.07860166420075,33.33476054706873,0.14360299428967668,56.77663175810189,88.24404506158925,35.9889844101294,Beat,In-line,Very bullish
53.83202125384051,0.07664042507681018,86.86193837299857,34.01079831664649,0.13916346357787426,56.943223798428214,88.53806106276942,36.168496166372165,Big beat,In-line,Mixed
55.14020332932081,0.10280406658641632,87.76690107199643,34.72250677961113,0.18947723562888058,60.90315829759099,89.06034865020592,39.0857398989365,Big beat,Above whisper,Very bullish
52.58832882532197,0.05176657650643941,87.17840032039514,33.01305944054105,0.09217956132088367,53.333333770821504,87.97976016423672,34.20149357192099,Beat,Below (severe),Mixed
52.41582541596838,0.04831650831936743,87.36722162816297,32.84385878787811,0.11534408187824643,54.28584634057344,87.76896060912674,34.04585788942439,Beat,Below,Mixed
51.68409879884987,0.03368197597699725,86.23410937466137,32.26743078709608,0.15852377381050037,55.600310244549846,87.70164665485703,35.216128856912796,Beat,Below,Mixed
50.939399886452584,0.018787997729051736,86.56338776930163,32.10048018150298,0.114121109292143,52.69889922901557,87.96769781859804,33.295849452658,In-line,Below (severe),Mixed
52.90128543653244,0.05802570873064876,87.54642034528032,33.3634480618729,0.16423940790325964,57.19049257438201,89.12159979006712,36.41539949796838,Beat,In-line,Mixed
51.735138809302505,0.034702776186050145,86.69512141934261,32.384674560468476,0.1952445804734915,57.41927683315814,88.04895369919869,36.45022230270032,Beat,In-line,Very bullish
53.294665721945755,0.06589331443891519,87.27041258462155,33.63890672996838,0.10567556122946326,54.71756590174551,88.42562611812585,34.73361129175781,Beat,Below,Clean
50.729699487471,0.014593989749419993,87.10060959768843,32.02313039245556,0.15900472796070514,54.59625001443289,88.41621563976265,34.50275338058713,In-line,Below,Clean
50.54517344356822,0.010903468871364334,86.14503591208695,31.325412394000463,0.11163813556704102,52.17451791381225,87.57439192842945,32.90891024771003,In-line,Below (severe),Mixed
55.113239568330755,0.10226479136661507,86.75274268524234,34.837331210204184,0.1853714053219865,60.66325407903386,88.41440530612158,38.50720841171424,Big beat,Above whisper,Clean
52.06167122750015,0.04123342455000307,87.24254864917857,32.62719715527376,0.15089220594324973,55.63755938381631,88.613564044038,35.559546248012374,Beat,Below,Mixed
54.176997440125575,0.08353994880251153,87.47505348032219,34.03482901420814,0.15282992341061302,57.9956592516943,89.17446790599865,36.94245182455568,Big beat,Above cons < whisper,Mixed
54.584740744096806,0.09169481488193611,86.99625256438893,34.22632110982829,0.15710158862162268,58.648655213101414,88.79260835005749,37.28672072311255,Big beat,Above whisper,Very bullish
55.0491522626624,0.1009830452532482,87.59913929045328,34.79183721603605,0.2515250039570643,63.97429118169291,89.73756586550925,40.85528885345585,Big beat,Above whisper,Very bullish
51.68066290967419,0.033613258193483916,87.06847011510229,32.35171751382517,0.18027216537907387,56.64030164058236,88.67861754403951,36.22069291904415,Beat,In-line,Clean
52.37185127094318,0.047437025418863674,86.97410684146057,32.92616856922651,0.0952165943233968,53.26148340256144,87.95664404614982,33.71918288321186,Beat,Below (severe),Mixed
51.45786750647493,0.029157350129498702,86.77841948073342,32.01454886836569,0.12946579770831224,53.96847984502868,87.43357799756404,33.87006069141179,Beat,Below,Mixed
51.207185855041324,0.024143717100826446,86.97338425675927,32.24026957942836,0.13167406040167906,53.810569371295315,88.06234207013861,34.0760767503976,Beat,Below (severe),Mixed
51.752648746931925,0.035052974938638515,86.37208200403863,31.998248430475563,0.16426622109754974,55.95001358920932,87.31006175890622,35.02819499992543,Beat,In-line,Clean
51.194778845965814,0.023895576919316285,86.29954154087169,32.012826600498265,0.15045942026708747,54.690550192415046,87.28622126181564,34.55458867236876,In-line,Below,Clean
50.337874565224226,0.006757491304484549,86.01144783599757,31.35718547866395,0.09851817069581295,51.34727917809788,86.78048717051654,31.88707655124846,In-line,Below (severe),Mixed
52.6911202081957,0.05382240416391392,86.50229749409435,33.154475120280615,0.12035694457148871,54.816229410895794,87.62521084810915,34.74498928183799,Beat,Below,Clean
49.14247662148814,-0.017150467570237037,86.47298152793482,30.668536000264353,0.1713571854757827,53.451722166751814,88.5485602728556,34.161694309518644,Miss,Below (severe),Clean
53.239643428800676,0.06479286857601346,86.95363110498026,33.29437402737344,0.14747115070001424,56.72731527181119,88.57062502205727,36.16378075695054,Beat,In-line,Very bullish
52.97096974284703,0.05941939485694069,87.25345621845516,33.24850336597186,0.2272192366136797,60.36363640403855,89.70614787542125,39.54891790461344,Beat,Above whisper,Very bullish
51.85467399806182,0.03709347996123636,86.43722970598046,32.30729233161604,0.16117063550805988,55.91125870607893,88.43568811037241,35.51067077121784,Beat,In-line,Clean
53.37578493097595,0.06751569861951896,87.3981682746228,33.94556948887239,0.09677902842602804,54.359909999638674,88.71995248122988,34.51721362739136,Beat,Below,Very bullish
51.80814587709225,0.036162917541845016,87.33678390035095,32.31508302351054,0.2126889676264659,58.33951215702289,89.49174875865653,37.70004405437483,Beat,Above cons < whisper,Mixed
53.88424596886697,0.07768491937733951,87.53052279817678,33.96474770195257,0.13813218557646426,56.94686644463734,88.30234703595752,36.21445167285381,Big beat,In-line,Clean
50.53075351859284,0.010615070371856933,86.07159460019051,31.151848940688993,0.17579582346092554,55.17000259038815,88.22679128693858,35.05701619183414,In-line,Below,Mixed
50.61446158115499,0.01228923162309974,86.1880165043187,31.504202056687937,0.24665102381604584,58.59152961075586,88.4630143867079,37.40389393948716,In-line,Above whisper,Clean
51.69161681633708,0.033832336326741645,86.79615055368788,32.5634259765294,0.20765285639011288,57.966562363981765,88.60731521362617,37.20962824753995,Beat,Above cons < whisper,Mixed
53.4454908796122,0.06890981759224407,87.25172812334833,33.60246205810518,0.15785261151305174,57.46185824651627,88.82393347742119,36.64408911976877,Beat,In-line,Mixed
50.04921318373917,0.0009842636747833611,86.01163196990595,30.607936130050224,0.17252848136294247,54.492404504329855,87.66795668788048,34.07752471847352,Miss,Below,Clean
51.601505660046286,0.032030113200925685,86.22637669981103,32.15120102901866,0.11374128405534129,53.36567523207971,87.30773505643126,33.728655064363195,Beat,Below (severe),Clean
52.61489027579257,0.05229780551585141,87.01979420327586,33.54893038702485,0.2211597289524062,59.66181478032976,89.13175215386792,38.61542340649451,Beat,Above whisper,Clean
49.774850239855375,-0.004502995202892577,86.14520066426752,31.05328179172422,0.17516969097096777,54.315759990604384,87.58984198885224,34.068977378662154,Miss,Below,Clean
51.04337642178531,0.020867528435706238,86.4990537601639,31.782812261839343,0.1445153858919247,54.247077543848796,88.18496121690687,34.33842884705501,In-line,Below,Mixed
52.60693336904902,0.05213866738098018,86.97295254451167,32.709489153704006,0.21231541646506755,59.22075374080238,88.71482971023163,37.97699775729866,Beat,Above whisper,Clean
51.411182022529765,0.028223640450595333,87.57374128464009,32.56048842785458,0.14264901654429318,54.548869679035896,88.6247256108725,34.72800164147812,Beat,Below,Clean
53.353573458802316,0.06707146917604628,87.88191072162715,33.665493721660525,0.16592852729190938,57.763135233683364,89.81179523711897,37.33715638961478,Beat,Above cons < whisper,Clean
52.22284143459358,0.044456828691871654,87.05095623941965,32.517792579896394,0.14317164458680762,55.43540927579611,88.53840327114837,35.230119446414996,Beat,Below,Mixed
49.16619130187128,-0.016676173962574422,85.49471563424635,30.31522587960706,0.06765511792595127,48.74306893148574,85.37265155648684,29.809511344514625,Miss,Sandbag (flat/down QoQ),Mixed
56.008768324923,0.12017536649845993,87.74170168156323,35.43896370175689,0.2596049365947969,65.50971242647678,89.9203114767399,42.901532098611945,Big beat,Above whisper,Very bullish
49.31942009551382,-0.013611598089723518,85.45263085681209,30.316419916176155,0.18140361602131733,54.10427400942056,87.69964988929556,34.386825744135486,Miss,Below,Mixed
51.848158300771054,0.036963166015421045,86.26338854834269,32.380060790375474,0.19311057485266453,57.44197267276455,88.24797641159154,37.02164761223021,Beat,In-line,Very bullish
52.41059060898362,0.04821181217967232,86.11221945613802,32.85333033506333,0.1385825195314398,55.411369283871146,87.09380535927845,34.901605172490314,Beat,Below,Clean
50.12867443896242,0.0025734887792482407,86.67925941501983,31.269299024286084,0.25103590251708674,58.23328779239453,88.80196045605712,37.34105085419249,Miss,Above cons < whisper,Very bullish
51.94268758999922,0.03885375179998424,87.43843257479233,32.87599784458211,0.24090376672584762,59.85188549255869,90.12914657308767,39.02091876356109,Beat,Above whisper,Clean
53.02324166144482,0.06046483322889647,87.5736378701222,33.671509603811415,0.2399339051570708,61.049221161836485,90.07208744673714,39.84540258975788,Beat,Above whisper,Very bullish
51.50451964182815,0.03009039283656307,86.64118499707074,32.459318202574075,0.08521658185217788,51.9011617016686,87.68981789996077,32.79389243778205,Beat,Below (severe),Clean
52.291032148041005,0.04582064296082017,86.90762592282192,33.13617860583463,0.16780358730993247,56.70382243186262,88.49163173689777,36.04904482474612,Beat,In-line,Clean
53.26758118659758,0.06535162373195169,87.38744218387939,33.66053093587629,0.12078655392783146,55.43718955746928,88.12703984525221,35.075866630003546,Beat,Below,Clean
50.97790895415937,0.019558179083187292,86.6408322117214,32.0219504902803,0.1333750466448152,53.650154943148685,87.36441838517463,33.76000225135815,In-line,Below (severe),Mixed
52.14779521538313,0.04295590430766265,86.25580173924938,32.09390208766705,0.13604381439606514,55.01059588962667,87.89577624686947,34.850404116775316,Beat,Below,Mixed
50.58041124033854,0.0116082248067708,87.20053965507651,31.552756022982873,0.12276657113610256,52.73356668818539,88.21059966584517,33.25503796329647,In-line,Below (severe),Clean
50.88921640319458,0.01778432806389168,86.01111331335319,31.57597726514259,0.1651102744000494,55.056438252705995,87.67524654738938,34.60829951882027,In-line,Below,Mixed
52.562633357235065,0.05125266714470137,87.03717060786511,33.387098178025475,0.18833463631677796,58.00042652339193,88.82895736196822,37.27889695038959,Beat,Above cons < whisper,Clean
51.72224412487362,0.034444882497472344,86.75296260018823,32.36314676191115,0.12127586511093395,53.852410881839695,88.01506214570983,34.28609678596774,Beat,Below (severe),Mixed
54.313819800776486,0.08627639601552968,87.61473611052901,34.025002966085104,0.1791173926251567,59.46791461650387,89.01589577435496,38.67735050321906,Big beat,Above whisper,Mixed
51.53827572596349,0.030765514519269694,86.56058726535349,31.93325678712275,0.17719459541702207,56.336966810165336,88.36324364027655,35.97058089698984,Beat,In-line,Mixed
53.188571890734124,0.06377143781468247,87.6111359099149,33.775977070577575,0.18069467875894446,58.31378781630754,89.64552479025673,37.85073875941587,Beat,Above cons < whisper,Very bullish
51.43505677239859,0.028701135447971843,87.18845178545597,32.69841811632053,0.21730192597257292,58.1397084092959,88.53490950864973,36.76708129922837,Beat,Above cons < whisper,Very bullish
51.95200735174391,0.039040147034878195,86.39420238590313,32.13431134387402,0.08687036374731615,52.43187590437934,86.99661532042322,32.93890413164874,Beat,Below (severe),Clean
53.10293226292752,0.06205864525855031,86.22518494393422,33.20472038134756,0.09893924302253551,54.188546455920076,86.64968864129263,33.58488531533547,Beat,Below,Mixed
50.60980398756969,0.012196079751393852,85.24757891375259,31.47991080070494,0.17324649494790428,55.136505485672565,86.85211872625148,34.446301096408085,In-line,Below,Mixed
52.07034188096142,0.041406837619228434,87.00247686657644,32.45046601786264,0.1881255166258409,57.44709457332991,88.79177879392857,36.56531086596634,Beat,In-line,Mixed
54.263142458276015,0.08526284916552035,86.8648664503238,34.009178505280246,0.25141818018125084,63.05546277276234,88.73669679178835,40.40897952522768,Big beat,Above whisper,Very bullish
52.518502687783,0.050370053755660046,87.32102601461445,32.993600464355374,0.09527864778444563,53.41365213557168,88.6080120154976,34.27590742925729,Beat,Below (severe),Mixed
50.070906071247734,0.0014181214249547524,86.68458496631308,31.329316838841088,0.19514914881752482,55.567757859318675,88.76973083722586,35.29578676174593,Miss,Below,Clean
52.83954803154076,0.05679096063081513,86.91086949814256,33.26654040586395,0.1722961035679223,57.51905368083207,88.847085922664,36.674775612562634,Beat,In-line,Clean
52.17478288823929,0.04349565776478584,87.61802811551999,33.04967680786156,0.12947565702085279,54.72085095528482,88.91099163282516,35.19157571020779,Beat,Below,Very bullish
52.61146737652423,0.0522293475304847,87.68736355621223,33.30183614832858,0.09311431867958088,53.402466293449265,88.36096889873043,33.62260498813717,Beat,Below (severe),Mixed
52.13887703561452,0.04277754071229034,86.676229445904,32.85343161117283,0.16218208609646403,56.26666395997912,88.54779656541608,36.09840954267074,Beat,In-line,Clean
48.848991664683865,-0.023020166706322644,85.23440652119865,29.878959261991543,0.22020348018649138,55.348158944787585,87.6418881887682,34.56997850876015,Miss,Below,Mixed
52.19586371830641,0.04391727436612828,87.13048536130586,33.0154270317568,0.20058717412675006,58.18956419961885,88.8073106294062,37.50140107696132,Beat,Above cons < whisper,Mixed
53.542108684959935,0.07084217369919861,88.15693097918097,34.37474752864704,0.11158785123554904,55.26556057632521,89.30286954795254,35.58818992212578,Big beat,Below,Clean
55.38907997208605,0.10778159944172114,88.03236320841705,35.56484569251785,0.25479958681145876,64.53775218692326,89.93762612720137,42.321092288066986,Big beat,Above whisper,Mixed
55.20689901957543,0.10413798039150851,87.59936615993061,35.22736378977745,0.17282028015230289,60.12293000487276,89.2609044783097,38.469134978201474,Big beat,Above whisper,Clean
55.00303585467228,0.10006071709344566,88.13441774720332,35.05368346823343,0.11272107911732773,56.83139188158714,89.41029217678566,36.67962971198124,Big beat,In-line,Mixed
51.34407730641859,0.026881546128371698,86.65358796326869,32.60651521949094,0.15110650284640276,54.88089403649065,87.88318907775566,34.5078667795108,Beat,Below,Mixed
51.52603732169597,0.03052074643391946,87.23141115625903,32.786887556318995,0.1113602270781577,53.173703642686405,88.02958235449185,33.87484277137297,Beat,Below (severe),Mixed
51.21851426038252,0.024370285207650392,86.05879512308604,32.02519917376757,0.12580361285603667,53.543274942352994,87.31851788754824,33.94934664890223,Beat,Below (severe),Clean
51.26742407446614,0.025348481489322755,86.50701623622982,31.6440129761212,0.16917084103264615,55.658921799669415,88.48693837897443,35.52670825247909,Beat,Below,Clean
50.87986453961461,0.017597290792292185,86.42172726838419,31.948107094488098,0.16828171055471225,55.19615695019494,87.67597406094009,34.86015033237571,In-line,Below,Very bullish
56.085366100330994,0.12170732200661977,87.93501328586277,35.772648417551025,0.10760817121169164,57.68342336540255,88.79824641367222,37.070322339028635,Big beat,Above cons < whisper,Clean
49.9765704445169,-0.00046859110966202656,86.02892624378804,31.09978298914575,0.14355450683087703,53.06872291293681,87.57837318151131,33.418169328608364,Miss,Below (severe),Mixed
51.85006803524638,0.03700136070492751,86.99823439415802,32.612890267817825,0.16345166353372012,56.01611591637654,88.26986303296098,35.335105878401585,Beat,In-line,Very bullish
55.40769582179331,0.10815391643586622,88.09678065705444,35.320375601166624,0.13789166647789355,58.54452995333485,89.11525837149642,37.86484636379118,Big beat,Above whisper,Very bullish
49.76121755751105,-0.004775648849778911,86.8788195990961,31.443682795460738,0.14153493703455336,52.746727754756364,88.35169370653425,33.285183552266226,Miss,Below (severe),Mixed
53.08268442102544,0.061653688420508716,87.88826266106213,33.78321520738706,0.1971083555560013,59.0067446946268,89.95140491912643,38.023217388170785,Beat,Above whisper,Very bullish
51.306001464536386,0.02612002929072778,86.97653131237743,31.993966574588104,0.1532882100423734,54.944134693933236,88.05396576197604,34.85347625015914,Beat,Below,Clean
54.087968140690336,0.08175936281380675,87.88433439776786,34.546170880226335,0.1356218060395895,57.036084917446644,88.961203955465,36.409936311797736,Big beat,In-line,Clean
50.31989276861051,0.006397855372210208,86.02009499115736,31.245286429555517,0.08602097120504273,50.74499747153571,86.7902718000223,31.528369952305024,In-line,Below (severe),Mixed
50.38906265410479,0.007781253082095652,86.31230876310605,31.450242839218205,0.1523193958581169,53.916844647189485,87.8045386493287,33.834813872195284,In-line,Below,Clean
53.20038763243121,0.06400775264862434,86.78804054486305,33.01845101245494,0.1209713549515857,55.37638842197057,88.1246018223847,34.915354994416106,Beat,Below,Clean
54.59124616369476,0.09182492327389534,87.78442356575151,34.77908698598104,0.19661655351067175,60.65873249080645,89.29792826521658,38.972097198053625,Big beat,Above whisper,Very bullish
51.677600017985526,0.03355200035971048,86.39422827741421,32.0799546501725,0.18983510232984732,57.09583518373496,88.51611539162451,36.53903585039116,Beat,In-line,Clean
56.14145557342116,0.1228291114684233,87.63792098634686,36.15959135339432,0.1696571462135029,60.97580794525995,88.82964721319172,39.07140580417255,Big beat,Above whisper,Very bullish
54.974003459385365,0.09948006918770737,87.67828235754455,35.0446395330189,0.2235803561923537,62.46045996742911,89.60777241416447,40.2147354574332,Big beat,Above whisper,Clean
55.73004289794048,0.11460085795880948,87.26603443793567,34.931364950805886,0.20440908242688566,62.327357699582365,88.94514468390875,40.0153308187014,Big beat,Above whisper,Very bullish
55.37097796338215,0.10741955926764298,87.21928333871617,34.933015978645244,0.13537950757949796,58.37656843038433,88.52686699906836,37.19965655406167,Big beat,Above cons < whisper,Clean
50.86664573313979,0.017332914662795806,86.66907944460878,31.83175770007797,0.07005158830264498,50.542082554204605,87.35098471731551,31.524436846119052,In-line,Sandbag (flat/down QoQ),Mixed
52.74307005877051,0.054861401175410336,86.94105470148457,33.10290249264985,0.17732170710067455,57.660164045084876,88.68428077376164,36.957347438380225,Beat,Above cons < whisper,Clean
52.99451330806371,0.05989026616127423,88.32026302857055,33.6710218309379,0.13769580154347028,55.985089917179096,89.08656053523552,36.292187517734455,Beat,In-line,Clean
50.77849455764374,0.015569891152874769,87.27061972034225,32.19852346222181,0.09459174807556164,51.61159818517546,88.28699008697279,32.3605851256139,In-line,Below (severe),Clean
52.586726799177285,0.05173453598354565,86.53227726275591,32.71916485512853,0.21383086960535042,59.27200715460546,88.85315350743093,37.91360317708357,Beat,Above whisper,Very bullish
54.32100265138885,0.08642005302777692,88.02847371271055,34.35881093357248,0.2583331840340895,63.47149735294304,90.2281419701483,41.72423777034454,Big beat,Above whisper,Very bullish
52.47728604579576,0.04954572091591517,86.38891302492462,32.77978378906397,0.16016821794009964,56.53373090307773,88.00646980043247,35.90973397179596,Beat,In-line,Clean
52.57342471124633,0.051468494224926525,87.42119704243565,33.09427009344673,0.2769610065704808,62.33891238540691,89.60502407091789,40.582768265922944,Beat,Above whisper,Very bullish
53.07135032479388,0.06142700649587765,87.60629848722996,33.76190921365629,0.14049115438979248,56.204019482881456,88.82179946310494,36.197744770069065,Beat,In-line,Mixed
51.35701046085443,0.027140209217088717,86.88202631788246,31.988603481558037,0.10841572862487861,52.858852586394654,87.83128346034522,33.32617425021054,Beat,Below (severe),Mixed
48.800103534682044,-0.023997929306359154,86.1240504874251,29.701493505745326,0.1360621520988448,51.47995416966751,87.40897301534353,32.336374066763135,Miss,Below (severe),Mixed
53.496386771875514,0.06992773543751024,87.70550224347986,34.11441703215356,0.11628723376490499,55.45180977699478,88.45647579695893,35.615694365090825,Beat,Below,Mixed
52.91933810955847,0.058386762191169304,86.27721704815573,32.80054151962532,0.17368098581300478,57.673962283784135,88.18968360555961,36.78921224014001,Beat,Above cons < whisper,Clean
52.87311833088395,0.057462366617678916,87.1969544603998,33.21527214030901,0.2135888338923435,59.58292416089867,88.62963142823487,38.328532234865804,Beat,Above whisper,Very bullish
52.52978231739248,0.05059564634784954,86.88460058748836,32.42283925942053,0.13044915302594315,55.140658791523954,87.94247102330586,35.24396116312391,Beat,Below,Mixed
52.35441914582795,0.04708838291655898,87.53088593471146,33.27750304722239,0.08447520505306964,52.72156447870569,88.51626707345005,33.63273284163159,Beat,Below (severe),Very bullish
53.64050816561904,0.07281016331238083,87.0721768073461,33.84333070785388,0.1567980968223949,57.61900649010465,88.54210312649516,36.951111569981165,Big beat,Above cons < whisper,Clean
48.61790640179929,-0.027641871964014224,85.63182336888786,29.85690916037148,0.2354348710225222,55.773952858828245,87.89054644932499,35.33365797470959,Miss,Below,Mixed
50.2947063589694,0.005894127179387967,87.31573073571639,31.482619854421113,0.1754018884703059,54.893886203364126,88.62892327650049,35.28471245328206,In-line,Below,Clean
50.54163538512638,0.01083270770252761,87.04647132983095,31.77019242879524,0.17425593415508117,55.10961418196658,88.58602243643982,35.55646698026482,In-line,Below,Clean
53.24790832845559,0.06495816656911176,87.29782853689052,33.641088839766965,0.21380577154283487,60.01600284797294,89.35497644372387,38.70380710236773,Beat,Above whisper,Clean
53.002726951552425,0.060054539031048536,88.03201995234625,33.49185066656436,0.12726152369260638,55.48022511875087,89.4516187166441,35.67751614235757,Beat,Below,Mixed
52.62746267134355,0.05254925342687103,87.82664824403126,33.23465624318116,0.15193932182085926,56.293383397438646,89.25554347573147,36.43310633938601,Beat,In-line,Clean
52.34074783750427,0.046814956750085186,86.76763590813027,32.577715697037355,0.20586820470562445,58.6077547972067,88.73206864170878,37.5767462426832,Beat,Above whisper,Clean
51.73575276700198,0.034715055340039776,86.88039854957452,32.30839954132419,0.15477601020566586,55.47583429631777,88.19861912279327,35.39083351965471,Beat,Below,Mixed
52.95524307860535,0.059104861572107044,86.99957503015308,33.51011354502938,0.04202766037160002,51.239340331779324,86.81180773202408,31.866480183893703,Beat,Sandbag (flat/down QoQ),Clean
48.734323931873675,-0.025313521362526556,85.49165323303453,30.02310816950309,0.12838725180885274,51.063247718088675,86.72643276770096,32.01184531324658,Miss,Below (severe),Clean
52.747805305175575,0.05495610610351156,86.5392412528968,32.88708002203139,0.17406746419449715,57.50594758672449,87.87033446214839,36.50732274983422,Beat,In-line,Very bullish
51.93336014258564,0.03866720285171284,86.4803372029078,32.5039093900624,0.13129661793092456,54.55546078087468,87.92725683313958,34.389480692363236,Beat,Below,Clean
51.2427463806712,0.024854927613423988,86.99264433681994,31.88186602518933,0.16847635916441098,55.599085029866835,88.9841039743569,35.77543705012114,Beat,Below,Very bullish
52.804015285231955,0.05608030570463909,87.19415193291935,33.5055354152657,0.12029867315035138,54.93082052812365,88.06535941689378,34.65293133656159,Beat,Below,Mixed
55.38187078508343,0.10763741570166864,87.63110861390795,34.52228766518139,0.22653616705567958,63.07587698017279,89.58579332905823,41.19762941796973,Big beat,Above whisper,Clean
51.18367096262261,0.02367341925245221,85.69698322878398,31.617475572852282,0.13604250121685554,53.99348089742131,86.62708305625162,33.61497881023729,In-line,Below,Clean
51.97941888064803,0.03958837761296054,86.42980335883792,32.525917794958644,0.11996025746261962,54.05667739859021,87.4330281839727,33.95714087641227,Beat,Below,Very bullish
50.03621819504785,0.0007243639009571279,86.11495813973421,31.08812298147362,0.13712220095819722,52.8332020928933,87.65232829893405,33.24290704682024,Miss,Below (severe),Mixed
51.68574773709628,0.03371495474192555,87.60928653158928,32.81116712259116,0.14618637542447122,55.00996415560838,89.19014684003167,35.3897798833365,Beat,Below,Clean
52.396905834477,0.04793811668954,87.00128035568186,32.77327467478686,0.14509048160427412,55.71354112681972,88.30530241125271,35.14328463963176,Beat,Below,Mixed
53.135249521668584,0.06270499043337166,87.7432244068569,33.666395345964894,0.13354980572655106,55.9292052173393,88.82714969808828,35.86128672697279,Beat,In-line,Mixed
51.221562485433545,0.02443124970867088,86.85220899729326,31.992891179255846,0.15776851977551093,55.06680453796715,88.40545342363572,35.10021035174934,Beat,Below,Clean
52.24525027586717,0.04490500551734345,87.35031545701196,32.949576774246985,0.0742287112673027,52.1145373112766,88.04921095760393,33.02852668715262,Beat,Sandbag (flat/down QoQ),Clean
53.036227630341756,0.06072455260683508,86.70825288778946,33.24400600708377,0.16398174371705784,57.32368638038714,88.53297985521047,36.432835756170974,Beat,In-line,Mixed
50.7955300640245,0.015910601280489968,86.18323773371782,31.689650531745116,0.1253786689674023,53.081048440592305,87.24487125944131,33.64894693317803,In-line,Below (severe),Clean
50.773185925762945,0.015463718515258944,85.99895449377813,31.57460799572555,0.15070935340895497,54.251952808065376,87.70173688960584,34.310721379158565,In-line,Below,Clean
51.706048444143825,0.034120968882876565,86.29577401666928,32.05962910971678,0.24780859816404285,59.910733838139954,88.70210559301006,38.428542413899116,Beat,Above whisper,Clean
52.36826276608646,0.04736525532172914,87.30030893374146,32.90613007337764,0.13496397477313304,55.19065654232126,88.7697321492966,35.3641917694517,Beat,Below,Mixed
51.872140925077446,0.037442818501548965,87.44939859215344,32.42385683034555,0.1640140372007179,56.06705016384084,88.60182612946885,35.374680221995376,Beat,In-line,Clean
54.65777380979073,0.09315547619581459,87.86955821899488,34.80367613429132,0.20065679337793976,60.93771119023721,89.70749746459866,39.59687172484875,Big beat,Above whisper,Clean
54.71618424685336,0.09432368493706722,86.80799647107332,34.152099269739736,0.15500813596916546,58.68352097613898,88.6122337006809,37.150240117167705,Big beat,Above whisper,Very bullish
52.66357461589348,0.053271492317869706,86.62682243498222,32.65191984435971,0.18618407854637417,58.006644176660984,89.16963860424451,37.01294945345543,Beat,Above cons < whisper,Clean
51.19682797745687,0.023936559549137346,86.1795341477502,31.936833723276035,0.11141614801934835,52.836625531406156,87.23556643228466,33.641461950418055,In-line,Below (severe),Mixed
51.14954529628696,0.022990905925739238,86.27282785351011,31.369486479342154,0.09533962813321306,52.02425792944519,86.84356184623243,32.5848467516136,In-line,Below (severe),Mixed
51.54861280994314,0.030972256198862808,87.47757882685046,32.21101887869201,0.1102654746825662,53.14459899418366,88.40262503781287,34.088996909540455,Beat,Below (severe),Clean
49.943947326333735,-0.0011210534733253352,86.53751032528707,30.86613366951165,0.09186617900647562,50.636956436582935,87.27001136740478,31.79291144432724,Miss,Below (severe),Mixed
52.91262470864664,0.05825249417293282,87.03741030225981,33.30030369854366,0.1331749281632521,55.67645543863908,88.11932250681352,35.41679106758833,Beat,Below,Clean
52.67654924551262,0.05353098491025226,86.82107103426888,33.02696086215884,0.12254470084657447,54.90808255625996,87.22818801828961,34.523079810959736,Beat,Below,Mixed
52.92140079191922,0.05842801583838439,87.46725530862511,33.4934296743599,0.17972212232251145,57.97307959720009,89.2235206994654,37.37638847729495,Beat,Above cons < whisper,Clean
52.027590888672734,0.04055181777345469,86.61405361912587,32.34853049652035,0.20248490861258242,58.093650526877134,88.6314908669906,37.177526831759614,Beat,Above cons < whisper,Clean
53.485621126044656,0.06971242252089307,87.95103788763983,34.407770286947034,0.14774496651326735,57.003005826235324,88.83946884518434,36.41548039855706,Beat,In-line,Clean
51.17559599576923,0.023511919915384576,86.55769852252952,31.868319820200156,0.1303567740265013,53.71477577018544,87.94443947648891,34.146149994496284,In-line,Below (severe),Clean
51.73307008634708,0.0346614017269416,87.17778271828848,32.55485972764524,0.09956440267514982,52.82071071461404,87.92231603920578,33.51016928035907,Beat,Below (severe),Clean
52.0818629816459,0.04163725963291789,86.83502571574067,32.41301053478432,0.09497199926870001,52.95474008931907,87.56524421505077,33.10527110465661,Beat,Below (severe),Clean
48.56673687872547,-0.028665262425490612,86.02392429798317,30.30410606255741,0.1087982183495923,50.00423194202822,86.58671847097084,30.41133968527755,Miss,Below (severe),Mixed
52.18634901743653,0.04372698034873051,86.2226926628589,32.401391213102585,0.2167230309669851,58.96088041219657,88.86885826648412,37.58850261460093,Beat,Above whisper,Clean
51.447401038103415,0.028948020762068184,87.09134161484546,32.40032266940044,0.19294407173550635,56.99002406927571,88.80334327665477,36.766400727106536,Beat,In-line,Clean
52.09818648882468,0.04196372977649374,87.61290918472142,33.13233573608126,0.16141076542155222,56.18543788655631,88.98866338340383,35.990205888096476,Beat,In-line,Mixed
53.0299872518767,0.060599745037533875,87.30417819119253,33.70291037860478,0.12409964177548097,55.353061839393426,88.18987318106704,35.020857780039705,Beat,Below,Mixed
54.75517749674385,0.09510354993487685,87.96696838592972,34.654111085794725,0.17503705066449468,59.74369354050017,89.57715585643234,39.10347512745589,Big beat,Above whisper,Clean
51.74572760214191,0.034914552042838214,87.240209752641,32.280505053991526,0.12248273495807663,53.93485113830161,88.3046848289861,34.21447155131152,Beat,Below,Clean
54.25024673920266,0.08500493478405319,87.33172758916602,34.44288545964917,0.2023861245409347,60.57047650841512,89.03908889698565,38.53665780789889,Big beat,Above whisper,Very bullish
52.04114418858396,0.040822883771679176,86.63404356495758,32.42774614671958,0.18002621939463903,57.023492156267025,88.14306692315692,35.95231882327326,Beat,In-line,Clean
53.086166676902145,0.061723333538043004,85.88250952266024,32.81325899237167,0.13448467146638837,55.92362505029418,87.5667595352832,35.087495993327984,Beat,In-line,Very bullish
52.6571768808902,0.05314353761780394,86.38270948689889,32.61505319180428,0.1665177471229155,57.03799339173827,87.5937897608406,35.81793323531828,Beat,In-line,Clean
53.72521462820724,0.07450429256414479,87.55976291014855,34.15489315499948,0.18089120744050058,58.911945459996296,89.23996827668891,38.18118906825463,Big beat,Above whisper,Clean
53.313868404244516,0.0662773680848903,87.08097485850243,33.41875254299765,0.17128406298255383,57.985278369423526,88.73912631596929,37.30587294041078,Beat,Above cons < whisper,Mixed
50.611637917196404,0.012232758343928033,86.2804347352263,31.65253339461315,0.0921788245638623,51.32860498039428,87.16951301715132,32.14258544825636,In-line,Below (severe),Mixed
51.00131393237426,0.020026278647485202,87.04030334879498,31.924471884515736,0.14662443493518668,54.302256142327785,88.65914310202896,34.798278243713504,In-line,Below,Very bullish
52.13423862587759,0.04268477251755194,86.90385331476432,32.841521661710416,0.14533783220477,55.44622186202248,88.09114799739146,35.575159509926024,Beat,Below,Clean
51.419789834996635,0.02839579669993271,85.94787895431189,31.855895652518715,0.1904480441980475,56.840260510564505,87.90737098650916,35.91349402436326,Beat,In-line,Clean
52.48530518775676,0.04970610375513525,86.6589701991396,33.1675325445311,0.1942734043985168,58.20453238551473,88.29672596392342,37.24558981939211,Beat,Above cons < whisper,Very bullish
52.15756100382502,0.04315122007650045,87.21982504075551,32.90293414674464,0.16614892099704728,56.478948951701916,89.20267519007089,36.54613832344157,Beat,In-line,Very bullish
53.68064221034372,0.07361284420687447,87.43372319675727,33.86867840564115,0.10729567441840476,55.194604139550236,88.00351356529154,35.292638960335,Big beat,Below,Mixed
50.804278343577025,0.0160855668715404,86.44920387930904,31.703787330504348,0.1016007671688903,51.968458284550124,86.98036912978071,32.327838500516364,In-line,Below (severe),Mixed
50.28580372160625,0.005716074432124887,85.7474888369539,31.081044437926785,0.17425833625587878,54.83077248574995,87.23033243202194,34.50722242451816,In-line,Below,Clean
48.74350198861873,-0.02512996022762536,86.68172461755024,30.215145867203532,0.10617866753695816,50.06766336079425,87.78723048974781,31.829609660852086,Miss,Below (severe),Clean
51.22227542039926,0.024445508407985015,86.77614445241485,32.03576097078662,0.16287546785231385,55.3104755301028,88.0639609823042,35.19910310240763,Beat,Below,Mixed
53.788685291270255,0.07577370582540503,88.09866482323528,34.04871713282712,0.20182271360267634,60.02700202374087,89.83808112095872,38.72823343890144,Big beat,Above whisper,Very bullish
52.03972900518383,0.04079458010367656,86.25681843079505,32.464240778319855,0.16858982160387206,56.46930494630437,88.32464372471031,35.965825807803796,Beat,In-line,Mixed
51.85324059095519,0.037064811819103614,86.33483029141311,32.31203260256038,0.06215950407459707,51.14238285998189,86.94139320259914,31.899788151966266,Beat,Sandbag (flat/down QoQ),Clean
52.34894942115365,0.046978988423072944,86.73600991504631,32.828263844913735,0.09153201481865061,53.05908607564637,86.79358155064733,33.352875085102944,Beat,Below (severe),Mixed
51.35880356537592,0.027176071307518493,86.19038558413227,32.1181172090918,0.10008151647864766,52.4632369028186,87.14816779246163,33.195645445094,Beat,Below (severe),Mixed
50.443275234858945,0.008865504697178865,86.60583244750083,31.51112534532373,0.10490329717022512,51.75387390369932,87.39298502993356,32.81620977364452,In-line,Below (severe),Mixed
50.626120593966625,0.012522411879332477,87.0503530963314,31.71422150688936,0.0626555489336412,49.955404543722146,87.3535415457875,31.479693227869753,In-line,Sandbag (flat/down QoQ),Mixed
53.87977198119085,0.077595439623817,87.27893621270641,33.815081275523454,0.21012392122142726,60.54397230550969,89.22824784237828,38.947596683102134,Big beat,Above whisper,Very bullish
52.02903598289508,0.04058071965790146,86.23231733410354,32.15329508755761,0.17245480976999125,56.64442966542404,87.68515685030316,35.80345507944299,Beat,In-line,Clean
51.76099354547786,0.03521987090955728,87.01429018939277,32.35397749371216,0.13185103084190536,54.40103862314673,88.05472686097718,34.20042229338156,Beat,Below,Mixed
52.76393910349347,0.05527878206986948,88.09382432678746,33.70770386870109,0.17692180713040828,57.66338552093076,90.2962476461487,37.784245381846,Beat,Above cons < whisper,Clean
52.42013118622989,0.04840262372459781,86.79497933198165,32.72541516042319,0.21187063573503073,58.98881644125797,88.62940535120033,37.598796610519365,Beat,Above whisper,Mixed
51.62922764581762,0.032584552916352386,86.66479713381882,32.04528897456268,0.18569505085985616,56.843911149408335,88.56059830398405,36.3487390237515,Beat,In-line,Mixed
50.61780608668515,0.012356121733702912,86.85414466902714,31.58939347637482,0.11844735684047508,52.56954061052267,87.86610647330447,33.6536497303581,In-line,Below (severe),Mixed
51.020150916280684,0.02040301832561374,86.73086502688773,31.911978543732673,0.13771779881978397,53.9003528105009,88.45072715977885,34.35086905987129,In-line,Below,Clean
51.776836929437195,0.03553673858874391,85.46220391646496,32.180010579323486,0.17189684726932192,56.343032533529154,87.76221872789652,35.60703200333493,Beat,In-line,Clean
53.77918975642163,0.07558379512843255,87.07356789925558,33.724394101578135,0.1601383733552828,57.93478017263864,89.28529057135862,37.13167946807606,Big beat,Above cons < whisper,Clean
54.58624179499475,0.09172483589989494,87.67107873298215,34.34235311975607,0.1712937683032856,59.3696302174613,88.90762327357517,38.34502476006224,Big beat,Above whisper,Very bullish
54.606873844977684,0.09213747689955377,87.59517316121939,34.539199865686456,0.15077268304541608,58.35152024678556,89.21424580902566,37.34244677196965,Big beat,Above cons < whisper,Clean
52.37724061941267,0.0475448123882534,86.26193675285678,32.365023087675866,0.11499532158139189,54.22892265884597,87.45225247958915,34.03759414989243,Beat,Below,Clean
51.851514061458495,0.037030281229169834,86.38355751463087,32.38361294798466,0.19127977734130977,57.35754154551948,88.15856983491565,36.334740557879044,Beat,In-line,Clean
48.68024530863731,-0.02639509382725377,86.33753533794932,30.41841958377885,0.15938410724229946,52.407738265526994,87.93902243473828,33.19101645337965,Miss,Below (severe),Mixed
53.982271454366426,0.07964542908732847,87.40475387662619,33.95315466265186,0.12268494101897441,56.27614872640023,88.65204565537431,35.96139550874207,Big beat,In-line,Clean
50.58691916514972,0.011738383302994385,86.1734103651889,31.294142654729782,0.10373531638525477,51.846385713294566,87.19275902663227,32.442933478351115,In-line,Below (severe),Clean
52.81844289245177,0.05636885784903525,87.51542557604785,33.327113664643285,0.14805542616352363,56.307178538174064,89.00034133417856,35.807852754570604,Beat,In-line,Clean
56.192939300066456,0.1238587860013292,87.98689265859078,35.62042842398337,0.1441629600060064,59.70145977807317,89.16393316691571,38.61679985604542,Big beat,Above whisper,Clean
50.97941018461623,0.01958820369232454,86.82128889217893,31.979421303260995,0.0586752520673712,50.11559421834132,86.91634317482325,31.27173107758328,In-line,Sandbag (flat/down QoQ),Mixed
50.536209812576246,0.010724196251524992,85.91361120457526,31.003093676980328,0.14937243302205466,53.93600311170852,87.76874843987692,34.13721941821377,In-line,Below,Mixed
53.56267583869426,0.07125351677388515,87.48487096402341,33.70506413788833,0.21739150380038078,60.54912173778031,89.62751091712536,38.83895365568613,Big beat,Above whisper,Very bullish
54.720979210381195,0.09441958420762375,88.15653793979436,34.47968765043855,0.2541442676200846,63.72600222416757,90.62308876807418,41.669039179590925,Big beat,Above whisper,Clean
51.18845478863862,0.023769095772772513,86.29846667936654,32.242039615361904,0.09442251376688932,52.02024041093716,87.21063877743673,32.43219202631713,In-line,Below (severe),Clean
52.59337797576668,0.05186755951533353,87.49345995249014,33.42734944050791,0.22073205312538305,59.61653497164576,89.61656503657542,38.772899730370135,Beat,Above whisper,Very bullish
52.06127054063696,0.041225410812739297,86.86341619625068,32.77791011527079,0.11571876963735445,53.93675551954571,88.46449137136825,34.243179324874646,Beat,Below,Clean
53.21457892731036,0.06429157854620725,87.3921837318797,33.49179458714409,0.08086381855405829,53.409304911967645,88.1147823931667,33.88233919819791,Beat,Below (severe),Mixed
50.03664710575886,0.0007329421151772308,86.13251852080658,30.97028622878252,0.18354374151168784,54.990520490517675,88.22117199997399,35.050566938233224,Miss,Below,Mixed
51.48731850921868,0.029746370184373636,87.77225822224955,32.39187247184272,0.13811242568424714,54.412760034754,89.32274390059706,35.29234575002242,Beat,Below,Clean
51.15609307296695,0.023121861459338876,87.40633987814807,32.37772811395942,0.08965696324490326,51.760979241551176,88.10406066510235,32.97159473869252,In-line,Below (severe),Clean
55.93787637907053,0.11875752758141045,86.8136719601033,35.06630887494468,0.1514369702691114,59.80830040826184,88.70157231478197,38.66699639717504,Big beat,Above whisper,Very bullish
52.1905769646683,0.04381153929336604,87.33222993097002,32.35888922372187,0.16410914647536967,56.41584743265446,88.76981296807156,36.155748581595596,Beat,In-line,Very bullish
53.27657809178257,0.06553156183565136,86.94622112523655,33.65328636982237,0.14957209743360292,56.87060564812309,88.01422407525459,36.286542849943466,Beat,In-line,Clean
50.487647304246345,0.009752946084926904,85.90983390041363,31.365519297136554,0.17331558846117093,55.00666192060173,87.5346223660822,34.90046644024135,In-line,Below,Clean
50.38530756341966,0.007706151268393077,85.80577628907983,31.395811473484184,0.1846754481054801,55.426648471653294,87.9698915012012,35.14006505934492,In-line,Below,Mixed
50.16078004379487,0.003215600875897389,85.6650394136669,30.87437796545602,0.07935170694295109,50.273900450298484,86.09915748878929,31.489333751147704,Miss,Below (severe),Mixed
53.32785699599314,0.06655713991986287,85.93760859276343,32.74138534723197,0.11501100298783029,55.213922507987185,87.37682933073792,34.824585797479465,Beat,Below,Mixed
51.767200122526766,0.035344002450535476,86.98138598357377,32.7075683939379,0.12023604825357447,53.84923485909624,87.9133358376986,34.14689523364884,Beat,Below (severe),Mixed
52.213876187552444,0.044277523751048854,87.15112097416652,32.87803653084566,0.09417561845225761,53.05035382149731,87.98146335830147,33.511938098162126,Beat,Below (severe),Mixed
54.75654895501925,0.09513097910038498,87.32775221411217,34.658516946205665,0.18727306350991502,60.367334508980875,89.53160197639662,38.62465969315234,Big beat,Above whisper,Very bullish
51.02796158117309,0.020559231623461748,86.31677959905879,31.771269813553054,0.19893692133637675,56.80935664875953,88.21673701527484,35.78958617677044,In-line,In-line,Mixed
52.60972054437942,0.05219441088758848,88.22972197838006,33.46191010865776,0.10663422151404456,54.061165914507846,89.20351633076616,34.83473149978204,Beat,Below,Clean
51.74803053632717,0.03496061072654341,86.93165280070617,32.32599332433919,0.17489255531510317,56.4556346986816,88.22728793662313,35.653363750576275,Beat,In-line,Clean
53.05137265629055,0.061027453125811065,86.79715156459538,33.073808039853155,0.16151043514116523,57.218314157498135,87.77179138018445,36.655238863093956,Beat,In-line,Clean
53.98468084516659,0.07969361690333185,87.46410723943757,33.93349479758702,0.0982828336432256,55.055416233957956,89.02826090062108,35.54966039699724,Big beat,Below,Mixed
52.356172269691356,0.04712344539382709,86.64439155575087,32.82406813240784,0.14141914870566114,55.49174204001818,87.65496256204527,35.3158902054131,Beat,Below,Clean
52.09362396117526,0.041872479223505135,87.03941378668753,32.39171144623911,0.15561236904185016,55.900033612195536,88.60018925632926,35.850237279990615,Beat,In-line,Clean
52.68412023014768,0.05368240460295365,87.12687199127362,33.08544205026792,0.16680460531389418,57.08121167491527,89.69070142601953,37.02200016433553,Beat,In-line,Mixed
52.1420369224211,0.042840738448421935,87.39562849460034,32.84813112841089,0.19853101752549332,58.03000224216112,89.35386271142806,37.505603404929424,Beat,Above cons < whisper,Very bullish
52.57417744892996,0.0514835489785992,87.32646723330063,33.26869504809325,0.06955310506212226,52.21438368397647,87.92173978112639,32.938136774090964,Beat,Sandbag (flat/down QoQ),Very bullish
53.34610101126928,0.06692202022538564,87.12220205097205,34.02858507805362,0.20393255367581525,59.6375999320636,89.31328554999065,38.43686245486138,Beat,Above whisper,Clean
53.10123719074041,0.06202474381480835,87.02888746554939,33.345125082076,0.1438933862165166,56.40342873508801,88.5172539447557,36.08843910778648,Beat,In-line,Mixed
52.31625979653426,0.0463251959306851,86.64300187161285,32.96463462596238,0.17348896679507875,57.00737125127377,88.48560770186535,36.70053826313222,Beat,In-line,Clean
52.48208718735319,0.049641743747063795,86.78292510755729,32.79370157296075,0.1672638628374559,56.88469783293331,88.5266235509784,35.95045280221235,Beat,In-line,Clean
52.043123914538945,0.04086247829077894,85.92208125083049,32.15519347286281,0.1972297763046589,57.85703634508489,88.30110091338963,37.003292663807414,Beat,Above cons < whisper,Very bullish
53.41470989342514,0.06829419786850273,87.09068730909705,33.51454260941382,0.1805933829200523,58.55669211857398,88.76622834818842,37.19165060116194,Beat,Above whisper,Very bullish
51.83986908993769,0.036797381798753886,86.50307330275069,32.27423720746354,0.1677719498281392,56.21306321984974,88.00654205590499,35.52084732771441,Beat,In-line,Clean
52.7428605060618,0.05485721012123606,87.77635249007285,33.124495584241494,0.15222406225924656,56.43076491693393,88.88138514036291,35.780185433067075,Beat,In-line,Mixed
48.45198791459211,-0.03096024170815782,85.47269543771836,29.623685651953107,0.13656689142100367,51.135430623880566,86.43088392631573,31.780123317129497,Miss,Below (severe),Very bullish
54.2080960157932,0.08416192031586403,87.83813966311071,34.14846025917613,0.20382417892505722,60.59580120035271,89.61578460366233,38.83221676192459,Big beat,Above whisper,Very bullish
54.92614503062789,0.09852290061255782,87.17912680121529,34.43841544198818,0.16352720795245304,59.343202444572405,88.38033716899582,37.9264618528202,Big beat,Above whisper,Very bullish
49.64011149194908,-0.007197770161018396,86.29060483365953,30.73634559195707,0.0750750385284081,49.55492729085008,87.24799482984399,31.21252505318231,Miss,Sandbag (flat/down QoQ),Mixed
50.38324551152551,0.007664910230510183,86.81445746047554,31.502301300490405,0.18451572279715636,55.41690744009757,88.84987150630697,35.25794213927316,In-line,Below,Very bullish
52.951018437281824,0.05902036874563651,86.86574830403961,33.150827584439206,0.14429545068187666,56.263637399128505,87.89111943799308,35.484767897494734,Beat,In-line,Clean
54.48417490836051,0.08968349816721022,86.58940249539444,34.24862408798514,0.1143573599902542,56.37806693269015,87.87832980391302,35.78742866088222,Big beat,In-line,Very bullish
52.737036097408094,0.05474072194816194,87.19118858701363,32.87727384317099,0.08870658067478622,53.31407551277965,88.14550277178505,33.75489069754762,Beat,Below (severe),Mixed
52.20120894727972,0.04402417894559447,86.7554867029121,32.70860185895751,0.10851611664179117,53.73260418151344,87.63712351586467,34.04120242414001,Beat,Below (severe),Mixed
50.90212626554463,0.018042525310892652,86.27364452686771,31.780551810620835,0.15580088382747617,54.630385203098975,87.1720778254465,34.262458748640725,In-line,Below,Clean
50.90488251586105,0.01809765031722097,87.81553789842464,32.25611896299607,0.10261703914738536,52.119405777942475,89.12883711836741,32.96769883399827,In-line,Below (severe),Mixed
52.164930968373,0.043298619367460066,87.37944045194055,32.923108709219285,0.1225208979256684,54.37363764007367,88.3712236033216,34.79557247350353,Beat,Below,Mixed
51.332456636699575,0.02664913273399143,86.96920142042279,32.26718694341672,0.11211533353562611,53.00992555274577,87.72804399032371,33.27191785639839,Beat,Below (severe),Mixed
52.42911474754334,0.0485822949508668,86.92489418773101,32.83649928390663,0.1230785650616538,54.67615674682921,88.09490006682658,34.58437508825769,Beat,Below,Mixed
50.96638025279062,0.019327605055812446,86.67931601485435,32.0867668096578,0.15988450895206632,54.89260672310289,87.84481147314754,34.91638833004483,In-line,Below,Mixed
51.65531264627175,0.03310625292543514,86.9376206779436,32.32459032294603,0.1797432405904321,56.587148368237095,88.7363485949585,36.23599800083944,Beat,In-line,Very bullish
51.62436278306306,0.03248725566126131,86.99567960830264,32.40283537614859,0.07719738359406404,51.63751219679585,87.24645942025514,32.58296265751971,Beat,Below (severe),Clean
51.85120576865876,0.03702411537317519,86.63700820337806,32.664533359349555,0.11521788323299499,53.69500680180194,87.76096517726832,34.26927092977816,Beat,Below (severe),Mixed
49.63461299526274,-0.007307740094745234,85.85472598226553,30.705462106081708,0.1380140529646196,52.45025230906438,87.43029114676375,32.902876506921196,Miss,Below (severe),Mixed
51.32547894965362,0.026509578993072488,86.6492920273442,32.12810097208535,0.1171305434694924,53.24174160765437,87.50941893899753,33.82445976151793,Beat,Below (severe),Very bullish
55.41591898838575,0.108318379767715,87.53835573663903,34.97149631454825,0.16604328699089982,60.001834591064544,88.6068012091472,38.443466309543965,Big beat,Above whisper,Clean
52.654114216452705,0.05308228432905407,87.1441396041738,32.714857913466226,0.20041684609395363,58.69210817004318,89.52613090854953,38.01207370817564,Beat,Above whisper,Very bullish
54.664463187309934,0.0932892637461986,87.26066370719239,35.07611796634444,0.11411248016922898,56.55219204025243,88.2976236193288,35.92410480781049,Big beat,In-line,Mixed
51.81391125465966,0.0362782250931932,86.98578368670056,32.13386360236774,0.09980078100291429,52.91462434578392,88.3200200205341,33.60176487548075,Beat,Below (severe),Mixed
51.798039909707306,0.03596079819414621,87.82796513756999,32.907286426112826,0.1372702515103973,54.70062917043997,89.109346224518,34.85685261445367,Beat,Below,Mixed
51.36884291027154,0.027376858205430704,86.43033682088877,32.00111553000336,0.11693496299673692,53.27739546551438,87.46907308919359,33.71841776399717,Beat,Below (severe),Mixed
54.637481502251916,0.09274963004503828,88.03254285780147,34.64041914468892,0.15889984086677733,58.79655657415544,90.0280400243469,38.5565115277937,Big beat,Above whisper,Very bullish
51.62075463877308,0.032415092775461646,86.92298743026534,32.442324482637815,0.2258184568932925,58.75783995247036,89.07520482793544,37.39074582135794,Beat,Above whisper,Mixed
51.44249985506097,0.028849997101219393,86.13490596317533,31.99834227086143,0.09123420836564458,52.1261144909953,86.96443692583998,32.52109631187032,Beat,Below (severe),Mixed
54.46204555706542,0.0892409111413083,87.25057381752777,34.347554447157584,0.18824270164592294,60.09169042489855,88.28960701545219,38.82877750147047,Big beat,Above whisper,Very bullish
52.98354385342571,0.05967087706851424,87.04335358592857,32.828893137927125,0.21046211282673463,59.55353154944665,88.86540847374329,38.00399311161693,Beat,Above whisper,Clean
52.444821729905215,0.048896434598104256,87.27909624758728,32.968206303318404,0.0849679041552698,52.83659486494258,87.53243999018065,33.026819596184936,Beat,Below (severe),Mixed
52.87342332165259,0.05746846643305172,87.23591265158612,33.44644594264783,0.17693425559798967,57.78364718098752,88.60194409318497,36.79033096294379,Beat,Above cons < whisper,Mixed
52.61406105271617,0.052281221054323215,86.37715774694841,32.83926247873213,0.10153818845728785,53.81665482086225,88.01268772314279,34.539973773508855,Beat,Below (severe),Clean
51.815340130650924,0.03630680261301854,87.41553280482911,32.732816166657024,0.19809097373779658,57.64524193228049,89.08310816571534,37.43646910381465,Beat,Above cons < whisper,Mixed
50.29457231361094,0.005891446272218905,86.32498665259749,31.165211758240492,0.00678839150181107,47.01913502082817,86.34562064933237,29.270518979219773,In-line,Sandbag (flat/down QoQ),Mixed
52.269262555351816,0.04538525110703638,87.1486151695074,33.1129025386867,0.10728364610086694,53.74283536262965,87.75047339410267,33.894548812130395,Beat,Below (severe),Mixed
52.558285890381164,0.051165717807623204,87.10723617986355,32.888864582556174,0.166873925887676,56.948258152347634,88.85650928276398,36.10356227858379,Beat,In-line,Clean
50.58316013831169,0.011663202766233716,86.85392468723568,31.443832484432665,0.15592757419961295,54.29400748016996,88.72105924876648,34.36868778154503,In-line,Below,Mixed
50.88916087592421,0.017783217518484325,86.91465629522517,31.859114338397678,0.12744024086824998,53.27631009585404,88.16677081528822,34.028835642543775,In-line,Below (severe),Mixed
49.77866934922004,-0.004426613015599239,86.9158100218008,31.098165537158902,0.09363164479489644,50.55099031922531,88.10106033938638,32.0720065759389,Miss,Below (severe),Mixed
51.54963723530054,0.03099274470601082,86.05015904308365,32.31445650255547,0.16794595234489956,55.90667657140167,87.53798086916979,34.810103551726286,Beat,In-line,Very bullish
51.49506187078868,0.02990123741577358,86.85879091390558,31.868838581759277,0.14217721315150092,54.61530866873857,88.58990914685678,34.874280477695265,Beat,Below,Clean
53.52582943457508,0.07051658869150147,87.03515816093376,33.66335744983554,0.2858987534283654,63.91245467855802,89.51172119369073,41.23464800230939,Big beat,Above whisper,Clean
52.847833161093725,0.0569566632218746,87.32038547836692,33.45795481231305,0.17410301254195498,57.61674296927228,89.00641601490177,36.931848183177564,Beat,Above cons < whisper,Clean
52.02071909343032,0.040414381868606526,86.69910271757453,32.37042363319969,0.20501966519333,58.20841882614727,88.63046738314165,37.287429724708566,Beat,Above cons < whisper,Mixed
52.59258201668566,0.05185164033371322,87.19328633855119,33.011039759285374,0.21625782276999672,59.39712934764755,89.54566810447572,38.43153943853942,Beat,Above whisper,Clean
53.292323715288056,0.0658464743057611,87.51708745114767,33.39013459775701,0.15933677179134334,57.37062549895978,89.3020059433625,36.87185949711305,Beat,In-line,Clean
56.689330154245646,0.13378660308491291,87.99853524917097,35.7133986381305,0.15201426312609703,60.64213712584422,89.30898919441994,38.90868005014226,Big beat,Above whisper,Very bullish
49.83477804340003,-0.0033044391319993903,85.81667297547281,31.01286778522095,0.23754637445204338,57.267645397144,88.38214642738326,36.032077170600466,Miss,In-line,Very bullish
49.81014934681911,-0.0037970130636178134,86.20469347230045,30.7585682195672,0.11773940514519216,51.69799765102771,87.22882671182367,32.32047254510413,Miss,Below (severe),Mixed
54.22704411832125,0.0845408823664252,88.09917286344788,34.407199630262035,0.16163055602484772,58.49237773855307,89.30472899861964,37.82110798031317,Big beat,Above cons < whisper,Clean
51.790685324506484,0.03581370649012966,86.32762750143624,32.0858067197333,0.10954623767598429,53.3595771878622,87.59880086858244,33.38120033738581,Beat,Below (severe),Mixed
55.26558060716763,0.10531161214335251,87.06525837375621,34.831745298604574,0.17251459124382978,60.17114968007565,88.72997711907053,38.52684100884379,Big beat,Above whisper,Clean
52.53181449171721,0.05063628983434429,87.33301776870526,32.960276608414134,0.23300173621454154,60.14526001230272,89.69407674802655,38.99234295539546,Beat,Above whisper,Very bullish
51.03589617225015,0.02071792344500297,87.12780920842155,32.47183905591718,0.09257156526419175,51.77748546803497,87.7728589722885,32.56103131619133,In-line,Below (severe),Clean
50.62604119473965,0.012520823894793,86.10910718207666,31.257146347140182,0.14027926341487787,53.60440889435264,86.83681483954967,33.62634920354153,In-line,Below (severe),Clean
53.599414447741225,0.07198828895482451,87.57056207377987,33.89791903662135,0.15149215097525687,57.31078324534067,89.49867904910465,36.91415313061861,Big beat,In-line,Mixed
52.61116486984797,0.052223297396959495,87.74848523770586,33.31636935046158,0.08633732644565913,53.07108131548082,88.06397462215728,33.53788284171006,Beat,Below (severe),Mixed
52.768715495414874,0.055374309908297566,86.93431779191451,33.20648808611353,0.10651154205106794,54.218536129536616,87.68402710589561,34.2404260562904,Beat,Below,Very bullish
51.43317356718997,0.028663471343799332,87.42843430953113,32.19292043755145,0.16064393771392976,55.43162959113684,88.44030465984132,35.111732596202074,Beat,Below,Mixed
51.04206487181582,0.020841297436316245,86.42003191922485,31.792857354006006,0.20348990835928069,57.04085211968936,88.23659593712739,36.12064732460504,In-line,In-line,Mixed
54.9273111128894,0.09854622225778804,87.90400898344622,34.508243537244596,0.25843714255323746,64.18524212753456,90.25670119202978,41.925118563484666,Big beat,Above whisper,Very bullish
52.44737065696754,0.04894741313935084,86.4939664539564,32.81093810157449,0.17116099122466077,57.03686356247406,87.40556511783313,35.818966632563395,Beat,In-line,Very bullish
52.037112493760965,0.04074224987521923,86.35408180967326,32.6487202226864,0.16467323396158515,56.27721551597914,87.15220442112978,35.40154148497981,Beat,In-line,Very bullish
50.7095564195234,0.014191128390468091,86.37699416296462,31.524530614279808,0.15610324967581024,54.43794846864199,87.5782256910241,34.16146756033933,In-line,Below,Clean
53.01994927993823,0.06039898559876458,87.2027740473926,33.278003988341126,0.214085459503923,59.772838806950745,89.28676298601546,38.60728327502133,Beat,Above whisper,Very bullish
56.525636632796065,0.1305127326559212,88.40338227043493,36.13741852764609,0.189788721232699,62.44973886004159,90.18660666584005,40.76836264583739,Big beat,Above whisper,Clean
49.94970514688467,-0.001005897062306631,86.89808001464435,31.109152156484786,0.13376741035801878,52.58625157734932,88.84827653669419,33.75869113250199,Miss,Below (severe),Mixed
52.14713275347761,0.04294265506955209,87.69862826060468,32.63947908532044,0.18322349147566733,57.29444730937099,88.71310879322692,36.77115684633169,Beat,In-line,Clean
50.9348279413622,0.01869655882724408,86.39950042923054,31.659395787404588,0.08465882401521412,51.3007026779884,87.3229588681345,31.920012698122196,In-line,Below (severe),Clean
48.687530470053346,-0.026249390598933,85.39788635467809,29.855369897468872,0.08826440541609967,49.200270226872924,85.91050867989549,30.48758945656232,Miss,Below (severe),Mixed
51.213781879917775,0.024275637598355423,85.59911965669924,31.506888079886693,0.14605443147974323,54.50136869943697,86.98613611998401,33.83895013752097,Beat,Below,Mixed
50.939080245216715,0.01878160490433432,87.03251554991367,31.88597668577851,0.10088454984602453,52.07247168065978,87.77205674950022,33.06442516779515,In-line,Below (severe),Mixed
52.62705382551181,0.052541076510236,86.69212351129981,32.697628122928464,0.1885254424732513,58.080835831599316,88.80060284778921,37.44108362581626,Beat,Above cons < whisper,Mixed
54.58878201958518,0.09177564039170356,87.34932091907169,34.246194240565174,0.2481263759235456,63.26700590617203,89.46450046454243,41.10980901050253,Big beat,Above whisper,Very bullish
52.01388060316503,0.040277612063300515,87.76578416399538,33.181107947536034,0.21573788881199785,58.71844215102466,89.76027677393984,37.9899054823729,Beat,Above whisper,Very bullish
53.75104649034369,0.07502092980687376,87.26824028684858,34.035132091532,0.18163962395110864,58.97762590741197,89.20897648430261,38.200889909080225,Big beat,Above whisper,Very bullish
51.751785365198344,0.03503570730396698,86.07259703110637,31.752375947844815,0.1248851655736331,54.05661453145782,87.1396600911151,33.75757393922627,Beat,Below,Clean
51.76601918853721,0.035320383770744146,86.17185924017669,32.099336402725875,0.1794856442223282,56.69604245631599,87.6755269768583,35.99989365890709,Beat,In-line,Clean
52.8969309824417,0.05793861964883417,86.58340841095597,33.04829739061477,0.16944095761334038,57.4412777927053,87.95087298182582,36.35226014892808,Beat,In-line,Clean
57.532244065186624,0.15064488130373233,88.65475655350818,37.157578944253196,0.15560392115492064,61.73559491781647,90.38079649186973,40.30418343668432,Big beat,Above whisper,Clean
53.76850635545066,0.07537012710901331,87.1114277285543,33.74824800084022,0.18303631875958065,59.066517550813934,88.78529268200592,37.815022761697314,Big beat,Above whisper,Clean
52.90437409378234,0.058087481875646815,87.50271975002582,33.23145125632656,0.20915989629495013,59.40057267187374,89.16285104609115,38.2203927277192,Beat,Above whisper,Very bullish
50.139136405054444,0.0027827281010888915,85.77956532580231,30.943709834055472,0.15752737990117946,53.891892965346905,87.38899989847006,33.839192490648344,Miss,Below,Mixed
48.466977108943404,-0.030660457821131873,86.55552537278572,30.005775195862103,0.0858923975055162,48.870641831770136,86.90835723512993,30.51351767164604,Miss,Below (severe),Mixed
51.77182838651259,0.035436567730251674,86.86805859385214,32.304062394496626,0.07823626535407181,51.834958397880584,87.52030138999318,32.71808795552348,Beat,Below (severe),Clean
51.93632174569033,0.03872643491380648,86.68749626717809,32.36212958672346,0.18943809309403176,57.36253667811828,88.17859339465355,36.70596798525839,Beat,In-line,Very bullish
52.224240357135166,0.04448480714270321,86.09961894204503,32.26203613789937,0.12739231550416763,54.67169245727133,87.71441736581413,34.865235333218386,Beat,Below,Clean
54.034041603891225,0.08068083207782445,87.66913480467653,33.94747466963345,0.18862751103392647,59.63875206968422,89.76914055259363,38.535258294252806,Big beat,Above whisper,Clean
54.78023985394069,0.09560479707881397,87.22993636951321,34.170469170996704,0.17071096221874102,59.5509825021246,88.7150595758177,37.92870631628305,Big beat,Above whisper,Clean
52.07011420770773,0.04140228415415452,85.98508821577133,32.16460370223926,0.13851655707138702,55.048209500210945,87.28504735213873,34.95982010964576,Beat,Below,Mixed
51.6091686228036,0.03218337245607203,86.28289960232868,32.2603862884236,0.16826787880092767,55.98666724266773,87.63434802573774,35.26155506672086,Beat,In-line,Clean
51.76577853575105,0.03531557071502103,86.7551969797773,32.56626177619082,0.14443524982194877,55.01096871287637,88.27039424996164,34.950816885301855,Beat,Below,Mixed
58.05231703629992,0.16104634072599844,87.89003757742499,37.072617104023195,0.13700232160557485,61.290932155937604,89.1914715490065,39.69294871041218,Big beat,Above whisper,Clean
54.29593191199967,0.08591863823999354,86.84275417135976,33.91834553318054,0.10812902976667141,55.8692627534985,87.12657208166992,34.84178159511114,Big beat,In-line,Clean
51.24089180666766,0.02481783613335338,87.57681559290911,32.580322196987765,0.13114986612515708,53.82104734244251,87.87442629006739,34.06310412068501,Beat,Below (severe),Mixed
54.049404984176384,0.08098809968352767,86.63171300824071,33.552717723170495,0.17748429968434476,59.096445363566424,88.55664515603144,38.30812763403444,Big beat,Above whisper,Clean
51.86811856718126,0.03736237134362533,86.64600566962788,32.36073727552588,0.036662988783533884,49.929061758116205,86.80385374896872,31.060212253549192,Beat,Sandbag (flat/down QoQ),Clean
50.72134818690841,0.014426963738168102,86.44908942934619,31.408976618147133,0.10156153517191846,51.88178001942022,86.9693845166382,32.2723153243174,In-line,Below (severe),Clean
51.67023134557361,0.03340462691147225,87.04067628221178,32.62341740656545,0.15784222835916162,55.55269181520718,88.86998093705101,35.36547032066961,Beat,Below,Clean
54.836795274551086,0.09673590549102172,88.21295097110927,34.79085721131547,0.223610039574594,62.30607800489184,90.52487143816282,40.81629922607592,Big beat,Above whisper,Very bullish
48.6138399397626,-0.027723201204748023,85.81145009740008,29.92707120539537,0.06372606511240661,48.01810804990459,86.02934335660098,29.56356197758541,Miss,Sandbag (flat/down QoQ),Mixed
52.61288685334784,0.05225773706695686,86.828108729425,32.709981835060965,0.13048003163937155,55.22940242356768,88.07099853214945,35.12841500152052,Beat,Below,Very bullish
51.4173370895603,0.02834674179120603,86.90514478421919,32.33541006765699,0.12389304990920345,53.65990295695299,87.56569700079237,33.59188229534592,Beat,Below (severe),Mixed
53.60532995627925,0.072106599125585,86.79834707865388,33.52806932996468,0.15836626356035177,57.659276784919626,88.31634747809957,37.06379610038766,Big beat,Above cons < whisper,Clean
51.30559761098662,0.0261119522197325,86.76595518220546,32.32186671050959,0.18399247947335337,56.40648160298747,88.48889756282179,35.79786744166115,Beat,In-line,Clean
51.5607554703556,0.031215109407112123,87.3883226426883,32.89706423199209,0.14958173515694081,55.03949540107026,88.81388732070074,35.24197488956515,Beat,Below,Mixed
51.722913873019216,0.03445827746038429,86.90664021245729,32.573463191518904,0.16311024338607377,55.86234730466401,88.51538076784668,35.85332220078328,Beat,In-line,Clean
55.40840932379372,0.10816818647587442,87.50513553811754,34.856388838241735,0.2195263897355325,62.74544471337514,89.40260179896627,40.720001243878805,Big beat,Above whisper,Very bullish
51.15891932536537,0.02317838650730733,86.67983348084644,31.73366951920942,0.12203177285744095,53.30179488038833,87.77607592141264,33.68797203002797,In-line,Below (severe),Clean
50.71568035714839,0.014313607142967881,86.29267707384814,31.462769033918853,0.13363594258582648,53.386466812303304,88.08295635126993,33.862817245103464,In-line,Below (severe),Clean
51.18404792731145,0.023680958546228936,87.3416048760622,31.8891663813353,0.12506748953592237,53.47225771259043,88.29495863691145,33.5843165320445,In-line,Below (severe),Very bullish
53.9852737418059,0.07970547483611783,87.32159837490698,33.573801000381394,0.12096449543595952,56.19303405945877,88.80555557023074,35.95166453290956,Big beat,In-line,Mixed
49.26876826262988,-0.014624634747402483,86.53925415451948,30.58963240325744,0.155519468481735,52.86451942161357,87.95214055720602,33.5617498527222,Miss,Below (severe),Mixed
52.477699629905494,0.049553992598109824,87.43815919297627,33.31564241406478,0.0947946032760095,53.348566465219974,88.15030697706186,33.9193707639326,Beat,Below (severe),Clean
49.81320598018234,-0.0037358803963532237,86.47631225775238,31.061644839946013,0.11686053370941352,51.66051782988886,87.52569435195478,32.54342886613713,Miss,Below (severe),Clean
52.29838586970037,0.04596771739400738,86.75580019167573,32.459051526425654,0.20657168148932126,58.59448342241161,88.49425577874295,37.067674611364346,Beat,Above whisper,Clean
51.813702623001426,0.03627405246002855,87.437287539607,32.33738927648037,0.09616398847614135,52.739435287449815,87.97725685812132,33.4459855403581,Beat,Below (severe),Mixed
52.75731633956288,0.055146326791257486,86.67767702433477,32.876351814380236,0.14498611816692591,56.091652351930584,87.99147083424234,35.7140615386939,Beat,In-line,Clean
52.53591344439319,0.0507182688878639,86.95279744582227,33.412507903311784,0.1353081481757848,55.38413270490039,88.55856229748935,35.07493721859069,Beat,Below,Mixed
53.217949288175205,0.06435898576350409,87.21329274471724,33.214811971750514,0.12209408156680925,55.450149791570844,88.0165358537915,35.399389138439346,Beat,Below,Very bullish
52.65558188032632,0.05311163760652646,86.47230192248216,32.91159945185325,0.17787984308006155,57.591809342310384,88.25292455309862,37.20078299703884,Beat,Above cons < whisper,Very bullish
51.11364723032481,0.02227294460649622,86.37226127441917,32.07344834905387,0.15792432230317657,54.95818280607339,87.49860539104125,34.95439272250109,In-line,Below,Mixed
51.19781015359505,0.02395620307190093,87.00669668453376,32.50825532660646,0.09653351832118906,52.13010669105746,87.95282502100953,33.130105984852044,In-line,Below (severe),Mixed
53.09570534970671,0.0619141069941343,87.59178818747868,34.03235352908891,0.12083356336954995,55.260630867679204,88.77168038850284,35.49837788978623,Beat,Below,Mixed
53.262898621721256,0.06525797243442517,86.94524246219558,33.40061712846729,0.13163296208678965,55.96876232686775,87.69375981018241,35.089820760553664,Beat,In-line,Clean
51.39831081256814,0.027966216251362846,86.33968870196055,31.96395153880032,0.1834002369130783,56.48014653591623,88.14364705062701,35.991799412282084,Beat,In-line,Mixed
51.53846508462452,0.03076930169249044,86.01603622023178,31.568736681116317,0.22629193563934683,58.68683238646902,88.38818009912166,37.271749383118774,Beat,Above whisper,Clean
50.23040967487689,0.004608193497537823,86.54228288204796,31.62516295804504,0.04613777552763222,48.79450553818041,86.60062246697777,30.223100778604493,In-line,Sandbag (flat/down QoQ),Mixed
53.19098443698338,0.06381968873966755,87.82713604036057,33.635772463375936,0.15417111475280273,57.00639081654408,89.44252825946994,37.33368190171394,Beat,In-line,Very bullish
56.14442901107418,0.12288858022148354,87.17234559381718,35.34876225138396,0.2261327529747318,63.923343071289715,89.0511003506191,41.39594407665286,Big beat,Above whisper,Clean
50.804451550872834,0.016089031017456557,86.82592745859293,31.964961387709174,0.20575262414078327,56.88205786296261,89.02618581475727,36.390308479445515,In-line,In-line,Mixed
52.399785186160855,0.04799570372321696,86.67855368370138,32.47965138450982,0.19788100382581858,58.28522818769451,88.56669572089642,37.575914249692694,Beat,Above cons < whisper,Clean
51.41268432539776,0.028253686507955334,87.81337354138691,32.629866635659816,0.14306992352297093,54.57055791566142,89.905872662858,34.95172869349836,Beat,Below,Mixed
53.909725724155976,0.07819451448311954,86.8595173477015,33.997129819506114,0.1347428386865931,56.80412697239838,87.59572807050031,35.994345194423296,Big beat,In-line,Mixed
51.936687906929194,0.038733758138583825,86.72987605643848,32.49610235109153,0.15915972507534787,55.90270852726874,87.91392304151019,35.687581729334646,Beat,In-line,Mixed
53.9610656791841,0.07922131358368217,87.0729757081764,33.89428201892895,0.2071288449267919,60.485247535451386,88.60768640752977,38.679132473613464,Big beat,Above whisper,Very bullish
52.32701344112457,0.04654026882249146,85.49097391443942,32.32886844818167,0.1691366635421822,56.80761348570593,87.0193324402179,35.63503175914309,Beat,In-line,Clean
51.803470309437735,0.036069406188754725,85.96322691815591,32.2195747951025,0.24119134526316113,59.7053033596233,88.24028759363091,38.06079806306502,Beat,Above whisper,Clean
52.50135697615139,0.050027139523027925,87.03264419317479,32.98085338599161,0.1365190345060729,55.4067350021661,88.50783634292983,35.40567319870846,Beat,Below,Clean
52.851214980060945,0.05702429960121901,86.60384399435166,32.70288347393777,0.19132945891841233,58.46583724927835,88.06661453871854,37.09951354647476,Beat,Above cons < whisper,Mixed
54.5460651426696,0.09092130285339199,87.24928082768143,34.42203741744335,0.1485584713835263,58.17439197166151,88.15317725552781,37.050025811837735,Big beat,Above cons < whisper,Mixed
51.999446082039654,0.03998892164079317,85.84066570682708,32.44221847847047,0.1476746758371797,55.41570118120935,87.31100072410977,34.915408311567646,Beat,Below,Clean
50.21097278954579,0.004219455790915918,86.51424254982402,31.184151017254717,0.08343681405229254,50.51467236174528,86.76653348464639,31.69335116007505,In-line,Below (severe),Very bullish
51.50691645579939,0.030138329115987725,87.90595470463582,32.630911111555285,0.043495125631796444,49.90812938238291,88.56889983614437,31.83440265437378,Beat,Sandbag (flat/down QoQ),Mixed
50.459574702103396,0.009191494042067969,86.16517993201059,31.29231178409753,0.10665304564091627,51.85258188112605,87.00625451568258,32.450356108664735,In-line,Below (severe),Mixed
51.63471736704448,0.03269434734088972,86.7876094754521,32.50621368499914,0.16618308466591986,55.914424405313376,88.25665742167214,35.81273513408941,Beat,In-line,Very bullish
54.18747608315713,0.08374952166314249,87.2022606958778,33.8940677329096,0.12419862918126935,56.56623730780106,87.91321949668021,36.06306845661456,Big beat,In-line,Clean
51.22282656165318,0.02445653123306364,86.96420138768188,32.20241263561673,0.1786927697578409,56.06340564943902,88.44661744091596,35.983262070165225,Beat,In-line,Clean
53.603007638909496,0.0720601527781898,86.66543296389052,33.23808221083892,0.11925582957353663,55.710087440915395,87.61866540367036,35.01988307294475,Big beat,Below,Clean
51.80589861117281,0.036117972223456175,87.5367551169925,32.80865804825533,0.15164100265171027,55.40024008985505,88.56844611459856,35.63271391830801,Beat,Below,Mixed
53.025207596601845,0.06050415193203678,86.81519340754296,32.76417653400953,0.1995542125818805,59.06328177799444,88.38637135129804,37.14548438769564,Beat,Above whisper,Clean
54.57184462229697,0.09143689244593943,86.56308522574203,34.04223576212418,0.14822132559984308,58.18480178888232,88.00259904598387,36.72348612993503,Big beat,Above cons < whisper,Clean
50.60118884631277,0.012023776926255385,86.42336438075972,31.525565607312014,0.122068161952721,52.7224127498758,87.26616574505516,32.73255504954908,In-line,Below (severe),Very bullish
56.02160198024514,0.12043203960490277,88.29542620314791,35.80759701214421,0.2301050870141073,63.99013918010919,90.24118701468115,41.61888191771022,Big beat,Above whisper,Clean
51.22598558957663,0.024519711791532478,86.0335042287414,31.520688989628567,0.1122712448580972,52.907391420744105,87.66358854240765,33.37000468535959,Beat,Below (severe),Mixed
52.23583749073156,0.044716749814631154,86.96490633426838,32.87207361193757,0.17421818669419015,56.95510820890355,88.71486532459826,36.84374922370494,Beat,In-line,Mixed
51.46518909833582,0.02930378196671632,86.81685486004933,32.41137417111562,0.222425068637142,58.418598936245466,89.32436505103306,37.70641890364796,Beat,Above cons < whisper,Very bullish
53.25953378699742,0.06519067573994843,87.14906897243313,33.45029952671039,0.19560149114287229,59.12880815521486,88.73313040145285,38.04745991131776,Beat,Above whisper,Very bullish
54.51109906535455,0.090221981307091,87.85893200936161,34.63630230931639,0.23321207276608957,62.42204936234757,90.0168006119527,40.51026508086309,Big beat,Above whisper,Very bullish
52.26316950099048,0.04526339001980962,87.2731520138393,33.15200013835737,0.252842636949868,60.80056087205177,89.44805379492121,39.26309191700536,Beat,Above whisper,Very bullish
53.253492327212285,0.06506984654424562,87.66576606062321,33.72868105156407,0.19138994035170845,58.91384111529207,89.49472324781532,38.01690168897743,Beat,Above whisper,Clean
49.81658846290017,-0.003668230741996461,85.66794613328257,30.6585791923434,0.17788776692283761,54.4870394159738,87.80135964772805,34.5109451870013,Miss,Below,Clean
54.54104127481683,0.09082082549633652,87.93427931550495,34.57429004858162,0.13397435187740878,57.43041750673445,89.04531334757682,36.87755329714849,Big beat,In-line,Mixed
53.219128614167744,0.06438257228335481,86.44344772391946,33.376642365958,0.13835092035899188,56.254755178738456,87.89731984736842,35.41671529966192,Beat,In-line,Mixed
50.229679815474256,0.004593596309485095,85.92392640580742,30.686488296030085,0.11658076878311965,52.0793877537999,88.05737356171845,33.293432706462006,In-line,Below (severe),Mixed
54.81432826774477,0.09628656535489533,87.50073878371722,34.98839353070176,0.1109906143099047,56.54833250408321,88.18136148203287,36.10494565254474,Big beat,In-line,Mixed
53.300709947461264,0.06601419894922535,87.17271336766237,33.48590281363824,0.220491702637149,60.40642607586397,88.95154149374298,39.0804944835005,Beat,Above whisper,Clean
50.71789050226234,0.014357810045246878,85.87533441148277,31.030183495839502,0.14576501806004555,53.96001438962832,87.27390880101862,33.779592684889955,In-line,Below,Very bullish
50.3871964397794,0.007743928795588047,85.74522873714405,31.052016124400424,0.16547396335909964,54.530325141707266,86.99541107022493,34.05101679380441,In-line,Below,Mixed
56.99212961327562,0.1398425922655124,87.83698574269661,36.13603994205231,0.19838232762954044,63.41990658948444,89.2873516468307,41.16914117516334,Big beat,Above whisper,Clean
51.052292511420006,0.021045850228400217,86.54832319867839,31.75401559835622,0.15199941394165042,54.61133883542402,87.97828163103087,34.619832702954795,In-line,Below,Clean
53.20524808579693,0.06410496171593859,86.11390896441031,33.05420442369857,0.16208233408201358,57.41253038945867,87.24368662396805,36.262569651288295,Beat,In-line,Very bullish
50.78570956796111,0.015714191359222206,86.35755635125133,31.886939660055212,0.12164829758727387,52.89486863018922,87.37584764987103,33.38918442091529,In-line,Below (severe),Very bullish
55.00243576592695,0.10004871531853901,86.51538212578981,34.33794636303212,0.16609410029166913,59.556729002010414,88.28641221291522,37.908768630158804,Big beat,Above whisper,Clean
53.83994362994897,0.07679887259897941,87.92602283814078,34.21001972863156,0.10838382153078224,55.41279943788153,88.94628858858314,35.75934999108052,Big beat,Below,Mixed
50.8219026798722,0.01643805359744395,86.61320252258392,31.672289680712275,0.12119941968739009,52.91138152121874,87.21785707012077,33.08146505395568,In-line,Below (severe),Clean
52.89843646710156,0.05796872934203134,86.62635131276177,32.81645651218165,0.1521766080887764,56.59488816601723,87.83419938948765,35.80535602601087,Beat,In-line,Mixed
51.994438007961705,0.03988876015923409,87.11059664462213,32.53417731514657,0.09346201182543559,52.79294687449594,88.14061974859541,33.624527283381454,Beat,Below (severe),Mixed
49.60164498190345,-0.007967100361931023,86.10950592868876,30.99337181004171,0.16583571935725533,53.69684306886769,87.45716759127355,33.52840406723078,Miss,Below (severe),Clean
53.862259007609566,0.07724518015219146,87.37244746129925,34.381103583154264,0.2027052491274053,60.15324866414675,89.2010786107211,38.91663246704778,Big beat,Above whisper,Clean
53.775825131820085,0.0755165026364017,87.52417597447378,33.697755134379996,0.18908484071026735,59.3765885708668,89.45932371402048,38.8117846552883,Big beat,Above whisper,Very bullish
52.763257581748704,0.05526515163497393,86.18662726520556,32.98468604507606,0.11070130225220934,54.418203270894395,87.0351529697364,34.54295387904633,Beat,Below,Mixed
52.36403899829954,0.04728077996599096,87.3899450160764,32.65455814484699,0.17300638813667454,57.03596994981165,88.57356902501216,36.440139900398925,Beat,In-line,Mixed
51.627208441276196,0.03254416882552401,86.49718331663632,32.14677731268188,0.16803887874212484,55.995259041738905,88.4353705450614,35.58837883370525,Beat,In-line,Mixed
53.07139682945219,0.06142793658904373,86.74956824245587,32.96866031725705,0.18013550950564905,58.157765656251904,88.57052704367305,36.55055817747744,Beat,Above cons < whisper,Very bullish
56.41466245913528,0.12829324918270557,88.89737503100903,36.399453095763356,0.15330172337947676,60.41576119242131,89.99581140926844,39.415003194068795,Big beat,Above whisper,Clean
52.72718010706049,0.0545436021412097,86.24512905132133,32.87266346442194,0.14124557071129992,55.87647069947405,88.21846857814398,35.85501880469214,Beat,In-line,Mixed
53.548037316998865,0.07096074633997723,87.11807826085732,33.27759032449898,0.21716904233672185,60.52151235013237,89.13003832245498,38.6781297121715,Big beat,Above whisper,Very bullish
51.74647108502537,0.03492942170050735,87.92251223893115,32.750303315001695,0.16060554781458689,55.76743846245701,89.37296520525557,36.044840593588894,Beat,Below,Mixed
52.02221811168507,0.04044436223370144,87.07035574721804,32.524165740672544,0.11082705186195185,53.65999523515667,87.58768552857038,34.060719133416676,Beat,Below (severe),Mixed
56.60324385785476,0.13206487715709506,88.83891129350336,36.71749147310092,0.14664402895921103,60.26778790437905,90.32385403612902,39.45252727131302,Big beat,Above whisper,Clean
52.95188369963362,0.05903767399267245,86.3347002462768,33.40506250647262,0.21480009459912155,59.731242375551126,88.03788208755007,37.834142463031675,Beat,Above whisper,Very bullish
51.96499907493015,0.03929998149860305,87.31589081824177,32.351944992910944,0.19704373860238136,57.76120699990056,89.46461438055763,37.44592138301378,Beat,Above cons < whisper,Mixed
52.01292031223483,0.04025840624469659,87.13140836294652,32.483697176283094,0.18127483611876755,57.05287149518703,89.1293373554308,36.48548114698322,Beat,In-line,Mixed
51.28439343817395,0.02568786876347885,86.51074905063129,31.755048390594034,0.12133307154123765,53.39925167214569,87.73345795703719,33.65963146855567,Beat,Below (severe),Clean
51.60863676782763,0.03217273535655271,86.61909846797782,32.33591125926038,0.2793498115295832,61.309392599203356,88.86133163632758,39.57976851903632,Beat,Above whisper,Very bullish
52.370728213875836,0.04741456427751688,86.3881526216099,32.63385075072769,0.13290824252145253,55.09328468461138,87.61290551067681,34.87128785845736,Beat,Below,Clean
50.80062108041707,0.016012421608341557,86.18081836990513,31.813288158635228,0.09725005629977804,51.75948545908337,87.17215671509851,32.32978284568958,In-line,Below (severe),Mixed
52.36645448491638,0.04732908969832765,86.26011447639095,32.77719213373635,0.10671354876953218,53.815045773802844,87.3982320688493,33.63249250883324,Beat,Below (severe),Clean
56.40561913836787,0.12811238276735737,87.28094628507633,35.94676927334246,0.13863105125995506,59.63767588673927,89.0509105882598,38.285602649787414,Big beat,Above whisper,Very bullish
54.86814737428366,0.09736294748567319,87.2184404598063,34.627022839242116,0.19469506800160727,60.86851183998188,89.38537073612646,39.225221050082375,Big beat,Above whisper,Clean
52.05132336015904,0.041026467203180844,86.72372149743553,32.64425716208271,0.14172356924655782,55.183349641426965,88.05864962363526,35.32308824629638,Beat,Below,Mixed
55.1611344757025,0.10322268951404989,88.61133222967507,35.256548862145046,0.07578951854861672,55.103072421624965,88.68541398940549,35.066617459260044,Big beat,Sandbag (flat/down QoQ),Mixed
51.340432842741976,0.026808656854839484,87.22867899476178,32.05499266075889,0.12327391868630155,53.55012853015212,87.86534028703178,34.17499922282999,Beat,Below (severe),Mixed
52.132931616240455,0.042658632324809036,86.80208327518329,32.88334123277824,0.09644366797915013,53.07790685211568,88.3389783344752,33.500041640949185,Beat,Below (severe),Clean
51.567155164356926,0.03134310328713849,86.93927943186523,32.74939572793913,0.16592603544432966,55.828953867069735,88.18489701734352,35.498892876422545,Beat,Below,Clean
49.37529456910684,-0.01249410861786316,85.95346802615398,30.546524887503104,0.08472178482987196,49.73285353353781,86.85741149818628,30.79709791136426,Miss,Below (severe),Mixed
52.0402158406732,0.040804316813463935,87.37795634386879,32.66231323887406,0.0334865788120975,49.94123144197615,87.70390195673122,31.681129603497673,Beat,Sandbag (flat/down QoQ),Mixed
51.1883140806374,0.02376628161274807,86.31729611300517,31.966256596453608,0.11953770371246233,53.2138727739813,87.80237903578242,33.655983940648085,In-line,Below (severe),Mixed
51.57527540660721,0.03150550813214422,87.88750487504906,32.35252265432175,0.17313920801412117,56.18319361907327,89.53391153532165,36.37908461358643,Beat,In-line,Clean
51.944933370084726,0.038898667401694544,87.73130982383556,32.9759368247488,0.1582048273951212,55.865524545953626,89.14793288804034,36.04414079396325,Beat,In-line,Clean
50.985370612762935,0.019707412255258662,86.98005021661142,31.73117152198775,0.2169175402015991,57.61320666432533,89.36991684930985,37.31693158308079,In-line,Above cons < whisper,Mixed
51.70582110378439,0.03411642207568781,86.55291389286124,32.392075196099526,0.06340920830904463,51.05698583601985,87.12764512261205,31.852004059990616,Beat,Sandbag (flat/down QoQ),Clean
53.94153451986388,0.07883069039727747,87.65166601234301,34.035126781998706,0.14110362730281542,57.156246366975516,88.748667530724,36.818572445532936,Big beat,In-line,Mixed
56.13632123976977,0.12272642479539553,87.11064842083492,35.07707289491727,0.09071205082446551,56.855093346229545,87.69541968062694,35.693748245691324,Big beat,In-line,Mixed
51.06918622152653,0.021383724430530604,86.758365930026,31.62085065979941,0.12970922226805617,53.57237845902732,88.02378232319545,33.86839974880613,In-line,Below (severe),Clean
56.00251015078969,0.12005020301579368,88.1867576003239,35.798266189486604,0.1405978913494819,59.31374891767806,89.10552734563441,38.266617298233854,Big beat,Above whisper,Very bullish
52.41243285862509,0.04824865717250172,86.80937015679825,33.00114673771197,0.15104664838066706,56.019929805725916,88.1443819785963,36.06659602267796,Beat,In-line,Very bullish
50.24779455898989,0.004955891179797742,86.60630068903622,31.374786829540305,0.11619654535892895,52.08024222017472,88.06520781434153,33.22492791184538,In-line,Below (severe),Mixed
51.0112639214139,0.020225278428278006,87.11190393102956,31.911131195846156,0.03220654249880418,48.8931489064726,87.31342057648067,30.82104636534003,In-line,Sandbag (flat/down QoQ),Mixed
54.878746374934664,0.09757492749869318,87.2883071738319,34.98804745334399,0.19137322925449884,60.71099290856278,89.48127938577167,38.909762445032385,Big beat,Above whisper,Clean
52.915668031478845,0.05831336062957682,87.66083477876101,33.575626132055945,0.17951540225773302,57.95664221646597,89.12528692153698,37.5529088620607,Beat,Above cons < whisper,Clean
52.06712033430264,0.0413424066860528,87.52867828339694,32.76435886544413,0.14309151892957625,55.26623483571082,88.70710591252733,35.165303921598344,Beat,Below,Mixed
54.071702181596294,0.0814340436319258,87.62655181849077,34.27446736658959,0.236781828531724,62.09812021769337,89.6120516703314,40.46216748687992,Big beat,Above whisper,Clean
51.64130766156047,0.03282615323120934,87.53471667648034,32.63537959301086,0.12536053811777192,53.96401193775345,88.5851541334765,34.51124109802338,Beat,Below,Mixed
54.949550290704394,0.09899100581408787,87.87599667937108,35.06239476042934,0.214435355330669,61.96605687308406,89.65687393984278,40.451183727342475,Big beat,Above whisper,Very bullish
54.76387394565781,0.09527747891315602,87.68001631265686,35.02135190478869,0.1699318574789358,59.493572141701044,88.67804445173529,37.58671965012724,Big beat,Above whisper,Clean
51.06766825392195,0.021353365078439053,86.77842090198044,31.909298050820553,0.19617299606304378,56.72249675601545,89.11184162549507,36.82017063162591,In-line,In-line,Clean
51.817365800390704,0.036347316007814115,86.68570195093153,32.041619739208244,0.12220245451502017,53.996034010008174,87.90134959128012,34.16559201404916,Beat,Below,Very bullish
51.21940774983085,0.024388154996616916,86.49725720936385,32.14065282425199,0.1285184405398206,53.673328576411436,87.22484944431218,33.884838914055,Beat,Below (severe),Mixed
53.92121772255668,0.07842435445113355,87.6649095404492,34.153637938914024,0.17116952448371736,58.64010928258758,88.91255823787874,37.84904077746289,Big beat,Above whisper,Very bullish
51.564756854744886,0.03129513709489763,87.11059089097894,32.48265807888313,0.08453058566100743,51.92901624034793,88.03676196465314,33.20809446634772,Beat,Below (severe),Mixed
52.58033897852318,0.05160677957046355,87.03088955937771,33.2856730689953,0.22557025792363206,59.83797820336204,88.94701141385812,38.42852787694889,Beat,Above whisper,Clean
52.11615844901135,0.042323168980227116,85.8343727335886,32.35435163382945,0.09367867777535233,52.9270218872994,86.66552624963784,32.67864386765831,Beat,Below (severe),Mixed
51.56005618330888,0.03120112366617751,86.4206466910123,32.097479367054454,0.18461005798685395,56.71580677760676,88.67925767812126,35.66946313446503,Beat,In-line,Clean
52.8002613895618,0.05600522779123601,88.01231521861584,33.46422485054118,0.18294782625705824,57.99852911968757,89.34646113267303,37.37637922644951,Beat,Above cons < whisper,Very bullish
51.108131539717064,0.022162630794341207,86.24602474230925,31.76033748480092,0.21645064188680752,57.72976803018677,88.25821409078107,36.8741401170927,In-line,Above cons < whisper,Mixed
50.959224647486614,0.019184492949732214,86.04190126013471,31.57363956828584,0.22617678622711695,58.02180271353218,88.37286078823333,36.84710457231411,In-line,Above cons < whisper,Clean
55.886903021973964,0.11773806043947943,87.66428706945989,35.539620076516826,0.302125125989886,67.5737591644815,90.24080862558552,44.00184728507912,Big beat,Above whisper,Very bullish
53.32660391678583,0.06653207833571666,86.92571044831024,33.16156725605359,0.14688620621251997,56.79100742372591,87.99507437974141,35.95191110055862,Beat,In-line,Clean
51.316981545393894,0.026339630907877762,86.09523829512243,31.701216441274962,0.15692921664293347,55.12939274123583,88.1610956326857,35.01283856361736,Beat,Below,Mixed
50.95386790754267,0.019077358150853346,86.86043161753952,31.972443979231283,0.034519389187982794,48.94756685415647,86.82981226407732,30.596978559166367,In-line,Sandbag (flat/down QoQ),Clean
52.17560930417666,0.04351218608353334,86.46135669221431,32.72404636129879,0.11690753283059513,54.112807414585205,87.59235530992622,34.47141733081543,Beat,Below,Mixed
51.89357399702151,0.03787147994043024,86.85651501221201,32.60926693515479,0.18984353608604798,57.33485975727628,88.45081621306186,36.75774682672445,Beat,In-line,Mixed
49.75698530095313,-0.004860293980937324,86.45998786236156,31.036340076190474,0.14992079949576087,53.12969286650151,87.78206662895296,33.410999412001026,Miss,Below (severe),Clean
51.074325201553584,0.0214865040310716,86.53675719744656,31.483247889718566,0.16291666577016403,55.15267082914805,87.6258244479367,35.004343635269606,In-line,Below,Clean
52.98080983280249,0.0596161966560497,86.78827839251349,33.395263620955916,0.2184461775422944,59.94324627931102,88.91274047664497,38.614377631680306,Beat,Above whisper,Very bullish
52.167477618107384,0.043349552362147624,86.88656422454433,32.57266472512246,0.18050484606248735,57.18510583967268,88.2860439526364,36.19469372327121,Beat,In-line,Mixed
50.8177165891744,0.016354331783488083,86.50439937017457,31.62803782904268,0.10231096912753826,52.01571739209989,87.12572009236068,32.75578798482031,In-line,Below (severe),Mixed
53.6394101549305,0.07278820309861005,86.87092634537305,33.21320293447015,0.15705745559593026,57.63074518827822,88.6294233892747,36.83040632606598,Big beat,Above cons < whisper,Clean
50.43179856815156,0.008635971363031078,86.32882803102744,31.283152314708108,0.14331077760138658,53.540703205590574,87.47188075691825,34.19816141906486,In-line,Below (severe),Mixed
48.81900947671993,-0.02361981046560146,86.05137373151888,30.381552949173344,0.0962998417586895,49.697395766705164,86.87862842807732,31.352428013904238,Miss,Below (severe),Mixed
56.319011977616064,0.12638023955232136,87.01034146315637,35.43710401262122,0.1650395342067828,60.92717008986031,88.97007918506985,38.97789643316127,Big beat,Above whisper,Clean
54.03626118433241,0.0807252236866483,86.17605344406732,33.709283922769195,0.2052325737867879,60.47438627750749,88.41453818038134,38.55579647454963,Big beat,Above whisper,Very bullish
51.67051234178528,0.03341024683570551,86.33597499189767,32.24877222206134,0.20491812930568679,57.811684423192446,87.79570096402225,36.35201230827491,Beat,Above cons < whisper,Mixed
51.91943823347442,0.038388764669488484,86.3980906588428,31.992531024314268,0.21180302511695592,58.422122862718865,88.48359074804306,37.54408529717362,Beat,Above cons < whisper,Mixed
49.48349521645344,-0.010330095670931244,85.62944674378434,30.06970224989703,0.11354851069631135,51.166395802163365,86.75027555200225,31.66189935045056,Miss,Below (severe),Mixed
54.88849923070633,0.09776998461412673,87.01493959107808,34.329283495136636,0.09998156395352231,56.063741710650184,87.93882466958293,35.485359693143835,Big beat,In-line,Clean
52.49294952131744,0.04985899042634886,85.72163058055973,32.02191133213275,0.20270596212426056,58.624041690292316,87.33057061459151,37.041872334396366,Beat,Above whisper,Very bullish
50.461312288187486,0.009226245763749849,86.93130552370675,31.616457769758227,0.12719325647063773,52.816818715053586,87.70604281909526,33.54560077514746,In-line,Below (severe),Clean
50.99698826079878,0.019939765215975545,86.54823114162905,31.784841463936367,0.09022848735105962,51.627057273099666,87.63267072172172,32.508541234271625,In-line,Below (severe),Mixed
55.4035122707216,0.10807024541443211,87.40133998843017,35.10654311307644,0.19850228885558596,61.6582908194485,88.99644827777253,39.64723480051493,Big beat,Above whisper,Clean
51.74468447290662,0.03489368945813232,86.59912087470522,32.326884804890845,0.09513914028350962,52.619941463050395,87.13639221305675,33.320551210325064,Beat,Below (severe),Mixed
51.690304369738705,0.03380608739477398,85.60583313035936,31.89237884325352,0.1423836664811178,54.83229089689654,86.80303808654197,34.63831754458619,Beat,Below,Mixed
53.24578515644791,0.06491570312895828,87.73976521457914,34.09865073682739,0.13060398592077418,55.89990429340683,88.67336328621056,35.57564973563386,Beat,In-line,Mixed
51.448677940167784,0.028973558803355677,87.567941726091,32.36254352545262,0.15108287715777205,54.99157135580822,88.52315894315659,35.11977085899015,Beat,Below,Mixed
52.050421857223164,0.041008437144463235,86.48579166076179,32.69745487992916,0.150700433727809,55.61626850633484,87.36712031109623,35.061780434653045,Beat,Below,Mixed
50.79898917121161,0.01597978342423221,86.29304495809407,31.884391134374457,0.12937017347414578,53.27294441170232,87.37937066556381,33.75616024534162,In-line,Below (severe),Clean
51.248680136885014,0.0249736027377003,85.90555705964313,31.561297565392,0.11995835295197288,53.29664544013479,87.42096030603925,33.601946573172825,Beat,Below (severe),Clean
50.05876516045965,0.001175303209193075,86.43999124295131,31.232755211466696,0.2151343985479412,56.48326124564293,89.14439268859635,36.21137173263874,Miss,In-line,Mixed
49.479347651939214,-0.010413046961215734,85.60178303532602,30.490748086075595,0.1522621872309407,52.94081125188475,86.95618278479354,33.42166670884784,Miss,Below (severe),Clean
50.45957872558713,0.009191574511742524,85.78738840298551,30.4839533767213,0.09961940747606403,51.52302262688464,86.74929427806461,32.06850603573223,In-line,Below (severe),Mixed
51.758819835107964,0.035176396702159246,87.22429457086739,32.586145931764875,0.20485291002230316,57.907352933532074,88.93500998099685,37.28472799602269,Beat,Above cons < whisper,Mixed
52.918564044223395,0.05837128088446796,87.45332596468226,33.35244040829903,0.1697625140336483,57.48057019289128,88.90739893144293,36.939432171553335,Beat,In-line,Clean
50.008013302107955,0.00016026604215918727,86.30330758220953,30.883132958000644,0.23614291468976528,57.40154765531855,88.52275953003478,36.91575666537765,Miss,In-line,Clean
55.03057993859195,0.10061159877183899,87.7410351996097,35.06419411656446,0.15822650576953773,59.18517086183611,88.90421487762622,38.19419233985536,Big beat,Above whisper,Clean
57.646610906113985,0.1529322181222796,88.63690843310063,37.244276712608944,0.2706322774421739,68.01566989514001,91.19068894736317,44.97654346650263,Big beat,Above whisper,Very bullish
51.08121513538095,0.02162430270761896,86.82773604101543,32.25128369638195,0.19690881615147007,56.77244553989112,89.02754595361063,36.01960659667137,In-line,In-line,Clean
51.35806680837939,0.02716133616758782,87.40423541126316,32.507820131384314,0.14978057495155395,54.832614184528865,88.91021212212198,35.43201965143343,Beat,Below,Mixed
53.06519555864211,0.06130391117284214,87.46645912413693,33.74795687471107,0.10772498706597591,54.582954273575304,88.91720984373659,34.46675930443373,Beat,Below,Mixed
52.88012517902846,0.05760250358056918,86.67548265569096,33.43325233429157,0.14661052727170773,56.30198619845404,88.44280496773678,35.85179241034255,Beat,In-line,Mixed
54.486436673751,0.08972873347502017,88.42575774359342,34.354463367439116,0.20575973976926484,61.00486944007535,90.47430470808457,39.42691934778594,Big beat,Above whisper,Clean
52.66403145661835,0.053280629132367065,86.50027867579298,32.454611558966114,0.18950746191140033,58.16966850684252,87.88969991595465,36.86291958062855,Beat,Above cons < whisper,Clean
50.43308496238188,0.008661699247637569,85.73707085726873,31.460049064052065,0.11184260051545902,52.06839145540663,86.59548826800894,32.34015979879793,In-line,Below (severe),Mixed
51.56101165838458,0.031220233167691725,87.45579572937561,32.486908908170925,0.1430430728940708,54.72671026413214,88.54067845851206,34.7065412019027,Beat,Below,Clean
51.468445407315485,0.029368908146309852,86.69244954145461,32.03248115433729,0.2108575624811652,57.869459468411456,88.5071231480545,36.99934733404431,Beat,Above cons < whisper,Mixed
52.02824390550354,0.04056487811007079,86.75734737616622,32.46557468371367,0.18875309351198366,57.43096904318739,88.73063587234861,36.8013745048383,Beat,In-line,Clean
51.272951613311136,0.025459032266222714,86.64118850860082,31.844787605415235,0.052010619361531535,50.086854612983764,86.46856410323072,30.966453722634927,Beat,Sandbag (flat/down QoQ),Mixed
50.97498146786798,0.01949962935735941,87.30897533738433,32.16246249642541,0.15327135797166733,54.588844235740915,89.27949946013254,35.14638846971142,In-line,Below,Mixed
53.294478300264124,0.0658895660052824,87.11250646740753,33.45021384699088,0.18997293771381743,58.88905927068413,88.55439234351049,37.62808960190178,Beat,Above whisper,Clean
53.305650203208984,0.06611300406417969,85.99988331053653,33.365304101804,0.09148886545562869,54.02662911534124,86.6503151458874,33.900427468387534,Beat,Below,Clean
54.55387496588672,0.09107749931773444,87.81945211488002,34.53115008495728,0.12353662502442725,56.91518537823575,88.6627434487169,36.31876931790496,Big beat,In-line,Clean
51.24791666728385,0.024958333345677187,86.37713646489395,31.899822470370577,0.16700567398069288,55.5347088496664,87.51125918242795,35.2212228238882,Beat,Below,Clean
51.000658362618125,0.02001316725236242,86.8271385464972,31.788240253888063,0.09116117028385387,51.674942488187035,87.30646564825219,32.210093758326025,In-line,Below (severe),Clean
52.44800496622681,0.04896009932453618,87.68406843174945,33.16715489029594,0.16418040390753677,56.697586776745965,88.98109209131894,36.24478057862779,Beat,In-line,Clean
52.88712962638705,0.05774259252774114,86.89976400042855,33.0532879655509,0.20137291048137412,58.99879592866844,88.51377332061328,37.53859501729987,Beat,Above whisper,Mixed
49.56878678558837,-0.00862426428823259,85.9604695400168,30.682628559965693,0.07883204168665339,49.65665291955337,86.31913420047425,31.001413103016596,Miss,Below (severe),Mixed
57.022562807389995,0.1404512561477999,88.35422882060982,36.60239536970605,0.1894571655983438,62.981189079743686,89.69054219108551,40.7209021942397,Big beat,Above whisper,Clean
48.828922789392486,-0.023421544212150237,85.4659351803173,29.95252751983438,0.17313868348339176,53.1914483258415,87.54829211946299,33.47998577644637,Miss,Below (severe),Clean
55.97599374497049,0.11951987489940985,87.66628401564611,35.6753520964754,0.07102266389592177,55.66930379674833,88.02693222114635,35.30988995633737,Big beat,Sandbag (flat/down QoQ),Clean
51.36373503183135,0.027274700636626976,87.19670439095411,32.498071730104805,0.18057679728838955,56.307488529173995,88.5701704519115,35.73722371464494,Beat,In-line,Clean
50.55287076200005,0.011057415240000909,85.94751717322215,31.50872942693147,0.1008392828097276,51.675544136926334,87.1009127291888,32.02317542420721,In-line,Below (severe),Mixed
51.49218011132813,0.029843602226562748,86.87482724837739,32.151599641464195,0.09597358508027257,52.403064294482014,87.77930276581796,33.25647434420511,Beat,Below (severe),Mixed
52.68134916344837,0.05362698326896724,87.47624202208016,33.02185624342982,0.14715557955032849,56.117010514582475,89.03906295895655,36.091585806145346,Beat,In-line,Mixed
51.23261034011224,0.02465220680224485,87.60641740059606,32.6229814088465,0.10738660738394765,52.68185608396345,88.47281124098066,33.320003836549894,Beat,Below (severe),Mixed
52.83292259290802,0.056658451858160215,87.55066838738112,33.55298615524438,0.14706939848999173,56.274240972035635,88.25403267756342,36.048320003724385,Beat,In-line,Mixed
52.60947641092116,0.05218952821842327,86.72461218756159,32.862744589367274,0.1319544183657009,55.2978486090163,88.28221168715798,35.55418143838843,Beat,Below,Clean
54.305039871472616,0.08610079742945227,87.09132707214799,34.2188980060747,0.2004258541541692,60.532804310260964,88.6731238084049,38.63748277287442,Big beat,Above whisper,Clean
52.14547598896184,0.042909519779236745,87.00469759825711,32.90034237771324,0.1067711944045161,53.59074569001709,87.82145790053958,34.061857911159635,Beat,Below (severe),Mixed
53.24956102528451,0.06499122050569017,87.51870555842632,33.59254102922631,0.10386241713956779,54.58160420606351,88.09842886461725,34.460698916194694,Beat,Below,Mixed
50.031352788394756,0.0006270557678951505,86.83801084597576,31.0326806425272,0.16584889305202075,54.162640318656216,88.00500380440597,34.36335780533352,Miss,Below,Clean
52.4155725150746,0.04831145030149199,87.38933692665486,33.24386059406772,0.14746445039640702,55.84893424335002,88.61536912090409,36.15127353173543,Beat,Below,Very bullish
53.450238457554114,0.06900476915108228,87.9328120240174,33.83545325534261,0.09999528047413034,54.59536646898879,88.2944805442489,34.726792972030836,Beat,Below,Clean
55.032588689356906,0.10065177378713823,87.54998643418189,34.81276014922227,0.17307056373364865,59.94588770629265,88.94217690722803,38.351285860359496,Big beat,Above whisper,Clean
52.04293909931329,0.04085878198626586,87.39701109305315,33.205290244204086,0.1634901141531083,56.22634192827161,88.93044206673336,36.16460038674613,Beat,In-line,Clean
55.79179652814095,0.11583593056281888,88.03869543566235,35.339477549623695,0.21031823944297298,62.70255545292155,90.24319244768655,40.811049285147256,Big beat,Above whisper,Clean
51.531740508993565,0.030634810179871276,86.00954586957704,31.555037547285725,0.08883224654210216,52.10160501615839,86.61623213106874,32.5703482450288,Beat,Below (severe),Mixed
50.60508129174418,0.012101625834883566,87.51336869821587,31.718906122266755,0.09739946737599,51.5672757377874,88.56641635598301,32.65945909424741,In-line,Below (severe),Mixed
52.256585900030416,0.04513171800060828,87.72390149363314,33.36921512640649,0.20295143908003457,58.37198269486168,89.42309010103789,37.703631443329826,Beat,Above cons < whisper,Clean
53.804598122825894,0.07609196245651796,86.6935116095761,33.8138278801722,0.16555920404406754,58.23298423609817,88.32883274546528,37.05879249961651,Big beat,Above cons < whisper,Clean
50.64106320457874,0.012821264091574748,86.72866458464216,31.972456675727017,0.17816707824269565,55.401945369496346,88.00950317943594,35.2035774983096,In-line,Below,Clean
54.58156911802282,0.09163138236045641,87.0688780171869,34.81307459729369,0.18863378190612817,60.24339000004576,89.48742995292237,39.33931794059046,Big beat,Above whisper,Clean
53.14550425204986,0.06291008504099717,86.94945137331554,33.49880597814162,0.22810490278919113,60.60623616649293,88.91043050428912,38.58808539951322,Beat,Above whisper,Mixed
50.05319603795457,0.0010639207590915545,86.5254664262693,31.402057042918145,0.1775539452338376,54.730314289909224,87.7364629629652,34.64022999944174,Miss,Below,Clean
49.92374417383393,-0.001525116523321439,86.25614951189384,30.935216015395145,0.21272749249905587,56.219333010376694,88.39359691037492,36.152937718734414,Miss,In-line,Clean
50.90808539018804,0.018161707803760772,87.9343064763959,32.404490261692644,0.05311609399067713,49.782686607325935,88.15950684345039,31.450308431693,In-line,Sandbag (flat/down QoQ),Clean
52.436974382805566,0.04873948765611145,87.78882343634979,32.685644219253376,0.1282070545265718,54.934066958373926,89.14794381473075,35.02667112858831,Beat,Below,Mixed
51.966251924868104,0.03932503849736204,87.61793827067736,32.84997036133924,0.07928180412824402,52.08007083616487,88.37668964302601,33.01763952662164,Beat,Below (severe),Mixed
51.93915573211583,0.03878311464231664,87.596276100162,32.949091213208106,0.1441445187335847,55.18119317151107,88.93049762985464,35.39839432448345,Beat,Below,Very bullish
49.63106414326584,-0.007378717134683184,86.80868537643174,31.293781039812213,0.13404771801439752,52.26370967470419,88.23809995004609,33.05174620889758,Miss,Below (severe),Mixed
54.46516441931277,0.08930328838625545,86.75035645544679,33.92227439919987,0.22239788920870235,61.822523305746216,88.66232939766209,39.54745587907632,Big beat,Above whisper,Very bullish
53.818282637624435,0.07636565275248884,87.39193425647625,33.989190392361074,0.119550687836927,55.94855996335782,88.2742219600002,35.68004560890367,Big beat,In-line,Mixed
50.45761639911653,0.009152327982330637,86.85376022897977,31.722741602561143,0.2127807861630719,56.8230257069756,88.81337374126691,36.58271485142694,In-line,In-line,Clean
52.852912461269156,0.057058249225383106,87.28928219288447,33.12859391359725,0.11193128432875582,54.57103491689044,88.07052279199088,34.479351847776535,Beat,Below,Mixed
56.257351220824724,0.12514702441649456,88.11669399726053,35.9723968130248,0.22749403161969048,64.12302265413112,90.12529477636187,41.907531661927095,Big beat,Above whisper,Very bullish
54.872724388179485,0.09745448776358975,87.22393122327365,34.547234865460126,0.15540530076104528,58.8716482949237,88.50277109961934,38.04061620625667,Big beat,Above whisper,Clean
50.91498514577187,0.018299702915437383,86.25354673214517,31.661984484074218,0.08260405459240386,51.18357154701574,86.73932368450129,31.891355326172132,In-line,Below (severe),Very bullish
54.28177751422682,0.08563555028453639,88.4942977571067,34.57591110604113,0.088479288877408,54.86426268856676,88.76312198721241,34.89031684507643,Big beat,Below,Very bullish
53.42422539288181,0.06848450785763605,86.90778063727409,33.40324190708123,0.0885986598248318,54.0034301530944,87.328319302505,33.70764345815031,Beat,Below,Clean
52.615646777574376,0.05231293555148759,86.54886375732576,32.58284021720121,0.1448841205065217,55.936045736837535,88.34338362962325,35.9915606356294,Beat,In-line,Clean
56.53668372672354,0.13073367453447082,89.04468141631415,36.534132138726825,0.18635627482733597,62.28174596161793,90.56739781983072,40.53700379324555,Big beat,Above whisper,Very bullish
55.20959886944987,0.10419197738899752,87.82900262322364,34.5898482356815,0.18019128047196295,60.50375238521666,88.98622165846336,39.33707993392724,Big beat,Above whisper,Clean
51.30652034327484,0.026130406865496773,87.18725841511424,32.01285428403834,0.13147546795137638,53.905492749052016,87.95736256102074,34.30207758574033,Beat,Below,Mixed
52.901358988578274,0.05802717977156538,87.16863346643403,33.36269407499093,0.10591069267142644,54.325308665009935,87.7308243781365,34.757161348232145,Beat,Below,Clean
55.150458051782834,0.1030091610356567,86.97627079424963,34.805620509218,0.12119219155373473,57.41752986196566,87.73154658435797,36.10678018057179,Big beat,In-line,Mixed
53.31482736505594,0.0662965473011188,86.27123837087727,32.895538985853364,0.19754093383252597,59.28621042487837,88.20639040766368,37.71366798964817,Beat,Above whisper,Clean
49.31811587254571,-0.013637682549085832,86.43821773675153,30.30044220200884,0.1909263847014896,54.5389421909243,88.2906160157591,34.6786106594322,Miss,Below,Clean
52.623416289851974,0.0524683257970396,87.06261176655687,33.26512018511838,0.21209526678896634,59.22855139239533,89.42306166727164,38.39927726983545,Beat,Above whisper,Clean
49.25296697366168,-0.014940660526766507,86.14392558733823,30.92140883917846,0.11444897136779131,50.96920992485127,87.38277583561734,32.12872474310373,Miss,Below (severe),Mixed
58.24966205927476,0.1649932411854953,87.91834468894702,37.16411809823642,0.1824869771382811,63.95950489295551,89.16430342999492,41.64781596122837,Big beat,Above whisper,Clean
49.8006558675362,-0.003986882649275883,86.20900183890483,30.988345339126123,0.11310240021950013,51.47371318018418,87.75768803148667,32.110643006148855,Miss,Below (severe),Mixed
51.43593081545931,0.028718616309186186,87.05819865874024,32.410756905155935,0.12146407392177078,53.563295052673105,88.26040480543453,34.027060654274635,Beat,Below (severe),Clean
52.10746914419765,0.042149382883953,86.99092261168252,32.684622020369375,0.23639369986187753,59.823536096659346,89.0102916147342,38.35600518130645,Beat,Above whisper,Very bullish
54.68417439520762,0.09368348790415247,87.30030318136977,34.45846889720639,0.1321779176858164,57.4899136473389,88.52715492493293,36.77073548046674,Big beat,In-line,Mixed
55.63006447168192,0.1126012894336384,87.05002272234847,35.19804282340226,0.16062445216876312,59.9537835943046,88.14292124444812,38.55616547649569,Big beat,Above whisper,Clean
51.59425893949185,0.031885178789837154,87.21453587929467,32.52167096988752,0.19729578746085752,57.36118967931697,89.26540398395936,36.835712536345966,Beat,In-line,Very bullish
52.1985446568448,0.043970893136896096,86.5628768531709,32.432017264325076,0.20523132393514082,58.41765529252402,88.84555515634248,37.29960448867812,Beat,Above cons < whisper,Clean
52.2116719365292,0.044233438730583996,86.06309642722695,32.931063775895836,0.16597656742980302,56.52918702258777,87.80471669441778,35.75353014358762,Beat,In-line,Mixed
52.14073381871841,0.042814676374368255,86.65106974830933,32.485807923039665,0.16616831570344467,56.46166661285101,88.35031581159546,35.54972834395797,Beat,In-line,Clean
52.85137688589441,0.05702753771788825,86.58570265033721,32.8067905702212,0.08396456320317301,53.19694682789017,87.24055460521333,33.70813588425576,Beat,Below (severe),Mixed
51.356158203052395,0.027123164061047804,86.60826733347929,32.25333082352602,0.10777443287953664,52.82739338338255,87.64860967801691,32.88395534952331,Beat,Below (severe),Very bullish
51.73297168008849,0.03465943360176987,86.78051530759348,32.02688346714683,0.08591664613415322,52.165002594152334,87.92675689275057,32.9050683509482,Beat,Below (severe),Mixed
53.965513403129485,0.07931026806258969,87.45280141876088,34.163659281287764,0.17024879414483057,58.642142915031904,88.92269382399085,37.573437190763,Big beat,Above whisper,Very bullish
51.896939578332265,0.037938791566645376,86.82618382429253,32.44036497709117,0.18937433944117346,57.31596764214047,88.32023610447298,36.467503102872335,Beat,In-line,Clean
54.427526118181966,0.08855052236363935,86.24138707304381,33.99183449628835,0.28853563325696857,65.12239205949452,88.77598364768488,41.740302071683324,Big beat,Above whisper,Very bullish
50.14966650430128,0.0029933300860255363,86.53313226536777,31.143038623599573,0.1550567666942418,53.788160811591844,87.9798442439529,34.288922043939266,Miss,Below (severe),Mixed
51.09261679411716,0.021852335882343164,87.14487579275351,31.864462731421163,0.20158801500373313,57.00711342391895,88.76680299539386,36.42121486313575,In-line,In-line,Clean
51.00159895230482,0.02003197904609628,87.12348664680059,32.24674101861473,0.09975911260429857,52.08308226195942,87.65063768228622,32.97696374509246,In-line,Below (severe),Mixed
52.30304940909725,0.046060988181944956,87.45051911004977,33.045613644157456,0.22646384622450264,59.56581349415507,89.14010470552262,38.67475843937804,Beat,Above whisper,Very bullish
51.24029079615276,0.02480581592305529,86.63079333585438,32.10973521346422,0.22146944397069962,58.11784597141127,88.53650039687663,36.91064584023419,Beat,Above cons < whisper,Mixed
51.768878111203406,0.035377562224068154,86.66342212173882,32.38050541813075,0.16532018681226548,56.018224517922604,88.6488242355396,36.133238515698444,Beat,In-line,Mixed
52.4490480787815,0.0489809615756301,87.29688285662888,32.96478780769193,0.14490852353753225,55.76012203991057,88.2990586557124,35.75284659925463,Beat,Below,Mixed
49.72629203289907,-0.005474159342018678,86.72159741361249,30.93468677382318,0.09769799133532117,50.68556153241926,88.00803341743433,32.10270626792105,Miss,Below (severe),Mixed
51.72336771955626,0.034467354391125124,86.72793174531837,32.50871015313714,0.18757359998923015,57.037784148688715,88.6487770002361,36.61259925906955,Beat,In-line,Clean
50.80810223546036,0.016162044709207162,86.16199136488986,31.455912764305538,0.1731365677756104,55.347353909435974,88.11548350927073,35.655133771058495,In-line,Below,Clean
49.552037628896635,-0.008959247422067294,86.33812666248154,30.568010620812252,0.1712271176193648,53.89121233252613,88.60151942220128,34.46038394320266,Miss,Below,Mixed
52.64356526688926,0.052871305337785175,86.68556614114993,33.403565063662946,0.12274099726858,54.8832968984122,87.42596272556611,34.46088580694876,Beat,Below,Clean
55.50701320565787,0.11014026411315747,87.74691302387355,35.301818342257846,0.13124701018395588,58.30698968077455,88.53459165130467,37.273090097184486,Big beat,Above cons < whisper,Mixed
53.049691524844974,0.06099383049689964,87.22384848295971,33.414679870335604,0.21998942981948683,60.0972012786742,89.36453447391104,38.66268741505263,Beat,Above whisper,Very bullish
52.50684894902212,0.05013697898044249,87.66014281136297,33.09948917027039,0.1544607365083922,56.28730297303564,89.52631426977722,37.096589759572076,Beat,In-line,Mixed
51.090766849185066,0.021815336983701306,86.60785206323676,31.91932064792071,0.14665445128126753,54.398922710777796,88.42927382219902,35.01381865454104,In-line,Below,Mixed
50.90799907482892,0.018159981496578464,87.33632373110675,32.09807807531815,0.14426832503061085,54.09152434401335,88.38371929996232,34.470782082402756,In-line,Below,Clean
53.32249779691056,0.06644995593821121,87.81769424094547,33.789575576866966,0.14679263684056512,56.78200157634113,88.62506183851048,36.51721639091976,Beat,In-line,Mixed
51.8270739072356,0.03654147814471199,86.20936239918575,32.28393795972834,0.13288340721267794,54.52017264004289,88.0602764241337,34.66552010901768,Beat,Below,Mixed
53.238960424565576,0.06477920849131158,87.46835769995803,33.70768431423646,0.1772371597112847,58.19810523075442,89.0845197982775,37.45584220709075,Beat,Above cons < whisper,Clean
53.98363706875268,0.07967274137505352,86.8101279884194,33.716351525585516,0.16512313409054688,58.40489981035519,87.876843762148,36.89958932131395,Big beat,Above cons < whisper,Clean
49.88273123228221,-0.0023453753543557277,86.76065000071482,31.236895716730217,0.11284139129649325,51.546456024330396,88.02779206671546,32.194180219091294,Miss,Below (severe),Mixed
51.48045040814119,0.029609008162823646,85.96364700382647,31.859818821732958,0.1965568994918236,57.19933897303601,88.13884044599824,36.44398222030247,Beat,In-line,Mixed
52.0652436869255,0.04130487373851008,86.4300046753827,32.05459994385537,0.16642909524410285,56.392528295446795,87.94638232589365,35.42323456795775,Beat,In-line,Clean
52.42670776970731,0.048534155394146364,87.45775374947704,33.00799134532157,0.1743760667657329,57.17090865948926,89.38661988024023,37.06901773574967,Beat,In-line,Mixed
54.28627223676595,0.08572544473531911,86.7149319905938,33.65648431645868,0.2590877028915922,63.46895082277031,89.50662664854161,41.1199388700225,Big beat,Above whisper,Mixed
52.019849037242196,0.04039698074484378,86.53549452038347,32.66144761081156,0.15789820661620255,55.931283486620586,87.84836914558329,35.3537737973428,Beat,In-line,Very bullish
55.74912664677593,0.11498253293551848,88.1374227246356,35.69521852189371,0.17274446225239895,60.709516725384546,89.90162071921426,39.63377607422188,Big beat,Above whisper,Mixed
57.10065212155262,0.14201304243105248,87.57404588114086,36.52596902800142,0.1653116104354558,61.78719196063255,89.12296106810942,39.39532450540376,Big beat,Above whisper,Very bullish
51.76159772979694,0.035231954595938725,86.8564348639729,32.16444164152132,0.09084959643584475,52.43096670910756,87.86182519860752,33.16858923405818,Beat,Below (severe),Clean
53.17794427986836,0.06355888559736719,87.94939088072987,34.12575640661023,0.20868823679586812,59.684444586058525,90.13809091955994,39.30914830429216,Beat,Above whisper,Clean
53.178735417411474,0.06357470834822936,88.38803813835115,34.006676786699295,0.1243797957259534,55.52216026090838,89.38829548664337,35.626014400138956,Beat,Below,Mixed
53.41913680213934,0.0683827360427868,86.20009896966384,33.268845222611795,0.0971170846051238,54.42082994259356,87.49956936499234,34.26196695612203,Beat,Below,Mixed
52.816633441321656,0.056332668826433265,87.36379877946257,33.59505424913332,0.2503097796112499,61.32021379512512,89.70620878257657,39.726095344392405,Beat,Above whisper,Mixed
51.324308318072376,0.02648616636144749,87.38791962447058,32.47323818611369,0.15173597532361363,54.889762848630305,88.63646036749466,35.16741739537131,Beat,Below,Clean
50.70086695858318,0.014017339171663479,85.96282714017937,31.386477310161457,0.181002010802222,55.60083826839534,87.51411514131055,35.257566250595076,In-line,Below,Clean
53.047493057204285,0.06094986114408564,86.96098188869973,33.06921587677903,0.12490630002040462,55.41106920174223,88.03915989909623,35.31095476591899,Beat,Below,Clean
52.82072927385266,0.05641458547705314,86.99942469134488,33.11932456101962,0.21416281703444773,59.552039349172375,88.98163180661189,38.40927837300165,Beat,Above whisper,Very bullish
52.97412698437489,0.059482539687497754,86.158912273454,32.930808396207304,0.22988882364430074,60.49855195465402,88.41279594919966,38.67823976068631,Beat,Above whisper,Very bullish
54.93604096872645,0.09872081937452905,87.25659971405656,34.90475044223235,0.27054592947966605,64.81313728921903,89.91923997617924,42.068294102070844,Big beat,Above whisper,Clean
52.05169263257908,0.04103385265158163,86.60274656467509,32.593355131982726,0.136365659451175,54.924773450829846,87.31132158260412,34.15728103801122,Beat,Below,Mixed
49.39159184815076,-0.012168163036984758,84.94801776013702,30.317388876308794,0.16092284301267312,53.24412528432842,86.49491970858713,32.878067734229695,Miss,Below (severe),Mixed
52.47932373741674,0.0495864747483348,86.88372173501105,32.86371074927131,0.14872563452942908,55.97831985565799,87.62012894619609,35.08301524715093,Beat,In-line,Mixed
51.97243544703222,0.039448708940644235,85.9446171718502,31.86941501609151,0.16229797357078996,56.09263808722251,87.85177012167328,35.98312781416513,Beat,In-line,Mixed
52.51190695200466,0.050238139040093124,86.70795626121395,33.26325003464401,0.10804349146550091,54.02937124242426,87.50976483257247,33.867222127413925,Beat,Below,Clean
49.03904314538749,-0.019219137092250226,85.3284255728794,30.224085968665193,0.12014862910589338,51.00737288397266,86.23162660005342,31.49153987446151,Miss,Below (severe),Clean
55.722755439336844,0.11445510878673688,88.5398921898877,35.53856504409454,0.17850851144451646,60.97904574022829,89.78809810268493,39.62395570698394,Big beat,Above whisper,Clean
55.995793196709506,0.11991586393419013,87.56386111957349,35.640822004294265,0.18825449722688545,61.78459215664979,89.54374719654105,40.158768943663254,Big beat,Above whisper,Clean
52.201452103107705,0.044029042062153995,86.89614442701921,33.404451717023306,0.2550164865696052,60.834134225682774,89.3304101051291,39.47543037631808,Beat,Above whisper,Clean
54.16028983920265,0.08320579678405295,87.04533567309683,33.910382161099065,0.11205658516924057,55.927213615334296,88.16306967335638,35.174657643340595,Big beat,In-line,Very bullish
55.22019321497618,0.10440386429952357,87.21515576305376,34.75617824255275,0.2202150077111028,62.56761502607641,88.73127234676855,39.79103924933031,Big beat,Above whisper,Very bullish
57.70154054762393,0.15403081095247873,89.96292411124426,37.26518991962597,0.1638063234150545,62.356745062963824,90.9281558569453,40.748873956301544,Big beat,Above whisper,Clean
56.332491713132015,0.1266498342626402,88.83605458129855,36.394226810759,0.21803387822453518,63.71382025486928,90.80896226331281,41.49320125421288,Big beat,Above whisper,Very bullish
53.17108173632098,0.06342163472641964,87.5497909100604,33.99683662940695,0.11914791766209068,55.25585501896983,87.91268831911707,35.097914629555135,Beat,Below,Mixed
50.09478209313845,0.001895641862768973,86.88246788527398,31.533794244926273,0.01420584269199976,47.177390638154755,86.8807409871716,29.427680840032394,Miss,Sandbag (flat/down QoQ),Clean
52.985541051173016,0.05971082102346026,86.28423152140502,33.35757677059775,0.16016295760543503,57.08101472937786,88.21771162236955,36.62703431953061,Beat,In-line,Very bullish
52.240647211295745,0.044812944225914794,86.67098357137246,32.63905467438404,0.1705725551618542,56.78350589733292,88.18032515386824,36.32134039287434,Beat,In-line,Clean
52.64381434693781,0.052876286938756144,88.00066855282829,33.598438956297606,0.15375164817645995,56.399467028426855,88.95165099213047,36.25933625284854,Beat,In-line,Clean
51.74071773843414,0.03481435476868285,86.75338676732714,32.293789276887615,0.13168118669954626,54.371568504423315,88.22641197570152,34.592356564194596,Beat,Below,Clean
51.36582087481284,0.02731641749625678,86.9509124770357,32.117479231723685,0.14877342846609756,54.792855141453174,88.35197723228636,34.78209089524089,Beat,Below,Clean
49.742792909334874,-0.005144141813302587,86.16357718285109,30.665613321474307,0.17967322346355638,54.48879508004697,87.99480923207929,34.7957441367109,Miss,Below,Very bullish
52.585685160398,0.05171370320795995,87.0685859250339,33.17944767601847,0.06885393765824602,52.19167260185189,87.84647645896409,32.96167244543797,Beat,Sandbag (flat/down QoQ),Mixed
49.29515306944208,-0.014096938611158334,85.9121046345299,30.491536998712597,0.06159674434748261,48.593604438442625,86.87212179575408,30.079349616076904,Miss,Sandbag (flat/down QoQ),Mixed
51.69265171878021,0.03385303437560436,86.7751414169751,32.450105548248146,0.174723059921162,56.387082145201234,88.45322464782261,36.19834163689558,Beat,In-line,Clean
57.48415285305539,0.14968305706110774,87.1847171064719,36.10857281445642,0.27657698020539734,68.14130724033186,89.58867783764215,44.46903433649485,Big beat,Above whisper,Clean
51.5567871734661,0.03113574346932201,86.50856313954415,32.08893049987741,0.14012378281387833,54.58246784894634,87.95937182236702,34.600912565649054,Beat,Below,Clean
51.41326908860766,0.02826538177215314,87.03589650982613,32.37289572466818,0.09842853890737827,52.43995904220468,88.03601212455905,33.32777515910861,Beat,Below (severe),Clean
51.65978673447572,0.03319573468951432,86.9572798221672,32.15754300894696,0.06863251561765359,51.26209015045326,86.89905305415827,31.73125720570996,Beat,Sandbag (flat/down QoQ),Clean
49.0410240356748,-0.019179519286503955,85.46318520028665,30.353498654879957,0.1457996977973003,52.177534054050156,86.69256394571754,32.6308898496478,Miss,Below (severe),Clean
50.34297480269356,0.006859496053871257,86.77610691424438,31.548786223923297,0.19069662767224194,55.66155244423046,88.39595847614959,35.53056873108869,In-line,Below,Mixed
50.895870015184684,0.01791740030369371,86.38806585014859,31.749284378932874,0.16008282878702076,54.82603737073539,88.09805658357203,34.635045003962034,In-line,Below,Clean
51.69512428052212,0.033902485610442346,87.1911663445181,32.369558861947176,0.15578055017315087,55.48048924062475,88.18794568163892,35.28358430400276,Beat,Below,Mixed
55.00197894509482,0.1000395789018963,87.1377508091292,34.894002400408255,0.1977989375271177,61.17550394644323,89.18628773117737,39.785113322578056,Big beat,Above whisper,Very bullish
51.899210621073536,0.03798421242147055,86.67571611269761,32.42267547500581,0.1238289137674517,54.15970253355003,87.46333688857521,33.93293090092554,Beat,Below,Mixed
51.75406133763778,0.035081226752755566,86.85172866673277,32.62481542458814,0.1175039901044998,53.70427218828587,87.89978738795052,33.81489886631399,Beat,Below (severe),Clean
55.71322895688071,0.11426457913761422,87.56428738627643,35.0182229319593,0.24592458222763897,64.45630426175052,89.91032489439992,41.93073919472292,Big beat,Above whisper,Very bullish
53.496581160272136,0.06993162320544273,86.45736959770288,33.381135504272365,0.12307304369884414,55.78909907178127,87.24301798131117,35.191496370192866,Beat,Below,Mixed
51.928654598148796,0.03857309196297587,87.5814971444992,32.57573734344939,0.21728326585280403,58.69674781339274,89.5256037969689,37.788537003948534,Beat,Above whisper,Clean
54.4749555991034,0.08949911198206814,87.53913256355645,34.81161040467208,0.05143047489138551,53.185440689877254,88.39147696662096,34.18226786858787,Big beat,Sandbag (flat/down QoQ),Clean
51.226831752264104,0.024536635045281984,85.76233096736023,32.04234363373839,0.15360593162681685,54.87446432729935,87.19258993997201,34.51597231978934,Beat,Below,Mixed
52.019684851196615,0.04039369702393231,86.6624713613713,32.36584462464067,0.05959037182359604,51.182445984081006,86.74863768967111,32.117318099827045,Beat,Sandbag (flat/down QoQ),Clean
54.522619430039086,0.09045238860078182,88.31949509257836,34.805363265118466,0.13862071835384812,57.64625666610997,89.3685282217178,37.580826969092186,Big beat,Above cons < whisper,Clean
49.6494161828913,-0.007011676342173931,86.35881628247074,30.99923612513217,0.11849887264816786,51.56618631190337,87.48013296301896,32.37592832037535,Miss,Below (severe),Very bullish
52.97034645965722,0.0594069291931445,87.01763162618438,33.169903793359104,0.1891462525584399,58.49023977570764,88.69675319570553,37.528959296021675,Beat,Above cons < whisper,Very bullish
51.48207504424024,0.02964150088480479,87.01818635932635,32.475912589457884,0.10011653147447591,52.5908331285798,87.90210530646205,33.564066869797145,Beat,Below (severe),Clean
49.1963074225758,-0.01607385154848398,86.37361649480091,30.577347810636503,0.12526605291126025,51.4047250518386,87.76586246546054,32.55740307468542,Miss,Below (severe),Mixed
51.71444994109561,0.03428899882191226,86.70471336138846,32.70030356108052,0.1018739797538708,52.912606283993256,87.33492079138458,33.284008644715364,Beat,Below (severe),Clean
52.125126070983896,0.04250252141967802,87.9390490524252,32.94406247759477,0.22367032286945593,59.22797200254253,89.91356744525449,38.32846511141173,Beat,Above whisper,Very bullish
50.761527024162554,0.015230540483251063,85.86888825222685,30.997885738182823,0.13125380206898818,53.322443984560756,87.4128180059106,33.635265011565636,In-line,Below (severe),Mixed
54.4550433321268,0.08910086664253586,87.77595824888273,34.31122532000907,0.20642922824853355,61.00357333703118,89.2822298421293,39.40785653541407,Big beat,Above whisper,Clean
49.90596334914972,-0.0018807330170055535,87.4867566893759,31.44328145657627,0.21653377719138975,56.37569794769359,89.37043656626135,36.17115475813182,Miss,In-line,Mixed
50.14860191170496,0.002972038234099086,87.05125222679897,31.287524068938364,0.13110671477983027,52.67174747635367,88.31457072882108,33.088819154848736,Miss,Below (severe),Mixed
51.7886051604532,0.035772103209063995,87.64688138859897,32.81529246863463,0.08965475229126046,52.40086403279328,88.07767952710847,32.93802074778912,Beat,Below (severe),Mixed
51.58563590989199,0.031712718197839856,86.44575927853249,32.27431255905025,0.22895407674555213,58.868064870618255,88.6654177786888,37.57709284157331,Beat,Above whisper,Very bullish
54.02009339057964,0.08040186781159278,87.4420588332886,33.921153858644836,0.13395832727931767,56.88106797346463,88.71418688585571,36.30017987576925,Big beat,In-line,Clean
55.40308949732867,0.10806178994657342,87.59804883868037,35.152868748182726,0.10495151152745893,56.84503266312408,88.66005970112852,36.25269062367584,Big beat,In-line,Clean
52.1528698593421,0.04305739718684198,86.47284311847591,32.51480502048437,0.19196214782036228,57.72394343164173,88.05953921079453,36.86574998696846,Beat,Above cons < whisper,Clean
51.68455551556504,0.03369111031130058,86.8891085747776,32.3318234140875,0.18547277965791387,56.89415985724774,88.8267714216742,36.30091135229172,Beat,In-line,Mixed
52.206447837381646,0.04412895674763277,87.21673146675842,33.05095936866579,0.1974493563547952,58.049250406125495,89.4094222208921,37.503818408319546,Beat,Above cons < whisper,Mixed
48.837137429241885,-0.023257251415162314,86.56764346147281,30.762839687314802,0.18448103996750295,53.71475880756542,88.60832591198377,34.25590304069612,Miss,Below (severe),Mixed
51.50667217360348,0.03013344347206951,86.30380557379972,31.901399431434616,0.23874180261088981,59.24607736804503,88.70562729294373,37.9811612177866,Beat,Above whisper,Mixed
55.188368586286906,0.10376737172573806,87.90081683937606,34.63451395620863,0.1353451102554525,58.182284101886715,89.0461315169575,37.33224738552402,Big beat,Above cons < whisper,Clean
53.06390918469168,0.06127818369383364,88.32976738050213,33.495645547019045,0.06013910428536087,52.236901927728866,88.48738315943568,33.26044307357324,Beat,Sandbag (flat/down QoQ),Mixed
52.401771519472305,0.04803543038944605,86.23963307253004,31.991608504461816,0.21590950513741325,59.16468264252498,88.94775509335582,37.76774511752786,Beat,Above whisper,Very bullish
53.40261076406292,0.06805221528125831,87.34888980494398,34.01106512358741,0.18589146234987378,58.806150159988846,89.27615238241913,38.060182323107945,Beat,Above whisper,Mixed
53.305442358402466,0.06610884716804936,86.71357114825,33.199310551978236,0.1092726915690922,54.906680697315764,87.45104541213402,34.61475154122505,Beat,Below,Clean
52.66206319131356,0.053241263826271146,86.91932643945229,33.40751356015232,0.1881658873318473,58.101890823259104,88.82590265401453,36.90466987555759,Beat,Above cons < whisper,Clean
51.71289394356749,0.03425787887134972,86.60993118201992,32.032963021216894,0.06693187430748104,51.23312522814055,87.19894602697015,32.18965118229886,Beat,Sandbag (flat/down QoQ),Clean
53.2014758958009,0.06402951791601795,86.84742158059456,33.26090750313602,0.1994980794713202,59.25684900762056,88.72946383852862,38.047788965432304,Beat,Above whisper,Very bullish
51.47793204436613,0.02955864088732254,86.76304586171452,32.09780170278858,0.20488700010884608,57.5947274618331,88.65114107018701,36.681844066971685,Beat,Above cons < whisper,Mixed
54.47181645948975,0.08943632918979506,87.28865315433613,34.08017153083486,0.13035659216221732,57.17453562046071,88.65666730007632,36.51301077654139,Big beat,In-line,Mixed
51.93234939677427,0.03864698793548529,86.69211856661587,32.35168838231899,0.23236035963641477,59.427985295131776,88.5095292428234,37.855482540123994,Beat,Above whisper,Clean
51.23216784240729,0.024643356848145986,86.17177204441954,31.909279645592235,0.15075186728095935,54.74440475168016,87.4122749250652,34.66359142969676,Beat,Below,Mixed
48.338315722292435,-0.033233685554151286,85.47944711190677,29.55378939436385,0.07042583586336619,48.04668329617202,86.59069551745952,29.758118808501166,Miss,Sandbag (flat/down QoQ),Mixed
50.38998422721669,0.0077996845443338405,86.42629499743849,31.384921920976296,0.13003067489789305,52.87492589263473,87.73852152417386,33.32346134099208,In-line,Below (severe),Mixed
52.92339533484407,0.058467906696881344,87.57608346905664,33.521190890922824,0.1769689935230861,57.83996710242754,89.0154282066912,37.36268405566088,Beat,Above cons < whisper,Mixed
53.33431506433245,0.06668630128664903,87.24577995854862,33.608891103662025,0.20816679508560296,59.83412360654888,89.49107473783445,38.802967693215805,Beat,Above whisper,Clean
50.524885939007326,0.010497718780146492,86.56818114582605,31.46950444548178,0.10316370368163903,51.75599027909857,87.56010753151322,33.328282191189814,In-line,Below (severe),Clean
51.459935185594574,0.02919870371189144,86.587833300346,32.057764174787316,0.1718817369556642,55.997461212569014,88.41998785933554,35.85464136498734,Beat,In-line,Clean
52.97710539488627,0.05954210789772531,87.30310365410273,33.503085106043805,0.12067082948086086,55.129189743069176,88.27585603959461,35.068795098072584,Beat,Below,Clean
51.27686790267575,0.02553735805351507,86.53272943193966,31.8785718107794,0.20862367098157283,57.547690869471346,88.2724393225373,36.3014797885552,Beat,In-line,Mixed
52.03912774549233,0.04078255490984661,85.95214076327298,32.24113229705653,0.1431631302313648,55.239982727472096,87.3495016411127,34.91080166433223,Beat,Below,Very bullish
52.141514070769325,0.042830281415386404,86.19740177252356,32.93452348545693,0.1616454059636801,56.243525260278346,87.36322883092818,35.598809215189156,Beat,In-line,Mixed
52.51569527256347,0.050313905451269264,87.05412021715944,33.443827721481036,0.23701881269778557,60.32269565591766,89.48172928257834,39.03850531620143,Beat,Above whisper,Mixed
52.981247301700094,0.059624946034001966,86.77185547586328,33.01362164607699,0.19367330935593183,58.724993600394995,89.07677283072945,37.96113722058619,Beat,Above whisper,Very bullish
49.900472932407155,-0.0019905413518568073,85.87066932878656,30.93564325687687,0.103053730684979,51.11126691453392,86.33151419863384,31.59069103763917,Miss,Below (severe),Mixed
51.16038320157178,0.023207664031435524,86.94219287609077,32.460870617465204,0.10366344261398962,52.430712889004944,87.7511053617989,32.83306472784108,In-line,Below (severe),Clean
50.44619301979713,0.008923860395942592,86.55131413803505,31.69457336407087,0.10444778324214943,51.735529907026205,87.180959080214,32.44113674421833,In-line,Below (severe),Mixed
51.76785975980627,0.03535719519612532,86.66124630875063,32.5340907408188,0.1380978750563456,54.70854181821824,88.2602607970632,34.92096158668401,Beat,Below,Mixed
52.15811774964032,0.04316235499280645,86.9900402601037,32.4524086352612,0.08149738567706298,52.37966313178152,87.13992427024466,32.920675710177356,Beat,Below (severe),Mixed
55.00606347488228,0.10012126949764559,86.72479321819053,34.45299080576728,0.25377091951330044,64.03893115444512,89.05407810165235,41.43381946482139,Big beat,Above whisper,Clean
50.678916137189766,0.013578322743795349,87.10686186939324,31.783822641098407,0.2158835906754668,57.21825805839664,89.05977773325534,36.52646004668257,In-line,In-line,Very bullish
53.21093558543289,0.06421871170865787,87.75921695373441,33.610344282501785,0.17548012388221795,58.0806545000067,88.94567470798161,37.32883879415091,Beat,Above cons < whisper,Mixed
55.122587740485905,0.10245175480971802,88.34805729498211,35.15315349846666,0.2338326995061174,63.154047575920366,90.35427361839108,41.55956731315385,Big beat,Above whisper,Very bullish
53.793066405700216,0.07586132811400435,87.18455306663093,33.56569953591583,0.14628647570703174,57.25781704283125,87.9528585431387,36.33876560761579,Big beat,In-line,Mixed
54.12777240417037,0.0825554480834075,87.82222164989184,34.806279647978904,0.20040123081018807,60.333969999624145,89.31718869393764,38.96016754876842,Big beat,Above whisper,Clean
54.870254193548064,0.09740508387096117,86.92188141776136,34.560592095842765,0.2677462147951365,64.59287441166627,89.14581040068535,41.4022823245119,Big beat,Above whisper,Mixed
51.26715060572451,0.025343012114490287,87.0058884079217,32.12890392623215,0.25557040389909613,59.7716943504435,89.61380051495394,38.88354424059725,Beat,Above whisper,Very bullish
52.447378070019354,0.04894756140038716,86.35313226392618,32.64801812462118,0.1615390868033512,56.56827394091751,87.98833217572563,35.763422451856584,Beat,In-line,Clean
55.7943653818124,0.11588730763624797,87.45442993584905,35.36096539797003,0.24096510457049136,64.2932275797361,89.69675525344384,41.190675575447635,Big beat,Above whisper,Clean
52.13658049223672,0.04273160984473427,86.54631936719235,32.3963891306023,0.22871365089825382,59.485147578969226,88.76736307695565,37.94634364681183,Beat,Above whisper,Very bullish
53.06572656259954,0.06131453125199062,87.02290826623027,32.95526590167237,0.1656354121527408,57.43705504919605,88.67659112751774,36.81429845119427,Beat,In-line,Mixed
50.860766457285344,0.01721532914570686,86.17148154038055,31.42987644020016,0.026197368244097435,48.46510006496218,85.72884971417064,29.9540569315247,In-line,Sandbag (flat/down QoQ),Clean
51.44806820434289,0.02896136408685787,86.18535281578916,31.9823306930206,0.12964032768813794,53.96654029489874,87.40918433224417,33.78117261102037,Beat,Below,Mixed
49.08018370002843,-0.018396325999431452,86.15507164240654,30.435862643923063,0.1308535491385681,51.5380356488679,87.63595173785032,32.59766925605512,Miss,Below (severe),Mixed
52.4005238202471,0.048010476404941944,86.91381942702742,32.793271173330496,0.1554805065232916,56.22294210548315,88.3747313997058,35.51924603215351,Beat,In-line,Clean
54.02362516156559,0.08047250323131182,87.69190683498577,34.23022051350086,0.14197079566905899,57.2867306242029,89.47652901048407,36.97835111092654,Big beat,In-line,Mixed
52.08300658024319,0.04166013160486393,87.45240582291662,32.54937696998355,0.2843977502203955,62.11706101377995,90.01923078308309,40.263528854121994,Beat,Above whisper,Clean
51.51492366423426,0.03029847328468514,86.86232359400718,31.774705506296762,0.09907333766926027,52.57448772775374,87.16785249090731,33.05983998781747,Beat,Below (severe),Mixed
52.33044826200766,0.04660896524015312,86.69552916959638,32.57251511463866,0.08171810952300644,52.563451167008246,87.09268094954705,32.894565396322314,Beat,Below (severe),Clean
54.67996728707245,0.09359934574144896,86.91490876673937,34.3909725097832,0.13014615952524844,57.38232967299035,87.79269861163354,36.597446214974276,Big beat,In-line,Very bullish
51.40576699258715,0.028115339851742843,86.99632654270417,31.934119387479644,0.10377316557324542,52.687427150547954,87.64906647573052,32.99741347549653,Beat,Below (severe),Mixed
52.38770214610804,0.047754042922160816,87.20249315091498,33.280597784507904,0.17630079926467002,57.22200334138447,88.82134091929885,36.917658821709715,Beat,In-line,Mixed
50.871717106307166,0.01743434212614326,86.68037346167655,31.663392031428806,0.24771946937739633,58.93980102604154,88.61689911196808,37.73780119046656,In-line,Above whisper,Clean
51.46235048019548,0.029247009603909645,87.11714666170926,32.359712467077955,0.10581301587109161,52.84289863201151,87.77515611563655,33.253871201782154,Beat,Below (severe),Clean
50.9043574060986,0.018087148121972037,86.36617266995958,31.69474149393538,0.11499365426384509,52.703890090594506,87.22814626148715,33.18439791467144,In-line,Below (severe),Mixed
54.489165992951094,0.0897833198590219,87.9821014155596,34.569613515959986,0.16049898350681768,58.717863050743006,89.31960686644706,37.85058730296364,Big beat,Above whisper,Very bullish
52.90105554437684,0.05802111088753678,87.24419972644444,33.56741283447257,0.14221713156654273,56.108456783544725,88.35912699845737,35.720848847585046,Beat,In-line,Mixed
52.62112996642738,0.05242259932854761,86.74843763091566,32.95217510543671,0.08973808606413577,53.24730306642195,87.53693526472128,33.59071576208034,Beat,Below (severe),Very bullish
53.1234501352111,0.062469002704222024,87.09490442492967,33.408625853203525,0.1967382307680357,59.033802032313176,89.04390077086234,37.81424444698226,Beat,Above whisper,Very bullish
52.41676504285127,0.04833530085702541,87.50559420943372,32.876377932866795,0.12152289483012627,54.58755906359704,88.02522420482617,34.34869305349046,Beat,Below,Clean
55.111170691986565,0.10222341383973121,88.08844617234931,35.03698856993604,0.23074133374276198,62.98276745575338,90.12306173033951,41.318234728615934,Big beat,Above whisper,Very bullish
54.999756712099234,0.09999513424198465,87.57271915389471,34.506478499041485,0.12533380472675507,57.472150802738774,88.44907158861814,37.143013811091656,Big beat,In-line,Clean
52.74957517502945,0.054991503500589116,86.88746865247829,33.33277881873811,0.21621752185483234,59.572460626964535,88.80912349618293,38.09533024958387,Beat,Above whisper,Clean
52.30582841794554,0.04611656835891095,87.97468220834918,33.48409869325284,0.17872729144278188,57.25042835363042,89.90356975696238,37.00908812069283,Beat,In-line,Clean
53.82624256148638,0.07652485122972774,87.41302319769561,33.79013633686138,0.14115956761670198,57.03687942447627,88.62051640445927,36.16998941402227,Big beat,In-line,Mixed
51.84794591821837,0.036958918364367384,87.21370935593399,32.53935288484164,0.14324856631410587,55.04115484895342,88.65752663513165,35.363580420006535,Beat,Below,Mixed
53.03442731316922,0.06068854626338434,85.79749643647415,33.030391697855244,0.15598511466194856,56.92793650017008,87.6181317942236,35.64278806089652,Beat,In-line,Clean
53.02859156732074,0.060571831346414806,86.8268781806486,33.637761679644996,0.1232115777880918,55.30787600205272,87.95336141037144,35.19642244347889,Beat,Below,Clean
50.811645301475124,0.016232906029502503,86.77232987322161,31.827956012463694,0.11304950363832447,52.5161711117211,87.93689239097321,33.33977298336388,In-line,Below (severe),Clean
52.40377788833659,0.048075557766731884,86.69510715585378,33.02191676737822,0.10254932780202361,53.65076793613833,87.83652878643335,33.44230774493642,Beat,Below (severe),Mixed
51.33861336799114,0.026772267359822802,87.02014086721076,32.26941679271197,0.13030335362957546,53.88333494192307,88.28363273544682,34.16176342697781,Beat,Below,Mixed
51.80608719462087,0.03612174389241752,87.28713178320393,32.502111996961595,0.023286223915491844,49.225851388276,86.87127339351744,30.454838314420908,Beat,Sandbag (flat/down QoQ),Clean
49.215142591684284,-0.01569714816631427,85.97399550692766,30.48339192473495,0.058980210974363914,48.39515765024128,86.96086342338648,30.09975792613605,Miss,Sandbag (flat/down QoQ),Clean
51.53523062357552,0.030704612471510562,87.00288902616047,32.36094749018322,0.18523278205647797,56.71829871119528,88.6703055053215,36.05913828553501,Beat,In-line,Mixed
51.436891676086226,0.028737833521724463,86.74645268352755,32.09536050851726,0.07961041129458443,51.565246365410545,87.4333372222129,32.14845584174806,Beat,Below (severe),Mixed
51.40209185133193,0.02804183702663863,86.41815471095227,31.77899801077223,0.05825775522861419,50.5111864554566,86.79585457632496,31.55411954706994,Beat,Sandbag (flat/down QoQ),Clean
53.74882380997315,0.07497647619946322,86.40657348568527,33.504120951640104,0.09436446117851205,54.61931670722433,87.89183069632902,34.40837996124313,Big beat,Below,Mixed
52.04943636739369,0.040988727347873725,86.32796805065757,32.632775662899135,0.19206629519172977,57.61449457891835,87.98641027006163,36.49096787834972,Beat,Above cons < whisper,Clean
54.04186206406059,0.0808372412812118,87.08745122109475,33.67096687748595,0.1500709062314636,57.712546615703495,88.2134829744394,36.9758081992137,Big beat,Above cons < whisper,Clean
53.26640718390745,0.06532814367814897,88.27814815555169,33.61298661752185,0.23352573933857385,61.012235424621885,89.7912839914502,39.66027761787375,Beat,Above whisper,Very bullish
53.7136962426398,0.07427392485279588,86.43127791846213,33.36869532510481,0.17987245004042143,58.84850250177822,88.15446463281542,37.54301045976712,Big beat,Above whisper,Clean
49.6398537844114,-0.007202924311772041,86.55804566002561,30.76379090521137,0.1299711066383661,52.08505762027104,87.34606695037816,32.75103916757323,Miss,Below (severe),Mixed
51.966762590895996,0.03933525181791998,86.08607928009265,31.961422634224526,0.13818030683612492,54.92272109162992,87.3638718588902,34.62252987029772,Beat,Below,Mixed
51.57829943130674,0.03156598862613479,86.51975787963168,32.11157770373525,0.19005427291894783,56.99662022611099,88.31700909078262,36.44746782613392,Beat,In-line,Mixed
51.46022924341413,0.0292045848682827,86.1401618449682,32.10284092199106,0.06386895907598525,50.83644476764525,86.69126532208524,31.79703966303052,Beat,Sandbag (flat/down QoQ),Mixed
52.00333722603453,0.040066744520690485,86.87996505029578,32.922792151281215,0.1297014743580752,54.551943397520574,87.7061853844926,34.48174650625849,Beat,Below,Mixed
51.46934845105465,0.029386969021093067,86.55408908813939,31.916623716973753,0.06665000586547015,50.978367910980126,87.10793036395602,31.725139602082475,Beat,Sandbag (flat/down QoQ),Clean
52.18749592889598,0.04374991857791964,87.03607481045842,33.04812141719652,0.15841399710659929,56.13653106097843,88.32697502200924,35.58097483814325,Beat,In-line,Mixed
51.318913384736085,0.026378267694721673,86.80732281504153,32.08906286636018,0.093650676761047,52.11603832858258,87.45521643087105,33.209354988980465,Beat,Below (severe),Mixed
51.33595313538735,0.026719062707747016,86.19425268355313,31.96455669241363,0.13202994899443946,53.96284809447394,87.93776183579513,33.93564839772723,Beat,Below,Clean
51.98905848162618,0.03978116963252372,87.87219316636784,32.95510222047891,0.19400995479585492,57.64149241270228,89.04105793497769,37.002387082117664,Beat,Above cons < whisper,Mixed
51.29419485498453,0.025883897099690724,87.26449723782426,32.515533086252965,0.14252796017589492,54.41897668677819,88.76802279887353,34.784075497028404,Beat,Below,Very bullish
50.23539346102692,0.004707869220538408,86.62962964870114,31.483353594803084,0.11608559176089381,52.06221320698503,87.69502826952966,32.771806902803654,In-line,Below (severe),Clean
56.71545730518538,0.13430914610370756,88.15096596374305,36.00269421532503,0.2084082199511133,63.64003731973869,89.59664693374802,41.09649982082952,Big beat,Above whisper,Clean
57.76014639048817,0.1552029278097633,88.56156548482979,37.33138116653536,0.14604270073393683,61.46733743813243,89.4126171951026,40.13473938194165,Big beat,Above whisper,Very bullish
51.35600808949346,0.027120161789869167,86.62126695070906,32.400996997659334,0.0727021828373525,51.15472326659719,87.31510341677316,31.960047331215595,Beat,Sandbag (flat/down QoQ),Clean
51.27245699983877,0.02544913999677524,86.16162254625934,31.810822513188295,0.18874767215024899,56.59644148226907,87.94084149991559,36.34670335081713,Beat,In-line,Clean
51.982921118207884,0.03965842236415772,86.58567229026839,31.928098386397814,0.17673225747510804,56.80069582346643,88.17555058086228,35.80077136415754,Beat,In-line,Clean
52.84032029151068,0.05680640583021347,86.95041290817967,32.91995963343685,0.14723167913618496,56.29008299025765,87.68080544226918,35.48360349883972,Beat,In-line,Mixed
52.66826391044405,0.053365278208880845,87.36272994432,33.136526933763264,0.1867735857983282,58.04063981742962,88.49101909946886,36.94796511493319,Beat,Above cons < whisper,Very bullish
51.33358062782604,0.026671612556520792,87.1996193371393,31.946894971702392,0.16336141689398623,55.45382801532729,88.67418067404408,35.688867327304465,Beat,Below,Mixed
51.77914726173366,0.03558294523467329,87.2948690550956,32.761084831051605,0.13271644966832635,54.46172814936694,88.18969105133927,34.773347973607855,Beat,Below,Clean
55.649120158000706,0.1129824031600141,88.24946507208965,35.52936673680316,0.15650799125082906,59.761605585319316,90.25313130589605,39.16640688423522,Big beat,Above whisper,Clean
51.970908006501524,0.03941816013003056,87.90135905992045,33.03443496262031,0.13693408831786988,54.866961419607705,89.2767798076374,36.388734887847065,Beat,Below,Clean
55.24258022851839,0.10485160457036785,87.91701768129582,35.24971750924304,0.2164078895076263,62.39768825339008,89.6563664867876,40.47940748268311,Big beat,Above whisper,Mixed
53.57764688609936,0.07155293772198734,87.94276231139827,33.9124256539874,0.15203780572737002,57.314655129362215,89.5896091348642,37.076440701133215,Big beat,In-line,Very bullish
52.44590526348081,0.04891810526961622,86.54368432773502,32.74571757851169,0.167364637716564,56.85038839779048,87.9623530926516,36.195195754617465,Beat,In-line,Clean
53.034890485615115,0.06069780971230239,86.98344841844879,33.52784010612744,0.14885367307289582,56.577233825745004,88.36067214707903,36.25051685934198,Beat,In-line,Clean
51.914988538204774,0.03829977076409551,86.09602028518229,31.900994373238728,0.28696931271740833,62.04064018169229,88.3594090077151,39.677098779997735,Beat,Above whisper,Clean
53.89856643888725,0.077971328777745,87.024816898506,33.916553677278955,0.2177158453646052,60.94505708113635,88.89503617019308,38.94910689954421,Big beat,Above whisper,Very bullish
51.402188786600924,0.02804377573201837,87.46378994245013,32.67786941311185,0.15556555577978257,55.15584179252254,88.40432419089433,35.120630236700116,Beat,Below,Clean
54.27469764990106,0.08549395299802115,87.67743787771217,34.459946619996224,0.1591029978113633,58.41639584049813,88.6842874607568,37.41591455226876,Big beat,Above cons < whisper,Clean
51.63072547529658,0.03261450950593167,86.16748034584538,32.23998649889188,0.1959136426745457,57.33546833587058,87.99757919599814,36.25885706806809,Beat,In-line,Clean
53.95766993503891,0.07915339870077823,86.86181648083232,33.950654157386516,0.18825945909455538,59.53601799879676,88.76504221484224,38.25748734469311,Big beat,Above whisper,Mixed
53.319916788122725,0.06639833576245452,86.94027399458152,33.505666169407526,0.1667144192524506,57.76560748218334,88.55414174450974,36.620033275880864,Beat,Above cons < whisper,Clean
48.17708007492892,-0.03645839850142159,86.25879592796267,30.00928999051805,-0.02139684919328405,43.778653618136254,85.26854922700066,26.935929134190083,Miss,Sandbag (flat/down QoQ),Mixed
52.966531122602476,0.05933062245204966,87.2380541740488,33.31928603853129,0.18707858639717484,58.384332399139424,88.78524997716035,37.16767284745541,Beat,Above cons < whisper,Mixed
48.5088512867555,-0.02982297426489003,86.36556993345489,30.20676337790018,0.11790299717362532,50.354748082705534,87.43722738278758,31.742981465516237,Miss,Below (severe),Mixed
51.04005238310797,0.020801047662159414,86.84850544812647,31.99032820455136,0.15496501870595747,54.738798265737245,88.09107502990898,34.7724700328505,In-line,Below,Mixed
49.78796702526824,-0.004240659494635288,86.37743550838618,30.690919931504457,0.055352228108247206,48.79071036644701,87.04384739135203,30.582330720677195,Miss,Sandbag (flat/down QoQ),Mixed
55.64924200313143,0.11298484006262845,87.31636771052527,35.055473018762726,0.1444433383900511,59.13830399001534,88.70007809612193,38.00895583864004,Big beat,Above whisper,Clean
51.41284036636863,0.0282568073273725,86.20838636857113,32.104027604448056,0.13193591433072507,54.03918043498472,87.68001274700174,34.28056798598016,Beat,Below,Clean
51.85500398800518,0.0371000797601035,86.7232233448174,32.234040269734095,0.10894494083521043,53.396891163096,87.59780470912388,33.78947254414402,Beat,Below (severe),Clean
52.53544736283359,0.05070894725667181,87.27819948128796,33.05211490454845,0.18712470403402906,57.911404016049204,88.76069353497803,37.41194142177683,Beat,Above cons < whisper,Mixed
51.8900732340642,0.037801464681283856,86.54824352793459,32.24139230143626,0.11838595548476574,53.88790562447811,87.77495050725568,34.50615606390685,Beat,Below,Mixed
52.85032354067608,0.057006470813521705,87.47528913992562,33.53487173221171,0.09072043947449304,53.52743325303712,88.59762255708448,33.853875370279546,Beat,Below (severe),Clean
50.19709948438628,0.003941989687725589,86.54648493208359,31.413361930341797,0.081943492692902,50.43110905781924,87.61079602870149,31.925809617161082,Miss,Below (severe),Mixed
54.12498189630705,0.08249963792614091,87.57501756524502,33.89015507320358,0.19801930624321218,60.211146600280166,89.54922303942887,38.63497059202215,Big beat,Above whisper,Clean
52.19727783112275,0.043945556622455,86.59005869096706,32.34987888172477,0.13071559230567736,54.80454192530753,87.73719452026086,34.57494129648673,Beat,Below,Clean
57.250723890382325,0.14501447780764642,87.55420236164116,36.43494751801651,0.21584856558980237,64.63619548387781,88.95882130547554,41.7988773345281,Big beat,Above whisper,Very bullish
52.686120641742676,0.0537224128348534,88.00034583594876,33.63168054551257,0.09154697252638357,53.40156294632159,88.55040833984195,34.22143751926992,Beat,Below (severe),Clean
54.38623634644626,0.08772472692892518,87.94843763599971,34.47100643189498,0.20721137302764636,60.96599140691381,90.26512092314695,39.741217860561754,Big beat,Above whisper,Clean
53.28574746333838,0.06571494926676767,87.15486809794038,33.516257724265024,0.22189621642902158,60.45896369968511,89.56486232659172,39.26267668963472,Beat,Above whisper,Mixed
49.50371642684354,-0.009925671463129273,86.6535740475004,31.155850474546458,0.1267877135408125,51.795880912634665,88.13301680902427,32.81385996674324,Miss,Below (severe),Mixed
52.04282899741729,0.04085657994834582,86.50241767929127,32.37645706797688,0.07432074486215033,51.91707004086465,86.81191522407299,32.438121329713994,Beat,Sandbag (flat/down QoQ),Mixed
52.16399344174868,0.04327986883497365,86.72029135190148,32.483772041206045,0.13679008730718062,55.06383132615549,87.715622004754,34.87433118972445,Beat,Below,Clean
51.39789077413952,0.027957815482790364,87.00509533410202,32.09556141421886,0.13605839238202225,54.22021908150317,87.91943877970597,34.48443303528616,Beat,Below,Clean
52.85097920004872,0.057019584000974316,86.75431151998096,33.10041014036074,0.18239707028304555,58.0272113271758,88.4248699332545,36.95609055171804,Beat,Above cons < whisper,Clean
52.68663563326415,0.053732712665283185,87.05080745342548,33.458805752630994,0.24373806437066253,60.8477760620956,89.3424082524917,39.220037385993635,Beat,Above whisper,Mixed
49.398228325201835,-0.012035433495963269,86.30060888055924,30.914699935749294,0.10170028415070821,50.53475345510097,87.35946704452724,31.71843690210548,Miss,Below (severe),Clean
48.764764222957304,-0.02470471554085396,85.61467814559552,29.673880581934604,0.14937797781670265,52.04563565619875,87.66044768732053,32.602105362371276,Miss,Below (severe),Mixed
51.43268208878802,0.02865364177576045,87.1663035810531,32.416906626698065,0.08714213685853277,51.92073334534412,87.51004621134719,32.76189444914098,Beat,Below (severe),Very bullish
49.32460850050976,-0.013507829989804829,86.40233430380981,30.666702933287645,0.10209747232801565,50.477631612553566,87.24475615042088,32.04419565312677,Miss,Below (severe),Mixed
47.81939242544964,-0.04361215149100721,85.92718418388604,29.5946222632658,0.07481108953612342,47.72561232562776,85.97056750215806,29.563676472639393,Miss,Sandbag (flat/down QoQ),Mixed
52.916723608067485,0.05833447216134971,86.75719672624771,32.91234202297579,0.17548781922641732,57.759895175036156,88.22952630040533,36.214421156157954,Beat,Above cons < whisper,Very bullish
51.21310794722957,0.024262158944591244,86.7973675045792,31.611804688302673,0.11673871628521217,53.10654182411049,88.37437988912879,33.66664299477289,Beat,Below (severe),Mixed
54.11876964199316,0.08237539283986317,87.36813064424842,33.85682560380041,0.1662716372916022,58.608815644390525,88.95227671337067,38.18177816367838,Big beat,Above whisper,Mixed
51.88712052450588,0.03774241049011767,86.88595407065324,32.30180596450957,0.080865532999925,52.07707159715487,86.63887474385479,32.13817102620196,Beat,Below (severe),Clean
52.170029674420284,0.04340059348840563,87.08507111648996,32.768730015617955,0.11766734520477132,54.143828667930364,88.7869118874743,34.49414148006106,Beat,Below,Very bullish
51.43127148965954,0.028625429793190823,86.91302699627816,32.15293278327176,0.18438383349688403,56.56334031078895,88.88550610354923,36.57622824470409,Beat,In-line,Very bullish
54.15699380170417,0.08313987603408325,86.9112424251797,33.85334742266412,0.19588206058128566,60.1392789608649,89.2625664916285,39.52331956842177,Big beat,Above whisper,Very bullish
51.709847568801415,0.03419695137602829,86.90708958872158,32.567737970862495,0.12062355911217917,53.8081824648629,88.11650313081856,34.31363199629386,Beat,Below (severe),Mixed
51.755552933098635,0.03511105866197278,87.2532929413824,32.595891834281005,0.17133772982354994,56.293001029959875,88.54756353073712,36.061652760337616,Beat,In-line,Clean
50.1009169150988,0.002018338301976128,86.51975451437504,31.042138587571046,0.16894223777314665,54.381858080849085,88.23460161338424,34.281778212473874,Miss,Below,Clean
51.830630373479316,0.03661260746958626,87.33035064429264,32.743278295777834,0.11952444994688502,53.880968105036196,88.42948024982933,34.3529287724156,Beat,Below,Clean
52.8012667264652,0.05602533452930402,87.48602833364203,33.218457678033346,0.10974071904489238,54.41030743897232,87.86865939406658,34.077551262283585,Beat,Below,Mixed
52.18443901547736,0.04368878030954719,86.49885360395598,32.447142122627135,0.1942622366694817,57.87034022525429,88.20843162547735,36.4295131708208,Beat,Above cons < whisper,Clean
51.95475642709436,0.03909512854188731,86.3678338509555,32.146500062945364,0.13476919855627573,54.74546750396322,87.31191073716364,34.63344033277977,Beat,Below,Clean
53.927738147674795,0.0785547629534959,87.79061699645571,34.160449610096805,0.13774050307181418,56.973216791827696,88.80454607281692,36.448813583769436,Big beat,In-line,Clean
51.852293768022825,0.03704587536045665,86.8973139149012,32.58831203635101,0.1442065052404173,55.091893852365374,88.16620935708215,34.765988191984555,Beat,Below,Mixed
51.89477399954542,0.03789547999090836,87.9129008705347,33.148494755797,0.13503736907776312,54.6951857672342,88.79700445512503,34.797463183319856,Beat,Below,Mixed
52.45237246592489,0.049047449318497825,86.88921524880057,32.870630883117585,0.17090191911642075,57.02968475523499,88.25952944262441,36.10905509813328,Beat,In-line,Clean
55.240620009997166,0.10481240019994327,87.81416443384846,35.01277599571902,0.10876265265935678,56.87382663562971,88.43875732001538,36.46397013866736,Big beat,In-line,Clean
52.71060430510444,0.05421208610208882,85.84064939900303,32.595902645401935,0.13622975112257452,55.61340275317294,86.99761192322265,34.847956883858274,Beat,Below,Mixed
52.97376025387038,0.05947520507740764,86.95004995010154,33.1107895576772,0.08675384584261611,53.45733499287847,87.24967786885485,33.5843324512814,Beat,Below (severe),Mixed
51.00470794913509,0.020094158982701647,85.85772475575162,31.362287176814682,0.09936604695838702,52.067641000428544,86.75594538823252,32.78039010824101,In-line,Below (severe),Clean
51.32586656595189,0.026517331319037853,87.6169257465172,32.832805646725255,0.054188626242865495,50.24234871117934,87.73027544881998,31.807835517349247,Beat,Sandbag (flat/down QoQ),Clean
52.96501773647571,0.059300354729514025,86.62817960330469,33.10361975459345,0.13626310870728622,55.88346744127127,88.23132542761489,35.80298483169066,Beat,In-line,Clean
50.766680935952216,0.015333618719044245,87.08302436948865,32.174545886717624,0.11048011140325048,52.34857596552024,88.13237940479299,33.43521189648915,In-line,Below (severe),Mixed
52.41659370185492,0.048331874037098335,87.46038926678419,32.97506946593601,0.10485173166463435,53.77595258235197,88.61724701529343,34.233338195552676,Beat,Below (severe),Mixed
53.87548955240238,0.0775097910480476,87.56428065446839,34.09896425785771,0.17192495037820046,58.62817110456467,89.04094688507567,37.45307675982106,Big beat,Above whisper,Mixed
55.17540374364077,0.10350807487281538,87.29262850372612,34.66906678254509,0.13971044201887642,58.392270661432306,87.96484875932728,37.09521039206602,Big beat,Above cons < whisper,Clean
48.37605279546573,-0.03247894409068541,85.710360887276,29.828334398318905,0.12274901426081238,50.434582333514015,87.10269743319688,31.750420747867906,Miss,Below (severe),Clean
55.253922948155264,0.10507845896310532,87.24176661840507,34.41601247696362,0.21486216207776604,62.33119313206889,89.18232357754266,40.16631624361964,Big beat,Above whisper,Very bullish
53.95058699196734,0.07901173983934678,87.87834725750683,34.102758381232626,0.17842321040163525,59.03543650283208,90.04621415603347,38.775805349444724,Big beat,Above whisper,Very bullish
51.0212391293283,0.020424782586565916,87.49062820028254,32.17248503757112,0.1587745686769258,54.899106196488994,88.57703555552659,35.327910819190635,In-line,Below,Clean
50.51747515779932,0.010349503155986413,86.04989012175182,31.305482680605753,0.11849033398156719,52.467357113927314,87.22404056005853,32.879227091690915,In-line,Below (severe),Very bullish
52.06528987453448,0.041305797490689536,87.98893528516024,33.10545239353976,0.11775802433890914,54.03951015059282,88.79059236754343,34.874361064601096,Beat,Below,Very bullish
53.79127877248361,0.07582557544967213,87.12225875322412,33.83138067988111,0.1778172535469482,58.83084649797169,88.61142586983057,38.048947960423824,Big beat,Above whisper,Very bullish
56.52045334432005,0.13040906688640116,87.90162843091916,35.910100902815294,0.23683747970248945,64.91328541845732,89.49653505959398,42.41274906499674,Big beat,Above whisper,Clean
53.769787229243825,0.07539574458487656,86.79621018376226,33.66621923609663,0.11403736246084756,55.62286966316577,87.90086007297333,34.80470780634299,Big beat,Below,Clean
54.48235262264889,0.08964705245297781,86.75540093302985,34.34815219586366,0.13972439168094639,57.659518614467075,88.1306541330115,36.602385652162674,Big beat,Above cons < whisper,Clean
54.09734850944565,0.08194697018891307,86.87307743230672,33.91140758513294,0.1866009780452072,59.606826175892024,88.57889334789333,38.27826125407137,Big beat,Above whisper,Very bullish
52.38842134459348,0.04776842689186973,87.48680340186216,33.19674824950893,0.13426210528780763,55.177758152235945,88.62869621229848,35.1903865624163,Beat,Below,Clean
52.02537169767637,0.040507433953527426,86.34738429430936,32.15909634133415,0.1407064607110909,55.10670064383284,88.01111396730644,34.92318614996912,Beat,Below,Mixed
55.386021255758756,0.10772042511517521,87.11186554667213,34.93231516741567,0.1316889587450158,58.20262381510474,88.27196437749632,37.21353419998193,Big beat,Above cons < whisper,Clean
53.13993005678993,0.06279860113579858,87.33882981986022,33.39316956527292,0.17734869299075845,58.09535382669752,89.15300524689108,37.70692989777531,Beat,Above cons < whisper,Very bullish
52.19531571906607,0.04390631438132134,87.16998724155923,33.0362069026125,0.1356003151488202,55.03923005273048,88.04943473116333,35.03329403452232,Beat,Below,Very bullish
50.71201926917779,0.01424038538355568,86.99308812492077,31.49690253975171,0.10276211368690616,51.9287725901375,87.90749951598455,32.74815029922211,In-line,Below (severe),Clean
52.493680811759965,0.04987361623519927,87.21560927139734,32.98724489151466,0.20531289340171832,58.75193099706233,89.16924154859048,38.1561025420195,Beat,Above whisper,Clean
52.178703534890204,0.043574070697804085,86.83590372199417,32.70328433258396,0.11849437373749813,54.1929015946422,87.2250416827499,33.98394659213088,Beat,Below,Mixed
50.90959517218013,0.018191903443602667,87.07257072211833,31.964065086624608,0.12672687245071795,53.26397973564822,88.33074936674035,33.89239620698659,In-line,Below (severe),Clean
54.22798228193677,0.08455964563873541,87.23544070868418,34.269785908290515,0.14368959589721247,57.58998063218164,88.29711220834943,36.57160678974946,Big beat,Above cons < whisper,Very bullish
50.872578085952334,0.017451561719046806,86.01535585978772,31.24039335020972,0.01683585721995015,48.034128579374034,85.98494457326417,29.325997358085985,In-line,Sandbag (flat/down QoQ),Mixed
50.89775439774715,0.01795508795494316,87.04795017133425,31.741577899427245,0.1260434953314157,53.21929346180491,87.654712830929,33.23171214403155,In-line,Below (severe),Clean
53.34645476245268,0.06692909524905347,87.54105809455484,33.81029320438056,0.06843723425317545,52.92610011334943,88.18808327122277,33.57777717950478,Beat,Sandbag (flat/down QoQ),Mixed
52.961312528895554,0.05922625057791099,87.86358154055401,33.882879943439754,0.13784214860339966,55.95721266639648,88.61351150666536,35.62328351490917,Beat,In-line,Mixed
53.61876045111471,0.07237520902229429,87.39620910329958,33.48365989198787,0.19199041225067598,59.34783063345914,89.25194795040521,38.42300692299522,Big beat,Above whisper,Clean
51.55328702501565,0.031065740500312883,87.09057740044624,32.23346964295443,0.16600296189084202,55.81762212592147,88.45102819659316,35.71966329730124,Beat,Below,Mixed
52.56100532803537,0.05122010656070737,87.21920516542335,32.91536096169288,0.1241735569562168,54.86714286561131,88.79668826424671,34.846017772151846,Beat,Below,Mixed
49.87951958561752,-0.002409608287649587,86.43272669451842,31.218274687143168,0.14503715108383777,53.03433850347841,87.550753054172,33.46812950409341,Miss,Below (severe),Mixed
52.19882925613373,0.04397658512267448,86.04415669277147,32.23046019200877,0.05978550586743234,51.3681653354066,86.01399607904753,31.779063447818164,Beat,Sandbag (flat/down QoQ),Mixed
51.671862056282706,0.03343724112565401,86.3920252108542,32.314355918798306,0.17122781225873976,56.19669895497857,88.35818210993723,35.5910107739068,Beat,In-line,Mixed
49.02968910016454,-0.019406217996709118,86.52814189848372,30.574104802179082,0.21427095579573258,55.282804057022666,88.84629448092963,35.49712094439537,Miss,Below,Clean
55.0945328975569,0.10189065795113805,88.29836998779061,35.07681411753812,0.14082717936929515,58.36381623817521,89.43323276881951,37.84498642234688,Big beat,Above cons < whisper,Mixed
52.930018463650676,0.05860036927301338,87.28917021904877,33.53540856384456,0.1849397220241971,58.23896126755,89.45155285734089,37.53627077221785,Beat,Above cons < whisper,Mixed
54.380766482774824,0.08761532965549644,87.80349354402725,34.41481291604091,0.21796701933824836,61.5029814864721,89.40342600708479,39.99291400703396,Big beat,Above whisper,Mixed
56.640862222307064,0.13281724444614132,88.23055771257273,35.78764492945282,0.19496427533492283,62.84924924555119,90.10110229560762,40.93375432178395,Big beat,Above whisper,Clean
52.59934617322997,0.05198692346459933,87.80915811944585,33.091836770735235,0.11811263811342584,54.61113701902067,88.86365316637156,34.98990956336833,Beat,Below,Mixed
50.77900028833812,0.015580005766762302,86.29765907803079,31.69203615686733,0.22595919826587257,57.806340876359684,88.39209372515997,36.97116751547924,In-line,Above cons < whisper,Clean
50.26076658441243,0.005215331688248588,86.57624238537463,31.554213199783298,0.12409662556337211,52.46238967892586,87.48377843223037,32.8653591020168,In-line,Below (severe),Clean
53.50864141246272,0.0701728282492543,88.41781136350406,34.190609975446066,0.15750677366986496,57.512570964454774,90.18724688274314,37.55724500626064,Big beat,In-line,Clean
50.17616382441684,0.0035232764883368307,87.56951969965911,31.723738357958588,0.16702963316903777,54.374422200278815,89.07110096587539,34.62694374484352,Miss,Below,Clean
52.62197876622895,0.05243957532457903,86.3221498816161,32.67772352969704,0.11608575417854175,54.53559508212572,87.0448424364765,33.94840208353066,Beat,Below,Clean
51.728453486641804,0.03456906973283602,86.58490266973692,32.065943481044144,0.2410239991650339,59.6108056297136,89.25019577535987,38.37880992202181,Beat,Above whisper,Very bullish
48.6916049272795,-0.026167901454410076,86.60989539166644,30.478759796400507,0.175269804957004,53.13821780978961,88.4048594425127,33.555069739760924,Miss,Below (severe),Mixed
54.32547405128319,0.0865094810256638,87.3635819842968,34.47916518259535,0.1551407145895016,58.27116927915464,88.42279955772796,37.46116214948525,Big beat,Above cons < whisper,Mixed
52.32505832633032,0.04650116652660631,87.15018271144346,32.88323649968827,0.060294872391002494,51.517134538041866,87.86540700968665,32.395097609498855,Beat,Sandbag (flat/down QoQ),Very bullish
50.50315374349002,0.010063074869800195,86.13480606928019,31.672027808454306,0.09429716965301496,51.31792547147704,86.91727739976469,32.127848639760956,In-line,Below (severe),Clean
51.35757510144238,0.027151502028847484,86.63281456976411,31.981076584723098,0.15639038632816646,55.14730567583229,88.51461518510378,35.18320953730184,Beat,Below,Clean
52.68206405244092,0.053641281048818386,86.68633475023522,33.17116089103576,0.13424956396583893,55.48642188170855,87.7724507705542,35.029339164571,Beat,Below,Mixed
51.0808216030646,0.021616432061291987,86.77935164465877,32.072394136312234,0.055744330203792755,50.0762672331878,87.38488001071126,32.14068186594946,In-line,Sandbag (flat/down QoQ),Clean
53.318723753571426,0.06637447507142852,86.53932719145146,32.78459193025947,0.20530744504097106,59.675065078815194,88.81410587468636,38.45015210959145,Beat,Above whisper,Very bullish
51.597514281982995,0.03195028563965983,86.48710582775863,32.32333004426749,0.05249280061927791,50.4270114322348,86.64578611725582,31.624591006994457,Beat,Sandbag (flat/down QoQ),Clean
52.616053435717504,0.05232106871435011,86.40556755215344,33.412702411273884,0.14813575331327636,56.09534556580418,87.4864167434866,35.30633440192284,Beat,In-line,Mixed
49.79769671372715,-0.004046065725457124,86.03176387253497,30.617373036518725,0.11721446703704796,51.660799537006426,86.53744605621587,32.411492710389254,Miss,Below (severe),Mixed
48.72080503691551,-0.0255838992616899,85.99430504175092,30.297135660023244,0.13381163072355118,51.294485736992996,87.16866098945736,31.65077323131425,Miss,Below (severe),Mixed
51.92152642478012,0.03843052849560241,86.22094713427832,32.04139399060221,0.1185421013700636,53.92809803969235,87.27211270238065,33.62131050545008,Beat,Below,Clean
52.05523375065273,0.0411046750130545,86.02361215081093,31.927552169604056,0.019286733122763383,49.26926564081287,85.64315901072206,30.408752333119338,Beat,Sandbag (flat/down QoQ),Mixed
50.906708525358844,0.018134170507176854,85.25617740409197,31.11620915372324,0.10049775499002656,52.02109569993984,85.70120863834198,31.84684431336818,In-line,Below (severe),Clean
53.7371622892946,0.07474324578589199,87.71720409723113,34.31425651383103,0.20484781999875118,60.1204526345203,89.34959024267772,38.66932470125197,Big beat,Above whisper,Very bullish
49.72724751559537,-0.005455049688092544,87.15914626029154,31.41248869353755,0.1610016897826032,53.609602794283695,88.808687127553,34.425284899388075,Miss,Below (severe),Clean
52.11134537613925,0.04222690752278502,87.4021244221576,32.960768361151,0.1001181667554655,53.23373504647641,88.13313451503497,33.998017394089445,Beat,Below (severe),Mixed
54.87698173394215,0.09753963467884301,87.68783895233138,34.65369501864063,0.2347506334150083,62.91943167332541,90.01310981413214,41.05870348913775,Big beat,Above whisper,Very bullish
55.10196186675014,0.10203923733500281,87.67804220140533,34.72749446895905,0.09151755796633648,55.84870465195293,88.669424630241,35.63265181469711,Big beat,Below,Mixed
54.577334323295744,0.09154668646591498,88.18461415711272,34.898283883965696,0.15374382927659075,58.47052964430594,89.7026626992854,37.46615148272734,Big beat,Above cons < whisper,Mixed
56.10256626031136,0.12205132520622723,86.64405249599342,34.89146349059524,0.24679104824361728,64.95187901136127,89.13960501852888,42.34713958437101,Big beat,Above whisper,Very bullish
55.21917145616278,0.10438342912325567,87.42485034362156,34.57984033922087,0.19223470374314156,61.13176877040997,89.25169372632848,39.38815503968755,Big beat,Above whisper,Clean
51.599836339369574,0.031996726787391606,86.00588204128175,32.11663745587049,0.12180331353369103,53.75023399877946,86.8076011673305,33.49137566956475,Beat,Below (severe),Mixed
56.154175747263494,0.12308351494526976,88.40679740025965,36.05424401855224,0.19621905726803515,62.37464551876545,90.30770377504017,41.081881160487775,Big beat,Above whisper,Clean
53.4859804763735,0.06971960952747003,86.85644992504743,33.230721784390454,0.12084073175429096,55.667175103181755,87.16469734264865,34.77768391507569,Beat,Below,Mixed
54.770506021856654,0.09541012043713323,87.38144206936815,34.63974609019495,0.16647801711045446,59.3251204561893,88.67486011781736,37.788578049551475,Big beat,Above whisper,Very bullish
59.42033082239351,0.18840661644787027,88.96068911876856,37.964404776420636,0.15387717991744265,63.66635206202601,90.19483000902497,41.6066059136037,Big beat,Above whisper,Clean
52.51005647403654,0.05020112948073071,86.13075870098177,32.74363138956697,0.18839638690368707,57.945421290578324,88.23206403475112,36.91930316508159,Beat,Above cons < whisper,Clean
56.58444096411747,0.1316888192823493,87.33751895529895,35.74841271190554,0.16150707841020284,61.02871237144192,88.71888637696959,39.052421043103145,Big beat,Above whisper,Very bullish
50.95821953685557,0.019164390737111455,87.08682180273968,31.83343697671904,0.218744495075605,57.668974572297095,89.41355547256539,37.23826391146253,In-line,Above cons < whisper,Clean
50.338985001532635,0.006779700030652634,86.36414634159118,31.13628157757581,0.1699964019862641,54.689543379188436,88.08137530043658,35.18177475984567,In-line,Below,Mixed
54.694615468723775,0.0938923093744755,88.24827445606863,35.1514558346715,0.15593357318779064,58.707389271973085,89.53749869204148,38.13820957209145,Big beat,Above whisper,Clean
47.99265004022708,-0.040146999195458444,86.1667288213858,29.993580489804355,0.1637699848629676,51.86294806721672,87.56329057061818,32.93700830787381,Miss,Below (severe),Mixed
55.86970696756946,0.11739413935138934,87.13477373267506,35.34780564439534,0.1170906095802366,57.95355894108055,88.31563944965042,37.38537356690535,Big beat,Above cons < whisper,Clean
52.66932082381918,0.05338641647638358,87.03067040438648,32.652491763309236,0.06848432943936866,52.25660508943216,87.3419011222047,32.991339288161754,Beat,Sandbag (flat/down QoQ),Mixed
52.05189473271342,0.04103789465426844,87.03128972513309,32.579686352788215,0.10734790071944642,53.52244519211555,87.88090447674459,33.84853482048301,Beat,Below (severe),Mixed
55.03281870601544,0.10065637412030881,87.60287424002614,34.73894695371926,0.17290167231490577,59.937507585882216,89.31892684531687,38.690459091492805,Big beat,Above whisper,Very bullish
53.541340262888795,0.07082680525777575,87.43463394484625,33.61448500991947,0.136633374963524,56.5099546914293,88.68644287421016,36.23745096142821,Big beat,In-line,Clean
51.8868742169876,0.03773748433975189,87.03610542453131,32.705201217012984,0.2294822744288578,59.23727840206984,88.47012279706819,38.32732222418434,Beat,Above whisper,Clean
53.754717666105144,0.07509435332210283,87.65134231951102,33.858211871711774,0.10673278541326828,55.24267209659005,88.29135351620003,35.198570656198726,Big beat,Below,Mixed
55.387963280368005,0.10775926560736002,87.67724306663555,34.880333291086046,0.16023591903252457,59.672882731370535,89.22440749701175,38.721248689258516,Big beat,Above whisper,Clean
56.27793690087628,0.12555873801752568,87.2935550799269,35.41620484100059,0.15775751923425216,60.50218999869599,88.83363357508946,39.25886444436551,Big beat,Above whisper,Mixed
50.56918617739259,0.011383723547851731,86.1009231198491,31.050707542287405,0.18682234463933967,55.72973724087375,88.11742039164658,35.1383518460083,In-line,Below,Mixed
52.04155532020618,0.04083110640412364,87.19635672831465,33.05785787488189,0.2520576753164477,60.50481243306467,89.48951791421248,38.979789420285016,Beat,Above whisper,Very bullish
51.982762189840074,0.03965524379680145,87.02093838264456,32.877159471351604,0.14113455568126246,55.082231503545884,88.50541531763766,35.2935287405392,Beat,Below,Mixed
52.747551120654926,0.05495102241309846,87.60633624908908,33.22280376137427,0.0891301733876064,53.345453105109776,88.23150622260377,34.16464818252538,Beat,Below (severe),Mixed
52.995812633458094,0.05991625266916192,86.91207811892907,33.442357410979525,0.07264023693257712,52.78505237533075,87.11589685016475,32.9488495209618,Beat,Sandbag (flat/down QoQ),Mixed
52.06134949836603,0.04122698996732053,86.81985419425551,32.75447180281706,0.1640529757571553,56.273442462255815,88.32476573003724,35.6363359519485,Beat,In-line,Very bullish
57.48337930956997,0.14966758619139942,87.64175652566361,36.189731198805625,0.12588102527298634,60.096628459413566,88.3190466695068,38.37653439562989,Big beat,Above whisper,Very bullish
52.38267551607155,0.04765351032143102,87.31272302178358,33.263080262304136,0.13863242178590568,55.38428320516911,88.72334303141429,35.74468102367865,Beat,Below,Mixed
52.439543628316585,0.04879087256633185,87.73245785196025,33.0216036389479,0.05464783473030732,51.35487606028888,88.38225466247172,32.33982262601505,Beat,Sandbag (flat/down QoQ),Mixed
49.03331556462601,-0.01933368870747984,86.60044908940611,30.65253541727225,0.15418558435118987,52.551149836374584,88.04605456572722,33.152448592401406,Miss,Below (severe),Clean
52.368269078405724,0.04736538156811444,87.5363164602498,32.92456270715354,0.19251345545374265,57.98916083519093,89.25560309881163,37.28204626458167,Beat,Above cons < whisper,Clean
52.72729197956371,0.05454583959127407,87.99829940955541,33.84819780797071,0.09848342989337311,53.78290964679332,88.98064416093455,34.445320983881544,Beat,Below (severe),Clean
50.0781997415605,0.001563994831209987,87.03560210941052,31.526924716161105,0.1673141434561025,54.28149149163307,88.67224383511477,34.72197550917771,Miss,Below,Mixed
51.631537078605426,0.03263074157210863,87.06238918079052,32.4815894154119,0.1710897405520081,56.146223121565015,88.30418095870293,35.64075936294042,Beat,In-line,Clean
52.76043702010207,0.05520874040204135,87.59139769760509,33.2439829507833,0.2268330401593715,60.10480111025824,89.61215344033815,39.024405190395875,Beat,Above whisper,Very bullish
51.23351732709409,0.02467034654188183,86.77568243034986,32.131519038617704,0.13105612101984868,53.80884170460151,87.68926276367958,34.06084099587649,Beat,Below (severe),Mixed
50.4830767131708,0.009661534263416005,86.68214897153128,31.543592120089656,0.1923530664046171,55.89410479759667,88.82065867153952,35.50647967881378,In-line,In-line,Clean
54.193281390718816,0.0838656278143764,87.23135559840209,34.119167777849825,0.19323807156588352,60.04652325145369,88.66308666397379,38.551840634673916,Big beat,Above whisper,Clean
53.02067678452506,0.06041353569050111,86.55299611171807,33.13936633543333,0.18482959545789446,58.33329080940456,88.73783953810819,37.39064085284027,Beat,Above cons < whisper,Mixed
51.69226123189663,0.03384522463793264,86.79045191883598,32.18309400400819,0.0970351054583683,52.6576377339213,87.93226596937038,33.139750546113774,Beat,Below (severe),Very bullish
53.38793844888615,0.06775876897772305,87.11656971994954,33.96894124952861,0.19617027299092504,59.29956027248207,88.87665372140762,38.21564228239659,Beat,Above whisper,Mixed
48.74991330988119,-0.02500173380237622,85.1040723769157,30.04173483047845,0.11674427000130844,50.552530183879604,85.54480625852288,31.16254649306437,Miss,Below (severe),Clean
52.33220526184804,0.046644105236960734,86.98302004906823,32.60750414106322,0.1073503527438651,53.810794102530934,87.61652838589289,33.951961157555125,Beat,Below (severe),Mixed
53.16572762035978,0.06331455240719572,86.87296378019147,33.382847504632466,0.07355241435572775,52.99932415868652,87.60405912192492,33.45953798344684,Beat,Sandbag (flat/down QoQ),Mixed
52.48919159001693,0.049783831800338574,86.72386151529776,32.87829672756641,0.1312150677186755,55.135381246213846,87.92081270956935,34.89034144681375,Beat,Below,Very bullish
52.44133343475489,0.04882666869509769,86.75911689776619,32.89748964940243,0.19660663005844128,58.26938675733789,89.40582672502318,37.75246098533742,Beat,Above cons < whisper,Mixed
51.185950735118304,0.023719014702365943,86.69465321379464,32.278146636478816,0.07512805204412881,51.10063354116917,87.20308107311752,32.06089426874906,In-line,Sandbag (flat/down QoQ),Clean
51.86724923220487,0.037344984644097315,86.94153635696597,32.45762423983031,0.08925394819873542,52.46113415064505,87.36122175759185,33.20004657929642,Beat,Below (severe),Very bullish
53.416413936042076,0.0683282787208414,87.08043738291033,33.40337216871528,0.18117921177249702,58.58761787235278,88.7871378776243,37.75702723368299,Beat,Above whisper,Clean
52.669440447874194,0.05338880895748395,87.87982591830247,33.59765097020376,0.22622952028217008,59.9716210729323,89.95090967909654,39.033727070356704,Beat,Above whisper,Very bullish
53.77554571547311,0.07551091430946208,87.75033915285339,33.68182684868885,0.1961989426297305,59.73151871531526,89.62328284123554,38.42145928839501,Big beat,Above whisper,Clean
52.94281734435706,0.058856346887141184,88.105264234982,33.40811230688797,0.12908859061452968,55.5073359457524,89.23657888549373,35.456071370843524,Beat,Below,Clean
51.441166207232726,0.028823324144654414,86.72274629598165,32.09505510657806,0.07545336008672336,51.370962541180326,87.08794777755011,31.8547880877183,Beat,Sandbag (flat/down QoQ),Mixed
51.72443634850457,0.03448872697009128,86.77824285847355,32.27713835588005,0.18499795922862133,56.91525497842658,88.52831417463986,35.82373787722811,Beat,In-line,Mixed
56.41295782779723,0.1282591565559446,87.79533145139571,35.8382706325306,0.12799237154469859,59.088144222740354,88.85118520307667,38.22392547552853,Big beat,Above whisper,Mixed
53.40569049114022,0.06811380982280443,86.78174501772372,33.82212819432114,0.13916684516543276,56.49242109705419,87.93728154069662,35.93713654246193,Beat,In-line,Very bullish
53.23901299744826,0.06478025994896527,87.55646514804127,33.64895596083,0.18639240327987522,58.650763394127495,89.041636924369,37.4655661634245,Beat,Above whisper,Clean
51.68480316506299,0.03369606330125976,87.24816424677958,32.888975057618325,0.10590046321920749,53.07551577866267,88.3681465939143,33.7735120066425,Beat,Below (severe),Mixed
50.81267392663494,0.016253478532698904,86.09532385973456,31.481283477785226,0.034941334627066264,48.83184110034424,85.88221494652444,30.044740637688495,In-line,Sandbag (flat/down QoQ),Mixed
54.595056148463115,0.0919011229692623,87.35506238712145,34.567590476876276,0.2126859889443099,61.477612538521335,89.2369489047066,39.97200096769492,Big beat,Above whisper,Very bullish
52.58885456311866,0.051777091262373266,86.10838923725836,32.488098418749566,0.06599471901577193,52.0551954402749,86.17303444234963,31.972650313746122,Beat,Sandbag (flat/down QoQ),Mixed
49.916340222702246,-0.001673195545955175,87.23629321035256,31.106128486247272,0.07885854340097607,50.00605081138838,87.58878741659043,31.61775443760577,Miss,Below (severe),Mixed
52.05715042594493,0.04114300851889863,86.25404935801171,32.24153235614587,0.16402765695462637,56.2676797781867,87.84815085868138,35.757013230330266,Beat,In-line,Clean
55.63834551142478,0.11276691022849553,88.11415828432675,35.3975939991097,0.22718946924300074,63.40173514788664,90.20559404297501,41.579623121554775,Big beat,Above whisper,Very bullish
52.59894274644527,0.05197885492890521,86.37037567175697,32.95705704243225,0.27718436715135764,62.380079732702825,89.05282533032022,40.629791737988114,Beat,Above whisper,Clean
50.336062084199554,0.006721241683991011,86.20891532784995,30.992140623489533,0.14303153218246206,53.42601287041028,88.03089009365173,33.967352112295885,In-line,Below (severe),Clean
54.864734332001206,0.09729468664002418,87.75942229036198,34.789576089018446,0.2573944021770276,64.05899483841752,89.97418097235416,41.6859592806757,Big beat,Above whisper,Very bullish
56.11000734533541,0.12220014690670816,88.03442811487052,35.884931192553154,0.2163168049445279,63.3727202268572,89.58566302685152,41.28623646121897,Big beat,Above whisper,Very bullish
49.971214813669754,-0.0005757037266048437,85.86158430695029,31.0036932494318,0.1445435555241635,53.10892959979223,87.49042919750227,33.606753793161104,Miss,Below (severe),Very bullish
52.089879185461804,0.04179758370923617,86.48849522849399,32.470052831192575,0.10420917569604951,53.4096852319509,87.50764066695041,33.66872854622228,Beat,Below (severe),Mixed
50.80584486742489,0.016116897348497843,86.54410296252007,31.63740594177022,0.20510351393100362,56.85299487954095,89.11160839251284,36.34713863181971,In-line,In-line,Very bullish
51.52132151622902,0.030426430324580478,86.61595463281138,32.33897159382529,0.17478342335020663,56.20308057590775,87.99195711355704,35.32038755548117,Beat,In-line,Very bullish
52.707521282066836,0.05415042564133682,86.77845459464514,33.17596832130724,0.25557034162664993,61.45100046653154,89.52701160839092,39.968656812485676,Beat,Above whisper,Clean
51.14086057504647,0.022817211500929222,86.53869803322578,31.7628747772839,0.06563945822285623,50.60502474508293,86.67834917656742,31.145803662838286,In-line,Sandbag (flat/down QoQ),Mixed
51.0100643992455,0.020201287984910124,85.45175116229952,31.40906065272072,0.1676053917624754,55.30536721051656,87.24377894652679,35.22835298728189,In-line,Below,Mixed
55.61114484898282,0.11222289697965641,88.37419368008345,35.254708155381095,0.16566859315235455,60.19386748115521,90.26289300154696,39.113656024590405,Big beat,Above whisper,Mixed
51.179278775539416,0.023585575510788326,85.65879569391859,31.374941568417608,0.19591061612313548,56.83399689796498,87.72504850001835,36.050952272249276,In-line,In-line,Mixed
52.49396064869345,0.0498792129738689,87.8237072680815,33.09733970457649,0.11254231585272792,54.23019879492371,88.69957226832113,34.76925130560154,Beat,Below,Mixed
53.18175224026438,0.06363504480528759,87.56446337799359,33.78922317984182,0.14104843585017252,56.348458408844714,88.99400111170146,36.23114401647409,Beat,In-line,Mixed
54.6899216384259,0.093798432768518,87.8358732427648,34.7786017922625,0.18821363681401507,60.34164563799128,89.5329157126478,38.793316038080235,Big beat,Above whisper,Very bullish
49.13295851427252,-0.017340829714549626,85.10415980666242,30.02930356564861,0.11708387105294954,50.96523295816413,86.48928041963015,31.74169303142952,Miss,Below (severe),Mixed
50.66072396099568,0.013214479219913523,87.07556519176663,31.63304399606032,0.049475315726403374,49.369523611473106,87.65639032417863,31.058103578598306,In-line,Sandbag (flat/down QoQ),Mixed
48.93031135088296,-0.021393772982340745,85.92879952204132,30.28496934103433,0.12191803614986167,50.974670331913615,87.34282081447876,32.02564985793934,Miss,Below (severe),Clean
52.48541274040893,0.04970825480817858,86.96852820947511,32.9223811480399,0.11566280875550414,54.373449925466794,88.10836608524271,34.436404868327,Beat,Below,Clean
52.20249771496878,0.044049954299375464,86.87334543527582,32.830182096891406,0.21034865628329263,58.67013560937668,88.67197572911438,37.4941271856851,Beat,Above whisper,Clean
49.619697512121924,-0.00760604975756152,86.71086160545549,30.608304060392083,0.11005180995541122,51.146118244715886,87.4069178859817,32.273797260342185,Miss,Below (severe),Clean
50.65609315185372,0.013121863037074322,86.80989354409907,31.826776787489944,0.13664117842806428,53.46510131363589,87.84809095173259,33.74448033103722,In-line,Below (severe),Mixed
51.80576464103452,0.036115292820690446,86.73265211149322,32.34666540334385,0.16271141113269075,55.93264273125778,88.41787449670723,35.60859614978073,Beat,In-line,Mixed
51.57378679018449,0.03147573580368999,86.20518653450999,32.26844476354597,0.09611851733036877,52.49305537317176,86.77532261023035,32.46882759226561,Beat,Below (severe),Mixed
48.41434182055707,-0.03171316358885868,86.11670614370543,29.92753748499584,0.08398222613625105,48.7316941647425,86.78109666673511,30.432691276377273,Miss,Below (severe),Clean
54.99183023547185,0.09983660470943707,87.6921753792207,34.902001180499646,0.1955934649025007,61.05159622023233,89.48139050026388,39.61789714183725,Big beat,Above whisper,Very bullish
53.67831419468905,0.07356628389378096,87.86529478807917,34.146873142082946,0.12376561253251057,56.01314051422821,88.7761871100484,35.41089579038369,Big beat,In-line,Clean
55.19977720745004,0.10399554414900086,87.70215431778435,35.11947825146301,0.15128570677156844,59.01137776477565,88.7632708786031,37.581105355076055,Big beat,Above whisper,Clean
52.55763541767089,0.05115270835341785,87.4449660941066,32.849349135370844,0.1793653434104329,57.557178475830206,88.81290118479758,37.03202787256759,Beat,Above cons < whisper,Very bullish
53.67129403378739,0.07342588067574775,86.89924781350364,33.87824557514325,0.14396582589231485,57.01254576278009,88.3772073377023,36.29658420367023,Big beat,In-line,Clean
50.92600490905137,0.018520098181027303,86.26426595880594,31.743455494181653,0.1857738104651523,56.07338554328911,88.12730815501857,35.7472406857808,In-line,In-line,Mixed
56.12260060467269,0.12245201209345388,87.88632333081797,35.534862247805805,0.21866093230317343,63.5091050064427,89.699703780533,40.787458810812325,Big beat,Above whisper,Very bullish
54.36460973844463,0.08729219476889241,87.65395494148798,34.474699488386136,0.16714132087913947,58.918955103549536,89.22957274998107,38.212106913827974,Big beat,Above whisper,Clean
48.89228181413494,-0.0221543637173012,85.71344992308457,30.027787082807603,0.08567980372115999,49.28983700034611,86.74447240786884,30.98193809086958,Miss,Below (severe),Mixed
51.95035378675414,0.0390070757350828,87.46225703538283,32.65377909989955,0.1043230427642985,53.27211756886513,88.2588630521754,33.2919837647607,Beat,Below (severe),Clean
50.904670410518996,0.018093408210379764,86.45994799754902,31.667580882262,0.11210755504011802,52.56779222533923,87.97030805918268,33.16591206924945,In-line,Below (severe),Mixed
51.7622335578141,0.03524467115628186,87.12931344531776,32.61613031436606,0.1444221741418697,55.00657301905336,87.97656726809494,34.80060593139206,Beat,Below,Mixed
55.70282065719528,0.11405641314390572,87.7143264501746,35.22493125444242,0.14866267896144253,59.413483258816804,89.1383356713817,38.116900612410205,Big beat,Above whisper,Mixed
50.82138655449903,0.016427731089980448,86.64766065105202,31.6063966766083,0.062112216067965256,50.12244296154239,87.18528022964709,31.028805122365856,In-line,Sandbag (flat/down QoQ),Clean
49.392149465096004,-0.012157010698079925,86.05022582968051,30.734514721758533,0.19405557517599478,54.7643306216722,87.88430143096332,34.95667131127975,Miss,Below,Clean
51.51158599398359,0.030231719879671805,86.81477383885974,32.36965097927684,0.11503835194000187,53.334722955936634,88.22244341044772,33.70237164256684,Beat,Below (severe),Mixed
51.35816453806875,0.027163290761374928,86.86289433447482,32.10996810469867,0.1797349773540276,56.26123571552989,88.53296110486505,35.91444261537259,Beat,In-line,Mixed
52.60188424962381,0.05203768499247612,87.60199880227864,33.499940110347254,0.16069889711384258,56.69388124645919,89.34735163278346,36.56473918903454,Beat,In-line,Clean
51.30070251020658,0.026014050204131393,86.8243439379084,32.14316742551013,0.23480491883486537,58.82161981362383,88.76847699215138,37.68663831159138,Beat,Above whisper,Very bullish
50.653701639184476,0.013074032783689469,86.59535939504529,31.686941003793255,0.1723930980684084,55.14418946529658,88.44233661523234,35.01581736706374,In-line,Below,Mixed
52.286432599293484,0.0457286519858697,87.10738346601357,33.12149950194721,0.12472570576941985,54.60733089259087,87.99773748906941,34.24700044871642,Beat,Below,Mixed
52.78925181293407,0.05578503625868133,86.09637932365179,32.83909406650964,0.13800557906493513,55.78343000079823,87.02119463802691,35.012802462010846,Beat,Below,Mixed
53.32904885964448,0.06658097719288958,87.00853222888716,33.514339797373886,0.18887129114984855,58.872705518304684,88.57918412433003,37.7931110615227,Beat,Above whisper,Very bullish
54.7224373941492,0.09444874788298406,87.81502520073646,34.544135323140324,0.08161234651493644,54.960716494266535,88.17201466496984,35.030099582753095,Big beat,Below,Clean
55.1465242188429,0.10293048437685796,88.76478700720351,34.94644551208137,0.09233735340670199,55.93585057801877,89.05531040611523,35.93734520848347,Big beat,In-line,Clean
53.77980296530034,0.07559605930600687,87.28730494258491,33.793924056784974,0.17593326118237923,58.72421200910774,88.7913545396882,37.429191644744336,Big beat,Above whisper,Mixed
51.92928867037649,0.038585773407529944,87.42392353161755,32.65189436517414,0.0811924228943429,52.135156762653814,88.29459999512922,32.900059903039775,Beat,Below (severe),Very bullish
54.62527548829311,0.09250550976586229,87.34050532874448,34.415317082627226,0.1925982360921073,60.492720965284946,89.4026897851385,38.931106157043175,Big beat,Above whisper,Clean
51.803937790891155,0.03607875581782311,85.85890697123217,31.840199480625984,0.12780539367746693,54.25156327899193,87.01407773934177,34.28572579266525,Beat,Below,Mixed
51.15286828254908,0.02305736565098157,85.83062860490548,31.68774347936961,0.16377474152869842,55.27824348797689,87.49981063155286,35.01610394500613,In-line,Below,Mixed
56.038776678427325,0.12077553356854648,87.51633795987307,35.6602189548725,0.16218834574246907,60.47564079638075,89.29808951123657,39.108898018326855,Big beat,Above whisper,Very bullish
51.1053874769565,0.022107749539129865,85.73087879534928,31.803393028361782,0.16031344000708544,55.06267737869082,87.16651154867915,34.71379888742407,In-line,Below,Clean
52.91303807160551,0.05826076143211017,86.31614690555406,32.75202618406432,0.1627946908965128,57.13221405252024,88.14106459898973,36.52687483618612,Beat,In-line,Mixed
49.673276177789496,-0.006534476444210132,85.2729796396939,30.429352397184644,0.21895066852469003,56.22432511867606,87.92385667745889,35.46650892196189,Miss,In-line,Clean
50.252596431701605,0.005051928634032112,86.23165583101533,31.002168784933637,0.15937371675879206,54.100000965958536,87.39956724610994,33.86075903513389,In-line,Below,Clean
51.514465152669445,0.030289303053388856,87.20337155662304,32.05217125631594,0.08910842112655039,52.09734939277377,88.16830540623383,32.958572704632964,Beat,Below (severe),Mixed
53.42141607791579,0.06842832155831577,87.30152432016041,33.58633744496005,0.16031488296102894,57.55811670519791,89.07136867634249,37.23535981253065,Beat,Above cons < whisper,Clean
51.555277451226466,0.03110554902452925,86.78614321818088,31.938818312723168,0.16035334628887107,55.54931451585454,88.06480945169692,35.310941864085464,Beat,Below,Mixed
51.94566139438865,0.03891322788777316,86.92211190988016,32.301015003898634,0.17657603552923476,56.7524474644714,88.69737225443221,36.40826772086724,Beat,In-line,Clean
50.77226940591083,0.015445388118216672,85.8840556473511,31.45838126963742,0.08282197237361437,51.05037683570768,86.03766385539012,31.561853965958576,In-line,Below (severe),Mixed
53.232914736524506,0.06465829473049003,86.87876001979963,33.39490634464668,0.14450297459078568,56.57342717194069,88.45341920531308,36.22032424730222,Beat,In-line,Mixed
51.26959464503196,0.025391892900639083,86.64298647133968,31.754803608935923,0.04210212047515957,49.61185663152613,86.79148628290748,31.0332589218599,Beat,Sandbag (flat/down QoQ),Mixed
52.171488685313946,0.043429773706278964,86.97085395503319,32.77790370937383,0.18167710859478287,57.2462929078367,88.23041162978232,36.35070332638513,Beat,In-line,Clean
52.13509654604781,0.04270193092095616,87.2342889662856,32.72889994420416,0.14117607367950621,55.245658721797916,88.32255329064137,34.87145600947391,Beat,Below,Clean
55.46143203121093,0.10922864062421868,88.11188547894109,35.50447609769381,0.20014749426524037,61.80747734628976,89.95548178186627,40.26925942103913,Big beat,Above whisper,Mixed
52.26818539081021,0.04536370781620416,87.74516710317245,32.93346479906011,0.09863178915716914,53.32181217248269,89.2640127300569,34.32750387141649,Beat,Below (severe),Mixed
52.706898684569246,0.05413797369138495,87.27318667392683,33.08971499019019,0.14126520258034617,55.855938732867656,88.72809414189264,35.78500781600306,Beat,In-line,Clean
52.078491632504466,0.04156983265008931,86.25994874504033,32.73693128215457,0.2023662520670124,58.14474788337211,88.20862018801705,37.520738094583955,Beat,Above cons < whisper,Very bullish
55.20633921265632,0.10412678425312649,88.89436282935304,35.41454162264004,0.1989812322230315,61.463410000305245,90.45319885831357,39.97066422286818,Big beat,Above whisper,Very bullish
52.96233815030592,0.05924676300611838,87.13833904215737,33.474667036491404,0.19017958726225462,58.53221563444828,88.7935932347998,37.53322041545986,Beat,Above whisper,Clean
55.693277851861865,0.11386555703723729,87.67184397422508,35.5013965298577,0.185221225349861,61.293936803667286,89.05430833112254,39.66008994008855,Big beat,Above whisper,Clean
51.904364848892726,0.038087296977854505,86.06900923517419,32.433108245546016,0.22799265825731008,59.1854518969527,88.36335597232892,37.65016832962524,Beat,Above whisper,Very bullish
53.90914839500994,0.07818296790019892,87.74123662699657,34.040566104252406,0.0951453470309292,54.82132781096681,88.3041653342957,35.03173949364505,Big beat,Below,Mixed
54.879806542309495,0.09759613084618995,87.56700216783535,34.61318515193033,0.15824269930223853,59.02383989055283,89.07074901064924,38.07720673448928,Big beat,Above whisper,Mixed
51.08212258273219,0.02164245165464375,87.00424538987889,31.939615723660243,0.19782550520859135,56.81693576908921,89.10924411944916,36.607555978918036,In-line,In-line,Clean
49.73161432194605,-0.005367713561079101,85.67478392694994,30.283520503719473,0.14891493212522375,53.05615184366384,86.84503230244852,32.90671390593194,Miss,Below (severe),Mixed
51.44053514318037,0.028810702863607287,86.67895156960145,31.95080527700328,0.21179699951840317,57.88295141583216,88.67209613161063,36.944502980419834,Beat,Above cons < whisper,Clean
52.728940563886475,0.05457881127772945,87.60977371488006,33.47368285327453,0.1348162353673237,55.56353940950151,89.49323484296421,35.63475185877882,Beat,Below,Clean
50.15685338477547,0.0031370676955094277,86.89429138996496,31.162453130900037,0.07703887028077305,50.16224637020716,87.51311567762478,31.621474555905223,Miss,Below (severe),Very bullish
55.051343754950054,0.10102687509900118,87.90319389709467,34.974639330215346,0.10906280076898567,56.69429767017817,88.70760404835349,36.1789274439647,Big beat,In-line,Mixed
52.97315397934346,0.059463079586869166,87.93731257001878,33.79729226472062,0.17974045213927065,58.03067458206001,89.42825132627867,37.57415303189896,Beat,Above cons < whisper,Clean
50.967515575785974,0.019350311515719486,87.00063489329773,32.060863729850695,0.17011882531618158,55.378188779478386,88.47524576408996,35.3891382868635,In-line,Below,Clean
48.347908517419484,-0.03304182965161038,86.35843432653886,29.71622637379318,0.06574539990078995,47.84609244745946,86.5183452316741,29.670513370988726,Miss,Sandbag (flat/down QoQ),Mixed
55.886802866323215,0.11773605732646424,86.98558970216045,35.21261275764304,0.2124192471108607,62.918361493576356,89.00539022690798,40.8115438709357,Big beat,Above whisper,Very bullish
53.72431938397079,0.0744863876794158,86.96082337743871,33.85328734617106,0.16020083259689355,57.87878578855688,88.29291088252673,37.05091080094074,Big beat,Above cons < whisper,Very bullish
53.60667919597556,0.07213358391951114,85.93111514905937,33.09949344932997,0.19431093565396448,59.44996867442981,87.88154685191256,38.0331290973114,Big beat,Above whisper,Very bullish
52.04979189946089,0.04099583798921798,87.32207098387092,32.65079756916558,0.13671909267388824,54.93984992026132,88.68959636249649,35.077784514606165,Beat,Below,Mixed
52.304254126820204,0.04608508253640414,86.58197869713885,32.62971199815299,0.09992333386547621,53.421336033482085,87.31775994060146,33.77556961843426,Beat,Below (severe),Mixed
53.46987077529109,0.06939741550582199,87.03484967258785,33.45784681889162,0.07444800387158686,53.34698192737012,87.52243194801821,33.67097319423315,Beat,Sandbag (flat/down QoQ),Clean
51.65485815016761,0.033097163003352366,88.01140388330828,32.74871064727712,0.12360564095280138,53.89399785727761,89.34178521174766,34.90244666191161,Beat,Below,Clean
51.19694454677505,0.023938890935501042,87.22675588632288,32.00501144942592,0.24439615308857943,59.158617926475046,89.38249961781763,38.001549769793,In-line,Above whisper,Clean
53.59702637107365,0.07194052742147296,87.68247216183549,33.57322045359339,0.12825449099197728,56.15172244219506,88.5551652934495,35.827868921817156,Big beat,In-line,Mixed
52.337894986464015,0.04675789972928032,86.9538120642925,33.20131521754534,0.18249173692465992,57.46847632455826,88.28880662298872,36.49058743753371,Beat,In-line,Mixed
50.23879922814145,0.004775984562828945,86.30441772886718,31.0106265811701,0.1848265239331537,55.27252886633627,88.25938362783809,35.31004284932413,In-line,Below,Mixed
54.90432134948475,0.09808642698969501,87.6418397257082,34.65473094959826,0.09244172758386061,55.695502262075536,88.85460547707788,35.791916601088474,Big beat,Below,Clean
50.103081141339686,0.0020616228267938876,86.40532607827433,31.46323578235211,0.11261424548978102,51.763587405014576,87.17267196033413,32.58527265202966,Miss,Below (severe),Mixed
51.8828359344772,0.03765671868954397,87.32267188657076,32.84547576784073,0.18145430210553193,56.918828311636176,89.11769106160081,36.56353964206926,Beat,In-line,Clean
52.67436388669956,0.05348727773399126,86.93507935248532,33.237478483383185,0.1557022086284894,56.52760163324804,88.32491143698707,36.30604578299241,Beat,In-line,Clean
50.565693586552115,0.011313871731042263,86.73455611400975,31.584837033524103,0.1580072831323703,54.372909917733764,87.75323055676118,34.34777892214558,In-line,Below,Mixed
52.123574183586186,0.04247148367172379,86.29721618724318,32.48797989374105,0.09884772851574355,53.18473744420157,87.0997422732982,33.211796264307,Beat,Below (severe),Mixed
49.664632136977374,-0.006707357260452601,85.70389960442685,30.805853550775176,0.09759058770118523,50.61775900553188,86.06923804453257,31.7808277206486,Miss,Below (severe),Mixed
54.922027898804814,0.09844055797609622,86.88839125970073,34.885808739868644,0.1775677709760412,60.05480925811671,88.4881335585837,37.976778087901884,Big beat,Above whisper,Very bullish
52.071439032000576,0.04142878064001151,87.32619137683147,32.420410080638355,0.12176485721201043,54.23963105837346,88.31724507306953,34.02608212481711,Beat,Below,Clean
55.271855902648305,0.1054371180529661,87.54862928143548,34.67484782584216,0.19652754943649367,61.410419846288285,88.96943085347918,39.44170534458483,Big beat,Above whisper,Clean
50.57656614093807,0.011531322818761524,86.09686427824576,30.971765150046927,0.11816334176946439,52.51337205342025,87.99868433955399,33.205883540827784,In-line,Below (severe),Mixed
51.805668584811826,0.036113371696236574,86.39138734612118,32.28897049150969,0.05819300902734935,50.9046537298331,86.73664548257352,31.610582334603826,Beat,Sandbag (flat/down QoQ),Clean
50.88348717426514,0.017669743485302744,86.6073014529762,31.66100003816418,0.21482124447476458,57.39903112566675,88.45013139954042,36.554144415545046,In-line,In-line,Mixed
56.871725291761436,0.13743450583522854,87.22255692824665,35.95830522071028,0.19093888174247464,62.892838284468745,88.98695594328521,40.438548754491855,Big beat,Above whisper,Clean
52.99457221530586,0.05989144430611711,87.43420944399402,33.114237120695506,0.12373834378950359,55.29831618169955,88.38274781184136,34.70910694978151,Beat,Below,Very bullish
52.41226434274843,0.0482452868549685,86.85687090921567,32.52814625967747,0.24777018674404774,60.72714223329892,89.05684845757713,39.479310649793646,Beat,Above whisper,Very bullish
48.96355754459784,-0.020728849108043183,85.01456246066232,30.02014673217137,0.14467106158220516,52.04379829388647,86.18964095344366,32.534557285798066,Miss,Below (severe),Clean
52.077324217835056,0.041546484356701024,86.17356436686421,32.15226207171281,0.13153263834021922,54.71810692205548,87.42401759199583,34.355756726925904,Beat,Below,Mixed
52.733135071522156,0.054662701430443154,86.6696964635649,32.912941065958826,0.12553880763549913,55.11367640190543,87.76774968014199,34.610879677204764,Beat,Below,Clean
57.706389162227225,0.15412778324454446,88.01063101485131,37.02805024899753,0.27497183122038893,68.31873347304686,90.46254644729903,45.06759012000765,Big beat,Above whisper,Clean
56.52546515684735,0.1305093031369471,87.71945112736186,35.91841724992309,0.0914204964543466,57.28640472638497,87.96055178291881,36.768952194468866,Big beat,In-line,Mixed
49.85077563446441,-0.0029844873107117784,87.04822974860545,30.987900704273077,0.12150063746969957,51.914271177238604,88.28107445320128,33.192375084483444,Miss,Below (severe),Clean
52.560949127675094,0.051218982553501775,86.71232772234471,32.821084943590584,0.17718864866324646,57.454570342060805,88.21340134595178,36.56336831693023,Beat,In-line,Clean
51.25983469081693,0.02519669381633869,87.03603205468151,32.208200507294954,0.09477070152357639,52.10935338555905,88.25882874786426,33.53696643727212,Beat,Below (severe),Mixed
55.62166756425218,0.11243335128504342,87.81914158072435,35.174387584219005,0.2760099665621667,65.90424487102241,90.12918633342181,42.99495058482316,Big beat,Above whisper,Clean
51.88279082473737,0.037655816494747266,86.58080874445456,32.07109318910697,0.1139211156142935,53.665240791197725,87.90695072952055,34.11497662154484,Beat,Below (severe),Mixed
50.855632404882414,0.017112648097648123,86.31027967614624,31.77924447473717,0.09945251772470673,51.91954215317086,87.71935293455125,33.1541244083136,In-line,Below (severe),Mixed
51.11021646429643,0.022204329285928717,86.68676762318198,31.856516316649426,0.1384147222039808,54.028578386702534,87.91170222896434,34.11984034973602,In-line,Below,Mixed
52.46133653958908,0.04922673079178157,86.34297856021462,32.543125433306,0.15015814811388897,56.02891699038518,88.14894611902547,35.919347700722184,Beat,In-line,Clean
51.81875190982791,0.03637503819655821,86.61002145889832,32.352840255163514,0.17658981402703477,56.614457410361936,88.48482449571028,35.82966386823328,Beat,In-line,Clean
56.311809309088815,0.12623618618177623,88.24006602315335,35.66860566641648,0.1501329615347148,60.139920295037555,89.00961208022456,38.921644170823384,Big beat,Above whisper,Very bullish
54.00379940524071,0.08007598810481442,86.80392882852196,34.0941813993907,0.2011888953572105,60.23528099891108,88.97849442668083,38.69264008068759,Big beat,Above whisper,Very bullish
51.93557900047614,0.03871158000952288,86.81866562815392,32.451128900807596,0.08805257246885667,52.472308881689905,87.22870793704656,32.95560953205543,Beat,Below (severe),Mixed
54.24936144039807,0.0849872288079614,86.64577754354157,34.18322235360881,0.18143415359099546,59.514044957889475,88.35106982051296,38.01123213871617,Big beat,Above whisper,Very bullish
55.03516023319456,0.10070320466389124,88.16222483451449,35.04213613667221,0.1610002235671876,59.33184523945239,89.71342826102023,38.402263943166815,Big beat,Above whisper,Clean
50.57271570814813,0.011454314162962529,85.62292814257556,31.64331117801692,0.16410340710523577,54.66673704367545,86.85111330584073,34.23682227365702,In-line,Below,Clean
52.82487194431613,0.05649743888632258,86.72976000330367,33.0065764116114,0.09970141749222311,53.94218751629464,87.89078776094838,34.37698035429544,Beat,Below,Mixed
55.27285215075904,0.10545704301518083,88.5292654318403,35.89853079915569,0.10767172460058667,56.85102007503705,89.40626929719448,36.436479904635554,Big beat,In-line,Mixed
53.19148929869889,0.06382978597397783,87.58334484907124,33.447858622922865,0.1147092499930217,55.05782763200988,88.46088898331624,35.25110580157551,Beat,Below,Mixed
51.94074699217535,0.038814939843506834,86.56641303626428,32.04471373095749,0.07602705368750777,51.89753117001024,87.15439586220067,33.048810499183894,Beat,Sandbag (flat/down QoQ),Very bullish
53.34351499451926,0.06687029989038512,87.45788100601071,33.737067484969174,0.04958312260310262,51.98927782153203,87.26301275268933,32.5624541418701,Beat,Sandbag (flat/down QoQ),Mixed
52.325963358680795,0.04651926717361583,86.83233495283248,32.64259585720637,0.16354637413650616,56.534850300678954,88.10193260385866,35.396310062006805,Beat,In-line,Mixed
52.675650736686066,0.05351301473372118,87.14805223708859,33.31486280975905,0.215187079954721,59.43857233175484,89.25910331900909,38.393076862751386,Beat,Above whisper,Mixed
48.41805721586302,-0.031638855682739504,85.75613848574835,29.827704514857345,0.059175178040463114,47.62011834541469,86.30375548686162,29.773317427176835,Miss,Sandbag (flat/down QoQ),Mixed
49.82484314025102,-0.003503137194979586,86.55060134953668,30.935366009422673,0.0879665008988286,50.33577737419391,87.57989553912536,31.74104799942629,Miss,Below (severe),Clean
52.04199665253913,0.04083993305078261,87.51848335369897,33.18270707746044,0.1278149019926608,54.5013294003154,88.45413094652616,34.64453411126617,Beat,Below,Mixed
48.70298925909621,-0.02594021481807575,86.0001578317216,30.09907009609061,0.054610330722267314,47.6939130661486,86.09893258959116,29.534957296878716,Miss,Sandbag (flat/down QoQ),Mixed
52.55060981475174,0.0510121962950348,87.75941427548808,33.230636719963464,0.12134180397255438,54.71811020885072,89.14664541834627,34.897185440296454,Beat,Below,Clean
51.07107831603172,0.021421566320634616,85.86862694329099,31.360935857050375,0.19596526242815876,56.716433039241785,87.14456474342714,35.72148318220636,In-line,In-line,Mixed
53.68354247267077,0.07367084945341562,87.39398117115272,33.94419087588147,0.0994775428031196,54.8078601263319,88.39970634719052,34.90703301319576,Big beat,Below,Clean
53.274940473634594,0.06549880947269193,87.06409806041431,33.418825384146146,0.1527816295828103,57.02763178832915,88.59920561625351,36.4122556439609,Beat,In-line,Very bullish
51.2709067955053,0.025418135910106058,86.28485005943368,32.08741514979647,0.08276948542880089,51.549246699263186,87.16855022673663,32.346420182231284,Beat,Below (severe),Mixed
52.88759230298316,0.05775184605966311,87.22959463327547,33.035710391809445,0.15897585072670373,56.91719640493434,88.4477480195591,35.70032500474674,Beat,In-line,Clean
52.3673685526007,0.04734737105201409,86.60940280556979,32.96667948870172,0.10827477744272573,53.89190274733083,87.94645138064934,34.260634483524136,Beat,Below,Clean
52.62363799054606,0.052472759810921143,86.6872526513731,32.93638571098696,0.16414339729841584,56.8856420864794,88.01992351980525,36.10860668531915,Beat,In-line,Mixed
55.14598747030766,0.10291974940615305,87.2716352624688,34.619301301624,0.15104664570672166,58.941632194605205,88.73614738031839,37.54542731757074,Big beat,Above whisper,Very bullish
53.23190049342629,0.06463800986852579,85.55710895949079,32.73610568547855,0.09214274335830992,53.984202850562355,86.46342786988721,33.522793485172514,Beat,Below,Clean
54.02280793287111,0.08045615865742228,87.38268867713298,34.315267259639825,0.16581531725254195,58.48200147133803,89.13857411062072,37.474968069171304,Big beat,Above cons < whisper,Mixed
50.216869275136375,0.004337385502727576,86.51930897527618,31.562150573292495,0.14324265930799412,53.30934808849818,87.99569474464269,33.67258293573968,In-line,Below (severe),Mixed
48.69810200287665,-0.026037959942466934,86.366525733478,30.347799926495927,0.08595442263338791,49.106496440741765,87.19023162833118,30.57777253045913,Miss,Below (severe),Clean
52.78064959019858,0.055612991803971674,86.66459876662485,32.79437704747572,0.1654632936027746,57.12005901632343,88.24261852681182,36.172988901854694,Beat,In-line,Mixed
51.133510241131276,0.022670204822625578,86.4848381331098,31.738011277702306,0.17627890573266602,55.85103593894312,87.87163848202735,35.4473310103263,In-line,In-line,Mixed
52.51663337485357,0.0503326674970715,86.9152868781545,32.64457783034498,0.2472664794932953,60.823505251129866,89.19997885125221,39.39155270684525,Beat,Above whisper,Clean
53.11100125727116,0.06222002514542327,87.29608725918898,33.536454083908566,0.15971728592390658,57.19419292858487,88.49829809299796,36.68821787585601,Beat,In-line,Clean
55.095012012109756,0.10190024024219517,88.12488233322021,34.931181948246156,0.15139336099827846,58.90488597951618,89.1592996265285,37.980383095342056,Big beat,Above whisper,Very bullish
52.26395537988099,0.04527910759761987,86.1690050792245,32.376337026812315,0.2609620657239221,61.19551762880921,88.68981604374649,39.08970126544108,Beat,Above whisper,Very bullish
50.941032477920935,0.018820649558418688,86.98642035079023,31.702189437045895,0.02205293952500717,48.34554398746238,86.91217495990023,30.26962470964592,In-line,Sandbag (flat/down QoQ),Mixed
51.94764359081064,0.03895287181621297,86.29755184576844,32.671341958272066,0.2000108082794223,57.885038504075744,88.46631854535526,37.24484221059114,Beat,Above cons < whisper,Mixed
52.040957340193195,0.04081914680386399,85.91576513568843,32.29085481172004,0.09394663957350569,52.86359965945733,87.39316801122939,33.165614220629514,Beat,Below (severe),Clean
53.938636949098814,0.07877273898197629,88.28092209288818,34.27405727764146,0.13885359714330392,57.040481377738764,89.67250766472502,36.84783123705119,Big beat,In-line,Mixed
51.213923439996876,0.02427846879993748,86.84126617689577,32.02116780759581,0.1343902514057416,53.94682009467442,88.18044149005979,34.237591147118636,Beat,Below,Clean
50.40992551558251,0.008198510311650144,85.96458653479921,31.112461346939256,0.18795336275261942,55.607166208606365,87.86203831946237,35.369625393579184,In-line,Below,Mixed
54.61533869926697,0.09230677398533936,87.15083593019901,34.303735611610946,0.2809260410046355,64.96119460830934,89.49060273047478,41.945932216610466,Big beat,Above whisper,Very bullish
53.64343016932447,0.07286860338648936,87.78572334440194,33.85749707352252,0.07740091756157033,53.66723225089591,87.84564851796901,33.97777451406759,Big beat,Below (severe),Clean
56.667587792649,0.13335175585298004,88.35041593133597,35.904685256883326,0.23078156338656614,64.76360641844046,90.2547985838894,42.30408714540228,Big beat,Above whisper,Clean
52.0778044660641,0.041556089321282144,87.05509812656247,32.75700481349057,0.13672166785594794,54.96954241158744,88.03547435735895,34.94478842834914,Beat,Below,Clean
50.90289795251566,0.018057959050313238,85.48174556377691,31.254600952888307,0.1334007417043032,53.57242641611687,86.79331965286252,33.497472815227276,In-line,Below (severe),Clean
51.41677667498591,0.028335533499718263,86.91692295831626,32.126312146632166,0.2003229642325403,57.30839937624437,88.39549373799778,36.74778923554292,Beat,In-line,Mixed
51.59804132443032,0.031960826488606334,86.7847528185226,32.33690779519826,0.12130461503690332,53.72447030223796,87.64431772581807,33.97645409483792,Beat,Below (severe),Clean
53.297355706037266,0.06594711412074516,87.09278450832588,33.299518342819994,0.13466991742203896,56.15527004079789,87.67473889548182,35.15453274567997,Beat,In-line,Clean
52.56312411487654,0.051262482297530824,87.71105095935283,33.258487451621725,0.10584626786817503,53.97482501350448,88.63779618983617,34.31455077114478,Beat,Below,Very bullish
52.114874887163495,0.04229749774326999,87.23215293420115,32.992776391096506,0.18642960793385097,57.414156967049145,89.47053761589687,37.28271480482779,Beat,In-line,Clean
51.46514579515162,0.02930291590303245,86.85532196431257,32.229418995562625,0.2345177763607883,58.99644896517761,88.64857639145012,38.16415085359197,Beat,Above whisper,Very bullish
51.84988880044102,0.036997776008820475,87.22098660512806,32.48562160379409,0.21745791292648708,58.61612473270855,89.38629404507508,37.786544460919266,Beat,Above whisper,Very bullish
51.620125706355694,0.03240251412711373,85.91218790415518,32.06940955130946,0.15155958146677492,55.1976753284109,87.79969534178977,35.19871040004191,Beat,Below,Clean
51.588634398082014,0.03177268796164017,86.37341923091341,32.308139911783194,0.15941146117555066,55.540135845565004,87.8827508414685,34.91537953700832,Beat,Below,Very bullish
54.696149868540786,0.09392299737081589,87.59438750714811,34.44575164596114,0.1199963078282464,56.88380834052996,88.80454461428073,36.777655133960096,Big beat,In-line,Clean
52.04705329107355,0.040941065821471154,86.82959636711746,32.52444845236512,0.23391923412883692,59.634584411613936,89.07823542130825,38.15812837440235,Beat,Above whisper,Very bullish
51.65164224804263,0.03303284496085254,85.65849404369789,31.822983150903713,0.07638823397804077,51.625989982762164,86.1981744807216,31.783257313978428,Beat,Sandbag (flat/down QoQ),Clean
53.221500287748945,0.06443000575497881,87.32163261076929,33.56139533916236,0.16600464563210118,57.623908255666514,89.14978977426992,36.88939775562483,Beat,Above cons < whisper,Mixed
53.46104912160029,0.06922098243200575,87.70161188693714,33.77164800959453,0.1137720287819085,55.29031963090444,88.40926527836909,34.90333062966981,Beat,Below,Clean
57.11231999077725,0.14224639981554504,87.75603832848132,36.24072562264928,0.19333698984445147,63.28608373362527,89.26269147891624,40.411103224759245,Big beat,Above whisper,Very bullish
54.07696685300005,0.08153933706000116,87.98913199145075,34.43749887741564,0.23641907622956804,62.08595101584877,89.9729297839018,40.221372099622656,Big beat,Above whisper,Clean
52.68831069579699,0.053766213915939824,86.83742457775168,33.24518616064137,0.15425633727912735,56.47182962678708,88.20430709916765,35.765066199327116,Beat,In-line,Clean
56.191224052770586,0.12382448105541169,88.53964355744098,36.152071645274034,0.18613650067305634,61.88971459031119,89.97257497823745,40.27497948048879,Big beat,Above whisper,Clean
56.26076041440277,0.12521520828805532,87.74524827530813,35.79926625158741,0.21731629287065618,63.595201708763156,90.11583485706923,42.03689616998438,Big beat,Above whisper,Very bullish
54.84915544270157,0.09698310885403144,87.49563187331356,34.843536447919746,0.1330776960078771,57.70918648578034,88.78095560825547,36.92138615850782,Big beat,Above cons < whisper,Clean
51.32320979446258,0.0264641958892515,86.5598890502679,31.801752213454222,0.11337814448429805,53.06055865494159,87.39328618746856,33.52509307677982,Beat,Below (severe),Mixed
52.153998356804976,0.0430799671360996,86.74174895228211,32.36934158543913,0.14884516950071192,55.6370927193375,88.50823623291448,35.54295965768613,Beat,Below,Clean
51.813785635492195,0.036275712709843935,87.59740206972407,32.853574976842715,0.15313593340723744,55.4805996291354,88.83433862418488,35.785288113919364,Beat,Below,Mixed
51.82148645814452,0.03642972916289024,87.02001666933107,32.648249537235564,0.12583514989361658,54.17513304757836,88.35319086319492,34.58738279990297,Beat,Below,Mixed
52.494425317863104,0.049888506357262,86.61933417283912,32.779882753039395,0.14884576859643336,56.00028422980504,88.33882398504649,35.87009255520925,Beat,In-line,Mixed
52.11686331341363,0.04233726626827265,87.03845581541738,32.49975440579357,0.15170830514832093,55.7360368651713,88.19138831534106,35.67422444649556,Beat,Below,Clean
52.7277570578088,0.05455514115617592,86.64137992490558,33.12438797367864,0.08539776313635221,53.142690311046785,87.5416416536623,33.06314627000522,Beat,Below (severe),Clean
52.04514947591529,0.040902989518305816,87.0786599319943,32.73740065396569,0.06882287164106983,51.653685680848184,87.00966899965174,32.204902698556054,Beat,Sandbag (flat/down QoQ),Mixed
49.14243494955241,-0.017151301008951746,86.16654414937443,30.550595977939118,0.09638673290373447,50.030605579754486,87.38681165216144,31.529986203012747,Miss,Below (severe),Mixed
53.78491059002795,0.075698211800559,87.32000124701248,34.23020764746849,0.2016166201225174,60.012496585582525,89.49676928148126,38.7186305046147,Big beat,Above whisper,Clean
49.95918898337004,-0.0008162203325992357,86.54052856904347,31.17255353320778,0.046269617072317165,48.53715427495452,86.45957543412167,30.068118809333605,Miss,Sandbag (flat/down QoQ),Clean
50.33820886247816,0.006764177249563299,86.08617720582981,31.2325434727443,0.20784171871300905,56.45768951586219,87.33413067620603,35.51447091312379,In-line,In-line,Mixed
51.67483399640723,0.0334966799281447,88.09598263756119,32.82201550083285,0.11475175471370433,53.48999673831759,89.20657614841603,34.21766093165556,Beat,Below (severe),Mixed
51.244665100554506,0.024893302011090298,86.32898594447306,32.009760841387994,0.13392047471290122,53.95684819322981,87.8537557265047,34.14576122116377,Beat,Below,Mixed
51.44100610156963,0.02882012203139266,86.18496578788992,32.030622665897845,0.12293164201163212,53.63868105919697,87.6526788304161,34.081647125568495,Beat,Below (severe),Clean
51.374014230755904,0.027480284615118075,86.2306005583542,32.21562830514559,0.13724635104533264,54.25170234944399,87.76643219110855,34.442981758113476,Beat,Below,Mixed
48.08444014820314,-0.03831119703593715,86.09159757233901,29.944790272401992,0.13956965747997993,50.881599776246986,87.30959568571936,32.08715214801441,Miss,Below (severe),Clean
52.228085354080335,0.04456170708160657,87.01777651209066,33.14893379421548,0.18030345049780575,57.24177583086387,88.48135861988484,36.64065721105103,Beat,In-line,Mixed
51.727903465950334,0.034558069319006665,86.71301618746577,31.968684719074364,0.1415335278764634,54.83134069505804,88.00259118424239,34.927446680301756,Beat,Below,Mixed
52.622935821657975,0.05245871643315962,87.53231086730335,33.49620598404922,0.20720052668079592,58.988833279438424,89.3304380294861,37.624823124203175,Beat,Above whisper,Clean
54.34937336102268,0.08698746722045364,87.16172710461247,34.00463661558425,0.21762768489390524,61.45035154237248,88.87120248376903,39.58270223479663,Big beat,Above whisper,Mixed
52.27142653524911,0.04542853070498214,86.94088224015823,32.478651806306985,0.15360757495899052,55.99351977604892,88.4748387320904,36.119396373431954,Beat,In-line,Mixed
51.61298448861924,0.03225968977238474,87.45960002759239,32.56443100649158,0.16451937957929288,55.81115491242808,89.11578858301996,35.835311485837046,Beat,Below,Mixed
55.27832256625219,0.10556645132504373,86.95553610411004,34.61028174582514,0.22031835260204974,62.63878356232119,89.08776539036688,40.44311270959434,Big beat,Above whisper,Clean
50.34809148275149,0.006961829655029743,86.50727147015816,31.15335424403558,0.14620047748742676,53.58693460538823,87.7286010355947,33.981053311753634,In-line,Below (severe),Clean
54.37099592175025,0.08741991843500516,87.68812366785397,34.40293796425674,0.04396680882999554,52.70712116924272,88.20073987731175,33.56746425026689,Big beat,Sandbag (flat/down QoQ),Clean
51.37888623929504,0.02757772478590072,86.42864517675604,31.853244792226498,0.2500321756978736,59.63774231130812,88.67480467263643,38.31792811377194,Beat,Above whisper,Clean
49.779528596514346,-0.004409428069712953,86.06654218143584,30.53325230933992,0.1369395353269659,52.5537202462224,87.01090589203496,33.01848164945886,Miss,Below (severe),Mixed
55.36605018660755,0.10732100373215105,87.62965670949112,34.97715159463015,0.1324964548356764,58.223151586402395,88.91430009906831,37.37504322793552,Big beat,Above cons < whisper,Clean
52.558763022166886,0.05117526044333779,85.98196804450701,32.60730501902334,0.05168290850284214,51.326927565145226,86.11538642604057,31.613114169228613,Beat,Sandbag (flat/down QoQ),Mixed
49.64659487046946,-0.007068102590610827,86.3115835776824,30.78732165702077,0.13122583779179622,52.14997438472408,87.37938526788605,32.47559103102208,Miss,Below (severe),Mixed
52.64371555969578,0.05287431119391553,87.50010126404997,33.23103394513581,0.13470179590758463,55.468138689632376,88.21088035413213,34.84226659585553,Beat,Below,Clean
53.34716763418306,0.06694335268366103,87.20801730937656,33.63681826709727,0.10257534199370706,54.61789505589394,88.12132987480415,34.63892765907675,Beat,Below,Mixed
53.93635004372656,0.07872700087453141,87.8320593142589,33.870911680095574,0.1597924488397612,58.08675924878561,89.48358959920438,38.08660852353128,Big beat,Above cons < whisper,Very bullish
50.76025169247039,0.015205033849407927,87.04712285591026,31.877084105088198,0.16176107649171964,54.75905003143254,88.4822638827242,35.21731225493059,In-line,Below,Clean
54.917547299635174,0.09835094599270339,87.6911907017797,34.859505249194854,0.1612509398586597,59.217835315259904,88.84171566561635,38.17634484890739,Big beat,Above whisper,Clean
52.135920293005576,0.04271840586011157,87.20960371808233,33.32015928039246,0.13272691404248058,54.83749152538516,88.17185579153173,34.93327693520478,Beat,Below,Clean
54.48871404992035,0.08977428099840702,87.47149517711787,34.69021098139436,0.17437350399522938,59.4193804722134,88.47171081103673,38.00951414470267,Big beat,Above whisper,Very bullish
56.96033357063093,0.13920667141261858,87.31769611476149,36.17456974782384,0.1553324103814884,61.10753951741274,88.78135155909223,39.38646977125156,Big beat,Above whisper,Clean
50.71935907423827,0.014387181484765308,85.67433063245903,31.34430479296557,0.1864378434122352,55.87712649934075,87.44963836106965,35.37766182958183,In-line,In-line,Mixed
51.31800823161862,0.026360164632372392,86.29805820904232,32.059935343212196,0.13045164661483946,53.868774984539506,87.21351242028173,34.0991554784539,Beat,Below,Mixed
52.102299972636764,0.042045999452735384,86.2350440849163,32.2356970595183,0.170934630531787,56.65064541343607,87.4225274898109,35.65465932864702,Beat,In-line,Very bullish
52.494178057188535,0.04988356114377069,86.1814042022418,32.79092040007164,0.16735367544333787,56.902180859119184,87.66594398385756,36.083316803290785,Beat,In-line,Clean
48.980350137288774,-0.020392997254224544,86.49534568592173,30.288920374797353,0.17825719421377062,53.58920350120067,87.8768710445946,34.18878487252017,Miss,Below (severe),Clean
55.09127286430113,0.10182545728602259,87.52883710923994,34.59666148216392,0.1895526698855612,60.85297281432886,89.26584796883047,39.699516600624705,Big beat,Above whisper,Mixed
52.181686503348025,0.04363373006696037,88.12446312772634,33.33284660529293,0.1295506508305736,54.73172524048702,89.3748447382346,35.305167194097976,Beat,Below,Mixed
52.3891892430055,0.047783784860109826,87.19487743405433,32.994174180522656,0.18849933091741697,57.81705090814527,89.38703670111,37.39732211077911,Beat,Above cons < whisper,Mixed
50.83384164817314,0.01667683296346275,85.47345757475671,31.211566104940314,0.13524524856730227,53.58681454054612,86.96108083762219,33.73608044195216,In-line,Below (severe),Mixed
50.893924710442626,0.017878494208852635,87.41753007197897,32.12568530265901,0.08779855312861908,51.40788497283805,88.76716494924455,33.08316929972995,In-line,Below (severe),Clean
54.39302311310785,0.08786046226215713,87.37291218648328,33.90145461688615,0.21465373944575172,61.34949685808883,89.31211684261781,39.44778423878855,Big beat,Above whisper,Very bullish
51.47901963142814,0.02958039262856281,86.47533577626099,32.010296217829854,0.1134833331041438,53.22667105241224,87.14714134100223,33.499341712570775,Beat,Below (severe),Mixed
52.090869165184415,0.041817383303688234,86.10211872844131,32.342569430363454,0.14054868045896549,55.16844551243229,87.48233238887786,34.70694076681003,Beat,Below,Mixed
50.94368826557536,0.018873765311507106,86.6262201595901,31.761877854695967,0.07231384260588812,50.72564911196306,87.04791079431872,31.603646671117108,In-line,Sandbag (flat/down QoQ),Mixed
52.790436742516846,0.05580873485033688,86.54667921532516,32.987637449601415,0.24584715764078188,61.071043025831536,89.1391879650566,38.86084556296211,Beat,Above whisper,Very bullish
51.47908445371595,0.029581689074319094,86.76419448725116,32.05555393897512,0.13413617251169163,54.213985249119,88.1039201437717,34.7585323950741,Beat,Below,Clean
49.672596849705315,-0.006548063005893726,86.75658062059009,31.03486335937157,0.09031676892390667,50.2903749225712,87.23066232158338,31.569763883849184,Miss,Below (severe),Mixed
52.18291508997475,0.04365830179949482,87.0512264497615,32.77879578208239,0.1197731595204252,54.259240010195164,88.1516974950206,34.498994950398156,Beat,Below,Mixed
54.15840429241867,0.08316808584837339,86.50210342473035,33.70239060272444,0.15141033778753601,57.90436468177002,87.85690578503484,36.58286302832044,Big beat,Above cons < whisper,Very bullish
51.14886816408786,0.022977363281757056,86.246844065478,32.05600021480716,0.08898150601669289,51.72158780692212,86.74534863535213,32.38200957760476,In-line,Below (severe),Mixed
49.17876909001483,-0.016424618199703363,85.62830286890517,30.550640431792548,0.09482812686192504,49.99642109818207,85.88776791100675,30.65460257270635,Miss,Below (severe),Mixed
56.98269111828256,0.13965382236565108,88.09294699966603,36.22817247312864,0.15519976447009914,61.12450626166153,89.32208839254562,39.52677031915014,Big beat,Above whisper,Clean
51.328174416443474,0.026563488328869473,86.77969126854055,32.024113513695056,0.15298356258863693,54.95335987128178,87.90174654421548,34.88361558438221,Beat,Below,Clean
55.978661924972094,0.11957323849944196,88.2100034501289,35.82031228183048,0.14651235065760543,59.59592532239092,89.49203415018002,39.04567160014122,Big beat,Above whisper,Mixed
50.168206695793785,0.0033641339158755335,86.73321304513607,31.230299435498335,0.1751839043603436,54.74566408955398,87.7630819480585,34.780332403213684,Miss,Below,Clean
49.91224431579982,-0.0017551136840036241,85.45611606591761,30.490152561321114,0.1754730365231264,54.47974757232185,86.6778791489007,33.96710973616988,Miss,Below,Mixed
51.942942621157606,0.03885885242315212,86.9499488530718,32.28653011027127,0.1910776985458505,57.44893194198559,88.89162700007488,37.13703893798415,Beat,In-line,Clean
51.979009494504524,0.039580189890090454,86.54828534504307,32.665041940066374,0.08811100196869057,52.51900838080501,87.46632691095722,33.16664968321111,Beat,Below (severe),Clean
52.398030831179796,0.04796061662359588,87.22580058273202,32.89659163382993,0.10503920164983041,53.766029717873685,88.07662047861633,34.16626634892629,Beat,Below (severe),Very bullish
51.900560463821755,0.03801120927643502,87.87978222969592,33.08309332007311,0.1124694419329294,53.613659854108754,88.61623418769925,34.27864897863932,Beat,Below (severe),Clean
53.477187259003514,0.06954374518007028,86.75489365896902,33.76990469017891,0.19981851683496266,59.57985382291722,89.19137016389301,37.84088042087679,Beat,Above whisper,Very bullish
55.15255590718275,0.10305111814365507,86.52973093154695,34.82685480256685,0.20719666550410853,61.824268614809945,88.35489781823934,39.02991556426388,Big beat,Above whisper,Very bullish
51.75251757538864,0.03505035150777262,87.24240396213503,32.741157893560946,0.15618653886580838,55.56159530357475,89.04506560119592,35.31078174577661,Beat,Below,Mixed
51.13481674731163,0.022696334946232563,86.86471713061516,32.2874018900146,0.08139520333812891,51.34716372882295,87.83314761722465,32.53207569259745,In-line,Below (severe),Mixed
49.205343451205486,-0.01589313097589026,85.52754835281084,30.03543154865472,0.1124693005298756,50.829474439245224,86.9428766578332,31.366700417112,Miss,Below (severe),Mixed
54.629390698684134,0.09258781397368272,87.56840859545927,34.7760830319312,0.14834105156086028,58.25223110669488,88.72054634048166,37.81363231690119,Big beat,Above cons < whisper,Mixed
50.63220798970989,0.012644159794197706,86.63936320132021,31.574194501216404,0.22485091705782898,57.58712736108326,89.1725473378129,37.49143155614417,In-line,Above cons < whisper,Clean
52.95507681472932,0.05910153629458636,86.58921399530146,33.03658704074199,0.213649762296934,59.678279503711245,88.3367350101973,37.89277066970229,Beat,Above whisper,Clean
52.443067205448145,0.048861344108962916,87.62508578259796,32.95066788533872,0.19931943813424224,58.40341918809763,89.09659762397685,37.768435821560914,Beat,Above cons < whisper,Clean
52.45791017351108,0.04915820347022153,86.42562024809847,32.866029761429495,0.12207027320484701,54.6570714858507,87.98392218736157,34.97726097116843,Beat,Below,Mixed
52.35591751379229,0.04711835027584581,86.53765172849116,32.96818534158796,0.23183644114390833,59.88721802422722,88.92114384029664,38.574351243389415,Beat,Above whisper,Clean
52.79653215410831,0.05593064308216629,86.39265604488028,32.91838137011386,0.12019119037978017,54.91776661580386,87.59455960124444,34.73908142916763,Beat,Below,Clean
52.133420602857875,0.042668412057157525,86.99683467794785,32.51076292360016,0.176213905478185,56.94005037799403,88.26756923898725,36.243146526069076,Beat,In-line,Clean
55.761094932044664,0.11522189864089326,88.45835296028864,35.62060639713052,0.14533432245458813,59.303303320225105,89.64574031450951,38.17593107190506,Big beat,Above whisper,Mixed
52.16201109974945,0.04324022199498901,87.03299815303846,33.03758335179654,0.19349374146780618,57.8082456620734,88.38779849916082,36.91686447218786,Beat,Above cons < whisper,Mixed
51.80766207102733,0.03615324142054648,86.65972090154486,32.64010919768559,0.16580140088888995,56.08334180352603,88.66616191779447,35.900778352520625,Beat,In-line,Clean
50.97823117145703,0.01956462342914061,86.14175218065343,31.542262711581582,0.16374542784380583,55.08813462782286,87.74416729604721,34.98479248589874,In-line,Below,Mixed
50.92779987857996,0.0185559975715993,86.35692014263108,31.770934513961937,0.16594049771798416,55.13744259967674,88.11680276411451,35.026644542981295,In-line,Below,Clean
51.385240278239955,0.027704805564799085,86.47423427657907,31.78838685341718,0.18915005834170068,56.74013565514482,88.0564712145365,36.020118718597914,Beat,In-line,Mixed
52.77277512223129,0.055455502444625805,87.39510537419368,33.33510402257204,0.198378146866527,58.72447328055608,89.4505840247061,38.11794258840007,Beat,Above whisper,Clean
48.639725573627516,-0.027205488527449802,86.80575164026789,30.423493085731614,0.056322963152131866,47.709311970209264,87.61413487964793,29.75028050531977,Miss,Sandbag (flat/down QoQ),Mixed
51.42515293429552,0.028503058685910333,86.91592903945148,32.18727476689455,0.14240559961617555,54.55206962516758,88.12878658741067,34.64761669938104,Beat,Below,Mixed
53.10876382926635,0.06217527658532689,85.86732679196379,32.673305363406946,0.11535179005125379,55.00388660406853,87.31787860180887,34.70008716448784,Beat,Below,Clean
51.835454815460814,0.03670909630921623,86.62717639343371,32.282172174862794,0.10724173555060997,53.29478045628847,87.55605994304432,33.704914127798986,Beat,Below (severe),Mixed
52.83887811957897,0.056777562391579425,87.52674157503024,33.630074981670546,0.15165293861353765,56.50547431235171,88.9781103180573,36.235470768749096,Beat,In-line,Clean
55.67388899405306,0.1134777798810612,88.34619755338592,35.52332175160861,0.2040349541229071,62.24521492502718,90.06109892120865,40.61906435287873,Big beat,Above whisper,Mixed
50.19111744479146,0.003822348895829135,85.6210602560692,31.21211635727134,0.1654885309866601,54.31880232935829,87.39109666211525,34.50992170013935,Miss,Below,Mixed
52.50825867179867,0.050165173435973445,86.0459647545789,32.69151625275819,0.23282304444462565,60.10957764894898,88.343208277993,38.3687850464555,Beat,Above whisper,Clean
54.90608558592014,0.09812171171840285,87.11004151642464,34.58557014430617,0.1413744142983665,58.192086900113765,88.66336299519435,37.28386042132167,Big beat,Above cons < whisper,Mixed
55.07478201472177,0.10149564029443527,87.83282023569242,34.45026031559953,0.21496147077342193,62.134185433479686,89.80460894982487,40.26728207796588,Big beat,Above whisper,Very bullish
52.39344204708247,0.047868840941649414,86.75055423263602,32.780822805136886,0.1662279927487475,56.73822026949776,88.3937926226303,36.45145827311282,Beat,In-line,Very bullish
52.36849610928226,0.04736992218564524,86.83237319698625,32.33560947183564,0.18015295337158185,57.38834710792639,88.28555530930197,36.80618452580125,Beat,In-line,Mixed
49.151507372534375,-0.016969852549312457,86.90000153366552,31.00320491864016,0.13085560089159873,51.613024732745544,88.4422272143208,33.235582657422015,Miss,Below (severe),Mixed
52.27660226610428,0.04553204532208552,86.12432832503134,32.43526845588788,0.21007013821208398,58.73990137730273,88.07810216530137,37.29030434219862,Beat,Above whisper,Very bullish
49.8145843006832,-0.0037083139863359226,87.0256297645189,31.038670251976956,0.1009453383027023,50.92576762494385,88.00347017483108,32.210491555797766,Miss,Below (severe),Mixed
51.964150532264405,0.039283010645288205,87.05211378783417,32.958157836973115,0.10142292404948114,53.14632758035163,87.66537256507246,32.98841046826502,Beat,Below (severe),Clean
51.41898307939743,0.028379661587948614,86.98926975807649,32.38167576318845,0.19464536119239412,57.03977464067289,89.25922570708688,36.39764025332464,Beat,In-line,Clean
51.03771416443414,0.020754283288682916,86.75079388637252,32.033745350401766,0.22568962126218242,58.088082505414754,89.0337704955415,37.58631716978099,In-line,Above cons < whisper,Clean
52.79132893354169,0.055826578670833765,87.01846099617458,32.980524051611226,0.23747687847348128,60.661759729206956,89.208907975075,39.15015102163604,Beat,Above whisper,Clean
50.65411050676424,0.013082210135284753,87.14576255681851,31.494706454011716,0.15134699116923084,54.15471074215125,88.44934682510363,34.518953598284,In-line,Below,Mixed
54.29154473867831,0.08583089477356612,87.07092825307295,34.45736663406198,0.23464852110085532,62.24304860418366,89.38660279679597,40.485448365649056,Big beat,Above whisper,Very bullish
52.53323280144,0.05066465602879996,87.23587996187678,33.319698196773984,0.12238881569814322,54.75109059531715,88.28435199059,34.78638177207831,Beat,Below,Clean
54.66336516916358,0.09326730338327152,88.46290473653805,35.11466187160241,0.18883725235139276,60.34399879113289,90.22624953294263,39.391084627384004,Big beat,Above whisper,Clean
51.56160848080563,0.031232169616112672,86.53279776199595,32.38080875658654,0.11624201621743706,53.44414568074083,87.31442295307026,33.23214232865032,Beat,Below (severe),Clean
56.80518914815378,0.13610378296307557,87.31628151320618,36.059833265183826,0.1764927114452204,62.057255933279336,88.40055457464572,39.81737169454121,Big beat,Above whisper,Clean
51.52854008661842,0.030570801732368397,87.59818787309489,32.67063572908792,0.22317834787883917,58.52655206520428,90.21723241341327,38.241170109296085,Beat,Above whisper,Very bullish
51.61379748001994,0.0322759496003989,85.74845518365024,32.019428542537725,0.11529178197042322,53.45269815391255,86.95045213598215,33.58150733122884,Beat,Below (severe),Mixed
51.29675396117083,0.025935079223416483,86.26952347474264,32.24942170993022,0.1819105808083194,56.297592248698244,88.54898305860532,36.009897824127854,Beat,In-line,Mixed
53.314698421249304,0.06629396842498615,87.23502873542142,33.46805254797681,0.10100251272771783,54.50678714660769,87.46810065571033,34.79564848595902,Beat,Below,Mixed
51.945437391098416,0.03890874782196835,86.90055737034191,32.37446676567525,0.11415850555283621,53.74149011581502,87.50842180147487,33.88057101690983,Beat,Below (severe),Clean
53.48959665347351,0.06979193306947026,86.61186629107368,33.59821699682901,0.11910911876494647,55.58493141867823,87.42309614757741,34.824888574843946,Beat,Below,Mixed
54.526539142473986,0.09053078284947974,88.30052346494911,34.66304430348135,0.15719931705135712,58.591068581356055,89.99826084221473,38.251480411614054,Big beat,Above whisper,Very bullish
53.19025703596928,0.06380514071938553,87.83036174366605,33.55443478095672,0.16104949347786796,57.34534091888619,89.40933029896274,37.157819842154815,Beat,In-line,Clean
50.999789584430154,0.01999579168860302,85.59385692308106,31.402964430437542,0.22402678777748264,57.966172292189164,87.68669228302963,36.56049325946976,In-line,Above cons < whisper,Clean
51.644430937828076,0.03288861875656153,86.74131913442297,32.33681167020105,0.12014360602800854,53.71709488039439,87.67393153130695,33.90037810860475,Beat,Below (severe),Mixed
56.519847583335405,0.130396951666708,87.86556596998031,36.2304813666139,0.17038440603204547,61.424951939783476,89.90291221613464,39.822650706156494,Big beat,Above whisper,Clean
56.448806963347245,0.12897613926694482,87.71748399722608,35.75811070546124,0.13713274808763634,59.60480220360674,88.89735411478493,38.59453466977139,Big beat,Above whisper,Clean
56.94906535786232,0.1389813071572463,88.04035004162472,36.00907916079776,0.15902693766880713,61.29082219447934,89.12701412520639,40.04244364546841,Big beat,Above whisper,Very bullish
52.91257896251016,0.05825157925020315,86.85857689077325,33.098854008782105,0.12197065933031861,55.12590674076114,88.03083701250578,35.02361058003222,Beat,Below,Very bullish
51.003776274855554,0.0200755254971109,87.05420588222047,32.02803962491114,0.1570796979375999,54.80004589965916,88.08540573339008,34.557620725598674,In-line,Below,Mixed
52.92982187239987,0.05859643744799754,87.53937170945629,33.58077792793559,0.18322671431336968,58.15455213589508,88.96887775640147,37.38926878083954,Beat,Above cons < whisper,Clean
51.22191384199337,0.024438276839867525,87.33484627652328,32.338386153557,0.1596566598896112,55.15698826779094,88.76799300514129,35.51285542812315,Beat,Below,Clean
52.77140282964397,0.05542805659287933,87.54752950848028,33.61394577913033,0.14703320447749527,56.20694048585506,88.68867321382962,35.927306245582685,Beat,In-line,Very bullish
54.104957476729886,0.08209914953459783,86.65315410765481,33.69789999190784,0.14218994394865977,57.383985608569965,87.7584150113806,36.5425649942625,Big beat,In-line,Clean
52.01232514862566,0.04024650297251324,86.64812701486802,32.395688439815615,0.09024154135751962,52.65556914393855,86.92500965256143,33.0748520058939,Beat,Below (severe),Mixed
54.6549168484634,0.09309833696926796,87.13941697984893,34.44767557416747,0.1355824966108477,57.63194071777661,88.02619374033571,36.81724412374554,Big beat,Above cons < whisper,Clean
50.013424761866474,0.000268495237329458,85.7456096275154,31.051296565038676,0.12374523371016843,52.18789429069317,86.56729768672497,32.63224060862279,Miss,Below (severe),Clean
51.77213195169546,0.03544263903390912,87.36007306119696,32.12653798662732,0.1135671507374166,53.53376364611885,87.78981377167267,34.096934296807625,Beat,Below (severe),Mixed
53.05453272753701,0.061090654550740225,86.70669574542586,33.109522170202084,0.1982669759668282,59.03253060041897,88.14773555322458,37.67198493695283,Beat,Above whisper,Very bullish
51.95953289905694,0.039190657981138785,87.17620574762802,32.56078502949626,0.09340325708198574,52.75467090055263,87.36816139671323,33.58526348202496,Beat,Below (severe),Mixed
50.32932781189437,0.006586556237887469,86.17652158393697,31.535881399317493,0.12364551883784838,52.51287197181648,87.39186998258309,33.31960430379313,In-line,Below (severe),Mixed
51.57327579871932,0.031465515974386474,86.70776827444993,32.14363169568767,0.1839622269090092,56.69932400195536,88.68849264089364,36.07279412428764,Beat,In-line,Mixed
52.41287675322883,0.04825753506457654,87.30518634754435,32.759129279053965,0.1467725279374078,55.81238665857402,88.70506752127451,35.60295009876178,Beat,Below,Clean
52.66754890250177,0.05335097805003548,86.56504028069804,33.11019107587196,0.07718372788906014,52.68029618946365,87.50551098539847,33.30601947080939,Beat,Below (severe),Mixed
51.34161166916063,0.026832233383212473,87.68746276341943,32.64646668056144,0.12351058435128477,53.56264097595858,89.04692726160043,34.040315608289845,Beat,Below (severe),Mixed
52.20713618667665,0.044142723733533014,86.33826341177527,32.72333353240891,0.13833195657088418,55.18411923360351,86.96086117351118,34.78303746613465,Beat,Below,Clean
52.039219979122734,0.04078439958245453,86.537897250764,32.60587410494753,0.16451176998592817,56.27169244039134,88.29653811376012,36.18217412715897,Beat,In-line,Clean
51.15207217744029,0.02304144354880571,87.31232020814238,32.183030667832384,0.11531116781310713,52.97544325940404,88.53348905854101,33.88790953853348,In-line,Below (severe),Mixed
51.57945662375679,0.031589132475135735,87.05627874607289,32.363742735975926,0.156658721003531,55.39841201931366,88.92777839043826,35.06513529031166,Beat,Below,Mixed
55.096489997674134,0.10192979995348278,88.00488059709608,35.17745823300487,0.16982723709955866,59.8495621915867,89.66458891786932,38.6623708569515,Big beat,Above whisper,Very bullish
52.49954324729518,0.049990864945903456,85.97661631848923,32.61375285799588,0.13944665950992852,55.54754138043268,87.06253264940365,34.892260516992145,Beat,Below,Very bullish
52.219827255107674,0.04439654510215341,86.69589629799097,32.36199712081865,0.17387499900516562,56.9210104052009,88.43577569498498,36.253625961817164,Beat,In-line,Mixed
53.819450807678805,0.0763890161535761,87.34417922621182,34.00090985081997,0.21026569327111772,60.48327530442434,88.99392743183657,38.78623012118358,Big beat,Above whisper,Clean
51.94808153268964,0.03896163065379274,86.52279871205776,32.5995004090279,0.0780094149388389,52.000483767374874,86.84319008537429,32.68822370835759,Beat,Below (severe),Mixed
49.87221323995078,-0.0025557352009844127,86.09174599973473,30.588311909291875,0.1140018647472181,51.58932865206349,87.07751172692974,31.815255429938194,Miss,Below (severe),Mixed
54.611922442949194,0.0922384488589838,87.90903778057948,34.47921532446841,0.1411293864441829,57.86789315344135,88.84223742341236,37.037842116359165,Big beat,Above cons < whisper,Clean
51.53592808960982,0.03071856179219624,86.39454637606285,31.830052412962736,0.1299887941156631,54.0753768616376,87.46130323013787,34.112568327267525,Beat,Below,Mixed
52.85291756394944,0.05705835127898874,86.36870244431613,33.02997371951288,0.2210545255633436,59.92655888206632,88.54096064280664,37.797099606078014,Beat,Above whisper,Very bullish
50.239222505966495,0.004784450119329915,85.92239624233066,31.205733427450483,0.12869930595838464,52.654620176203714,87.02660736489366,32.61457337770905,In-line,Below (severe),Clean
50.802767048819206,0.01605534097638424,86.4617765997064,31.924975265729486,0.2691841502081328,59.87249053042895,89.04671875608526,38.571744907327734,In-line,Above whisper,Clean
53.18625919075326,0.06372518381506521,86.06761058659816,32.86236017361325,0.143149169687381,56.45698317320975,87.67561149622831,35.41547267145994,Beat,In-line,Clean
55.661566100312,0.11323132200623999,88.14507376154457,35.342491749211206,0.13549868385046857,58.68908968739156,89.24802772915179,37.63564958533777,Big beat,Above whisper,Clean
51.69286639635335,0.03385732792706715,87.13340241778629,31.985206877691763,0.1460300314810034,55.01003606758784,88.43695198036808,35.206573978219666,Beat,Below,Mixed
54.501626180344665,0.0900325236068933,87.17915865304138,33.73840554675424,-0.006273435606038685,50.291162756786605,86.49097694836956,31.114585255481526,Big beat,Sandbag (flat/down QoQ),Mixed
55.10232306873568,0.10204646137471371,88.53790557110959,35.04625311335911,0.1592729495430407,59.31587311981197,89.60555770827929,38.66241888541551,Big beat,Above whisper,Clean
56.00748986114357,0.12014979722287145,88.88306380623935,36.18582466142703,0.17551200692566418,61.1347998945744,90.24126682186399,40.05423484291631,Big beat,Above whisper,Clean
50.957311884054214,0.01914623768108425,86.40739938575841,31.863370157305088,0.13915094310104079,53.90177918414178,87.81498003514196,34.16798799960695,In-line,Below,Clean
49.269720467022765,-0.014605590659544681,85.36274944479715,30.20861299152744,0.1008079563387756,50.3624645612085,86.76315019319193,31.91284055183113,Miss,Below (severe),Clean
51.3286072674375,0.026572145348749982,86.69713998196727,32.15755767136914,0.0668483117849904,50.84842100885903,87.10144701872491,32.007716676270235,Beat,Sandbag (flat/down QoQ),Clean
48.86056775308199,-0.022788644938360254,86.41103597323895,30.420063091158305,0.1456565125640742,51.97903996433252,87.71381220092194,32.892953332033905,Miss,Below (severe),Mixed
52.571482704685614,0.05142965409371227,87.58266570301434,33.12544069696659,0.11323517795912605,54.344107911159675,88.26450029075086,34.77188113085631,Beat,Below,Clean
51.90374116582541,0.03807482331650819,87.08874025121965,32.66396797367017,0.1141306099333188,53.697007745552014,88.15996049660552,33.958291101713385,Beat,Below (severe),Very bullish
52.94006646449307,0.058801329289861426,86.73318174367363,33.292206700865506,0.19445601988159095,58.71782528991348,88.71742571495218,37.650069823764596,Beat,Above whisper,Very bullish
54.39769225479697,0.0879538450959393,86.84314253495067,33.800257892494095,0.1630790612157021,58.749615637152075,88.69448567311453,37.374694604436385,Big beat,Above whisper,Mixed
52.31772103223036,0.046354420644607056,86.38384481908045,32.58393394345716,0.13189483131754517,54.98828959250229,88.14547418901294,35.01565972569244,Beat,Below,Clean
52.0300506591081,0.04060101318216198,86.78209811221008,32.12729563770879,0.17264185962930872,56.65457140711054,88.46424665322552,36.733005219325385,Beat,In-line,Clean
55.16505395815224,0.10330107916304489,88.0016252974801,35.57170567523502,0.21113642355535625,62.04009143067799,89.63332175545796,40.02440885161291,Big beat,Above whisper,Very bullish
53.58198115909934,0.07163962318198695,86.82568967943541,33.82561643641334,0.1348554230440498,56.46438747471599,87.64721416814642,35.928158806300324,Big beat,In-line,Clean
50.4833348999966,0.009666697999931962,86.2126540146235,31.539516021618105,0.11107996405578051,52.08452035995385,87.10598894198884,32.221653472648576,In-line,Below (severe),Mixed
49.40182787387884,-0.011963442522423238,86.72235744514526,30.60374336620538,0.08199099734511892,49.63430922536362,87.35531769381446,31.05074285419193,Miss,Below (severe),Mixed
54.29867679266332,0.08597353585326642,86.66804451951276,33.80144639615026,0.1485743458487954,57.91134809347498,87.86204813319902,36.52739798153799,Big beat,Above cons < whisper,Mixed
49.41748129025436,-0.011650374194912905,85.8338559686339,30.695544987917245,0.09194799821375046,50.10693978796881,86.19917745905887,31.068790720516372,Miss,Below (severe),Clean
51.304673761462205,0.026093475229244004,87.30111383808581,32.317862442950556,0.1989926459516143,57.12007464701565,88.31085913615014,36.3611027294577,Beat,In-line,Clean
53.26061060991615,0.06521221219832286,87.97372384998425,34.12813747287201,0.04730128710998252,51.79562704088386,88.56969063983637,33.52998651601011,Beat,Sandbag (flat/down QoQ),Mixed
52.2878426961076,0.04575685392215211,87.16437601634976,33.14095445114604,0.13182049213008726,54.9532767203913,88.79398591161986,35.30428186966487,Beat,Below,Mixed
49.980544976517606,-0.0003891004696479472,85.68903642688785,31.12291336292552,0.18374271500099687,54.938098435751506,87.944312464945,35.13015452555555,Miss,Below,Clean
51.76581785660252,0.03531635713205032,86.81241112118052,32.67199112971353,0.17511732459442902,56.48584442901518,88.11197637419109,36.35868105107926,Beat,In-line,Mixed
52.88350618297284,0.05767012365945678,86.78435564241957,33.375131852310076,0.19243561928587807,58.555878127780225,88.78434396958446,37.45986666889388,Beat,Above whisper,Clean
53.02397330020888,0.06047946600417774,87.71829966848424,33.5077432507722,0.10119507673404932,54.21904275084858,88.44670878176696,34.652275317787634,Beat,Below,Clean
51.81171941422753,0.03623438828455064,87.03440601683928,32.695884363229716,0.17245155630154577,56.40767884316508,88.99636706830343,36.319185904308604,Beat,In-line,Clean
53.09874455309757,0.06197489106195124,88.0106696559302,33.93445687942798,0.19498401087731476,58.91985425728119,89.58162725910223,38.185594060144346,Beat,Above whisper,Clean
49.81950722103933,-0.0036098555792133833,86.43959222862193,31.065090258950686,0.09955232343750958,50.86635813759089,87.10281945223484,31.792162880537106,Miss,Below (severe),Clean
54.42434050991852,0.08848681019837044,87.75849160225437,34.53737533659006,0.28406156657286974,64.89247508237119,90.30742695828154,41.805302227481114,Big beat,Above whisper,Very bullish
53.040657491804446,0.060813149836088876,87.29386887663203,33.26818014500746,0.18989881164259834,58.604942795508755,88.74086169108452,37.33678273831462,Beat,Above whisper,Clean
50.74995638642969,0.014999127728593704,87.05299372749472,31.6669647689364,0.11389276947194056,52.49215165058462,87.81760167091674,33.39253098536934,In-line,Below (severe),Very bullish
49.55343715399278,-0.008931256920144444,86.56418715794612,30.767303492375046,0.15695929019134214,53.236215942208716,87.76643441308342,33.88892147878305,Miss,Below (severe),Mixed
53.353787473091586,0.06707574946183179,86.38965327535743,33.29119250796385,0.1610284805948855,57.52060488930411,87.54110178382224,36.06849329540978,Beat,In-line,Clean
52.90219784662868,0.05804395693257362,88.37260257648698,33.65975329604705,0.18942134294547777,58.42850297839699,90.01534608958637,38.152890639632616,Beat,Above cons < whisper,Very bullish
50.80169261820387,0.016033852364077502,85.74820808882399,31.423112917265723,0.08565452254365424,51.213581104980925,86.44411314231034,31.91825800420613,In-line,Below (severe),Clean
51.46077279588438,0.02921545591768756,86.63483744258043,32.11441289017917,0.15426769804855428,55.156685772411905,88.0621826615188,34.86886151537931,Beat,Below,Mixed
52.3745589687358,0.0474911793747159,87.40177632192702,32.81975745659931,0.13611258747667768,55.25315315735453,88.83311037507144,35.571432315659585,Beat,Below,Mixed
56.047535793515166,0.1209507158703034,88.63319476926847,35.54445880738336,0.19152138595734897,62.011706276170216,90.04615071568635,40.735487410476935,Big beat,Above whisper,Very bullish
51.41273536651627,0.02825470733032542,86.09046211371066,31.548556298839422,0.12804867482554413,53.85349171368684,87.52501095498826,34.09062770127881,Beat,Below (severe),Mixed
51.99410834581727,0.03988216691634543,87.47776530751459,32.6396200254739,0.16488744368658065,56.24104938931346,88.60116990973421,35.85388011064813,Beat,In-line,Clean
53.56025035381725,0.07120500707634494,86.53651582929324,33.34083286011457,0.16863027137481715,58.1212634840357,88.27586454457193,37.01482756436381,Big beat,Above cons < whisper,Mixed
51.84294845968724,0.036858969193744824,86.73186576949323,32.43457342051454,0.2815344951616119,61.69291772611941,88.75197696983527,39.734463111158135,Beat,Above whisper,Mixed
50.73704031513606,0.014740806302721147,86.39145099774075,31.774189221657885,0.09587220344145109,51.6297898686569,87.15862007956342,32.63929291808782,In-line,Below (severe),Mixed
50.066931021655705,0.001338620433114044,85.55774166719196,31.01336945490476,0.1469471659312112,53.32240145343563,86.9568632418042,33.59513067164568,Miss,Below (severe),Very bullish
54.51561790813837,0.09031235816276738,88.22610189912466,34.816069499822596,0.08076175757669464,54.709938238223494,88.91248582913329,35.54878880360989,Big beat,Below,Mixed
53.52835648289762,0.0705671296579525,86.80783253438028,33.723511669246285,0.18644292859797562,58.972030026562244,88.59601939240143,37.83438142933375,Big beat,Above whisper,Clean
51.84313906239769,0.03686278124795375,86.60881135872494,32.19026682179076,0.190592417999335,57.31518770062043,88.3584437911032,36.718276784410406,Beat,In-line,Mixed
55.52734263788622,0.11054685275772443,87.3632176688185,35.268571431001064,0.07100669271907377,55.22228733736124,87.75045676656046,34.78197654061299,Big beat,Sandbag (flat/down QoQ),Clean
55.319313897688524,0.10638627795377051,87.31690433724518,34.92110000584621,0.18043315000009208,60.63641253437145,88.87616901064237,38.875014133534044,Big beat,Above whisper,Very bullish
51.43493286829717,0.02869865736594335,86.75073489169017,32.41904119720729,0.18046784124706286,56.38033529860304,88.33139569418232,36.24977277020595,Beat,In-line,Mixed
53.52445931253437,0.07048918625068744,87.26577947473783,33.43965254219869,0.2091577187927646,60.09669075610591,89.18943273236461,38.54286335677184,Big beat,Above whisper,Very bullish
52.393550775415065,0.04787101550830139,87.24126413662137,32.61760112832925,0.26836545994747374,61.70744368985917,89.64556077471606,40.445322354286745,Beat,Above whisper,Clean
51.13263781801886,0.022652756360377103,86.49331522341582,31.891522582885976,0.1339961113224357,53.842482986771046,87.92450234094942,34.19404285917436,In-line,Below (severe),Mixed
51.58137804299132,0.03162756085982646,87.00876741794723,32.31609766137394,0.10090898330299837,52.73023085448595,88.1489877886309,33.20916299780797,Beat,Below (severe),Mixed
49.18269754737503,-0.016346049052499322,85.99439096906704,30.518229991214884,0.22902188782467695,56.12899666027175,88.43914107089756,35.71274247916339,Miss,In-line,Clean
51.61209110103461,0.032241822020692056,86.52735960560122,32.053103050409206,0.12069531279628018,53.70989796764808,87.40848354072442,33.722445369319246,Beat,Below (severe),Clean
52.04651522856161,0.040930304571232166,86.45801346228862,32.02515584984547,0.13824320730647874,55.010050106963206,87.45582289496542,34.94821502129621,Beat,Below,Clean
54.3487902319187,0.0869758046383739,86.67660863996024,34.04399067845262,0.1640452786575031,58.74556319376826,88.00320436168865,37.13968601274397,Big beat,Above whisper,Mixed
50.41666288746322,0.008333257749264371,86.65901201608399,31.683191505603844,0.1631243018930987,54.452213980134616,87.91698942992797,34.332946850957995,In-line,Below,Mixed
51.200429946302215,0.024008598926044247,86.3224103742801,31.651983235383142,0.13252020301420336,53.84369836597207,87.32390248678264,33.689176214674056,Beat,Below (severe),Mixed
53.05379522755857,0.06107590455117133,87.23718264367348,33.325230663563644,0.11585026082744462,54.97151329666013,88.72753560645906,34.82478473078325,Beat,Below,Clean
54.5079727019907,0.09015945403981401,87.2306491298614,34.515823256600044,0.27730399804345435,64.65016206767504,89.71654091261058,41.65528460203037,Big beat,Above whisper,Clean
49.91316292503299,-0.0017367414993402575,86.16199067512412,30.53786019464224,0.12933289888173863,52.342250051449454,87.52905269405193,33.1183390497874,Miss,Below (severe),Mixed
49.62182354317362,-0.007563529136527532,85.8569935101837,30.869012587878608,0.13574058679739948,52.33198191824666,86.8811062334868,32.86471633748945,Miss,Below (severe),Mixed
52.06411102966519,0.041282220593303845,86.94517079516399,32.474827861152974,0.16035197445844512,56.097501600860305,88.60056849330856,36.312074961982354,Beat,In-line,Clean
51.29812896288585,0.02596257925771699,86.21917943875505,31.84967845752442,0.18895446929839266,56.634629718706414,87.88036607873637,35.703847366292536,Beat,In-line,Clean
51.048136210287076,0.020962724205741443,87.31777832105102,31.892481453836716,0.17810390193127487,55.84429356596853,88.74069206912625,35.95914216113213,In-line,Below,Mixed
52.10232492753568,0.04204649855071357,87.21352453186564,32.85101967890125,0.14421328541232406,55.35787435560204,88.39511380373523,35.479098319757924,Beat,Below,Mixed
51.20866686677116,0.024173337335423102,86.2421474661046,31.716079031754944,0.10917671009692564,52.74235631203934,86.84518043830334,32.41380299457953,Beat,Below (severe),Mixed
51.16381421176932,0.02327628423538633,86.49351407872929,32.21454947415731,0.16474616616075813,55.336223845796795,88.04095650947359,35.22579710826844,In-line,Below,Clean
52.73052946707119,0.054610589341423925,86.48224132818186,32.87510405012159,0.12289265929337377,54.981386997853804,87.43002679417418,34.47685976766462,Beat,Below,Clean
50.30713875029045,0.006142775005808843,86.70348943119825,32.015227425771776,0.1471403931146612,53.58725442801899,87.63908507728966,33.74163829083897,In-line,Below (severe),Clean
52.957120805105376,0.0591424161021075,87.23447633905931,33.54700643517679,0.1547575806261875,56.78459121941564,88.9711228986413,36.321485091989395,Beat,In-line,Clean
51.170840548402566,0.02341681096805118,86.97851915704169,32.074068431893615,0.1266864279903853,53.535385015120596,88.23952878946744,33.87077072573901,In-line,Below (severe),Mixed
50.253907574105725,0.005078151482114586,87.15826534561131,31.57822664960338,0.10435673943930793,51.53408140457918,87.90887037272142,32.52683738414065,In-line,Below (severe),Mixed
55.57101842074831,0.11142036841496611,87.26559303725469,35.00301708433326,0.22563841769860232,63.24497686659828,89.54385196383137,40.97196432901167,Big beat,Above whisper,Clean
56.38627971685056,0.1277255943370113,88.90872565797608,35.785261146492374,0.23284398786590124,64.55009409368392,90.8738693502458,42.30467761834926,Big beat,Above whisper,Very bullish
55.93382650193989,0.11867653003879765,87.0744119405095,35.33446047869574,0.15603333137599307,60.042698659955505,88.58092453969466,38.32827392511441,Big beat,Above whisper,Clean
51.81015667834341,0.03620313356686825,86.6614188462135,32.62593572638447,0.09994972795722581,52.917955762067585,87.85638395472118,33.76085523346185,Beat,Below (severe),Mixed
51.905650169249775,0.03811300338499553,86.22794487043262,32.20046416102563,0.1267715830695618,54.30825363921326,87.22613752251185,33.9694681831194,Beat,Below,Mixed
52.35737583395246,0.047147516679049116,87.0677820728238,32.97489499176514,0.15421861544277457,56.11529656876148,88.65058912564828,35.668189506681976,Beat,In-line,Very bullish
51.26498262510064,0.025299652502012895,86.55495342898695,31.90076688709155,0.1825454022199882,56.29294310547175,88.12382364352031,35.921611201786085,Beat,In-line,Very bullish
50.50965408876128,0.010193081775225652,87.08623316964736,31.45468102468208,0.22748886130845886,57.57146365517646,89.5702759457156,37.22617858472702,In-line,Above cons < whisper,Clean
50.75800769749169,0.015160153949833777,86.120223584195,31.71903104381497,0.166414334153892,54.97594862634447,87.9319549039518,35.10158056801141,In-line,Below,Clean
51.32638184923919,0.026527636984783796,86.7630415147097,32.36939322008719,0.05328443441047906,50.19975914238273,86.95586960534638,31.116027928811192,Beat,Sandbag (flat/down QoQ),Clean
56.07400257197358,0.12148005143947163,88.29384506539607,35.32366707956229,0.1905003813987981,61.987827059313744,89.80115313661354,39.8189179154696,Big beat,Above whisper,Very bullish
54.24946622431882,0.08498932448637636,87.97088419943815,34.840554409294334,0.1828467113538629,59.58531680784242,89.64750050112055,38.48229633533104,Big beat,Above whisper,Clean
52.03555309515807,0.0407110619031614,87.04226883894619,32.39525937380683,0.11739046021958532,53.99088557643797,87.62151463644426,34.25752916176748,Beat,Below,Mixed
52.82142989216179,0.05642859784323571,87.36660498845855,33.07289655032037,0.07142646154922071,52.551829314519914,87.4807657889815,32.86319163978003,Beat,Sandbag (flat/down QoQ),Clean
53.42567723194619,0.06851354463892388,86.99863216451666,33.654088161497846,0.17795086406937033,58.437621040372136,88.49515820837709,37.1807312097958,Beat,Above cons < whisper,Mixed
55.32727957103728,0.10654559142074568,87.49033601527792,35.22485212553225,0.12259172855341255,57.67352166625089,88.38130677336963,37.304807765251134,Big beat,Above cons < whisper,Very bullish
53.009146905150075,0.06018293810300136,86.67932498486607,32.9920013443497,0.12623308491499952,55.43632254429246,88.07287040164591,34.9089266974312,Beat,Below,Mixed
51.31391586214614,0.02627831724292281,87.12399871380819,31.93996674218403,0.002218647136467411,47.75435166787499,86.24311964244171,29.690924946792716,Beat,Sandbag (flat/down QoQ),Clean
54.37232268332806,0.08744645366656119,86.94226608979336,34.13137317823138,0.13181179896834466,57.14357661099737,88.3802310895055,36.36262578599361,Big beat,In-line,Clean
50.914814306299604,0.018296286125991993,87.19264538536815,31.84652895480108,0.15556156715323455,54.63268813888182,88.83488753844723,35.162573463797564,In-line,Below,Clean
53.054153764821365,0.06108307529642737,87.34336479992133,33.60720307189226,0.1462568088478815,56.46985034840403,88.94856332957744,36.2041928106361,Beat,In-line,Clean
50.521402319608214,0.010428046392164112,86.89344920523709,31.585248894366586,0.18436918242936162,55.56199253471215,88.31363971872513,35.22606821720054,In-line,Below,Mixed
50.644251994447956,0.012885039888959051,86.95929277519619,31.60890171938637,0.11542358674085709,52.45480797835102,87.67236523901968,33.24609666368459,In-line,Below (severe),Very bullish
51.93243610474669,0.038648722094933904,86.92326918640822,32.81313898410153,0.13311664830133682,54.64225737019578,88.41370680485109,34.77718420053357,Beat,Below,Clean
51.95451355364629,0.03909027107292577,87.52700720336071,33.0398497371476,0.13659973864109062,54.833523202992275,88.18070989113718,34.79877549307867,Beat,Below,Mixed
51.575858252784926,0.031517165055698446,86.80839509440501,32.533857845295294,0.19326753692478937,57.147811817648254,88.27873588897816,36.645555701732484,Beat,In-line,Clean
51.76217854286048,0.03524357085720957,87.32632331779958,32.37329283691101,0.22140896120218595,58.70687524334035,89.12104981453652,37.97853803148431,Beat,Above whisper,Very bullish
53.14769368508563,0.06295387370171265,87.89157379931306,33.902688048609285,0.1804161634776264,58.25522548618765,89.23267947502643,37.74670522016564,Beat,Above cons < whisper,Clean
54.560897050366265,0.09121794100732526,87.76029953858733,34.64549690843679,0.18456996155423144,60.01468545550841,89.54208242135023,38.839824761745014,Big beat,Above whisper,Very bullish
51.855434098967876,0.03710868197935758,86.76543260477754,32.23023042546085,0.10427430054737453,53.172435846416924,87.44471324791834,32.98952646641475,Beat,Below (severe),Mixed
50.09087728191386,0.0018175456382772959,85.72623550124689,31.04766639138745,0.20782949590313565,56.179721981277005,87.4664354525825,35.109391131077246,Miss,In-line,Clean
50.823942459481664,0.01647884918963335,85.98428011320662,31.618274658458667,0.21691419904848075,57.430635999811486,87.70502749431897,36.321680823004655,In-line,In-line,Very bullish
52.78420813006084,0.055684162601216745,86.32695186709327,32.82934686595772,0.15473908506159548,56.598274758821056,87.77666294335677,35.715520858791095,Beat,In-line,Clean
52.858283799249264,0.05716567598498529,86.67683649869252,32.92103923039798,0.12182463394338881,55.062173097256526,86.88854300592857,34.39497746366352,Beat,Below,Clean
51.66628466753716,0.03332569335074332,86.17089766585953,32.196196675940534,0.12091826890457823,53.776990772390704,87.4288741604953,33.60236561457807,Beat,Below (severe),Clean
51.76296608574405,0.035259321714880935,86.64592492815997,32.13537593642441,0.11742217129123858,53.709579816292084,87.70068686649269,33.87432330340831,Beat,Below (severe),Clean
49.79628610117477,-0.004074277976504646,87.00181453630313,30.931282975573367,0.14754617069891848,53.06185618540011,87.9884165428511,33.69824217675483,Miss,Below (severe),Mixed
49.44418269735647,-0.011116346052870672,86.17959609172745,30.944104622576305,0.17335409848430866,53.87156767028229,87.83068584295914,34.17898454249386,Miss,Below,Clean
49.3994368943175,-0.012011262113649836,86.16467305153898,30.51332890822802,0.15073513064087207,52.785262649013106,87.53251671547825,33.15158057559205,Miss,Below (severe),Mixed
50.43420695805424,0.008684139161084783,85.97281905807094,31.23229447729144,0.1759542872007308,55.07201318718618,87.95969902970057,34.957412680320694,In-line,Below,Clean
51.30918782984656,0.02618375659693119,86.54692117042082,31.665629022800267,0.18677560213526914,56.543028547420796,88.47398038932864,36.32311027606363,Beat,In-line,Mixed
54.337042608313745,0.08674085216627489,87.78585636004783,34.65674936655921,0.17728926424814748,59.40110141992179,89.22412800040387,38.32960329738835,Big beat,Above whisper,Clean
51.92285022438071,0.03845700448761422,86.88026690905517,32.76125142692722,0.1626699114750599,56.057054554348255,88.35918925787954,35.70919016668018,Beat,In-line,Clean
51.17862361988653,0.023572472397730703,87.54866650784213,32.25722012279779,0.1535069959910719,54.81812179139496,88.52892441636446,35.29725961631497,In-line,Below,Clean
52.03265455607732,0.04065309112154635,86.54972194449974,32.446542587725155,0.06347353107606166,51.38282580972587,86.82820499408069,32.29670303580564,Beat,Sandbag (flat/down QoQ),Clean
52.5247786965092,0.05049557393018391,87.21914390153255,32.7591230296364,0.11461775173912843,54.36326140263419,87.98756498103701,34.212417059209976,Beat,Below,Mixed
52.16057055713396,0.043211411142679165,86.64687072865492,32.65457491312714,0.06586366880021265,51.62491016497206,87.07058030741851,32.63246219585151,Beat,Sandbag (flat/down QoQ),Clean
51.36650720725812,0.027330144145162435,87.50856256127878,32.4500057308574,0.14340656367445875,54.53760138710959,89.64572512159789,35.50680731358896,Beat,Below,Clean
51.667301542679326,0.03334603085358644,87.40524074508987,32.32842552228219,0.16849670829676772,56.060709509254636,89.06045404650781,36.200593721394576,Beat,In-line,Mixed
51.992917904675494,0.039858358093509814,86.94432112977705,32.80254905890149,0.13637417424936626,54.86316563997351,88.44839532633854,35.06450283921,Beat,Below,Mixed
50.76666881422553,0.015333376284510602,85.72195071848371,31.33682639418221,0.15774634310298735,54.57671623039079,87.01962209288176,34.17765383341185,In-line,Below,Clean
54.45964317901743,0.08919286358034854,86.2596417277524,34.04676086028391,0.18951800985805073,60.15353163103549,88.25231164043812,38.683277298625605,Big beat,Above whisper,Very bullish
52.34397616424245,0.046879523284848845,86.26413549688976,32.47532238157498,0.18802670699028218,57.74418151652686,88.02523366293006,36.515003942844096,Beat,Above cons < whisper,Mixed
51.19102750725744,0.02382055014514868,86.40321798944865,31.878970978122837,0.1336230291880433,53.88623283645237,87.54280685345975,33.96541000192809,In-line,Below,Mixed
52.151342909915634,0.043026858198312576,87.22822395926501,32.79671802079065,0.20965609921898148,58.57910503105146,89.2849429255206,38.294846321413154,Beat,Above whisper,Clean
54.559900094046384,0.09119800188092782,86.88233281586129,34.11631840845855,0.17054390104681957,59.30298984703766,88.1813066219193,37.8022229629316,Big beat,Above whisper,Clean
53.244204489838445,0.06488408979676874,87.36319218742973,33.380543075252085,0.16870705544487258,57.782100488193485,88.98701988011936,37.42433176422374,Beat,Above cons < whisper,Clean
51.063248179047996,0.02126496358095981,85.85740978987263,31.404564370886458,0.12435665608862677,53.312352759359634,86.93717901736248,33.18225158593649,In-line,Below (severe),Mixed
53.78088053361786,0.07561761067235713,87.86107834043581,33.85994025545392,0.22192150525424514,61.022013460141565,90.18506921414738,39.80373164621855,Big beat,Above whisper,Clean
49.386159120098704,-0.012276817598025881,86.90589999125065,30.64647568344397,0.11608949966810278,51.18227550696026,87.56503082669327,32.01463190452448,Miss,Below (severe),Clean
54.52635231152011,0.09052704623040214,88.03296444611165,34.52618517475197,0.09510287471139914,55.4468247950242,88.53808050792071,35.13670013369024,Big beat,Below,Mixed
56.39000671289666,0.12780013425793318,87.38362324237497,35.45953061400027,0.21910770406614474,63.83509935774579,89.3181457714004,41.19852772367882,Big beat,Above whisper,Clean
52.389246630872975,0.04778493261745956,86.50048093514819,32.74056712573534,0.1770397966700304,57.25964047337745,88.16206924950234,36.59137480055851,Beat,In-line,Clean
50.0241102294003,0.0004822045880060122,86.25842590888786,30.718115868646304,0.08015550288756465,50.17425951695936,87.36377256113012,31.548726024099274,Miss,Below (severe),Mixed
50.99948781963216,0.01998975639264329,86.4837679573507,31.66484709975574,0.07501326158029731,50.90904532991402,86.76848806295342,31.696910949566647,In-line,Sandbag (flat/down QoQ),Clean
49.492416102884114,-0.010151677942317796,86.66334612926204,30.824940526395313,0.21158974571455566,55.68132499511432,88.5916984050575,35.609696506529424,Miss,Below,Mixed
52.59506523862356,0.05190130477247133,86.05390775167979,32.90357562726599,0.22640755097425017,59.895629070300444,88.35426500342726,38.4916213305828,Beat,Above whisper,Clean
53.21481601147195,0.0642963202294391,86.74902653591575,33.41721691783824,0.08857416770135423,53.79054018842101,87.91954444594131,34.3941387280291,Beat,Below (severe),Mixed
52.907234112075166,0.05814468224150331,87.54470009443494,33.386715617031705,0.22427228811098532,60.14622766658429,89.79407197512684,39.20171637442515,Beat,Above whisper,Clean
53.9909863788277,0.07981972757655391,87.59402529845401,34.19000824421891,0.11018916630225162,55.65876471605073,88.72861672529642,35.484144831152406,Big beat,Below,Mixed
52.20624963350724,0.04412499267014473,87.29591988104988,32.69738655981863,0.10945054926444636,53.7830914501506,88.1470566956691,34.239805349841845,Beat,Below (severe),Mixed
50.11255160340158,0.0022510320680314555,85.48193227778748,30.822931570330226,0.07675297792382291,50.10463637244362,85.82543639458018,30.63196039877633,Miss,Sandbag (flat/down QoQ),Mixed
51.42146197586064,0.028429239517212657,86.42890939315366,32.581834704398105,0.17074096676376102,55.90112552702326,87.92415811297103,35.69653903566283,Beat,In-line,Mixed
50.413610306566035,0.008272206131320754,87.32569896041291,31.471758218058724,0.12623587590115776,52.722072520886805,88.8575067772161,33.55443496998137,In-line,Below (severe),Clean
53.4835750287643,0.06967150057528596,87.21788626230781,34.0905560391027,0.07996554439506541,53.63467406340991,87.7274100659188,34.064241899099734,Beat,Below (severe),Mixed
51.2918527099481,0.025837054198961998,87.08403824935853,31.95991363169653,0.10727207840185587,52.737319472709956,88.08915039534702,33.374187965744625,Beat,Below (severe),Mixed
48.53261751681094,-0.029347649663781176,86.46836916034422,30.258366255415535,0.1333949416669059,51.077578685164745,87.87446658946533,32.754358051815956,Miss,Below (severe),Clean
51.868764676836385,0.03737529353672773,86.68664212114258,32.62078745508559,0.08786900846702689,52.39596291372815,87.491450819247,33.36690234363683,Beat,Below (severe),Clean
51.95854753081519,0.03917095061630389,85.6215914020112,31.855429690309787,0.15677426537174402,55.81114560333147,87.0855928176075,35.020069266392476,Beat,Below,Clean
50.91428279758732,0.0182856559517463,86.56795647368823,31.685820389359918,0.13256726877250968,53.545003766033595,87.9204692982157,34.00045639606931,In-line,Below (severe),Very bullish
54.455988746092906,0.08911977492185814,87.80118924444814,34.65321018456854,0.24573106895549826,62.99198013800613,90.25862325347715,40.671629880685735,Big beat,Above whisper,Clean
51.54878747936841,0.03097574958736809,86.85422219917757,32.12531287568368,0.034278686602624286,49.50753990939618,87.0149160111284,31.028161302423722,Beat,Sandbag (flat/down QoQ),Mixed
51.83323030035552,0.03666460600711039,86.33155956611559,32.037912569627956,0.16283549200144257,55.96826843988527,88.09252675883268,35.743556435684894,Beat,In-line,Clean
51.95169664504159,0.039033932900831896,86.71204369559324,32.31988222880855,0.2048369314052705,58.12237114088728,89.50195733034411,37.53191585142859,Beat,Above cons < whisper,Mixed
51.04225377364787,0.02084507547295741,86.96809988458254,31.744537136006198,0.12142191326028293,53.15133746367816,88.24398514834067,33.93281772699651,In-line,Below (severe),Mixed
52.69304154973401,0.05386083099468023,87.77091549966981,33.4084277837176,0.18896205550615325,58.17502506385412,89.1364555076742,37.67380271038379,Beat,Above cons < whisper,Mixed
51.79200671083692,0.03584013421673855,87.19597610386623,32.45717979602395,0.13591010922530875,54.62884514276864,88.83939733087999,35.554413328977816,Beat,Below,Mixed
51.34350232615421,0.02687004652308432,87.6652829299241,32.565233147660805,0.16451288253480123,55.51944347231481,89.5894375347883,35.625363927558176,Beat,Below,Mixed
51.22927540946913,0.024585508189382592,86.8075572123571,32.304532154240626,0.10044328856197512,52.3481328520831,88.07833413645601,33.463578992618665,Beat,Below (severe),Clean
51.99291891644584,0.03985837832891692,87.16130292824398,32.80734562002197,0.12711009552084684,54.41590496301413,88.2856297261862,34.72181621473946,Beat,Below,Mixed
51.73410325843382,0.03468206516867633,86.41672823973798,32.357323211725785,0.07173931620610942,51.485081561392256,86.68000321132727,32.06138177588268,Beat,Sandbag (flat/down QoQ),Clean
50.36699290245906,0.007339858049181314,86.84935507800272,31.315942681728757,0.11449106941687585,52.1240235129471,87.8059581059611,32.690403647019856,In-line,Below (severe),Mixed
50.12908007445299,0.0025816014890598506,86.94958850535541,31.09324755179163,0.060138984187981886,49.34780688352227,87.79269439961152,31.137868712312397,Miss,Sandbag (flat/down QoQ),Mixed
52.680364287795655,0.053607285755913024,85.45288365088214,32.505102772262816,0.1584422833469547,56.66807852931027,87.16144619286044,35.46727155781356,Beat,In-line,Very bullish
54.342042564946794,0.08684085129893578,86.86448200226138,34.129508981326566,0.10919655451942176,55.97057735154484,87.69329450866645,35.33986050744143,Big beat,In-line,Clean
51.77144053173587,0.035428810634717374,86.72033429241579,32.85472497297055,0.14877866109478552,55.225788555781854,87.75251044754519,35.084203821112446,Beat,Below,Very bullish
54.07166308377707,0.08143326167554138,88.12324934823907,34.290816273485724,0.09066072035474426,54.761421937607665,88.92377496868032,35.15068119956644,Big beat,Below,Mixed
51.261795060569185,0.025235901211383558,86.87452799409705,32.1705686413893,0.1758249198494753,55.96954634926013,88.73916177997545,35.8537141454842,Beat,In-line,Clean
53.59906292492225,0.071981258498445,87.61781716803102,33.42987926457623,0.1685796826646586,58.16086337650523,89.03052811402084,37.33451188938524,Big beat,Above cons < whisper,Mixed
51.618188421306414,0.03236376842612823,86.92675815010278,32.07260600025273,0.1985212286241972,57.44653070562666,88.25139799158363,36.51221130839727,Beat,In-line,Mixed
52.32200924864008,0.04644018497280166,86.72748092458504,32.32842901089088,0.06617954265607918,51.80003761359349,87.2065873289246,32.541172834659804,Beat,Sandbag (flat/down QoQ),Clean
52.87177650878624,0.057435530175724746,87.02281835106511,33.03206287067878,0.13711825689371515,55.827072175220444,88.77638337344871,36.014046745081814,Beat,Below,Clean
50.447232388627995,0.008944647772559846,86.46164791263551,31.433340690092297,0.11937133856450496,52.435672756752226,87.95379522271594,32.8879024827201,In-line,Below (severe),Mixed
52.64808652604549,0.05296173052090989,87.77196983733641,33.71817045042704,0.06309346121124054,51.971991064613825,88.35055087778517,33.32393805340309,Beat,Sandbag (flat/down QoQ),Mixed
53.23569342283707,0.06471386845674149,85.95959060705758,33.28166617846542,0.17706319801927367,58.1859344384112,87.73671456827894,37.05954004824732,Beat,Above cons < whisper,Clean
52.22888883727189,0.04457777674543793,87.5662472760179,32.807000848363394,0.13819203076130576,55.200326117950915,88.40091116044319,35.009902851824684,Beat,Below,Clean
51.15045201099701,0.02300904021994004,87.02519712445942,32.44385761909411,0.1924193008430613,56.63615863727677,88.80138125470596,36.70882923589127,In-line,In-line,Mixed
53.32437671403508,0.06648753428070156,86.87079251343188,33.42795199617057,0.13948383228452405,56.42210333712859,88.07041379362403,35.402889211856355,Beat,In-line,Mixed
56.611678608944985,0.13223357217889967,88.64230154636365,36.267889619309905,0.22819151782482727,64.56355608609348,90.0784469714355,42.06891440462697,Big beat,Above whisper,Very bullish
50.2719475726961,0.005438951453921863,86.66947160538572,31.281270912345093,0.11552852308096823,52.07409204044686,88.55529376526997,33.054041824890156,In-line,Below (severe),Mixed
51.26843220476957,0.02536864409539137,86.51390271909048,31.994383141409635,0.21420795456555985,57.804071186769455,88.46754051189608,36.99998836463111,Beat,Above cons < whisper,Very bullish
52.281415346067774,0.045628306921355444,87.23644601661297,33.10484373696842,0.13639181981562465,55.16844610425059,88.65573725531381,35.13840136504007,Beat,Below,Clean
48.67158632850655,-0.026568273429868956,85.52758253080697,29.67341558110677,0.12588992815288766,50.884645346311494,86.76312244580579,31.764785070633526,Miss,Below (severe),Very bullish
52.724840054451974,0.05449680108903949,86.86343867389357,33.321952133666635,0.19619053635251624,58.56402936784728,88.58090172909198,37.38477729187456,Beat,Above whisper,Very bullish
51.574686301318295,0.031493726026365826,87.13110989257005,32.254375806892085,0.03670947398093537,49.64882548430205,87.24518198615625,31.15043839591396,Beat,Sandbag (flat/down QoQ),Mixed
50.52402849675863,0.010480569935172634,86.28162364636957,31.11969803922801,0.17407314215943182,55.08184025661764,87.43936894794902,34.69586109125382,In-line,Below,Clean
55.20129741293813,0.10402594825876264,87.72111933409519,35.213038942072416,0.14714179708281214,58.80059297875345,88.97057665689154,37.54215963850964,Big beat,Above whisper,Mixed
52.16165638444029,0.043233127688805925,86.53919589621516,32.73442613210281,0.20836391764873075,58.52810178405282,88.92108076783587,37.59716471143947,Beat,Above whisper,Very bullish
55.00649279348069,0.10012985586961382,87.84500943108614,34.68868735386551,0.24242369892191087,63.45984379539787,90.06504870044739,41.43482296458691,Big beat,Above whisper,Mixed
48.712929499344774,-0.025741410013104486,86.00741252379008,30.094786465739254,0.14498664196408725,51.791678312853236,87.70657398415193,32.40735064424312,Miss,Below (severe),Clean
51.085123629651996,0.021702472593039847,87.33374637295455,32.54681385824249,0.15472522721157134,54.77576091963961,88.33789542766051,34.58735898183501,In-line,Below,Mixed
54.15200587118196,0.0830401174236393,87.41545110165401,34.21386443442543,0.12023422521314737,56.3298638879241,87.94409394190143,35.813051684390814,Big beat,In-line,Clean
51.17995334512588,0.023599066902517674,86.52419471398187,32.208184842936646,0.16510049503741606,55.37051833708387,88.57436125762312,35.219749202528966,In-line,Below,Clean
50.827844483716376,0.01655688967432761,86.14986091610135,31.726949353890127,0.1475934070678757,54.16329213748534,87.61636742008734,34.09199236105786,In-line,Below,Mixed
52.27819084732408,0.045563816946481595,87.36602959233392,32.84820619124041,0.17778965464509555,57.17466146185878,88.39257886118382,36.39088795156479,Beat,In-line,Very bullish
54.95461607204898,0.09909232144097958,88.27365975343928,34.62779078304301,0.18353336959722513,60.39486322505439,89.74804628598885,39.344777702561686,Big beat,Above whisper,Very bullish
51.78936802056058,0.03578736041121146,87.88714932825363,33.08941705818727,0.05949403214842655,50.95120303605661,88.32148042029802,32.19522336480019,Beat,Sandbag (flat/down QoQ),Mixed
51.64078581099956,0.03281571621999114,86.68521025861733,32.1764522722185,0.09312288596841742,52.41760161801126,87.63132327864948,33.17618248337191,Beat,Below (severe),Mixed
52.977103737109275,0.059542074742185515,86.4644783749918,32.92350847542277,0.08996633765461444,53.61874118703662,87.43475723694807,34.17357602577732,Beat,Below (severe),Mixed
51.4539826586873,0.029079653173746136,86.15070369156005,31.550401118300822,0.07194737672965076,51.21625018089617,87.11387683361679,32.390195680347595,Beat,Sandbag (flat/down QoQ),Clean
52.3998740507833,0.04799748101566613,86.55959440387406,32.48627963848685,0.19117512923727809,57.959039119854694,88.0646058091106,37.07647083535817,Beat,Above cons < whisper,Clean
51.262688762040675,0.025253775240813434,86.75444999810776,32.191322645499554,0.08048982356203603,51.43246971182626,87.55836306658266,32.3251201933558,Beat,Below (severe),Mixed
51.268338271583666,0.025366765431673332,86.38309076563601,31.736568182914073,0.18020390033603229,56.18515759245082,87.96716466553394,35.749149392420634,Beat,In-line,Very bullish
51.787165152739924,0.03574330305479846,86.92949839940722,32.65880948337329,0.18847315454789082,57.15139442458589,88.64463357332134,36.74620115158839,Beat,In-line,Mixed
52.25822763895679,0.0451645527791358,86.71981116981783,32.78026510132687,0.13867000892973616,55.25452820856718,88.01286274027828,34.991035567187716,Beat,Below,Very bullish
54.27307827521355,0.08546156550427104,86.72611886575417,33.83053576220725,0.21063761903915315,61.01181381381369,88.85962893722207,38.984055411994184,Big beat,Above whisper,Clean
51.91685427611819,0.03833708552236361,86.72984737818773,32.25770492023417,0.24404205309977883,59.97341069956238,88.4554744907025,38.44328777746496,Beat,Above whisper,Clean
53.01332535080371,0.06026650701607414,87.223545172291,33.292505957123176,0.19277518026487125,58.71633736590622,89.00122819589804,38.270990245064226,Beat,Above whisper,Clean
50.99638809172839,0.019927761834567983,85.70306920631175,31.14360433100709,0.16768549098550303,55.2943322911359,87.03895793368868,34.794357172653804,In-line,Below,Mixed
49.44789749308981,-0.011042050138203691,86.72715049814057,31.010461936724084,0.21297558875933736,55.69487167640684,88.55953079341153,35.41585523963104,Miss,Below,Mixed
52.34025519192848,0.0468051038385695,87.09396502769835,32.82252580586236,0.18340237248287378,57.515326301166695,89.08773578064381,36.91733270072267,Beat,In-line,Clean
54.09706649893702,0.08194132997874046,87.30771460652018,33.9949111907461,0.10498268593626008,55.506584566891625,88.32583595792991,35.0632051586431,Big beat,Below,Mixed
53.6063508917317,0.07212701783463404,87.55608002361278,33.94647596338523,0.11939897516873363,55.720687518544274,88.5183147050676,35.82466847782855,Big beat,Below,Mixed
51.778497234304375,0.03556994468608749,87.09284687771644,32.080855912409355,0.1944238896543498,57.42794020512233,88.61815494790257,36.562294656119235,Beat,In-line,Very bullish
54.679381535531434,0.0935876307106286,87.06956503983317,34.634587323156424,0.13164527203875584,57.457830478924,88.6728377946818,36.377921143039664,Big beat,In-line,Clean
51.06804475596286,0.021360895119257296,86.18336891949072,31.46164182403397,0.23729837153623315,58.67309371308573,89.12956279823645,37.802229665330124,In-line,Above whisper,Very bullish
57.19632523741795,0.1439265047483592,88.5985605783539,36.31169996571828,0.1397025475757503,60.530597757552385,89.13146856342176,39.31957524916185,Big beat,Above whisper,Mixed
54.13155889851651,0.08263117797033026,88.33314963625212,34.497533836006816,0.09872133231598756,55.22724861951088,88.92539670468236,35.52248602760876,Big beat,Below,Clean
50.65667200724428,0.013133440144885685,85.18684440649366,31.061933122940008,0.1823630993447826,55.61639545147905,87.36174420714057,34.98493989119954,In-line,Below,Mixed
53.616194946332975,0.07232389892665948,86.53359793405566,33.71371007376733,0.1075827390521217,55.14263119505401,87.34708649943485,34.888009299950966,Big beat,Below,Clean
54.55790036954551,0.0911580073909101,87.46060061734138,34.169833198169236,0.1166747925596445,56.5717583578197,87.90560291142555,35.53749114431799,Big beat,In-line,Very bullish
50.56085062009317,0.011217012401863352,87.30584845865808,31.84377476241002,0.17295400725918478,55.069441463466234,88.89228966981307,35.58961475777191,In-line,Below,Mixed
53.015932817221746,0.06031865634443484,87.97626205581463,33.19776730934341,0.12576287543878872,55.4202711886434,89.11025212699145,35.40040291944729,Beat,Below,Very bullish
52.60156885849652,0.05203137716993023,87.05911088910918,32.93139678549944,0.1657931844634681,56.94236829108384,88.57562536917773,37.0017959247904,Beat,In-line,Clean
51.70655250986913,0.034131050197382606,87.3775123104953,32.65497072787526,0.11467735233651175,53.51925711799618,88.36990215644116,33.9451510985658,Beat,Below (severe),Mixed
54.22553607972175,0.08451072159443497,87.04389836065994,34.13355210083355,0.17314916039492304,59.07073911504088,88.31082698495585,37.58218805544351,Big beat,Above whisper,Clean
52.998240050288594,0.059964801005771874,87.31749965140872,33.322438723819936,0.13969934743400736,56.08762677186016,88.66940470070934,36.179539626984706,Beat,In-line,Mixed
51.0016451266377,0.020032902532754027,86.08664180985355,31.483918041963115,0.11573098608528225,52.83953610846403,87.38248153703346,33.53950064025625,In-line,Below (severe),Mixed
53.822127562987774,0.07644255125975546,87.33919982638756,33.93635409827751,0.20368130061435732,60.15721075635977,88.95160954883227,38.85925385656127,Big beat,Above whisper,Clean
52.638963603536496,0.05277927207072983,86.98240380672256,32.31945733548439,0.1755011768478448,57.457366259436014,88.36285909542049,36.57639050782814,Beat,In-line,Mixed
52.85895841483828,0.057179168296765434,87.01041287129351,33.32693641052489,0.131959098101042,55.560308972833624,88.30512320401667,35.353323873418205,Beat,Below,Mixed
54.152106455051666,0.08304212910103334,87.27686039057716,34.032897879154824,0.19912866902923568,60.29710452867733,88.93306700028872,38.698559692260304,Big beat,Above whisper,Clean
54.12017846608252,0.08240356932165058,87.02249141524553,34.22452549088473,0.06573595097132676,53.55797558826778,87.50463023710354,33.757834743618325,Big beat,Sandbag (flat/down QoQ),Mixed
52.179499165173226,0.043589983303464634,86.9418526298505,32.76492244517183,0.1831645192741681,57.32715118531983,88.74264828005957,36.74026856623084,Beat,In-line,Clean
48.74587878976405,-0.02508242420471894,85.42326957180327,30.075245579766786,0.030240841848197003,46.63285268663978,85.64356701840875,28.461875463953355,Miss,Sandbag (flat/down QoQ),Mixed
51.740751735659586,0.03481503471319165,86.29746034066828,32.05700465668029,0.16936556484093185,56.18214956590228,88.00241703282066,35.69105569186059,Beat,In-line,Clean
52.61714915337793,0.0523429830675586,87.44832641880983,33.20173715539178,0.1329544607730412,55.354774286017125,88.74677032276249,35.186267364808835,Beat,Below,Clean
52.326513481669146,0.04653026963338283,87.14036732657814,32.90109167073395,0.1370969347661613,55.250295366505746,88.45594060341969,34.840569231812374,Beat,Below,Clean
52.40742264261129,0.04814845285222584,86.54860747350702,32.56672959707448,0.17255203465192895,57.06111361828191,88.6127276211403,36.29463736970964,Beat,In-line,Mixed
54.091667700306154,0.08183335400612304,86.36330711316985,33.7065727576627,0.2067285741871544,60.611535250867526,88.49036954096866,39.06862430417523,Big beat,Above whisper,Very bullish
55.65949180492796,0.1131898360985592,86.74166912383485,34.65324763547806,0.2087089571453431,62.470688702290374,88.8503639436262,40.04693570464912,Big beat,Above whisper,Mixed
52.21550132085186,0.04431002641703701,86.49421669723442,33.05789142111952,0.12323320076653846,54.460885772660575,87.7988733994573,34.70130242760425,Beat,Below,Clean
49.34838212834225,-0.013032357433155053,85.93616951624003,30.532333936628522,0.12181600435808142,51.405533084984604,86.63290486712451,32.281417746928724,Miss,Below (severe),Very bullish
52.71980600352171,0.05439612007043419,87.28534370391652,33.132766632589316,0.10375916384240566,54.03354263578232,88.21675063241838,34.702010684220035,Beat,Below,Very bullish
53.376449865087835,0.06752899730175672,87.2613261138355,33.51947127536995,0.12097750907428774,55.55995696920942,88.38246958978084,35.41694145448622,Beat,Below,Clean
54.30681653971834,0.08613633079436676,87.14965621201364,34.55925143078871,0.08839578729705355,54.88535960453316,87.80119311616122,34.88763886662892,Big beat,Below,Clean
52.79255602897045,0.05585112057940897,85.86058190577684,32.82065090785349,0.12960300663621466,55.37501358845471,87.41060869720792,34.51332375556112,Beat,Below,Mixed
53.044730363133816,0.06089460726267637,86.69642280735744,32.986568738496295,0.11470353301117114,54.90563774745234,88.08721266179272,35.14232488656072,Beat,Below,Clean
50.69450650659658,0.013890130131931713,85.79075717479002,31.217328068974023,0.1541183141142773,54.32835421394504,87.60393725967009,34.254290076017256,In-line,Below,Clean
52.0344552782495,0.040689105564989995,87.06673859702171,32.790529668419765,0.2152443918726114,58.71782424953613,88.96777128849924,37.694313653632605,Beat,Above whisper,Clean
52.73423290852078,0.05468465817041559,87.05044099016921,33.08356326411827,0.15725231475840218,56.66775502179478,88.75777339075435,36.30040054793054,Beat,In-line,Clean
51.78306923246693,0.03566138464933847,87.71510085293538,32.53466089593641,0.13426378283290114,54.540255709007674,88.85237425735862,34.973797757626194,Beat,Below,Mixed
54.04763263381922,0.08095265267638435,87.88854769250129,34.213812625335706,0.1880426535541162,59.624400543129155,89.36225298051525,38.59344797757245,Big beat,Above whisper,Very bullish
54.01756908101694,0.08035138162033874,87.29474676697744,33.86936176040312,0.18002873383130408,59.18926338679475,89.03057150821697,38.44181082875249,Big beat,Above whisper,Clean
52.76948533036332,0.055389706607266484,86.6281980046859,32.86926033840945,0.19502518048556694,58.55651632168733,88.02957810059301,37.297382521438315,Beat,Above whisper,Very bullish
49.57598992308662,-0.008480201538267647,86.50178964781354,31.121725910016217,0.136671511714062,52.326500024124826,87.97038028935724,33.407542666695214,Miss,Below (severe),Mixed
53.940641373829656,0.07881282747659311,86.96561738906674,33.83012920044475,0.06639193378998855,53.41316023133115,87.66768182820712,33.61016672512879,Big beat,Sandbag (flat/down QoQ),Very bullish
54.34086296555204,0.0868172593110407,87.50111142764729,34.77930144058261,0.11493312086997345,56.25882594145404,88.36598926297897,35.521014935794426,Big beat,In-line,Clean
52.95265560433192,0.05905311208663849,86.43673486270345,32.8716908566553,0.11381363709178924,54.76657636573486,87.32326301415742,34.42729863278025,Beat,Below,Clean
51.17088765806549,0.023417753161309885,86.35556462395385,31.954026137068,0.20453741445481183,57.234588092503564,88.56706204359132,36.77701048554299,In-line,In-line,Mixed
52.62670810851506,0.052534162170301324,86.81101350675797,32.8293222971291,0.09167439672300967,53.34757055260387,87.45595830381512,33.33135885790311,Beat,Below (severe),Mixed
52.91941189784725,0.05838823795694483,86.75450586054102,33.04202672045932,0.12919112098228713,55.48783503960683,87.76131489278856,35.81099343462834,Beat,Below,Clean
54.851996740405504,0.09703993480811002,87.69904398669622,34.34768476263848,0.20947102734360928,61.60319364593323,89.76046581674348,39.66215631321801,Big beat,Above whisper,Very bullish
55.71832208700378,0.11436644174007558,87.04489840067697,35.1453161318242,0.09490648208669031,56.648755450907686,88.00465497753675,35.95497787734425,Big beat,In-line,Clean
57.060951198196264,0.14121902396392533,87.70037151151438,36.435100751478664,0.1763887446323976,62.33115640846398,89.24719146834822,40.176386551871396,Big beat,Above whisper,Very bullish
52.38867693084451,0.04777353861689024,86.35838883784479,32.74168064363169,0.1731705213631359,57.07079061216348,87.81919408772735,36.18368894329033,Beat,In-line,Mixed
51.462261035838374,0.029245220716767436,87.58010348186617,32.67829213420159,0.07107285424502756,51.18270004116108,88.1203828187457,32.22125909614327,Beat,Sandbag (flat/down QoQ),Mixed
55.47492206761808,0.10949844135236166,88.2551609282554,35.20535872025538,0.13811518881496793,58.62707630323401,89.17954675603865,37.72715722623251,Big beat,Above whisper,Clean
50.90644128908943,0.018128825781788583,87.01745387495097,31.908887950371355,0.07475475196396912,50.803943989521976,86.94808186337396,31.82114043941142,In-line,Sandbag (flat/down QoQ),Mixed
49.57205964825187,-0.00855880703496247,86.92950474890888,30.891629951507607,0.14200220984239034,52.56773011726082,88.04590073965117,33.52753345680365,Miss,Below (severe),Clean
52.0051689110278,0.040103378220555916,86.62922033517822,32.31275498135789,0.12842854671039697,54.49239452029269,87.58743826764824,34.278700994925295,Beat,Below,Clean
54.38105473805335,0.08762109476106705,86.44894789975986,34.12731727564936,0.1629750351795719,58.72639411515484,87.80006497162802,37.10872704028451,Big beat,Above whisper,Clean
51.337397885079206,0.026747957701584158,86.34344813740464,32.10997160916388,0.14583589435919259,54.6225022754575,87.14813514663877,34.176839307608596,Beat,Below,Mixed
52.43325330514323,0.048665066102864765,87.14309035716146,32.84742950125432,0.17019015060919174,56.974242540498636,88.27774606831616,36.14244593266846,Beat,In-line,Clean
51.53933716485515,0.03078674329710296,86.66021196623309,32.3178363308293,0.10794229350921714,53.023853465490554,87.3827230139631,33.346161124514374,Beat,Below (severe),Mixed
49.79730876819454,-0.0040538246361092,86.44429810708911,31.00037661901725,0.20861607579851343,55.88684020097489,88.58917710825581,35.58890019927847,Miss,In-line,Clean
53.69491695129226,0.07389833902584515,86.81223417851086,33.86863267171582,0.14829393701660498,57.25343704208052,87.90458093298435,36.24934626302243,Big beat,In-line,Very bullish
51.84134722347734,0.03682694446954686,86.6456321300864,32.21454963506228,0.0606699465234669,51.05894763099946,86.86846603002734,31.94334902923538,Beat,Sandbag (flat/down QoQ),Mixed
49.77354463756089,-0.004529107248782185,86.08445846400814,30.500460279444365,0.1241419561684736,51.955920560427494,88.01745704060488,33.112097578632984,Miss,Below (severe),Clean
53.291321709261986,0.06582643418523977,87.01308857906018,33.55341177015718,0.13320252460316662,56.076298850348415,87.89969697807291,35.63104465263223,Beat,In-line,Very bullish
51.47170576340265,0.02943411526805295,86.24136326510687,32.01423647743139,0.22639863540467903,58.61591330231758,88.26707843207633,37.43765799268698,Beat,Above whisper,Clean
52.473735917712574,0.0494747183542515,86.7000302237872,32.78899085338332,0.1861040809395293,57.79364714884618,88.6134939052946,37.08039676952227,Beat,Above cons < whisper,Mixed
51.70810425616838,0.03416208512336761,87.36456619641038,32.84625703974689,0.12468440879747217,54.001348760716304,88.56146128207915,34.110988368028714,Beat,Below,Mixed
51.40707189699001,0.02814143793980013,85.95491388952928,31.834453863312866,0.1665559390270693,55.685708955894874,88.08565237533459,35.14712731990018,Beat,Below,Clean
55.692248308626056,0.11384496617252121,87.99395061428912,35.82307121124322,0.12400515581194421,58.127061792107945,88.57472426596021,37.10885402647529,Big beat,Above cons < whisper,Very bullish
50.03225727585835,0.0006451455171670073,87.24754644771404,31.310422206629223,0.13821618573675373,52.879844680304046,88.34549408515497,33.620437182141785,Miss,Below (severe),Mixed
51.305026339627105,0.02610052679254212,86.20964571384353,32.194766883277424,0.17503629667174472,55.97917756856448,88.13242762839788,35.32812248691815,Beat,In-line,Clean
55.198755731394144,0.10397511462788295,87.45009169477132,35.00197989027149,0.19048320136595587,61.019392046346965,88.63341848082605,38.7363229301857,Big beat,Above whisper,Very bullish
52.41743637185174,0.04834872743703496,86.17857937849074,32.6464437279622,0.22355394748023946,59.55444967603252,88.4582046904382,37.64884864463557,Beat,Above whisper,Mixed
51.264653221698,0.02529306443396005,86.77816700825576,32.19169639611344,0.17411254270770218,55.89115289193097,88.07784525604643,35.51589652338596,Beat,In-line,Mixed
52.01382084890497,0.040276416978099396,86.49406250609427,32.557902049630854,0.17079236967854405,56.5475713843158,87.95443497226213,35.75854988224739,Beat,In-line,Clean
50.28430516304716,0.005686103260943151,86.45428044366949,30.961628851022198,0.19001318689333208,55.564772935094965,88.56669297985948,35.62586184852886,In-line,Below,Clean
56.2913097854395,0.12582619570879003,87.6565636214141,35.719191116903744,0.18445883017346493,61.9122575847228,89.15088571166073,40.135691320821714,Big beat,Above whisper,Clean
50.962828471479845,0.019256569429597036,86.79540887424348,32.162108825469446,0.16312056873178216,55.04192017621877,88.86523995012192,35.10067676766495,In-line,Below,Clean
51.95561340603585,0.03911226812071694,87.02219111333575,32.78550974567088,0.11430230895036136,53.75895569690109,87.26563803349018,33.72737022026119,Beat,Below (severe),Clean
51.44583011456637,0.028916602291327465,87.37252084910098,32.119039224319856,0.18332748334409987,56.52888862958808,88.80197680971173,36.250460385929735,Beat,In-line,Very bullish
51.78706174481591,0.035741234896318176,87.1913990065265,32.64573699131655,0.06135095051733164,51.03822954969152,87.4397750535381,32.06508331742537,Beat,Sandbag (flat/down QoQ),Mixed
50.81995679233899,0.016399135846779968,85.90233616643405,31.47868577941561,0.1602141722835547,54.75046024064462,87.72673971483003,34.31496620733766,In-line,Below,Mixed
52.563475775849135,0.05126951551698264,86.34571451459603,32.64666822961182,0.17626625594161494,57.41231121798328,88.0555985633483,36.450294311514874,Beat,In-line,Mixed
52.4293478445816,0.048586956891632054,86.92663505273734,32.84074452737956,0.23156958418426465,59.95821940086042,89.04916703294494,38.61850153742567,Beat,Above whisper,Very bullish
51.42354124856362,0.0284708249712724,87.41871023358452,32.70525035724992,0.11842213753615774,53.4051392855475,88.08001069432363,34.04320842281971,Beat,Below (severe),Mixed
49.77160689598335,-0.004567862080332921,86.41274264162678,31.521651927534503,0.09544020746753709,50.6274037138338,86.85198793422795,31.737300033868124,Miss,Below (severe),Clean
50.77552337601152,0.015510467520230437,87.21038130291339,32.16495707380661,0.16541140094822984,54.94763284355167,88.62858238507133,35.53797234383475,In-line,Below,Clean
54.58111655694427,0.09162233113888524,87.14570542360387,34.54278573027573,0.05479227599624467,53.45947300526444,87.74488632352117,33.901765823551315,Big beat,Sandbag (flat/down QoQ),Mixed
49.56112763875901,-0.008777447224819726,86.36556713141414,30.770390928737623,0.06757613140094407,49.13097141870797,87.32805313283734,30.779357945501335,Miss,Sandbag (flat/down QoQ),Mixed
52.813955486109464,0.056279109722189205,86.66964715125577,32.74462851461021,0.17254803042431072,57.503549521000956,88.7249130623843,36.921641069747245,Beat,In-line,Clean
56.89271677718831,0.13785433554376617,88.06089302654405,36.176134668170974,0.2425676755368612,65.6435472093216,89.86365306277374,42.268650835751586,Big beat,Above whisper,Very bullish
54.42569054528293,0.08851381090565873,87.55109040835765,34.23967337908219,0.1365855960402783,57.44092336200598,88.54253561850082,36.842579152102196,Big beat,In-line,Very bullish
52.716237974962866,0.05432475949925724,86.28277761110876,32.81310710619788,0.21750254875695257,59.597714517152816,88.7303974397273,38.21001657938123,Beat,Above whisper,Clean
50.59652359277488,0.011930471855497502,86.34711915024073,31.8006690889729,0.09329707934231438,51.36581493536562,87.28184676409295,32.372392703527844,In-line,Below (severe),Mixed
50.558939982694525,0.01117879965389049,85.67251639976206,30.97540976377594,0.16530907906156342,54.70844951887957,87.6110183073749,34.163557746463425,In-line,Below,Very bullish
51.938502418064836,0.038770048361296786,86.01219829786942,32.89212648504061,0.13169188111571264,54.57992568213044,87.05309116213549,34.258651325516084,Beat,Below,Mixed
54.96794611172502,0.09935892223450046,87.29587214267437,34.508114340398706,0.15477024059067807,58.94139490219698,88.8198535617353,37.82596131336865,Big beat,Above whisper,Clean
52.316506916464014,0.0463301383292802,86.09012584017952,32.543673880385164,0.04514542204640545,50.77276072254422,85.975385171559,31.056857383503875,Beat,Sandbag (flat/down QoQ),Clean
54.851648179555944,0.09703296359111895,87.31054152849849,34.78681409515079,0.16316241591756203,59.24413449833584,88.57032413502446,38.339435400859095,Big beat,Above whisper,Clean
53.04919689104827,0.06098393782096524,87.41611822508492,33.23065013622096,0.09469533649942535,53.9246578386939,88.10105173356757,34.04759964779501,Beat,Below,Clean
55.599385809619974,0.11198771619239949,88.36568236797004,35.28232637125404,0.1356531318398961,58.631501149993206,89.82990550929053,38.03921541051527,Big beat,Above whisper,Clean
51.37437581563889,0.027487516312777797,86.58438267081507,32.20577481378732,0.03831876040032377,49.53276548371779,86.9779235108034,31.140960449138202,Beat,Sandbag (flat/down QoQ),Mixed
54.27653327061835,0.08553066541236701,87.20101390651423,34.15838054961461,0.13633198072162145,57.27072051824011,88.13238233941645,36.394653192877534,Big beat,In-line,Clean
52.8822818100983,0.057645636201965944,87.40423493559005,32.996137092401966,0.13741041607602003,55.8525111454823,88.72864915161256,35.38127468481172,Beat,In-line,Mixed
52.11953576043371,0.04239071520867428,86.0882749522724,32.116154038551365,0.20779422034492692,58.45326876861882,88.6167657405921,37.462258011887634,Beat,Above cons < whisper,Clean
51.259583900712556,0.025191678014251134,87.41795684116985,32.811127764569434,0.13894204966609724,54.21157444198678,88.95629897544627,34.639893557582745,Beat,Below,Clean
51.66547348085832,0.033309469617166215,85.97858847826589,32.3449511906839,0.12062877730126798,53.762258063006385,86.82003321719966,33.610547408883,Beat,Below (severe),Mixed
53.766886394721105,0.07533772789442202,87.8310432936508,34.323562095716596,0.1763823799448467,58.73253079501434,89.32405947932564,37.92622630597766,Big beat,Above whisper,Clean
50.453072694541866,0.009061453890837314,85.70665008167055,30.845462660660047,0.08094267145140145,50.641387811272,86.74644708158176,31.517772760092125,In-line,Below (severe),Mixed
52.809213840746004,0.056184276814920206,86.65182377276425,33.14416007285718,0.15243552205100094,56.51212721297285,87.95313026919132,35.6044423931522,Beat,In-line,Clean
52.98627544612107,0.059725508922421414,87.07053578729392,32.8302215274917,0.15135766050759272,56.648571698324226,87.98275442972538,36.16168374994368,Beat,In-line,Clean
58.2028051610282,0.16405610322056408,87.95411308700444,36.92589705547554,0.23525539593502187,66.75994848130662,89.74383299465077,43.566712801286,Big beat,Above whisper,Clean
54.37659587451412,0.08753191749028247,88.12211378342845,35.0787098143362,0.19444151245493774,60.31040174575517,90.34657374244539,39.74809605946802,Big beat,Above whisper,Mixed
55.265695270557934,0.10531390541115875,87.76035183830338,34.40610570318694,0.17518124101618238,60.308122042699544,89.16065036304765,39.12638053820492,Big beat,Above whisper,Very bullish
51.52223650183462,0.030444730036692447,86.36293047583877,31.996582631919168,0.14042634112756522,54.560364541889456,87.06559144825935,34.34736654596589,Beat,Below,Mixed
50.651322488996385,0.013026449779927672,85.89961159784507,31.409451636391438,0.14019502396408554,53.627215440642864,87.7004148917101,33.53613203082643,In-line,Below (severe),Mixed
55.21690846426639,0.10433816928532774,87.9278726275739,34.80132402088146,0.20833518076003396,61.95478070802389,89.55691929775377,40.068455368428204,Big beat,Above whisper,Very bullish
53.277546875645335,0.06555093751290668,87.06631018305828,33.36200690852374,0.2656630546913044,62.614892530439256,89.48206067415057,40.12122765524218,Beat,Above whisper,Clean
52.957064420373754,0.059141288407475096,86.64322293006428,32.867192130793214,0.1423400036178855,56.173903650022176,88.14581735190052,35.52693847234786,Beat,In-line,Clean
51.78598816612925,0.03571976332258508,87.40582078811593,32.972590247810324,0.1637728813087208,55.962333755264446,88.8155680115928,35.71938344074484,Beat,In-line,Clean
54.40498234640629,0.08809964692812587,87.64153862846811,34.041312428119994,0.15610976542597524,58.405407708614675,88.9559191558486,37.39467250255015,Big beat,Above cons < whisper,Mixed
52.810968239202126,0.056219364784042464,87.12222322009879,33.03684681273082,0.20954981128628417,59.31481833417482,89.22826092307268,37.942131893195366,Beat,Above whisper,Mixed
52.97174427098595,0.05943488541971909,87.84963589201003,33.93875725390064,0.12736946907395355,55.4531038422239,89.02466512542748,35.800553862584394,Beat,Below,Clean
53.240633823708784,0.06481267647417566,87.87268918294689,33.620572716628736,0.13175831090646642,55.951563393059594,88.74155687447856,35.81001327797068,Beat,In-line,Mixed
51.18200867852304,0.023640173570460728,86.27623374354326,31.591541033080983,0.16065438794015865,55.16143560229626,87.97026935519976,34.95764077618289,In-line,Below,Clean
54.48509514858291,0.08970190297165814,87.4793471012071,34.28393280998571,0.11515725224527813,56.41948835177223,88.64236983436221,36.09167697521763,Big beat,In-line,Clean
52.06432390729755,0.04128647814595089,87.3751303822625,32.76018475231898,0.1788336322167831,56.99123491336848,88.5992527451234,36.29084262986499,Beat,In-line,Mixed
52.015066911062235,0.040301338221244765,86.28138321190202,32.11064122956217,0.02647046726385352,49.57822074860447,86.47297014116798,30.862390426282023,Beat,Sandbag (flat/down QoQ),Mixed
52.017205532932444,0.04034411065864893,86.29504316002844,32.310760314286405,0.23486810891415,59.64621763977588,88.49039699039032,38.285437430795746,Beat,Above whisper,Very bullish
52.34148733415586,0.046829746683117214,86.3450317630173,32.63943073900846,0.14019297973001965,55.41658237795852,87.20874642438932,34.7005494389069,Beat,Below,Clean
51.633972186840694,0.03267944373681379,86.6397739603018,32.07404602759938,0.1949921176804905,57.29489049867914,88.50216170703884,37.514490921361386,Beat,In-line,Mixed
50.95756921524477,0.01915138430489538,86.57699678594481,31.464386571262516,0.14220717462928475,54.04666536222659,87.97726049275765,34.186940816445684,In-line,Below,Mixed
51.89048689011354,0.03780973780227082,86.32552580859718,32.45095512590473,0.08252389923631229,52.160357044302415,86.49431969004642,32.506056977225434,Beat,Below (severe),Mixed
52.593622652735974,0.05187245305471948,88.41799992270622,33.86642950422005,0.22623045575206702,59.885337455465475,90.06478105637595,38.75338916028001,Beat,Above whisper,Clean
49.942509319130515,-0.00114981361738975,86.23159253283556,30.94466385254729,0.13177548162722633,52.48629985702181,87.52830488264055,32.765750200355875,Miss,Below (severe),Very bullish
53.38202570116617,0.06764051402332333,86.72258834724065,33.78271631343681,0.16144171472740929,57.571532075557556,88.66646463882452,36.99500889608608,Beat,Above cons < whisper,Clean
48.58356678449019,-0.02832866431019622,85.46484372175418,30.015679173001182,0.15367458060584271,52.046081317687474,86.84767158205969,32.73908084972335,Miss,Below (severe),Mixed
52.997648416756384,0.05995296833512762,87.20277889310492,33.475061040171134,0.19660803457133932,58.8875967725293,88.94455492026975,37.591110406724646,Beat,Above whisper,Clean
52.24455299872203,0.044891059974440636,86.88288071052523,32.76217940682451,0.10842424222246178,53.77276270586973,87.2095374078401,33.80890032074234,Beat,Below (severe),Mixed
52.36303759205809,0.04726075184116178,87.35411978152531,32.806987946952496,0.15338483959647198,56.0808241629071,88.52277749042862,35.91361430423891,Beat,In-line,Clean
52.403375823909435,0.04806751647818885,87.38643474167911,33.38506886193164,0.12047539421055747,54.522643671097576,88.47526430980844,34.71898192434331,Beat,Below,Very bullish
52.60768170005677,0.052153634001135554,87.3185713647846,33.35699269906834,0.11545092434066387,54.48976666690863,88.60633150761173,34.808300424459894,Beat,Below,Mixed
51.900744569206125,0.03801489138412247,86.58682259252647,32.702133632447,0.15223379731353942,55.530235427063836,87.7259740569641,34.7715367378902,Beat,Below,Mixed
51.86255958760747,0.03725119175214932,87.37109232595714,33.091085189594104,0.08846850730236333,52.418565474974194,88.02403544601812,33.537342748144006,Beat,Below (severe),Mixed
51.07655264311756,0.021531052862351067,87.22629240986774,32.165615427420654,0.11766840655034881,53.0090314043812,88.02562930470656,33.96121543912108,In-line,Below (severe),Mixed
52.25177457831928,0.04503549156638564,86.57349854543209,32.69313532308561,0.21476735064745134,58.93991050176613,88.42264273004196,37.4534466907986,Beat,Above whisper,Very bullish
51.17848300711139,0.023569660142227677,86.81266050827654,32.197589706602265,0.1366495672558944,54.01685766550015,87.97492304199318,34.0967492436598,In-line,Below,Mixed
53.29559996459058,0.06591199929181159,87.79139275875684,33.886121932399504,0.22763041312818594,60.7539208736988,89.29909856214377,39.520236343237414,Beat,Above whisper,Clean
55.01085526042494,0.1002171052084989,87.93558779069463,34.96931847195129,0.23367069611287022,63.01776009554331,89.88552900642196,40.41381371039421,Big beat,Above whisper,Very bullish
52.271830183539215,0.04543660367078432,86.0697525153587,32.7686416142153,0.1383707136127349,55.25438344017357,87.18042406792446,34.915667438878536,Beat,Below,Mixed
53.29952009986396,0.06599040199727915,87.35162645937939,33.6452228044594,0.1750185951374279,58.154503855724016,89.22973691187903,37.60162752106375,Beat,Above cons < whisper,Very bullish
50.8175101406654,0.01635020281330809,86.27145887977488,31.78221408104439,0.10448852813026097,52.11826005147185,87.26976084317546,33.032652287069546,In-line,Below (severe),Clean
55.29346526463373,0.10586930529267459,87.62973631954009,34.781248602653505,0.13989801078893446,58.5268459887271,89.27205140708523,38.10392666669981,Big beat,Above whisper,Very bullish
50.49502452946882,0.009900490589376436,86.79300340861222,31.546895157138653,0.16203711751055405,54.48587184193091,88.6153002648452,34.884646702662394,In-line,Below,Mixed
50.56845958093642,0.011369191618728331,86.9236152067927,31.44999550294168,0.14940440406229324,53.97192370976193,88.056323745887,34.116519227640175,In-line,Below,Clean
50.950186485149885,0.019003729702997768,87.06959340871629,32.15005461441921,0.12619334972026974,53.281206816113134,88.06061483984465,33.837455253554516,In-line,Below (severe),Mixed
52.43792266613209,0.0487584533226417,87.33610619571435,33.29670315163524,0.21664981129187355,59.24154666512407,89.36065666012539,38.679889199030235,Beat,Above whisper,Very bullish
53.36393867845031,0.06727877356900609,86.89184229885618,33.51836689946092,0.1180911698905695,55.40390943931733,88.07157996759896,34.95998337199078,Beat,Below,Clean
52.57495687088323,0.05149913741766454,86.78554971266647,32.43722254614394,0.14181917200636002,55.74315845668326,88.09003998256453,34.997203522876426,Beat,Below,Mixed
54.30109611749473,0.08602192234989449,87.72634943106705,34.4201028990681,0.18409210982008894,59.704820933928644,89.5691299163714,38.404004710442216,Big beat,Above whisper,Very bullish
53.08939388132199,0.06178787762643972,86.56407768242762,33.48125403127847,0.2037805282188626,59.343122994328674,88.67380799004307,37.85899704878958,Beat,Above whisper,Very bullish
52.52468028643498,0.05049360572869946,87.40307413284198,32.60389540743819,0.16595093648411352,56.86682872789055,88.8387641631119,36.20287382788715,Beat,In-line,Mixed
50.18206318396658,0.0036412636793314236,85.94356969268512,31.334559526643652,0.03202133254845557,48.089748308780266,85.86665885649911,29.656808765790824,Miss,Sandbag (flat/down QoQ),Mixed
52.80208454463927,0.05604169089278539,87.57911584528271,33.43775516966814,0.18486105027604738,58.09433811101695,89.72854840684681,37.45593943579911,Beat,Above cons < whisper,Clean
52.15296258544723,0.043059251708944576,85.85979924138155,32.46067080316298,0.17424455293919733,56.86602279020294,87.47636843709982,35.97599738995478,Beat,In-line,Very bullish
50.73338075154172,0.014667615030834486,86.09359437403843,31.68239207408733,0.10044891242574273,51.84167269516412,86.7998122947663,32.078279553427066,In-line,Below (severe),Clean
50.17697018232866,0.0035394036465731917,86.79507105948548,31.51431189297556,0.19228923735876968,55.55221426082934,88.71438541319363,35.69798702003911,Miss,Below,Clean
51.218740449429454,0.024374808988589097,86.46779401016926,31.939208467127358,0.1505621545474624,54.72103405293833,88.07761043260534,35.38768032493246,Beat,Below,Very bullish
52.8220591596573,0.056441183193145866,86.88575781962452,33.27265953160413,0.1149492202191873,54.687205551115134,87.98254354204815,34.65511068167193,Beat,Below,Clean
51.19317701986328,0.02386354039726557,87.38247696677621,32.232340285650686,0.07319844583985449,51.0161210142274,87.91394243901077,32.27155337627344,In-line,Sandbag (flat/down QoQ),Mixed
52.63435834550623,0.0526871669101246,87.32940129069387,33.371181777338286,0.15366688967943032,56.38519387682326,88.93387700284893,35.91780762174258,Beat,In-line,Clean
48.80983880942736,-0.023803223811452702,85.33572611450695,29.781956015600997,0.11669973705109768,50.61265315228014,86.50346950974101,31.340533321123978,Miss,Below (severe),Clean
52.01758348100376,0.0403516696200751,86.88440997878605,32.290395886588975,0.08182094301888448,52.254160413912814,88.06698437019291,32.85714784747672,Beat,Below (severe),Mixed
55.50633651677139,0.11012673033542777,87.56048294675534,35.26981027654842,0.20843800754543382,62.284826227439744,89.67335640352589,40.38958039875988,Big beat,Above whisper,Very bullish
53.81904277303355,0.0763808554606711,87.39100798448256,33.733918223667004,0.06670346743602679,53.30831957293396,88.06468686939706,34.05248976063236,Big beat,Sandbag (flat/down QoQ),Mixed
51.158018530118056,0.023160370602361154,86.08896056611748,31.886905427244074,0.10699592354171297,52.586595257218384,87.1796645714246,32.9150496226006,In-line,Below (severe),Mixed
54.76555422311329,0.0953110844622657,87.5377127684465,34.60848851151255,0.1959819073300622,60.82013971033648,89.25921876422407,39.20643533401949,Big beat,Above whisper,Clean
52.61798265102262,0.05235965302045233,87.320578590059,33.05459590948285,0.09338644739855423,53.42237561150321,87.87768398873718,33.8464700516792,Beat,Below (severe),Very bullish
51.442068697362444,0.02884137394724892,86.33782967807913,32.29175817222855,0.14592602083106793,54.73817615099506,87.53000419245826,34.86237418714022,Beat,Below,Mixed
54.12229995605574,0.08244599912111478,88.35020178215696,34.42046306370729,0.13980481437423106,57.28251105099581,89.1580107624129,36.740457000448004,Big beat,In-line,Mixed
51.14349950410667,0.02286999008213343,86.5748606910856,31.624222109817772,0.13094586698603125,53.709063002559326,87.5249998064008,34.010710638432684,In-line,Below (severe),Clean
52.22100058323898,0.0444200116647798,86.63954974740813,32.334835891841934,0.19949182055356085,58.16447284209517,88.9652149504125,36.87874550371783,Beat,Above cons < whisper,Very bullish
51.92202791613829,0.038440558322765765,86.67919238306692,32.82675678940846,0.14080091633825914,55.00179009452329,88.07790158226264,34.660831558393284,Beat,Below,Mixed
53.911943870537726,0.07823887741075455,87.88601151063821,34.285767629976746,0.1928308310587702,59.71441246743819,89.17069248616006,38.190966602031075,Big beat,Above whisper,Very bullish
54.582579056278135,0.09165158112556268,87.27041017723974,34.47808523147018,0.1713654433418803,59.36927927821473,89.00379559064845,37.97226462872563,Big beat,Above whisper,Clean
49.006608259777316,-0.01986783480445368,85.50890124956312,30.400878285180063,0.07683779357040368,49.00272734391146,86.40639279460527,30.50332328702263,Miss,Sandbag (flat/down QoQ),Clean
55.644586917345826,0.11289173834691663,88.61598313498689,35.71454805564323,0.2182137140870007,62.94507040474415,90.18018930815036,41.07557919765957,Big beat,Above whisper,Very bullish
51.11977613387181,0.02239552267743623,87.07274289430119,32.21222222792655,0.13843072164209722,54.039443374675706,88.39823792874029,34.377545186866925,In-line,Below,Very bullish
52.100313217346624,0.042006264346932644,85.84392372170777,32.30185667345459,0.17950585959511417,57.06315153184389,87.76097611407087,36.29816282884773,Beat,In-line,Clean
51.545657191185576,0.030913143823711593,87.09641676379694,32.21152951752767,0.025642878897082222,49.09119079076611,87.37720518869614,30.984296920720922,Beat,Sandbag (flat/down QoQ),Clean
52.27384587434422,0.04547691748688431,86.8418658966813,32.825080182741274,0.18258438625007564,57.40264580165366,88.30567169767951,36.62676328516919,Beat,In-line,Mixed
50.3540302652705,0.007080605305410037,86.17352816725358,31.086320756698,0.13481909986707047,53.06109277886252,87.35236200294865,33.47414735910078,In-line,Below (severe),Mixed
50.87264223625455,0.017452844725091104,86.95933378405492,31.99183649948944,0.06359593988717657,50.243083181398006,87.75219658238615,31.880815968885514,In-line,Sandbag (flat/down QoQ),Clean
51.67118753408872,0.033423750681774465,87.54121920555346,32.8969290184285,0.10488587031234134,53.012853222339984,88.20208796852901,33.66232760815124,Beat,Below (severe),Mixed
49.26275695704246,-0.014744860859150746,85.78884385355312,30.33072626876577,0.09309808255572416,50.00266623035522,86.738025505548,30.830016389404665,Miss,Below (severe),Mixed
51.79502499443953,0.03590049988879054,87.25671726451078,32.84121162672956,0.21173221269257417,58.27872165419516,89.42195695312876,37.58407250728308,Beat,Above cons < whisper,Clean
51.07694781298697,0.0215389562597395,86.21143914597303,31.751231157517193,0.18384010410194201,56.147872129269096,88.35821751817636,35.708878754907346,In-line,In-line,Clean
49.24787771745137,-0.015042445650972697,86.28610671956132,30.5333631408538,0.10858113581537182,50.695606201043866,87.19451499234594,31.767160350911,Miss,Below (severe),Mixed
51.13547635839776,0.022709527167955202,86.9830669379074,32.08626263016477,0.19116887746415206,56.56020311725397,88.19885216965098,35.97201726667314,In-line,In-line,Clean
52.80604522315669,0.05612090446313365,87.62462513552902,33.37362805380087,0.182434842615702,57.979728645986576,89.35741334187273,37.28825965376165,Beat,Above cons < whisper,Mixed
50.67272065670415,0.01345441313408295,86.33567361859673,31.25474425637077,0.06352047720530338,50.04208490738696,86.78822464689591,31.366625877790156,In-line,Sandbag (flat/down QoQ),Mixed
51.046461977713996,0.020929239554279975,86.94049708712825,32.45929512897742,0.1806240366080736,55.961917137925724,88.50865081570315,35.74779687326368,In-line,In-line,Mixed
53.77155287371856,0.07543105747437137,87.61307563791541,33.622101109440585,0.18952884199193265,59.3940406632694,89.35481721569319,38.51219736248225,Big beat,Above whisper,Very bullish
53.68054287325153,0.07361085746503068,87.75036210113481,34.00011340995863,0.15555868144395432,57.60023038882375,89.08065579037988,36.907190532810795,Big beat,Above cons < whisper,Clean
57.300392793876995,0.14600785587753995,87.86677198720602,36.31740107580117,0.1816517462173366,62.87274426069376,89.47803633345966,40.680749818363864,Big beat,Above whisper,Clean
51.61237561478258,0.032247512295651634,86.80476138127483,32.312328330897934,0.11200896173843713,53.29389391880228,88.06744479807922,33.99612388767245,Beat,Below (severe),Clean
48.44667701744328,-0.031066459651134457,85.53288834598293,29.62465697278011,0.13860769875453058,51.22163375748259,86.96745640016698,32.08397967454815,Miss,Below (severe),Mixed
53.33714809673086,0.06674296193461718,86.65115366445202,33.084887816684486,0.14107348521511873,56.51434793658793,88.46827631153758,35.78143175421818,Beat,In-line,Mixed
52.272502150791155,0.045450043015823095,87.14663129553404,32.446695337900174,0.18012246057348266,57.2816714400583,88.81976634524247,36.84992915323002,Beat,In-line,Clean
50.74424595039354,0.014884919007870843,85.63121652677222,31.429421013720468,0.18393172513764788,55.78645674536863,87.66318065691047,35.421511369435116,In-line,Below,Mixed
55.75790617242168,0.1151581234484336,87.39561255511542,34.738491823581185,0.17419456187917753,60.79415662303933,89.15389924717229,39.36137599293088,Big beat,Above whisper,Clean
50.86453616332902,0.017290723266580366,86.54063877180009,31.65927487659821,0.17996025430806226,55.73112166750454,88.13129021174842,35.26246484507619,In-line,Below,Mixed
52.144574641666296,0.042891492833325884,86.65548279955493,32.51392977354804,0.2348558064731734,59.79167143145432,88.95361895337123,38.72672778208034,Beat,Above whisper,Clean
52.51353353095147,0.050270670619029525,86.62305543413277,32.57301353152813,0.15697102660224155,56.41687702840071,88.01605291560153,35.82439675739958,Beat,In-line,Mixed
54.55033084631822,0.09100661692636429,86.35634998522677,34.323098348864,0.14827810901213134,58.164739982325244,87.98533107609715,36.85329729168233,Big beat,Above cons < whisper,Clean
51.213908256660275,0.02427816513320548,86.82088111005567,32.376803273235225,0.16776721242115636,55.53407124763923,88.3755772007689,35.41908539413523,Beat,Below,Mixed
50.96580066568712,0.019316013313742386,87.8057351916101,32.0680504482231,0.007666296523849869,47.68819677715387,86.95358204283042,29.912703766742048,In-line,Sandbag (flat/down QoQ),Very bullish
59.307815504453686,0.1861563100890738,89.23719381087614,38.0753540048962,0.1994740996772777,66.05688941988564,90.9371861084747,43.37102514057082,Big beat,Above whisper,Clean
50.60278277939728,0.01205565558794553,86.63543937862829,31.426335404347423,0.11323087544900667,52.30882444697405,87.30626065075279,33.164039323596455,In-line,Below (severe),Mixed
50.03959899154643,0.0007919798309286996,86.73622251830024,31.398831417479283,0.08513581569311247,50.4212067066017,87.42571388787633,31.507737031175978,Miss,Below (severe),Mixed
52.0929546514887,0.04185909302977406,86.58274597950907,32.3344003283023,0.18719711877079676,57.427133836897646,88.15074802783434,36.548380420783445,Beat,In-line,Mixed
53.77100212046463,0.07542004240929266,86.68465171239241,33.552482188126746,0.21177433266152745,60.50415448170563,89.8420371452507,38.89370084420178,Big beat,Above whisper,Very bullish
52.89254599519311,0.05785091990386224,87.16402179732121,33.02701566648057,0.1821162755169146,58.05905808341301,89.38746104385186,37.121022714185365,Beat,Above cons < whisper,Clean
52.64816275132554,0.052963255026510794,86.57780691371825,32.839378173960924,0.17988032336882545,57.681493342393644,88.02541050970764,36.642887803996146,Beat,Above cons < whisper,Very bullish
54.4558477626999,0.08911695525399776,87.53358200844359,34.45097248406058,0.17607862447084954,59.469761493210804,88.96213103414924,38.128720063456676,Big beat,Above whisper,Very bullish
51.811182447630024,0.036223648952600475,86.71464081389455,32.25482673149743,0.12994112699806434,54.36190117983616,87.98222141217977,34.26350182851459,Beat,Below,Mixed
51.70478317052053,0.034095663410410586,86.70761962017404,32.56258863680573,0.18874262754606505,57.07341695976527,88.40416664630149,36.48891625684609,Beat,In-line,Clean
51.12061558467514,0.022412311693502843,86.42288657760466,32.15747649202844,0.061866542745347766,50.40589481006201,86.94369857667881,31.355177571480482,In-line,Sandbag (flat/down QoQ),Mixed
53.02475627509109,0.0604951255018217,86.99653339914884,33.55306664268315,0.21134572951389322,59.64336121003614,88.90229901033233,38.625965617353685,Beat,Above whisper,Very bullish
50.72311852923642,0.0144623705847285,86.2628145697054,31.664927087638656,0.11296092215435108,52.42050243192604,86.94586713686084,32.66111905083881,In-line,Below (severe),Clean
51.71085587727124,0.0342171175454248,86.32184564772234,32.390540859421314,0.13013142935140612,54.26577321802475,87.25517777552542,34.3663275935555,Beat,Below,Very bullish
54.29549470936106,0.08590989418722125,87.60541683925274,34.24956132209473,0.1269870705508086,56.81958334613761,89.06113036801777,36.47907122399853,Big beat,In-line,Mixed
55.04713018464539,0.10094260369290774,87.63275635297494,34.88694931934622,0.18608382964670833,60.62690305328904,88.78694071657841,38.80177668972856,Big beat,Above whisper,Very bullish
52.02996855647398,0.040599371129479735,85.36458896687121,32.253253363390954,0.09026807322136876,52.674712598704204,86.35647624960316,32.6658149334374,Beat,Below (severe),Very bullish
55.28301414005762,0.10566028280115233,86.95594744989631,34.68588090923139,0.19573079115401645,61.38191636113622,88.59574463908123,39.19050580831138,Big beat,Above whisper,Clean
54.25884555562923,0.08517691111258457,87.41953085156484,33.88698643866576,0.13106036872367588,56.98645629919447,89.14570990323718,36.79394008038798,Big beat,In-line,Very bullish
51.752415101721695,0.03504830203443389,87.51087100166053,32.86799597306476,0.1980054964108557,57.57112933408457,88.69798986800686,36.95356150387805,Beat,Above cons < whisper,Clean
51.24687762058825,0.02493755241176494,86.29031292889084,31.974996016535204,0.20857674383773023,57.511799880359675,88.76552247960929,37.088452851044906,Beat,In-line,Mixed
48.242842310759734,-0.03514315378480524,86.32866859811269,29.874572826548597,0.16985448179810084,52.40588348535551,87.81132021763361,32.82294504956063,Miss,Below (severe),Mixed
52.86708186668796,0.05734163733375928,87.39618688040541,32.90341969682037,0.26396272684549255,62.049019459684025,89.69075606240911,40.40034783174347,Beat,Above whisper,Clean
48.411795792886835,-0.03176408414226325,86.01717907172576,29.716739327198002,0.13056851594517954,50.8233626863905,87.08155144885106,31.36387672696336,Miss,Below (severe),Mixed
52.96275332122726,0.0592550664245452,87.27738962134896,33.15643608733616,0.21364144195962526,59.68652143157431,88.98319292184983,38.42474173289561,Beat,Above whisper,Mixed
51.82817958213211,0.03656359164264209,87.0541101895513,32.45422816448456,0.13967723849231334,54.84829682637316,88.18908060597177,34.72200942747569,Beat,Below,Very bullish
52.07122415682367,0.04142448313647337,87.06566379216233,32.82446448711218,0.08467724098874967,52.44615234237807,87.30982541713699,33.113674239300586,Beat,Below (severe),Mixed
50.91985071779887,0.018397014355977487,87.23908292856467,32.015912840121544,0.1711676314564292,55.37598946218807,88.87934535466854,35.30842203929201,In-line,Below,Clean
53.82551526924138,0.0765103053848275,87.727776059265,33.959267596771454,0.14178258736459354,57.06724779817922,89.02534876167667,36.76599418764575,Big beat,In-line,Mixed
57.854495972025546,0.15708991944051082,88.15257779839371,37.09501986468039,0.08113004875103237,58.08050304708079,88.80351649080971,37.3743212095513,Big beat,Above cons < whisper,Mixed
52.34311083679193,0.04686221673583864,87.90097129995239,33.04983399379522,0.1518430540803976,55.98454517158209,88.97247465079514,35.88190088532642,Beat,In-line,Mixed
56.767384019801106,0.13534768039602205,87.17017174234005,36.03500227182989,0.14006171347718308,60.095583874143735,88.89171294262374,38.938019937993666,Big beat,Above whisper,Clean
49.97677327760379,-0.00046453444792411426,85.6646168498246,30.69442968509581,0.16877210014862506,54.23921124357976,87.59163601118148,34.20857361282431,Miss,Below,Mixed
49.46946804027162,-0.01061063919456767,86.79804560481578,30.781407801452577,0.10104293517709124,50.57743627180212,87.45653184242111,31.537602967142476,Miss,Below (severe),Clean
51.7587702873343,0.03517540574668607,87.29077817677174,32.71589567290483,0.11110765243514309,53.401739622112004,88.73871123195146,34.40676307070564,Beat,Below (severe),Mixed
57.115903164871895,0.14231806329743796,87.7621049437891,35.95133150374874,0.22268910584754492,64.84677881530845,89.66960995823737,41.679723419385496,Big beat,Above whisper,Clean
51.066305949736076,0.021326118994721584,86.88760168762573,32.06256731272592,0.23031205394628834,58.33981377757869,88.8114273250408,37.311884607974655,In-line,Above cons < whisper,Clean
53.78070002338093,0.07561400046761879,87.87911177803551,34.30219707414458,0.08644911543362291,54.256422970102996,88.36706213017519,34.776000767674795,Big beat,Below,Mixed
54.74816421182459,0.09496328423649189,87.57208250748225,34.369792627839104,0.30273261711515753,66.22777501406917,90.2611380677222,43.280772004300836,Big beat,Above whisper,Clean
54.54004318950351,0.0908008637900701,86.92483986036031,34.20296414305317,0.19481478809336827,60.51058942135052,88.79087119257814,39.08240881135472,Big beat,Above whisper,Mixed
54.89675976862208,0.09793519537244172,87.51219311776019,34.83937322881738,0.19285771901469556,60.80659337897509,89.44274692601151,39.1532106884503,Big beat,Above whisper,Clean
54.32065653687069,0.08641313073741391,87.06122888981821,34.393737945428875,0.2178636279907778,61.42978385591756,89.74177860956732,40.059106629459855,Big beat,Above whisper,Clean
55.79211553871025,0.11584231077420507,88.09562596206558,35.073955357785934,0.16561767671906888,60.38711351536807,89.11894143062861,38.82132672521279,Big beat,Above whisper,Very bullish
50.6908179042257,0.013816358084514136,85.58612769305303,31.101221460068604,0.09153926113080552,51.37880235548796,86.2989431793035,31.845054335552184,In-line,Below (severe),Mixed
51.781859198944325,0.035637183978886385,86.75890012802738,32.43548880377889,0.08077431435760019,51.96703884533651,87.25560451981079,32.73115263264236,Beat,Below (severe),Clean
52.075704746108364,0.04151409492216722,85.41473357771943,32.20583584281147,0.1604471178503718,56.11459423388778,87.03410573992896,35.12220731667728,Beat,In-line,Clean
49.602964164991995,-0.007940716700160041,86.58349356882559,30.708934302475413,0.14798038024858887,52.87585611618574,88.726099488151,33.62414585002514,Miss,Below (severe),Mixed
51.170712261127335,0.02341424522254685,86.80255687796108,31.396602081561078,0.21057605829667275,57.52132206721527,88.90391951288275,36.77629489223298,In-line,In-line,Mixed
51.999528935857576,0.039990578717151545,86.67754322250312,32.0823756902486,0.24579897544299933,60.15374845239498,89.09398364781848,38.49066745068867,Beat,Above whisper,Very bullish
51.00958878412756,0.02019177568255114,86.07609905707145,31.79434432030878,0.1550825695969117,54.711694966362444,87.33680439986269,34.2699059877231,In-line,Below,Mixed
53.171517466758665,0.06343034933517332,88.15402143128281,33.716866030226555,0.16240298421866467,57.39196410888119,89.38807919743637,37.03840945921353,Beat,In-line,Mixed
51.27149470196009,0.025429894039201685,85.86981298564754,31.41760402270995,0.17113407170010095,55.7568090415669,87.6915803560227,35.336251546428954,Beat,Below,Mixed
52.23491822164312,0.044698364432862556,87.19490932425101,32.707972984546736,0.17111384030172277,56.803533128080986,88.69442564357429,36.9140209846608,Beat,In-line,Clean
51.35120078736506,0.027024015747301247,85.95348815069,31.687327511845822,0.10168572330042142,52.53196444021819,86.90449023759359,33.052505886822935,Beat,Below (severe),Mixed
51.33214947620516,0.026642989524103048,87.09470873018,32.00265886034485,0.08413730458998886,51.67601973109037,87.67636525276612,32.61004897368582,Beat,Below (severe),Clean
50.636868917701904,0.012737378354038178,86.8267515062128,31.681076861988046,0.18753330741953378,55.83775639297879,88.83749583696937,35.56774335033993,In-line,Below,Clean
49.835888613251925,-0.0032822277349615226,86.1896245209684,31.10675381600242,0.15848318350464977,53.610178972501565,87.60099140918153,34.04825454129817,Miss,Below (severe),Mixed
54.76868970737954,0.09537379414759081,87.49111327926154,34.4540190387785,0.2310033971021471,62.60469715000206,89.93127336653947,40.320295141080344,Big beat,Above whisper,Very bullish
52.062607323083796,0.04125214646167587,87.62516337752105,33.137403725749614,0.10134083083981284,53.24305554739975,88.82831758515647,34.26439188700354,Beat,Below (severe),Mixed
54.314181864761714,0.08628363729523418,86.9026502941835,34.093100174992394,0.2671092836169505,63.90614663912048,89.68091657495259,41.49777368720819,Big beat,Above whisper,Very bullish
53.61870376505045,0.07237407530100896,86.83917373563322,33.83025180531178,0.1488646376627115,57.20058748205188,88.86204495771015,37.13944968417385,Big beat,In-line,Clean
53.22401120651058,0.06448022413021155,87.94781117106974,33.68767210060823,0.14296833988465094,56.48811974994263,88.49269062304607,36.16471978181244,Beat,In-line,Mixed
51.418842920710695,0.028376858414213862,86.42468623375508,32.15481288410994,0.16314399768444807,55.53555290316811,87.99712062570919,35.2193517559102,Beat,Below,Clean
51.52493340141577,0.03049866802831542,86.97066351825174,32.03261034745348,0.1774575343892698,56.33496239651645,88.67685356853003,35.80821776756731,Beat,In-line,Clean
54.22167557445798,0.08443351148915969,87.75155995698464,34.43337319750025,0.20889562807927245,60.86632179558815,89.2627082861676,39.2022709487947,Big beat,Above whisper,Very bullish
52.26944753629088,0.04538895072581757,85.34938956079755,32.09710988542469,0.20278683771997247,58.378360403577794,87.61805156577384,36.85976665107194,Beat,Above cons < whisper,Very bullish
53.08705739722927,0.06174114794458555,87.32857242210258,33.70809255584096,0.12837569484030237,55.62342061493805,88.6398066925446,35.8292326024433,Beat,Below,Clean
50.55757350224578,0.011151470044915483,85.78061564468594,31.52157217666309,0.11904275728345719,52.5349374211203,86.970159930673,32.92271666157378,In-line,Below (severe),Clean
52.08506313716577,0.04170126274331542,85.91016993576582,32.05521647525742,0.18983870214146228,57.546193643789906,87.60322788157853,36.26394581519445,Beat,In-line,Mixed
49.910403615730836,-0.0017919276853832367,86.35057628298874,31.010919154267434,0.15754381708008802,53.64680203383512,87.70072193292245,33.73983862260004,Miss,Below (severe),Mixed
55.4718883486177,0.10943776697235406,87.72607664213355,35.08951068977142,0.11038476008746767,57.19548661875162,88.15549393230744,36.3527501038286,Big beat,In-line,Mixed
52.57401032823002,0.05148020656460023,87.0153278844549,33.296607776617776,0.14535080283463533,55.914564584983616,88.39338827460391,36.056562910174485,Beat,In-line,Mixed
48.6401726111335,-0.02719654777733007,85.453965502953,29.961460221516344,0.14585780341738475,51.75366982131903,86.5398543262276,32.03036778350578,Miss,Below (severe),Mixed
50.51674868687823,0.010334973737564557,86.50769295768784,31.189444054823408,0.18132361924576587,55.41401207764665,88.59395177795537,35.66004320038224,In-line,Below,Clean
53.61940829187747,0.07238816583754935,87.45322169777681,33.84819925581138,0.1404950607999944,56.78462243991134,89.13614767161413,36.714707695789485,Big beat,In-line,Clean
49.0157777777087,-0.019684444445826007,86.52128008839391,30.523125061680258,0.0901761676807587,49.61898757548029,86.8131197140419,30.76214191751865,Miss,Below (severe),Mixed
52.69306929263302,0.05386138585266032,86.57971719127517,32.5917736543392,0.21333758870255493,59.367732948512845,88.71608840205872,38.11753222308045,Beat,Above whisper,Clean
50.9361274296944,0.018722548593887972,87.11148085953786,31.755276738380932,0.1852259982482651,56.05862087406321,88.7501883490552,35.88678246956371,In-line,In-line,Clean
52.318158543387625,0.04636317086775251,87.41357354652733,33.37043493071063,0.09102133403853538,53.00306804784305,88.40015021637105,33.65758606842445,Beat,Below (severe),Clean
55.421422590958045,0.10842845181916093,86.73089332988364,35.368391583113166,0.24248174856564253,63.9415270453226,89.52982560320972,41.38558088042924,Big beat,Above whisper,Very bullish
50.432826850755816,0.008656537015116421,86.32369703226561,31.13554069325399,0.06003752507232042,49.64206831747063,85.93280430686072,30.874149641431263,In-line,Sandbag (flat/down QoQ),Mixed
51.93739405355583,0.038747881071116576,86.02665423677871,32.524589466171896,0.09028058655145678,52.58159442033179,86.87555899253996,32.79862895974783,Beat,Below (severe),Clean
50.57313232288627,0.01146264645772546,85.96621431391523,31.12279669348284,0.016447171303351826,47.73313748686588,85.67477306578026,29.283144462652626,In-line,Sandbag (flat/down QoQ),Mixed
52.22098433592753,0.044419686718550774,86.02282744726698,32.50761499001102,0.1732807703456968,56.89345696344851,87.8077190259581,36.418846062105935,Beat,In-line,Mixed
55.1009956689463,0.10201991337892587,87.05677604996382,34.71646535488591,0.1749279328590504,60.115434729805514,88.65642010394274,38.392809453373076,Big beat,Above whisper,Clean
51.562968469519866,0.03125936939039742,86.50085288051082,31.885606215119257,0.1379732187085308,54.48604311003843,87.8026849250394,34.657663308622176,Beat,Below,Mixed
52.48513022238208,0.049702604447641595,87.39369318121852,33.0986033465688,0.21492268379706497,59.210705607128105,88.74083680178009,37.78780494247917,Beat,Above whisper,Very bullish
52.73253437921978,0.05465068758439547,87.35271791531598,33.368008971994804,0.17150587983493074,57.36386879214977,88.93178368649075,36.835772020326814,Beat,In-line,Mixed
58.207262542984935,0.1641452508596988,87.67933228193519,37.09820146027298,0.19022389269857642,64.33112642100816,89.21008388387467,41.392276010327315,Big beat,Above whisper,Clean
52.84756849217346,0.0569513698434692,87.13064765344555,33.34898794310406,0.2166685988071514,59.70526445718495,89.6330584173824,38.7895732752236,Beat,Above whisper,Very bullish
51.16180050199266,0.023236010039853195,86.27244651298435,31.931514637103227,0.057959443078980835,50.26088782557707,86.45111754652564,31.32491128835847,In-line,Sandbag (flat/down QoQ),Mixed
54.80696836249967,0.09613936724999338,87.53146626981359,34.435940298857545,0.14817172620616714,58.432967796262474,88.73535388986063,37.31010708925111,Big beat,Above cons < whisper,Clean
52.08201824116108,0.04164036482322162,86.89189873213681,32.93584379147336,0.09556546792236209,52.98359920723874,87.82361775602449,33.76493942016611,Beat,Below (severe),Mixed
52.21439727224963,0.04428794544499246,87.1055226804151,32.8783885445889,0.17188088257667902,56.81840724728372,88.99073676912762,36.60194585961284,Beat,In-line,Mixed
52.850694545931646,0.057013890918632806,87.38410767841917,33.39408887782467,0.1519717939471959,56.53375873547272,88.95483282020398,36.14621820939817,Beat,In-line,Clean
51.927721569132046,0.03855443138264088,85.87350521279832,32.3357271644802,0.1395750119543978,54.94871007591483,86.99757349369582,34.392849595325465,Beat,Below,Mixed
52.15709873689415,0.043141974737882956,87.86099841712286,33.10142937086358,0.15008314047495833,55.7003570624333,89.54549013995295,35.955991590121776,Beat,Below,Clean
51.6026836068281,0.032053672136561996,87.13987762711123,32.47655359251158,0.12801230167666583,54.05071462888585,87.81969072429979,34.004379386841414,Beat,Below,Mixed
53.007564134502914,0.06015128269005826,87.33848495952019,33.53946216150841,0.08116118750637606,53.216169487445306,87.98262916893633,33.7925209576802,Beat,Below (severe),Mixed
53.62220471184877,0.0724440942369753,86.76105589286338,33.27920129686737,0.11013617995847177,55.275953106922735,87.86555498943657,35.2092742739143,Big beat,Below,Mixed
52.32019693979814,0.046403938795962746,86.82612049264013,32.74544840221756,0.19519648355208108,58.06627858682773,88.3411114749896,37.06308570623269,Beat,Above cons < whisper,Clean
50.52366807898211,0.010473361579642222,86.08397393244803,31.34175360417381,0.09496991551088874,51.370332527190136,86.22372370151596,31.865761609382297,In-line,Below (severe),Mixed
52.098708614500445,0.041974172290008875,86.80920446170232,32.76299632707099,0.20833751506728873,58.45619381221307,88.45642841005912,37.33888100201894,Beat,Above cons < whisper,Mixed
51.71158161018769,0.034231632203753845,86.85145026073629,32.34256672999053,0.14944178116789197,55.193777296378464,87.92779553924282,34.516151650110324,Beat,Below,Mixed
51.453738935230845,0.029074778704616788,87.13545386351849,32.62323488259976,0.16364277284381856,55.59707348721868,88.10785317172602,35.19993552859171,Beat,Below,Mixed
51.40960714269717,0.028192142853943385,86.80499622594678,32.45208641390579,0.022838827632278957,48.8277607060958,86.9445709767441,30.660742169406213,Beat,Sandbag (flat/down QoQ),Mixed
51.43033571835892,0.028606714367178324,86.8485436888913,32.06657904450915,0.15024710565490354,54.93205231698075,88.03725842710372,34.942898751683096,Beat,Below,Clean
53.78208801564915,0.07564176031298309,87.38122062585647,33.69778348398631,0.24315696081501945,62.083893006404544,89.52828408752967,39.973680699762696,Big beat,Above whisper,Clean
52.021549234142825,0.040430984682856594,86.7456404150919,32.027669286736895,0.18906071104423008,57.43843887040285,88.51887874944072,36.5350968639698,Beat,In-line,Mixed
55.14445664817252,0.10288913296345056,87.43068357156591,34.68705833017442,0.12939404179435765,57.83126214954522,88.38081926537751,36.6734791425623,Big beat,Above cons < whisper,Clean
54.61517490345473,0.09230349806909473,86.83106793575234,34.25489251190474,0.2016220682185083,60.93917089334736,88.89564493751773,39.25350645556045,Big beat,Above whisper,Mixed
50.51055597909644,0.010211119581928677,86.81863366306443,31.85886065486971,0.07923760474532636,50.61911348857513,87.2383403213592,31.755857767622054,In-line,Below (severe),Clean
51.84920560120505,0.036984112024101054,86.76837991103324,32.512434271439496,0.12325583672247653,54.07992833376463,87.46789503394798,33.92391125125738,Beat,Below,Clean
49.61137546264278,-0.00777249074714442,86.50371416066352,30.795984105489747,0.05444991841708785,48.57608860849012,86.67920911274224,30.184178027493992,Miss,Sandbag (flat/down QoQ),Mixed
49.41071347507562,-0.011785730498487614,85.89596468844509,30.40667568680053,0.18978355815796893,54.58890774024942,87.95647529271905,34.53815931385221,Miss,Below,Very bullish
52.48262764183463,0.04965255283669258,87.94268591721297,33.488599507307036,0.21029948828935568,58.98257613763659,89.68286045668349,38.03074767880414,Beat,Above whisper,Very bullish
50.77652508256805,0.015530501651361049,86.1394742638082,31.66710010723226,0.1454766569851146,54.00880104740795,87.56098343203081,34.1802921903896,In-line,Below,Mixed
52.907916434637684,0.058158328692753614,87.20723564113743,33.36008842650062,0.1460257952669114,56.302848650212304,89.07478553288115,36.540199793206185,Beat,In-line,Mixed
48.97630480233351,-0.02047390395332983,85.84085623359321,30.384516637594036,0.10026139598307121,50.03768481391444,86.56525208591677,31.07362305484096,Miss,Below (severe),Mixed
52.33290021928232,0.046658004385646316,86.598997817685,32.284981534321105,0.18404874707565633,57.53865458294253,88.46909960264713,36.726136914987976,Beat,In-line,Clean
53.564453491939275,0.07128906983878558,87.21245899180214,33.504930530194855,0.20095625131871883,59.73366775035702,88.95219653655053,38.24934518520481,Big beat,Above whisper,Very bullish
51.56438570454659,0.03128771409093189,86.86124673732164,32.55387888788422,0.07625866978857052,51.53257308349437,87.25486999993217,32.24748798348201,Beat,Sandbag (flat/down QoQ),Mixed
51.92471953599104,0.03849439071982085,86.9045083883609,32.002228862648295,0.21682757256409935,58.67032825554794,88.86620109655397,37.828837914651615,Beat,Above whisper,Very bullish
54.066235824632045,0.0813247164926409,88.12273326771609,34.357251742550716,0.1959743161461785,60.04312731575073,90.248581294915,39.14934077136058,Big beat,Above whisper,Very bullish
50.033774101894736,0.0006754820378946657,86.45194953712107,31.378745608104623,0.13042517837433024,52.519478155741346,87.36529529675745,32.82871881408961,Miss,Below (severe),Mixed
50.672455355351545,0.013449107107030827,86.73631695035293,31.922509087248724,0.07865923697844765,50.75414688446881,87.45310543348862,31.922328764823636,In-line,Below (severe),Clean
50.68119203389999,0.013623840677999719,86.51692873626887,31.705328422951553,0.15470927697699433,54.34189670909708,87.88453975472737,34.47579816969212,In-line,Below,Very bullish
54.848703980028304,0.09697407960056598,88.30875844580551,35.345800294966075,0.14641795484162787,58.388143396605194,89.47068667604114,37.48699867391383,Big beat,Above cons < whisper,Mixed
51.24210672131599,0.024842134426319926,86.48102446667018,31.852686702708528,0.16234998283930213,55.306886020444814,87.65560436922209,34.97023861119777,Beat,Below,Clean
52.95229846313786,0.059045969262757216,87.49174889055169,33.410796586872564,0.16170503403575595,57.1210265677917,88.99025716043204,36.91027150409367,Beat,In-line,Mixed
51.268849268179295,0.025376985363586013,86.76873059667709,32.15665005923648,0.11944852586617076,53.29334932639549,87.49431487246775,33.63106862285615,Beat,Below (severe),Mixed
51.299172094897614,0.02598344189795236,86.54993283372006,32.02685004852524,0.10241387975981198,52.513425099202195,87.39362627723595,33.0454531515959,Beat,Below (severe),Clean
52.04780688445605,0.040956137689120924,87.38401570651388,32.77890857964157,0.13491584856095615,54.85060370772284,88.43668209591911,34.82821051287136,Beat,Below,Mixed
50.403986798644986,0.00807973597289962,86.25175585123718,31.397336625775125,0.10062816558714607,51.51347270500913,86.87850437277038,31.978711295407273,In-line,Below (severe),Mixed
51.24569958861973,0.02491399177239468,87.09007317061523,32.62958169326861,0.12562580561241285,53.56323317763951,87.90335010597377,33.76752835514937,Beat,Below (severe),Mixed
50.6642267850053,0.01328453570010581,85.90697235963674,31.22143425705392,0.18562267167561458,55.77803763927313,87.65102015169035,35.266629692223425,In-line,Below,Very bullish
51.273071112834145,0.02546142225668296,86.6970047422425,32.04323493011888,0.12488989006446186,53.5568050897131,87.83967088177086,33.78785832955701,Beat,Below (severe),Clean
54.80614789361871,0.09612295787237421,87.44908813919486,34.47846779970382,0.21867625808701727,62.02016900407612,89.50496974476181,40.03725298427238,Big beat,Above whisper,Clean
51.45903115228763,0.029180623045752564,86.52342251286386,32.017972033701646,0.06976630361887527,51.117056290477635,87.05274748154869,32.192133996639,Beat,Sandbag (flat/down QoQ),Mixed
54.18021641268713,0.0836043282537427,86.66337275132652,33.83338440444917,0.16488785313985244,58.605741981082865,87.7427274775265,37.16104795250351,Big beat,Above whisper,Clean
51.695088184328085,0.03390176368656178,86.78058560136216,32.38190539307786,0.03137926540056844,49.50886764234348,86.45465193315907,30.523319477414347,Beat,Sandbag (flat/down QoQ),Mixed
51.56241462326898,0.031248292465379718,87.48831740528298,32.72375326756801,0.14897577805264894,55.012253641469215,88.34111814920495,35.22351138712449,Beat,Below,Clean
51.37119093666194,0.027423818733238656,86.37586218660664,32.52021245808826,0.11921370069474896,53.38853066608095,87.47693180966493,33.493286850768165,Beat,Below (severe),Mixed
55.07189711438307,0.10143794228766147,87.7637001639931,35.130285017516606,0.08249312303080111,55.3567391915381,88.05823323446307,35.2460256797028,Big beat,Below,Clean
52.60559017645663,0.05211180352913262,87.00376022001898,33.21255079001078,0.19655799580946542,58.44952243920683,88.59287865951741,37.27934042918746,Beat,Above cons < whisper,Clean
52.22679104455145,0.044535820891028866,86.9222770111949,32.866220030456695,0.2064054451302578,58.5062075908394,88.64393037319758,37.12025966380929,Beat,Above whisper,Very bullish
55.08043681801882,0.10160873636037637,87.64876455656247,34.67295057129169,0.2377675625506991,63.30700816557645,89.78877131445327,40.79380074138661,Big beat,Above whisper,Clean
52.577461271038636,0.05154922542077275,86.8013393475173,32.69669193137617,0.2339348728037274,60.24307991540611,89.18153802894021,38.92779407239028,Beat,Above whisper,Very bullish
52.24967545641112,0.04499350912822233,86.8253991473824,32.72449223065806,0.166667630431785,56.603861837306596,88.4430426978132,35.93769951265963,Beat,In-line,Mixed
51.98565482726044,0.0397130965452088,87.39366924092796,32.243201484951506,0.10833372370356514,53.50192193716107,88.82442510689732,34.14597510108603,Beat,Below (severe),Mixed
54.591680471251905,0.091833609425038,87.28179714909714,34.15711409993389,0.15204697274415813,58.39988163649912,88.522137786073,37.19490618562273,Big beat,Above cons < whisper,Mixed
50.70302726579713,0.014060545315942523,87.16173204248011,31.776367076030688,0.17809483931745285,55.46633370535001,88.35752689631859,35.50505649391908,In-line,Below,Clean
51.40069007837079,0.02801380156741587,86.4407296744234,32.07698503424011,0.10958585036911209,52.959658523727654,87.8264175513327,33.69778919948666,Beat,Below (severe),Clean
52.67991465825704,0.05359829316514093,87.33809031797747,33.279539261055255,0.18732626136880484,58.080514254672025,88.9731927844015,37.18197006766122,Beat,Above cons < whisper,Very bullish
52.98763190157631,0.059752638031526126,86.67172610317414,33.119934862590476,0.1698301986161794,57.55892252650616,87.98569885092287,36.66297155438197,Beat,Above cons < whisper,Clean
49.3478155545662,-0.013043688908675884,86.17723405113435,30.68942620733369,0.1302380141663039,51.790864408992384,88.00525017926569,33.03492896919666,Miss,Below (severe),Mixed
50.07115197496624,0.0014230394993249007,85.68071013487032,30.711225386791565,0.11068185652726664,51.640754317299105,87.20341381455756,32.393825549533965,Miss,Below (severe),Mixed
49.63727419752473,-0.007254516049505293,85.44950145413425,30.624619451614333,0.08659234295147829,50.08294763458383,85.75198429756476,30.765609003856778,Miss,Below (severe),Clean
51.71546754854893,0.03430935097097862,85.98503989771773,31.92826708476816,0.058110280389620725,50.812048734827194,86.84789185159246,31.615844318740628,Beat,Sandbag (flat/down QoQ),Mixed
51.66939367504383,0.03338787350087657,86.32264929694705,31.872500522303156,0.0967923027939544,52.62269375333165,86.8265416127915,32.80807825533015,Beat,Below (severe),Clean
55.379847031986905,0.10759694063973806,88.08532284981219,35.32905258800581,0.21110022451717567,62.27979194744003,90.26926369928154,40.77563159539069,Big beat,Above whisper,Clean
51.575656397401836,0.03151312794803679,86.34216954004869,31.7788181464288,0.206837197127603,57.79746199189556,88.13485891725308,36.95228420090099,Beat,Above cons < whisper,Clean
51.45814958854903,0.02916299177098062,86.12091254480274,31.671533268086996,0.21994130489568148,58.29192771681655,88.4282031735978,37.215192527252505,Beat,Above cons < whisper,Clean
52.06564341115564,0.04131286822311271,87.0651622364867,32.51507944043423,0.10052140404463691,53.20654391866581,88.08765220237375,33.489670112745756,Beat,Below (severe),Mixed
51.43313462301734,0.028662692460346854,86.81415021503409,31.96079815520943,0.11482140221552962,53.243133599288555,87.41525635516174,33.22410945052665,Beat,Below (severe),Mixed
52.51909323303941,0.05038186466078823,86.99014293190645,33.020978504057226,0.12450390160993813,54.83950201745685,87.94458271485959,34.81024610153081,Beat,Below,Clean
51.02798436915845,0.020559687383169104,85.65490799358156,31.43155418847281,0.12536432222050292,53.323282112170965,86.50537293013771,32.973591796617534,In-line,Below (severe),Mixed
49.730025888492285,-0.005399482230154318,86.14568441801545,30.821262342981736,0.16973078196690022,54.015689064795964,87.74379100303214,33.74516542956909,Miss,Below,Mixed
51.945131144302614,0.0389026228860522,86.7944480234471,32.33314156802282,0.22262938836046187,58.9732407821725,88.50778317190726,37.60393592696374,Beat,Above whisper,Clean
53.44485592989847,0.06889711859796932,87.2319175730199,33.72381013955307,0.15981839608967055,57.558732292154204,88.27989600126192,36.4449404749592,Beat,Above cons < whisper,Clean
53.15165698171528,0.06303313963430554,87.29529551744999,33.6477437013542,0.23931422687244652,61.16649005933509,89.92219811974186,39.80825422332525,Beat,Above whisper,Clean
50.844746036319556,0.016894920726391156,86.5956447841501,31.98592827749596,0.1331588509141707,53.49980442257165,87.68232876940203,33.71672167401758,In-line,Below (severe),Clean
51.1738781899498,0.02347756379899586,86.63985273073,32.14415822543007,0.156839409288768,54.97139051511426,88.00178754712842,34.86311102161933,In-line,Below,Mixed
55.41896556744794,0.10837931134895877,87.33229920422997,34.93860251136892,0.09754031989431151,56.47993854017231,88.57189450757316,36.25260250645219,Big beat,In-line,Mixed
54.21920716753089,0.08438414335061789,86.85685832525144,33.68189284672324,0.007523062415550202,50.72516581523288,86.77976904203939,31.373558616965553,Big beat,Sandbag (flat/down QoQ),Clean
52.158956067304466,0.04317912134608935,87.05135018740212,32.874619133351445,0.16399379110608442,56.37607951199476,88.03337200764419,35.70573023550729,Beat,In-line,Mixed
51.2256657535425,0.024513315070850146,86.91814527002293,32.004718118061355,0.17067030708121791,55.68491115398661,88.61702642442198,35.27601928368576,Beat,Below,Clean
51.696388024936915,0.033927760498738344,86.85910462065063,31.87658542902319,0.20252661639468214,57.725833816350104,88.31113161527378,36.79992025839677,Beat,Above cons < whisper,Very bullish
51.79729124478558,0.03594582489571169,87.20764202147649,32.65678648277535,0.1752924384350383,56.528610107741486,88.9972628373561,35.94541928667111,Beat,In-line,Very bullish
54.29638518644403,0.0859277037288805,87.20734446682397,34.30860306509256,0.13978388708035136,57.46570603634453,88.76946193366062,36.65745421297005,Big beat,In-line,Mixed
51.13649687397799,0.02272993747955984,87.32283759167625,32.17861416477701,0.1508140439198832,54.645127419479145,88.60496147261678,34.93914924907921,In-line,Below,Mixed
55.958051561325725,0.11916103122651452,87.8733045093526,35.30914363389119,0.2589905699998814,65.41846928618507,90.07203689271839,43.18542586957246,Big beat,Above whisper,Very bullish
53.65587009638359,0.07311740192767177,87.00992496510706,33.74864144301404,0.1644810965392582,58.018300270918694,88.70622821463418,37.29447924943712,Big beat,Above cons < whisper,Clean
50.90119422286053,0.01802388445721073,86.35832934683609,31.81455780920256,0.11139191237382845,52.53037733306687,87.51158219430309,32.77864809313304,In-line,Below (severe),Mixed
51.55660748568752,0.03113214971375037,86.79922739563787,32.664094306771126,0.19546082088837882,57.23148257084137,88.6534394727245,36.729003074565,Beat,In-line,Clean
55.6144505329465,0.11228901065893,88.08413150458058,35.755534460086515,0.1902633722196174,61.46756890437986,89.59534786385383,39.93071047499478,Big beat,Above whisper,Clean
50.18199074196728,0.003639814839345772,87.10435652043081,31.502492462591576,0.06223839165046818,49.4977201973113,87.64364462981142,30.906175749577304,Miss,Sandbag (flat/down QoQ),Clean
54.53182807632055,0.09063656152641104,87.48711567239789,34.47844640195291,0.14801001452026463,58.13143583159095,88.66494193908083,37.204292198609465,Big beat,Above cons < whisper,Clean
52.731316042622744,0.054626320852454835,87.65412662107337,33.59435271060313,0.21452957485894125,59.46918979392771,89.49873957417644,38.65721607427647,Beat,Above whisper,Very bullish
51.20663728703202,0.024132745740640383,86.99190680372327,32.06751748264487,0.22024598115372146,58.021500975190186,88.90052810473327,37.46254405399849,Beat,Above cons < whisper,Clean
51.22316589343122,0.024463317868624445,87.1275173854674,31.878564899505932,0.17583762511881756,55.92797389697086,88.25456695532856,35.71921321146094,Beat,In-line,Mixed
55.740724311521596,0.11481448623043193,88.29616490821167,35.78364866119736,0.17866198131303768,61.006653088496,90.0456449407265,39.898821899818714,Big beat,Above whisper,Clean
53.01874046674521,0.0603748093349042,86.9720282326684,33.135468696398824,0.07920283411635433,53.13097676063438,87.39598508027834,33.22626153525737,Beat,Below (severe),Mixed
51.887392278172165,0.03774784556344327,86.50883949964725,32.74632019848573,0.1498602493652334,55.40158912218425,88.20022689912925,35.47124386553792,Beat,Below,Mixed
53.260933393872335,0.06521866787744678,86.71682740354446,33.199929897905314,0.19134272188555804,58.91973783393405,88.86492645244033,38.06707968483049,Beat,Above whisper,Very bullish
52.54256021027158,0.050851204205431585,86.9206265164478,33.2191034307096,0.12650437954940524,54.96160817606573,88.07455231385927,34.68737450252505,Beat,Below,Mixed
51.6026011568796,0.032052023137591944,86.90873394569518,32.4916280474912,0.13290920770049933,54.285271849644964,88.09289989931781,34.60729365581215,Beat,Below,Clean
51.08006595560587,0.021601319112117476,86.72254732034283,31.76715609523049,0.16772349097693834,55.386864870082896,88.69015875555043,35.3490721026206,In-line,Below,Clean
51.5624006945599,0.031248013891197957,87.1995146454558,32.33961231128978,0.15476047612945182,55.28920649239703,88.15578741755951,35.38605994128941,Beat,Below,Mixed
52.026781719225326,0.04053563438450643,87.02880310596306,32.42182711269598,0.14299200995461983,55.21861039381851,88.40648104320904,34.75718078031946,Beat,Below,Mixed
58.25349361765666,0.1650698723531333,88.42918308495845,37.2101623289647,0.2875615422805591,69.6474610794678,90.91249161286366,45.36683541982915,Big beat,Above whisper,Very bullish
53.18092772740803,0.06361855454816069,88.17626203048957,33.775230648172716,0.12706211634876557,55.656908314283015,89.5236277231987,36.335464127139886,Beat,Below,Mixed
50.492030152645185,0.00984060305290375,87.12458783527958,31.686092223292665,0.18462264013068508,55.54157334605721,88.53529525960775,35.13071510601101,In-line,Below,Clean
51.4691554234411,0.02938310846882218,86.46307550887047,31.987599975877824,0.05844365181818724,50.585972192214506,86.91476269470647,31.499197043017755,Beat,Sandbag (flat/down QoQ),Mixed
52.94631867578368,0.05892637351567359,87.1396711680743,33.165970416426056,0.10146969099181427,54.15313918018603,87.68456425137433,34.35786852431096,Beat,Below,Clean
55.45871918174948,0.10917438363498964,88.41410906248723,35.19661388910374,0.15112654169021006,59.28000335980895,89.79396692172311,38.46181812808157,Big beat,Above whisper,Clean
50.765445661397656,0.015308913227953183,85.66495614782227,31.162616520944805,0.18525744701393948,55.872256626784974,87.48131950364146,35.72318665708786,In-line,In-line,Clean
53.94886640218465,0.07897732804369303,86.96255066861943,34.20312666348922,0.2278093314581989,61.5075700480373,88.92164022638505,39.505913629985415,Big beat,Above whisper,Very bullish
52.213935369449935,0.04427870738899865,86.36792413340336,32.8053319057026,0.05570758869312267,51.18531581898479,86.46732303197157,31.501383751809332,Beat,Sandbag (flat/down QoQ),Mixed
51.123081307708496,0.022461626154169818,86.19313947620523,31.926960765551215,0.0944388412396385,51.954579733650576,87.28069200153557,32.48111402863893,In-line,Below (severe),Mixed
52.63561033674831,0.05271220673496615,87.13847868364594,33.20100987573664,0.22321363559091956,59.78569654716368,89.47800706661566,38.78313386770459,Beat,Above whisper,Clean
50.47665281657765,0.009533056331553037,85.47586038125934,31.04763131428939,0.08980211813203104,51.0803086445985,86.46698060795931,31.555114388151694,In-line,Below (severe),Mixed
51.590203992475594,0.03180407984951186,87.81528426773069,32.69498012542825,0.09431447684161953,52.423342299879906,88.89473069457145,33.83429850817493,Beat,Below (severe),Very bullish
48.68841474496753,-0.02623170510064937,87.62416715994482,30.68987352743513,0.07806174235889989,48.739894573177274,88.20670085770344,30.944132257249755,Miss,Below (severe),Mixed
53.14178366609974,0.06283567332199486,86.83785117888672,33.30429675264553,0.16506446459350022,57.49120346773896,88.4882665037502,36.536318624492296,Beat,In-line,Mixed
51.0494866635716,0.020989733271431943,86.87238116210392,32.26203206690375,0.1238677766281615,53.27481071212597,87.7857309623296,33.68626076854564,In-line,Below (severe),Mixed
48.2354867988643,-0.035290264022713916,85.98493436317204,29.76055850112646,0.08904712386764049,48.778524011897375,86.47088376628669,29.99922047259381,Miss,Below (severe),Very bullish
56.100277532520835,0.1220055506504167,87.76274861269673,35.34059566977466,0.16483037108048687,60.6796423033585,89.47902543343592,39.13372260233249,Big beat,Above whisper,Clean
53.67695164388301,0.07353903287766025,87.5573319525018,33.984568726163474,0.12681196937476863,56.1635579067439,89.01157516403285,36.34356678321133,Big beat,In-line,Clean
50.35366717592714,0.007073343518542785,86.2302494070481,31.72387437892112,0.04288813134984096,48.76229602002059,85.85919216758693,29.622226886141465,In-line,Sandbag (flat/down QoQ),Mixed
51.247108407477306,0.024942168149546015,86.84959115651114,32.09002519218444,0.08668108936649657,51.7114590488975,87.92371428688664,32.45833330191389,Beat,Below (severe),Mixed
54.14930183701725,0.08298603674034488,87.46943430458204,34.53482970910508,0.0923925460954104,54.92712986709758,87.8679984321129,34.896746666748335,Big beat,Below,Clean
49.75631095891971,-0.004873780821605682,85.7529486444811,30.801795922538425,0.13301681152325873,52.34796988184678,87.1958612556322,33.03046989208947,Miss,Below (severe),Mixed
52.631412027644444,0.0526282405528889,86.23842286155255,32.94159948830303,0.21950734923639734,59.5997942135155,88.27265594122913,38.06526671957014,Beat,Above whisper,Very bullish
52.88058047378394,0.05761160947567868,86.61345137838032,33.58675511328269,0.23788435820368994,60.784326033998,88.82264551033366,39.1420610517455,Beat,Above whisper,Clean
50.44878690571879,0.008975738114375843,85.63333518154866,31.04828029658733,0.07453879057109697,50.337094291203634,85.92159096611043,31.17068250122447,In-line,Sandbag (flat/down QoQ),Mixed
51.293473161685675,0.02586946323371362,86.42828557334244,31.90634301590796,0.15510391158887782,55.01719923889637,88.47902488953332,35.10832050489731,Beat,Below,Mixed
54.31883851240868,0.0863767702481738,86.60170664804683,34.1282585118697,0.2497625235807108,63.03667379029519,89.11555497547552,40.60601394164725,Big beat,Above whisper,Mixed
48.991957100461356,-0.020160857990772812,86.06472195001582,30.27815354836285,0.2601529123958936,57.32754617954099,88.81007642968683,36.91239884517047,Miss,In-line,Mixed
51.194527922839875,0.023890558456797408,87.04266484866069,31.947524363848803,0.1594238048755292,55.116429042169415,88.33001842541361,35.191508703492815,In-line,Below,Mixed
50.803753890642845,0.016075077812856883,86.91207102632444,31.757739931962107,0.1744315717575287,55.40370878061532,88.2691679435248,35.31533269786798,In-line,Below,Clean
51.55697771928235,0.031139554385647035,87.37548775022067,32.60586341795648,0.1281798267664423,54.01086060680262,88.49680946943997,34.2122181709997,Beat,Below,Very bullish
52.13770376023943,0.042754075204788605,86.41154671301105,32.64877490109944,0.14605779726164386,55.484763216758694,87.70091488925043,35.23904916285473,Beat,Below,Mixed
52.515538829868724,0.050310776597374395,87.1544981617772,33.202324893742365,0.09625257881756052,53.45813095093467,88.2979286072793,33.78777325822747,Beat,Below (severe),Mixed
51.47335190413918,0.02946703808278344,87.80398801174314,32.65599968635706,0.21613251411514614,58.127101371034826,89.36464105683581,37.70975308113983,Beat,Above cons < whisper,Mixed
53.298655843019475,0.06597311686038947,86.72563593442993,32.9677353038418,0.16626530238363552,57.72034633244326,88.15664382392158,36.59578463686612,Beat,Above cons < whisper,Clean
53.80005745619542,0.07600114912390822,89.26623268315116,34.6513160733271,0.17536162939974712,58.7177715368343,90.38168304249754,38.495899197999314,Big beat,Above whisper,Very bullish
53.72288196816473,0.07445763936329448,87.4846339850831,34.05249683042863,0.1521777176456198,57.47699985060898,88.58922695527569,36.92860757899114,Big beat,In-line,Mixed
53.32637758411659,0.06652755168233178,86.77547409998712,33.2905946994667,0.22101268987028747,60.461313468233605,88.93127592319364,38.81498452890275,Beat,Above whisper,Very bullish
50.59209009698481,0.011841801939696297,86.48910695735039,31.802034790859924,0.10610392470730572,51.96295874289048,87.28288027215434,32.66907466258556,In-line,Below (severe),Very bullish
52.55316466660217,0.05106329333204334,87.00721583277142,32.809851114026074,0.23830840522305963,60.42866656145891,89.32979041558295,38.72935656513383,Beat,Above whisper,Mixed
50.44355881945498,0.008871176389099684,85.64207159307125,31.117178896430218,0.10214794394145152,51.62510287809826,86.58673179468289,31.96067410690576,In-line,Below (severe),Mixed
53.92288331537437,0.07845766630748739,87.05906591103233,33.87258823256706,0.06603194934758763,53.3775509569074,87.44368543593323,33.729281836057524,Big beat,Sandbag (flat/down QoQ),Clean
52.16351622522743,0.043270324504548686,86.63423960825209,32.78261984812892,0.18017991962566335,57.16502478707511,88.42415764767648,36.286482908567095,Beat,In-line,Clean
47.9481704223919,-0.041036591552161994,85.65229960796586,29.57054494045696,0.12685683325307967,50.171386090851556,86.7675063507755,31.467390017581963,Miss,Below (severe),Clean
51.15182125407728,0.023036425081545485,86.57940510374833,32.09231948392075,0.1954235413922109,56.780370504195396,88.1781252081236,36.06137426316374,In-line,In-line,Very bullish
49.594780541194886,-0.008104389176102199,86.68450870947065,31.031089452536676,0.09891802232372517,50.6076982820584,88.00341631767093,31.91413330289068,Miss,Below (severe),Mixed
52.716664755668695,0.05433329511337383,86.65024792643297,33.283109766072776,0.1513194262111339,56.35845448838539,88.47844644232438,35.82772057501433,Beat,In-line,Mixed
52.4773688227157,0.049547376454313986,87.04944036157647,33.18706921878431,0.11883483500113841,54.5196862674815,87.70841348127831,34.462671491516424,Beat,Below,Clean
51.94229368417429,0.03884587368348588,86.3432833471157,32.365503599757595,0.1761176737036071,56.72666035647058,87.40402574473178,35.24584030902529,Beat,In-line,Mixed
51.43135541019389,0.02862710820387785,86.99737462192424,32.306872923494765,0.20036432561567463,57.326623948710505,88.84355321492123,36.67993302412416,Beat,In-line,Clean
56.532404793846034,0.1306480958769208,88.30134541260219,35.929009260221406,0.20440483694024314,63.2244802220311,89.78205187367631,41.15563065216311,Big beat,Above whisper,Clean
52.99943784190363,0.05998875683807249,86.98850559023519,33.308778083644654,0.16942611965255963,57.55186072927979,88.63074031599979,36.64433523031228,Beat,Above cons < whisper,Clean
51.544967299189004,0.030899345983779997,87.24870491111363,32.63097970348261,0.15448311670457252,55.25723774814564,88.58730666621888,35.37721473500718,Beat,Below,Very bullish
51.33475002929253,0.02669500058585068,86.28180998508756,31.714598783642067,0.09620267004723146,52.253769330580674,87.65198212649156,32.69843481569316,Beat,Below (severe),Mixed
57.06484054589468,0.14129681091789353,87.21866123314429,36.13277026169478,0.23968702811442638,65.68950383000924,89.45881842425845,42.7004105032228,Big beat,Above whisper,Very bullish
52.40751542837367,0.04815030856747349,86.9889587431728,32.65716097764337,0.14817208680581245,55.874785899867646,88.10395439096591,35.891622782460225,Beat,In-line,Clean
55.73785380286552,0.11475707605731048,87.15902418456824,35.324669643062784,0.179339232484226,61.03856360103304,88.11540902480837,38.64484242459965,Big beat,Above whisper,Very bullish
50.8667136655653,0.01733427331130607,86.67357132107976,32.05202037117422,0.148879320071231,54.2654500238989,87.77337911178861,34.64188484470012,In-line,Below,Clean
52.626072393161536,0.05252144786323072,87.4854089104568,33.18346199469994,0.1399702139661144,55.707001077212254,88.67741439253109,35.39108269633793,Beat,Below,Clean
51.95523676752364,0.039104735350472854,87.21667361679863,32.74081661921762,0.11286878734522063,53.689406956442994,88.10535661543327,33.9160171512983,Beat,Below (severe),Mixed
51.75115666445613,0.03502313328912271,87.28348478631604,32.755783655060874,0.13378665291507646,54.48371564914336,88.91006198046642,35.01485934998298,Beat,Below,Clean
56.764651796766685,0.13529303593533382,88.02190548164536,36.16219599268244,0.17661937335333583,62.01964695246536,89.62548719116093,39.964715009356325,Big beat,Above whisper,Very bullish
53.34512973200853,0.06690259464017077,87.77467800066164,33.800523557412696,0.11354146481776925,55.159012909626526,88.86429480990977,34.99800245983302,Beat,Below,Clean
52.48643122075144,0.04972862441502875,86.80363593377946,32.79635534346113,0.07316958395453833,52.30349573097286,87.50849250268725,32.70172689864608,Beat,Sandbag (flat/down QoQ),Mixed
53.132115302199864,0.0626423060439974,86.59987222619334,33.08834132593848,0.20498390632475016,59.450247858988845,88.49803126583808,37.91923915815704,Beat,Above whisper,Clean
52.08457673662821,0.04169153473256406,86.57134879004009,32.6695591129577,0.12920194286743433,54.6130048698265,87.51969766032968,34.101913181240235,Beat,Below,Clean
56.189949101191026,0.12379898202382059,87.98906226744705,35.56143509451374,0.2610149803748498,65.79519845145205,90.56542749032059,43.164306739173796,Big beat,Above whisper,Clean
50.95937009650634,0.019187401930126795,86.42459789512267,31.633685961165448,0.12398993062668108,53.18654608386928,87.47616160486928,33.90734041096952,In-line,Below (severe),Mixed
51.88213870257024,0.03764277405140473,87.35903055160263,32.463753710515846,0.17038276064227664,56.384677813972544,88.92160791781566,35.6967357865377,Beat,In-line,Mixed
51.252931132302635,0.025058622646052707,86.5246932556783,31.776299742204074,0.1549913534042789,54.96835713054634,87.69742397403758,34.86057089050215,Beat,Below,Very bullish
52.28060892862009,0.0456121785724018,86.72076856204521,32.48083789021539,0.1770091271033738,57.13941431668598,88.53234652460529,36.228148928726895,Beat,In-line,Clean
51.53350493206369,0.03067009864127382,86.2182389544283,31.962191821874335,0.13779781607260172,54.44651584010667,87.5855371191534,34.02626193767736,Beat,Below,Clean
52.67678658786758,0.053535731757351684,86.02068549687542,32.81404349978166,0.23958678799886093,60.63334521080223,88.81674044439623,38.69607498246931,Beat,Above whisper,Clean
56.05326347871231,0.12106526957424613,86.71504189889734,34.82365585396752,0.13718127624219395,59.18967015024331,88.14330112282228,37.32686309390915,Big beat,Above whisper,Very bullish
51.34960294351812,0.026992058870362493,86.56011474678562,31.85869027375381,0.13270627178242078,54.00944464282717,87.87021257253774,33.90693203352646,Beat,Below,Clean
52.01472281599241,0.04029445631984821,87.31940223037695,32.79475690488249,0.14881004748470864,55.48681931756247,88.48966073090926,35.28347321735495,Beat,Below,Mixed
56.07066737197469,0.12141334743949389,87.61284362251166,35.40772746224359,0.19924416648689344,62.43939070280567,89.43316242483318,40.19320867141934,Big beat,Above whisper,Clean
52.21355525733588,0.04427110514671754,86.63743013076672,32.812100533806955,0.16666359360134098,56.56453586756669,88.13824180046728,35.989954355992374,Beat,In-line,Clean
55.313116199081314,0.10626232398162617,88.26390862404655,35.5082770590102,0.24665734823352756,64.03103828018828,90.15412692816783,41.80657414228584,Big beat,Above whisper,Mixed
50.95656106709576,0.01913122134191517,86.27052497460569,31.452162732549503,0.18110758519737677,55.88623930678298,88.19719211304094,34.870672169019805,In-line,In-line,Clean
51.79333769107003,0.03586675382140052,87.42445481037055,32.82993315266599,0.08436413742325359,52.15120666753069,88.3270383215305,33.213628932060445,Beat,Below (severe),Mixed
53.336504804178816,0.0667300960835764,87.54034261092552,33.554993132690875,0.1943912173950494,59.154320554327185,89.15097763923066,38.4277240814592,Beat,Above whisper,Clean
55.46806371159474,0.10936127423189483,87.84761360878939,35.46171393079035,0.0826156217711446,55.76126426331463,88.16348322189643,35.66221935669873,Big beat,Below,Clean
53.17890715244924,0.06357814304898468,87.40701787770084,33.74130713213771,0.1293042333165537,55.76551032966539,88.7539667684387,35.842347395589336,Beat,Below,Mixed
53.12962796621782,0.06259255932435641,87.73653255828057,33.998436843874345,0.19814427826826814,59.1100340575138,89.66733873324019,38.06478935095772,Beat,Above whisper,Very bullish
56.062690879979485,0.12125381759958956,87.30481253929148,35.48130360998258,0.15647502792128365,60.2040232864261,88.76693654695704,38.154671551882664,Big beat,Above whisper,Very bullish
52.59306051217683,0.05186121024353657,86.28279820474283,32.539372650696954,0.13377856120755025,55.369678442926215,87.61371823381556,35.13457854438572,Beat,Below,Mixed
52.39955750186544,0.04799115003730869,86.78409902082825,32.5935457750981,0.14081604113934645,55.50838033625083,87.89488224333392,35.18119995870608,Beat,Below,Mixed
51.5344973356458,0.03068994671291607,85.88153644630054,31.788500844604695,0.1348721779597809,54.307562429126385,87.40600646236436,34.02764445808723,Beat,Below,Clean
51.99307205144868,0.03986144102897344,87.08462659096193,32.695780053434,0.19492042347941047,57.68989912559023,88.5243481291166,36.75313985510093,Beat,Above cons < whisper,Very bullish
48.476982311715524,-0.03046035376568944,85.56420071711072,29.827130811919048,0.06684044132139091,48.02311911740558,86.39158598914753,29.330673680328548,Miss,Sandbag (flat/down QoQ),Mixed
53.601563365103665,0.07203126730207339,87.85038253375176,34.045393435979896,0.11864852680885521,55.678359186380106,88.61401514841975,35.2650367036697,Big beat,Below,Mixed
52.75611637097683,0.05512232741953657,87.44031413472726,33.11450390025886,0.07949562504794408,52.88213990149044,87.75787627214507,33.51444245315224,Beat,Below (severe),Mixed
54.28568173403936,0.08571363468078726,88.36773708912855,34.531694687191454,0.13524150450432948,57.225404790165896,89.27128222459825,37.02081022360752,Big beat,In-line,Mixed
54.195819528002666,0.08391639056005339,87.06636496817865,33.86842224180362,0.17789170303102014,59.27703429235796,88.45670578456803,37.65701574709877,Big beat,Above whisper,Mixed
51.45695974843459,0.029139194968691873,86.88898068935256,32.107170706214816,0.10704713565038218,52.89633133458284,87.27275093078339,32.99413585706967,Beat,Below (severe),Clean
54.731747694598724,0.09463495389197446,87.00715025929007,34.23659456173397,0.21121323405226694,61.55668733547137,88.9954704298446,39.61248505216541,Big beat,Above whisper,Clean
52.48238601972227,0.049647720394445406,86.67645864273294,32.82901718290568,0.07515758004955152,52.39634692332022,86.42555189965424,32.34167227402128,Beat,Sandbag (flat/down QoQ),Clean
52.43050964287919,0.048610192857583626,86.48161932284891,32.373574910208696,0.11550534754540337,54.30890574679381,87.6638653205723,34.41795251896032,Beat,Below,Mixed
51.45735250104529,0.029147050020905924,86.78050902111876,31.97338727877487,0.1642911778567028,55.631960013341754,88.31938390919363,35.64726012367665,Beat,Below,Clean
56.18062303714606,0.12361246074292122,87.63279005565445,36.01213545685773,0.1986364366380589,62.53013167639717,89.72527616473907,40.68697262160216,Big beat,Above whisper,Very bullish
51.32622110938876,0.02652442218777516,86.63426585635742,31.886281477647977,0.10714429477653267,52.76656623986298,87.24772270706215,33.156694157401276,Beat,Below (severe),Clean
53.25679085155121,0.06513581703102417,87.22493575543271,33.77801084904385,0.1561116321858212,57.1728814394825,88.35886979377942,36.539533047348925,Beat,In-line,Clean
49.17069210399048,-0.016586157920190397,86.95133408575732,31.197520179694624,0.15309380178765825,52.64853313081215,88.11199096582048,33.21923280600372,Miss,Below (severe),Mixed
50.5970955283609,0.01194191056721797,86.88848595272603,31.45746694860888,0.1153168663467053,52.400951600155196,88.03671750157093,33.30630100255071,In-line,Below (severe),Clean
53.49109561335352,0.06982191226707048,87.46686963307356,33.58293521202095,0.06471630504681479,52.88478155475881,87.99329710988745,33.57346268324042,Beat,Sandbag (flat/down QoQ),Mixed
52.37430487596594,0.04748609751931869,86.60250866489864,32.73676572844771,0.196694503795693,58.19918258624637,88.25554382547023,37.20852967488892,Beat,Above cons < whisper,Very bullish
55.93355997834048,0.1186711995668097,87.9801413442127,35.462592055560116,0.1129955306844476,57.80710210893749,88.41847177173851,37.213013252867896,Big beat,Above cons < whisper,Mixed
50.216900378137474,0.004338007562749544,86.44878609792826,31.427885571676775,0.20179551809861343,56.039699678160886,88.49889456353381,35.95296491643638,In-line,In-line,Very bullish
54.90504028250872,0.09810080565017448,87.15221563664723,35.36664801555624,0.18118618220437221,60.220712421139915,88.81793324361745,39.14241829734963,Big beat,Above whisper,Very bullish
51.82688636624935,0.03653772732498703,87.51452429291781,32.635987291300225,0.04827049142232895,50.44798166574901,87.64583833462625,31.72856150971185,Beat,Sandbag (flat/down QoQ),Mixed
48.84193866196919,-0.023161226760616244,85.6733349636811,30.12726958270535,0.10950896546211442,50.319813919147954,86.45581091157017,31.293152754726187,Miss,Below (severe),Clean
55.07713497199129,0.10154269943982575,87.14551691942118,34.6587355871426,0.1525713836257118,58.946020399321796,88.25000328014814,37.45843390109159,Big beat,Above whisper,Clean
52.36541639500203,0.04730832790004065,86.56153751035153,33.355023613950934,0.22040492404280676,59.342225445297224,89.01760119940728,38.0671997377022,Beat,Above whisper,Clean
50.4046417827136,0.008092835654272088,86.26983995888254,31.407226561612514,0.08227168114499891,50.654979513996835,86.67466212297145,31.684070957552784,In-line,Below (severe),Mixed
53.38275538204545,0.06765510764090919,88.445087667846,34.06404767192842,0.11305666142129908,55.17388637708015,89.4401403083616,35.46017956624046,Beat,Below,Clean
53.72632202863049,0.0745264405726098,87.0678208034868,33.58706098919306,0.13949869893368788,56.84814018939416,88.16010163828525,36.30205603571436,Big beat,In-line,Clean
48.49560363101846,-0.030087927379630716,86.23150309921309,29.981300197546773,0.16349008735988516,52.39385738342233,87.81626432254666,33.24334311721393,Miss,Below (severe),Mixed
52.11642701829013,0.042328540365802636,87.18315484017126,32.53335176827722,0.12985910124438785,54.6782037201716,88.48845049285138,34.934982987541744,Beat,Below,Mixed
56.44740892963556,0.12894817859271104,87.5551593017909,35.83557692330933,0.2089278886341267,63.36650068930207,89.58811736757414,41.019605942251964,Big beat,Above whisper,Very bullish
52.818841564765684,0.05637683129531372,86.66204566983971,33.098264508886345,0.13138471234785232,55.48997059384927,87.62252029666112,34.53900108387924,Beat,Below,Clean
50.336027145386055,0.006720542907721092,85.9340095828137,30.892907706676393,0.040270516186479866,48.62286458835688,85.21789234886124,30.142516483140305,In-line,Sandbag (flat/down QoQ),Mixed
54.002419374448806,0.08004838748897618,87.52317488237257,34.3634793566749,0.13846792251396153,57.08859203910241,88.87548404143755,36.67396263661581,Big beat,In-line,Clean
51.680971083392514,0.0336194216678503,86.1082707965702,31.86990418072716,0.2042376643281317,57.790731057126145,88.17737827510841,36.571762385869306,Beat,Above cons < whisper,Very bullish
52.0441794985271,0.04088358997054206,86.42276069170732,32.671833666104106,0.09370070705485586,52.85498763594114,87.02607662296545,33.10933997807365,Beat,Below (severe),Very bullish
52.39478370704237,0.047895674140847326,87.21743600589794,33.173160399321176,0.17453114623201682,57.14364069515313,88.64550856905137,36.74616341047481,Beat,In-line,Mixed
49.3092164511088,-0.013815670977823897,87.19275316073437,31.183858927959957,0.12296517557692656,51.41735198746721,88.27251347294205,32.4708109984484,Miss,Below (severe),Mixed
53.92119116859342,0.07842382337186828,87.88177210305915,34.07214423706269,0.1524234810440412,57.70147205508367,89.5906385417774,37.513795646625795,Big beat,Above cons < whisper,Clean
52.848000074257904,0.05696000148515815,87.20729432463298,33.62045370421524,0.10292825041610022,54.124155669898975,88.60456175558244,34.56903417473549,Beat,Below,Clean
52.86692402442533,0.05733848048850655,87.6966910793705,33.44782724094924,0.19828772277334372,58.82480128502715,89.57533361746084,38.55210264091658,Beat,Above whisper,Clean
55.501054082070176,0.11002108164140345,87.80530697269141,35.43551687725737,0.2161363797506959,62.67564734202238,89.61455666024602,40.39840772927727,Big beat,Above whisper,Very bullish
51.98734135571736,0.039746827114347266,85.71829154150568,32.10842061711429,0.19947893195791574,57.90359777863835,87.7866792952291,36.51695623909533,Beat,Above cons < whisper,Clean
52.46043891540809,0.04920877830816177,87.57489750809408,32.9936847985433,0.16123878300893021,56.56773222493975,89.30186366128883,36.64619294914327,Beat,In-line,Clean
51.07162037371222,0.021432407474244356,86.93034697996083,32.11491873452861,0.08182140552331972,51.30391698253971,87.10286429849317,32.13641372931784,In-line,Below (severe),Very bullish
52.005567241137605,0.04011134482275217,86.27556662463766,32.6270732492488,0.09555220800612743,52.90518444680804,86.8272637288293,32.93386826750534,Beat,Below (severe),Mixed
55.50126451689427,0.11002529033788537,88.08244661691262,35.70457903722074,0.1632074911162534,59.948094748727826,89.2283194238797,38.64284987250481,Big beat,Above whisper,Very bullish
51.42392800960391,0.02847856019207822,87.29777045009594,32.17031488329034,0.14186529156093958,54.524970082045485,88.41014939471823,34.9776342882047,Beat,Below,Clean
54.306700354818126,0.08613400709636261,87.21056217824986,33.79996489413895,0.09484390380634652,55.210405546502685,88.08515569923851,34.663909116024826,Big beat,Below,Mixed
52.53567843321713,0.05071356866434247,86.43008504045619,32.63265506578829,0.12412913748088716,54.83853782095521,87.58491110106372,34.74666714327283,Beat,Below,Mixed
53.17124945924694,0.06342498918493876,86.78830679121849,32.93472967295433,0.05919432659714649,52.2959224963648,87.29790053755204,32.89542488881509,Beat,Sandbag (flat/down QoQ),Mixed
52.24730786553683,0.044946157310736694,86.46370506422282,32.38622165592677,0.08482577339136653,52.63071000835869,86.6688361595962,32.60879864325058,Beat,Below (severe),Mixed
52.954816247968054,0.05909632495936108,86.4937080701745,33.21474372620331,0.1531371725857349,56.70244086276623,88.13724274744855,35.68714058958179,Beat,In-line,Mixed
53.12713950410601,0.06254279008212031,87.20360221911662,33.27683746854256,0.16498761614140617,57.47156963163607,88.85252004031827,36.890272895368994,Beat,In-line,Mixed
55.14172981173483,0.10283459623469665,87.16043113770039,34.44325870183222,0.09487451162323235,56.06089774784888,87.77851012140681,35.487786876724996,Big beat,In-line,Clean
51.38104159571274,0.02762083191425484,86.50223925274435,32.0170098425025,0.13563696310035148,54.182337893067476,87.5590235077024,34.45557968537087,Beat,Below,Clean
53.950821161204246,0.07901642322408475,87.14757528036287,34.22406558186564,0.20491728246186378,60.362971332991066,89.15390562698826,38.893200637460566,Big beat,Above whisper,Very bullish
52.371804669424485,0.04743609338848971,87.46671454423307,32.81233345152618,0.11929620918240826,54.43245083206207,88.07579142010829,34.60535889308758,Beat,Below,Very bullish
52.0958195943175,0.041916391886349824,87.26533072134309,32.93350277148731,0.21907271139277346,58.972264041853876,89.4820708586508,38.06396068547034,Beat,Above whisper,Mixed
49.52537102923535,-0.009492579415293008,85.79878177663515,30.529691253437754,0.14569882621190158,52.68821949476788,86.98041302344767,32.743783908853956,Miss,Below (severe),Clean
53.98891533926462,0.07977830678529237,86.63726353806797,33.79568470822155,0.198837573093631,60.1008016507614,88.5471021145436,38.05230562963594,Big beat,Above whisper,Clean
51.277192076823574,0.025543841536471414,85.52745473280378,31.739206970737644,0.1520142570436353,54.852623738403864,86.67100966096332,33.91462320925868,Beat,Below,Clean
53.170618980195705,0.06341237960391405,87.10311649302298,33.09715793152818,0.21311171078915678,59.89462194372764,89.08983499635974,38.682807895565006,Beat,Above whisper,Very bullish
54.096884221015486,0.0819376844203096,88.13658850384655,34.79371204063549,0.12566984109529047,56.54557170304791,89.43038273860128,36.73100543415441,Big beat,In-line,Very bullish
51.180157214535626,0.02360314429071246,86.85503182517371,32.16235002055161,0.24172390769251703,59.01222304041122,89.44768402501475,38.08563882146341,In-line,Above whisper,Clean
52.21092307388475,0.0442184614776951,86.46243586323251,32.32405942141235,0.15189982325962126,55.84591355667027,87.70713735511329,35.052513040867744,Beat,Below,Clean
53.19621289856703,0.06392425797134065,86.26197632344264,32.9925799300766,0.15253812215881996,56.93133022578416,87.58617089148728,36.47635891152665,Beat,In-line,Clean
51.90896308095196,0.03817926161903931,85.9954794306732,32.56283222621249,0.1944075922649328,57.57185535259705,87.62952266709142,36.27088481922664,Beat,Above cons < whisper,Clean
50.8891204655162,0.017782409310323967,86.75952284487629,31.608064104372097,0.1874646455609686,56.112672011029794,87.9221887891836,35.4279231073374,In-line,In-line,Clean
52.90163935627207,0.05803278712544127,87.27177834336807,33.434350094449066,0.2118895329633393,59.53158994014846,89.24263866885774,38.54262165220142,Beat,Above whisper,Very bullish
50.24807514461131,0.004961502892226308,85.38654754445231,30.786245297840807,0.24146800310481095,57.925564830381006,88.30526626406319,37.07688279683623,In-line,Above cons < whisper,Very bullish
51.51891750922009,0.030378350184401704,87.2181815302756,32.227990513739144,0.14452995489072243,54.753162594786055,88.09341903181655,34.73811774252542,Beat,Below,Clean
54.89663479061786,0.09793269581235721,88.40069430760282,35.2087892899481,0.057585361549114145,53.91088611337489,88.80778769978457,34.67392917233531,Big beat,Sandbag (flat/down QoQ),Mixed
53.871171404189134,0.07742342808378268,87.22570205761198,33.80534799716145,0.12703833860146752,56.37809869518562,88.51382977543173,35.92914093980149,Big beat,In-line,Mixed
50.525378118221695,0.010507562364433976,86.2912960261168,31.400892913158515,0.1661702015882694,54.71253392934655,87.91300246735808,34.956177896531095,In-line,Below,Mixed
50.700074504136175,0.014001490082723427,86.5969021545698,31.66324317740306,0.1813721211275271,55.61739351839823,88.64504226446715,35.78844078955863,In-line,Below,Very bullish
52.654791641695375,0.05309583283390754,87.03491518580387,32.98327526663218,0.11933327545131911,54.72838465389809,87.87816688884736,34.55260877142922,Beat,Below,Mixed
52.88852419803484,0.05777048396069673,87.02828336176374,33.411418221533296,0.17982584536770554,57.94215864561131,88.61554233768291,37.15071914501717,Beat,Above cons < whisper,Very bullish
56.01619588790011,0.12032391775800227,87.52952111959065,35.71436488903061,0.1739893771670894,61.065103284440845,88.99517721889507,39.04209807648601,Big beat,Above whisper,Clean
52.042575194758186,0.040851503895163704,86.43314288338088,32.2097915528804,0.14496265732990102,55.33060481861856,87.56903590374772,35.219524134928534,Beat,Below,Clean
52.805924606887956,0.05611849213775901,86.52825315435794,32.96140887731648,0.18863633138163935,58.28368046423625,88.21813188672478,36.78042569058275,Beat,Above cons < whisper,Very bullish
51.65427366610362,0.033085473322072484,86.03344590154875,32.043466219468435,0.17754412588874235,56.48053035167202,87.76365379297579,35.956158257899816,Beat,In-line,Mixed
52.03984523187,0.040796904637399954,86.83478424642715,32.799571733802544,0.1221833132836874,54.22694266327944,87.75617828883196,34.366656334761075,Beat,Below,Mixed
55.29564683814111,0.10591293676282225,88.34472720728448,35.517465684097374,0.118875610821366,57.44973987237426,89.21902587574179,37.11861545929257,Big beat,In-line,Clean
51.79292170984214,0.03585843419684289,86.84617206879007,32.75854887073611,0.13139948481766156,54.41287887259425,87.83216394824271,33.956535650351235,Beat,Below,Very bullish
51.353693565153456,0.027073871303069062,86.40895835684236,32.081001768684125,0.09604809884815677,52.26568118656603,86.87268767943183,32.87870722806809,Beat,Below (severe),Mixed
51.60473568910542,0.03209471378210832,86.45254098936476,32.41108789140577,0.1037927180122484,52.89229350653983,87.23398383859949,32.98706897287821,Beat,Below (severe),Clean
51.26740256071039,0.0253480512142077,86.89202911977742,32.25108916687536,0.10145331126667528,52.435175288354934,87.825835936634,33.06910160364549,Beat,Below (severe),Mixed
52.277250099890225,0.04554500199780445,87.07287803186678,32.62604148376498,0.12915407355067887,54.812707768295915,88.11493614172014,34.93509693260909,Beat,Below,Very bullish
54.15172600828981,0.08303452016579627,87.06000878476134,33.8532670488514,0.11897490383048154,56.2662493736392,87.9321197718398,35.63985887984228,Big beat,In-line,Clean
50.21525591244613,0.004305118248922619,86.42270954372448,31.216925498175822,0.11038897638845785,51.77571899658369,87.59446811206236,32.08875909069449,In-line,Below (severe),Clean
49.14481886973387,-0.0171036226053226,86.11369927803041,30.193950323436987,0.08310049796348211,49.426722233695756,87.1182586428252,30.806111091574625,Miss,Below (severe),Clean
52.025036100490055,0.04050072200980114,86.93377792876785,32.89564101953416,0.13554003202531745,54.85676036254958,87.96376456446703,34.62367256555466,Beat,Below,Mixed
50.61245851065475,0.0122491702130948,86.3232845246069,31.45338810156817,0.11797529547179147,52.54180123957424,87.47799534903842,33.25599022553463,In-line,Below (severe),Mixed
56.62052259048993,0.1324104518097985,87.9599745646368,36.35516656388833,0.1514144750463283,60.53699720285075,88.80505987211646,38.97317763917289,Big beat,Above whisper,Very bullish
54.93826774158694,0.09876535483173898,87.9831775751283,35.009561311704054,0.17856469421265783,60.12342395561964,89.3045301540079,38.821585027877255,Big beat,Above whisper,Very bullish
55.05313287749125,0.10106265754982498,87.878648216776,34.531384398179554,0.1973733946622938,61.210645414579176,89.46630825706924,39.444059511391636,Big beat,Above whisper,Very bullish
52.05075852999529,0.04101517059990581,86.09082481351894,32.24923256198331,0.12733708050258494,54.48741086206777,87.05179179711858,33.620948427861336,Beat,Below,Clean
49.47270938139415,-0.010545812372117061,85.86695151280388,30.448664494633178,0.14149700217427985,52.43916734485074,87.5645766628008,33.06825879016336,Miss,Below (severe),Mixed
50.33990048239338,0.006798009647867773,86.09319032511475,31.373728861238337,0.25565322029461646,58.694496853597215,88.57890106476844,37.31529325708151,In-line,Above whisper,Clean
49.739126359903516,-0.005217472801929715,86.3802847065376,30.980262914104824,0.08097047232110492,49.92606070595373,86.94318653632916,30.9057973267356,Miss,Below (severe),Clean
51.79426069770345,0.03588521395406908,87.18690380923036,32.896769274329856,0.12452496097469778,54.08365763338413,88.13519015994632,34.57727915059652,Beat,Below,Mixed
53.43490199652025,0.06869803993040512,86.81287146855023,33.365130868934244,0.18505684252068647,58.80029650894157,88.44254742005691,37.73286072480585,Beat,Above whisper,Very bullish
52.233710688658206,0.0446742137731641,86.83252783673315,33.151208503670105,0.25657884488456567,60.947506138246666,89.35486452355981,39.09327010862962,Beat,Above whisper,Mixed
52.1822984299713,0.04364596859942599,87.12305915846021,32.82648250215769,0.13420723042632995,54.95800159528526,87.37677875768944,34.676493954464505,Beat,Below,Clean
53.40966153827217,0.06819323076544329,87.14039151042492,33.893031322461844,0.13761010687726502,56.41941571577289,88.35080692870125,36.06703877370032,Beat,In-line,Mixed
49.798806095161055,-0.004023878096779003,86.61363252964152,31.178981161875193,0.14301984768169326,52.85523634636252,87.77606849720179,33.84006412201705,Miss,Below (severe),Clean
52.32220521454192,0.04644410429083824,86.39601604093795,32.45767991374841,0.1582683798010923,56.27435901422004,87.98252015831996,35.78293382414787,Beat,In-line,Mixed
50.18498807266327,0.0036997614532654575,86.07643907352127,31.167198555429998,0.08635769695319644,50.62464463108196,87.32090098117354,31.677189411066376,Miss,Below (severe),Clean
54.949993036440326,0.09899986072880657,87.0969077743424,34.51737917018316,0.15634883265972555,59.002691709322974,88.7878097448037,37.481292996452396,Big beat,Above whisper,Clean
49.99346602381118,-0.00013067952377626924,86.65778213118375,31.193608294625495,0.2534296166120754,58.18734159766772,89.00964061045445,37.307990503058726,Miss,Above cons < whisper,Very bullish
56.764990193376796,0.13529980386753604,88.30129450723642,36.38398949462917,0.18090110899452935,62.24570845203493,89.5941828690382,40.23003220152003,Big beat,Above whisper,Clean
52.25926889230187,0.045185377846037274,86.5174376303246,32.39975089195141,0.2246743673883994,59.42911656579863,88.52809949675823,38.69326837850333,Beat,Above whisper,Clean
51.6310844179497,0.03262168835899408,87.2289026785788,32.82964864795479,0.2266295609004922,58.80848480780548,89.12214990889989,37.71222402364815,Beat,Above whisper,Clean
50.09722613217817,0.0019445226435634887,86.00582081780792,30.783208499089834,0.13244716237668788,52.680142892304964,87.4353138423149,33.059450801983466,Miss,Below (severe),Mixed
55.05909150456873,0.10118183009137455,87.33953392192193,34.630809422317974,0.2257846842435148,62.66983458790095,89.29457853170025,40.60115631102184,Big beat,Above whisper,Very bullish
55.849193382197605,0.11698386764395212,88.01085343088957,35.373171914423864,0.18091517887590455,61.24222017922624,89.41522173793459,39.42808637873751,Big beat,Above whisper,Clean
52.98520287548508,0.05970405750970161,86.77433477406575,33.28771575762346,0.10292543908042698,54.26453327862347,87.26782106089017,34.517035100772695,Beat,Below,Mixed
51.84535591993069,0.03690711839861377,87.22701615378921,32.25985427543063,0.1798517288897693,56.80055904439025,89.0133048141168,36.34757920304496,Beat,In-line,Mixed
51.66807662682387,0.03336153253647725,86.86912582044825,32.05999149811159,0.1283922592505514,54.1374393077815,88.39896762919658,34.18567353923419,Beat,Below,Clean
53.27907026889898,0.06558140537797963,86.47803281325278,33.141215240883774,0.20563431109507302,59.646855523756436,88.95614579483217,38.22975005101334,Beat,Above whisper,Clean
52.50177123909019,0.050035424781803776,86.97392298811413,32.68615480304135,0.23086116237147405,60.006506090057215,89.20690756210384,38.94362652314549,Beat,Above whisper,Mixed
49.15804940535665,-0.016839011892867104,85.47825157833225,30.264587282567575,0.13897187462913696,51.99037599259288,86.88135024303139,32.287304329681106,Miss,Below (severe),Clean
52.469013653370226,0.0493802730674045,86.6727490511538,32.929737174688945,0.12286249338860583,54.7072383895738,87.62534520251114,34.04492884540832,Beat,Below,Mixed
51.73576015937137,0.03471520318742741,86.41948669601415,32.259947092845515,0.16132490112306103,55.790453226493476,88.28544374829524,35.22214910702847,Beat,Below,Clean
48.50249086706665,-0.02995018265866695,85.81923494032088,29.991152433956714,0.08684449635612117,48.9493320256891,86.79596498876758,30.6382322805479,Miss,Below (severe),Mixed
52.182817955531334,0.043656359110626625,86.58464764032846,32.888783764837584,0.1388882854745852,55.18537149599266,87.5183922349669,35.047259723913974,Beat,Below,Clean
51.87325776504712,0.0374651553009424,86.49629900467718,32.12596632762568,0.221334598081383,58.82927553624253,88.23141007890312,37.62890504746558,Beat,Above whisper,Mixed
52.43312406604479,0.04866248132089577,87.51705715425736,33.1624592517635,0.1531525063076815,56.144574970993936,88.8736748732579,36.04265770831246,Beat,In-line,Very bullish
50.9168975022785,0.01833795004557002,86.63116039295511,31.886348241709065,0.15883145133595736,54.7895234993689,88.07739631667907,34.89379457018535,In-line,Below,Clean
51.56129136389186,0.03122582727783727,86.14423461594465,31.612688066269165,0.12002833259441367,53.625099536092065,86.97648402114837,33.048786538793784,Beat,Below (severe),Clean
55.47958051416948,0.10959161028338951,88.28781774511461,35.65555576287304,0.11999246939961736,57.698375782653876,89.43225061550588,37.3430671699388,Big beat,Above cons < whisper,Clean
52.66848015858221,0.05336960317164424,87.63663110243957,33.32811422840214,0.12140192797950984,54.843782679757176,88.76996905548094,34.871129770760895,Beat,Below,Mixed
52.93797801470767,0.05875956029415326,87.71282502674175,33.39526352272802,0.11742607549817807,54.92897151651336,88.87799903241928,35.17783287460261,Beat,Below,Clean
55.35712778425278,0.1071425556850557,86.94506268573093,34.88962173839893,0.13880264313905286,58.53792604891527,88.22347271832729,37.09183549977141,Big beat,Above whisper,Clean
53.38521955351844,0.06770439107036867,87.83584811739891,33.99570067903241,0.17334014709061396,58.16480555171933,89.16452469364626,37.513480080426426,Beat,Above cons < whisper,Clean
52.92760635178578,0.05855212703571562,87.05759497814334,32.902313474145046,0.17249148839581258,57.624513095159195,88.5055909320629,37.06498405388498,Beat,Above cons < whisper,Mixed
51.50543304206524,0.03010866084130478,86.54179856437509,32.27124111590709,0.07858155265799505,51.58475208791648,86.99280043595998,31.869805864475367,Beat,Below (severe),Mixed
51.17413751393105,0.023482750278620984,86.54521036887253,31.90458875376585,0.12858836538714286,53.629212192162576,87.39525489867181,33.80801575056027,In-line,Below (severe),Clean
50.73313258500698,0.01466265170013959,87.45529695222058,31.718235066076346,0.1725927951084705,55.24006961800038,88.84914797916672,35.457221782466505,In-line,Below,Clean
56.33520477059655,0.12670409541193103,87.0527960513084,35.65672301858589,0.08644124174639906,56.833111980361394,87.62215860898009,35.775978679634434,Big beat,In-line,Mixed
51.51025000065053,0.030205000013010533,86.30539068231859,31.896387657344565,0.2051724461857002,57.64453871142661,88.29426329878815,36.45034640500192,Beat,Above cons < whisper,Clean
51.527171953467445,0.030543439069348817,86.73013669389637,31.85343037863002,0.09945909325790704,52.6054450573819,87.53487780496307,33.129910928109105,Beat,Below (severe),Mixed
52.85075717643271,0.0570151435286542,86.31997474842468,32.68364312118487,0.13046904392069136,55.47856315460318,87.58457607151354,34.96614621274465,Beat,Below,Very bullish
56.65556520031417,0.13311130400628354,87.85093486492728,35.98991861292571,0.15368863998353355,60.694104680345376,88.95020004632282,38.745332988602186,Big beat,Above whisper,Clean
51.8354872731885,0.036709745463769844,86.6473985419279,32.49031714094471,0.14692284776423745,55.204782915854224,88.01946230199482,34.93957891703301,Beat,Below,Mixed
52.92993088845236,0.058598617769047276,86.70640844840099,33.16529925230496,0.1425220701392025,56.15407033878526,87.84497167446939,35.65893152698959,Beat,In-line,Mixed
52.50719720661212,0.050143944132242525,86.3467611518217,32.58963055091679,0.2176951883958002,59.370778437880915,87.5799566746789,37.3141680386348,Beat,Above whisper,Clean
52.321795027578354,0.04643590055156713,86.26994136875386,32.62648392904379,0.17590576976078798,57.130822038801355,87.75333239495801,36.11439658917823,Beat,In-line,Clean
52.03482263942109,0.04069645278842177,86.50072111535569,32.254299486003035,0.14920323226514168,55.52725876988279,88.00662944713227,35.14727551729931,Beat,Below,Mixed
52.452767727342675,0.04905535454685357,87.36560207629105,33.03801178211013,0.11059820411410015,54.092953236029324,88.07130072606259,34.5166703404244,Beat,Below,Clean
53.41175026465898,0.0682350052931794,86.98701714816939,33.43512377055502,0.20175490505121932,59.60298766307292,88.95932346218005,38.540824278313295,Beat,Above whisper,Clean
53.10758371908072,0.062151674381614494,87.46276091144964,33.65577333462843,0.16594984876050975,57.49786640491983,89.34605363958819,37.6413891351474,Beat,In-line,Mixed
50.604705681557284,0.01209411363114567,86.10945480856465,31.390117815822947,0.14291357681084513,53.705604804399535,87.75844322836318,34.169055500711806,In-line,Below (severe),Mixed
52.56923181972469,0.051384636394493886,87.26383980190953,32.986741378546235,0.1899605674434502,58.08707628867545,89.20384108469094,37.62240162197571,Beat,Above cons < whisper,Clean
51.77089361859518,0.03541787237190364,87.62160301725615,32.73050815538148,0.16519943923345773,56.01460076921624,89.35826164994891,36.115001121441004,Beat,In-line,Clean
48.20447461298386,-0.035910507740322783,85.49028313933069,29.628062000518227,0.07539701665080421,48.13616617459211,85.95303660240286,29.880694965644842,Miss,Sandbag (flat/down QoQ),Mixed
51.33100517308129,0.02662010346162577,86.23020610297111,31.797764310881472,0.13847906324121342,54.265040778630926,87.77460951511269,34.05115392008679,Beat,Below,Mixed
51.533637526862094,0.030672750537241885,86.85560065456515,32.160611870586585,0.111064396637327,53.16739060778762,87.90652606700485,33.70169449233796,Beat,Below (severe),Very bullish
53.25524811373692,0.06510496227473844,87.06377121385938,33.523010331697506,0.25187466220593213,61.906831761429125,89.41188230424328,39.851621180826406,Beat,Above whisper,Very bullish
52.10288223235216,0.04205764464704311,86.80020433343041,32.695042212877894,0.21508496982119762,58.78732700740253,88.33821292365009,37.17301196422699,Beat,Above whisper,Mixed
52.52978526196132,0.050595705239226546,87.04696661224331,32.83369824278097,0.17812947028157072,57.466396078630645,88.90892180604196,36.546137614716066,Beat,In-line,Clean
56.23101896441198,0.12462037928823959,87.56381771563868,35.68948063634283,0.18124153294614126,61.67795682345658,89.5968735581696,39.94685061161479,Big beat,Above whisper,Clean
57.25476877117087,0.14509537542341736,87.07554543584372,36.25152757734892,0.08346355258798543,57.60249409145812,87.51873143556669,36.6997759890685,Big beat,Above cons < whisper,Clean
51.642364366439,0.03284728732877997,86.59115103081628,32.0999526899728,0.23302228595977667,59.12788715179758,88.80929692808638,37.3021824919745,Beat,Above whisper,Clean
52.19192455470475,0.04383849109409501,87.42089670013746,32.85804714321305,0.11206732907549727,53.895153128941764,88.80831336820913,34.95083387212593,Beat,Below,Mixed
55.036866128045936,0.10073732256091876,87.85196323405776,34.8942846324132,0.17927886513961339,60.26782638344264,89.5089185998689,39.30124526682744,Big beat,Above whisper,Very bullish
52.89856908644537,0.05797138172890731,86.74526400924569,33.18356615668283,0.13929926090549974,55.962493472921025,88.05771018343789,35.597577525759114,Beat,In-line,Clean
51.249455106489584,0.024989102129791618,86.6200747110255,32.00265423925706,0.08867533039745543,51.80873050855088,87.24255728897667,32.53821287749328,Beat,Below (severe),Clean
53.4408872626871,0.06881774525374192,88.09679773657042,34.23861866615988,0.08837584448449412,54.009215747061454,88.82888307573033,34.73081856776524,Beat,Below,Mixed
52.03955969253523,0.040791193850704593,87.37672688043953,33.28595624389237,0.14625597028969334,55.389894846757144,88.24403813322851,35.11583749341965,Beat,Below,Mixed
51.34264475153544,0.02685289503070881,86.98977349973825,32.626753766894886,0.09360200007015512,52.13781763280129,88.03198552665363,33.12489771680497,Beat,Below (severe),Clean
54.16922275213071,0.08338445504261406,87.18235749868288,34.77477657235332,0.17325933685203299,59.01493590938672,88.91944069906545,37.479771087391505,Big beat,Above whisper,Very bullish
54.434862894101954,0.08869725788203912,87.2374640219582,34.3981769273989,0.15916095699671048,58.591712925861096,88.830495174949,37.32219887199708,Big beat,Above whisper,Very bullish
49.85534172733493,-0.0028931654533014494,86.46152559945175,31.25255256245907,0.11229483407213922,51.49285055034325,87.37588493966965,32.274882251772986,Miss,Below (severe),Clean
52.367930013144736,0.04735860026289476,86.8890207538342,33.19321317942709,0.17508298487518978,57.14118754646822,88.46242244751953,36.36547993167675,Beat,In-line,Clean
52.86604968610267,0.05732099372205337,87.2332133930915,33.059090647257676,0.14741494727151444,56.32648878353042,88.98326695480395,36.02957838391512,Beat,In-line,Clean
51.18138413710142,0.023627682742028346,87.31309979776421,32.375378378153975,0.11301331996658692,52.896593544711855,88.31418430359209,33.422970206896025,In-line,Below (severe),Mixed
55.612951888603526,0.11225903777207044,87.61877156132176,35.26677945466817,0.15077866444238375,59.426898607203874,89.52682723581805,37.91095933283289,Big beat,Above whisper,Very bullish
51.67801900985428,0.03356038019708557,87.11531944155301,32.47558852144565,0.17225678877891754,56.25277228530852,88.64694001630986,36.21320495018611,Beat,In-line,Mixed
52.069186789369525,0.04138373578739043,87.57715925120203,32.95915224643516,0.12327305758669524,54.31020646159444,88.7497637681012,35.055760205041025,Beat,Below,Clean
51.71133398620482,0.03422667972409637,86.88675816424191,32.27950271692496,0.2780631481736207,61.36961100276173,89.78779270961296,39.93717367089883,Beat,Above whisper,Very bullish
48.57189071846252,-0.028562185630749665,86.22500779514185,30.52299569653213,0.20229064586710427,54.22627772982337,87.73959427883841,33.81093566907793,Miss,Below,Mixed
48.981357615868234,-0.020372847682635233,85.54617135521484,30.30896366912239,0.12310893786939445,51.08201477540455,86.60201904183566,31.54252624237837,Miss,Below (severe),Clean
50.89911331289293,0.017982266257858526,86.43094439409307,31.60016374993926,0.13233623060760585,53.518130816419834,87.76344548362907,33.76908897838499,In-line,Below (severe),Clean
51.86552186046271,0.03731043720925413,87.24644571492358,32.796507740243165,0.1989398978788293,57.74195466261425,89.08393944739154,36.88880416968416,Beat,Above cons < whisper,Clean
53.70634929686955,0.07412698593739103,87.44714272240861,33.83239865524038,0.1419635445681577,56.949929222520964,88.16518201681399,35.928806499860436,Big beat,In-line,Mixed
52.95260805117595,0.059052161023519095,85.96561048700417,32.64568989983741,0.169888407987545,57.5237393080802,87.68141797266014,36.298823520722635,Beat,In-line,Mixed
48.70422402442453,-0.02591551951150943,86.21266540527891,30.280149957193842,0.11228177203328055,50.303333417436164,87.15253128722216,31.520678949582347,Miss,Below (severe),Mixed
50.74741381539357,0.014948276307871376,85.94423027010222,30.996497746914855,0.10643617299561402,52.13814759337676,87.0036474598447,32.83933557134881,In-line,Below (severe),Mixed
55.824434654363195,0.11648869308726387,89.08531384545742,35.72034319543952,0.13982661841726254,59.08516396448551,90.29467605987739,38.55266011662145,Big beat,Above whisper,Very bullish
52.61766598009334,0.05235331960186682,87.14895177466093,33.18195174976238,0.17772846996825206,57.54294301603331,88.67888881712987,36.80412091421872,Beat,In-line,Clean
52.79195964737594,0.055839192947518865,87.07075305545324,32.862350276324726,0.16233966137423755,56.97917503554098,88.68498701630938,36.475535669972885,Beat,In-line,Mixed
55.23653241548784,0.10473064830975673,87.30170204648536,35.14245626095539,0.1954881512447953,61.31786144581014,89.31765010301052,39.62285788655034,Big beat,Above whisper,Clean
57.40105013522794,0.14802100270455879,88.01940631565816,36.60373217960438,0.18698847055708578,63.267642943500185,89.43753394360269,41.674220103495834,Big beat,Above whisper,Clean
57.07719599602859,0.14154391992057191,88.35038797260204,36.49188773655735,0.19310325422702446,63.234774836085734,89.7591785963661,40.75050645869493,Big beat,Above whisper,Clean
49.359014375386955,-0.012819712492260882,85.51219255666373,30.58408861498534,0.07952655235576317,49.4783404294586,85.60831234292829,30.362581377210365,Miss,Below (severe),Clean
53.45079536005159,0.06901590720103193,87.45881330638171,33.853656261008,0.13978547325340282,56.57083722199667,88.56202899566908,35.990836178987756,Beat,In-line,Very bullish
51.77316465444544,0.035463293088908644,86.47300108756329,32.175125349794456,-0.013006803232325198,47.44977833985099,86.41202986310913,29.43094821062168,Beat,Sandbag (flat/down QoQ),Mixed
53.35098810924747,0.06701976218494933,86.95533899711344,33.58385228039527,0.20416224854334336,59.65444253195199,89.18241125575021,38.872926647064894,Beat,Above whisper,Very bullish
54.66401540302631,0.09328030806052613,87.16772367276678,34.43099688711551,0.17859763784854965,59.82495947008614,88.42488730343831,38.00582827247545,Big beat,Above whisper,Clean
50.4364050056761,0.008728100113521932,86.20570608874397,31.345360657263594,0.14350363391184937,53.55462580505181,87.77315538400089,34.03442454067712,In-line,Below (severe),Mixed
55.06032166758352,0.10120643335167052,88.16564720306516,35.03425745578947,0.16322076095112575,59.47250146349596,89.77331306712732,38.429634394407536,Big beat,Above whisper,Very bullish
51.002555926579774,0.02005111853159555,85.59746115713344,31.39759806523723,0.09570111739948858,51.89187483905599,86.56475553925766,32.374623591618516,In-line,Below (severe),Clean
50.445196241449175,0.008903924828983518,86.00725425487732,31.288789729295875,0.14979048803908823,53.85844917670604,87.28890862419365,33.969912661678165,In-line,Below (severe),Mixed
