,ORCL,ORCL_close,ORCL_open,ORCL_vol,MSFT,MSFT_close,MSFT_open,MSFT_vol,AMZN,AMZN_close,AMZN_open,AMZN_vol,GOOGL,GOOGL_close,GOOGL_open,GOOGL_vol,CRWV,CRWV_close,CRWV_open,CRWV_vol,NVDA,NVDA_close,NVDA_open,NVDA_vol,AVGO,AVGO_close,AVGO_open,AVGO_vol,SMH,SMH_close,SMH_open,SMH_vol,IGV,IGV_close,IGV_open,IGV_vol,^GSPC,^GSPC_close,^GSPC_open,^GSPC_vol,^NDX,^NDX_close,^NDX_open,^NDX_vol,QQQ,QQQ_close,QQQ_open,QQQ_vol,SPY,SPY_close,SPY_open,SPY_vol,^TNX,^TNX_close,^TNX_open,^TNX_vol,HYG,HYG_close,HYG_open,HYG_vol,LQD,LQD_close,LQD_open,LQD_vol
2024-09-30,166.7350311279297,170.39999389648438,169.5,10210300,423.6083068847656,430.29998779296875,428.2099914550781,16807300,186.3300018310547,186.3300018310547,187.13999938964844,41583900,164.6935272216797,165.85000610351562,163.32000732421875,20413900,,,,,121.11502838134766,121.44000244140625,118.30999755859375,226553700,169.56381225585938,172.5,171.8699951171875,16902000,243.60890197753906,245.4499969482422,244.14999389648438,6252500,89.3532485961914,89.37000274658203,88.8499984741211,2796000,5762.47998046875,5762.47998046875,5726.52001953125,4425730000,20060.689453125,20060.689453125,19959.259765625,5846150000,483.1798095703125,488.07000732421875,485.7799987792969,30281100,560.8177490234375,573.760009765625,570.4199829101562,63557400,3.802000045776367,3.802000045776367,3.7899999618530273,0,71.43000793457031,80.30000305175781,80.33000183105469,31551500,103.22903442382812,112.9800033569336,113.19999694824219,22728400
2024-10-01,163.5647430419922,167.16000366210938,170.22000122070312,7595100,414.147705078125,420.69000244140625,428.45001220703125,19092900,185.1300048828125,185.1300048828125,184.89999389648438,36044900,165.82554626464844,166.99000549316406,167.69000244140625,28338100,,,,,116.6868896484375,117.0,121.7699966430664,302094500,164.6194610595703,167.47000122070312,172.16000366210938,23770400,237.08819580078125,238.8800048828125,245.6300048828125,7751800,87.46360778808594,87.4800033569336,89.38999938964844,2830500,5708.75,5708.75,5757.72998046875,4025180000,19773.30078125,19773.30078125,20046.060546875,5879980000,476.44793701171875,481.2699890136719,487.70001220703125,42735400,555.793701171875,568.6199951171875,573.4000244140625,72668800,3.743000030517578,3.743000030517578,3.744999885559082,0,71.39423370361328,79.87000274658203,79.98999786376953,45992200,103.72513580322266,113.11000061035156,113.0999984741211,36591300
2024-10-02,164.10292053222656,167.7100067138672,167.60000610351562,7073000,410.64306640625,417.1300048828125,422.5799865722656,16582300,184.75999450683594,184.75999450683594,184.44000244140625,23704100,164.7034149169922,165.86000061035156,166.4199981689453,17760200,,,,,118.53194427490234,118.8499984741211,116.44000244140625,221845900,167.75514221191406,170.66000366210938,167.5500030517578,14317800,240.50238037109375,242.32000732421875,239.1699981689453,5842600,88.20346069335938,88.22000122070312,87.44999694824219,3442700,5709.5400390625,5709.5400390625,5698.14013671875,3829050000,19802.58984375,19802.58984375,19725.94921875,5489040000,477.12115478515625,481.95001220703125,480.3599853515625,23744000,556.0283203125,568.8599853515625,567.7100219726562,38097800,3.7850000858306885,3.7850000858306885,3.7829999923706055,0,71.4031753540039,79.87999725341797,79.77999877929688,41214300,103.49588012695312,112.86000061035156,112.44000244140625,29446700
2024-10-03,163.2711639404297,166.86000061035156,166.88999938964844,4735700,410.062255859375,416.5400085449219,417.6300048828125,13686400,181.9600067138672,181.9600067138672,183.0500030517578,30204300,164.7034149169922,165.86000061035156,164.41000366210938,15073100,,,,,122.521240234375,122.8499984741211,120.91999816894531,277118000,168.9642333984375,171.88999938964844,169.6199951171875,13072300,242.7156524658203,244.5500030517578,241.5500030517578,5926900,88.29344177246094,88.30999755859375,87.68000030517578,3772900,5699.93994140625,5699.93994140625,5698.18994140625,3597450000,19793.33984375,19793.33984375,19712.330078125,5208990000,476.7647705078125,481.5899963378906,479.739990234375,25337200,555.0118408203125,567.8200073242188,567.3599853515625,40846500,3.8499999046325684,3.8499999046325684,3.806999921798706,0,71.23335266113281,79.69000244140625,79.77999877929688,31147700,102.82644653320312,112.12999725341797,112.58000183105469,24163200
2024-10-04,167.18515014648438,170.86000061035156,168.7100067138672,6386900,409.5897216796875,416.05999755859375,418.239990234375,19169700,186.50999450683594,186.50999450683594,185.75,40890300,165.8950653076172,167.05999755859375,168.05999755859375,19047400,,,,,124.58570098876953,124.91999816894531,124.94000244140625,243678100,173.63339233398438,176.63999938964844,176.3000030517578,17921400,245.9611358642578,247.82000732421875,249.2100067138672,5771300,89.88314819335938,89.9000015258789,89.31999969482422,2124100,5751.06982421875,5751.06982421875,5737.47998046875,3479400000,20035.01953125,20035.01953125,20025.16015625,5136070000,482.4373779296875,487.32000732421875,487.45001220703125,30686600,560.0553588867188,572.97998046875,572.3499755859375,42939100,3.9809999465942383,3.9809999465942383,3.867000102996826,0,71.15289306640625,79.5999984741211,79.68000030517578,40122800,102.26708221435547,111.5199966430664,111.55000305175781,33618100
2024-10-07,166.31431579589844,169.97000122070312,170.4199981689453,6791000,403.1711120605469,409.5400085449219,416.0,20919800,180.8000030517578,180.8000030517578,182.9499969482422,42364200,161.843505859375,162.97999572753906,167.72000122070312,22463100,,,,,127.37821197509766,127.72000122070312,124.98999786376953,346250200,172.0999298095703,175.0800018310547,174.82000732421875,15588300,246.35812377929688,248.22000122070312,246.52999877929688,4958800,88.66337585449219,88.68000030517578,89.55000305175781,3368500,5695.93994140625,5695.93994140625,5737.7998046875,3637790000,19800.740234375,19800.740234375,19954.66015625,5240320000,477.2696533203125,482.1000061035156,485.3900146484375,24975100,554.9923095703125,567.7999877929688,571.2999877929688,49964700,4.026000022888184,4.026000022888184,4.00600004196167,0,70.8489761352539,79.26000213623047,79.54000091552734,69202500,101.7443618774414,110.94999694824219,111.12000274658203,27106300
2024-10-08,170.6196746826172,174.3699951171875,170.60000610351562,7845400,408.2607116699219,414.7099914550781,410.8999938964844,19229300,182.72000122070312,182.72000122070312,181.9199981689453,26372100,163.23374938964844,164.3800048828125,163.94000244140625,23072700,,,,,132.53439331054688,132.88999938964844,130.25999450683594,285722500,177.65374755859375,180.72999572753906,175.4199981689453,20774200,250.62586975097656,252.52000427246094,249.16000366210938,4435300,90.56301879882812,90.58000183105469,89.06999969482422,2657200,5751.1298828125,5751.1298828125,5719.14013671875,3393400000,20107.779296875,20107.779296875,19902.2109375,5566510000,484.3974914550781,489.29998779296875,484.6600036621094,28272000,560.2411499023438,573.1699829101562,570.4199829101562,37398700,4.0329999923706055,4.0329999923706055,4.0329999923706055,0,71.01881408691406,79.44999694824219,79.37000274658203,40947200,101.94609832763672,111.16999816894531,110.81999969482422,27316000
2024-10-09,174.45535278320312,178.2899932861328,174.55999755859375,8120900,410.96795654296875,417.4599914550781,415.8599853515625,14974300,185.1699981689453,185.1699981689453,182.82000732421875,26343100,160.73133850097656,161.86000061035156,163.4499969482422,31181800,,,,,132.29501342773438,132.64999389648438,134.11000061035156,246191600,182.784912109375,185.9499969482422,179.24000549316406,25504100,253.23614501953125,255.14999389648438,252.99000549316406,4063400,91.71280670166016,91.7300033569336,90.79000091552734,4216800,5792.0400390625,5792.0400390625,5751.7998046875,3650340000,20268.859375,20268.859375,20097.560546875,5228670000,488.2088928222656,493.1499938964844,489.0,24995000,564.12158203125,577.1400146484375,573.1599731445312,37912200,4.066999912261963,4.066999912261963,4.043000221252441,0,70.97412872314453,79.4000015258789,79.44000244140625,42426500,101.7443618774414,110.94999694824219,110.93000030517578,29951900
2024-10-10,172.0232391357422,175.41000366210938,177.64999389648438,7115900,409.37310791015625,415.8399963378906,415.2300109863281,13848400,186.64999389648438,186.64999389648438,187.1300048828125,27785000,160.9497833251953,162.0800018310547,160.8699951171875,14144100,,,,,134.44924926757812,134.80999755859375,131.91000366210938,242311300,182.52931213378906,185.69000244140625,183.55999755859375,16318000,252.73988342285156,254.64999389648438,252.50999450683594,4044600,92.34268951416016,92.36000061035156,91.37999725341797,6154800,5780.0498046875,5780.0498046875,5778.35986328125,3208790000,20241.759765625,20241.759765625,20165.25,5855390000,487.654541015625,492.5899963378906,490.8500061035156,25750400,563.13427734375,576.1300048828125,575.77001953125,44138100,4.0960001945495605,4.0960001945495605,4.078999996185303,0,70.93836975097656,79.36000061035156,79.4000015258789,30091700,101.63431549072266,110.83000183105469,110.7300033569336,25932500
2024-10-11,172.37631225585938,175.77000427246094,175.5,5869400,409.8456726074219,416.32000732421875,416.1400146484375,14144900,188.82000732421875,188.82000732421875,186.6300048828125,25751600,162.10171508789062,163.24000549316406,162.1300048828125,15344300,,,,,134.4392852783203,134.8000030517578,134.00999450683594,170209500,178.39096069335938,181.47999572753906,181.13999938964844,23070000,254.76458740234375,256.69000244140625,253.61000061035156,4202900,92.80259704589844,92.81999969482422,92.41999816894531,2588100,5815.02978515625,5815.02978515625,5775.08984375,3208720000,20271.970703125,20271.970703125,20154.83984375,5140440000,488.4168395996094,493.3599853515625,490.739990234375,20644500,566.5065307617188,579.5800170898438,576.0499877929688,42268000,4.072999954223633,4.072999954223633,4.0920000076293945,0,71.12606811523438,79.56999969482422,79.33999633789062,26970800,101.61598205566406,110.80999755859375,110.66999816894531,20079000
2024-10-14,172.7195281982422,176.1199951171875,176.5500030517578,4688700,412.621826171875,419.1400146484375,417.7699890136719,16653100,187.5399932861328,187.5399932861328,189.77999877929688,22614400,163.80972290039062,164.9600067138672,163.63999938964844,19016100,,,,,137.7005157470703,138.07000732421875,136.47000122070312,232347700,179.20684814453125,182.30999755859375,183.3000030517578,17195800,259.3201904296875,261.2799987792969,258.5199890136719,4608600,93.31250762939453,93.33000183105469,93.44000244140625,5191800,5859.85009765625,5859.85009765625,5829.81005859375,3005250000,20439.05078125,20439.05078125,20366.060546875,4894710000,492.51531982421875,497.5,495.7699890136719,26060100,571.1396484375,584.3200073242188,581.219970703125,36217200,4.0980000495910645,4.0980000495910645,4.0980000495910645,0,71.16182708740234,79.61000061035156,79.62000274658203,12065800,101.62516021728516,110.81999969482422,110.5,4335400
2024-10-15,170.7287139892578,174.08999633789062,176.94000244140625,5848600,412.2279968261719,418.739990234375,422.17999267578125,18900200,187.69000244140625,187.69000244140625,187.6300048828125,32178900,164.3062286376953,165.4600067138672,165.7899932861328,20247200,,,,,131.24783325195312,131.60000610351562,137.8699951171875,377831000,172.98460388183594,175.97999572753906,180.7899932861328,27657500,245.3060760498047,247.16000366210938,261.0,14128900,92.41267395019531,92.43000030517578,93.5,2487400,5815.259765625,5815.259765625,5866.740234375,3882120000,20159.830078125,20159.830078125,20442.76953125,6522700000,485.9320068359375,490.8500061035156,497.8299865722656,34784500,566.7020263671875,579.780029296875,584.5900268554688,54203600,4.038000106811523,4.038000106811523,4.068999767303467,0,71.14395141601562,79.58999633789062,79.5999984741211,31134400,102.12032318115234,111.36000061035156,111.05000305175781,28673200
2024-10-16,171.39559936523438,174.77000427246094,173.5,6383000,409.64874267578125,416.1199951171875,415.1700134277344,15508900,186.88999938964844,186.88999938964844,187.0500030517578,23456800,164.00831604003906,165.16000366210938,164.52999877929688,16406000,,,,,135.3568115234375,135.72000122070312,133.97999572753906,264879700,173.810302734375,176.82000732421875,178.50999450683594,15285100,245.46487426757812,247.32000732421875,249.8300018310547,5692300,91.98275756835938,92.0,92.37999725341797,1738900,5842.47021484375,5842.47021484375,5816.580078125,3467230000,20174.05078125,20174.05078125,20172.869140625,5257570000,485.99139404296875,490.9100036621094,491.17999267578125,22996800,569.1652221679688,582.2999877929688,579.780029296875,30725400,4.015999794006348,4.015999794006348,4.010000228881836,0,71.26911163330078,79.7300033569336,79.69999694824219,31626300,102.4413070678711,111.70999908447266,111.66999816894531,20474300
2024-10-17,172.28802490234375,175.67999267578125,177.5,5474000,410.239501953125,416.7200012207031,422.3599853515625,14820000,187.52999877929688,187.52999877929688,188.22000122070312,25039400,161.79383850097656,162.92999267578125,165.72999572753906,21453400,,,,,136.56356811523438,136.92999267578125,139.33999633789062,306435900,178.4401397705078,181.52999877929688,181.3699951171875,25232400,249.6929168701172,251.5800018310547,255.17999267578125,6745000,92.05274200439453,92.06999969482422,92.7300033569336,1426800,5841.47021484375,5841.47021484375,5875.6201171875,3480010000,20190.419921875,20190.419921875,20375.2890625,5806860000,486.32794189453125,491.25,496.44000244140625,27210700,569.2139892578125,582.3499755859375,585.9099731445312,34393700,4.0960001945495605,4.0960001945495605,4.0320000648498535,0,71.16182708740234,79.61000061035156,79.7699966430664,46599300,101.68016052246094,110.87999725341797,111.27999877929688,31476700
2024-10-18,171.31715393066406,174.69000244140625,176.8000030517578,5001300,411.65704345703125,418.1600036621094,417.1400146484375,17145300,188.99000549316406,188.99000549316406,187.14999389648438,37417700,162.28041076660156,163.4199981689453,163.19000244140625,19757700,,,,,137.63072204589844,138.0,138.6699981689453,176090200,176.82806396484375,179.88999938964844,182.32000732421875,17835200,249.62342834472656,251.50999450683594,253.5,3720700,92.29269409179688,92.30999755859375,92.2300033569336,2617500,5864.669921875,5864.669921875,5859.43017578125,3374490000,20324.0390625,20324.0390625,20288.48046875,5090190000,489.51568603515625,494.4700012207031,494.05999755859375,25335000,571.403564453125,584.5900268554688,584.0700073242188,37416800,4.072999954223633,4.072999954223633,4.107999801635742,0,71.33168029785156,79.80000305175781,79.69999694824219,28905600,101.56095886230469,110.75,111.05999755859375,27372400
2024-10-21,170.4050750732422,173.75999450683594,174.4499969482422,4198400,412.26739501953125,418.7799987792969,416.1199951171875,14206100,189.07000732421875,189.07000732421875,188.0500030517578,24639400,162.92593383789062,164.07000732421875,162.9499969482422,20946500,,,,,143.325439453125,143.7100067138672,138.1300048828125,264554500,176.9263153076172,179.99000549316406,179.3800048828125,13695100,250.94346618652344,252.83999633789062,251.0,3923400,92.26270294189453,92.27999877929688,91.72000122070312,2125800,5853.97998046875,5853.97998046875,5857.81982421875,3407010000,20361.470703125,20361.470703125,20280.490234375,6092180000,490.4562072753906,495.4200134277344,493.25,30336500,570.4652709960938,583.6300048828125,583.8499755859375,36439000,4.182000160217285,4.182000160217285,4.138000011444092,0,71.04562377929688,79.4800033569336,79.66000366210938,36341500,100.52471160888672,109.62000274658203,110.20999908447266,28320400
2024-10-22,171.92515563964844,175.30999755859375,175.4499969482422,5510100,420.8616638183594,427.510009765625,418.489990234375,25482200,189.6999969482422,189.6999969482422,188.35000610351562,29650600,163.98843383789062,165.13999938964844,162.97999572753906,16568100,,,,,143.2057647705078,143.58999633789062,142.91000366210938,226311600,176.32675170898438,179.3800048828125,178.66000366210938,12062600,249.80209350585938,251.69000244140625,251.3300018310547,3629100,92.09273529052734,92.11000061035156,91.9000015258789,1680300,5851.2001953125,5851.2001953125,5832.7001953125,3342080000,20390.4609375,20390.4609375,20256.970703125,6407180000,490.99078369140625,495.9599914550781,492.7300109863281,26685800,570.1621704101562,583.3200073242188,581.0499877929688,34183800,4.203999996185303,4.203999996185303,4.185999870300293,0,70.94731140136719,79.37000274658203,79.43000030517578,35466600,100.51554107666016,109.61000061035156,109.72000122070312,26001200
2024-10-23,169.75782775878906,173.10000610351562,174.5,4830400,417.9969177246094,424.6000061035156,430.8599853515625,19654400,184.7100067138672,184.7100067138672,188.85000610351562,31937100,161.64491271972656,162.77999877929688,164.75999450683594,18280500,,,,,139.18653869628906,139.55999755859375,142.02999877929688,285930000,170.55662536621094,173.50999450683594,177.58999633789062,19513700,247.14218139648438,249.00999450683594,250.4499969482422,4971600,90.77297973632812,90.79000091552734,91.86000061035156,3619700,5797.419921875,5797.419921875,5834.5,3532650000,20066.9609375,20066.9609375,20303.55078125,6245610000,483.4669189453125,488.3599853515625,493.5899963378906,39346600,564.952392578125,577.989990234375,581.260009765625,49314600,4.242000102996826,4.242000102996826,4.236000061035156,0,70.73275756835938,79.12999725341797,79.26000213623047,39761500,100.1762466430664,109.23999786376953,109.23999786376953,25425800
2024-10-24,171.01312255859375,174.3800048828125,173.32000732421875,3488000,418.1249084472656,424.7300109863281,425.3299865722656,13581600,186.3800048828125,186.3800048828125,185.25,21647400,161.5853271484375,162.72000122070312,162.8300018310547,22412500,,,,,140.0342559814453,140.41000366210938,140.82000732421875,172354900,168.4333953857422,171.35000610351562,174.25999450683594,20485200,248.184326171875,250.05999755859375,250.8699951171875,2595500,91.77279663085938,91.79000091552734,91.52999877929688,1458100,5809.85986328125,5809.85986328125,5817.7998046875,3543030000,20232.869140625,20232.869140625,20197.619140625,5761280000,487.38726806640625,492.32000732421875,492.1099853515625,22024900,566.1741943359375,579.239990234375,579.97998046875,34979900,4.199999809265137,4.199999809265137,4.197999954223633,0,70.93836975097656,79.36000061035156,79.30000305175781,30163900,100.4788589477539,109.56999969482422,109.41000366210938,21021100
2024-10-25,170.1697235107422,173.52000427246094,174.77999877929688,3674700,421.49169921875,428.1499938964844,426.760009765625,16899100,187.8300018310547,187.8300018310547,187.85000610351562,29362100,164.11752319335938,165.27000427246094,163.6699981689453,19828900,,,,,141.16122436523438,141.5399932861328,140.92999267578125,205122100,170.05531311035156,173.0,174.19000244140625,19977700,251.0625762939453,252.9600067138672,252.49000549316406,6835900,92.1827163696289,92.19999694824219,92.23999786376953,2555400,5808.1201171875,5808.1201171875,5826.75,3501280000,20352.01953125,20352.01953125,20354.91015625,6100040000,490.3571472167969,495.32000732421875,495.1400146484375,38762100,565.978759765625,579.0399780273438,581.510009765625,47268200,4.23199987411499,4.23199987411499,4.203999996185303,0,70.86685943603516,79.27999877929688,79.45999908447266,35590200,100.24042510986328,109.30999755859375,109.87999725341797,16040900
2024-10-28,169.09095764160156,172.4199981689453,174.0500030517578,4330000,419.95599365234375,426.5899963378906,431.6600036621094,14882400,188.38999938964844,188.38999938964844,189.57000732421875,27930800,165.55743408203125,166.72000122070312,168.75,32138600,,,,,140.1439666748047,140.52000427246094,143.0,173586700,169.0919952392578,172.02000427246094,173.0,13195800,249.32569885253906,251.2100067138672,252.77000427246094,3557300,92.32268524169922,92.33999633789062,92.7699966430664,2344700,5823.52001953125,5823.52001953125,5833.93017578125,3691280000,20351.0703125,20351.0703125,20455.009765625,5641660000,490.4364013671875,495.3999938964844,498.4599914550781,20477800,567.7284545898438,580.8300170898438,582.5800170898438,30174700,4.2779998779296875,4.2779998779296875,4.248000144958496,0,71.04562377929688,79.4800033569336,79.41999816894531,31854500,100.15791320800781,109.22000122070312,109.43000030517578,20935200
2024-10-29,170.0814666748047,173.42999267578125,172.2899932861328,4122900,425.23260498046875,431.95001220703125,428.0,17644100,190.8300018310547,190.8300018310547,188.5800018310547,35690200,168.4967803955078,169.67999267578125,167.72999572753906,42169000,,,,,140.87200927734375,141.25,140.2899932861328,157593600,176.18911743164062,179.24000549316406,172.44000244140625,23702300,254.9928741455078,256.9200134277344,251.89999389648438,5392800,93.87239837646484,93.88999938964844,92.44999694824219,2185100,5832.919921875,5832.919921875,5819.68017578125,3879100000,20550.650390625,20550.650390625,20369.080078125,6881170000,495.1486511230469,500.1600036621094,495.7200012207031,28014100,568.6471557617188,581.77001953125,579.8499755859375,42899700,4.27400016784668,4.27400016784668,4.306000232696533,0,71.06349182128906,79.5,79.25,42992200,100.27711486816406,109.3499984741211,108.73999786376953,24075800
2024-10-30,171.18963623046875,174.55999755859375,173.97999572753906,5822500,425.8036193847656,432.5299987792969,437.44000244140625,29749100,192.72999572753906,192.72999572753906,194.6999969482422,37707600,173.24346923828125,174.4600067138672,180.67999267578125,68890800,,,,,138.9671173095703,139.33999633789062,139.5399932861328,179418100,173.63339233398438,176.63999938964844,177.47000122070312,17911500,248.79965209960938,250.67999267578125,251.74000549316406,5348400,93.65243530273438,93.66999816894531,93.9000015258789,2187400,5813.669921875,5813.669921875,5832.64990234375,3851120000,20387.69921875,20387.69921875,20510.919921875,6514690000,491.4065856933594,496.3800048828125,499.3900146484375,29756000,566.9268798828125,580.010009765625,581.2899780273438,41435800,4.265999794006348,4.265999794006348,4.260000228881836,0,70.93836975097656,79.36000061035156,79.48999786376953,28728700,100.14872741699219,109.20999908447266,109.68000030517578,25259100
2024-10-31,164.5994110107422,167.83999633789062,170.52000427246094,9477500,400.03070068359375,406.3500061035156,415.3599853515625,53971000,186.39999389648438,186.39999389648438,190.50999450683594,75146800,169.9168243408203,171.11000061035156,173.1300048828125,44769000,,,,,132.4047088623047,132.75999450683594,137.60000610351562,270039600,166.8802947998047,169.77000427246094,174.4499969482422,26086600,239.86717224121094,241.67999267578125,248.27000427246094,9464700,91.2428970336914,91.26000213623047,92.56999969482422,3307100,5705.4501953125,5705.4501953125,5775.33984375,4425660000,19890.419921875,19890.419921875,20227.189453125,6411940000,479.00213623046875,483.8500061035156,492.3800048828125,41245200,555.8132934570312,568.6400146484375,575.5599975585938,60182500,4.283999919891357,4.283999919891357,4.288000106811523,0,70.74171447753906,79.13999938964844,79.37999725341797,43194600,99.94698333740234,108.98999786376953,109.02999877929688,29424400
2024-11-01,166.73728942871094,170.02000427246094,170.14999389648438,5680600,403.98822021484375,410.3699951171875,409.010009765625,24230400,197.92999267578125,197.92999267578125,199.0,99687800,170.09555053710938,171.2899932861328,170.07000732421875,31796500,,,,,135.03765869140625,135.39999389648438,134.6999969482422,207127800,166.0447998046875,168.9199981689453,168.25999450683594,17847000,242.91415405273438,244.75,244.19000244140625,5521000,92.24270629882812,92.26000213623047,91.54000091552734,3116700,5728.7998046875,5728.7998046875,5723.22021484375,3796450000,20033.140625,20033.140625,19955.830078125,5896470000,482.54620361328125,487.42999267578125,485.5,33655800,558.1591186523438,571.0399780273438,571.3200073242188,45667500,4.361000061035156,4.361000061035156,4.307000160217285,0,70.74618530273438,78.75,79.02999877929688,44045700,99.3994140625,108.01000213623047,108.9000015258789,25142200
2024-11-04,166.31561279296875,169.58999633789062,170.30999755859375,4804400,402.1079406738281,408.4599914550781,409.79998779296875,19672300,195.77999877929688,195.77999877929688,196.4499969482422,38492100,168.05987548828125,169.24000549316406,169.92999267578125,21492700,,,,,135.6859130859375,136.0500030517578,137.2100067138672,187528200,165.68106079101562,168.5500030517578,169.27999877929688,13621300,242.43775939941406,244.27000427246094,245.30999755859375,5199200,92.23270416259766,92.25,91.86000061035156,1721600,5712.68994140625,5712.68994140625,5725.14990234375,3602060000,19963.599609375,19963.599609375,20011.55078125,5762320000,481.14044189453125,486.010009765625,486.82000732421875,23291600,556.9569091796875,569.8099975585938,571.1799926757812,38217000,4.309000015258789,4.309000015258789,4.281000137329102,0,70.94383239746094,78.97000122070312,79.05000305175781,27291200,100.13565063476562,108.80999755859375,108.9000015258789,24713500
2024-11-05,168.4633026123047,171.77999877929688,170.47000122070312,5456800,405.061279296875,411.4599914550781,408.3699951171875,17626000,199.5,199.5,196.0399932861328,30564800,168.55636596679688,169.74000549316406,169.42999267578125,18242100,,,,,139.5355987548828,139.91000366210938,137.4499969482422,160537400,170.94000244140625,173.89999389648438,170.0500030517578,13441800,246.44744873046875,248.30999755859375,245.25,4344200,93.8424072265625,93.86000061035156,92.98999786376953,2636400,5782.759765625,5782.759765625,5722.43017578125,3768310000,20227.4609375,20227.4609375,20042.9296875,7060340000,487.27838134765625,492.2099914550781,487.6099853515625,24353600,563.6915893554688,576.7000122070312,570.739990234375,39478300,4.289000034332275,4.289000034332275,4.330999851226807,0,71.1414794921875,79.19000244140625,78.94000244140625,31611900,100.61418914794922,109.33000183105469,108.76000213623047,23732500
2024-11-06,177.7406768798828,181.24000549316406,178.52000427246094,11085000,413.6456298828125,420.17999267578125,412.4200134277344,26681800,207.08999633789062,207.08999633789062,200.00999450683594,72292200,175.27914428710938,176.50999450683594,173.8000030517578,33695500,,,,,145.22032165527344,145.61000061035156,142.9600067138672,242043900,176.4938201904297,179.5500030517578,179.6300048828125,24300800,252.898681640625,254.80999755859375,252.2899932861328,7284400,97.69168090820312,97.70999908447266,96.47000122070312,7199800,5929.0400390625,5929.0400390625,5864.89013671875,6329530000,20781.330078125,20781.330078125,20571.2890625,8138050000,500.514404296875,505.5799865722656,500.55999755859375,43082200,577.7080078125,591.0399780273438,589.2000122070312,68182000,4.426000118255615,4.426000118255615,4.432000160217285,0,71.26725769042969,79.33000183105469,79.22000122070312,43173100,99.56507110595703,108.19000244140625,108.06999969482422,38097900
2024-11-07,182.7716064453125,186.3699951171875,181.0800018310547,7759400,418.81396484375,425.42999267578125,421.2799987792969,19901800,210.0500030517578,210.0500030517578,207.44000244140625,52878400,179.48960876464844,180.75,177.41000366210938,25352900,,,,,148.48162841796875,148.8800048828125,146.38999938964844,207323300,180.68130493164062,183.80999755859375,181.99000549316406,18970600,259.0621032714844,261.0199890136719,258.3900146484375,5370200,100.14122772216797,100.16000366210938,98.5999984741211,5536700,5973.10009765625,5973.10009765625,5947.2099609375,4925740000,21101.5703125,21101.5703125,20896.41015625,9232670000,508.39459228515625,513.5399780273438,508.3999938964844,32853100,582.1749877929688,595.6099853515625,593.0800170898438,47233200,4.341000080108643,4.341000080108643,4.415999889373779,0,71.57270050048828,79.66999816894531,79.30000305175781,51325800,100.74301147460938,109.47000122070312,108.83000183105469,24596700
2024-11-08,185.5960235595703,189.25,186.25999450683594,8520400,415.9689636230469,422.5400085449219,425.32000732421875,16891400,208.17999267578125,208.17999267578125,209.72000122070312,36075800,177.10635375976562,178.35000610351562,180.64999389648438,22006200,,,,,147.2349090576172,147.6300048828125,148.77000427246094,175665800,180.5142059326172,183.63999938964844,182.99000549316406,13503200,257.39471435546875,259.3399963378906,260.760009765625,3915600,101.22102355957031,101.23999786376953,100.06999969482422,4941100,5995.5400390625,5995.5400390625,5976.759765625,4666740000,21117.1796875,21117.1796875,21083.580078125,7316010000,508.9886169433594,514.1400146484375,513.0399780273438,22924500,584.6967163085938,598.1900024414062,596.1699829101562,46444900,4.306000232696533,4.306000232696533,4.314000129699707,0,71.68949890136719,79.80000305175781,79.77999877929688,30543400,101.09273529052734,109.8499984741211,109.70999908447266,21113600
2024-11-11,185.4783477783203,189.1300048828125,191.0500030517578,5973600,411.5093994140625,418.010009765625,422.5199890136719,24503300,206.83999633789062,206.83999633789062,208.5,35456000,179.09237670898438,180.35000610351562,178.5800018310547,17450400,,,,,144.87127685546875,145.25999450683594,148.67999267578125,182325600,175.86474609375,178.91000366210938,183.39999389648438,17036700,251.6282958984375,253.52999877929688,257.9200134277344,7667300,103.5705795288086,103.58999633789062,102.37000274658203,11509000,6001.35009765625,6001.35009765625,6008.85986328125,4333000000,21106.58984375,21106.58984375,21171.240234375,8087930000,508.6916809082031,513.8400268554688,515.3699951171875,24167500,585.2539672851562,598.760009765625,599.8099975585938,37586800,4.308000087738037,4.308000087738037,4.308000087738037,0,71.608642578125,79.70999908447266,79.79000091552734,11008700,100.89948272705078,109.63999938964844,109.6500015258789,7971100
2024-11-12,185.91966247558594,189.5800018310547,188.5399932861328,6629900,416.4513244628906,423.0299987792969,418.25,19401200,208.91000366210938,208.91000366210938,208.3699951171875,38942900,180.35353088378906,181.6199951171875,179.82000732421875,25134900,,,,,147.89315795898438,148.2899932861328,146.77999877929688,198634700,173.2205047607422,176.22000122070312,178.89999389648438,15862000,249.9708251953125,251.86000061035156,253.10000610351562,6574000,104.07048034667969,104.08999633789062,102.8499984741211,5093300,5983.990234375,5983.990234375,6003.60009765625,4243400000,21070.7890625,21070.7890625,21105.490234375,7816410000,507.7708740234375,512.9099731445312,513.77001953125,25835300,583.4359130859375,596.9000244140625,598.6799926757812,43006100,4.432000160217285,4.432000160217285,4.370999813079834,0,71.32115936279297,79.38999938964844,79.61000061035156,44594900,99.98841857910156,108.6500015258789,109.16999816894531,36203300
2024-11-13,185.9686737060547,189.6300048828125,189.0,5695400,418.5875549316406,425.20001220703125,421.6400146484375,21502200,214.10000610351562,214.10000610351562,209.39999389648438,46212900,177.6326446533203,178.8800048828125,180.4600067138672,23184000,,,,,145.87855529785156,146.27000427246094,149.07000732421875,191903300,170.62545776367188,173.5800018310547,174.7100067138672,17472500,245.77255249023438,247.6300048828125,250.64999389648438,5537900,104.40042114257812,104.41999816894531,104.33000183105469,7266900,5985.3798828125,5985.3798828125,5985.75,4220180000,21036.16015625,21036.16015625,21049.66015625,9623670000,507.1175842285156,512.25,512.4000244140625,24567400,583.7193603515625,597.1900024414062,597.3699951171875,47388600,4.451000213623047,4.451000213623047,4.433000087738037,0,71.3391342163086,79.41000366210938,79.58999633789062,33873600,99.61109161376953,108.23999786376953,109.23999786376953,22942500
2024-11-14,183.4384765625,187.0500030517578,188.66000366210938,7804300,420.2513122558594,426.8900146484375,425.0,30246900,211.47999572753906,211.47999572753906,214.16000366210938,42620300,174.3556365966797,175.5800018310547,178.27999877929688,31007500,,,,,146.3672332763672,146.75999450683594,147.63999938964844,194463300,167.47991943359375,170.3800048828125,174.77000427246094,20638900,246.3184051513672,248.17999267578125,249.55999755859375,4607600,103.03068542480469,103.05000305175781,104.12999725341797,6237600,5949.169921875,5949.169921875,5989.68017578125,4184570000,20896.669921875,20896.669921875,21052.0703125,8680480000,503.5932312011719,508.69000244140625,511.9100036621094,28679500,579.9659423828125,593.3499755859375,597.3200073242188,38904100,4.418000221252441,4.418000221252441,4.445000171661377,0,71.18640899658203,79.23999786376953,79.45999908447266,32749300,99.5834732055664,108.20999908447266,108.52999877929688,26889100
2024-11-15,180.19239807128906,183.74000549316406,184.52000427246094,8986300,408.5462341308594,415.0,419.82000732421875,28247600,202.61000061035156,202.61000061035156,206.75999450683594,86591100,171.28720092773438,172.49000549316406,173.72999572753906,32504600,,,,,141.60003662109375,141.97999572753906,144.8699951171875,250132900,162.0342254638672,164.83999633789062,168.47000122070312,20836200,238.150146484375,239.9499969482422,244.1699981689453,9499700,101.11103820800781,101.12999725341797,102.05999755859375,6674800,5870.6201171875,5870.6201171875,5912.7900390625,4590960000,20394.130859375,20394.130859375,20679.98046875,8002270000,491.5946350097656,496.57000732421875,502.94000244140625,51461100,572.5372924804688,585.75,589.719970703125,75988800,4.427999973297119,4.427999973297119,4.429999828338623,0,71.17740631103516,79.2300033569336,79.19000244140625,33709500,99.6294937133789,108.26000213623047,107.91000366210938,27276300
2024-11-18,182.1439666748047,185.72999572753906,184.3000030517578,6289400,409.2944030761719,415.760009765625,414.8699951171875,24727000,201.6999969482422,201.6999969482422,204.14999389648438,36409900,174.07760620117188,175.3000030517578,173.4199981689453,20135300,,,,,139.77493286132812,140.14999389648438,139.5,221205300,162.85009765625,165.6699981689453,165.66000366210938,17856900,239.7282257080078,241.5399932861328,239.02999877929688,7696500,101.10104370117188,101.12000274658203,101.41000366210938,2827200,5893.6201171875,5893.6201171875,5874.169921875,3983860000,20539.189453125,20539.189453125,20450.2109375,8455360000,495.01007080078125,500.0199890136719,498.1300048828125,27080800,574.88330078125,588.1500244140625,586.219970703125,37001700,4.414000034332275,4.414000034332275,4.480999946594238,0,71.31219482421875,79.37999725341797,79.2699966430664,27780900,99.81355285644531,108.45999908447266,108.12999725341797,19399100
2024-11-19,185.25274658203125,188.89999389648438,184.88999938964844,8117000,411.2928161621094,417.7900085449219,413.1099853515625,18133500,204.61000061035156,204.61000061035156,199.3300018310547,31197900,176.87791442871094,178.1199951171875,173.72000122070312,23434900,,,,,146.6165771484375,147.00999450683594,141.32000732421875,227834900,162.53553771972656,165.35000610351562,166.66000366210938,18003400,242.34841918945312,244.17999267578125,241.10000610351562,4505200,102.50077819824219,102.5199966430664,100.16999816894531,5866800,5916.97998046875,5916.97998046875,5870.0498046875,4036940000,20684.58984375,20684.58984375,20435.6796875,7246610000,498.4156188964844,503.4599914550781,497.4200134277344,24523000,576.9846801757812,590.2999877929688,584.7100219726562,49412000,4.379000186920166,4.379000186920166,4.36299991607666,0,71.41997528076172,79.5,79.31999969482422,34523200,100.02523040771484,108.69000244140625,108.72000122070312,21473200
2024-11-20,187.06704711914062,190.75,190.89999389648438,4860200,409.02862548828125,415.489990234375,416.8699951171875,19191700,202.8800048828125,202.8800048828125,202.97999572753906,32769000,174.75286865234375,175.97999572753906,177.33999633789062,18997100,,,,,145.4995880126953,145.88999938964844,147.41000366210938,309871700,160.47129821777344,163.25,165.5399932861328,17196700,240.72071838378906,242.5399932861328,243.3300018310547,7585600,103.29063415527344,103.30999755859375,103.23999786376953,6153700,5917.10986328125,5917.10986328125,5914.33984375,3772620000,20667.099609375,20667.099609375,20660.83984375,7121670000,498.1285095214844,503.1700134277344,503.1600036621094,29565500,577.1802368164062,590.5,590.3800048828125,50032600,4.406000137329102,4.406000137329102,4.421999931335449,0,71.40201568603516,79.4800033569336,79.48999786376953,19934000,99.78594207763672,108.43000030517578,108.30999755859375,24792000
2024-11-21,188.714599609375,192.42999267578125,191.94000244140625,11394300,407.26287841796875,412.8699951171875,419.5,20780200,198.3800048828125,198.3800048828125,203.49000549316406,58800000,166.4611053466797,167.6300048828125,173.89999389648438,59734400,,,,,146.27752685546875,146.6699981689453,149.35000610351562,400946600,161.14955139160156,163.94000244140625,166.25,24835300,244.2540283203125,246.10000610351562,245.52000427246094,8825400,104.52040100097656,104.54000091552734,104.58999633789062,6883500,5948.7099609375,5948.7099609375,5940.580078125,4230120000,20740.779296875,20740.779296875,20775.26953125,7492540000,499.92034912109375,504.9800109863281,506.239990234375,34526700,580.2786865234375,593.6699829101562,593.4000244140625,46750300,4.432000160217285,4.432000160217285,4.4039998054504395,0,71.42893981933594,79.51000213623047,79.54000091552734,28040000,99.66629791259766,108.30000305175781,108.47000122070312,22507400
2024-11-22,188.5773162841797,192.2899932861328,193.0,6879400,411.3368225097656,417.0,411.3699951171875,24814600,197.1199951171875,197.1199951171875,198.25,31530800,163.611083984375,164.75999450683594,165.85000610351562,38604600,,,,,141.5701446533203,141.9499969482422,145.92999267578125,236406200,161.43458557128906,164.22999572753906,164.3000030517578,17332500,242.78512573242188,244.6199951171875,245.97000122070312,4746300,106.02012634277344,106.04000091552734,104.79000091552734,6795700,5969.33984375,5969.33984375,5944.35986328125,4141420000,20776.23046875,20776.23046875,20737.490234375,6575820000,500.7222900390625,505.7900085449219,504.4200134277344,23826600,582.0771484375,595.510009765625,593.6599731445312,38226400,4.409999847412109,4.409999847412109,4.389999866485596,0,71.4109878540039,79.48999786376953,79.5,29564900,99.7583236694336,108.4000015258789,108.4800033569336,13813000
2024-11-25,184.3603515625,187.99000549316406,194.5,15138500,413.10247802734375,418.7900085449219,418.3800048828125,27691100,201.4499969482422,201.4499969482422,199.27999877929688,40685700,166.48094177246094,167.64999389648438,166.08999633789062,33135300,,,,,135.656005859375,136.02000427246094,141.99000549316406,344941900,162.01458740234375,164.82000732421875,165.39999389648438,26850600,241.83233642578125,243.66000366210938,246.35000610351562,4562700,105.77017211914062,105.79000091552734,107.4000015258789,7199800,5987.3701171875,5987.3701171875,5992.27978515625,5633150000,20804.890625,20804.890625,20918.759765625,7932980000,501.5142822265625,506.5899963378906,509.8999938964844,26375200,584.0516967773438,597.530029296875,599.52001953125,42441400,4.264999866485596,4.264999866485596,4.317999839782715,0,71.68051147460938,79.79000091552734,79.72000122070312,35003000,101.0007095336914,109.75,109.55999755859375,21678000
2024-11-26,186.6944122314453,190.3699951171875,188.32000732421875,6427200,422.1775207519531,427.989990234375,419.5899963378906,23458900,207.86000061035156,207.86000061035156,201.89999389648438,41673700,167.94070434570312,169.1199951171875,167.6300048828125,20486700,,,,,136.55360412597656,136.9199981689453,137.6999969482422,190287700,161.93592834472656,164.74000549316406,164.60000610351562,16308800,239.609130859375,241.4199981689453,245.82000732421875,4996500,106.17009735107422,106.19000244140625,105.73999786376953,3156800,6021.6298828125,6021.6298828125,6000.02978515625,3835170000,20922.900390625,20922.900390625,20871.55078125,6411770000,504.2070007324219,509.30999755859375,508.0799865722656,26557100,587.1012573242188,600.6500244140625,598.7999877929688,45621300,4.302000045776367,4.302000045776367,4.289000034332275,0,71.54574584960938,79.63999938964844,79.80000305175781,41103500,100.74301147460938,109.47000122070312,109.48999786376953,25005000
2024-11-27,179.1724853515625,182.6999969482422,188.9600067138672,8368800,417.24542236328125,422.989990234375,425.1099853515625,18332400,205.74000549316406,205.74000549316406,206.97999572753906,28061600,168.04991149902344,169.22999572753906,169.0,19266500,,,,,134.97781372070312,135.33999633789062,135.00999450683594,226370900,156.9522247314453,159.6699981689453,163.1999969482422,19722700,236.46290588378906,238.25,239.66000366210938,6911600,104.28044891357422,104.30000305175781,105.58999633789062,8332700,5998.740234375,5998.740234375,6014.10986328125,3363340000,20744.490234375,20744.490234375,20852.4296875,5619090000,500.2371826171875,505.29998779296875,508.1700134277344,24957400,585.3223266601562,598.8300170898438,600.4600219726562,34000200,4.242000102996826,4.242000102996826,4.25,0,71.76134490966797,79.87999725341797,79.70999908447266,30239600,101.11115264892578,109.87000274658203,109.79000091552734,23584000
2024-11-29,181.27117919921875,184.83999633789062,184.00999450683594,4628000,417.70904541015625,423.4599914550781,420.0899963378906,16271900,207.88999938964844,207.88999938964844,205.8300018310547,24892400,167.77188110351562,168.9499969482422,168.5,14257200,,,,,137.88003540039062,138.25,136.77999877929688,141863200,159.3212127685547,162.0800018310547,159.57000732421875,11024000,240.31381225585938,242.1300048828125,240.0,5607400,104.74036407470703,104.76000213623047,104.6500015258789,1960800,6032.3798828125,6032.3798828125,6003.97998046875,2444420000,20930.369140625,20930.369140625,20771.01953125,4042550000,504.6327209472656,509.739990234375,505.92999267578125,15334000,588.958251953125,602.5499877929688,599.6599731445312,30177400,4.177999973297119,4.177999973297119,4.224999904632568,0,71.90510559082031,80.04000091552734,80.01000213623047,25037800,101.73692321777344,110.55000305175781,110.33999633789062,11838900
2024-12-02,177.90737915039062,181.41000366210938,185.2899932861328,8859700,425.1269226074219,430.9800109863281,421.57000732421875,20207200,210.7100067138672,210.7100067138672,209.9600067138672,39523200,170.29415893554688,171.49000549316406,168.77000427246094,23789100,,,,,138.259033203125,138.6300048828125,138.8300018310547,171682800,163.67578125,166.50999450683594,162.9499969482422,21472400,246.0107421875,247.8699951171875,243.35000610351562,8070300,104.84034729003906,104.86000061035156,105.0,5737900,6047.14990234375,6047.14990234375,6040.10986328125,4412470000,21164.599609375,21164.599609375,20971.759765625,6370530000,510.12701416015625,515.2899780273438,511.010009765625,25147200,590.0140380859375,603.6300048828125,602.969970703125,31746000,4.196000099182129,4.196000099182129,4.206999778747559,0,71.87891387939453,79.6500015258789,79.93000030517578,32387400,101.89669036865234,110.33999633789062,110.3499984741211,33409400
2024-12-03,179.3588104248047,182.88999938964844,181.17999267578125,8917100,425.343994140625,431.20001220703125,429.8399963378906,18302000,213.44000244140625,213.44000244140625,210.30999755859375,32214800,170.14520263671875,171.33999633789062,171.49000549316406,22248700,,,,,139.88465881347656,140.25999450683594,138.25999450683594,164414000,165.2878875732422,168.14999389648438,164.47999572753906,17024400,246.55662536621094,248.4199981689453,246.92999267578125,3227300,105.75016784667969,105.7699966430664,104.30999755859375,4002300,6049.8798828125,6049.8798828125,6042.97021484375,4095000000,21229.3203125,21229.3203125,21106.509765625,6005160000,511.6912536621094,516.8699951171875,513.9500122070312,18597900,590.2877807617188,603.9099731445312,603.3900146484375,26906600,4.2230000495910645,4.2230000495910645,4.210999965667725,0,71.87891387939453,79.6500015258789,79.72000122070312,24868500,101.53652954101562,109.94999694824219,110.45999908447266,27394800
2024-12-04,184.55648803710938,188.19000244140625,188.0,8906300,431.4794616699219,437.4200134277344,433.0299987792969,26009400,218.16000366210938,218.16000366210938,215.9600067138672,48745700,173.154052734375,174.3699951171875,171.14999389648438,31615100,,,,,144.75160217285156,145.13999938964844,142.0,231224300,167.65684509277344,170.55999755859375,173.44000244140625,32748200,250.7350616455078,252.6300048828125,252.22999572753906,5457400,109.8593978881836,109.87999725341797,108.13999938964844,8550000,6086.490234375,6086.490234375,6069.39013671875,4003390000,21492.359375,21492.359375,21361.810546875,7870030000,518.0172729492188,523.260009765625,520.3200073242188,26086200,593.9530639648438,607.6599731445312,605.6300048828125,42787600,4.179999828338623,4.179999828338623,4.270999908447266,0,72.0503921508789,79.83999633789062,79.70999908447266,22733500,102.02598571777344,110.4800033569336,109.75,22704100
2024-12-05,182.64414978027344,186.24000549316406,189.02000427246094,6398100,436.6088562011719,442.6199951171875,437.9200134277344,21697800,220.5500030517578,220.5500030517578,218.02999877929688,41140200,171.4361572265625,172.63999938964844,175.36000061035156,21356200,,,,,144.68177795410156,145.05999755859375,145.11000061035156,172621200,167.56837463378906,170.47000122070312,170.75,18490000,246.43753051757812,248.3000030517578,251.88999938964844,3872100,108.52965545654297,108.55000305175781,109.26000213623047,7697100,6075.10986328125,6075.10986328125,6089.02978515625,4212020000,21425.220703125,21425.220703125,21488.51953125,7229510000,516.581787109375,521.8099975585938,523.3099975585938,18169600,592.9756469726562,606.6599731445312,607.6599731445312,28762200,4.179999828338623,4.179999828338623,4.206999778747559,0,71.9872055053711,79.7699966430664,79.79000091552734,23106300,101.9982681274414,110.44999694824219,110.20999908447266,16792500
2024-12-06,187.98890686035156,191.69000244140625,187.0,10503400,437.5459289550781,443.57000732421875,442.29998779296875,18821000,227.02999877929688,227.02999877929688,220.75,44178100,173.49171447753906,174.7100067138672,172.02999877929688,21462400,,,,,142.06863403320312,142.44000244140625,144.60000610351562,188505600,176.4741668701172,179.52999877929688,170.10000610351562,27830800,246.7451934814453,248.61000061035156,247.8800048828125,3885300,110.02937316894531,110.05000305175781,109.37000274658203,6127400,6090.27001953125,6090.27001953125,6081.3798828125,3924830000,21622.25,21622.25,21458.580078125,6787610000,521.205078125,526.47998046875,522.47998046875,23762600,594.0997314453125,607.8099975585938,607.4400024414062,31241500,4.151000022888184,4.151000022888184,4.184000015258789,0,72.10452270507812,79.9000015258789,79.88999938964844,29931300,102.2291488647461,110.69999694824219,110.91999816894531,16668800
2024-12-09,186.77285766601562,190.4499969482422,196.3000030517578,20158000,439.9626770019531,446.0199890136719,442.6000061035156,19144400,226.08999633789062,226.08999633789062,227.2100067138672,46819400,174.34669494628906,175.3699951171875,173.9600067138672,25389600,,,,,138.44805908203125,138.80999755859375,138.97000122070312,189308600,175.8942413330078,178.94000244140625,178.9499969482422,20886300,244.22425842285156,246.07000732421875,246.22000122070312,4532600,107.74979400634766,107.7699966430664,110.58999633789062,9095700,6052.85009765625,6052.85009765625,6083.009765625,4556460000,21440.8203125,21440.8203125,21573.759765625,7884620000,517.1460571289062,522.3800048828125,525.5499877929688,20674400,591.0403442382812,604.6799926757812,607.6900024414062,34742700,4.198999881744385,4.198999881744385,4.182000160217285,0,72.01428985595703,79.80000305175781,79.9000015258789,22095100,101.97056579589844,110.41999816894531,110.54000091552734,21149300
2024-12-10,174.30824279785156,177.74000549316406,173.4600067138672,26502000,437.3092041015625,443.3299865722656,444.3900146484375,18469500,225.0399932861328,225.0399932861328,226.08999633789062,31199900,184.08953857421875,185.1699981689453,182.85000610351562,54813000,,,,,134.71783447265625,135.07000732421875,139.00999450683594,210020900,168.88558959960938,171.80999755859375,177.80999755859375,27762600,238.0806884765625,239.8800048828125,246.42999267578125,6402400,106.15009307861328,106.16999816894531,107.16000366210938,4464400,6034.91015625,6034.91015625,6057.58984375,4048410000,21368.1796875,21368.1796875,21492.509765625,6843850000,515.3839111328125,520.5999755859375,523.6199951171875,24350000,589.2026977539062,602.7999877929688,605.3699951171875,37234500,4.2210001945495605,4.2210001945495605,4.234000205993652,0,72.0503921508789,79.83999633789062,79.94000244140625,27195200,101.81358337402344,110.25,110.16999816894531,19497500
2024-12-11,175.13206481933594,178.5800018310547,178.0,13188700,442.892333984375,448.989990234375,444.04998779296875,19200200,230.25999450683594,230.25999450683594,226.41000366210938,35385800,194.25982666015625,195.39999389648438,185.30999755859375,67894100,,,,,138.94676208496094,139.30999755859375,137.36000061035156,184905200,180.08168029785156,183.1999969482422,180.00999450683594,41295200,243.90664672851562,245.75,243.64999389648438,5588400,107.79978942871094,107.81999969482422,107.05000305175781,7791400,6084.18994140625,6084.18994140625,6060.14990234375,4269950000,21763.98046875,21763.98046875,21540.380859375,6639720000,524.6105346679688,529.9199829101562,525.0,32168600,593.7576293945312,607.4600219726562,605.780029296875,28677700,4.270999908447266,4.270999908447266,4.25,0,72.06842041015625,79.86000061035156,79.94000244140625,24730000,101.53652954101562,109.94999694824219,110.44999694824219,24516500
2024-12-12,171.9349822998047,175.32000732421875,178.0,8154200,443.4545593261719,449.55999755859375,449.1099853515625,20834800,228.97000122070312,228.97000122070312,229.8300018310547,28204100,190.83990478515625,191.9600067138672,195.0,34817500,,,,,136.98190307617188,137.33999633789062,137.0800018310547,159211400,177.58493041992188,180.66000366210938,180.92999267578125,46967200,241.54449462890625,243.3699951171875,244.00999450683594,3979300,106.82997131347656,106.8499984741211,106.94999694824219,3366500,6051.25,6051.25,6074.2900390625,3678010000,21615.26953125,21615.26953125,21652.849609375,7047550000,521.2247314453125,526.5,527.6799926757812,23577500,590.6983032226562,604.3300170898438,606.5800170898438,31543800,4.323999881744385,4.323999881744385,4.300000190734863,0,71.8698959350586,79.63999938964844,79.80999755859375,29081600,100.96400451660156,109.33000183105469,109.69000244140625,24747600
2024-12-13,170.04225158691406,173.38999938964844,175.0,8351100,441.1956787109375,447.2699890136719,448.44000244140625,20177800,227.4600067138672,227.4600067138672,228.39999389648438,28768100,188.71238708496094,189.82000732421875,191.00999450683594,25143500,,,,,133.89996337890625,134.25,138.94000244140625,231514900,220.97361755371094,224.8000030517578,213.89999389648438,121336600,247.6186065673828,249.49000549316406,249.52000427246094,8628300,105.75016784667969,105.7699966430664,106.94000244140625,4477200,6051.08984375,6051.08984375,6068.169921875,3584960000,21780.25,21780.25,21789.650390625,6028250000,525.2144165039062,530.530029296875,530.4600219726562,28780400,590.5809326171875,604.2100219726562,606.4000244140625,35904700,4.39900016784668,4.39900016784668,4.343999862670898,0,71.66234588623047,79.41000366210938,79.70999908447266,34201100,100.40066528320312,108.72000122070312,109.18000030517578,13195000
2024-12-16,167.9239501953125,171.22999572753906,173.83999633789062,9572000,445.4570617675781,451.5899963378906,447.2699890136719,23598800,232.92999267578125,232.92999267578125,230.22999572753906,37552100,195.51248168945312,196.66000366210938,192.8699951171875,44934900,,,,,131.65582275390625,132.0,134.17999267578125,237951100,245.7446746826172,250.0,231.7899932861328,111623200,251.3503875732422,253.25,250.5,4893000,106.88996124267578,106.91000366210938,105.94000244140625,4956800,6074.080078125,6074.080078125,6063.7900390625,4391100000,22096.66015625,22096.66015625,21891.359375,8855040000,532.7778930664062,538.1699829101562,533.0800170898438,31979900,593.1026611328125,606.7899780273438,606.0,43695200,4.396999835968018,4.396999835968018,4.36899995803833,0,71.79769897460938,79.55999755859375,79.55000305175781,22269000,100.52994537353516,108.86000061035156,109.02999877929688,18893000
2024-12-17,166.4333038330078,169.7100067138672,170.75,8940200,448.2880554199219,454.4599914550781,451.010009765625,22733500,231.14999389648438,231.14999389648438,232.38999938964844,35948100,194.27969360351562,195.4199981689453,197.25,43504000,,,,,130.050048828125,130.38999938964844,129.08999633789062,259410300,236.1409912109375,240.22999572753906,240.64999389648438,70382100,248.0850830078125,249.9600067138672,250.47999572753906,4027800,105.9201431274414,105.94000244140625,106.5199966430664,6660800,6050.60986328125,6050.60986328125,6052.5498046875,4544500000,22001.080078125,22001.080078125,22003.640625,9534350000,530.431640625,535.7999877929688,536.3599853515625,28579100,590.6591186523438,604.2899780273438,604.1900024414062,55773500,4.385000228881836,4.385000228881836,4.429999828338623,0,71.64430236816406,79.38999938964844,79.41000366210938,29039500,100.53916931152344,108.87000274658203,108.83999633789062,29945700
2024-12-18,162.21630859375,165.41000366210938,169.41000366210938,8817900,431.4499206542969,437.3900146484375,451.32000732421875,24444500,220.52000427246094,220.52000427246094,230.77000427246094,43281400,187.3006591796875,188.39999389648438,195.22000122070312,34166100,,,,,128.57386779785156,128.91000366210938,133.86000061035156,277444500,219.813720703125,223.6199951171875,239.41000366210938,53960100,240.17486572265625,241.99000549316406,252.16000366210938,8125800,101.1610336303711,101.18000030517578,105.91000366210938,8398200,5872.16015625,5872.16015625,6047.64990234375,5246960000,21209.3203125,21209.3203125,21979.529296875,9996120000,511.2951965332031,516.469970703125,535.1500244140625,54703200,573.0553588867188,586.280029296875,603.97998046875,108248700,4.49399995803833,4.49399995803833,4.418000221252441,0,70.90863037109375,78.16999816894531,79.13999938964844,80034500,99.29269409179688,107.13999938964844,108.36000061035156,36753900
2024-12-19,165.5310516357422,168.7899932861328,167.5500030517578,8386400,431.0947265625,437.0299987792969,441.6199951171875,22963700,223.2899932861328,223.2899932861328,224.91000366210938,39918700,187.41000366210938,188.50999450683594,191.6300048828125,32265200,,,,,130.33924865722656,130.67999267578125,131.75999450683594,209719200,214.6039276123047,218.32000732421875,227.91000366210938,40845200,237.07826232910156,238.8699951171875,243.0,6893100,101.55095672607422,101.56999969482422,103.05000305175781,7808100,5867.080078125,5867.080078125,5912.7099609375,4896880000,21110.509765625,21110.509765625,21358.7890625,8029590000,509.018310546875,514.1699829101562,521.1900024414062,46441800,572.8794555664062,586.0999755859375,591.3599853515625,85919500,4.570000171661377,4.570000171661377,4.5320000648498535,0,70.83606719970703,78.08999633789062,78.44999694824219,69005700,98.75518798828125,106.55999755859375,106.86000061035156,40479900
2024-12-20,166.38426208496094,169.66000366210938,167.72999572753906,13810500,430.670654296875,436.6000061035156,433.1099853515625,64263700,224.9199981689453,224.9199981689453,219.83999633789062,88279200,190.29310607910156,191.41000366210938,185.77999877929688,63462900,,,,,134.34877014160156,134.6999969482422,129.80999755859375,306528600,217.03187561035156,220.7899932861328,220.36000061035156,131910400,240.8894500732422,242.7100067138672,237.39999389648438,6909300,103.60057830810547,103.62000274658203,100.41999816894531,5981800,5930.85009765625,5930.85009765625,5842.0,8223220000,21289.150390625,21289.150390625,20939.640625,10962450000,513.4633178710938,518.6599731445312,510.44000244140625,60530000,579.7603149414062,591.1500244140625,581.77001953125,125716700,4.52400016784668,4.52400016784668,4.541999816894531,0,71.28054809570312,78.58000183105469,78.0,63276200,99.14441680908203,106.9800033569336,107.08999633789062,27608300
2024-12-23,165.87428283691406,169.13999938964844,169.58999633789062,6518200,429.3389587402344,435.25,436.739990234375,19152500,225.05999755859375,225.05999755859375,225.00999450683594,28070000,193.49432373046875,194.6300048828125,192.6199951171875,25675000,,,,,139.3058319091797,139.6699981689453,136.27999877929688,176053500,229.007080078125,232.35000610351562,226.69000244140625,40643800,248.44692993164062,249.22000122070312,243.52999877929688,6650100,102.90070343017578,102.91999816894531,103.37999725341797,3653800,5974.06982421875,5974.06982421875,5940.25,3593280000,21503.169921875,21503.169921875,21364.259765625,6820720000,518.4658203125,522.8699951171875,519.5499877929688,29672800,583.2320556640625,594.6900024414062,590.8900146484375,57635800,4.598999977111816,4.598999977111816,4.550000190734863,0,71.0900650024414,78.37000274658203,78.6500015258789,29239400,98.85711669921875,106.66999816894531,107.01000213623047,13091800
2024-12-24,168.10049438476562,171.41000366210938,169.6999969482422,2451500,433.3634948730469,439.3299865722656,434.6499938964844,7164500,229.0500030517578,229.0500030517578,226.94000244140625,15007500,194.96568298339844,196.11000061035156,194.83999633789062,10403300,,,,,139.8544158935547,140.22000122070312,140.0,105157000,236.2316131591797,239.67999267578125,240.1199951171875,22827200,250.5902557373047,251.3699951171875,250.44000244140625,2097400,104.08048248291016,104.0999984741211,103.12999725341797,1584200,6040.0400390625,6040.0400390625,5984.6298828125,1757720000,21797.650390625,21797.650390625,21564.369140625,4739190000,525.4962158203125,529.9600219726562,524.8300170898438,17558200,589.7147216796875,601.2999877929688,596.0599975585938,33160100,4.591000080108643,4.591000080108643,4.609000205993652,0,71.31682586669922,78.62000274658203,78.4000015258789,11926100,99.1629409790039,107.0,106.45999908447266,6215300
2024-12-26,168.36524963378906,171.67999267578125,170.5,4100100,432.16009521484375,438.1099853515625,439.0799865722656,8194200,227.0500030517578,227.0500030517578,228.5,16146700,194.45867919921875,195.60000610351562,195.14999389648438,12046600,,,,,139.56515502929688,139.92999267578125,139.6999969482422,116205600,241.82989501953125,245.36000061035156,240.0,28459000,250.15162658691406,250.92999267578125,250.4199981689453,2169300,103.85053253173828,103.87000274658203,103.80000305175781,2311500,6037.58984375,6037.58984375,6024.97021484375,2904530000,21768.310546875,21768.310546875,21733.98046875,6467910000,525.13916015625,529.5999755859375,528.3200073242188,19090500,589.7539672851562,601.3400268554688,599.5,41219100,4.578999996185303,4.578999996185303,4.63100004196167,0,71.49826049804688,78.81999969482422,78.51000213623047,18384900,99.25562286376953,107.0999984741211,106.5,12454800
2024-12-27,165.69778442382812,168.9600067138672,170.3800048828125,4344300,424.6830749511719,430.5299987792969,434.6000061035156,18117700,223.75,223.75,225.60000610351562,27367100,191.63522338867188,192.75999450683594,194.9499969482422,18891400,,,,,136.6527557373047,137.00999450683594,138.5500030517578,170582600,238.27182006835938,241.75,245.63999938964844,29282200,247.6294708251953,248.39999389648438,249.27999877929688,3812300,102.26082611083984,102.27999877929688,103.26000213623047,7467600,5970.83984375,5970.83984375,6006.169921875,3159610000,21473.01953125,21473.01953125,21633.099609375,7765120000,518.158447265625,522.5599975585938,526.010009765625,33839600,583.5458984375,595.010009765625,597.5399780273438,64969300,4.61899995803833,4.61899995803833,4.603000164031982,0,71.25333404541016,78.55000305175781,78.73999786376953,20631800,98.83858489990234,106.6500015258789,106.91000366210938,13908400
2024-12-30,163.68736267089844,166.91000366210938,166.50999450683594,5254800,419.0604553222656,424.8299865722656,426.05999755859375,13158700,221.3000030517578,221.3000030517578,220.05999755859375,28321200,190.1240997314453,191.24000549316406,189.8000030517578,14264700,,,,,137.1315155029297,137.49000549316406,134.8300018310547,167734700,232.1905975341797,235.5800018310547,234.6999969482422,27316800,243.9010772705078,244.66000366210938,244.6199951171875,3532100,100.92108154296875,100.94000244140625,100.66999816894531,5965900,5906.93994140625,5906.93994140625,5920.669921875,3433250000,21197.08984375,21197.08984375,21189.099609375,8384090000,511.2669677734375,515.6099853515625,515.510009765625,34584000,576.8866577148438,588.219970703125,587.8900146484375,56578800,4.545000076293945,4.545000076293945,4.577000141143799,0,71.35311889648438,78.66000366210938,78.58000183105469,20659200,99.26490020751953,107.11000061035156,107.02999877929688,9141400
2024-12-31,163.4225616455078,166.63999938964844,167.1999969482422,4307500,415.7757263183594,421.5,426.1000061035156,13246500,219.38999938964844,219.38999938964844,222.97000122070312,24819700,188.19541931152344,189.3000030517578,191.0800018310547,17466900,,,,,133.93984985351562,134.2899932861328,138.02999877929688,155659200,228.50439453125,231.83999633789062,235.8800048828125,17927700,241.41879272460938,242.1699981689453,245.50999450683594,3071800,100.10123443603516,100.12000274658203,101.26000213623047,3587500,5881.6298828125,5881.6298828125,5919.740234375,3128350000,21012.169921875,21012.169921875,21256.01953125,8873030000,506.9238586425781,511.2300109863281,516.9000244140625,29117000,574.7880249023438,586.0800170898438,589.9099731445312,57052700,4.572999954223633,4.572999954223633,4.5289998054504395,0,71.34402465820312,78.6500015258789,78.77999877929688,18664900,99.01465606689453,106.83999633789062,107.29000091552734,10768700
2025-01-02,162.82432556152344,166.02999877929688,168.52000427246094,5360800,412.8953552246094,418.5799865722656,425.5299987792969,16896500,220.22000122070312,220.22000122070312,222.02999877929688,33956600,188.32464599609375,189.42999267578125,190.64999389648438,20370800,,,,,137.94937133789062,138.30999755859375,136.0,198247200,228.6423797607422,231.97999572753906,236.16000366210938,31525800,244.03067016601562,244.7899932861328,244.52000427246094,4464000,99.89127349853516,99.91000366210938,101.26000213623047,4741500,5868.5498046875,5868.5498046875,5903.259765625,3621680000,20975.619140625,20975.619140625,21120.05078125,8737550000,505.9322814941406,510.2300109863281,514.2999877929688,36389800,573.3757934570312,584.6400146484375,589.3900146484375,50204000,4.574999809265137,4.574999809265137,4.520999908447266,0,71.5163803100586,78.83999633789062,78.87999725341797,30415400,99.02393341064453,106.8499984741211,107.12000274658203,19098100
2025-01-03,163.10874938964844,166.32000732421875,166.6999969482422,5876000,417.6005859375,423.3500061035156,421.0799865722656,16662900,224.19000244140625,224.19000244140625,222.50999450683594,27515600,190.67088317871094,191.7899932861328,191.3699951171875,18596200,,,,,144.0933380126953,144.47000122070312,140.00999450683594,229322500,229.20419311523438,232.5500030517578,233.58999633789062,24973200,251.09869384765625,251.8800048828125,247.0,4994400,101.45098114013672,101.47000122070312,100.37999725341797,3675000,5942.47021484375,5942.47021484375,5891.06982421875,3667340000,21326.16015625,21326.16015625,21096.7890625,8214050000,514.2120361328125,518.5800170898438,513.3499755859375,29059500,580.544921875,591.9500122070312,587.530029296875,37888500,4.5960001945495605,4.5960001945495605,4.545000076293945,0,71.625244140625,78.95999908447266,78.98999786376953,32611000,98.79225158691406,106.5999984741211,107.0,22610500
2025-01-06,162.4908905029297,165.69000244140625,167.30999755859375,6845400,422.0394592285156,427.8500061035156,428.0,20573600,227.61000061035156,227.61000061035156,226.77999877929688,31849800,195.7212371826172,196.8699951171875,193.97999572753906,29563600,,,,,149.04039001464844,149.42999267578125,148.58999633789062,265377400,233.00865173339844,236.41000366210938,236.5,34028400,259.42279052734375,260.2300109863281,258.6700134277344,10533200,101.66094207763672,101.68000030517578,102.37000274658203,4211800,5975.3798828125,5975.3798828125,5982.81005859375,4940120000,21559.5,21559.5,21551.1796875,9586840000,520.1217651367188,524.5399780273438,524.02001953125,36109700,583.8890991210938,595.3599853515625,596.27001953125,47679400,4.618000030517578,4.618000030517578,4.585000038146973,0,71.75222778320312,79.0999984741211,79.1500015258789,32110000,98.5420150756836,106.33000183105469,106.5199966430664,24302200
2025-01-07,158.90158081054688,162.02999877929688,165.5800018310547,7712200,416.6338806152344,422.3699951171875,429.0,18139100,222.11000061035156,222.11000061035156,227.89999389648438,28084200,194.34930419921875,195.49000549316406,197.11000061035156,26487200,,,,,139.77459716796875,140.13999938964844,153.02999877929688,351782200,225.3504638671875,228.63999938964844,239.5,25928600,253.25196838378906,254.0399932861328,263.4200134277344,7661100,99.1714096069336,99.19000244140625,101.62000274658203,6024300,5909.02978515625,5909.02978515625,5993.259765625,4517330000,21173.0390625,21173.0390625,21619.890625,13371130000,510.84063720703125,515.1799926757812,525.5900268554688,36690300,577.2888793945312,588.6300048828125,597.4199829101562,60393100,4.683000087738037,4.683000087738037,4.633999824523926,0,71.5163803100586,78.83999633789062,79.13999938964844,43790200,98.08789825439453,105.83999633789062,106.19000244140625,25115700
2025-01-08,159.99012756347656,163.13999938964844,162.17999267578125,7596200,418.7941589355469,424.55999755859375,423.4599914550781,15054600,222.1300048828125,222.1300048828125,223.19000244140625,25033300,192.81826782226562,193.9499969482422,192.57000732421875,24864800,,,,,139.74468994140625,140.11000061035156,142.5800018310547,227349900,226.01080322265625,229.30999755859375,229.6999969482422,18756500,251.4475860595703,252.22999572753906,253.55999755859375,5189500,99.18140411376953,99.19999694824219,98.7300033569336,4696700,5918.25,5918.25,5910.66015625,4441740000,21180.970703125,21180.970703125,21156.759765625,8851720000,510.92987060546875,515.27001953125,515.0800170898438,30777800,578.1322021484375,589.489990234375,588.7000122070312,47304700,4.692999839782715,4.692999839782715,4.704999923706055,0,71.60711669921875,78.94000244140625,78.8499984741211,35304900,98.24546813964844,106.01000213623047,105.70999908447266,30143800
2025-01-10,151.8893585205078,154.5,159.1999969482422,13593900,413.26031494140625,418.95001220703125,424.6300048828125,20201100,218.94000244140625,218.94000244140625,221.4600067138672,36811500,190.91943359375,192.0399932861328,194.3000030517578,26665200,,,,,135.55564880371094,135.91000366210938,137.4499969482422,207602500,221.08273315429688,224.30999755859375,227.3000030517578,23864000,246.4132537841797,247.17999267578125,249.41000366210938,6901500,97.19178009033203,97.20999908447266,97.88999938964844,7773900,5827.0400390625,5827.0400390625,5890.35009765625,4751930000,20847.580078125,20847.580078125,21012.2890625,8608880000,502.91790771484375,507.19000244140625,511.4800109863281,40532500,569.3056640625,580.489990234375,585.8800048828125,73105000,4.776000022888184,4.776000022888184,4.693999767303467,0,71.23518371582031,78.52999877929688,78.80000305175781,37417300,97.68013763427734,105.4000015258789,105.3499984741211,24613500
2025-01-13,151.3191680908203,153.9199981689453,153.74000549316406,8828500,411.5242004394531,417.19000244140625,415.239990234375,17604800,218.4600067138672,218.4600067138672,218.05999755859375,27262700,189.89544677734375,191.00999450683594,190.07000732421875,21823700,,,,,132.8826141357422,133.22999572753906,129.99000549316406,204808900,222.0486297607422,225.2899932861328,219.99000549316406,23772100,243.88113403320312,244.63999938964844,241.07000732421875,6007500,96.34193420410156,96.36000061035156,96.02999877929688,5716800,5836.22021484375,5836.22021484375,5782.02001953125,4421200000,20784.720703125,20784.720703125,20593.650390625,7830760000,501.3016662597656,505.55999755859375,501.20001220703125,31694200,570.188232421875,581.3900146484375,575.77001953125,47910100,4.802999973297119,4.802999973297119,4.76800012588501,0,71.21705627441406,78.51000213623047,78.48999786376953,39180700,97.402099609375,105.0999984741211,105.3499984741211,18873300
2025-01-14,153.66880798339844,156.30999755859375,156.4199981689453,7410200,410.02490234375,415.6700134277344,417.80999755859375,16935900,217.75999450683594,217.75999450683594,220.44000244140625,24711700,188.55331420898438,189.66000366210938,191.24000549316406,17174900,,,,,131.4164581298828,131.75999450683594,136.0500030517578,195590500,221.46713256835938,224.6999969482422,226.57000732421875,18143100,244.6786651611328,245.44000244140625,247.72999572753906,3791500,97.3917465209961,97.41000366210938,97.37000274658203,4805000,5842.91015625,5842.91015625,5859.27001953125,4142280000,20757.41015625,20757.41015625,20896.359375,7168110000,500.82568359375,505.0799865722656,508.739990234375,33737200,570.972900390625,582.1900024414062,584.3599853515625,48420600,4.788000106811523,4.788000106811523,4.788000106811523,0,71.30775451660156,78.61000061035156,78.69000244140625,29581100,97.51331329345703,105.22000122070312,105.19999694824219,27585200
2025-01-15,155.63499450683594,158.30999755859375,158.6699981689453,10701200,420.5203857421875,426.30999755859375,419.1300048828125,19637800,223.35000610351562,223.35000610351562,222.8300018310547,31291300,194.40895080566406,195.5500030517578,193.08999633789062,21776000,,,,,135.88479614257812,136.24000549316406,133.64999389648438,185217300,224.7196502685547,228.0,228.5500030517578,21745600,250.43077087402344,251.2100067138672,249.25,5316800,99.15140533447266,99.16999816894531,99.55000305175781,4785700,5949.91015625,5949.91015625,5905.2099609375,4544570000,21237.849609375,21237.849609375,21067.810546875,7260250000,512.3478393554688,516.7000122070312,513.030029296875,34957600,581.35888671875,592.780029296875,590.3300170898438,56900200,4.6529998779296875,4.6529998779296875,4.76200008392334,0,71.93365478515625,79.30000305175781,79.16000366210938,53574900,98.68103790283203,106.4800033569336,106.41999816894531,32123600
2025-01-16,156.84420776367188,159.5399932861328,160.14999389648438,9210600,418.8138122558594,424.5799865722656,428.70001220703125,15300000,220.66000366210938,220.66000366210938,224.4199981689453,24757300,191.78436279296875,192.91000366210938,194.13999938964844,17815400,,,,,133.2217254638672,133.57000732421875,138.63999938964844,209235600,226.109375,229.41000366210938,235.22000122070312,23471900,251.5074005126953,252.2899932861328,257.1099853515625,5696100,99.33137512207031,99.3499984741211,99.79000091552734,2913100,5937.33984375,5937.33984375,5963.60986328125,4285810000,21091.25,21091.25,21324.98046875,7085990000,508.7583312988281,513.0800170898438,518.97998046875,28229000,580.2408447265625,591.6400146484375,594.1699829101562,43319700,4.605999946594238,4.605999946594238,4.684000015258789,0,72.01529693603516,79.38999938964844,79.20999908447266,32363000,98.87564086914062,106.69000244140625,106.43000030517578,24583300
2025-01-17,158.3090362548828,161.02999877929688,161.77000427246094,11618300,423.2034606933594,429.0299987792969,434.0899963378906,26197500,225.94000244140625,225.94000244140625,225.83999633789062,42370100,194.8563232421875,196.0,196.52999877929688,27735100,,,,,137.3509521484375,137.7100067138672,136.69000244140625,201188800,234.02381896972656,237.44000244140625,237.0800018310547,31196600,257.44891357421875,258.25,257.9800109863281,5387300,100.30119323730469,100.31999969482422,101.43000030517578,3143900,5996.66015625,5996.66015625,5995.39990234375,4366830000,21441.16015625,21441.16015625,21461.900390625,7996360000,517.3453979492188,521.739990234375,522.8499755859375,51837900,586.06640625,597.5800170898438,596.9600219726562,58070600,4.609000205993652,4.609000205993652,4.572000026702881,0,72.07879638671875,79.45999908447266,79.48999786376953,29546400,98.95904541015625,106.77999877929688,106.9800033569336,18912000
2025-01-21,169.654052734375,172.57000732421875,163.8699951171875,30232000,422.6806335449219,428.5,430.20001220703125,26085700,230.7100067138672,230.7100067138672,228.89999389648438,39951500,196.89437866210938,198.0500030517578,199.07000732421875,29971300,,,,,140.46278381347656,140.8300018310547,139.16000366210938,197749000,236.85252380371094,240.30999755859375,241.5,30903200,261.5760803222656,262.3900146484375,260.79998779296875,4923000,101.9308853149414,101.94999694824219,101.4800033569336,4261700,6049.240234375,6049.240234375,6014.1201171875,4702920000,21566.509765625,21566.509765625,21557.8203125,8015780000,520.3795776367188,524.7999877929688,524.47998046875,23628000,591.430908203125,603.0499877929688,600.6699829101562,42532900,4.573999881744385,4.573999881744385,4.573999881744385,0,72.269287109375,79.66999816894531,79.61000061035156,32962700,99.53363037109375,107.4000015258789,107.2300033569336,20670600
2025-01-22,181.10719299316406,184.22000122070312,191.50999450683594,48028500,440.1402587890625,446.20001220703125,437.55999755859375,27803800,235.00999450683594,235.00999450683594,232.02000427246094,41448200,197.2124786376953,198.3699951171875,199.05999755859375,26200600,,,,,146.68653869628906,147.07000732421875,144.66000366210938,237651400,237.44390869140625,240.91000366210938,246.75,29610500,266.3412780761719,267.1700134277344,266.0,6616500,104.09048461914062,104.11000061035156,103.7300033569336,5023400,6086.3701171875,6086.3701171875,6081.39013671875,4323040000,21853.0,21853.0,21756.23046875,7219060000,527.0330200195312,531.510009765625,529.5700073242188,33593000,594.7556762695312,606.4400024414062,605.9199829101562,48196000,4.598999977111816,4.598999977111816,4.559999942779541,0,72.16949462890625,79.55999755859375,79.69999694824219,25028500,99.21854400634766,107.05999755859375,107.4000015258789,18418900
2025-01-23,183.31918334960938,186.47000122070312,181.63999938964844,17314600,440.6433410644531,446.7099914550781,442.0,18389300,235.4199981689453,235.4199981689453,234.10000610351562,26404400,196.8247833251953,197.97999572753906,198.13999938964844,26951400,,,,,146.83615112304688,147.22000122070312,145.0500030517578,155915500,236.8229522705078,240.27999877929688,238.41000366210938,17653900,266.0222473144531,266.8500061035156,263.0199890136719,4704900,104.27045440673828,104.29000091552734,103.3499984741211,3530800,6118.7099609375,6118.7099609375,6076.31982421875,4432250000,21900.9296875,21900.9296875,21737.240234375,6837700000,528.1536254882812,532.6400146484375,529.0399780273438,23096600,598.001953125,609.75,605.7999877929688,41152100,4.638000011444092,4.638000011444092,4.638000011444092,0,72.2602310180664,79.66000366210938,79.5199966430664,27434800,99.07954406738281,106.91000366210938,106.58999633789062,18118300
2025-01-24,180.4976806640625,183.60000610351562,188.63999938964844,12147200,438.0292663574219,444.05999755859375,445.1600036621094,15549500,234.85000610351562,234.85000610351562,234.5,25890700,199.04176330566406,200.2100067138672,198.10000610351562,23877500,,,,,142.2481231689453,142.6199951171875,148.3699951171875,234657600,241.1793670654297,244.6999969482422,244.6999969482422,25387800,260.71875,261.5299987792969,267.3999938964844,5119900,103.83052825927734,103.8499984741211,104.77999877929688,2380700,6101.240234375,6101.240234375,6121.43017578125,4214250000,21774.009765625,21774.009765625,21915.48046875,7708150000,525.1689453125,529.6300048828125,533.02001953125,19878300,596.2562255859375,607.969970703125,609.8099975585938,34604700,4.625999927520752,4.625999927520752,4.642000198364258,0,72.34185791015625,79.75,79.69999694824219,23648600,99.27415466308594,107.12000274658203,106.87000274658203,13020200
2025-01-27,155.60549926757812,158.27999877929688,168.89999389648438,42201600,428.6582946777344,434.55999755859375,424.010009765625,35647800,235.4199981689453,235.4199981689453,226.2100067138672,49428300,190.69078063964844,191.80999755859375,192.41000366210938,41728900,,,,,118.11123657226562,118.41999816894531,124.80000305175781,818830900,199.2218475341797,202.1300048828125,213.39999389648438,90569400,235.07852172851562,235.80999755859375,242.47999572753906,21944900,102.11085510253906,102.12999725341797,100.8499984741211,10141800,6012.27978515625,6012.27978515625,5969.0400390625,5198750000,21127.279296875,21127.279296875,21000.169921875,8870200000,509.87884521484375,514.2100219726562,511.0,60771700,587.8218383789062,599.3699951171875,594.8099975585938,70361100,4.5279998779296875,4.5279998779296875,4.5320000648498535,0,72.39627838134766,79.80999755859375,79.66999816894531,28540600,99.9599380493164,107.86000061035156,107.6500015258789,18954300
2025-01-28,161.22886657714844,164.0,162.99000549316406,20319300,441.1266784667969,447.20001220703125,434.6000061035156,23491700,238.14999389648438,238.14999389648438,234.2899932861328,41587200,194.160400390625,195.3000030517578,192.75,24157900,,,,,128.6536865234375,128.99000549316406,121.80999755859375,579666400,204.37660217285156,207.36000061035156,208.00999450683594,50316000,239.70413208007812,240.4499969482422,237.88999938964844,11707300,104.9703140258789,104.98999786376953,102.62999725341797,13339900,6067.7001953125,6067.7001953125,6026.97021484375,4473640000,21463.0390625,21463.0390625,21186.080078125,7121740000,517.4147338867188,521.8099975585938,515.219970703125,33194200,592.8726196289062,604.52001953125,600.6199951171875,44433300,4.551000118255615,4.551000118255615,4.568999767303467,0,72.36908721923828,79.77999877929688,79.7699966430664,30439900,99.82095336914062,107.70999908447266,107.58000183105469,22253100
2025-01-29,159.2823028564453,162.02000427246094,164.02999877929688,9866600,436.3227844238281,442.3299865722656,446.69000244140625,23581400,237.07000732421875,237.07000732421875,239.02000427246094,26091700,194.26976013183594,195.41000366210938,195.55999755859375,18218300,,,,,123.37747192382812,123.69999694824219,126.5,467120600,203.38113403320312,206.35000610351562,208.83999633789062,32533700,238.7869873046875,239.52999877929688,242.41000366210938,8366000,103.46060180664062,103.4800033569336,104.7300033569336,6310200,6039.31005859375,6039.31005859375,6057.7001953125,4115310000,21411.4609375,21411.4609375,21473.009765625,6497710000,516.4429931640625,520.8300170898438,522.4600219726562,26649000,590.2149047851562,601.8099975585938,603.719970703125,37177400,4.554999828338623,4.554999828338623,4.526000022888184,0,72.32371520996094,79.7300033569336,79.76000213623047,20072100,99.69117736816406,107.56999969482422,107.88999938964844,24969100
2025-01-30,167.5010528564453,170.3800048828125,164.77999877929688,14981700,409.35406494140625,414.989990234375,418.7699890136719,54586300,234.63999938964844,234.63999938964844,237.13999938964844,32020700,199.69790649414062,200.8699951171875,198.0,24354700,,,,,124.32501220703125,124.6500015258789,123.0999984741211,392925500,212.5572052001953,215.66000366210938,218.57000732421875,42449500,244.4095001220703,245.1699981689453,243.4199981689453,7676300,102.74073791503906,102.76000213623047,102.48999786376953,5830400,6071.169921875,6071.169921875,6050.75,4634620000,21508.119140625,21508.119140625,21519.810546875,6679500000,518.6443481445312,523.0499877929688,523.7100219726562,27431300,593.382568359375,605.0399780273438,603.9600219726562,39281300,4.51200008392334,4.51200008392334,4.49399995803833,0,72.45977783203125,79.87999725341797,79.94000244140625,34495300,99.91362762451172,107.80999755859375,107.86000061035156,22709300
2025-01-31,167.1864471435547,170.05999755859375,170.41000366210938,8704600,409.4231262207031,415.05999755859375,418.9800109863281,34161900,237.67999267578125,237.67999267578125,236.5,36110200,202.8295135498047,204.02000427246094,202.0,32001100,,,,,119.7569351196289,120.06999969482422,123.77999877929688,388161100,218.08648681640625,221.27000427246094,219.66000366210938,41104700,242.8643035888672,243.6199951171875,246.1699981689453,8009900,102.87071228027344,102.88999938964844,103.83999633789062,5224500,6040.52978515625,6040.52978515625,6096.7900390625,4843770000,21478.05078125,21478.05078125,21661.560546875,7947370000,517.8906860351562,522.2899780273438,526.9199829101562,38755200,590.2246704101562,601.8200073242188,607.5,66566900,4.568999767303467,4.568999767303467,4.525000095367432,0,72.31465148925781,79.72000122070312,79.9000015258789,37101100,99.5892562866211,107.45999908447266,107.9000015258789,28454600
2025-02-03,165.7511444091797,168.60000610351562,163.1999969482422,8250600,405.3393859863281,410.9200134277344,411.6000061035156,25679100,237.4199981689453,237.4199981689453,234.05999755859375,37285900,200.05580139160156,201.22999572753906,200.69000244140625,27838300,,,,,116.35582733154297,116.66000366210938,114.75,371235700,214.59739685058594,217.72999572753906,215.4600067138672,24507300,238.03932189941406,238.77999877929688,235.97000122070312,7479600,102.47078704833984,102.48999786376953,100.72000122070312,12185800,5994.56982421875,5994.56982421875,5969.64990234375,4797210000,21297.580078125,21297.580078125,21084.640625,8272460000,513.7459106445312,518.1099853515625,513.469970703125,40580800,586.2528076171875,597.77001953125,592.6699829101562,65857200,4.543000221252441,4.543000221252441,4.50600004196167,0,72.22351837158203,79.26000213623047,79.16999816894531,29965100,99.74644470214844,107.23999786376953,107.36000061035156,21155000
2025-02-04,165.05313110351562,167.88999938964844,170.39999389648438,6777000,406.7696533203125,412.3699951171875,412.69000244140625,20532100,242.05999755859375,242.05999755859375,239.00999450683594,29713800,205.17578125,206.3800048828125,203.38999938964844,43856400,,,,,118.34063720703125,118.6500015258789,116.95999908447266,256550000,219.22979736328125,222.42999267578125,219.35000610351562,23768500,240.72097778320312,241.47000122070312,238.80999755859375,4579000,104.29044342041016,104.30999755859375,104.11000061035156,8319500,6037.8798828125,6037.8798828125,5998.14013671875,4410160000,21566.919921875,21566.919921875,21319.580078125,6477050000,520.0523681640625,524.469970703125,518.6300048828125,26046800,590.1854858398438,601.780029296875,597.8300170898438,33457800,4.513000011444092,4.513000011444092,4.577000141143799,0,72.45130920410156,79.51000213623047,79.30000305175781,28938600,99.9417724609375,107.44999694824219,106.9800033569336,25086200
2025-02-05,168.75942993164062,171.66000366210938,168.99000549316406,7866700,407.67718505859375,413.2900085449219,412.3500061035156,16316700,236.1699981689453,236.1699981689453,237.02000427246094,38727300,190.21356201171875,191.3300018310547,191.07000732421875,70373900,,,,,124.5045166015625,124.83000183105469,121.76000213623047,262230800,228.66209411621094,232.0,233.94000244140625,29196000,246.37338256835938,247.13999938964844,242.1199951171875,4811100,104.95032501220703,104.97000122070312,104.37999725341797,3206000,6061.47998046875,6061.47998046875,6020.4501953125,4756250000,21658.16015625,21658.16015625,21453.869140625,6712220000,522.4122924804688,526.8499755859375,521.8200073242188,21134100,592.5784301757812,604.219970703125,600.6400146484375,30653100,4.421999931335449,4.421999931335449,4.464000225067139,0,72.64269256591797,79.72000122070312,79.54000091552734,31834000,100.6393814086914,108.19999694824219,108.04000091552734,30119200
2025-02-06,169.43777465820312,172.35000610351562,173.0,7036900,410.1728820800781,415.82000732421875,414.0,16309800,238.8300018310547,238.8300018310547,238.00999450683594,60897100,190.4820098876953,191.60000610351562,189.5,29297400,,,,,128.34446716308594,128.67999267578125,127.41999816894531,251483600,228.03131103515625,231.36000061035156,234.5,21169500,247.5796356201172,248.35000610351562,247.17999267578125,4877200,105.22026824951172,105.23999786376953,105.06999969482422,4742000,6083.56982421875,6083.56982421875,6072.22021484375,4847120000,21774.0703125,21774.0703125,21674.169921875,6642100000,525.13916015625,529.5999755859375,527.3599853515625,19434500,594.6380004882812,606.3200073242188,605.989990234375,35771500,4.440000057220459,4.440000057220459,4.447999954223633,0,72.53334045410156,79.5999984741211,79.72000122070312,24224100,100.45335388183594,108.0,108.12999725341797,22557700
2025-02-07,171.51210021972656,174.4600067138672,175.0,9991300,404.18524169921875,409.75,416.4800109863281,22886800,229.14999389648438,229.14999389648438,232.5,77539300,184.258544921875,185.33999633789062,191.0500030517578,49315000,,,,,129.50144958496094,129.83999633789062,129.22000122070312,228186300,221.6346893310547,224.8699951171875,235.0,22117500,244.24002075195312,245.0,249.55999755859375,7258900,104.60038757324219,104.62000274658203,105.9800033569336,5370700,6025.990234375,6025.990234375,6083.1298828125,4766900000,21491.310546875,21491.310546875,21776.279296875,7748940000,518.5153198242188,522.9199829101562,530.1400146484375,29605500,589.1950073242188,600.77001953125,606.8900146484375,50788500,4.486999988555908,4.486999988555908,4.443999767303467,0,72.3055419921875,79.3499984741211,79.55999755859375,28778200,100.01618957519531,107.52999877929688,107.63999938964844,23911000
2025-02-10,175.89674377441406,178.9199981689453,176.0,7625900,406.6217346191406,412.2200012207031,413.7099914550781,20817900,233.13999938964844,233.13999938964844,230.5500030517578,35419900,185.38192749023438,186.47000122070312,187.35000610351562,23105600,,,,,133.2217254638672,133.57000732421875,130.08999633789062,216989100,231.65834045410156,235.0399932861328,227.42999267578125,23901600,248.84568786621094,249.6199951171875,247.0,4231300,106.38005828857422,106.4000015258789,105.70999908447266,4192800,6066.43994140625,6066.43994140625,6046.39990234375,4458760000,21756.73046875,21756.73046875,21670.060546875,9535440000,524.7921142578125,529.25,527.219970703125,20852800,593.1962890625,604.8499755859375,604.030029296875,26048700,4.493000030517578,4.493000030517578,4.491000175476074,0,72.45130920410156,79.51000213623047,79.54000091552734,23382600,100.04407501220703,107.55999755859375,107.62999725341797,15302300
2025-02-11,174.1959686279297,177.19000244140625,177.6199951171875,6528800,405.8523254394531,411.44000244140625,409.6400146484375,18140600,232.75999450683594,232.75999450683594,231.9199981689453,23713700,184.23863220214844,185.32000732421875,185.02999877929688,21239500,,,,,132.45375061035156,132.8000030517578,132.5800018310547,178902400,231.65834045410156,235.0399932861328,232.47999572753906,18476200,249.09490966796875,249.8699951171875,247.6999969482422,3134900,105.30025482177734,105.31999969482422,105.97000122070312,3085800,6068.5,6068.5,6049.31982421875,4324880000,21693.51953125,21693.51953125,21629.109375,9269380000,523.542724609375,527.989990234375,525.9600219726562,19325500,593.6473999023438,605.3099975585938,602.5499877929688,30056700,4.5370001792907715,4.5370001792907715,4.534999847412109,0,72.42398834228516,79.4800033569336,79.52999877929688,24410000,99.82085418701172,107.31999969482422,107.2300033569336,19478800
2025-02-12,169.30996704101562,172.22000122070312,174.88999938964844,7454800,403.48492431640625,409.0400085449219,407.2099914550781,19121700,228.92999267578125,228.92999267578125,230.4600067138672,32285200,182.5386199951172,183.61000061035156,183.22000122070312,22072600,,,,,130.79806518554688,131.13999938964844,130.02000427246094,160278600,232.94952392578125,236.35000610351562,230.36000061035156,16397300,247.7391357421875,248.50999450683594,245.6999969482422,4212800,104.94032287597656,104.95999908447266,103.76000213623047,8844100,6051.97021484375,6051.97021484375,6025.080078125,4627960000,21719.259765625,21719.259765625,21475.41015625,7946550000,523.8500366210938,528.2999877929688,522.2999877929688,25009400,591.7349853515625,603.3599853515625,599.2000122070312,45076100,4.63700008392334,4.63700008392334,4.534999847412109,0,72.26909637451172,79.30999755859375,79.20999908447266,34362700,99.28137969970703,106.73999786376953,106.56999969482422,31480600
2025-02-13,170.92222595214844,173.86000061035156,173.0,6421700,404.96453857421875,410.5400085449219,407.0,23891700,230.3699951171875,230.3699951171875,228.85000610351562,31346500,185.05384826660156,186.13999938964844,184.32000732421875,21402500,,,,,134.93724060058594,135.2899932861328,131.55999755859375,197430000,232.40740966796875,235.8000030517578,236.05999755859375,20962000,251.1385498046875,251.9199981689453,248.0,4486100,106.6500015258789,106.66999816894531,106.0,4198000,6115.06982421875,6115.06982421875,6060.58984375,4763800000,22030.7109375,22030.7109375,21786.16015625,8414510000,531.3861083984375,535.9000244140625,529.97998046875,28714800,597.9823608398438,609.72998046875,604.47998046875,40921300,4.525000095367432,4.525000095367432,4.60099983215332,0,72.59712219238281,79.66999816894531,79.43000030517578,36149900,100.05338287353516,107.56999969482422,107.31999969482422,20735100
2025-02-14,171.21719360351562,174.16000366210938,174.25,7260900,402.8831787109375,408.42999267578125,407.7900085449219,22758500,228.67999267578125,228.67999267578125,229.1999969482422,27031100,184.14915466308594,185.22999572753906,185.05999755859375,20448400,,,,,138.48797607421875,138.85000610351562,136.47999572753906,195479600,229.68714904785156,233.0399932861328,234.52999877929688,16988800,251.7965087890625,252.5800018310547,252.0,4279500,106.739990234375,106.76000213623047,106.5,3288900,6114.6298828125,6114.6298828125,6115.52001953125,4335190000,22114.689453125,22114.689453125,22038.609375,7995720000,533.6171264648438,538.1500244140625,536.010009765625,17862600,597.9528198242188,609.7000122070312,609.9400024414062,26910400,4.4720001220703125,4.4720001220703125,4.531000137329102,0,72.67913818359375,79.76000213623047,79.79000091552734,26668300,100.44404602050781,107.98999786376953,108.12999725341797,14409400
2025-02-18,176.7618865966797,179.8000030517578,176.75,11430500,404.0767517089844,409.6400146484375,408.0,21423100,226.64999389648438,226.64999389648438,228.82000732421875,42975100,182.6976776123047,183.77000427246094,185.60000610351562,29916700,,,,,139.0365447998047,139.39999389648438,141.27000427246094,219176600,225.24203491210938,228.52999877929688,230.10000610351562,26080500,255.4252166748047,256.2200012207031,254.72000122070312,6361400,107.8097915649414,107.83000183105469,107.30000305175781,5855500,6129.580078125,6129.580078125,6121.60009765625,4684980000,22164.609375,22164.609375,22176.009765625,8683170000,534.8268432617188,539.3699951171875,539.72998046875,20565000,599.7083740234375,611.489990234375,610.8800048828125,26749000,4.544000148773193,4.544000148773193,4.519000053405762,0,72.6153564453125,79.69000244140625,79.75,23274200,100.03478240966797,107.55000305175781,107.8499984741211,17640000
2025-02-19,178.4528045654297,181.52000427246094,178.5800018310547,8688500,409.1370849609375,414.7699890136719,407.8800048828125,24114200,226.6300048828125,226.6300048828125,225.52000427246094,28566700,184.18893432617188,185.27000427246094,184.07000732421875,19549400,,,,,138.86697387695312,139.22999572753906,139.50999450683594,167536000,225.43914794921875,228.72999572753906,227.85000610351562,16375500,256.541748046875,257.3399963378906,255.97999572753906,3025400,105.9201431274414,105.94000244140625,107.55999755859375,6146500,6144.14990234375,6144.14990234375,6117.759765625,4562330000,22175.599609375,22175.599609375,22121.73046875,8171530000,534.9755249023438,539.52001953125,538.5700073242188,19666900,601.12060546875,612.9299926757812,610.0800170898438,31011100,4.534999847412109,4.534999847412109,4.565999984741211,0,72.67002868652344,79.75,79.63999938964844,38958600,100.09059143066406,107.61000061035156,107.51000213623047,26007400
2025-02-20,173.02609252929688,176.0,179.80999755859375,8737000,411.30169677734375,416.1300048828125,415.2900085449219,23508700,222.8800048828125,222.8800048828125,224.77999877929688,30001700,183.4830780029297,184.55999755859375,184.8000030517578,20441500,,,,,139.74468994140625,140.11000061035156,140.02999877929688,143903600,223.477783203125,226.74000549316406,228.64999389648438,16104000,257.00030517578125,257.79998779296875,258.07000732421875,4401700,103.98050689697266,104.0,105.25,12498300,6117.52001953125,6117.52001953125,6134.5,4813690000,22068.060546875,22068.060546875,22132.7109375,7329270000,532.7047729492188,537.22998046875,538.72998046875,26550800,598.6197509765625,610.3800048828125,611.5399780273438,36554000,4.5,4.5,4.506999969482422,0,72.71558380126953,79.80000305175781,79.73999786376953,25789000,100.33241271972656,107.87000274658203,107.77999877929688,23814800
2025-02-21,164.97447204589844,167.80999755859375,176.1199951171875,9713900,403.4736022949219,408.2099914550781,417.3399963378906,27524800,216.5800018310547,216.5800018310547,223.27999877929688,55323900,178.61166381835938,179.66000366210938,185.14999389648438,35199200,,,,,134.07948303222656,134.42999267578125,140.0399932861328,228217600,215.5140380859375,218.66000366210938,225.64999389648438,24883600,249.2145538330078,249.99000549316406,258.3500061035156,7578500,100.43116760253906,100.44999694824219,104.16999816894531,6026700,6013.1298828125,6013.1298828125,6114.10009765625,5434560000,21614.080078125,21614.080078125,22110.5390625,8461020000,521.6488037109375,526.0800170898438,538.3800048828125,47093800,588.3809204101562,599.9400024414062,610.1599731445312,76519800,4.420000076293945,4.420000076293945,4.484000205993652,0,72.57890319824219,79.6500015258789,79.7699966430664,32016500,100.68585205078125,108.25,108.0199966430664,30130700
2025-02-24,167.08815002441406,169.9600067138672,173.57000732421875,10639100,399.3123779296875,404.0,408.510009765625,26443700,212.7100067138672,212.7100067138672,217.4499969482422,42387600,178.20404052734375,179.25,181.99000549316406,29854200,,,,,129.9403076171875,130.27999877929688,136.55999755859375,251381100,204.93838500976562,207.92999267578125,218.60000610351562,33050400,242.6649169921875,243.4199981689453,251.3000030517578,7518000,99.18140411376953,99.19999694824219,100.80000305175781,9808900,5983.25,5983.25,6026.68994140625,4990120000,21352.080078125,21352.080078125,21669.359375,7414760000,515.4910888671875,519.8699951171875,527.8800048828125,39268400,585.7036743164062,597.2100219726562,602.02001953125,50737200,4.39300012588501,4.39300012588501,4.436999797821045,0,72.67002868652344,79.75,79.66999816894531,21029200,100.94629669189453,108.52999877929688,108.30999755859375,23399500
2025-02-25,165.69212341308594,168.5399932861328,169.2899932861328,8316100,393.2832336425781,397.8999938964844,401.1000061035156,29387400,212.8000030517578,212.8000030517578,211.6300048828125,58958000,174.39639282226562,175.4199981689453,178.0399932861328,41913400,,,,,126.29983520507812,126.62999725341797,129.97999572753906,271428700,199.62594604492188,202.5399932861328,207.0,33100800,237.51095581054688,238.25,242.7100067138672,7658600,97.57170104980469,97.58999633789062,98.6500015258789,11567100,5955.25,5955.25,5982.72998046875,5374690000,21087.25,21087.25,21318.76953125,7991440000,508.9962463378906,513.3200073242188,519.239990234375,48940000,582.790771484375,594.239990234375,597.1500244140625,58266500,4.297999858856201,4.297999858856201,4.328999996185303,0,72.85225677490234,79.94999694824219,79.94999694824219,30604400,101.71833038330078,109.36000061035156,109.20999908447266,26835200
2025-02-26,169.55572509765625,172.47000122070312,170.97999572753906,6915100,395.0920104980469,399.7300109863281,398.010009765625,19619000,214.35000610351562,214.35000610351562,214.94000244140625,39120600,171.7220916748047,172.72999572753906,175.07000732421875,35431300,,,,,130.93772888183594,131.27999877929688,129.99000549316406,322553800,209.8763427734375,212.94000244140625,206.91000366210938,21368300,243.06369018554688,243.82000732421875,241.60000610351562,6675900,98.93144989013672,98.94999694824219,98.81999969482422,8719000,5956.06005859375,5956.06005859375,5970.8701171875,4869580000,21132.919921875,21132.919921875,21170.509765625,7034450000,510.2257995605469,514.5599975585938,515.530029296875,34457600,583.0850219726562,594.5399780273438,595.9299926757812,43321600,4.249000072479248,4.249000072479248,4.290999889373779,0,72.9524917602539,80.05999755859375,80.0,21777500,101.93223571777344,109.58999633789062,109.4000015258789,22983100
2025-02-27,161.97601318359375,164.75999450683594,173.0,7436800,387.9754943847656,392.5299987792969,401.2699890136719,21127400,208.74000549316406,208.74000549316406,218.35000610351562,40548600,167.5167999267578,168.5,173.99000549316406,39991000,,,,,119.83673095703125,120.1500015258789,135.0,443175800,194.9541473388672,197.8000030517578,217.27999877929688,27572900,228.08029174804688,228.7899932861328,246.07000732421875,10520600,96.31194305419922,96.33000183105469,99.7699966430664,5174000,5861.56982421875,5861.56982421875,5981.8798828125,5057680000,20550.94921875,20550.94921875,21281.359375,7700290000,496.0561828613281,500.2699890136719,518.1300048828125,52448000,573.77783203125,585.0499877929688,596.8499755859375,74196700,4.284999847412109,4.284999847412109,4.284999847412109,0,72.81581115722656,79.91000366210938,80.05000305175781,40521800,101.50438690185547,109.12999725341797,109.27999877929688,27258200
2025-02-28,163.2540283203125,166.05999755859375,163.11000061035156,12843300,392.3837585449219,396.989990234375,392.6600036621094,32845700,212.27999877929688,212.27999877929688,208.64999389648438,51771700,169.28639221191406,170.27999877929688,168.67999267578125,48130600,,,,,124.59429168701172,124.91999816894531,118.0199966430664,389091100,196.56068420410156,199.42999267578125,195.75999450683594,39747200,232.04795837402344,232.77000427246094,228.3699951171875,8654700,97.45172882080078,97.47000122070312,95.79000091552734,4127300,5954.5,5954.5,5856.740234375,6441140000,20884.41015625,20884.41015625,20518.650390625,8247520000,503.8896484375,508.1700134277344,500.1300048828125,47654000,582.7318115234375,594.1799926757812,585.5599975585938,88744100,4.230999946594238,4.230999946594238,4.25600004196167,0,73.01629638671875,80.12999725341797,79.98999786376953,44321200,101.95083618164062,109.61000061035156,109.51000213623047,29596100
2025-03-03,159.2823028564453,162.02000427246094,166.9499969482422,8081800,383.982421875,388.489990234375,398.82000732421875,23007700,205.02000427246094,205.02000427246094,213.35000610351562,42948400,166.0354766845703,167.00999450683594,171.92999267578125,40770500,,,,,113.76260375976562,114.05999755859375,123.51000213623047,411381400,184.6741943359375,187.3699951171875,204.0,37435600,222.3182373046875,223.00999450683594,235.3699951171875,10001200,95.61206817626953,95.62999725341797,98.77999877929688,3997900,5849.72021484375,5849.72021484375,5968.330078125,5613850000,20425.580078125,20425.580078125,20989.580078125,8170140000,492.86334228515625,497.04998779296875,511.5199890136719,44587200,572.5224609375,583.77001953125,596.1799926757812,74249200,4.179999828338623,4.179999828338623,4.254000186920166,0,72.86431121826172,79.58999633789062,79.69000244140625,40729100,102.27295684814453,109.54000091552734,108.94000244140625,42545300
2025-03-04,154.80918884277344,157.47000122070312,159.22000122070312,13171900,384.1009826660156,388.6099853515625,383.3999938964844,29342900,203.8000030517578,203.8000030517578,200.11000061035156,60853100,169.92266845703125,170.9199981689453,166.24000549316406,45388000,,,,,115.68756866455078,115.98999786376953,110.6500015258789,398163300,184.78262329101562,187.47999572753906,189.22000122070312,37910500,224.53134155273438,225.22999572753906,222.4600067138672,12563100,95.42211151123047,95.44000244140625,94.52999877929688,9339000,5778.14990234375,5778.14990234375,5811.97998046875,6138110000,20352.529296875,20352.529296875,20281.880859375,8469180000,491.3759460449219,495.54998779296875,494.17999267578125,67875400,565.74560546875,576.8599853515625,579.7100219726562,109648200,4.210000038146973,4.210000038146973,4.133999824523926,0,72.85516357421875,79.58000183105469,79.51000213623047,66274600,101.93683624267578,109.18000030517578,109.36000061035156,46053300
2025-03-05,158.830078125,161.55999755859375,158.05999755859375,7141000,396.36700439453125,401.0199890136719,389.3399963378906,23433100,208.36000061035156,208.36000061035156,204.8000030517578,38610100,172.0104217529297,173.02000427246094,170.52000427246094,30954900,,,,,116.99415588378906,117.30000305175781,117.58000183105469,284337900,188.82363891601562,191.5800018310547,191.86000061035156,25644500,228.6884002685547,229.39999389648438,227.82000732421875,6799400,97.08179473876953,97.0999984741211,95.05000305175781,3655800,5842.6298828125,5842.6298828125,5781.35986328125,5285970000,20628.4609375,20628.4609375,20363.220703125,7048430000,497.78155517578125,502.010009765625,496.20001220703125,46323700,571.8261108398438,583.0599975585938,576.6900024414062,71230500,4.264999866485596,4.264999866485596,4.230999946594238,0,72.89177703857422,79.62000274658203,79.44999694824219,32302200,101.61004638671875,108.83000183105469,109.33000183105469,45483500
2025-03-06,148.38954162597656,150.94000244140625,157.16000366210938,12321200,392.284912109375,396.8900146484375,394.2799987792969,23304600,200.6999969482422,200.6999969482422,204.39999389648438,49863800,171.34429931640625,172.35000610351562,170.52999877929688,28302000,,,,,110.28170776367188,110.56999969482422,113.52999877929688,321181900,176.86817932128906,179.4499969482422,181.0399932861328,56864100,219.09825134277344,219.77999877929688,221.97999572753906,9155200,93.4224853515625,93.44000244140625,95.27999877929688,5749600,5738.52001953125,5738.52001953125,5785.8701171875,5165080000,20052.630859375,20052.630859375,20231.740234375,7686200000,484.087890625,488.20001220703125,493.69000244140625,57574300,561.6755981445312,572.7100219726562,575.47998046875,80094900,4.285999774932861,4.285999774932861,4.2769999504089355,0,72.61714172363281,79.31999969482422,79.43000030517578,50431500,101.29261779785156,108.48999786376953,108.69000244140625,40519900
2025-03-07,152.53822326660156,155.16000366210938,150.6199951171875,12646500,388.7464904785156,393.30999755859375,392.32000732421875,22034100,199.25,199.25,199.49000549316406,59802800,172.84552001953125,173.86000061035156,171.25999450683594,27385800,,,,,112.39617919921875,112.69000244140625,111.25,341755500,192.15501403808594,194.9600067138672,187.72999572753906,74528900,224.39178466796875,225.08999633789062,220.60000610351562,9426800,93.4024887084961,93.41999816894531,93.05999755859375,5147400,5770.2001953125,5770.2001953125,5726.009765625,5705140000,20201.369140625,20201.369140625,20015.619140625,8135420000,487.6476135253906,491.7900085449219,487.1600036621094,54714700,564.8237915039062,575.9199829101562,570.9000244140625,81158800,4.316999912261963,4.316999912261963,4.250999927520752,0,72.73612976074219,79.44999694824219,79.3499984741211,52828900,101.1338882446289,108.31999969482422,109.02999877929688,30747100
2025-03-10,146.27586364746094,148.7899932861328,150.52999877929688,21486100,375.7490539550781,380.1600036621094,385.8399963378906,32840100,194.5399932861328,194.5399932861328,195.60000610351562,62350900,165.09205627441406,165.8699951171875,168.25999450683594,43604000,,,,,106.70106506347656,106.9800033569336,109.9000015258789,366487400,181.79620361328125,184.4499969482422,189.60000610351562,44217100,213.86453247070312,214.52999877929688,219.57000732421875,9616500,88.66337585449219,88.68000030517578,91.13999938964844,7519100,5614.56005859375,5614.56005859375,5705.3701171875,6409370000,19430.94921875,19430.94921875,19826.9609375,8636040000,468.7481994628906,472.7300109863281,483.45001220703125,76668000,549.779296875,560.5800170898438,567.5900268554688,99326600,4.2129998207092285,4.2129998207092285,4.23199987411499,0,72.46150207519531,79.1500015258789,79.30000305175781,57602100,101.47935485839844,108.69000244140625,108.81999969482422,34294800
2025-03-11,141.7437286376953,144.17999267578125,143.4199981689453,27200200,376.0356750488281,380.45001220703125,379.0,30380200,196.58999633789062,196.58999633789062,193.89999389648438,54002900,163.27061462402344,164.0399932861328,164.91000366210938,39587400,,,,,108.4764175415039,108.76000213623047,106.98999786376953,354865700,187.35507202148438,190.08999633789062,188.0500030517578,42153200,213.5554962158203,214.22000122070312,215.2100067138672,7381300,89.5232162475586,89.54000091552734,88.23999786376953,10849900,5572.06982421875,5572.06982421875,5603.64990234375,6221240000,19376.9609375,19376.9609375,19405.51953125,9177320000,467.627685546875,471.6000061035156,472.3500061035156,68760800,545.2090454101562,555.9199829101562,559.4000244140625,88102100,4.288000106811523,4.288000106811523,4.23799991607666,0,72.20515441894531,78.87000274658203,79.20999908447266,75826700,100.81645202636719,107.9800033569336,108.61000061035156,42262600
2025-03-12,148.3403778076172,150.88999938964844,146.22999572753906,15373900,378.8229064941406,383.2699890136719,382.95001220703125,24253600,198.88999938964844,198.88999938964844,200.72000122070312,43679300,166.32623291015625,167.11000061035156,166.5800018310547,28372400,,,,,115.4488525390625,115.73999786376953,114.12000274658203,323857500,191.4355010986328,194.22999572753906,196.22000122070312,30409700,219.83596801757812,220.52000427246094,220.32000732421875,8710800,91.31288146972656,91.33000183105469,91.44999694824219,6225800,5599.2998046875,5599.2998046875,5624.83984375,5219830000,19596.01953125,19596.01953125,19663.390625,7746430000,472.90289306640625,476.9200134277344,479.1600036621094,46971100,548.102294921875,558.8699951171875,562.1699829101562,69588200,4.317999839782715,4.317999839782715,4.309000015258789,0,72.28755187988281,78.95999908447266,79.05999755859375,53763000,100.5176773071289,107.66000366210938,108.02999877929688,35875600
2025-03-13,145.1649627685547,147.66000366210938,149.7899932861328,14187700,374.37518310546875,378.7699890136719,383.1600036621094,20473000,193.88999938964844,193.88999938964844,198.1699981689453,41270800,161.9966278076172,162.75999450683594,166.0399932861328,31756200,,,,,115.28925323486328,115.58000183105469,117.02999877929688,299033100,188.6068115234375,191.36000061035156,193.14999389648438,27236100,218.8689727783203,219.5500030517578,220.77999877929688,5126800,88.283447265625,88.30000305175781,90.41000366210938,7486500,5521.52001953125,5521.52001953125,5594.4501953125,5018980000,19225.48046875,19225.48046875,19534.369140625,7147050000,464.3951721191406,468.3399963378906,476.25,46563300,540.7957763671875,551.4199829101562,558.489990234375,74079400,4.27400016784668,4.27400016784668,4.329999923706055,0,71.88472747802734,78.5199966430664,78.86000061035156,81223200,100.83515167236328,108.0,107.29000091552734,43907900
2025-03-14,146.74774169921875,149.27000427246094,148.9199981689453,9330000,384.0515441894531,388.55999755859375,379.7799987792969,19952800,197.9499969482422,197.9499969482422,197.41000366210938,38096700,164.71383666992188,165.49000549316406,163.27000427246094,31995900,,,,,121.36392974853516,121.66999816894531,118.61000061035156,277593500,192.72665405273438,195.5399932861328,196.1999969482422,25900900,225.86720275878906,226.57000732421875,223.35000610351562,5100700,91.642822265625,91.66000366210938,89.58999633789062,13943000,5638.93994140625,5638.93994140625,5563.85009765625,4863180000,19704.640625,19704.640625,19458.890625,7093850000,475.6198425292969,479.6600036621094,473.7300109863281,43563000,551.96630859375,562.8099975585938,556.1099853515625,62660300,4.308000087738037,4.308000087738037,4.315999984741211,0,72.21430969238281,78.87999725341797,78.83000183105469,51469800,100.78843688964844,107.94999694824219,108.0,31358100
2025-03-17,151.40765380859375,154.00999450683594,150.39999389648438,9885000,384.1899719238281,388.70001220703125,386.70001220703125,22474300,195.74000549316406,195.74000549316406,198.77000427246094,47341800,163.51947021484375,164.2899932861328,165.02999877929688,31184300,,,,,119.22930908203125,119.52999877929688,122.73999786376953,255501500,191.70162963867188,194.5,188.0500030517578,26830600,228.24978637695312,228.9600067138672,226.22999572753906,5192200,92.85259246826172,92.87000274658203,91.69000244140625,7010200,5675.1201171875,5675.1201171875,5635.60009765625,5031770000,19812.240234375,19812.240234375,19670.689453125,6306340000,478.70355224609375,482.7699890136719,479.6099853515625,41744400,556.2227783203125,567.1500244140625,562.7899780273438,49008700,4.306000232696533,4.306000232696533,4.2789998054504395,0,72.38825225830078,79.06999969482422,78.88999938964844,33954200,100.99384307861328,108.16999816894531,108.3499984741211,17561400
2025-03-18,146.92471313476562,149.4499969482422,152.3699951171875,9402500,379.070068359375,383.5199890136719,387.07000732421875,19486900,192.82000732421875,192.82000732421875,192.52000427246094,40414900,159.9164276123047,160.6699981689453,163.67999267578125,42074800,,,,,115.1396255493164,115.43000030517578,118.0,299686900,185.95550537109375,188.6699981689453,190.44000244140625,24951000,224.72076416015625,225.4199981689453,226.6300048828125,5196700,91.49285125732422,91.51000213623047,91.95999908447266,3295100,5614.66015625,5614.66015625,5654.52978515625,4666270000,19483.359375,19483.359375,19657.099609375,6450530000,470.5429382324219,474.5400085449219,479.4100036621094,39072300,550.2108154296875,561.02001953125,564.7999877929688,66041400,4.281000137329102,4.281000137329102,4.320000171661377,0,72.26009368896484,78.93000030517578,79.01000213623047,40195900,101.23658752441406,108.43000030517578,108.13999938964844,27948100
2025-03-19,149.87400817871094,152.4499969482422,150.05999755859375,6909500,383.3202209472656,387.82000732421875,385.5299987792969,19185500,195.5399932861328,195.5399932861328,193.3800048828125,39442900,163.121337890625,163.88999938964844,161.75999450683594,34275600,,,,,117.22435760498047,117.5199966430664,117.2699966430664,273426200,192.7562255859375,195.57000732421875,189.33999633789062,37962700,226.70458984375,227.41000366210938,225.4199981689453,4932500,92.93257141113281,92.94999694824219,92.01000213623047,4215900,5675.2900390625,5675.2900390625,5632.3701171875,4660090000,19736.66015625,19736.66015625,19576.3203125,6302310000,476.8394775390625,480.8900146484375,476.80999755859375,40430300,556.203125,567.1300048828125,562.8300170898438,66556000,4.25600004196167,4.25600004196167,4.293000221252441,0,72.73612976074219,79.44999694824219,78.95999908447266,45212700,101.8341293334961,109.06999969482422,108.44999694824219,27469800
2025-03-20,150.1394500732422,152.72000122070312,151.5800018310547,7051600,382.3515625,386.8399963378906,385.739990234375,18470500,194.9499969482422,194.9499969482422,193.07000732421875,38921100,162.03646850585938,162.8000030517578,161.57000732421875,28138500,,,,,118.23181915283203,118.52999877929688,116.55000305175781,248829700,188.36688232421875,190.5399932861328,191.52000427246094,31430000,226.345703125,227.0500030517578,225.13999938964844,3654700,92.55265045166016,92.56999969482422,91.91999816894531,3785600,5662.89013671875,5662.89013671875,5646.919921875,4678420000,19677.609375,19677.609375,19558.279296875,6098330000,475.22314453125,479.260009765625,476.8800048828125,36780500,554.5946655273438,565.489990234375,563.3300170898438,62958200,4.232999801635742,4.232999801635742,4.190999984741211,0,72.63545227050781,79.33999633789062,79.38999938964844,42977600,101.68474578857422,108.91000366210938,109.63999938964844,26937300
2025-03-21,149.65773010253906,152.22999572753906,151.64999389648438,17620200,386.7202453613281,391.260009765625,383.2200012207031,39675900,196.2100067138672,196.2100067138672,192.89999389648438,60056900,163.2208709716797,163.99000549316406,161.2100067138672,36625800,,,,,117.4039077758789,117.69999694824219,116.94000244140625,266498500,189.47410583496094,191.66000366210938,188.2100067138672,43086500,224.07278442382812,224.77000427246094,222.77000427246094,6319300,93.09254455566406,93.11000061035156,91.33999633789062,5564000,5667.56005859375,5667.56005859375,5630.72998046875,9367460000,19753.970703125,19753.970703125,19466.439453125,8837930000,476.78985595703125,480.8399963378906,474.0799865722656,42234900,554.777587890625,563.97998046875,559.280029296875,83763000,4.251999855041504,4.251999855041504,4.210000038146973,0,72.52556610107422,79.22000122070312,79.2699966430664,35124000,101.54469299316406,108.76000213623047,108.9800033569336,26447400
2025-03-24,152.2531280517578,154.8699951171875,156.33999633789062,7848300,388.5191345214844,393.0799865722656,395.3999938964844,21004500,203.25999450683594,203.25999450683594,200.0,41625400,166.89353942871094,167.67999267578125,167.07000732421875,30879100,,,,,121.1045913696289,121.41000366210938,119.87999725341797,228452500,189.06878662109375,191.25,194.3000030517578,33180300,229.9145965576172,230.6300048828125,229.1999969482422,6503200,95.39212036132812,95.41000366210938,94.52999877929688,4240200,5767.56982421875,5767.56982421875,5718.080078125,4517990000,20180.44921875,20180.44921875,20041.2109375,6787790000,487.2527160644531,490.6600036621094,487.739990234375,34567200,564.712890625,574.0800170898438,570.7999877929688,58766800,4.330999851226807,4.330999851226807,4.302000045776367,0,72.73612976074219,79.44999694824219,79.41999816894531,36393500,101.10588073730469,108.29000091552734,108.63999938964844,25243300
2025-03-25,151.32901000976562,153.92999267578125,154.50999450683594,8521200,390.5749816894531,395.1600036621094,393.9200134277344,15775000,205.7100067138672,205.7100067138672,203.60000610351562,31171200,169.76004028320312,170.55999755859375,168.97999572753906,24174400,,,,,120.38639068603516,120.69000244140625,120.55000305175781,167447200,186.11288452148438,188.25999450683594,190.88999938964844,23417300,228.93763732910156,229.64999389648438,230.4499969482422,3451800,96.35193634033203,96.37000274658203,95.69999694824219,3283100,5776.64990234375,5776.64990234375,5775.9599609375,4467340000,20287.830078125,20287.830078125,20196.5,6475790000,490.033203125,493.4599914550781,491.3900146484375,26035200,566.0703735351562,575.4600219726562,575.2999877929688,38355700,4.307000160217285,4.307000160217285,4.361999988555908,0,72.69951629638672,79.41000366210938,79.5,29075500,101.20858764648438,108.4000015258789,108.29000091552734,22744000
2025-03-26,145.30258178710938,147.8000030517578,152.88999938964844,13210000,385.4452209472656,389.9700012207031,395.0,16108400,201.1300048828125,201.1300048828125,205.83999633789062,32855300,164.2858428955078,165.05999755859375,169.0,28901600,,,,,113.47382354736328,113.76000213623047,118.7300033569336,293463300,177.22540283203125,179.27000427246094,186.66000366210938,30578500,221.3213348388672,222.00999450683594,228.39999389648438,9591100,94.11235046386719,94.12999725341797,96.27999877929688,3987700,5712.2001953125,5712.2001953125,5771.66015625,4183140000,19916.990234375,19916.990234375,20239.0390625,9091510000,481.01629638671875,484.3800048828125,492.29998779296875,34627100,559.3125,568.5900268554688,575.1900024414062,51848300,4.3379998207092285,4.3379998207092285,4.3480000495910645,0,72.40656280517578,79.08999633789062,79.4000015258789,51236100,100.79776763916016,107.95999908447266,108.22000122070312,17115600
2025-03-27,143.31668090820312,145.77999877929688,145.85000610351562,9148300,386.0481262207031,390.5799865722656,390.1300048828125,13766800,201.36000061035156,201.36000061035156,200.88999938964844,27317700,161.4790802001953,162.24000549316406,164.6300048828125,24508300,,,,,111.14968872070312,111.43000030517578,111.3499984741211,236902100,170.02845764160156,171.99000549316406,177.66000366210938,32151700,217.07455444335938,217.75,219.0500030517578,9072500,92.50265502929688,92.5199966430664,93.41999816894531,3411500,5693.31005859375,5693.31005859375,5695.64013671875,4403460000,19798.619140625,19798.619140625,19814.609375,8002470000,478.2754821777344,481.6199951171875,482.4100036621094,33469800,557.8270874023438,567.0800170898438,567.1799926757812,42164200,4.36899995803833,4.36899995803833,4.385000228881836,0,72.26924133300781,78.94000244140625,79.05000305175781,38493100,100.67640686035156,107.83000183105469,107.7699966430664,22028900
2025-03-28,138.4896697998047,140.8699951171875,143.77999877929688,13144500,374.4048156738281,378.79998779296875,388.0799865722656,21632000,192.72000122070312,192.72000122070312,198.4199981689453,52548200,153.60617065429688,154.3300018310547,160.49000549316406,48669300,40.0,40.0,39.0,41091100.0,109.39411163330078,109.66999816894531,111.48999786376953,229872500,167.19119262695312,169.1199951171875,171.92999267578125,30391500,211.51185607910156,212.1699981689453,216.8000030517578,8722100,89.85315704345703,89.87000274658203,92.26000213623047,10229600,5580.93994140625,5580.93994140625,5679.2001953125,4513330000,19281.400390625,19281.400390625,19718.4609375,7015410000,465.68353271484375,468.94000244140625,479.80999755859375,46363800,546.5934448242188,555.6599731445312,565.530029296875,71662700,4.255000114440918,4.255000114440918,4.326000213623047,0,72.14109802246094,78.80000305175781,78.98999786376953,58896900,101.28329467773438,108.4800033569336,108.30000305175781,27257000
2025-03-31,137.44760131835938,139.80999755859375,138.63999938964844,15509900,371.0343933105469,375.3900146484375,372.5400085449219,35184700,190.25999450683594,190.25999450683594,188.19000244140625,63547600,153.9147186279297,154.63999938964844,153.11000061035156,54603500,37.08000183105469,37.08000183105469,38.4900016784668,15194800.0,108.10735321044922,108.37999725341797,105.12999725341797,299212700,165.52044677734375,167.42999267578125,164.49000549316406,35656400,210.81402587890625,211.47000122070312,207.3300018310547,9477200,88.97331237792969,88.98999786376953,88.0,10375700,5611.85009765625,5611.85009765625,5527.91015625,5257250000,19278.44921875,19278.44921875,18998.5390625,8122180000,465.6636657714844,468.9200134277344,461.9200134277344,53000300,550.2625122070312,559.3900146484375,549.8300170898438,95328200,4.245999813079834,4.245999813079834,4.203000068664551,0,72.22347259521484,78.88999938964844,78.5199966430664,47853500,101.47935485839844,108.69000244140625,108.75,29834300
2025-04-01,139.54159545898438,141.94000244140625,139.75999450683594,9518500,377.7554626464844,382.19000244140625,374.6499938964844,19689500,192.1699981689453,192.1699981689453,187.86000061035156,41267300,156.3333282470703,157.07000732421875,153.6199951171875,30672900,52.56999969482422,52.56999969482422,38.5,38327800.0,109.87290954589844,110.1500015258789,108.5199966430664,222614000,166.59803771972656,168.52000427246094,166.3699951171875,20472400,211.83087158203125,212.49000549316406,210.9600067138672,6151300,90.30307006835938,90.31999969482422,88.93000030517578,3615200,5633.06982421875,5633.06982421875,5597.52978515625,4434500000,19436.419921875,19436.419921875,19192.76953125,7756540000,469.41741943359375,472.70001220703125,467.29998779296875,41156200,551.8167114257812,560.969970703125,557.4500122070312,54609600,4.156000137329102,4.156000137329102,4.158999919891357,0,72.39088439941406,78.69000244140625,78.68000030517578,54256000,101.84204864501953,108.66000366210938,108.52999877929688,22059200
2025-04-02,143.39535522460938,145.86000061035156,139.86000061035156,11594400,377.7060852050781,382.1400146484375,377.9700012207031,16092600,196.00999450683594,196.00999450683594,187.66000366210938,53679200,156.303466796875,157.0399932861328,155.14999389648438,25041700,61.36000061035156,61.36000061035156,55.90999984741211,52666800.0,110.14221954345703,110.41999816894531,107.29000091552734,220601200,170.12728881835938,172.08999633789062,166.0800018310547,19523700,213.4259033203125,214.08999633789062,208.9600067138672,7096200,91.50283813476562,91.5199966430664,88.62000274658203,3323400,5670.97021484375,5670.97021484375,5580.759765625,4243830000,19581.779296875,19581.779296875,19182.390625,9126630000,472.84344482421875,476.1499938964844,466.1199951171875,49894500,555.308837890625,564.52001953125,555.0499877929688,76014500,4.196000099182129,4.196000099182129,4.142000198364258,0,72.53810119628906,78.8499984741211,78.54000091552734,49072400,102.07637023925781,108.91000366210938,109.01000213623047,24769000
2025-04-03,134.9112091064453,137.22999572753906,139.25,14433800,368.78082275390625,373.1099853515625,374.7900085449219,30198000,178.41000366210938,178.41000366210938,183.0,95553600,150.0131072998047,150.72000122070312,151.11000061035156,46883400,53.79999923706055,53.79999923706055,55.38999938964844,27120600.0,101.5439224243164,101.80000305175781,103.51000213623047,338769400,152.25347900390625,154.00999450683594,160.5399932861328,44354900,194.96336364746094,195.57000732421875,202.69000244140625,14299000,86.61375427246094,86.62999725341797,87.54000091552734,10347200,5396.52001953125,5396.52001953125,5492.740234375,7210470000,18521.470703125,18521.470703125,18774.150390625,9461330000,447.53045654296875,450.6600036621094,456.44000244140625,70456300,527.9427490234375,536.7000122070312,545.1099853515625,125986000,4.054999828338623,4.054999828338623,4.073999881744385,0,71.63653564453125,77.87000274658203,78.0999984741211,116401400,102.06700134277344,108.9000015258789,109.11000061035156,41675700
2025-04-04,126.10260009765625,128.27000427246094,132.91000366210938,14986900,355.664794921875,359.8399963378906,364.1300048828125,49209900,171.0,171.0,167.14999389648438,123159400,144.91712951660156,145.60000610351562,148.00999450683594,62259500,47.81999969482422,47.81999969482422,49.599998474121094,14469600.0,94.07275390625,94.30999755859375,98.91000366210938,532273800,144.6215362548828,146.2899932861328,148.1699981689453,72302200,180.23916625976562,180.8000030517578,188.6999969482422,22160100,81.28475952148438,81.30000305175781,83.94999694824219,10325500,5074.080078125,5074.080078125,5292.14013671875,8853500000,17397.69921875,17397.69921875,18022.16015625,11038180000,419.7348327636719,422.6700134277344,438.1400146484375,117088400,497.0354309082031,505.2799987792969,523.6699829101562,217965100,3.984999895095825,3.984999895095825,3.9119999408721924,0,70.61538696289062,76.76000213623047,76.80000305175781,181273300,101.95452880859375,108.77999877929688,109.12999725341797,60793800
2025-04-07,125.0113525390625,127.16000366210938,118.86000061035156,19482700,353.7077941894531,357.8599853515625,350.8800048828125,50425000,175.25999450683594,175.25999450683594,162.0,109327100,146.0617218017578,146.75,141.5500030517578,76794100,49.849998474121094,49.849998474121094,43.8849983215332,11414700.0,97.39437103271484,97.63999938964844,87.45999908447266,611041300,152.3820343017578,154.13999938964844,144.49000549316406,68503500,184.32644653320312,184.89999389648438,173.49000549316406,25600300,81.23477172851562,81.25,77.5,18136900,5062.25,5062.25,4953.7900390625,8691980000,17430.6796875,17430.6796875,16771.76953125,12483580000,420.74774169921875,423.69000244140625,408.6600036621094,161557000,496.1501159667969,504.3800048828125,489.19000244140625,256611400,4.15500020980835,4.15500020980835,3.9769999980926514,0,70.00821685791016,76.0999984741211,75.87000274658203,193374800,99.9675521850586,106.66000366210938,107.7699966430664,62583200
2025-04-08,122.39629364013672,124.5,132.5399932861328,11950300,350.44610595703125,354.55999755859375,368.260009765625,35868900,170.66000366210938,170.66000366210938,185.22999572753906,87710400,144.0213165283203,144.6999969482422,151.22000122070312,52200200,43.61000061035156,43.61000061035156,54.14500045776367,13657200.0,96.05775451660156,96.30000305175781,103.80999755859375,476243400,154.25047302246094,156.02999877929688,167.6199951171875,58888200,179.3917999267578,179.9499969482422,192.99000549316406,19097600,80.13497924804688,80.1500015258789,84.5,8433200,4982.77001953125,4982.77001953125,5193.56982421875,7408140000,17090.400390625,17090.400390625,18034.4609375,10496650000,413.17071533203125,416.05999755859375,438.1600036621094,101248100,488.3790588378906,496.4800109863281,521.8599853515625,165816600,4.26200008392334,4.26200008392334,4.2179999351501465,0,69.68624877929688,75.75,77.0199966430664,106007700,98.70223999023438,105.30999755859375,106.83999633789062,56747700
2025-04-09,137.3296356201172,139.69000244140625,123.4000015258789,17762000,385.9591979980469,390.489990234375,353.5400085449219,50199700,191.10000610351562,191.10000610351562,172.1199951171875,116804300,157.9656524658203,158.7100067138672,144.4199981689453,70406200,48.77000045776367,48.77000045776367,43.724998474121094,17229700.0,114.04238891601562,114.33000183105469,98.88999938964844,612918300,183.03836059570312,185.14999389648438,160.5,72708300,210.176025390625,210.8300018310547,181.75999450683594,22178500,89.47322082519531,89.48999786376953,79.69999694824219,10182700,5456.89990234375,5456.89990234375,4965.27978515625,9489600000,19145.060546875,19145.060546875,17116.529296875,13479740000,462.763916015625,466.0,415.57000732421875,142876900,539.6682739257812,548.6199951171875,493.44000244140625,241867300,4.400000095367432,4.400000095367432,4.455999851226807,0,71.55374145507812,77.77999877929688,75.0999984741211,152382200,100.3518295288086,107.06999969482422,104.08999633789062,77380700
2025-04-10,131.5676727294922,133.35000610351562,136.64999389648438,12401600,376.92523193359375,381.3500061035156,382.05999755859375,38024400,181.22000122070312,181.22000122070312,185.44000244140625,68302000,152.103271484375,152.82000732421875,156.5399932861328,48022000,42.20000076293945,42.20000076293945,46.900001525878906,9404300.0,107.29940032958984,107.56999969482422,109.37000274658203,437812400,170.33489990234375,172.3000030517578,175.3000030517578,51212200,195.60137939453125,196.2100067138672,201.3800048828125,18282500,86.47378540039062,86.48999786376953,87.37999725341797,6690500,5268.0498046875,5268.0498046875,5353.14990234375,6677140000,18343.5703125,18343.5703125,18626.109375,11861670000,443.08154296875,446.17999267578125,453.55999755859375,108384100,516.0205078125,524.5800170898438,532.1699829101562,162331200,4.394000053405762,4.394000053405762,4.328000068664551,0,70.38540649414062,76.51000213623047,77.06999969482422,93884100,98.6460189819336,105.25,105.95999908447266,55825000
2025-04-11,130.5810546875,132.35000610351562,132.11000061035156,10190200,383.94287109375,388.45001220703125,380.6400146484375,23839200,184.8699951171875,184.8699951171875,179.92999267578125,50594300,156.4029998779297,157.13999938964844,152.89999389648438,33636200,43.75,43.75,42.5,5579500.0,110.65094757080078,110.93000030517578,108.5,313417300,179.86495971679688,181.94000244140625,173.6199951171875,33964100,200.685546875,201.30999755859375,195.6999969482422,10156300,87.18364715576172,87.19999694824219,86.33999633789062,7302000,5363.35986328125,5363.35986328125,5255.56005859375,5602550000,18690.05078125,18690.05078125,18309.2890625,9444890000,451.2445068359375,454.3999938964844,444.6499938964844,52483800,525.2278442382812,533.9400024414062,523.010009765625,97866300,4.493000030517578,4.493000030517578,4.440000057220459,0,70.59699249267578,76.73999786376953,76.2699966430664,71884000,98.62728118896484,105.2300033569336,104.52999877929688,41686900
2025-04-14,132.84043884277344,134.63999938964844,136.8000030517578,8217700,383.31024169921875,387.80999755859375,393.2200012207031,19251200,182.1199951171875,182.1199951171875,186.83999633789062,48002500,158.32395935058594,159.07000732421875,160.0,30333000,43.61000061035156,43.61000061035156,46.79499816894531,4827000.0,110.4314956665039,110.70999908447266,114.11000061035156,264705000,176.32579040527344,178.36000061035156,185.0800018310547,25748300,200.984619140625,201.61000061035156,206.6199951171875,9843300,87.96350860595703,87.9800033569336,89.4800033569336,3592300,5405.97021484375,5405.97021484375,5441.9599609375,5031440000,18796.01953125,18796.01953125,19095.490234375,9667260000,454.3031311035156,457.4800109863281,464.4599914550781,43941200,530.3232421875,539.1199951171875,544.0499877929688,68034000,4.363999843597412,4.363999843597412,4.438000202178955,0,70.94657135009766,77.12000274658203,77.27999877929688,50011400,99.23648071289062,105.87999725341797,105.98999786376953,28111900
2025-04-15,132.14981079101562,133.94000244140625,134.75999450683594,8630000,381.25445556640625,385.7300109863281,388.510009765625,17199900,179.58999633789062,179.58999633789062,181.41000366210938,43642000,155.576904296875,156.30999755859375,159.1300048828125,27551500,40.779998779296875,40.779998779296875,43.560001373291016,6841300.0,111.9177474975586,112.19999694824219,110.97000122070312,228966900,176.9090576171875,178.9499969482422,179.72999572753906,17242400,202.29055786132812,202.9199981689453,202.6699981689453,5097800,89.07329559326172,89.08999633789062,88.11000061035156,5138000,5396.6298828125,5396.6298828125,5411.990234375,4317110000,18830.23046875,18830.23046875,18831.98046875,7483050000,454.8095703125,457.989990234375,458.5400085449219,35404200,528.837890625,537.6099853515625,539.6699829101562,56892900,4.322999954223633,4.322999954223633,4.380000114440918,0,71.13976287841797,77.33000183105469,77.23999786376953,39790500,99.77071380615234,106.44999694824219,105.93000030517578,20502600
2025-04-16,128.02566528320312,129.75999450683594,132.27999877929688,8295200,367.2982482910156,371.6099853515625,380.6700134277344,21967800,174.3300018310547,174.3300018310547,176.2899932861328,51875300,152.61087036132812,153.3300018310547,153.10000610351562,28187400,40.72999954223633,40.72999954223633,40.165000915527344,7206800.0,104.2271499633789,104.48999786376953,104.55000305175781,397016900,172.61856079101562,174.61000061035156,170.42999267578125,34638600,193.7471466064453,194.35000610351562,193.16000366210938,13067200,86.9237060546875,86.94000244140625,87.56999969482422,4376800,5275.7001953125,5275.7001953125,5335.75,4607750000,18257.640625,18257.640625,18475.759765625,7909190000,441.0954284667969,444.17999267578125,449.0299987792969,48980600,517.0828247070312,525.6599731445312,531.6799926757812,83484800,4.2789998054504395,4.2789998054504395,4.315999984741211,0,71.13056945800781,77.31999969482422,77.3499984741211,52028800,100.19247436523438,106.9000015258789,106.55000305175781,24639800
2025-04-17,126.90091705322266,128.6199951171875,130.89999389648438,8925500,363.5126647949219,367.7799987792969,373.75,21120200,172.61000061035156,172.61000061035156,176.0,44726500,150.4510498046875,151.16000366210938,154.2899932861328,33046600,39.09000015258789,39.09000015258789,41.04999923706055,4844600.0,101.23468780517578,101.48999786376953,104.44999694824219,292517500,169.0398406982422,170.99000549316406,176.25,22501800,191.9327850341797,192.52999877929688,195.82000732421875,7067400,86.57376098632812,86.58999633789062,87.5,2814800,5282.7001953125,5282.7001953125,5305.4501953125,4714880000,18258.08984375,18258.08984375,18369.900390625,7046290000,441.0159912109375,444.1000061035156,447.1700134277344,44837000,517.8206176757812,526.4099731445312,527.6400146484375,79868100,4.333000183105469,4.333000183105469,4.291999816894531,0,71.54454040527344,77.7699966430664,77.62000274658203,37355500,100.05189514160156,106.75,106.91000366210938,11483700
2025-04-21,121.17842102050781,122.81999969482422,126.88999938964844,12201200,354.95318603515625,359.1199951171875,362.82000732421875,20807300,167.32000732421875,167.32000732421875,169.60000610351562,48126100,146.9774169921875,147.6699981689453,148.8800048828125,26049100,35.415000915527344,35.415000915527344,38.619998931884766,8116200.0,96.66622161865234,96.91000366210938,98.7699966430664,288501100,164.3143768310547,166.2100067138672,166.99000549316406,23469800,187.2473602294922,187.8300018310547,188.89999389648438,9572700,83.89427185058594,83.91000366210938,85.29000091552734,8123400,5158.2001953125,5158.2001953125,5232.93994140625,4226340000,17808.30078125,17808.30078125,18023.009765625,6678730000,430.102294921875,433.1099853515625,438.2300109863281,44149300,505.4951171875,513.8800048828125,521.1599731445312,69368100,4.40500020980835,4.40500020980835,4.396999835968018,0,71.12136840820312,77.30999755859375,77.48999786376953,36078000,98.97406768798828,105.5999984741211,106.20999908447266,23506700
2025-04-22,125.53935241699219,127.23999786376953,124.5,11233700,362.5638122558594,366.82000732421875,363.3800048828125,19485000,173.17999267578125,173.17999267578125,169.85000610351562,56607200,150.75958251953125,151.47000122070312,148.88999938964844,26971800,38.5099983215332,38.5099983215332,36.97999954223633,9589300.0,98.64122009277344,98.88999938964844,98.77999877929688,241004800,167.6459197998047,169.5800018310547,167.42999267578125,18504900,191.3047332763672,191.89999389648438,190.35000610351562,7242700,86.14385223388672,86.16000366210938,85.0,3797200,5287.759765625,5287.759765625,5207.669921875,4666950000,18276.41015625,18276.41015625,18033.900390625,6981900000,441.3933410644531,444.4800109863281,438.82000732421875,52304400,518.6469116210938,527.25,520.1400146484375,75948100,4.388999938964844,4.388999938964844,4.4070000648498535,0,71.39735412597656,77.61000061035156,77.58000183105469,33941100,99.2177505493164,105.86000061035156,106.18000030517578,20939300
2025-04-23,129.64373779296875,131.39999389648438,134.91000366210938,9528900,370.0460205078125,374.3900146484375,376.05999755859375,20545500,180.60000610351562,180.60000610351562,183.4499969482422,63470100,154.62139892578125,155.35000610351562,155.61000061035156,31128800,41.619998931884766,41.619998931884766,42.07500076293945,7651500.0,102.45162200927734,102.70999908447266,104.5199966430664,247526000,174.89234924316406,176.91000366210938,177.77999877929688,24380500,198.29299926757812,198.91000366210938,201.5800018310547,11495800,88.79335021972656,88.80999755859375,89.5199966430664,7819500,5375.85986328125,5375.85986328125,5395.919921875,5371390000,18693.259765625,18693.259765625,18870.630859375,8564870000,451.40338134765625,454.55999755859375,458.1700134277344,55801100,526.68359375,535.4199829101562,540.4299926757812,90590700,4.38700008392334,4.38700008392334,4.291999816894531,0,71.75613403320312,78.0,78.5999984741211,63723400,99.65824890136719,106.33000183105469,107.55000305175781,31155900
2025-04-24,135.6720733642578,137.50999450683594,132.50999450683594,7305900,382.80621337890625,387.29998779296875,375.70001220703125,22232300,186.5399932861328,186.5399932861328,180.9199981689453,43763200,158.53294372558594,159.27999877929688,156.14999389648438,45894000,41.77000045776367,41.77000045776367,42.54999923706055,9376700.0,106.1622543334961,106.43000030517578,103.4800033569336,220815000,186.00413513183594,188.14999389648438,179.69000244140625,27576900,208.32179260253906,208.97000122070312,203.22000122070312,9696200,93.18252563476562,93.19999694824219,90.05000305175781,9264200,5484.77001953125,5484.77001953125,5381.3798828125,4697710000,19214.400390625,19214.400390625,18756.529296875,7607400000,464.10455322265625,467.3500061035156,456.4800109863281,45956100,537.769775390625,546.6900024414062,536.719970703125,64150400,4.304999828338623,4.304999828338623,4.343999862670898,0,72.40009307861328,78.69999694824219,78.27999877929688,49007800,100.67987060546875,107.41999816894531,107.05999755859375,23838700
2025-04-25,136.6389923095703,138.49000549316406,137.49000549316406,5476400,387.3033752441406,391.8500061035156,387.0,18973200,188.99000549316406,188.99000549316406,187.6199951171875,36414300,161.20040893554688,161.9600067138672,165.07000732421875,56034000,41.540000915527344,41.540000915527344,41.95000076293945,8765600.0,110.73075103759766,111.01000213623047,106.8499984741211,251064700,190.11668395996094,192.30999755859375,186.9199981689453,21242300,211.31248474121094,211.97000122070312,207.17999267578125,7487400,94.74224090576172,94.76000213623047,93.1500015258789,7125900,5525.2099609375,5525.2099609375,5489.72998046875,4236580000,19432.560546875,19432.560546875,19209.720703125,7412930000,469.27838134765625,472.55999755859375,466.9700012207031,38697100,541.6552734375,550.6400146484375,546.6500244140625,61119600,4.265999794006348,4.265999794006348,4.2820000648498535,0,72.4645004272461,78.7699966430664,78.58999633789062,47981700,101.21409606933594,107.98999786376953,107.83000183105469,14575300
2025-04-28,138.2669219970703,140.13999938964844,139.64999389648438,6985100,386.6214294433594,391.1600036621094,391.9599914550781,16579400,187.6999969482422,187.6999969482422,190.11000061035156,33224700,159.85671997070312,160.61000061035156,162.42999267578125,29745800,42.02000045776367,42.02000045776367,42.0099983215332,5194600.0,108.45648193359375,108.7300033569336,109.69000244140625,207708500,190.2748565673828,192.47000122070312,190.52999877929688,16385800,209.99656677246094,210.64999389648438,210.88999938964844,5804900,94.86221313476562,94.87999725341797,94.9000015258789,4715700,5528.75,5528.75,5529.22021484375,4257880000,19427.2890625,19427.2890625,19432.720703125,10313290000,469.1294250488281,472.4100036621094,473.0299987792969,33550800,541.8618774414062,550.8499755859375,551.3900146484375,47613800,4.216000080108643,4.216000080108643,4.28000020980835,0,72.50128173828125,78.80999755859375,78.77999877929688,42220700,101.44843292236328,108.23999786376953,107.88999938964844,18297900
2025-04-29,138.90823364257812,140.7899932861328,139.80999755859375,4851500,389.468017578125,394.0400085449219,391.29998779296875,14974000,187.38999938964844,187.38999938964844,183.99000549316406,41667300,159.40884399414062,160.16000366210938,160.32000732421875,26809000,42.81999969482422,42.81999969482422,42.20500183105469,10493600.0,108.74575805664062,109.0199966430664,107.66999816894531,170444300,188.98968505859375,191.1699981689453,191.72000122070312,14630000,209.63768005371094,210.2899932861328,209.3300018310547,4506200,96.08198547363281,96.0999984741211,94.79000091552734,2914500,5560.830078125,5560.830078125,5508.8701171875,4747150000,19544.94921875,19544.94921875,19315.94921875,13001930000,472.227783203125,475.5299987792969,470.1700134277344,30613100,545.2752685546875,554.3200073242188,548.9099731445312,47775100,4.172999858856201,4.172999858856201,4.2270002365112305,0,72.69447326660156,79.0199966430664,78.6500015258789,51198600,101.68272399902344,108.48999786376953,108.05999755859375,19346200
2025-04-30,138.8391876220703,140.72000122070312,138.47999572753906,9443500,390.6737976074219,395.260009765625,390.29998779296875,36461100,184.4199981689453,184.4199981689453,182.1699981689453,55176500,158.05519104003906,158.8000030517578,157.97999572753906,34981100,41.29999923706055,41.29999923706055,41.0,6100200.0,108.64599609375,108.91999816894531,104.47000122070312,235044600,190.2748565673828,192.47000122070312,185.89999389648438,22768900,210.62461853027344,211.27999877929688,205.02000427246094,5974400,96.05199432373047,96.06999969482422,94.0,3513000,5569.06005859375,5569.06005859375,5499.43994140625,5449490000,19571.01953125,19571.01953125,19168.08984375,8595330000,472.16815185546875,475.4700012207031,467.1300048828125,46810600,545.49169921875,554.5399780273438,547.5700073242188,93101500,4.177000045776367,4.177000045776367,4.138999938964844,0,72.30809020996094,78.5999984741211,78.62999725341797,69994200,101.2047348022461,107.9800033569336,108.12999725341797,35129300
2025-05-01,143.54542541503906,145.49000549316406,146.55999755859375,11525800,420.4640808105469,425.3999938964844,431.1099853515625,58938100,190.1999969482422,190.1999969482422,190.6300048828125,74266000,160.54348754882812,161.3000030517578,160.4499969482422,30203200,44.31999969482422,44.31999969482422,47.025001525878906,13001600.0,111.32923126220703,111.61000061035156,113.08000183105469,236121500,195.0794677734375,197.3300018310547,198.13999938964844,24939700,211.64146423339844,212.3000030517578,214.92999267578125,6878200,96.99181365966797,97.01000213623047,98.16000366210938,5903800,5604.14013671875,5604.14013671875,5625.14013671875,4935270000,19786.7109375,19786.7109375,19866.830078125,8409690000,478.33502197265625,481.67999267578125,483.4100036621094,43316500,549.3574829101562,558.469970703125,560.3699951171875,63186100,4.230999946594238,4.230999946594238,4.150000095367432,0,72.40149688720703,78.30000305175781,78.4000015258789,50848600,100.84902954101562,107.16999816894531,107.76000213623047,28056300
2025-05-02,148.71536254882812,150.72999572753906,148.3300018310547,11346000,430.2294921875,435.2799987792969,431.739990234375,30757400,189.97999572753906,189.97999572753906,191.44000244140625,77903500,163.26068115234375,164.02999877929688,163.41000366210938,25715000,51.56999969482422,51.56999969482422,46.93899917602539,9199600.0,114.21197509765625,114.5,114.18000030517578,190194800,201.3174591064453,203.63999938964844,203.89999389648438,17766800,218.3505859375,219.02999877929688,217.99000549316406,6522200,99.45135498046875,99.47000122070312,98.69999694824219,4452500,5686.669921875,5686.669921875,5645.8798828125,4854380000,20102.609375,20102.609375,19986.609375,8180190000,485.43536376953125,488.8299865722656,486.5400085449219,39218100,557.51220703125,566.760009765625,564.72998046875,60717300,4.322000026702881,4.322000026702881,4.224999904632568,0,72.6234130859375,78.54000091552734,78.5,41354100,100.6043472290039,106.91000366210938,106.83999633789062,20302100
2025-05-05,147.29461669921875,149.2899932861328,149.44000244140625,5187400,431.1091613769531,436.1700134277344,432.8699951171875,20136100,186.35000610351562,186.35000610351562,186.50999450683594,35217500,163.4398193359375,164.2100067138672,163.0,21341800,51.0099983215332,51.0099983215332,50.42900085449219,6432300.0,113.53367614746094,113.81999969482422,112.91000366210938,133163200,198.4307861328125,200.72000122070312,200.25,14025400,216.9349822998047,217.61000061035156,217.02999877929688,4536000,99.35137176513672,99.37000274658203,98.6500015258789,3723600,5650.3798828125,5650.3798828125,5655.31982421875,4358260000,19967.939453125,19967.939453125,19928.8203125,7075320000,482.55548095703125,485.92999267578125,484.6000061035156,28309500,554.3153686523438,563.510009765625,562.5700073242188,38659200,4.3429999351501465,4.3429999351501465,4.301000118255615,0,72.59568786621094,78.51000213623047,78.47000122070312,39815300,100.46319580078125,106.76000213623047,106.63999938964844,20005800
2025-05-06,145.72589111328125,147.6999969482422,146.97999572753906,5108600,428.2823181152344,433.30999755859375,432.20001220703125,15104200,185.00999450683594,185.00999450683594,184.57000732421875,29314100,162.46441650390625,163.22999572753906,162.1699981689453,21277200,54.29499816894531,54.29499816894531,49.36000061035156,9644400.0,113.25438690185547,113.54000091552734,111.4800033569336,158525600,197.80795288085938,200.08999633789062,196.44000244140625,16348800,214.92124938964844,215.58999633789062,213.64999389648438,5019400,97.94163513183594,97.95999908447266,97.38999938964844,3653700,5606.91015625,5606.91015625,5605.8701171875,4717260000,19791.349609375,19791.349609375,19709.640625,6958220000,478.0669250488281,481.4100036621094,479.55999755859375,32786300,549.68212890625,558.7999877929688,557.9299926757812,48264700,4.308000087738037,4.308000087738037,4.336999893188477,0,72.5401840209961,78.44999694824219,78.41000366210938,36292600,100.66082000732422,106.97000122070312,106.45999908447266,29906500
2025-05-07,147.37356567382812,149.3699951171875,147.5,6049600,428.3218994140625,433.3500061035156,433.8399963378906,23295300,188.7100067138672,188.7100067138672,185.55999755859375,43948600,150.6699981689453,151.3800048828125,164.0800018310547,127490100,53.599998474121094,53.599998474121094,54.90999984741211,5940300.0,116.7655258178711,117.05999755859375,113.05000305175781,206758800,202.47413635253906,204.80999755859375,199.2899932861328,20253700,219.33750915527344,220.02000427246094,215.72000122070312,9068800,98.76148223876953,98.77999877929688,98.13999938964844,6146500,5631.27978515625,5631.27978515625,5614.18017578125,4987440000,19867.970703125,19867.970703125,19804.5,7977870000,479.94378662109375,483.29998779296875,482.0799865722656,38006300,551.9938354492188,561.1500244140625,560.1500244140625,55588000,4.275000095367432,4.275000095367432,4.320000171661377,0,72.60491180419922,78.5199966430664,78.55999755859375,32676200,100.86783599853516,107.19000244140625,107.19000244140625,19892000
2025-05-08,148.2911376953125,150.3000030517578,149.0500030517578,6113600,433.0859375,438.1700134277344,437.92999267578125,23491300,192.0800018310547,192.0800018310547,191.42999267578125,41043600,153.556396484375,154.27999877929688,155.0,57498700,55.0,55.0,54.709999084472656,6264000.0,117.07474517822266,117.37000274658203,118.25,198428100,205.40037536621094,207.77000427246094,208.0,18460900,221.2615203857422,221.9499969482422,222.85000610351562,5919200,100.39118194580078,100.41000366210938,99.63999938964844,4458600,5663.93994140625,5663.93994140625,5663.60009765625,5627400000,20063.560546875,20063.560546875,20067.4296875,8500390000,484.8991394042969,488.2900085449219,488.5299987792969,39577600,555.840087890625,565.0599975585938,565.239990234375,65130800,4.373000144958496,4.373000144958496,4.300000190734863,0,72.58642578125,78.5,78.66999816894531,32684900,100.35968780517578,106.6500015258789,107.3499984741211,25149700
2025-05-09,148.33059692382812,150.33999633789062,150.0399932861328,4707100,433.63946533203125,438.7300109863281,440.0,15324200,193.05999755859375,193.05999755859375,193.3800048828125,29663100,152.03359985351562,152.75,154.1699981689453,32435300,51.369998931884766,51.369998931884766,55.959999084472656,7948900.0,116.35655975341797,116.6500015258789,117.3499984741211,132972200,205.825439453125,208.1999969482422,209.3300018310547,13289200,222.70701599121094,223.39999389648438,224.52999877929688,3495500,99.67131805419922,99.69000244140625,100.7699966430664,3833800,5659.91015625,5659.91015625,5679.64990234375,4645090000,20061.44921875,20061.44921875,20170.369140625,8835140000,484.5813903808594,487.9700012207031,490.2099914550781,27767400,555.1317138671875,564.3400268554688,566.47998046875,37603400,4.375,4.375,4.392000198364258,0,72.63265991210938,78.55000305175781,78.58999633789062,23971200,100.32203674316406,106.61000061035156,106.93000030517578,18254700
2025-05-12,155.11863708496094,157.22000122070312,156.30999755859375,7875500,444.04730224609375,449.260009765625,445.94000244140625,22821900,208.63999938964844,208.63999938964844,210.7100067138672,75205000,157.716796875,158.4600067138672,157.49000549316406,44138800,58.4900016784668,58.4900016784668,54.29999923706055,10619000.0,122.69058227539062,123.0,121.97000122070312,225023300,219.0528564453125,221.5800018310547,219.49000549316406,25437700,236.67356872558594,237.41000366210938,236.72000122070312,9246900,102.76073455810547,102.77999877929688,102.55000305175781,6929800,5844.18994140625,5844.18994140625,5807.2001953125,6014580000,20868.150390625,20868.150390625,20818.779296875,10717670000,504.3232727050781,507.8500061035156,506.989990234375,45090600,573.4774169921875,582.989990234375,581.469970703125,78993600,4.456999778747559,4.456999778747559,4.460999965667725,0,73.3539047241211,79.33000183105469,79.23999786376953,70558600,100.30321502685547,106.58999633789062,106.58999633789062,28270900
2025-05-13,160.1011505126953,162.27000427246094,158.22000122070312,11955200,443.9287109375,449.1400146484375,447.7799987792969,23618800,211.3699951171875,211.3699951171875,211.0800018310547,56193700,158.78179931640625,159.52999877929688,158.7899932861328,42382100,63.2599983215332,63.2599983215332,57.599998474121094,10125900.0,129.6031494140625,129.92999267578125,124.9800033569336,330430100,229.76922607421875,232.4199981689453,222.0,28790500,244.79827880859375,245.55999755859375,239.0500030517578,8665600,104.71037292480469,104.7300033569336,103.11000061035156,3737300,5886.5498046875,5886.5498046875,5854.14990234375,5516290000,21197.69921875,21197.69921875,20906.919921875,9242230000,512.0095825195312,515.5900268554688,509.1600036621094,53269600,577.2646484375,586.8400268554688,583.4099731445312,67947200,4.499000072479248,4.499000072479248,4.453000068664551,0,73.48336029052734,79.47000122070312,79.37999725341797,52141900,100.38792419433594,106.68000030517578,106.69000244140625,32005700
2025-05-14,160.77206420898438,162.9499969482422,162.36000061035156,7499400,447.6845397949219,452.94000244140625,448.1400146484375,19902800,210.25,210.25,211.4499969482422,38492100,164.59437561035156,165.3699951171875,159.9600067138672,48755900,67.45999908447266,67.45999908447266,66.0,25124600.0,134.99952697753906,135.33999633789062,133.1999969482422,281180800,229.47264099121094,232.1199951171875,230.22999572753906,19751400,247.2207489013672,247.99000549316406,247.64999389648438,7439600,104.78035736083984,104.80000305175781,104.9800033569336,3632000,5892.580078125,5892.580078125,5896.740234375,5233450000,21319.2109375,21319.2109375,21254.470703125,11744820000,515.078125,518.6799926757812,516.77001953125,47014500,578.00244140625,587.5900268554688,587.8099975585938,66283500,4.5279998779296875,4.5279998779296875,4.4770002365112305,0,73.2152099609375,79.18000030517578,79.4000015258789,45406500,99.87976837158203,106.13999938964844,106.58000183105469,25340600
2025-05-15,157.26950073242188,159.39999389648438,161.36000061035156,10169200,448.6946105957031,453.1300048828125,450.7699890136719,21992300,205.1699981689453,205.1699981689453,206.4499969482422,64347300,163.19102478027344,163.9600067138672,165.83999633789062,33146700,65.7699966430664,65.7699966430664,68.87000274658203,36202100.0,134.49081420898438,134.8300018310547,134.2899932861328,226632600,229.98672485351562,232.63999938964844,230.16000366210938,18803700,246.36341857910156,247.1300048828125,245.75,6446300,104.38043212890625,104.4000015258789,104.08999633789062,3914900,5916.93017578125,5916.93017578125,5869.81982421875,4991290000,21335.8203125,21335.8203125,21206.73046875,10546350000,515.6441650390625,519.25,516.52001953125,50153300,580.8256225585938,590.4600219726562,585.5599975585938,71268100,4.454999923706055,4.454999923706055,4.513000011444092,0,73.3539047241211,79.33000183105469,79.05999755859375,49301300,100.59494018554688,106.9000015258789,106.38999938964844,30008300
2025-05-16,158.3449249267578,160.49000549316406,160.0,8515500,449.82342529296875,454.2699890136719,452.04998779296875,23849800,205.58999633789062,205.58999633789062,206.85000610351562,43318500,165.41055297851562,166.19000244140625,167.72999572753906,42846900,80.30000305175781,80.30000305175781,68.07499694824219,42984000.0,135.05938720703125,135.39999389648438,136.22000122070312,226542500,226.002685546875,228.61000061035156,232.32000732421875,23094600,245.65562438964844,246.4199981689453,247.5399932861328,3800100,105.14028930664062,105.16000366210938,104.62000274658203,5303400,5958.3798828125,5958.3798828125,5929.08984375,4850850000,21427.939453125,21427.939453125,21375.630859375,10509820000,517.8884887695312,521.510009765625,520.6599731445312,48394600,584.5045166015625,594.2000122070312,591.25,76052100,4.440999984741211,4.440999984741211,4.395999908447266,0,73.43711853027344,79.41999816894531,79.37999725341797,30657200,100.78314208984375,107.0999984741211,107.38999938964844,21888400
2025-05-19,157.5063018798828,159.63999938964844,158.3000030517578,10268900,454.3783874511719,458.8699951171875,450.8800048828125,21336500,206.16000366210938,206.16000366210938,201.64999389648438,34314800,165.75888061523438,166.5399932861328,164.50999450683594,30426100,86.58999633789062,86.58999633789062,76.9000015258789,33360500.0,135.22897338867188,135.57000732421875,132.38999938964844,193154600,227.99964904785156,230.6300048828125,221.85000610351562,15355500,245.24688720703125,246.00999450683594,241.39999389648438,4196100,104.92033386230469,104.94000244140625,103.66000366210938,4570700,5963.60009765625,5963.60009765625,5902.8798828125,4144010000,21447.05078125,21447.05078125,21138.130859375,13080030000,518.385009765625,522.010009765625,514.239990234375,52536200,585.1439208984375,594.8499755859375,588.0999755859375,68168500,4.474999904632568,4.474999904632568,4.548999786376953,0,73.40013885498047,79.37999725341797,79.05999755859375,26228800,100.79257202148438,107.11000061035156,106.16000366210938,33615600
2025-05-20,158.16734313964844,160.30999755859375,158.6300048828125,7576400,453.6852722167969,458.1700134277344,455.5899963378906,15441800,204.07000732421875,204.07000732421875,204.6300048828125,29470400,163.21090698242188,163.97999572753906,166.42999267578125,46607700,90.23999786376953,90.23999786376953,89.66999816894531,34969200.0,134.0419464111328,134.3800048828125,134.2899932861328,161514200,229.03765869140625,231.67999267578125,226.49000549316406,11787200,244.77833557128906,245.5399932861328,243.8699951171875,3115200,104.67037963867188,104.69000244140625,104.44000244140625,3387800,5940.4599609375,5940.4599609375,5944.66015625,4416850000,21367.369140625,21367.369140625,21347.630859375,9047100000,516.6571044921875,520.27001953125,519.469970703125,42517600,583.176513671875,592.8499755859375,593.0900268554688,60614500,4.480999946594238,4.480999946594238,4.474999904632568,0,73.36315155029297,79.33999633789062,79.2699966430664,25933700,100.54789733886719,106.8499984741211,106.80000305175781,23036200
2025-05-21,155.0791473388672,157.17999267578125,158.35000610351562,6011000,448.1401062011719,452.57000732421875,454.57000732421875,19216900,201.1199951171875,201.1199951171875,201.61000061035156,42460900,167.76943969726562,168.55999755859375,163.69000244140625,73416000,107.38999938964844,107.38999938964844,89.45999908447266,61681600.0,131.4684600830078,131.8000030517578,133.05999755859375,270608700,227.1099090576172,229.72999572753906,228.38999938964844,17642900,240.72097778320312,241.47000122070312,243.3300018310547,6392500,102.15084838867188,102.16999816894531,103.38999938964844,8575400,5844.60986328125,5844.60986328125,5910.18017578125,5254250000,21080.359375,21080.359375,21217.310546875,11112460000,509.477294921875,513.0399780273438,516.27001953125,71292800,573.3495483398438,582.8599853515625,588.4400024414062,95197700,4.5960001945495605,4.5960001945495605,4.543000221252441,0,72.87306213378906,78.80999755859375,79.08000183105469,54737300,99.42807006835938,105.66000366210938,106.36000061035156,35452800
2025-05-22,155.20742797851562,157.30999755859375,156.97999572753906,7603300,450.40765380859375,454.8599853515625,454.95001220703125,18025600,203.10000610351562,203.10000610351562,201.3800048828125,38938900,170.068603515625,170.8699951171875,171.85000610351562,74864400,100.16000366210938,100.16000366210938,112.13999938964844,61046900.0,132.49586486816406,132.8300018310547,132.22999572753906,187344000,227.90078735351562,230.52999877929688,228.33999633789062,14340200,240.06301879882812,240.80999755859375,241.02999877929688,5185500,102.69074249267578,102.70999908447266,102.2300033569336,7258200,5842.009765625,5842.009765625,5841.259765625,5157050000,21112.470703125,21112.470703125,21097.4609375,8289710000,510.4306335449219,514.0,513.6599731445312,55607200,573.575927734375,583.0900268554688,582.6599731445312,70860400,4.552999973297119,4.552999973297119,4.61299991607666,0,73.02102661132812,78.97000122070312,78.80999755859375,43242700,99.93622589111328,106.19999694824219,105.54000091552734,34010700
2025-05-23,153.88536071777344,155.97000122070312,154.99000549316406,6527500,445.7734680175781,450.17999267578125,449.9800109863281,16883500,200.99000549316406,200.99000549316406,198.89999389648438,33393500,167.67987060546875,168.47000122070312,169.05999755859375,35211400,102.73999786376953,102.73999786376953,98.0,31097600.0,130.959716796875,131.2899932861328,130.0,198821300,226.11141967773438,228.72000122070312,226.94000244140625,15385600,236.70347595214844,237.44000244140625,235.22999572753906,6577200,101.91089630126953,101.93000030517578,101.4800033569336,3956300,5802.81982421875,5802.81982421875,5781.89013671875,4662820000,20915.66015625,20915.66015625,20806.369140625,8730370000,505.70367431640625,509.239990234375,506.17999267578125,58368100,569.6607055664062,579.1099853515625,575.97998046875,76029000,4.508999824523926,4.508999824523926,4.4730000495910645,0,73.00252532958984,78.94999694824219,78.76000213623047,29598900,100.01150512695312,106.27999877929688,106.41000366210938,21447200
2025-05-27,159.74595642089844,161.91000366210938,159.32000732421875,6976800,456.18060302734375,460.69000244140625,456.4800109863281,20974300,206.02000427246094,206.02000427246094,203.08999633789062,34892000,172.08908081054688,172.89999389648438,170.16000366210938,37995700,123.97000122070312,123.97000122070312,109.26799774169922,38032000.0,135.15911865234375,135.5,134.14999389648438,192953600,232.96240234375,235.64999389648438,232.8699951171875,17941700,244.21011352539062,244.97000122070312,242.49000549316406,8858900,103.78054809570312,103.80000305175781,103.37999725341797,4907600,5921.5400390625,5921.5400390625,5854.06982421875,5366380000,21414.990234375,21414.990234375,21201.44921875,8927760000,517.6004638671875,521.219970703125,516.1500244140625,47226300,581.5043334960938,591.1500244140625,586.0700073242188,72588500,4.434000015258789,4.434000015258789,4.468999862670898,0,73.44635772705078,79.43000030517578,79.27999877929688,33524700,100.9148941040039,107.23999786376953,106.91999816894531,29208400
2025-05-28,161.66004943847656,163.85000610351562,161.8699951171875,8090700,452.8831787109375,457.3599853515625,461.2200012207031,17086300,204.72000122070312,204.72000122070312,205.9199981689453,28549800,171.5516357421875,172.36000061035156,173.16000366210938,34784000,116.1500015258789,116.1500015258789,123.75,27833900.0,134.4708709716797,134.80999755859375,136.02999877929688,304021100,236.6992645263672,239.42999267578125,237.14999389648438,20443000,241.60821533203125,242.36000061035156,245.2899932861328,10739500,103.06067657470703,103.08000183105469,103.83999633789062,4027400,5888.5498046875,5888.5498046875,5925.5400390625,4665050000,21318.169921875,21318.169921875,21451.689453125,8087530000,515.3064575195312,518.9099731445312,522.1799926757812,46637200,578.14013671875,587.72998046875,591.5599975585938,68445500,4.4770002365112305,4.4770002365112305,4.443999767303467,0,73.40013885498047,79.37999725341797,79.41999816894531,27012900,100.67022705078125,106.9800033569336,107.02999877929688,29079800
2025-05-29,160.72271728515625,162.89999389648438,165.0,6994700,454.1902770996094,458.67999267578125,461.54998779296875,13974800,205.6999969482422,205.6999969482422,208.02999877929688,34650000,171.053955078125,171.86000061035156,174.0,29317300,105.55000305175781,105.55000305175781,123.5,38491000.0,138.83985900878906,139.19000244140625,142.25,369241900,239.21031188964844,241.97000122070312,245.91000366210938,20743700,243.3228759765625,244.0800018310547,249.0,9120100,102.330810546875,102.3499984741211,104.05000305175781,5120300,5912.169921875,5912.169921875,5939.9599609375,4569750000,21363.94921875,21363.94921875,21611.5390625,11016850000,516.3193969726562,519.9299926757812,526.3300170898438,58513300,580.4222412109375,590.0499877929688,593.0599975585938,69973300,4.423999786376953,4.423999786376953,4.497000217437744,0,73.51110076904297,79.5,79.55999755859375,28616300,101.12191009521484,107.45999908447266,107.33000183105469,31012800
2025-05-30,163.3175811767578,165.52999877929688,163.42999267578125,17547900,455.85382080078125,460.3599853515625,459.7200012207031,34770500,205.00999450683594,205.00999450683594,204.83999633789062,51679400,170.9345245361328,171.74000549316406,171.35000610351562,52639900,111.30999755859375,111.30999755859375,109.0,23532800.0,134.79006958007812,135.1300048828125,138.72000122070312,333170900,239.3091583251953,242.07000732421875,241.22000122070312,27088600,239.0063018798828,239.75,243.22999572753906,11064700,103.63056945800781,103.6500015258789,102.45999908447266,4590600,5911.68994140625,5911.68994140625,5903.669921875,6378540000,21340.990234375,21340.990234375,21330.849609375,9042260000,515.505126953125,519.1099853515625,519.4400024414062,67662800,579.7730102539062,589.3900146484375,588.9299926757812,90601200,4.415999889373779,4.415999889373779,4.421999931335449,0,73.57582092285156,79.56999969482422,79.44999694824219,28930300,101.41361999511719,107.7699966430664,107.44999694824219,29890800
2025-06-02,164.3436737060547,166.57000732421875,164.1699981689453,7166000,457.4480895996094,461.9700012207031,457.1400146484375,16626500,206.64999389648438,206.64999389648438,204.97999572753906,29113300,168.2372283935547,169.02999877929688,167.83999633789062,38612300,120.19999694824219,120.19999694824219,116.29499816894531,26269100.0,137.03440856933594,137.3800048828125,135.49000549316406,197663100,245.87342834472656,248.7100067138672,243.25,19197000,242.54530334472656,243.3000030517578,239.17999267578125,4719900,103.92051696777344,103.94000244140625,103.05000305175781,3905300,5935.93994140625,5935.93994140625,5896.68017578125,4832240000,21491.75,21491.75,21270.5703125,7779940000,519.5767211914062,523.2100219726562,517.239990234375,44762800,583.038818359375,592.7100219726562,587.760009765625,61630500,4.461999893188477,4.461999893188477,4.438000202178955,0,73.56281280517578,79.18000030517578,79.12999725341797,45527200,101.12651824951172,107.06999969482422,106.98999786376953,24225900
2025-06-03,166.87933349609375,169.13999938964844,166.8000030517578,7155300,458.4382629394531,462.9700012207031,461.4700012207031,15743800,205.7100067138672,205.7100067138672,207.11000061035156,33139100,165.40057373046875,166.17999267578125,167.49000549316406,45084900,150.47999572753906,150.47999572753906,125.30000305175781,53920700.0,140.86473083496094,141.22000122070312,138.77999877929688,225578800,253.9206085205078,256.8500061035156,250.0800018310547,30380200,248.0182647705078,248.7899932861328,243.47999572753906,7518700,104.9703140258789,104.98999786376953,103.87999725341797,3682400,5970.3701171875,5970.3701171875,5938.56005859375,5026680000,21662.580078125,21662.580078125,21529.98046875,7990230000,523.6382446289062,527.2999877929688,523.5599975585938,44070300,586.3636474609375,596.0900268554688,592.3400268554688,63606200,4.460000038146973,4.460000038146973,4.409999847412109,0,73.70217895507812,79.33000183105469,79.23999786376953,28458700,101.1737289428711,107.12000274658203,107.23999786376953,24080000
2025-06-04,165.8532257080078,168.10000610351562,169.7100067138672,6375800,459.3294677734375,463.8699951171875,464.0,14162700,207.22999572753906,207.22999572753906,206.5500030517578,29915600,167.2618408203125,168.0500030517578,166.74000549316406,26900800,163.10000610351562,163.10000610351562,155.875,55448700.0,141.56298828125,141.9199981689453,142.19000244140625,167120800,258.102294921875,261.0799865722656,258.05999755859375,31536000,250.96908569335938,251.75,250.57000732421875,7258700,104.78035736083984,104.80000305175781,104.8499984741211,3413100,5970.81005859375,5970.81005859375,5978.93994140625,4767050000,21721.919921875,21721.919921875,21689.01953125,7695660000,525.0980834960938,528.77001953125,528.010009765625,41359300,586.2063598632812,595.9299926757812,596.9600219726562,57314200,4.364999771118164,4.364999771118164,4.427999973297119,0,73.84154510498047,79.4800033569336,79.33999633789062,41403600,101.91041564941406,107.9000015258789,107.62999725341797,28006400
2025-06-05,168.8525848388672,171.13999938964844,169.0,7707800,463.1021728515625,467.67999267578125,464.9599914550781,20131700,207.91000366210938,207.91000366210938,209.5500030517578,51864200,167.42108154296875,168.2100067138672,170.33999633789062,36379100,135.0500030517578,135.0500030517578,156.0,50579600.0,139.63783264160156,139.99000549316406,142.1699981689453,231397900,256.9654846191406,259.92999267578125,262.95001220703125,41970900,250.52047729492188,251.3000030517578,253.74000549316406,8054100,104.640380859375,104.66000366210938,104.91999816894531,4047500,5939.2998046875,5939.2998046875,5985.669921875,5091850000,21547.4296875,21547.4296875,21782.33984375,8782360000,521.1456909179688,524.7899780273438,530.1799926757812,61031200,583.3732299804688,593.0499877929688,597.6300048828125,92278700,4.394000053405762,4.394000053405762,4.3379998207092285,0,73.68358612060547,79.30999755859375,79.47000122070312,44563900,101.59874725341797,107.56999969482422,107.94000244140625,29760700
2025-06-06,171.69410705566406,174.02000427246094,174.0,6833700,465.7757568359375,470.3800048828125,470.0899963378906,15285600,213.57000732421875,213.57000732421875,212.39999389648438,39832500,172.8654022216797,173.67999267578125,170.8300018310547,35731800,140.16000366210938,140.16000366210938,144.92999267578125,23229900.0,141.3634796142578,141.72000122070312,142.50999450683594,153986200,244.11375427246094,246.92999267578125,251.13999938964844,41146700,251.946044921875,252.72999572753906,253.5399932861328,5589700,105.96013641357422,105.9800033569336,105.55999755859375,3487000,6000.35986328125,6000.35986328125,5987.06005859375,4355710000,21761.7890625,21761.7890625,21777.5,7291590000,526.2400512695312,529.9199829101562,530.0,42467000,589.364013671875,599.1400146484375,598.6599731445312,66588700,4.510000228881836,4.510000228881836,4.4029998779296875,0,73.67431640625,79.30000305175781,79.37999725341797,41300100,100.9848403930664,106.91999816894531,107.22000122070312,31093100
2025-06-09,174.78225708007812,177.14999389648438,174.86000061035156,9668900,468.1225891113281,472.75,469.70001220703125,16469900,216.97999572753906,216.97999572753906,214.75,38102500,175.4762725830078,176.08999633789062,174.5399932861328,28935900,162.10000610351562,162.10000610351562,147.8000030517578,29451700.0,142.27120971679688,142.6300048828125,143.19000244140625,185114500,241.49398803710938,244.27999877929688,245.0500030517578,25334100,256.16290283203125,256.9599914550781,255.0,10841400,106.11009979248047,106.12999725341797,106.0,3149100,6005.8798828125,6005.8798828125,6004.6298828125,4642360000,21797.869140625,21797.869140625,21779.1796875,9538700000,527.0147094726562,530.7000122070312,530.1400146484375,33688700,589.8951416015625,599.6799926757812,599.719970703125,53016400,4.48199987411499,4.48199987411499,4.501999855041504,0,73.71147155761719,79.33999633789062,79.27999877929688,30169000,101.28707885742188,107.23999786376953,106.98999786376953,18850000
2025-06-10,175.1078338623047,177.47999572753906,177.7100067138672,11056700,466.31048583984375,470.9200134277344,471.19000244140625,15375900,217.61000061035156,217.61000061035156,216.77999877929688,31303300,177.9775390625,178.60000610351562,176.1999969482422,61766100,154.89999389648438,154.89999389648438,156.5,24264300.0,143.5978546142578,143.9600067138672,142.69000244140625,155881900,241.83998107910156,244.6300048828125,244.22000122070312,25491300,261.257080078125,262.07000732421875,258.3599853515625,9763000,105.86014556884766,105.87999725341797,106.12000274658203,3721900,6038.81005859375,6038.81005859375,6009.91015625,4882880000,21941.919921875,21941.919921875,21819.7890625,11221560000,530.5003051757812,534.2100219726562,531.1699829101562,40664800,593.2396850585938,603.0800170898438,600.219970703125,66247000,4.473999977111816,4.473999977111816,4.449999809265137,0,73.88796997070312,79.52999877929688,79.41000366210938,24234400,101.53263092041016,107.5,107.6500015258789,20359000
2025-06-11,174.02255249023438,176.3800048828125,177.5500030517578,18002900,467.99383544921875,472.6199951171875,470.0199890136719,16399200,213.1999969482422,213.1999969482422,217.41000366210938,39326000,176.73190307617188,177.35000610351562,179.77000427246094,31646800,149.6999969482422,149.6999969482422,160.00999450683594,25772800.0,142.4805908203125,142.8300018310547,144.61000061035156,167694000,250.02554321289062,252.91000366210938,246.36000061035156,24599000,261.0676574707031,261.8800048828125,263.6000061035156,12286000,105.77017211914062,105.79000091552734,105.81999969482422,3903300,6022.240234375,6022.240234375,6049.3798828125,5111550000,21860.80078125,21860.80078125,21994.16015625,10214190000,528.7127685546875,532.4099731445312,535.6199951171875,53701000,591.5476684570312,601.3599853515625,604.1900024414062,73658200,4.4120001792907715,4.4120001792907715,4.498000144958496,0,73.86939239501953,79.51000213623047,79.58999633789062,30114400,101.85375213623047,107.83999633789062,107.68000030517578,20584700
2025-06-12,197.188720703125,199.86000061035156,189.9600067138672,54610000,474.1826171875,478.8699951171875,475.0199890136719,18950600,213.24000549316406,213.24000549316406,211.77999877929688,27640000,175.08763122558594,175.6999969482422,176.17999267578125,20941900,148.97000122070312,148.97000122070312,153.6999969482422,15249000.0,144.64529418945312,145.0,141.97000122070312,162365000,253.14952087402344,256.07000732421875,250.19000244140625,20410900,262.3337097167969,263.1499938964844,260.05999755859375,6781900,107.01993560791016,107.04000091552734,106.26000213623047,4506600,6045.259765625,6045.259765625,6009.89990234375,4669500000,21913.3203125,21913.3203125,21826.7890625,16308730000,529.9541625976562,533.6599731445312,531.0900268554688,34104900,593.8987426757812,603.75,600.010009765625,64129000,4.35699987411499,4.35699987411499,4.367000102996826,0,73.95301818847656,79.5999984741211,79.51000213623047,28373200,102.42045593261719,108.44000244140625,108.2300033569336,26497300
2025-06-13,212.3434295654297,215.22000122070312,201.5800018310547,53707400,470.3108825683594,474.9599914550781,476.4100036621094,16814500,212.10000610351562,212.10000610351562,209.9600067138672,29337800,174.0612335205078,174.6699981689453,172.44000244140625,27663100,147.19000244140625,147.19000244140625,143.24000549316406,16515200.0,141.62269592285156,141.97000122070312,142.47999572753906,180820600,245.86355590820312,248.6999969482422,250.66000366210938,19028400,256.19281005859375,256.989990234375,257.54998779296875,11950200,106.25007629394531,106.2699966430664,105.62999725341797,4113900,5976.97021484375,5976.97021484375,6000.56005859375,5258910000,21631.0390625,21631.0390625,21675.939453125,9001850000,523.3005981445312,526.9600219726562,527.6799926757812,55814400,587.2588500976562,597.0,598.5,89506000,4.423999786376953,4.423999786376953,4.343999862670898,0,73.73005676269531,79.36000061035156,79.41999816894531,35271000,101.8065414428711,107.79000091552734,108.12000274658203,34794500
2025-06-16,208.2785186767578,211.10000610351562,213.1999969482422,22665300,474.4500427246094,479.1400146484375,475.2099914550781,15626100,216.10000610351562,216.10000610351562,212.30999755859375,33284200,176.1539306640625,176.77000427246094,174.72999572753906,27389200,158.5,158.5,148.60000610351562,19757100.0,144.33604431152344,144.69000244140625,143.35000610351562,183133700,249.22479248046875,252.10000610351562,250.35000610351562,20363000,262.5630187988281,263.3800048828125,259.9599914550781,7497700,107.37986755371094,107.4000015258789,106.63999938964844,2730900,6033.10986328125,6033.10986328125,6004.0,5111710000,21937.5703125,21937.5703125,21783.080078125,9619130000,530.5797119140625,534.2899780273438,530.5,37622100,592.84619140625,602.6799926757812,600.4000244140625,79984100,4.452000141143799,4.452000141143799,4.441999912261963,0,73.87869262695312,79.5199966430664,79.5199966430664,26225100,101.6270751953125,107.5999984741211,107.80000305175781,21286000
2025-06-17,205.39752197265625,208.17999267578125,210.66000366210938,17819200,473.3608093261719,478.0400085449219,475.3999938964844,15414100,214.82000732421875,214.82000732421875,215.1999969482422,32086300,175.3367919921875,175.9499969482422,175.6999969482422,24973000,171.92999267578125,171.92999267578125,156.97999572753906,32381800.0,143.76744079589844,144.1199951171875,144.49000549316406,139108000,246.52589416503906,249.3699951171875,250.9499969482422,22014300,260.778564453125,261.5899963378906,262.44000244140625,7284700,106.63001251220703,106.6500015258789,106.87000274658203,3526300,5982.72021484375,5982.72021484375,6012.14990234375,4955700000,21719.080078125,21719.080078125,21858.890625,8519930000,525.4058227539062,529.0800170898438,531.7100219726562,42180900,587.7802124023438,597.530029296875,600.2100219726562,82209400,4.39300012588501,4.39300012588501,4.4029998779296875,0,73.79508209228516,79.43000030517578,79.5199966430664,27747200,101.9765396118164,107.97000122070312,107.87999725341797,27241300
2025-06-18,208.0515899658203,210.8699951171875,211.08999633789062,15055400,475.5392150878906,480.239990234375,478.0,17526500,212.52000427246094,212.52000427246094,215.08999633789062,44360500,172.71595764160156,173.32000732421875,176.00999450683594,28707500,170.0,170.0,173.3300018310547,19866400.0,145.1240997314453,145.47999572753906,144.00999450683594,161494100,248.39434814453125,251.25999450683594,250.88999938964844,30435500,261.77545166015625,262.5899963378906,262.7799987792969,7367400,106.07010650634766,106.08999633789062,106.76000213623047,5105800,5980.8701171875,5980.8701171875,5987.93017578125,5106470000,21719.689453125,21719.689453125,21745.5,7818790000,525.3165283203125,528.989990234375,530.0999755859375,43983500,587.691650390625,597.4400024414062,598.4400024414062,76605000,4.396999835968018,4.396999835968018,4.364999771118164,0,73.90657806396484,79.55000305175781,79.48999786376953,32833500,102.05210876464844,108.05000305175781,108.22000122070312,29762000
2025-06-20,202.4277801513672,205.1699981689453,213.35000610351562,20879100,472.7270202636719,477.3999938964844,482.2300109863281,37576200,209.69000244140625,209.69000244140625,214.67999267578125,75350700,166.05921936035156,166.63999938964844,173.9499969482422,75659900,183.5800018310547,183.5800018310547,171.82000732421875,31258700.0,143.49810791015625,143.85000610351562,145.4499969482422,242956200,247.72055053710938,249.99000549316406,253.2100067138672,42134900,259.462646484375,260.2699890136719,264.8500061035156,11439900,105.09029388427734,105.11000061035156,106.5999984741211,4085200,5967.83984375,5967.83984375,5999.669921875,7451500000,21626.390625,21626.390625,21834.490234375,9969140000,523.1715698242188,526.8300170898438,532.260009765625,61643500,586.3114624023438,594.280029296875,598.3800048828125,94051400,4.375,4.375,4.436999797821045,0,74.13882446289062,79.80000305175781,79.62000274658203,45845800,102.13711547851562,108.13999938964844,107.86000061035156,20437500
2025-06-23,204.27276611328125,207.0399932861328,205.50999450683594,13418400,481.24285888671875,486.0,478.2099914550781,24864000,208.47000122070312,208.47000122070312,209.7899932861328,37311700,164.61427307128906,165.19000244140625,166.27000427246094,57671000,173.67999267578125,173.67999267578125,183.32000732421875,26820700.0,143.81732177734375,144.1699981689453,142.5,154308900,251.4662322998047,253.77000427246094,249.11000061035156,19747000,261.1075439453125,261.9200134277344,259.8500061035156,10420100,106.35005950927734,106.37000274658203,105.05999755859375,4066800,6025.169921875,6025.169921875,5969.669921875,5597000000,21856.330078125,21856.330078125,21632.779296875,9088000000,528.551025390625,531.6500244140625,526.8099975585938,50666100,592.1027221679688,600.1500244140625,595.0399780273438,87426000,4.320000171661377,4.320000171661377,4.361000061035156,0,74.2781753540039,79.94999694824219,79.7699966430664,32361400,102.39212036132812,108.41000366210938,108.38999938964844,34072400
2025-06-24,212.3927764892578,215.27000427246094,209.99000549316406,19030600,485.3126220703125,490.1099853515625,488.95001220703125,22305600,212.77000427246094,212.77000427246094,212.13999938964844,38378800,166.18878173828125,166.77000427246094,166.9199981689453,40524300,172.6199951171875,172.6199951171875,176.3699951171875,18343600.0,147.53817749023438,147.89999389648438,145.55999755859375,187566100,261.37542724609375,263.7699890136719,258.7699890136719,32764900,270.69769287109375,271.5400085449219,265.92999267578125,9035500,108.02974700927734,108.05000305175781,107.41000366210938,5926700,6092.18017578125,6092.18017578125,6061.2099609375,5443690000,22190.51953125,22190.51953125,22053.330078125,8330090000,536.6336059570312,539.780029296875,536.8900146484375,45442000,598.6439208984375,606.780029296875,604.3300170898438,67735300,4.293000221252441,4.293000221252441,4.3520002365112305,0,74.4825668334961,80.16999816894531,80.05000305175781,50893200,102.8738021850586,108.91999816894531,108.27999877929688,38185300
2025-06-25,207.90359497070312,210.72000122070312,214.94000244140625,11804600,487.4515075683594,492.2699890136719,492.0400085449219,17495100,211.99000549316406,211.99000549316406,214.6199951171875,31755700,170.0851287841797,170.67999267578125,167.6300048828125,35479000,159.5,159.5,178.02000427246094,17830200.0,153.9324951171875,154.30999755859375,149.27000427246094,269146500,262.2474670410156,264.6499938964844,266.0,18894200,274.3463439941406,275.20001220703125,273.2200012207031,8480000,107.74979400634766,107.7699966430664,108.47000122070312,3525500,6092.16015625,6092.16015625,6104.22998046875,5171110000,22237.740234375,22237.740234375,22279.689453125,8256120000,538.0054931640625,541.1599731445312,542.0599975585938,44804200,598.9793090820312,607.1199951171875,607.9099731445312,62114800,4.293000221252441,4.293000221252441,4.308000087738037,0,74.46399688720703,80.1500015258789,80.18000030517578,24156100,102.75102996826172,108.79000091552734,108.70999908447266,30675200
2025-06-26,209.97552490234375,212.82000732421875,212.0,10531100,492.580810546875,497.45001220703125,492.9800109863281,21578900,217.1199951171875,217.1199951171875,213.1199951171875,50480800,172.9351806640625,173.5399932861328,172.42999267578125,31796700,158.0800018310547,158.0800018310547,164.14999389648438,17009600.0,154.64076232910156,155.02000427246094,155.97999572753906,198145700,267.7174072265625,270.1700134277344,265.0799865722656,23569600,276.34014892578125,277.20001220703125,277.0799865722656,6789000,108.68962097167969,108.70999908447266,108.4000015258789,2844700,6141.02001953125,6141.02001953125,6112.08984375,5308140000,22447.2890625,22447.2890625,22328.240234375,8383380000,543.0360107421875,546.219970703125,543.3499755859375,43811400,603.6655883789062,611.8699951171875,608.989990234375,78548400,4.252999782562256,4.252999782562256,4.2769999504089355,0,74.67769622802734,80.37999725341797,80.2699966430664,28889100,103.12882995605469,109.19000244140625,108.91000366210938,31026000
2025-06-27,207.42999267578125,210.24000549316406,213.69000244140625,14127500,491.0855712890625,495.94000244140625,497.54998779296875,34539200,223.3000030517578,223.3000030517578,219.9199981689453,119217100,177.9077911376953,178.52999877929688,173.5399932861328,108140200,159.99000549316406,159.99000549316406,160.1300048828125,17437600.0,157.36407470703125,157.75,156.0399932861328,263234500,266.9048156738281,269.3500061035156,270.29998779296875,27477600,277.5563659667969,278.4200134277344,278.17999267578125,8170900,107.75979614257812,107.77999877929688,109.0999984741211,3904000,6173.06982421875,6173.06982421875,6150.7001953125,7889350000,22534.19921875,22534.19921875,22484.869140625,10951070000,544.8951416015625,548.0900268554688,547.260009765625,57577100,606.664794921875,614.9099731445312,612.8800048828125,86258400,4.2829999923706055,4.2829999923706055,4.270999908447266,0,74.64051818847656,80.33999633789062,80.4000015258789,47849500,102.95881652832031,109.01000213623047,109.0,24704800
2025-06-30,215.70787048339844,218.6300048828125,226.5,31844200,492.5411376953125,497.4100036621094,497.0400085449219,28369000,219.38999938964844,219.38999938964844,223.52000427246094,58887800,175.6157989501953,176.22999572753906,180.77999877929688,63378900,163.05999755859375,163.05999755859375,163.30999755859375,13731800.0,157.603515625,157.99000549316406,158.39999389648438,194580300,273.1475830078125,275.6499938964844,274.7300109863281,24708400,278.0149230957031,278.8800048828125,279.70001220703125,6375800,109.47947692871094,109.5,109.37000274658203,3101700,6204.9501953125,6204.9501953125,6193.35986328125,5782900000,22679.009765625,22679.009765625,22632.919921875,8220420000,548.4244384765625,551.6400146484375,551.260009765625,45548700,609.5654296875,617.8499755859375,617.3800048828125,92502500,4.230000019073486,4.230000019073486,4.252999782562256,0,74.92853546142578,80.6500015258789,80.52999877929688,52885900,103.52550506591797,109.61000061035156,109.37000274658203,40575000
2025-07-01,216.033447265625,218.9600067138672,219.3000030517578,16962200,487.23358154296875,492.04998779296875,496.4700012207031,19945400,220.4600067138672,220.4600067138672,219.5,39256800,175.2271728515625,175.83999633789062,175.74000549316406,35904500,155.94000244140625,155.94000244140625,162.77999877929688,10913500.0,152.92495727539062,153.3000030517578,156.2899932861328,213143600,262.3366394042969,264.739990234375,274.3999938964844,28847600,274.9843444824219,275.8399963378906,276.79998779296875,8931300,108.21971130371094,108.23999786376953,109.20999908447266,5836900,6198.009765625,6198.009765625,6187.25,6275310000,22478.130859375,22478.130859375,22594.48046875,8631710000,543.8015747070312,546.989990234375,549.72998046875,56166700,609.3681030273438,617.6500244140625,616.3599853515625,70030100,4.250999927520752,4.250999927520752,4.206999778747559,0,74.83424377441406,80.16999816894531,80.19999694824219,45411000,103.650634765625,109.33999633789062,109.26000213623047,28691300
2025-07-02,226.90614318847656,229.97999572753906,217.67999267578125,22326900,486.2830505371094,491.0899963378906,489.989990234375,16319600,219.9199981689453,219.9199981689453,219.72999572753906,30894200,178.0174102783203,178.63999938964844,175.5399932861328,29128900,151.77000427246094,151.77000427246094,152.80999755859375,8458200.0,156.8653106689453,157.25,152.97999572753906,171224100,267.44976806640625,269.8999938964844,263.989990234375,17582100,280.3775634765625,281.25,274.82000732421875,8713800,108.78960418701172,108.80999755859375,107.91999816894531,3486400,6227.419921875,6227.419921875,6193.8798828125,5645710000,22641.890625,22641.890625,22451.810546875,8378750000,547.58935546875,550.7999877929688,546.1599731445312,36538300,612.1305541992188,620.4500122070312,617.239990234375,66510400,4.293000221252441,4.293000221252441,4.269000053405762,0,74.9742660522461,80.31999969482422,80.16999816894531,32359500,103.63166809082031,109.31999969482422,108.9800033569336,24284500
2025-07-03,234.14805603027344,237.32000732421875,233.22000122070312,18441400,493.95721435546875,498.8399963378906,493.80999755859375,13984800,223.41000366210938,223.41000366210938,221.82000732421875,29632400,178.904296875,179.52999877929688,178.5,21689700,165.1999969482422,165.1999969482422,155.0,10442400.0,158.9501953125,159.33999633789062,158.3699951171875,143716100,272.6818542480469,275.17999267578125,270.7300109863281,10592700,282.740234375,283.6199951171875,282.82000732421875,4443000,111.24913787841797,111.2699966430664,109.8499984741211,3130100,6279.35009765625,6279.35009765625,6246.4599609375,3378110000,22866.970703125,22866.970703125,22751.640625,6177910000,552.9777221679688,556.219970703125,553.1799926757812,26443500,616.9550170898438,625.3400268554688,622.4500122070312,51065800,4.3480000495910645,4.3480000495910645,4.256999969482422,0,75.02095031738281,80.37000274658203,80.30000305175781,19750000,103.38520812988281,109.05999755859375,109.1500015258789,17340500
2025-07-07,229.15567016601562,232.25999450683594,235.11000061035156,16584300,492.84814453125,497.7200012207031,497.3800048828125,13981600,223.47000122070312,223.47000122070312,223.0,36604100,176.17384338378906,176.7899932861328,179.05999755859375,34175600,159.6999969482422,159.6999969482422,161.17999267578125,12665700.0,157.8529052734375,158.24000549316406,158.1999969482422,140139000,271.69091796875,274.17999267578125,275.1300048828125,16760600,278.8922119140625,279.760009765625,281.760009765625,8616400,110.68924713134766,110.70999908447266,110.86000061035156,3883100,6229.97998046875,6229.97998046875,6259.0400390625,5236740000,22685.5703125,22685.5703125,22754.380859375,8345710000,548.8121948242188,552.030029296875,553.52001953125,45349300,612.357421875,620.6799926757812,623.3599853515625,74814500,4.394999980926514,4.394999980926514,4.363999843597412,0,74.76890563964844,80.0999984741211,80.33000183105469,37027200,102.76904296875,108.41000366210938,108.86000061035156,18303300
2025-07-08,231.36573791503906,234.5,237.1300048828125,20401800,491.7589111328125,496.6199951171875,497.239990234375,11846600,219.36000061035156,219.36000061035156,223.9199981689453,45692000,173.75233459472656,174.36000061035156,177.85000610351562,40442500,151.4499969482422,151.4499969482422,159.34500122070312,12024600.0,159.60858154296875,160.0,159.3300018310547,138133000,269.33251953125,271.79998779296875,276.3500061035156,14869400,282.6006774902344,283.4800109863281,281.6099853515625,8186500,111.0591812133789,111.08000183105469,111.20999908447266,4557500,6225.52001953125,6225.52001953125,6234.02978515625,5739030000,22702.25,22702.25,22735.259765625,8437480000,549.1204223632812,552.3400268554688,553.3800048828125,36153300,612.0220336914062,620.3400268554688,621.3499755859375,59024600,4.414999961853027,4.414999961853027,4.414999961853027,0,74.66622924804688,79.98999786376953,80.08999633789062,31358900,102.47516632080078,108.0999984741211,108.16000366210938,29374900
2025-07-09,232.65823364257812,235.80999755859375,235.50999450683594,10871600,498.5815124511719,503.510009765625,500.29998779296875,18659500,222.5399932861328,222.5399932861328,221.07000732421875,38155100,176.0044403076172,176.6199951171875,175.25,43025600,153.0500030517578,153.0500030517578,155.1999969482422,9572200.0,162.48153686523438,162.8800048828125,161.22000122070312,183656400,275.377197265625,277.8999938964844,272.9599914550781,20133000,284.53466796875,285.4200134277344,284.7300109863281,6810700,111.39910888671875,111.41999816894531,111.5,4073500,6263.259765625,6263.259765625,6243.330078125,4813340000,22864.91015625,22864.91015625,22800.359375,9978310000,553.007568359375,556.25,554.47998046875,43045500,615.6920776367188,624.0599975585938,622.77001953125,66113300,4.3420000076293945,4.3420000076293945,4.416999816894531,0,74.87158966064453,80.20999908447266,80.13999938964844,30277500,103.06291198730469,108.72000122070312,108.3499984741211,33182900
2025-07-10,232.3517303466797,235.0,239.94000244140625,11486300,496.5713195800781,501.4800109863281,503.04998779296875,16492100,222.25999450683594,222.25999450683594,221.5500030517578,30370600,177.00096130371094,177.6199951171875,175.6300048828125,29252400,138.2899932861328,138.2899932861328,152.8000030517578,16519500.0,163.69854736328125,164.10000610351562,164.32000732421875,167704100,272.89984130859375,275.3999938964844,279.7900085449219,17891600,286.62811279296875,287.5199890136719,287.8900146484375,5635200,109.1295394897461,109.1500015258789,111.41999816894531,6052200,6280.4599609375,6280.4599609375,6266.7998046875,5367350000,22829.259765625,22829.259765625,22890.4296875,9781380000,552.2122192382812,555.4500122070312,556.8900146484375,34710900,617.4285278320312,625.8200073242188,624.2000122070312,57529000,4.3460001945495605,4.3460001945495605,4.3460001945495605,0,74.79690551757812,80.12999725341797,80.20999908447266,28776200,103.08184051513672,108.73999786376953,108.68000030517578,29758900
2025-07-11,227.96176147460938,230.55999755859375,231.3699951171875,10208200,498.393310546875,503.32000732421875,498.4700012207031,16459500,225.02000427246094,225.02000427246094,223.5800018310547,50518300,179.56199645996094,180.19000244140625,176.7899932861328,34282900,125.83999633789062,125.83999633789062,132.9250030517578,15721900.0,164.51654052734375,164.9199981689453,163.72000122070312,193633300,271.8891296386719,274.3800048828125,274.1400146484375,14274700,286.59820556640625,287.489990234375,286.4700012207031,5677000,107.45985412597656,107.4800033569336,108.5999984741211,3759900,6259.75,6259.75,6255.68017578125,4656210000,22780.599609375,22780.599609375,22757.990234375,8135800000,550.9695434570312,554.2000122070312,553.2999877929688,39618600,615.258056640625,623.6199951171875,622.739990234375,63670200,4.422999858856201,4.422999858856201,4.388000011444092,0,74.70357513427734,80.02999877929688,80.04000091552734,30482200,102.45619201660156,108.08000183105469,108.26000213623047,23776000
2025-07-14,226.69618225097656,229.27999877929688,229.4499969482422,11337000,498.09625244140625,503.0199890136719,501.5199890136719,12058800,225.69000244140625,225.69000244140625,225.07000732421875,35702600,180.92723083496094,181.55999755859375,181.00999450683594,32536600,132.375,132.375,130.3800048828125,11432900.0,163.66864013671875,164.07000732421875,165.3699951171875,136975800,273.0980529785156,275.6000061035156,274.1300048828125,11934200,284.4349670410156,285.32000732421875,286.29998779296875,7455800,109.0295639038086,109.05000305175781,107.63999938964844,5400700,6268.56005859375,6268.56005859375,6255.14990234375,4722250000,22855.630859375,22855.630859375,22780.189453125,8010060000,552.9678344726562,556.2100219726562,553.989990234375,36453300,616.4320678710938,624.8099975585938,623.1599731445312,51898500,4.427000045776367,4.427000045776367,4.433000087738037,0,74.75957489013672,80.08999633789062,80.01000213623047,23716200,102.42776489257812,108.05000305175781,108.0199966430664,18216500
2025-07-15,232.31219482421875,234.9600067138672,232.41000366210938,10728800,500.86883544921875,505.82000732421875,503.0199890136719,14927200,226.35000610351562,226.35000610351562,226.1999969482422,34907300,181.36569213867188,182.0,182.80999755859375,33448300,140.58999633789062,140.58999633789062,144.24000549316406,17316200.0,170.2824249267578,170.6999969482422,171.19000244140625,230627400,278.3895568847656,280.94000244140625,279.80999755859375,17918400,289.89794921875,290.79998779296875,291.6700134277344,9892500,108.96956634521484,108.98999786376953,109.2300033569336,4653000,6243.759765625,6243.759765625,6295.2900390625,5133670000,22884.58984375,22884.58984375,23036.859375,8399060000,553.474853515625,556.719970703125,560.25,43277700,613.7978515625,622.1400146484375,627.52001953125,74317300,4.488999843597412,4.488999843597412,4.431000232696533,0,74.53553771972656,79.8499984741211,80.16000366210938,37039500,102.05805969238281,107.66000366210938,108.27999877929688,31329400
2025-07-16,238.5807342529297,241.3000030517578,235.5,12597500,500.6708679199219,505.6199951171875,505.17999267578125,15154400,223.19000244140625,223.19000244140625,225.8800048828125,39535900,182.3323211669922,182.97000122070312,183.24000549316406,33104200,143.0399932861328,143.0399932861328,143.14999389648438,10835400.0,170.9507598876953,171.3699951171875,171.05999755859375,158831500,278.2607116699219,280.80999755859375,280.1099853515625,15031000,288.3826599121094,289.2799987792969,288.5,10065900,109.78941345214844,109.80999755859375,109.44999694824219,4267800,6263.7001953125,6263.7001953125,6254.5,5177460000,22907.970703125,22907.970703125,22895.30078125,9056640000,554.04150390625,557.2899780273438,557.280029296875,52314700,615.8499755859375,624.219970703125,623.739990234375,88987500,4.454999923706055,4.454999923706055,4.474999904632568,0,74.7315673828125,80.05999755859375,79.94999694824219,39780100,102.21922302246094,107.83000183105469,107.91000366210938,41794100
2025-07-17,245.94677734375,248.75,243.33999633789062,17631300,506.6912841796875,511.70001220703125,505.67999267578125,17503100,223.8800048828125,223.8800048828125,223.32000732421875,31855800,182.94020080566406,183.5800018310547,182.13999938964844,31992600,132.2100067138672,132.2100067138672,141.3699951171875,12204700.0,172.57676696777344,173.0,172.02000427246094,160841100,283.84954833984375,286.45001220703125,281.1400146484375,17231100,290.80511474609375,291.7099914550781,290.04998779296875,6998300,111.28913116455078,111.30999755859375,109.95999908447266,3706500,6297.35986328125,6297.35986328125,6263.39990234375,5512290000,23081.05078125,23081.05078125,22931.01953125,9994550000,558.5252075195312,561.7999877929688,558.02001953125,40423800,619.6187133789062,628.0399780273438,624.4000244140625,68885700,4.4629998207092285,4.4629998207092285,4.4770002365112305,0,74.80624389648438,80.13999938964844,80.04000091552734,25703200,102.46568298339844,108.08999633789062,108.04000091552734,19396900
2025-07-18,242.68397521972656,245.4499969482422,248.5,9678100,505.0574035644531,510.04998779296875,514.47998046875,21209700,226.1300048828125,226.1300048828125,225.13999938964844,37833800,184.41502380371094,185.05999755859375,185.39999389648438,34014500,123.0199966430664,123.0199966430664,132.52000427246094,12863600.0,171.9882354736328,172.41000366210938,173.63999938964844,146456400,280.7677917480469,283.3399963378906,287.1099853515625,15012400,289.40948486328125,290.30999755859375,292.9100036621094,5522100,111.03917694091797,111.05999755859375,111.77999877929688,3865100,6296.7900390625,6296.7900390625,6312.9501953125,5184700000,23065.470703125,23065.470703125,23135.08984375,9354580000,557.9883422851562,561.260009765625,563.1199951171875,50484700,619.1649169921875,627.5800170898438,629.2999877929688,65621600,4.432000160217285,4.432000160217285,4.423999786376953,0,74.90892791748047,80.25,80.26000213623047,27686400,102.65526580810547,108.29000091552734,108.38999938964844,17446200
2025-07-21,240.7954864501953,243.5399932861328,245.30999755859375,7348400,505.0673522949219,510.05999755859375,506.7099914550781,14066800,229.3000030517578,229.3000030517578,225.83999633789062,40297600,189.43746948242188,190.10000610351562,186.25,45803100,124.91000366210938,124.91000366210938,126.52999877929688,11231200.0,170.9607391357422,171.3800048828125,172.75,123126100,285.59356689453125,288.2099914550781,283.9599914550781,17726800,289.6088562011719,290.510009765625,290.6700134277344,5910900,111.18915557861328,111.20999908447266,111.33000183105469,3524500,6305.60009765625,6305.60009765625,6304.740234375,5010840000,23180.060546875,23180.060546875,23124.970703125,12046970000,560.8814086914062,564.1699829101562,562.0900268554688,39595200,620.3389892578125,628.77001953125,628.77001953125,63375000,4.372000217437744,4.372000217437744,4.368000030517578,0,75.01160430908203,80.36000061035156,80.31999969482422,28483300,103.05341339111328,108.70999908447266,108.86000061035156,17147100
2025-07-22,235.4266815185547,238.11000061035156,241.97999572753906,11380900,500.32421875,505.2699890136719,510.9700012207031,13868600,227.47000122070312,227.47000122070312,229.67999267578125,37483700,190.67312622070312,191.33999633789062,191.5,44660200,129.77000427246094,129.77000427246094,125.92500305175781,9407300.0,166.6213836669922,167.02999877929688,171.33999633789062,193114300,276.0609130859375,278.5899963378906,287.6499938964844,16564800,284.48480224609375,285.3699951171875,289.739990234375,11537500,110.87921142578125,110.9000015258789,111.19000244140625,4441800,6309.6201171875,6309.6201171875,6306.60009765625,5662040000,23063.580078125,23063.580078125,23182.01953125,10583710000,557.9784545898438,561.25,564.2999877929688,43270600,620.427734375,628.8599853515625,629.0999755859375,60046300,4.335999965667725,4.335999965667725,4.372000217437744,0,75.14228820800781,80.5,80.44000244140625,26017700,103.29988861083984,108.97000122070312,108.76000213623047,19568700
2025-07-23,239.17396545410156,241.89999389648438,239.9499969482422,7255800,500.9183349609375,505.8699951171875,506.75,16396600,228.2899932861328,228.2899932861328,228.47000122070312,28294900,189.56703186035156,190.22999572753906,191.5,58681900,126.05000305175781,126.05000305175781,132.0,6691200.0,170.36221313476562,170.77999877929688,169.52999877929688,154082200,281.1145935058594,283.69000244140625,276.7799987792969,20556200,285.720947265625,286.6099853515625,285.29998779296875,8194600,111.7890396118164,111.80999755859375,111.30999755859375,3086500,6358.91015625,6358.91015625,6326.89990234375,5642510000,23162.41015625,23162.41015625,23100.25,10972770000,560.5234985351562,563.8099975585938,562.3400268554688,40215300,625.7061157226562,634.2100219726562,631.5499877929688,70511000,4.388000011444092,4.388000011444092,4.357999801635742,0,75.17963409423828,80.54000091552734,80.5199966430664,26025000,103.13874053955078,108.80000305175781,108.76000213623047,20810400
2025-07-24,240.09349060058594,242.8300018310547,242.41000366210938,8237900,505.8793640136719,510.8800048828125,508.7699890136719,16107000,232.22999572753906,232.22999572753906,229.1699981689453,42902300,191.500244140625,192.1699981689453,197.02999877929688,74881700,120.0,120.0,125.75,7629900.0,173.3149871826172,173.74000549316406,172.44000244140625,128984600,286.0890197753906,288.7099914550781,289.7900085449219,16413800,286.9072570800781,287.79998779296875,287.19000244140625,5902600,112.06898498535156,112.08999633789062,112.18000030517578,6031600,6363.35009765625,6363.35009765625,6368.60009765625,5282720000,23219.869140625,23219.869140625,23228.7890625,12741070000,561.7166137695312,565.010009765625,565.1300048828125,42275500,625.9131469726562,634.4199829101562,634.5999755859375,71307100,4.4079999923706055,4.4079999923706055,4.4079999923706055,0,75.0862808227539,80.44000244140625,80.44000244140625,27013700,102.987060546875,108.63999938964844,108.44000244140625,23064800
2025-07-25,242.35768127441406,245.1199951171875,242.33999633789062,7149600,508.681640625,513.7100219726562,512.469970703125,19125700,231.44000244140625,231.44000244140625,232.22000122070312,28712100,192.50672912597656,193.17999267578125,191.97999572753906,39785900,115.62000274658203,115.62000274658203,119.93000030517578,10297500.0,173.07557678222656,173.5,173.61000061035156,122316800,287.545654296875,290.17999267578125,288.07000732421875,12476200,286.59820556640625,287.489990234375,286.2300109863281,4014900,112.66887664794922,112.69000244140625,112.0,2808000,6388.64013671875,6388.64013671875,6370.009765625,4470720000,23272.25,23272.25,23204.66015625,11028310000,563.068603515625,566.3699951171875,564.9299926757812,30630800,628.5571899414062,637.0999755859375,635.0900268554688,56865400,4.386000156402588,4.386000156402588,4.415999889373779,0,75.13294982910156,80.48999786376953,80.5,30123100,103.31885528564453,108.98999786376953,108.69000244140625,26008500
2025-07-28,244.91851806640625,247.7100067138672,246.0,6756800,507.4834289550781,512.5,514.0800170898438,14308000,232.7899932861328,232.7899932861328,233.35000610351562,26300100,191.9088134765625,192.5800018310547,193.64999389648438,38139500,110.27999877929688,110.27999877929688,115.0,9628100.0,176.317626953125,176.75,174.02000427246094,140023500,291.62823486328125,294.29998779296875,292.4599914550781,13683400,290.5060729980469,291.4100036621094,289.7799987792969,5671900,112.85884094238281,112.87999725341797,113.2300033569336,3675600,6389.77001953125,6389.77001953125,6397.68994140625,4565620000,23356.26953125,23356.26953125,23343.130859375,10612580000,564.8282470703125,568.1400146484375,567.739990234375,31498700,628.3994750976562,636.9400024414062,637.47998046875,54917100,4.420000076293945,4.420000076293945,4.400000095367432,0,75.09561920166016,80.44999694824219,80.5199966430664,22093800,103.11029052734375,108.7699966430664,108.86000061035156,21887900
2025-07-29,247.16290283203125,249.97999572753906,248.6999969482422,8415300,507.5527648925781,512.5700073242188,515.530029296875,16469200,231.00999450683594,231.00999450683594,234.14999389648438,33716200,195.06776428222656,195.75,192.42999267578125,41389200,108.73999786376953,108.73999786376953,108.83999633789062,10513300.0,175.08062744140625,175.50999450683594,177.9600067138672,154077500,294.7200012207031,297.4200134277344,297.5,19210800,291.9914245605469,292.8999938964844,293.55999755859375,6968700,112.98881530761719,113.01000213623047,113.83000183105469,3443500,6370.85986328125,6370.85986328125,6405.6201171875,5076120000,23308.30078125,23308.30078125,23477.83984375,10040610000,563.953369140625,567.260009765625,570.760009765625,45463300,626.741943359375,635.260009765625,638.3499755859375,60556300,4.329999923706055,4.329999923706055,4.381999969482422,0,75.14228820800781,80.5,80.48999786376953,21371800,103.79283142089844,109.48999786376953,108.94999694824219,26131300
2025-07-30,247.77593994140625,250.60000610351562,248.63999938964844,8441400,508.2162170410156,513.239990234375,515.1699829101562,26380400,230.19000244140625,230.19000244140625,231.63999938964844,32993300,195.84507751464844,196.52999877929688,195.60000610351562,32445400,102.88999938964844,102.88999938964844,108.75499725341797,11052000.0,178.83145141601562,179.27000427246094,176.50999450683594,174312200,299.8727722167969,302.6199951171875,297.1499938964844,16738900,295.3410339355469,296.260009765625,294.760009765625,7930300,112.69886779785156,112.72000122070312,112.97000122070312,4062600,6362.89990234375,6362.89990234375,6381.22998046875,5375070000,23345.41015625,23345.41015625,23337.330078125,9311770000,564.7090454101562,568.02001953125,568.1799926757812,43433800,625.9526977539062,634.4600219726562,635.9199829101562,80418900,4.375999927520752,4.375999927520752,4.343999862670898,0,74.98360443115234,80.33000183105469,80.44999694824219,38392400,103.4041748046875,109.08000183105469,109.08999633789062,23313300
2025-07-31,250.91021728515625,253.77000427246094,255.77000427246094,15548700,528.2779541015625,533.5,555.22998046875,51617300,234.11000061035156,234.11000061035156,235.77000427246094,104357300,191.23117065429688,191.89999389648438,195.7100067138672,51329200,114.12999725341797,114.12999725341797,112.62999725341797,24987800.0,177.4348602294922,177.8699951171875,182.89999389648438,221685400,291.0337219238281,293.70001220703125,302.79998779296875,25488500,287.88421630859375,288.7799987792969,294.70001220703125,9928100,111.63906860351562,111.66000366210938,114.13999938964844,5099300,6339.39013671875,6339.39013671875,6427.02001953125,6077080000,23218.119140625,23218.119140625,23589.369140625,9917220000,561.7166137695312,565.010009765625,574.5399780273438,64613600,623.6045532226562,632.0800170898438,639.4600219726562,103385200,4.360000133514404,4.360000133514404,4.343999862670898,0,75.0302734375,80.37999725341797,80.4000015258789,41501300,103.4325942993164,109.11000061035156,109.41000366210938,31745000
2025-08-01,241.6655731201172,244.4199981689453,247.8300018310547,12718200,518.9797973632812,524.1099853515625,535.0,28977600,214.75,214.75,217.2100067138672,122258800,188.47084045410156,189.1300048828125,189.02999877929688,34832200,104.13999938964844,104.13999938964844,104.9000015258789,13055000.0,173.29502868652344,173.72000122070312,174.08999633789062,204529000,286.0196838378906,288.6400146484375,286.5400085449219,21428100,283.0692138671875,283.95001220703125,282.9100036621094,14032200,108.60963439941406,108.62999725341797,110.27999877929688,6882700,6238.009765625,6238.009765625,6287.27978515625,5827150000,22763.310546875,22763.310546875,22941.060546875,9667420000,550.6513671875,553.8800048828125,558.8300170898438,69400800,613.3834838867188,621.719970703125,626.2999877929688,140103600,4.21999979019165,4.21999979019165,4.4039998054504395,0,75.03401947021484,79.9800033569336,80.04000091552734,68963100,104.35017395019531,109.62999725341797,109.31999969482422,46073800
2025-08-04,249.68418884277344,252.52999877929688,245.89999389648438,8614800,530.3968505859375,535.6400146484375,528.27001953125,25349000,211.64999389648438,211.64999389648438,217.39999389648438,77890100,194.3602294921875,195.0399932861328,190.2899932861328,31547400,106.01000213623047,106.01000213623047,106.67500305175781,9034900.0,179.55967712402344,180.0,175.16000366210938,148174600,295.0172424316406,297.7200012207031,292.20001220703125,17164600,289.28985595703125,290.19000244140625,286.2900085449219,5323200,110.95919799804688,110.9800033569336,109.69000244140625,4878400,6329.93994140625,6329.93994140625,6271.7099609375,4842580000,23188.609375,23188.609375,22986.76953125,7355970000,560.8118286132812,564.0999755859375,559.0499877929688,47669800,622.7067260742188,631.1699829101562,625.6699829101562,73218000,4.199999809265137,4.199999809265137,4.223999977111816,0,75.2873306274414,80.25,80.08999633789062,37539200,104.53103637695312,109.81999969482422,109.77999877929688,31779600
2025-08-05,252.78878784179688,255.6699981689453,255.41000366210938,11197300,522.584228515625,527.75,537.1799926757812,19171600,213.75,213.75,213.0500030517578,51505100,193.9915313720703,194.6699981689453,194.7100067138672,31602300,111.83999633789062,111.83999633789062,105.2249984741211,11902800.0,177.8238983154297,178.25999450683594,179.6199951171875,156407600,290.2707214355469,292.92999267578125,297.80999755859375,18477500,286.2094421386719,287.1000061035156,290.739990234375,6918300,110.52928161621094,110.55000305175781,111.98999786376953,3879300,6299.18994140625,6299.18994140625,6336.6298828125,5517410000,23018.560546875,23018.560546875,23235.310546875,7982940000,557.004150390625,560.27001953125,565.3900146484375,48666600,619.5496826171875,627.969970703125,631.7899780273438,68051400,4.196000099182129,4.196000099182129,4.211999893188477,0,75.24980163574219,80.20999908447266,80.20999908447266,29656300,104.607177734375,109.9000015258789,109.62999725341797,25922900
2025-08-06,253.54022216796875,256.42999267578125,256.8399963378906,9930200,519.8016967773438,524.9400024414062,530.9000244140625,21355700,222.30999755859375,222.30999755859375,214.6999969482422,54823000,195.40658569335938,196.08999633789062,194.5,21562900,110.23999786376953,110.23999786376953,110.5,7794300.0,178.9810791015625,179.4199981689453,176.3300018310547,137192300,298.931396484375,301.6700134277344,292.8999938964844,17392100,285.7309265136719,286.6199951171875,284.8299865722656,6124300,111.7890396118164,111.80999755859375,110.62000274658203,4873600,6345.06005859375,6345.06005859375,6309.2998046875,5408560000,23315.0390625,23315.0390625,23070.94921875,8580020000,564.0130615234375,567.3200073242188,561.1099853515625,41823700,624.295166015625,632.780029296875,629.0499877929688,64357500,4.21999979019165,4.21999979019165,4.230000019073486,0,75.32484436035156,80.29000091552734,80.20999908447266,30512900,104.57862091064453,109.87000274658203,109.6500015258789,31825300
2025-08-07,246.57955932617188,249.38999938964844,257.7099914550781,11954200,515.7417602539062,520.8400268554688,526.7999877929688,16079100,223.1300048828125,223.1300048828125,221.0,40603500,195.83509826660156,196.52000427246094,197.05999755859375,26321800,121.08000183105469,121.08000183105469,115.4800033569336,17715900.0,180.32777404785156,180.77000427246094,181.57000732421875,151878400,301.0024108886719,303.760009765625,306.1700134277344,16319400,290.2169494628906,291.1199951171875,292.8299865722656,8069400,109.57945251464844,109.5999984741211,112.3499984741211,6852700,6340.0,6340.0,6374.31982421875,5306090000,23389.529296875,23389.529296875,23483.419921875,8979190000,565.9219360351562,569.239990234375,571.6699829101562,44463000,623.7722778320312,632.25,636.239990234375,74205800,4.24399995803833,4.24399995803833,4.236999988555908,0,75.24980163574219,80.20999908447266,80.30999755859375,29405000,104.47392272949219,109.76000213623047,109.91000366210938,29018100
2025-08-08,247.2321319580078,250.0500030517578,250.02999877929688,8313300,516.9301147460938,522.0399780273438,522.5999755859375,15531000,222.69000244140625,222.69000244140625,223.13999938964844,32970500,200.718017578125,201.4199981689453,197.22000122070312,39161800,129.5500030517578,129.5500030517578,128.0500030517578,17159700.0,182.2530517578125,182.6999969482422,181.5500030517578,123396700,302.201416015625,304.9700012207031,304.04998779296875,12458700,292.6194763183594,293.5299987792969,291.92999267578125,5121600,109.60944366455078,109.62999725341797,110.12999725341797,5465400,6389.4501953125,6389.4501953125,6355.22021484375,4769910000,23611.26953125,23611.26953125,23458.130859375,8669200000,571.2008666992188,574.5499877929688,570.4500122070312,35255500,628.63623046875,637.1799926757812,634.0599975585938,64051600,4.284999847412109,4.284999847412109,4.260000228881836,0,75.25918579101562,80.22000122070312,80.19999694824219,24679000,104.1407699584961,109.41000366210938,109.63999938964844,16946300
2025-08-11,249.83248901367188,252.67999267578125,248.39999389648438,9012100,516.6627807617188,521.77001953125,522.2999877929688,20194400,221.3000030517578,221.3000030517578,221.77999877929688,31646200,200.29945373535156,201.0,200.94000244140625,25832400,139.77999877929688,139.77999877929688,134.8000030517578,19430300.0,181.6146240234375,182.05999755859375,182.0500030517578,138323200,301.14111328125,303.8999938964844,305.04998779296875,12396400,292.4898681640625,293.3999938964844,294.510009765625,5799700,108.34968566894531,108.37000274658203,109.30999755859375,6112700,6373.4501953125,6373.4501953125,6389.669921875,4652400000,23526.630859375,23526.630859375,23629.01953125,9099730000,569.5108032226562,572.8499755859375,574.6900024414062,33112900,627.39306640625,635.9199829101562,637.4600219726562,58742300,4.2729997634887695,4.2729997634887695,4.269000053405762,0,75.25918579101562,80.22000122070312,80.22000122070312,30159800,104.3025894165039,109.58000183105469,109.56999969482422,24444300
2025-08-12,250.99920654296875,253.86000061035156,252.5800018310547,9998400,524.0595703125,529.239990234375,523.75,18667000,221.47000122070312,221.47000122070312,222.22999572753906,37185800,202.63131713867188,203.33999633789062,201.3699951171875,30397900,148.75,148.75,135.8249969482422,28270300.0,182.71192932128906,183.16000366210938,182.9600067138672,145485700,309.99005126953125,312.8299865722656,306.6300048828125,17609600,299.1690979003906,300.1000061035156,295.2900085449219,7592800,109.53945922851562,109.55999755859375,108.80999755859375,5786200,6445.759765625,6445.759765625,6395.169921875,5135300000,23839.19921875,23839.19921875,23651.609375,8382820000,576.6688232421875,580.0499877929688,575.1599731445312,42143300,634.072265625,642.6900024414062,638.2899780273438,64730800,4.293000221252441,4.293000221252441,4.293000221252441,0,75.42805480957031,80.4000015258789,80.2699966430664,40846200,104.39776611328125,109.68000030517578,109.38999938964844,26380500
2025-08-13,241.4282684326172,244.17999267578125,257.1700134277344,14182100,515.484375,520.5800170898438,532.1099853515625,19619200,224.55999755859375,224.55999755859375,222.0,36508300,201.25613403320312,201.9600067138672,204.1300048828125,28342900,117.76000213623047,117.76000213623047,132.97500610351562,37157600.0,181.14576721191406,181.58999633789062,182.6199951171875,179871700,306.28399658203125,309.0899963378906,316.75,17371200,300.345458984375,301.2799987792969,301.8399963378906,8959700,109.51947021484375,109.54000091552734,110.37999725341797,8647400,6466.580078125,6466.580078125,6462.669921875,5195950000,23849.0390625,23849.0390625,23935.060546875,8763080000,576.9572143554688,580.3400268554688,582.760009765625,41209300,636.2427978515625,644.8900146484375,644.9099731445312,60092800,4.23799991607666,4.23799991607666,4.260000228881836,0,75.62506103515625,80.61000061035156,80.45999908447266,35039600,104.94984436035156,110.26000213623047,110.05999755859375,27701400
2025-08-14,242.19949340820312,244.9600067138672,244.9499969482422,10285600,517.36572265625,522.47998046875,522.5599975585938,20269100,230.97999572753906,230.97999572753906,227.39999389648438,61545800,202.2327423095703,202.94000244140625,201.5,25230400,99.50499725341797,99.50499725341797,115.26000213623047,51195200.0,181.57472229003906,182.02000427246094,179.75,129554000,308.4046325683594,311.2300109863281,307.010009765625,15717600,300.98345947265625,301.9200134277344,298.0,5827000,108.31968688964844,108.33999633789062,108.88999938964844,12649300,6468.5400390625,6468.5400390625,6453.4599609375,4462050000,23832.439453125,23832.439453125,23775.009765625,9110860000,576.5098266601562,579.8900146484375,578.280029296875,45425000,636.3020629882812,644.9500122070312,642.7899780273438,59327500,4.293000221252441,4.293000221252441,4.208000183105469,0,75.42805480957031,80.4000015258789,80.48999786376953,36559900,104.588134765625,109.87999725341797,110.0,18817700
2025-08-15,245.48208618164062,248.27999877929688,246.9199981689453,11554000,515.078369140625,520.1699829101562,522.77001953125,25213300,231.02999877929688,231.02999877929688,232.5800018310547,39649200,203.18936157226562,203.89999389648438,203.85000610351562,34931400,99.97000122070312,99.97000122070312,95.9000015258789,52661100.0,180.00856018066406,180.4499969482422,181.8800048828125,156602200,303.5589904785156,306.3399963378906,311.0299987792969,22806900,294.73291015625,295.6499938964844,299.3599853515625,9026300,109.08954620361328,109.11000061035156,108.52999877929688,5601400,6449.7998046875,6449.7998046875,6477.3798828125,4575060000,23712.0703125,23712.0703125,23809.0,8158830000,573.9746704101562,577.3400268554688,579.7999877929688,49480200,634.812255859375,643.4400024414062,645.989990234375,68592500,4.328000068664551,4.328000068664551,4.293000221252441,0,75.48433685302734,80.45999908447266,80.47000122070312,22754000,104.45487976074219,109.73999786376953,109.83999633789062,20932000
2025-08-18,246.26319885253906,249.07000732421875,246.1999969482422,6759900,512.0384521484375,517.0999755859375,521.5900268554688,23760600,231.49000549316406,231.49000549316406,230.22999572753906,25248900,202.790771484375,203.5,204.1999969482422,18526600,96.80000305175781,96.80000305175781,102.20999908447266,33761100.0,181.56472778320312,182.00999450683594,180.60000610351562,132008000,302.9842529296875,305.760009765625,302.70001220703125,14724700,295.93914794921875,296.8599853515625,294.9200134277344,5577500,109.38949584960938,109.41000366210938,108.87999725341797,3770800,6449.14990234375,6449.14990234375,6445.02001953125,4162290000,23713.759765625,23713.759765625,23692.130859375,8260970000,573.7459716796875,577.1099853515625,576.4400024414062,29831000,634.6741333007812,643.2999877929688,642.8599853515625,43804900,4.341000080108643,4.341000080108643,4.297999858856201,0,75.42805480957031,80.4000015258789,80.44000244140625,25400800,104.26451110839844,109.54000091552734,109.81999969482422,19579900
2025-08-19,231.97601318359375,234.6199951171875,249.25,16819300,504.7801818847656,509.7699890136719,515.0,21481000,228.00999450683594,228.00999450683594,230.08999633789062,29891000,200.86749267578125,201.57000732421875,203.02999877929688,24240200,92.88999938964844,92.88999938964844,96.44000244140625,32158900.0,175.2103271484375,175.63999938964844,182.42999267578125,185229200,292.2327575683594,294.9100036621094,302.4200134277344,20149600,289.9677429199219,290.8699951171875,296.8599853515625,8191900,106.56002044677734,106.58000183105469,109.58999633789062,7277100,6411.3701171875,6411.3701171875,6446.240234375,4377440000,23384.76953125,23384.76953125,23689.01953125,8461660000,565.961669921875,569.280029296875,576.3900146484375,53752600,631.2308959960938,639.8099975585938,643.1199951171875,69750700,4.302000045776367,4.302000045776367,4.323999881744385,0,75.40928649902344,80.37999725341797,80.44999694824219,21700500,104.42632293701172,109.70999908447266,109.68000030517578,26744200
2025-08-20,232.41104125976562,235.05999755859375,232.17999267578125,11256400,500.769775390625,505.7200012207031,509.8699951171875,27723000,223.80999755859375,223.80999755859375,227.1199951171875,36604300,198.62533569335938,199.32000732421875,200.72999572753906,28955500,91.5199966430664,91.5199966430664,90.15499877929688,32919800.0,174.97091674804688,175.39999389648438,175.1699981689453,215142700,288.5267028808594,291.1700134277344,295.4599914550781,23600500,288.06365966796875,288.9599914550781,290.0,10091000,106.31006622314453,106.33000183105469,105.95999908447266,7324500,6395.77978515625,6395.77978515625,6406.6201171875,4470390000,23249.5703125,23249.5703125,23343.41015625,7810310000,562.6013793945312,565.9000244140625,568.3300170898438,76781100,629.5537719726562,638.1099853515625,639.4000244140625,88890300,4.296000003814697,4.296000003814697,4.297999858856201,0,75.38114166259766,80.3499984741211,80.41000366210938,29704900,104.47392272949219,109.76000213623047,109.66999816894531,25054700
2025-08-21,230.532470703125,233.16000366210938,233.0500030517578,7403100,500.1250915527344,504.239990234375,503.69000244140625,18443300,221.9499969482422,221.9499969482422,222.64999389648438,32140500,199.0538330078125,199.75,199.75,19774600,90.79000091552734,90.79000091552734,94.01499938964844,27261800.0,174.55191040039062,174.97999572753906,174.85000610351562,140040900,286.970947265625,289.6000061035156,290.05999755859375,14946300,286.56829833984375,287.4599914550781,287.7799987792969,6067700,105.94013977050781,105.95999908447266,105.79000091552734,2062500,6370.169921875,6370.169921875,6380.830078125,4013560000,23142.580078125,23142.580078125,23182.759765625,6530580000,559.9966430664062,563.280029296875,564.3499755859375,46436900,627.028076171875,635.5499877929688,636.280029296875,54805800,4.329999923706055,4.329999923706055,4.315999984741211,0,75.24040985107422,80.19999694824219,80.26000213623047,35825900,104.07414245605469,109.33999633789062,109.55999755859375,25157900
2025-08-22,233.706298828125,236.3699951171875,234.05999755859375,9343600,503.09075927734375,507.2300109863281,504.25,24324200,228.83999633789062,228.83999633789062,222.7899932861328,37315300,205.3717498779297,206.08999633789062,202.72999572753906,42827000,93.98999786376953,93.98999786376953,91.08999633789062,34000400.0,177.55458068847656,177.99000549316406,172.61000061035156,172789400,291.3310241699219,294.0,291.75,16301300,292.7291564941406,293.6400146484375,287.6300048828125,5810400,107.43985748291016,107.45999908447266,105.5,4831500,6466.91015625,6466.91015625,6384.58984375,5046860000,23498.119140625,23498.119140625,23184.990234375,9401300000,568.6359252929688,571.969970703125,564.6699829101562,51502100,636.6571044921875,645.3099975585938,637.760009765625,84083200,4.260000228881836,4.260000228881836,4.315999984741211,0,75.8502197265625,80.8499984741211,80.31999969482422,59541500,104.89271545410156,110.19999694824219,109.6500015258789,34562900
2025-08-25,232.7571258544922,235.41000366210938,237.35000610351562,6308600,500.1449890136719,504.260009765625,506.6300048828125,21638600,227.94000244140625,227.94000244140625,227.35000610351562,22633700,207.76336669921875,208.49000549316406,206.42999267578125,29928900,92.37999725341797,92.37999725341797,94.0,14803400.0,179.3701171875,179.80999755859375,178.35000610351562,163012800,291.5589294433594,294.2300109863281,292.80999755859375,15124700,293.00830078125,293.9200134277344,293.75,4965000,106.67000579833984,106.69000244140625,107.18000030517578,2665500,6439.31982421875,6439.31982421875,6457.669921875,4059070000,23425.609375,23425.609375,23454.279296875,8443200000,566.9955444335938,570.3200073242188,570.4000244140625,34044700,633.8552856445312,642.469970703125,644.0399780273438,51274300,4.275000095367432,4.275000095367432,4.281000137329102,0,75.70011901855469,80.69000244140625,80.77999877929688,32714800,104.61669921875,109.91000366210938,109.97000122070312,18983100
2025-08-26,231.57064819335938,234.2100067138672,235.0,11805200,497.9430847167969,502.0400085449219,504.3599853515625,30835700,228.7100067138672,228.7100067138672,227.11000061035156,26105400,206.41807556152344,207.13999938964844,207.50999450683594,28464100,91.38999938964844,91.38999938964844,91.81999969482422,16042700.0,181.32533264160156,181.77000427246094,180.05999755859375,168688200,295.3045654296875,298.010009765625,294.3500061035156,25689100,295.8294982910156,296.75,294.82000732421875,4967100,106.5500259399414,106.56999969482422,106.58999633789062,3997900,6465.93994140625,6465.93994140625,6435.490234375,4867680000,23525.2890625,23525.2890625,23420.849609375,9087930000,569.272216796875,572.6099853515625,569.8300170898438,34103000,636.5091552734375,645.1599731445312,642.2000122070312,51581600,4.257999897003174,4.257999897003174,4.2769999504089355,0,75.86900329589844,80.87000274658203,80.79000091552734,33659900,104.6928482055664,109.98999786376953,109.88999938964844,23246400
2025-08-27,233.15260314941406,235.80999755859375,235.0,5637600,502.6047058105469,506.739990234375,502.0,17277900,229.1199951171875,229.1199951171875,228.57000732421875,21254500,206.75689697265625,207.47999572753906,205.6999969482422,23022900,96.93000030517578,96.93000030517578,93.94999694824219,32747400.0,181.15576171875,181.60000610351562,181.97999572753906,235518900,297.5242614746094,300.25,297.5299987792969,13830300,296.7366638183594,297.6600036621094,295.8500061035156,5646200,107.42985534667969,107.44999694824219,107.0,3902100,6481.39990234375,6481.39990234375,6462.259765625,4143680000,23565.849609375,23565.849609375,23499.669921875,8040510000,570.1470947265625,573.489990234375,571.5900268554688,36927100,637.95947265625,646.6300048828125,644.5700073242188,48341100,4.23799991607666,4.23799991607666,4.2729997634887695,0,75.96280670166016,80.97000122070312,80.81999969482422,24335000,104.73090362548828,110.02999877929688,109.68000030517578,25171700
2025-08-28,237.61178588867188,240.32000732421875,235.5399932861328,8691500,505.4810485839844,509.6400146484375,507.0899963378906,18015600,231.60000610351562,231.60000610351562,229.00999450683594,33679600,210.9023895263672,211.63999938964844,207.25,32339300,102.79000091552734,102.79000091552734,100.63999938964844,45313200.0,179.72923278808594,180.1699981689453,180.82000732421875,281787800,305.8479919433594,308.6499938964844,302.92999267578125,18907100,297.952880859375,298.8800048828125,298.1000061035156,7194000,109.06954956054688,109.08999633789062,107.68000030517578,3945900,6501.85986328125,6501.85986328125,6483.83984375,4283760000,23703.44921875,23703.44921875,23601.349609375,7807080000,573.7161865234375,577.0800170898438,574.1099853515625,46787900,640.21875,648.9199829101562,647.239990234375,61519500,4.206999778747559,4.206999778747559,4.234000205993652,0,76.00032806396484,81.01000213623047,80.97000122070312,24203800,104.89271545410156,110.19999694824219,110.08000183105469,26892700
2025-08-29,223.58169555664062,226.1300048828125,237.61000061035156,16618600,502.5551452636719,506.69000244140625,508.6600036621094,20961600,229.0,229.0,231.32000732421875,26199200,212.16796875,212.91000366210938,210.50999450683594,39728400,103.04000091552734,103.04000091552734,100.9000015258789,24208300.0,173.75387573242188,174.17999267578125,178.11000061035156,243257900,294.69024658203125,297.3900146484375,307.010009765625,21610700,289.3895568847656,290.2900085449219,295.55999755859375,13420900,108.0797348022461,108.0999984741211,109.18000030517578,5896700,6460.259765625,6460.259765625,6489.27978515625,4234840000,23415.419921875,23415.419921875,23607.5390625,7715430000,567.0751953125,570.4000244140625,574.6599731445312,56030400,636.400634765625,645.0499877929688,647.469970703125,74522200,4.2270002365112305,4.2270002365112305,4.228000164031982,0,75.859619140625,80.86000061035156,80.98999786376953,35070300,104.51201629638672,109.80000305175781,109.98999786376953,32201100
2025-09-02,222.76104736328125,225.3000030517578,222.0,10461900,500.9979248046875,505.1199951171875,500.4700012207031,18128000,225.33999633789062,225.33999633789062,223.52000427246094,38843900,210.61341857910156,211.35000610351562,208.44000244140625,47523000,93.33999633789062,93.33999633789062,96.62999725341797,33402500.0,170.36221313476562,170.77999877929688,170.0,231164900,295.53253173828125,298.239990234375,289.3399963378906,19693000,285.59136962890625,286.4800109863281,283.0899963378906,11543700,107.24988555908203,107.2699966430664,106.05000305175781,4474800,6415.5400390625,6415.5400390625,6401.509765625,4784000000,23231.109375,23231.109375,23020.470703125,8183410000,562.3229370117188,565.6199951171875,561.3099975585938,65876800,631.6847534179688,640.27001953125,637.5,81983500,4.2769999504089355,4.2769999504089355,4.297999858856201,0,75.777587890625,80.38999938964844,80.2699966430664,51804000,104.16239166259766,109.05000305175781,108.87999725341797,31044800
2025-09-03,220.93190002441406,223.4499969482422,225.89999389648438,8900800,501.22607421875,505.3500061035156,503.7900085449219,16345100,225.99000549316406,225.99000549316406,225.2100067138672,29223100,229.8561248779297,230.66000366210938,226.2100067138672,103336100,89.87999725341797,89.87999725341797,93.74500274658203,18944000.0,170.20260620117188,170.6199951171875,171.05999755859375,164424900,299.64483642578125,302.3900146484375,302.2900085449219,18529400,285.54150390625,286.42999267578125,287.3599853515625,7249600,107.29988098144531,107.31999969482422,107.36000061035156,3316600,6448.259765625,6448.259765625,6445.81982421875,4465360000,23414.83984375,23414.83984375,23388.279296875,7488290000,566.7470092773438,570.0700073242188,569.22998046875,54230200,635.1082153320312,643.739990234375,642.6699829101562,70820900,4.210999965667725,4.210999965667725,4.269000053405762,0,75.9849853515625,80.61000061035156,80.41000366210938,34283100,104.78325653076172,109.69999694824219,109.26000213623047,34520600
2025-09-04,220.4869842529297,223.0,222.0,10303100,503.8247375488281,507.9700012207031,504.29998779296875,15509500,235.67999267578125,235.67999267578125,231.19000244140625,59391800,231.4904022216797,232.3000030517578,229.64999389648438,51684200,87.4800033569336,87.4800033569336,88.4800033569336,17805100.0,171.24005126953125,171.66000366210938,170.57000732421875,141670100,303.3211669921875,306.1000061035156,305.05999755859375,31220800,288.9608459472656,289.8599853515625,285.239990234375,8079300,106.8199691772461,106.83999633789062,106.51000213623047,10649900,6502.080078125,6502.080078125,6456.60009765625,4670770000,23633.009765625,23633.009765625,23442.189453125,7282150000,571.8768920898438,575.22998046875,570.739990234375,47526300,640.4160766601562,649.1199951171875,644.4199829101562,65219200,4.176000118255615,4.176000118255615,4.190000057220459,0,76.19235229492188,80.83000183105469,80.66000366210938,37999700,105.49964141845703,110.44999694824219,110.08000183105469,43026600
2025-09-05,230.17652893066406,232.8000030517578,232.5500030517578,15386100,490.9605712890625,495.0,509.07000732421875,31994800,232.3300018310547,232.3300018310547,235.19000244140625,36721800,234.1809844970703,235.0,232.1999969482422,46588900,89.08999633789062,89.08999633789062,90.0199966430664,18448500.0,166.61141967773438,167.02000427246094,168.02999877929688,224441400,331.8498229980469,334.8900146484375,355.7799987792969,78401600,292.3702697753906,293.2799987792969,295.07000732421875,9809600,108.1197280883789,108.13999938964844,108.0999984741211,5579100,6481.5,6481.5,6529.080078125,5066120000,23652.439453125,23652.439453125,23841.98046875,8413730000,572.7020874023438,576.0599975585938,580.489990234375,68342500,638.561279296875,647.239990234375,651.47998046875,85178900,4.085999965667725,4.085999965667725,4.138000011444092,0,76.23006439208984,80.87000274658203,80.9800033569336,39147800,106.18738555908203,111.16999816894531,111.20999908447266,36249000
2025-09-08,235.79251098632812,238.47999572753906,239.88999938964844,18803000,494.1344299316406,498.20001220703125,498.1099853515625,16771000,235.83999633789062,235.83999633789062,234.94000244140625,33947100,233.43289184570312,234.0399932861328,235.47000122070312,32474700,93.55000305175781,93.55000305175781,88.91999816894531,24705200.0,167.8982696533203,168.30999755859375,167.5500030517578,163769100,342.5121154785156,345.6499938964844,342.75,43535600,295.6001892089844,296.5199890136719,295.1400146484375,7223200,109.99937438964844,110.0199966430664,109.08999633789062,5750800,6495.14990234375,6495.14990234375,6498.08984375,5211500000,23762.30078125,23762.30078125,23759.619140625,8435850000,575.4957275390625,578.8699951171875,578.3699951171875,46371400,640.1299438476562,648.8300170898438,648.6199951171875,63133100,4.046000003814697,4.046000003814697,4.072000026702881,0,76.23006439208984,80.87000274658203,80.94999694824219,27003400,106.55989074707031,111.55999755859375,111.51000213623047,28998000
2025-09-09,238.78836059570312,241.50999450683594,239.94000244140625,41178700,494.3427429199219,498.4100036621094,501.42999267578125,14410500,238.24000549316406,238.24000549316406,236.36000061035156,27033800,239.0084228515625,239.6300048828125,234.1699981689453,38061000,100.22000122070312,100.22000122070312,99.88500213623047,40286700.0,170.34226989746094,170.75999450683594,169.08999633789062,157548400,333.6136779785156,336.6700134277344,349.54998779296875,26972300,296.8861999511719,297.80999755859375,297.2200012207031,6797000,110.49927520751953,110.5199966430664,110.29000091552734,4822600,6512.60986328125,6512.60986328125,6503.330078125,4798350000,23839.80078125,23839.80078125,23824.330078125,7877410000,577.1261596679688,580.510009765625,579.6699829101562,44007600,641.60986328125,650.3300170898438,648.969970703125,66133900,4.073999881744385,4.073999881744385,4.065000057220459,0,76.14522552490234,80.77999877929688,80.8499984741211,36704500,106.36885833740234,111.36000061035156,111.44000244140625,24412500
2025-09-10,324.6299743652344,328.3299865722656,319.19000244140625,131618100,496.2867431640625,500.3699951171875,502.9800109863281,21611800,230.3300018310547,230.3300018310547,237.52000427246094,60907700,238.54962158203125,239.1699981689453,238.89999389648438,35141100,117.13999938964844,117.13999938964844,110.0250015258789,70127000.0,176.89617919921875,177.3300018310547,176.63999938964844,226852000,366.2149658203125,369.57000732421875,351.5199890136719,51086800,299.8968200683594,300.8299865722656,300.5899963378906,10221400,112.21895599365234,112.23999786376953,113.33000183105469,18169300,6532.0400390625,6532.0400390625,6550.2900390625,5253010000,23849.26953125,23849.26953125,23931.3203125,9090550000,577.3150024414062,580.7000122070312,583.739990234375,49308000,643.4646606445312,652.2100219726562,653.6199951171875,78034500,4.0320000648498535,4.0320000648498535,4.0879998207092285,0,76.20178985595703,80.83999633789062,80.83999633789062,38106100,106.68406677246094,111.69000244140625,111.58000183105469,30188100
2025-09-11,304.3906555175781,307.8599853515625,330.3399963378906,69986000,496.9215087890625,501.010009765625,502.25,18881600,229.9499969482422,229.9499969482422,231.49000549316406,37485600,239.74649047851562,240.3699951171875,239.8800048828125,30599300,112.69000244140625,112.69000244140625,117.9000015258789,25179300.0,176.74655151367188,177.1699981689453,179.67999267578125,151159300,356.365234375,359.6300048828125,371.17999267578125,29430900,302.9872131347656,303.92999267578125,303.5400085449219,7312400,112.3789291381836,112.4000015258789,112.9800033569336,6414700,6587.47021484375,6587.47021484375,6554.41015625,5426460000,23992.560546875,23992.560546875,23956.5703125,10025020000,580.6753540039062,584.0800170898438,583.239990234375,44745800,648.81201171875,657.6300048828125,654.1799926757812,69934400,4.011000156402588,4.011000156402588,4.051000118255615,0,76.39030456542969,81.04000091552734,80.91000366210938,34221500,107.18075561523438,112.20999908447266,111.88999938964844,28405600
2025-09-12,288.8873291015625,292.17999267578125,305.7900085449219,51781900,505.73895263671875,509.8999938964844,506.6499938964844,23624900,228.14999389648438,228.14999389648438,230.35000610351562,38496200,240.17538452148438,240.8000030517578,240.3699951171875,26771600,111.95999908447266,111.95999908447266,113.92500305175781,32550400.0,177.39498901367188,177.82000732421875,177.77000427246094,124911000,356.6029968261719,359.8699951171875,362.9100036621094,31949800,303.37603759765625,304.32000732421875,305.05999755859375,5231900,111.64906311035156,111.66999816894531,112.69999694824219,4690500,6584.2900390625,6584.2900390625,6590.66015625,4641640000,24092.189453125,24092.189453125,24030.76953125,9023140000,583.2402954101562,586.6599731445312,585.0399780273438,50745900,648.5948486328125,657.4099731445312,657.5999755859375,72780100,4.060999870300293,4.060999870300293,4.052999973297119,0,76.31490325927734,80.95999908447266,81.02999877929688,25702800,106.98971557617188,112.01000213623047,111.97000122070312,26728500
2025-09-15,298.735107421875,302.1400146484375,306.45001220703125,40004000,511.15435791015625,515.3599853515625,508.7900085449219,17143800,231.42999267578125,231.42999267578125,230.6300048828125,33243300,250.9573516845703,251.61000061035156,244.66000366210938,58383800,120.47000122070312,120.47000122070312,120.8499984741211,37532700.0,177.32518005371094,177.75,175.6699981689453,147061600,360.7846984863281,364.0899963378906,359.8699951171875,21792200,306.2171936035156,307.1700134277344,303.82000732421875,5390200,112.78884887695312,112.80999755859375,112.33000183105469,4937300,6615.27978515625,6615.27978515625,6603.490234375,5045020000,24293.779296875,24293.779296875,24178.599609375,8904030000,588.2310791015625,591.6799926757812,588.4400024414062,44360300,652.0479736328125,660.9099731445312,659.6400146484375,63772400,4.033999919891357,4.033999919891357,4.059000015258789,0,76.53169250488281,81.19000244140625,81.08000183105469,27248800,107.32405090332031,112.36000061035156,112.2300033569336,21863600
2025-09-16,303.1943054199219,306.6499938964844,314.05999755859375,51923300,504.8859558105469,509.0400085449219,516.8800048828125,19711900,234.0500030517578,234.0500030517578,232.94000244140625,38203900,250.50852966308594,251.16000366210938,252.0800018310547,34109700,118.75,118.75,121.47000122070312,29506800.0,174.4620361328125,174.8800048828125,177.0,140737800,356.7318115234375,360.0,365.42999267578125,21306500,306.2570495605469,307.2099914550781,308.42999267578125,4227600,112.69886779785156,112.72000122070312,113.43000030517578,3199900,6606.759765625,6606.759765625,6624.1298828125,5359510000,24274.25,24274.25,24342.75,8592240000,587.73388671875,591.1799926757812,592.6099853515625,36942100,651.1502685546875,660.0,661.469970703125,61169000,4.026000022888184,4.026000022888184,4.040999889373779,0,76.47514343261719,81.12999725341797,81.20999908447266,33075600,107.22852325439453,112.26000213623047,112.29000091552734,28232600
2025-09-17,298.0133361816406,301.4100036621094,307.69000244140625,27707900,505.8579406738281,510.0199890136719,510.6199951171875,15816600,231.6199951171875,231.6199951171875,233.77000427246094,42815200,248.88275146484375,249.52999877929688,251.22000122070312,34108000,120.86000061035156,120.86000061035156,119.4800033569336,24420700.0,169.8829803466797,170.2899932861328,172.63999938964844,211843800,343.0274353027344,346.1700134277344,358.8500061035156,45197100,304.3031311035156,305.25,306.5,9647700,113.19877624511719,113.22000122070312,112.77999877929688,4729800,6600.35009765625,6600.35009765625,6604.8701171875,5805340000,24223.689453125,24223.689453125,24286.4296875,9325980000,586.5608520507812,590.0,591.0999755859375,69384800,650.3411865234375,659.1799926757812,660.010009765625,101952200,4.076000213623047,4.076000213623047,4.02400016784668,0,76.39973449707031,81.05000305175781,81.19000244140625,35955700,107.03748321533203,112.05999755859375,112.45999908447266,34969800
2025-09-18,293.2773132324219,296.6199951171875,303.0400085449219,24673100,504.30078125,508.45001220703125,511.489990234375,18913700,231.22999572753906,231.22999572753906,232.5,37931700,251.37625122070312,252.02999877929688,251.67999267578125,31239500,121.38999938964844,121.38999938964844,122.375,21873400.0,175.81878662109375,176.24000549316406,173.97999572753906,191763300,342.21484375,345.3500061035156,350.0,24663900,315.9867858886719,316.9700012207031,313.54998779296875,16335600,115.34837341308594,115.37000274658203,114.30999755859375,8158500,6631.9599609375,6631.9599609375,6626.85009765625,5292400000,24454.890625,24454.890625,24421.2109375,10478450000,591.8499145507812,595.3200073242188,594.9099731445312,61069300,653.3799438476562,662.260009765625,661.8900146484375,90459200,4.104000091552734,4.104000091552734,4.064000129699707,0,76.56939697265625,81.2300033569336,81.13999938964844,43250000,106.81777954101562,111.83000183105469,111.72000122070312,37159300
2025-09-19,305.181640625,308.6600036621094,299.0,40776200,513.703369140625,517.9299926757812,510.55999755859375,52474100,231.47999572753906,231.47999572753906,232.3699951171875,97943200,254.05929565429688,254.72000122070312,253.25,55571400,124.86000061035156,124.86000061035156,122.05000305175781,47567700.0,176.24774169921875,176.6699981689453,175.77000427246094,237182100,341.8085632324219,344.94000244140625,344.6499938964844,41240100,314.7306823730469,315.7099914550781,316.3999938964844,8381600,117.16803741455078,117.19000244140625,115.79000091552734,4535900,6664.35986328125,6664.35986328125,6647.10986328125,9125960000,24626.25,24626.25,24528.439453125,14632360000,595.8563232421875,599.3499755859375,597.3300170898438,58196100,656.6160278320312,663.7000122070312,662.3300170898438,97945600,4.138999938964844,4.138999938964844,4.13100004196167,0,76.5976791381836,81.26000213623047,81.25,32042900,106.73182678222656,111.73999786376953,111.73999786376953,26845400
2025-09-22,324.4519958496094,328.1499938964844,309.6300048828125,44437500,510.2518005371094,514.4500122070312,515.5900268554688,20009300,227.6300048828125,227.6300048828125,230.55999755859375,45914500,251.87493896484375,252.52999877929688,254.42999267578125,32290500,133.22999572753906,133.22999572753906,124.69000244140625,40323400.0,183.17115783691406,183.61000061035156,175.3000030517578,269637000,336.28961181640625,338.7900085449219,342.42999267578125,28660000,321.170654296875,322.1700134277344,316.2699890136719,11618100,117.7679214477539,117.79000091552734,116.56999969482422,4849100,6693.75,6693.75,6654.27978515625,5642620000,24761.0703125,24761.0703125,24588.1796875,9736270000,599.3837890625,602.2000122070312,597.739990234375,57154800,659.7225341796875,666.8400268554688,662.2000122070312,69452200,4.14300012588501,4.14300012588501,4.13100004196167,0,76.65424346923828,81.31999969482422,81.19000244140625,26670200,106.4930419921875,111.48999786376953,111.63999938964844,25908600
2025-09-23,310.2933654785156,313.8299865722656,324.0,35280200,505.0744323730469,509.2300109863281,513.7999877929688,19799600,220.7100067138672,220.7100067138672,227.8300018310547,70956200,251.00721740722656,251.66000366210938,253.0399932861328,26628000,130.88999938964844,130.88999938964844,135.7100067138672,29126400.0,178.0035400390625,178.42999267578125,181.97000122070312,192559600,336.4384765625,338.94000244140625,340.239990234375,21944100,320.7021179199219,321.70001220703125,323.1600036621094,9159000,116.37818145751953,116.4000015258789,117.81999969482422,4560200,6656.919921875,6656.919921875,6692.43994140625,5633620000,24580.169921875,24580.169921875,24752.740234375,9822620000,595.4025268554688,598.2000122070312,602.3699951171875,64635500,656.1312866210938,663.2100219726562,666.719970703125,81708900,4.119999885559082,4.119999885559082,4.135000228881836,0,76.5976791381836,81.26000213623047,81.33999633789062,37088500,106.70317077636719,111.70999908447266,111.6500015258789,31575400
2025-09-24,304.98388671875,308.4599914550781,311.8599853515625,33765300,505.98687744140625,510.1499938964844,510.3800048828125,13533700,220.2100067138672,220.2100067138672,224.14999389648438,49509000,246.4989471435547,247.13999938964844,251.66000366210938,28201000,133.39999389648438,133.39999389648438,132.82000732421875,26409200.0,176.54702758789062,176.97000122070312,179.77000427246094,143564100,336.80572509765625,339.30999755859375,339.760009765625,19677300,320.1139221191406,321.1099853515625,321.3999938964844,8632200,115.19840240478516,115.22000122070312,116.77999877929688,2475500,6637.97021484375,6637.97021484375,6669.7900390625,5459180000,24503.5703125,24503.5703125,24648.970703125,9184030000,593.3123168945312,596.0999755859375,599.5800170898438,49850300,654.043701171875,661.0999755859375,664.510009765625,68082200,4.146999835968018,4.146999835968018,4.129000186920166,0,76.49400329589844,81.1500015258789,81.25,28124300,106.27334594726562,111.26000213623047,111.48999786376953,34756700
2025-09-25,288.0469055175781,291.3299865722656,295.2699890136719,39274900,502.8923645019531,507.0299987792969,508.29998779296875,15786500,218.14999389648438,218.14999389648438,220.05999755859375,52226300,245.15245056152344,245.7899932861328,244.39999389648438,31020400,126.66000366210938,126.66000366210938,130.0749969482422,48895600.0,177.2653045654297,177.69000244140625,174.47999572753906,191586700,333.6194763183594,336.1000061035156,332.989990234375,21678200,320.0640869140625,321.05999755859375,316.2900085449219,9592900,113.87864685058594,113.9000015258789,113.80000305175781,3525200,6604.72021484375,6604.72021484375,6608.18994140625,5874670000,24397.310546875,24397.310546875,24321.73046875,9960330000,590.75439453125,593.530029296875,592.2000122070312,70920200,651.0263061523438,658.0499877929688,657.9400024414062,89622100,4.171999931335449,4.171999931335449,4.1539998054504395,0,76.27719116210938,80.91999816894531,81.0,33509900,106.0822982788086,111.05999755859375,111.0,36991200
2025-09-26,280.265625,283.4599914550781,293.0,25990700,507.2862243652344,511.4599914550781,510.05999755859375,16213100,219.77999877929688,219.77999877929688,219.0800018310547,41650100,245.9004669189453,246.5399932861328,247.07000732421875,18503200,120.33999633789062,120.33999633789062,127.91500091552734,29939300.0,177.7641143798828,178.19000244140625,178.1699981689453,148573700,332.06103515625,334.5299987792969,337.42999267578125,15464700,320.8217468261719,321.82000732421875,321.6400146484375,6886100,114.94844818115234,114.97000122070312,114.18000030517578,3483600,6643.7001953125,6643.7001953125,6615.3798828125,5103110000,24503.849609375,24503.849609375,24410.94921875,8488400000,593.182861328125,595.969970703125,594.3499755859375,54337400,654.756103515625,661.8200073242188,659.510009765625,69179200,4.186999797821045,4.186999797821045,4.164000034332275,0,76.42802429199219,81.08000183105469,81.04000091552734,31046800,106.22557067871094,111.20999908447266,111.1500015258789,31962100
2025-09-29,279.5735168457031,282.760009765625,284.6000061035156,25778500,510.4005432128906,514.5999755859375,511.5,17617800,222.1699981689453,222.1699981689453,220.0800018310547,44259200,243.41696166992188,244.0500030517578,247.85000610351562,32505800,122.5199966430664,122.5199966430664,120.70999908447266,22532200.0,181.4153594970703,181.85000610351562,180.42999267578125,193063500,325.4799499511719,327.8999938964844,336.0,21336000,321.65911865234375,322.6600036621094,324.6499938964844,5833600,115.95825958251953,115.9800033569336,115.62000274658203,2788600,6661.2099609375,6661.2099609375,6661.580078125,5358760000,24611.349609375,24611.349609375,24629.01953125,9046720000,595.9299926757812,598.72998046875,599.1099853515625,48332900,656.5962524414062,663.6799926757812,664.3599853515625,73499000,4.140999794006348,4.140999794006348,4.150000095367432,0,76.55997467041016,81.22000122070312,81.16000366210938,28558500,106.57901000976562,111.58000183105469,111.45999908447266,31961900
2025-09-30,278.07061767578125,281.239990234375,283.69000244140625,23880800,513.7232666015625,517.9500122070312,513.239990234375,19728200,219.57000732421875,219.57000732421875,222.02999877929688,48396400,242.4694366455078,243.10000610351562,242.80999755859375,34724300,136.85000610351562,136.85000610351562,136.2100067138672,71176800.0,186.13406372070312,186.5800018310547,182.0800018310547,236981000,327.4751281738281,329.9100036621094,330.1199951171875,20109500,325.3476257324219,326.3599853515625,322.75,7459900,114.98844146728516,115.01000213623047,115.95999908447266,3514900,6688.4599609375,6688.4599609375,6656.18994140625,6057210000,24679.990234375,24679.990234375,24597.400390625,8928070000,597.5623779296875,600.3699951171875,598.4299926757812,46533800,659.0695190429688,666.1799926757812,662.9299926757812,86288000,4.1479997634887695,4.1479997634887695,4.132999897003174,0,76.53169250488281,81.19000244140625,81.16999816894531,54970300,106.47393035888672,111.47000122070312,111.6500015258789,34939700
2025-10-01,285.7530822753906,289.010009765625,278.79998779296875,23378300,515.4689331054688,519.7100219726562,514.7999877929688,22632300,220.6300048828125,220.6300048828125,217.36000061035156,43933800,244.26473999023438,244.89999389648438,240.75,31658200,137.0500030517578,137.0500030517578,135.92999267578125,22675000.0,186.79248046875,187.24000549316406,185.24000549316406,173844900,330.9294738769531,333.3900146484375,328.1499938964844,21122700,332.6549072265625,333.69000244140625,324.2799987792969,9911800,115.04843139648438,115.06999969482422,114.7699966430664,3476700,6711.2001953125,6711.2001953125,6664.919921875,6037950000,24800.859375,24800.859375,24539.25,10043980000,600.4288330078125,603.25,597.1699829101562,46899600,661.3153076171875,668.4500122070312,663.1699829101562,72545400,4.105999946594238,4.105999946594238,4.107999801635742,0,76.67471313476562,80.95999908447266,80.80999755859375,58042600,106.90150451660156,111.51000213623047,111.44000244140625,30262700
2025-10-02,285.5256652832031,288.7799987792969,291.79998779296875,16215500,511.53131103515625,515.739990234375,517.6400146484375,21222900,222.41000366210938,222.41000366210938,221.00999450683594,41258600,245.05271911621094,245.69000244140625,245.14999389648438,25483300,138.0,138.0,140.5,21567600.0,188.4385528564453,188.88999938964844,189.60000610351562,136805800,335.68408203125,338.17999267578125,347.6099853515625,19917600,337.1907958984375,338.239990234375,339.6600036621094,8092600,115.69831085205078,115.72000122070312,115.69000244140625,3377300,6715.35009765625,6715.35009765625,6731.31005859375,5416130000,24892.759765625,24892.759765625,24933.490234375,9633200000,602.897216796875,605.72998046875,607.0599975585938,43765400,662.0769653320312,669.219970703125,670.4500122070312,56896000,4.0879998207092285,4.0879998207092285,4.105999946594238,0,76.64630126953125,80.93000030517578,80.94000244140625,33348900,107.07405090332031,111.69000244140625,111.48999786376953,18259400
2025-10-03,282.91546630859375,286.1400146484375,289.6000061035156,13688400,513.1280517578125,517.3499755859375,517.0999755859375,15112300,219.50999450683594,219.50999450683594,223.44000244140625,43639000,244.7135772705078,245.35000610351562,244.49000549316406,30249600,134.7899932861328,134.7899932861328,139.0,23405600.0,187.17156982421875,187.6199951171875,189.19000244140625,137596900,335.8727111816406,338.3699951171875,341.5,14749100,335.6356201171875,336.67999267578125,339.4100036621094,7770000,114.80847930908203,114.83000183105469,115.79000091552734,3534900,6715.7900390625,6715.7900390625,6722.14013671875,5713110000,24785.51953125,24785.51953125,24931.419921875,10515730000,600.3591918945312,603.1799926757812,606.510009765625,46482100,662.0672607421875,669.2100219726562,669.989990234375,70494400,4.11899995803833,4.11899995803833,4.083000183105469,0,76.56106567382812,80.83999633789062,80.91999816894531,35109200,106.9398422241211,111.55000305175781,111.69000244140625,19971200
2025-10-06,288.30401611328125,291.5899963378906,292.3800048828125,14076800,524.256591796875,528.5700073242188,518.6099853515625,21388600,220.89999389648438,220.89999389648438,221.0,43690900,249.78038024902344,250.42999267578125,244.77999877929688,28894700,133.85000610351562,133.85000610351562,137.35000610351562,26763600.0,185.09654235839844,185.5399932861328,185.5,157678100,333.013916015625,335.489990234375,335.9200134277344,18465700,342.3148498535156,343.3800048828125,345.4599914550781,10263200,115.59832763671875,115.62000274658203,115.72000122070312,5353600,6740.27978515625,6740.27978515625,6733.85986328125,5604460000,24978.560546875,24978.560546875,24986.259765625,10468830000,604.8680419921875,607.7100219726562,608.4500122070312,41962100,664.4415893554688,671.6099853515625,671.6199951171875,54623300,4.1620001792907715,4.1620001792907715,4.1620001792907715,0,76.58000946044922,80.86000061035156,80.88999938964844,29485100,106.59471893310547,111.19000244140625,111.23999786376953,19553600
2025-10-07,281.0368347167969,284.239990234375,293.2200012207031,31723400,519.7040405273438,523.97998046875,528.2899780273438,14615200,221.77999877929688,221.77999877929688,220.8800048828125,31194700,245.1225128173828,245.75999450683594,248.27000427246094,23181300,128.8300018310547,128.8300018310547,136.15499877929688,26822500.0,184.59774780273438,185.0399932861328,186.22999572753906,140088000,333.9271545410156,336.4100036621094,337.0299987792969,18086700,336.0044860839844,337.04998779296875,346.2900085449219,9365700,114.34856414794922,114.37000274658203,115.86000061035156,5962100,6714.58984375,6714.58984375,6746.14013671875,5546150000,24840.23046875,24840.23046875,25031.779296875,10375920000,601.6829833984375,604.510009765625,609.02001953125,58209500,661.9781494140625,669.1199951171875,672.5399780273438,72020100,4.126999855041504,4.126999855041504,4.164000034332275,0,76.49475860595703,80.7699966430664,80.88999938964844,27672300,106.79605102539062,111.4000015258789,111.33999633789062,29459500
2025-10-08,285.37738037109375,288.6300048828125,285.4200134277344,18982100,520.56689453125,524.8499755859375,523.280029296875,13363400,225.22000122070312,225.22000122070312,222.9199981689453,46686000,243.9854736328125,244.6199951171875,244.9600067138672,21307100,139.97999572753906,139.97999572753906,131.97999572753906,34398800.0,188.6580047607422,189.11000061035156,186.57000732421875,130168900,342.9501037597656,345.5,333.82000732421875,21478300,344.99652099609375,346.07000732421875,336.7300109863281,7841500,115.6683120727539,115.69000244140625,114.58999633789062,4220600,6753.72021484375,6753.72021484375,6723.8701171875,5383130000,25136.619140625,25136.619140625,24887.3203125,10925520000,608.58056640625,611.4400024414062,605.4099731445312,50629800,665.925537109375,673.1099853515625,670.25,60702200,4.129000186920166,4.129000186920166,4.104000091552734,0,76.38111877441406,80.6500015258789,80.81999969482422,34932200,106.66183471679688,111.26000213623047,111.61000061035156,22462100
2025-10-09,294.12298583984375,296.9599914550781,291.54998779296875,26479800,518.1369018554688,522.4000244140625,522.3400268554688,18343600,227.74000549316406,227.74000549316406,225.0,46412100,240.9034881591797,241.52999877929688,244.47000122070312,27892100,143.0800018310547,143.0800018310547,139.77000427246094,24633300.0,192.1097412109375,192.57000732421875,192.22999572753906,182997200,342.4736022949219,345.0199890136719,345.75,17643700,344.13916015625,345.2099914550781,346.0400085449219,5565500,115.6483154296875,115.66999816894531,115.55000305175781,2723000,6735.10986328125,6735.10986328125,6760.5,5385020000,25098.1796875,25098.1796875,25124.7890625,10713200000,607.8440551757812,610.7000122070312,611.47998046875,45551000,663.996337890625,671.1599731445312,673.530029296875,66501900,4.1479997634887695,4.1479997634887695,4.132999897003174,0,76.16328430175781,80.41999816894531,80.63999938964844,65586700,106.450927734375,111.04000091552734,111.16999816894531,29660700
2025-10-10,290.1612243652344,292.9599914550781,300.2799987792969,28895300,506.790283203125,510.9599914550781,519.6400146484375,24133800,216.3699951171875,216.3699951171875,226.2100067138672,72367500,235.9563751220703,236.57000732421875,241.42999267578125,33180300,138.42999267578125,138.42999267578125,146.05999755859375,44474000.0,182.72222900390625,183.16000366210938,193.50999450683594,268774400,322.2341003417969,324.6300048828125,345.3900146484375,28941000,324.330810546875,325.3399963378906,345.9700012207031,18804500,112.06898498535156,112.08999633789062,115.8499984741211,5285800,6552.509765625,6552.509765625,6740.490234375,6596610000,24221.740234375,24221.740234375,25116.830078125,10713200000,586.7431640625,589.5,611.4000244140625,97614800,646.0499877929688,653.02001953125,672.1300048828125,159422600,4.051000118255615,4.051000118255615,4.0980000495910645,0,75.71815490722656,79.94999694824219,80.47000122070312,83840400,106.74812316894531,111.3499984741211,111.4800033569336,39146400
2025-10-13,305.06744384765625,308.010009765625,298.70001220703125,21703700,509.8550720214844,514.0499877929688,516.4099731445312,14284200,220.07000732421875,220.07000732421875,217.6999969482422,37809700,243.51670837402344,244.14999389648438,240.2100067138672,24995000,141.6199951171875,141.6199951171875,141.85499572753906,20760600.0,187.86990356445312,188.32000732421875,187.97000122070312,153482800,354.0674133300781,356.70001220703125,352.7699890136719,45984300,338.69610595703125,339.75,337.4800109863281,11760200,114.6185073852539,114.63999938964844,113.43000030517578,3941900,6654.72021484375,6654.72021484375,6622.52978515625,5303960000,24750.25,24750.25,24625.740234375,9018770000,599.1946411132812,602.010009765625,599.6799926757812,65872600,655.9630126953125,663.0399780273438,660.6500244140625,79560500,4.051000118255615,4.051000118255615,4.051000118255615,0,76.19170379638672,80.44999694824219,80.2300033569336,31926800,107.11241149902344,111.7300033569336,111.4000015258789,11235900
2025-10-14,296.1435546875,299.0,303.57000732421875,17346200,509.37896728515625,513.5700073242188,510.2300109863281,14684300,216.38999938964844,216.38999938964844,215.55999755859375,45665600,244.81332397460938,245.4499969482422,241.22999572753906,22111600,134.05999755859375,134.05999755859375,138.1699981689453,25696100.0,179.59971618652344,180.02999877929688,184.77000427246094,205641400,341.5901794433594,344.1300048828125,350.1300048828125,22078000,332.46551513671875,333.5,333.05999755859375,7296700,113.5687026977539,113.58999633789062,113.08000183105469,3272300,6644.31005859375,6644.31005859375,6602.490234375,5666920000,24579.3203125,24579.3203125,24442.9296875,9776720000,595.2034301757812,598.0,595.3099975585938,69203200,655.16162109375,662.22998046875,657.1699829101562,88779600,4.021999835968018,4.021999835968018,4.019000053405762,0,76.27694702148438,80.54000091552734,80.18000030517578,63860100,107.46710205078125,112.0999984741211,111.5199966430664,43975300
2025-10-15,300.7193908691406,303.6199951171875,304.8999938964844,13698900,509.2401123046875,513.4299926757812,514.9600219726562,14694700,215.57000732421875,215.57000732421875,216.6199951171875,45909500,250.37884521484375,251.02999877929688,247.25,27007700,139.24000549316406,139.24000549316406,139.52999877929688,20652900.0,179.4001922607422,179.8300018310547,184.8000030517578,214450500,348.73699951171875,351.3299865722656,354.4700012207031,23918500,340.7198181152344,341.7799987792969,342.1000061035156,8283800,113.26876068115234,113.29000091552734,114.69999694824219,2243100,6671.06005859375,6671.06005859375,6688.27001953125,5633060000,24745.359375,24745.359375,24807.33984375,11374850000,599.4037475585938,602.219970703125,604.010009765625,62805500,658.0702514648438,665.1699829101562,666.8200073242188,81702600,4.046000003814697,4.046000003814697,4.02400016784668,0,76.52317810058594,80.80000305175781,80.72000122070312,59802200,107.46710205078125,112.0999984741211,112.26000213623047,45017200
2025-10-16,310.009765625,313.0,305.6000061035156,32500900,507.4349365234375,511.6099853515625,512.5800170898438,15559600,214.47000122070312,214.47000122070312,215.6699981689453,42414600,250.8077392578125,251.4600067138672,251.77000427246094,27997200,141.74000549316406,141.74000549316406,141.44000244140625,36104200.0,181.3754425048828,181.80999755859375,182.22999572753906,179723300,351.5362243652344,354.1499938964844,356.79998779296875,20317200,342.2350769042969,343.29998779296875,346.1700134277344,9047500,112.77885437011719,112.80000305175781,114.5199966430664,3690800,6629.06982421875,6629.06982421875,6689.02001953125,6048180000,24657.240234375,24657.240234375,24882.220703125,11343620000,597.1841430664062,599.989990234375,605.1099853515625,70982000,653.588623046875,660.6400146484375,666.8200073242188,110563300,3.9760000705718994,3.9760000705718994,4.019000053405762,0,76.24852752685547,80.51000213623047,80.80000305175781,75725200,107.77388000488281,112.41999816894531,112.05000305175781,39858400
2025-10-17,288.5269775390625,291.30999755859375,303.75,37653000,509.38897705078125,513.5800170898438,509.0400085449219,19867800,213.0399932861328,213.0399932861328,214.55999755859375,45986900,252.64295959472656,253.3000030517578,250.75999450683594,29671600,136.8699951171875,136.8699951171875,137.36500549316406,30264600.0,182.78208923339844,183.22000122070312,180.17999267578125,173135200,346.75177001953125,349.3299865722656,349.6099853515625,20937900,341.76654052734375,342.8299865722656,341.2200012207031,8396300,112.65887451171875,112.68000030517578,111.8499984741211,2925300,6664.009765625,6664.009765625,6613.27001953125,5358120000,24817.94921875,24817.94921875,24600.55078125,9552150000,601.1056518554688,603.9299926757812,597.9500122070312,72024900,657.2986450195312,664.3900146484375,659.5,96500900,4.006999969482422,4.006999969482422,3.994999885559082,0,76.4474105834961,80.72000122070312,80.44000244140625,70044200,107.56298065185547,112.19999694824219,112.29000091552734,35433500
2025-10-20,274.5319519042969,277.17999267578125,288.95001220703125,32810700,512.5726318359375,516.7899780273438,514.6099853515625,14665600,216.47999572753906,216.47999572753906,213.8800048828125,38882800,255.884521484375,256.54998779296875,254.69000244140625,22350200,127.05999755859375,127.05999755859375,137.89999389648438,25428500.0,182.20346069335938,182.63999938964844,183.1300048828125,128544700,346.6624450683594,349.239990234375,353.79998779296875,15640200,346.1429443359375,347.2200012207031,346.0,6436900,113.86865234375,113.88999938964844,113.13999938964844,3334100,6735.1298828125,6735.1298828125,6690.0498046875,4672170000,25141.01953125,25141.01953125,24991.099609375,9440620000,608.6800537109375,611.5399780273438,607.1400146484375,45761700,664.1348876953125,671.2999877929688,667.3200073242188,60493400,3.9860000610351562,3.9860000610351562,4.005000114440918,0,76.59893035888672,80.87999725341797,80.7699966430664,43762300,107.88893127441406,112.54000091552734,112.45999908447266,26361100
2025-10-21,272.5213623046875,275.1499938964844,278.1099853515625,18370800,513.4356079101562,517.6599731445312,517.5,15586200,222.02999877929688,222.02999877929688,218.42999267578125,50494600,249.81033325195312,250.4600067138672,254.74000549316406,47312100,125.05999755859375,125.05999755859375,123.90499877929688,24392800.0,180.72702026367188,181.16000366210938,182.7899932861328,124240200,340.13104248046875,342.6600036621094,350.0,16092600,344.2288818359375,345.29998779296875,347.05999755859375,4391800,114.98844146728516,115.01000213623047,113.83000183105469,3546000,6735.35009765625,6735.35009765625,6736.75,5245020000,25127.130859375,25127.130859375,25139.80078125,10845130000,608.5209350585938,611.3800048828125,611.6400146484375,44538200,664.125,671.2899780273438,671.4400024414062,56249000,3.9630000591278076,3.9630000591278076,3.9760000705718994,0,76.48529052734375,80.76000213623047,80.87999725341797,45418100,107.9081039428711,112.55999755859375,112.81999969482422,27353800
2025-10-22,270.0551452636719,272.6600036621094,274.82000732421875,16474000,516.2921142578125,520.5399780273438,521.1500244140625,18962700,217.9499969482422,217.9499969482422,219.3000030517578,44308500,251.03712463378906,251.69000244140625,254.3699951171875,35029400,121.52999877929688,121.52999877929688,123.45500183105469,26660100.0,179.84912109375,180.27999877929688,181.13999938964844,162249600,337.7884521484375,340.29998779296875,347.29998779296875,19268800,337.5496826171875,338.6000061035156,342.8599853515625,8014200,113.48872375488281,113.51000213623047,114.93000030517578,3127900,6699.39990234375,6699.39990234375,6741.33984375,5710010000,24879.009765625,24879.009765625,25093.640625,14361150000,602.6583862304688,605.489990234375,610.8200073242188,61478800,660.6722412109375,667.7999877929688,672.0,80564000,3.953000068664551,3.953000068664551,3.9509999752044678,0,76.4095230102539,80.68000030517578,80.76000213623047,50698600,108.01355743408203,112.66999816894531,112.55000305175781,41003600
2025-10-23,277.3943786621094,280.07000732421875,272.9599914550781,16872200,516.3119506835938,520.5599975585938,522.4600219726562,14023500,221.08999633789062,221.08999633789062,219.0,31540000,252.4235382080078,253.0800018310547,252.97999572753906,19901400,123.33999633789062,123.33999633789062,120.08999633789062,14707300.0,181.72463989257812,182.16000366210938,180.4199981689453,111363700,341.7489929199219,344.2900085449219,340.3999938964844,12859200,343.7304382324219,344.79998779296875,337.04998779296875,6422600,114.76848602294922,114.79000091552734,113.30999755859375,1860900,6738.43994140625,6738.43994140625,6703.64990234375,5565750000,25097.41015625,25097.41015625,24869.599609375,10363600000,607.7245483398438,610.5800170898438,604.9099731445312,42844300,664.5899658203125,671.760009765625,668.1199951171875,65604500,3.990999937057495,3.990999937057495,3.989000082015991,0,76.58000946044922,80.86000061035156,80.69999694824219,37962400,107.87934875488281,112.52999877929688,112.5199966430664,27558500
2025-10-24,280.62322998046875,283.3299865722656,285.9200134277344,13194900,519.3370361328125,523.6099853515625,522.7899780273438,15532400,224.2100067138672,224.2100067138672,221.97000122070312,38685100,259.24578857421875,259.9200134277344,256.5799865722656,28655100,132.5500030517578,132.5500030517578,127.0999984741211,21236000.0,185.81480407714844,186.25999450683594,183.83999633789062,131296700,351.5163879394531,354.1300048828125,352.510009765625,16143700,350.0508117675781,351.1400146484375,350.5799865722656,5649300,115.97825622558594,116.0,116.04000091552734,2045100,6791.68994140625,6791.68994140625,6772.06982421875,5058220000,25358.16015625,25358.16015625,25307.75,10308620000,614.2139892578125,617.0999755859375,615.989990234375,47632500,670.0213623046875,677.25,676.4600219726562,74356500,3.996999979019165,3.996999979019165,4.01200008392334,0,76.78836822509766,81.08000183105469,81.02999877929688,39905600,108.06149291992188,112.72000122070312,112.77999877929688,29474600
2025-10-27,278.711669921875,281.3999938964844,286.57000732421875,13855800,527.1825561523438,531.52001953125,531.780029296875,18734700,226.97000122070312,226.97000122070312,227.66000366210938,38267000,268.5715026855469,269.2699890136719,264.82000732421875,35235200,136.05999755859375,136.05999755859375,135.57000732421875,13680800.0,191.03233337402344,191.49000549316406,189.99000549316406,153452700,359.3778991699219,362.04998779296875,361.5400085449219,20065800,358.823486328125,359.94000244140625,357.6700134277344,6663400,117.05805206298828,117.08000183105469,117.75,2454800,6875.16015625,6875.16015625,6845.4599609375,5290650000,25821.55078125,25821.55078125,25701.94921875,10757830000,625.1527709960938,628.0900268554688,624.52001953125,54098600,677.9260864257812,685.239990234375,682.72998046875,63339800,3.996999979019165,3.996999979019165,4.019999980926514,0,76.9777603149414,81.27999877929688,81.16999816894531,36495000,108.24363708496094,112.91000366210938,112.70999908447266,23513400
2025-10-28,278.1470947265625,280.8299865722656,283.0,12448500,537.6464233398438,542.0700073242188,550.0,29986700,229.25,229.25,228.22000122070312,47100000,266.7762451171875,267.4700012207031,269.69000244140625,29738600,134.8000030517578,134.8000030517578,136.80999755859375,23205400.0,200.5495147705078,201.02999877929688,193.0500030517578,297986200,370.21734619140625,372.9700012207031,362.6199951171875,21056000,361.983642578125,363.1099853515625,359.6099853515625,5086000,116.6981201171875,116.72000122070312,117.44000244140625,2247900,6890.89013671875,6890.89013671875,6897.740234375,5695930000,26012.150390625,26012.150390625,25932.640625,10640830000,629.9600830078125,632.9199829101562,630.3599853515625,61195700,679.7266235351562,687.0599975585938,687.0499877929688,61738100,3.9830000400543213,3.9830000400543213,3.9830000400543213,0,76.9020004272461,81.19999694824219,81.27999877929688,31591400,108.25321960449219,112.91999816894531,112.8499984741211,34236300
2025-10-29,272.669921875,275.29998779296875,281.4599914550781,18007100,537.130615234375,541.5499877929688,544.9400024414062,36023000,230.3000030517578,230.3000030517578,231.6699981689453,52036200,273.8578186035156,274.57000732421875,267.75,43580300,139.92999267578125,139.92999267578125,137.75,19837000.0,206.545166015625,207.0399932861328,207.97999572753906,308829600,383.1313171386719,385.9800109863281,373.19000244140625,24975200,367.4665832519531,368.6099853515625,369.0799865722656,8102600,115.19840240478516,115.22000122070312,116.1500015258789,5760200,6890.58984375,6890.58984375,6910.9501953125,6280130000,26119.849609375,26119.849609375,26147.720703125,10089540000,632.7968139648438,635.77001953125,635.5900268554688,67422800,680.05322265625,687.3900146484375,688.719970703125,85657100,4.058000087738037,4.058000087738037,3.994999885559082,0,76.66522979736328,80.94999694824219,81.19999694824219,51827100,107.6396713256836,112.27999877929688,112.86000061035156,36236000
2025-10-30,254.4358367919922,256.8900146484375,268.739990234375,27954200,521.469482421875,525.760009765625,530.47998046875,41023100,222.86000061035156,222.86000061035156,227.05999755859375,102252900,280.7498779296875,281.4800109863281,291.5899963378906,74876000,131.05999755859375,131.05999755859375,135.4499969482422,19142000.0,202.4050750732422,202.88999938964844,205.14999389648438,178864400,373.6915283203125,376.4700012207031,386.3999938964844,24295300,362.60174560546875,363.7300109863281,367.42999267578125,6932700,113.94863891601562,113.97000122070312,114.16999816894531,4082700,6822.33984375,6822.33984375,6860.5,6052700000,25734.810546875,25734.810546875,25953.779296875,10564160000,623.1221923828125,626.0499877929688,632.1699829101562,61628600,672.5738525390625,679.8300170898438,683.9000244140625,76335800,4.0929999351501465,4.0929999351501465,4.098999977111816,0,76.52317810058594,80.80000305175781,80.79000091552734,39967300,107.0644760131836,111.68000030517578,111.62000274658203,46045200
2025-10-31,260.1011962890625,262.6099853515625,259.510009765625,16898700,513.5843505859375,517.8099975585938,528.8800048828125,34006400,244.22000122070312,244.22000122070312,250.10000610351562,166340800,280.46063232421875,281.19000244140625,283.2099914550781,39267900,133.7100067138672,133.7100067138672,133.875,16050200.0,202.0060272216797,202.49000549316406,206.4499969482422,179802200,366.9019775390625,369.6300048828125,378.2699890136719,21598400,361.8939208984375,363.0199890136719,366.8800048828125,4917900,115.48834991455078,115.51000213623047,114.66000366210938,3249000,6840.2001953125,6840.2001953125,6879.169921875,6398280000,25858.130859375,25858.130859375,26055.970703125,10909250000,626.128173828125,629.0700073242188,634.1699829101562,66305100,674.7799682617188,682.0599975585938,685.0399780273438,87164100,4.10099983215332,4.10099983215332,4.10099983215332,0,76.52317810058594,80.80000305175781,80.88999938964844,45044600,106.6330795288086,111.2300033569336,111.77999877929688,57255300
2025-11-03,255.38662719726562,257.8500061035156,265.239990234375,15709200,512.8107299804688,517.030029296875,519.8099975585938,22374700,254.0,254.0,255.36000061035156,95997800,282.9840393066406,283.7200012207031,282.17999267578125,29786000,126.31999969482422,126.31999969482422,133.8350067138672,14294400.0,206.3855438232422,206.8800048828125,208.0800018310547,180267300,359.87420654296875,362.54998779296875,372.0,17198900,364.9643859863281,366.1000061035156,367.69000244140625,4470500,115.67830657958984,115.69999694824219,116.04000091552734,3228500,6851.97021484375,6851.97021484375,6882.31982421875,6065720000,25972.939453125,25972.939453125,26114.109375,10360170000,629.1240234375,632.0800170898438,635.1099853515625,37154300,676.04638671875,683.3400268554688,685.6699829101562,57315000,4.105999946594238,4.105999946594238,4.105999946594238,0,76.28518676757812,80.13999938964844,80.38999938964844,54615100,106.34634399414062,110.52999877929688,110.58999633789062,53372100
2025-11-04,245.79913330078125,248.1699981689453,249.97999572753906,19772600,510.1328430175781,514.3300170898438,511.760009765625,20958700,249.32000732421875,249.32000732421875,250.3800048828125,51546300,276.8200988769531,277.5400085449219,276.75,30078400,115.75,115.75,119.95999908447266,18552200.0,198.21511840820312,198.69000244140625,203.0,188919300,349.342529296875,351.94000244140625,358.5199890136719,24047500,351.665771484375,352.760009765625,357.9800109863281,8269000,111.97900390625,112.0,113.4000015258789,3630800,6771.5498046875,6771.5498046875,6788.52001953125,5739510000,25435.69921875,25435.69921875,25580.33984375,10227700000,616.3540649414062,619.25,623.280029296875,63830800,668.0328369140625,675.239990234375,676.1099853515625,78427000,4.089000225067139,4.089000225067139,4.0970001220703125,0,76.29472351074219,80.1500015258789,79.9800033569336,49705000,106.49066925048828,110.68000030517578,110.45999908447266,62636700
2025-11-05,247.91868591308594,250.30999755859375,247.91000366210938,11991500,503.02130126953125,507.1600036621094,513.2999877929688,23024300,250.1999969482422,250.1999969482422,249.02999877929688,40610700,283.5725402832031,284.30999755859375,278.8699951171875,31010300,114.41999816894531,114.41999816894531,118.41999816894531,17381000.0,194.7434539794922,195.2100067138672,198.77000427246094,171350300,356.3305969238281,358.9800109863281,350.8900146484375,17087600,358.3848571777344,359.5,353.1000061035156,8605400,111.72904968261719,111.75,111.91999816894531,6207600,6796.2900390625,6796.2900390625,6769.77001953125,5939600000,25620.029296875,25620.029296875,25433.220703125,10026890000,620.365234375,623.280029296875,618.489990234375,48688500,670.3478393554688,677.5800170898438,674.97998046875,74402400,4.1570000648498535,4.1570000648498535,4.0970001220703125,0,76.3708724975586,80.2300033569336,80.19000244140625,42273700,106.17315673828125,110.3499984741211,110.6500015258789,43258300
2025-11-06,241.47088623046875,243.8000030517578,247.94000244140625,18678300,493.04339599609375,497.1000061035156,505.6600036621094,27406500,243.0399932861328,243.0399932861328,249.16000366210938,46004200,284.0113830566406,284.75,285.3299865722656,37173600,106.93000030517578,106.93000030517578,115.94000244140625,26204600.0,187.63047790527344,188.0800018310547,196.4199981689453,223029800,352.965576171875,355.5899963378906,360.1099853515625,19896900,350.0009460449219,351.0899963378906,359.5899963378906,9600500,109.28950500488281,109.30999755859375,111.5,7338400,6720.31982421875,6720.31982421875,6787.58984375,6051900000,25130.0390625,25130.0390625,25568.240234375,11085130000,608.8095703125,611.6699829101562,621.7899780273438,72115100,663.1554565429688,670.3099975585938,676.469970703125,85035300,4.0929999351501465,4.0929999351501465,4.131999969482422,0,76.39942169189453,80.26000213623047,80.30999755859375,46629200,106.731201171875,110.93000030517578,110.80000305175781,37814800
2025-11-07,236.9742431640625,239.25999450683594,239.0,20969300,492.76568603515625,496.82000732421875,496.95001220703125,24019800,244.41000366210938,244.41000366210938,242.89999389648438,46374300,278.10675048828125,278.8299865722656,283.2099914550781,34479600,104.01000213623047,104.01000213623047,103.12000274658203,24982600.0,187.70030212402344,188.14999389648438,184.89999389648438,264942300,346.8510437011719,349.42999267578125,354.19000244140625,21903200,347.0401611328125,348.1199951171875,346.5400085449219,14723200,109.45948028564453,109.4800033569336,108.0199966430664,7537900,6728.7998046875,6728.7998046875,6696.18017578125,5926070000,25059.810546875,25059.810546875,24977.73046875,10141910000,606.8884887695312,609.739990234375,608.3099975585938,81835400,663.808349609375,670.969970703125,667.9099731445312,100592400,4.0929999351501465,4.0929999351501465,4.086999893188477,0,76.46605682373047,80.33000183105469,80.25,47233800,106.51953887939453,110.70999908447266,110.6500015258789,42671600
2025-11-10,238.5292510986328,240.8300018310547,245.9499969482422,16698700,501.8707275390625,506.0,500.0400085449219,26101500,248.39999389648438,248.39999389648438,248.33999633789062,36476500,289.3475036621094,290.1000061035156,284.4200134277344,29557300,105.61000061035156,105.61000061035156,110.30000305175781,43561500.0,198.5742645263672,199.0500030517578,195.11000061035156,198897100,355.7449645996094,358.3900146484375,357.8999938964844,16409000,357.67706298828125,358.7900085449219,357.54998779296875,9180700,111.75904846191406,111.77999877929688,110.69999694824219,6825300,6832.43017578125,6832.43017578125,6785.35986328125,5366050000,25611.740234375,25611.740234375,25418.169921875,9297320000,620.3154296875,623.22998046875,618.9199829101562,55919900,674.1666259765625,681.4400024414062,677.239990234375,75842900,4.110000133514404,4.110000133514404,4.136000156402588,0,76.72307586669922,80.5999984741211,80.44999694824219,51875200,106.57726287841797,110.7699966430664,110.7699966430664,45229000
2025-11-11,233.89395141601562,236.14999389648438,236.22999572753906,20686600,504.5289001464844,508.67999267578125,504.79998779296875,17980000,249.10000610351562,249.10000610351562,248.41000366210938,23564100,290.5543518066406,291.30999755859375,287.75,19842100,88.38999938964844,88.38999938964844,96.0999984741211,76900400.0,192.69833374023438,193.16000366210938,195.16000366210938,176483300,349.3623962402344,351.9599914550781,358.9700012207031,16446800,349.9610595703125,351.04998779296875,355.25,7661200,111.00918579101562,111.02999877929688,111.02999877929688,6646700,6846.60986328125,6846.60986328125,6815.64013671875,4983490000,25533.490234375,25533.490234375,25500.9296875,7756810000,618.6632080078125,621.5700073242188,620.5700073242188,44868800,675.7099609375,683.0,679.9500122070312,58953400,4.119999885559082,4.119999885559082,4.119999885559082,0,76.80874633789062,80.69000244140625,80.61000061035156,17001100,107.0006103515625,111.20999908447266,111.05000305175781,11282600
2025-11-12,224.82147216796875,226.99000549316406,236.74000549316406,24195000,506.9688415527344,511.1400146484375,509.3599853515625,26574900,244.1999969482422,244.1999969482422,250.24000549316406,31190100,285.9662780761719,286.7099914550781,291.67999267578125,24829900,85.43000030517578,85.43000030517578,91.7699966430664,41722500.0,193.33682250976562,193.8000030517578,195.72000122070312,154935300,352.5983581542969,355.2200012207031,358.0400085449219,12190500,354.4271545410156,355.5299987792969,356.20001220703125,5870700,109.82940673828125,109.8499984741211,111.5,5185200,6850.919921875,6850.919921875,6867.77001953125,5293610000,25517.330078125,25517.330078125,25662.189453125,8449920000,618.175537109375,621.0800170898438,624.8400268554688,47444400,676.0859985351562,683.3800048828125,684.7899780273438,62312500,4.065000057220459,4.065000057220459,4.074999809265137,0,76.65644836425781,80.52999877929688,80.69000244140625,43962900,106.894775390625,111.0999984741211,111.13999938964844,39067900
2025-11-13,215.49147033691406,217.57000732421875,224.99000549316406,30009000,499.1828918457031,503.2900085449219,510.30999755859375,25273100,237.5800018310547,237.5800018310547,243.0500030517578,41401700,277.847412109375,278.57000732421875,282.3399963378906,29494000,78.33999633789062,78.33999633789062,84.38500213623047,42804800.0,186.4133758544922,186.86000061035156,191.0500030517578,207423100,337.47076416015625,339.9800109863281,351.5799865722656,22616600,343.7503967285156,344.82000732421875,351.6300048828125,10654800,106.8199691772461,106.83999633789062,109.11000061035156,6434000,6737.490234375,6737.490234375,6826.47021484375,5473720000,24993.4609375,24993.4609375,25386.94921875,11351410000,605.5547485351562,608.4000244140625,617.5399780273438,71333600,664.8670043945312,672.0399780273438,680.5,103457800,4.111999988555908,4.111999988555908,4.104000091552734,0,76.3423080444336,80.19999694824219,80.41999816894531,53631300,106.3656005859375,110.55000305175781,110.79000091552734,34125900
2025-11-14,220.7210235595703,222.85000610351562,210.8300018310547,36053800,506.0166320800781,510.17999267578125,498.2300109863281,28505700,234.69000244140625,234.69000244140625,235.05999755859375,38956700,275.6930236816406,276.4100036621094,271.4100036621094,31647200,77.36000061035156,77.36000061035156,75.84500122070312,52465600.0,189.71546936035156,190.1699981689453,182.86000061035156,186591900,339.9324951171875,342.4599914550781,331.4700012207031,18500800,343.909912109375,344.9800109863281,335.239990234375,12271200,107.41986083984375,107.44000244140625,105.16000366210938,6437900,6734.10986328125,6734.10986328125,6672.14013671875,5042660000,25008.240234375,25008.240234375,24658.55078125,10841540000,606.0126953125,608.8599853515625,599.5499877929688,80087300,664.7581176757812,671.9299926757812,665.3800048828125,96846700,4.1479997634887695,4.1479997634887695,4.066999912261963,0,76.3613510131836,80.22000122070312,80.08000183105469,40853500,106.07696533203125,110.25,110.63999938964844,31437600
2025-11-17,217.75958251953125,219.86000061035156,218.2100067138672,16143800,503.34857177734375,507.489990234375,508.45001220703125,19092800,232.8699951171875,232.8699951171875,233.25,59919000,284.2806701660156,285.0199890136719,285.7799987792969,52670200,75.33000183105469,75.33000183105469,75.51000213623047,29176400.0,186.1540069580078,186.60000610351562,185.97000122070312,173628900,340.1210632324219,342.6499938964844,339.82000732421875,14799600,339.244384765625,340.29998779296875,341.94000244140625,6921300,105.47022247314453,105.48999786376953,106.83999633789062,4256500,6672.41015625,6672.41015625,6713.60986328125,5204220000,24799.919921875,24799.919921875,24890.099609375,9744800000,600.8369750976562,603.6599731445312,606.2999877929688,63850400,658.56494140625,665.6699829101562,669.7000122070312,90456100,4.132999897003174,4.132999897003174,4.138999938964844,0,76.23760223388672,80.08999633789062,80.19000244140625,42954200,106.14430236816406,110.31999969482422,110.30999755859375,34343300
2025-11-18,218.38357543945312,220.49000549316406,216.2100067138672,21098300,489.76043701171875,493.7900085449219,495.3699951171875,33815100,222.5500030517578,222.5500030517578,228.10000610351562,60608400,283.5425720214844,284.2799987792969,287.9200134277344,49158700,74.9000015258789,74.9000015258789,74.44499969482422,33464400.0,180.92652893066406,181.36000061035156,183.3800048828125,213598900,337.98699951171875,340.5,343.20001220703125,21726800,332.25616455078125,333.2900085449219,335.75,12933100,104.39043426513672,104.41000366210938,104.56999969482422,7837700,6617.31982421875,6617.31982421875,6641.18994140625,5159390000,24503.099609375,24503.099609375,24651.779296875,8606260000,593.5213012695312,596.3099975585938,599.6199951171875,83327300,653.0346069335938,660.0800170898438,662.0999755859375,114467500,4.123000144958496,4.123000144958496,4.105999946594238,0,76.25663757324219,80.11000061035156,80.0199966430664,44098700,106.19241333007812,110.37000274658203,110.51000213623047,30566000
2025-11-19,223.37542724609375,225.52999877929688,219.05999755859375,21679500,483.1448059082031,487.1199951171875,490.1000061035156,23245300,222.69000244140625,222.69000244140625,223.74000549316406,58335600,292.05047607421875,292.80999755859375,287.1600036621094,68198900,74.91999816894531,74.91999816894531,75.0,26796000.0,186.07418823242188,186.52000427246094,184.7899932861328,247246400,351.8042297363281,354.4200134277344,340.7099914550781,21851900,338.3870849609375,339.44000244140625,334.80999755859375,9842300,103.87052154541016,103.88999938964844,104.2300033569336,4603600,6642.16015625,6642.16015625,6625.83984375,5021610000,24640.51953125,24640.51953125,24517.26953125,8434200000,597.064697265625,599.8699951171875,597.0700073242188,73111500,655.5574340820312,662.6300048828125,660.780029296875,94703000,4.132999897003174,4.132999897003174,4.110000133514404,0,76.29472351074219,80.1500015258789,80.13999938964844,33510100,106.20201873779297,110.37999725341797,110.5999984741211,29144800
2025-11-20,208.6772003173828,210.69000244140625,231.16000366210938,27459600,475.41387939453125,478.42999267578125,492.7099914550781,26802500,217.13999938964844,217.13999938964844,227.0500030517578,50309000,288.6991882324219,289.45001220703125,304.5400085449219,62025200,69.20999908447266,69.20999908447266,82.62000274658203,40999800.0,180.208251953125,180.63999938964844,195.9499969482422,343504800,344.26031494140625,346.82000732421875,366.0,28867000,324.091552734375,325.1000061035156,348.8599853515625,14686700,100.7811050415039,100.80000305175781,105.45999908447266,10513400,6538.759765625,6538.759765625,6737.93017578125,5596080000,24054.380859375,24054.380859375,25131.490234375,10548620000,582.9310913085938,585.6699829101562,611.6199951171875,117743200,645.5652465820312,652.530029296875,672.9099731445312,165293500,4.105999946594238,4.105999946594238,4.145999908447266,0,76.24711608886719,80.0999984741211,80.41000366210938,65471200,106.34634399414062,110.52999877929688,110.66999816894531,49362200
2025-11-21,196.86114501953125,198.75999450683594,207.0800018310547,44834100,469.1436767578125,472.1199951171875,478.5,31769200,220.69000244140625,220.69000244140625,216.35000610351562,68490500,298.8827209472656,299.6600036621094,296.4200134277344,74137700,71.6500015258789,71.6500015258789,70.77999877929688,38889500.0,178.4524688720703,178.8800048828125,181.24000549316406,346926200,337.68914794921875,340.20001220703125,345.1600036621094,30280300,325.1183776855469,326.1300048828125,325.0,17298700,100.90107727050781,100.91999816894531,100.80999755859375,8921400,6602.990234375,6602.990234375,6555.77001953125,5929930000,24239.5703125,24239.5703125,24137.66015625,9931240000,587.3104858398438,590.0700073242188,587.469970703125,103344200,651.995849609375,659.030029296875,655.0499877929688,123956200,4.063000202178955,4.063000202178955,4.071000099182129,0,76.50413513183594,80.37000274658203,80.26000213623047,62331700,106.7215805053711,110.91999816894531,110.9000015258789,41000500
2025-11-24,198.36663818359375,200.27999877929688,196.86000061035156,31144700,471.0118103027344,474.0,475.0,34421000,226.27999877929688,226.27999877929688,222.55999755859375,54318400,317.75360107421875,318.5799865722656,311.1300048828125,85165100,73.5999984741211,73.5999984741211,72.94999694824219,29927600.0,182.11370849609375,182.5500030517578,179.49000549316406,256618300,375.17047119140625,377.9599914550781,347.7300109863281,47262400,338.06805419921875,339.1199951171875,329.0,10650900,102.2108383178711,102.2300033569336,101.4000015258789,5769300,6705.1201171875,6705.1201171875,6636.5400390625,6039740000,24873.849609375,24873.849609375,24462.869140625,9232160000,602.3298950195312,605.1599731445312,595.280029296875,60168100,661.59228515625,668.72998046875,662.6900024414062,80437900,4.038000106811523,4.038000106811523,4.056000232696533,0,76.71355438232422,80.58999633789062,80.41999816894531,38964900,107.14492797851562,111.36000061035156,111.18000030517578,28437900
2025-11-25,195.14768981933594,197.02999877929688,194.0800018310547,29595000,473.9829406738281,476.989990234375,474.07000732421875,28019800,229.6699981689453,229.6699981689453,226.3800048828125,39379300,322.60101318359375,323.44000244140625,326.2099914550781,88632100,71.29000091552734,71.29000091552734,70.83499908447266,27805500.0,177.39498901367188,177.82000732421875,174.91000366210938,320600300,382.18829345703125,385.0299987792969,384.92999267578125,33507600,338.955322265625,340.010009765625,334.7300109863281,12052700,103.17066192626953,103.19000244140625,101.52999877929688,4399900,6765.8798828125,6765.8798828125,6697.02978515625,5003330000,25018.359375,25018.359375,24790.0703125,8498500000,606.0425415039062,608.8900146484375,603.510009765625,57560900,667.815185546875,675.02001953125,668.6300048828125,81077100,4.001999855041504,4.001999855041504,4.013000011444092,0,76.98009490966797,80.87000274658203,80.56999969482422,56524800,107.4432144165039,111.66999816894531,111.43000030517578,47560900
2025-11-26,203.001953125,204.9600067138672,209.5,26544100,482.4393005371094,485.5,486.30999755859375,25709100,229.16000366210938,229.16000366210938,230.74000549316406,38497900,319.1200866699219,319.95001220703125,320.67999267578125,51373400,74.29000091552734,74.29000091552734,74.76000213623047,28793300.0,179.82916259765625,180.25999450683594,181.6300048828125,183852000,394.6357421875,397.57000732421875,385.54998779296875,28693000,346.63140869140625,347.7099914550781,344.25,5533300,102.95069885253906,102.97000122070312,103.97000122070312,4301900,6812.60986328125,6812.60986328125,6793.5498046875,4485000000,25236.939453125,25236.939453125,25168.310546875,7291400000,611.3973388671875,614.27001953125,612.510009765625,42393600,672.4254760742188,679.6799926757812,677.6300048828125,71879600,3.997999906539917,3.997999906539917,4.0,0,77.05623626708984,80.94999694824219,80.83000183105469,27454800,107.80882263183594,112.05000305175781,111.66999816894531,24585400
2025-11-28,200.02069091796875,201.9499969482422,199.50999450683594,13848500,488.9082946777344,492.010009765625,487.6000061035156,14386700,233.22000122070312,233.22000122070312,231.24000549316406,20292300,319.3494873046875,320.17999267578125,323.3699951171875,26018600,73.12000274658203,73.12000274658203,75.625,14114900.0,176.5769500732422,177.0,179.00999450683594,121332800,399.9859313964844,402.9599914550781,399.3500061035156,13365500,351.187255859375,352.2799987792969,349.1700134277344,3352700,104.07048034667969,104.08999633789062,103.25,2751100,6849.08984375,6849.08984375,6822.52001953125,2558540000,25434.890625,25434.890625,25310.279296875,4541070000,616.3540649414062,619.25,616.1099853515625,23034400,676.0958251953125,683.3900146484375,680.8599853515625,49212000,4.017000198364258,4.017000198364258,3.990000009536743,0,77.09431457519531,80.98999786376953,81.0,29430800,107.62600708007812,111.86000061035156,111.9800033569336,25471200
2025-12-01,199.0203399658203,200.94000244140625,200.5,13461200,483.6715087890625,486.739990234375,488.44000244140625,23964000,233.8800048828125,233.8800048828125,233.22000122070312,42904000,314.0732116699219,314.8900146484375,317.70001220703125,41183000,77.05999755859375,77.05999755859375,71.25,25412600.0,179.48997497558594,179.9199981689453,174.75999450683594,188131000,383.23052978515625,386.0799865722656,394.8500061035156,23252000,351.8651428222656,352.9599914550781,348.8500061035156,3902000,104.05049133300781,104.06999969482422,103.05999755859375,3903800,6812.6298828125,6812.6298828125,6812.2998046875,4549370000,25342.849609375,25342.849609375,25232.75,7859560000,614.2837524414062,617.1699829101562,613.6300048828125,40957600,673.0090942382812,680.27001953125,678.8099975585938,61201200,4.0960001945495605,4.0960001945495605,4.050000190734863,0,76.95565032958984,80.47000122070312,80.4000015258789,45274800,107.04946899414062,110.8499984741211,110.7699966430664,24610100
2025-12-02,199.17881774902344,201.10000610351562,205.13999938964844,19664500,486.91094970703125,490.0,486.7200012207031,19562700,234.4199981689453,234.4199981689453,235.00999450683594,45785400,314.9908142089844,315.80999755859375,316.739990234375,35854700,76.02999877929688,76.02999877929688,77.5,25555700.0,181.02630615234375,181.4600067138672,181.75999450683594,182632200,378.7538757324219,381.57000732421875,388.30999755859375,22207000,358.3150634765625,359.42999267578125,355.8500061035156,6657900,105.20027923583984,105.22000122070312,104.91999816894531,4386800,6829.3701171875,6829.3701171875,6830.9599609375,4582290000,25555.859375,25555.859375,25449.869140625,7588580000,619.0911254882812,622.0,619.4600219726562,54541800,674.2556762695312,681.530029296875,681.9199829101562,62953800,4.085999965667725,4.085999965667725,4.110000133514404,0,77.09910583496094,80.62000274658203,80.54000091552734,38842600,107.1170654296875,110.91999816894531,110.83999633789062,34955000
2025-12-03,205.74546813964844,207.72999572753906,200.3300018310547,19060500,474.7182922363281,477.7300109863281,476.32000732421875,34615100,232.3800048828125,232.3800048828125,233.35000610351562,35495100,318.8009033203125,319.6300048828125,315.8900146484375,41838300,79.36000061035156,79.36000061035156,75.54000091552734,19858800.0,179.1607666015625,179.58999633789062,181.0800018310547,165138000,377.8009338378906,380.6099853515625,380.0,21336400,363.23974609375,364.3699951171875,359.70001220703125,4642700,106.66000366210938,106.68000030517578,104.56999969482422,3927300,6849.72021484375,6849.72021484375,6815.2900390625,4736780000,25606.5390625,25606.5390625,25443.7109375,7962730000,620.6041259765625,623.52001953125,619.6199951171875,47841600,676.5905151367188,683.8900146484375,680.5700073242188,57238500,4.057000160217285,4.057000160217285,4.053999900817871,0,77.16604614257812,80.69000244140625,80.61000061035156,35019100,107.35850524902344,111.16999816894531,111.0,20997800
2025-12-04,212.2824249267578,214.3300018310547,207.86000061035156,23316900,477.8086853027344,480.8399963378906,479.760009765625,22318200,229.11000061035156,229.11000061035156,232.77000427246094,45683200,316.7961120605469,317.6199951171875,322.2300109863281,31240900,85.75,85.75,79.18499755859375,29382900.0,182.951904296875,183.3800048828125,181.6199951171875,167364900,378.21783447265625,381.0299987792969,380.67999267578125,15845900,360.47833251953125,361.6000061035156,363.260009765625,3971800,107.92976379394531,107.94999694824219,107.31999969482422,4835000,6857.1201171875,6857.1201171875,6866.47021484375,4872440000,25581.69921875,25581.69921875,25658.140625,7456860000,620.0267944335938,622.9400024414062,624.9299926757812,47067800,677.0851440429688,684.3900146484375,685.2999877929688,61970300,4.107999801635742,4.107999801635742,4.093999862670898,0,77.2234115600586,80.75,80.69999694824219,34777400,107.16536712646484,110.97000122070312,111.04000091552734,29846500
2025-12-05,215.50137329101562,217.5800018310547,219.0,24208700,480.1140441894531,483.1600036621094,482.5199890136719,22608700,229.52999877929688,229.52999877929688,230.32000732421875,33117400,320.4366455078125,321.2699890136719,319.489990234375,28851700,88.30000305175781,88.30000305175781,87.30000305175781,20076800.0,181.98416137695312,182.41000366210938,183.88999938964844,143971100,387.35986328125,390.239990234375,386.1700134277344,24779900,363.28961181640625,364.4200134277344,364.4599914550781,3619200,109.43948364257812,109.45999908447266,108.38999938964844,4144200,6870.39990234375,6870.39990234375,6866.31982421875,4944560000,25692.05078125,25692.05078125,25657.779296875,8248280000,622.554931640625,625.47998046875,624.3800048828125,53614200,678.371337890625,685.6900024414062,685.469970703125,79241000,4.138999938964844,4.138999938964844,4.118000030517578,0,77.2234115600586,80.75,80.7300033569336,30486800,107.05912017822266,110.86000061035156,111.0199966430664,25470000
2025-12-08,218.43309020996094,220.5399932861328,221.35000610351562,24711200,487.9245300292969,491.0199890136719,484.8900146484375,21965900,226.88999938964844,226.88999938964844,229.58999633789062,35019200,313.1109313964844,313.7200012207031,320.04998779296875,33909400,86.23999786376953,86.23999786376953,83.6500015258789,39915900.0,185.1168212890625,185.5500030517578,182.63999938964844,204378100,398.1396789550781,401.1000061035156,402.4800109863281,30410600,367.4067687988281,368.54998779296875,368.1000061035156,4334300,109.3794937133789,109.4000015258789,109.95999908447266,7700100,6846.509765625,6846.509765625,6875.2001953125,4757130000,25627.94921875,25627.94921875,25758.8203125,8533670000,621.3605346679688,624.280029296875,627.2100219726562,43462400,676.3333129882812,683.6300048828125,686.5900268554688,55231500,4.171999931335449,4.171999931335449,4.14300012588501,0,77.03215026855469,80.55000305175781,80.72000122070312,43160800,106.8370132446289,110.62999725341797,110.87999725341797,28815200
2025-12-09,219.4136199951172,221.52999877929688,220.02999877929688,17643600,488.918212890625,492.0199890136719,489.1000061035156,14696100,227.9199981689453,227.9199981689453,226.83999633789062,25841700,316.4643859863281,317.0799865722656,312.3699951171875,30194000,90.66000366210938,90.66000366210938,84.5199966430664,34362200.0,184.53819274902344,184.97000122070312,185.55999755859375,144719700,403.2914123535156,406.2900085449219,398.75,24546000,367.8553771972656,369.0,367.0400085449219,3173300,109.92938232421875,109.94999694824219,109.0,3291300,6840.509765625,6840.509765625,6840.60986328125,4508050000,25668.689453125,25668.689453125,25593.669921875,7192600000,622.1268310546875,625.0499877929688,623.010009765625,37156000,675.74951171875,683.0399780273438,683.1500244140625,58310100,4.185999870300293,4.185999870300293,4.1620001792907715,0,76.94606018066406,80.45999908447266,80.55000305175781,30558800,106.70182037353516,110.48999786376953,110.86000061035156,29239900
2025-12-10,220.87950134277344,223.00999450683594,221.8000030517578,47928000,475.5430603027344,478.55999755859375,484.0299987792969,35756200,231.77999877929688,231.77999877929688,228.80999755859375,38790700,319.58831787109375,320.2099914550781,315.8299865722656,33428900,88.16000366210938,88.16000366210938,88.43499755859375,26553900.0,183.3509521484375,183.77999877929688,184.97000122070312,162785400,409.9220886230469,412.9700012207031,402.20001220703125,31531000,372.9395751953125,374.1000061035156,368.9100036621094,5653300,110.05936431884766,110.08000183105469,109.72000122070312,7544600,6886.68017578125,6886.68017578125,6833.490234375,5526570000,25776.439453125,25776.439453125,25631.58984375,7987900000,624.6749877929688,627.6099853515625,623.8499755859375,55031400,680.2312622070312,687.5700073242188,682.5599975585938,85671300,4.164000034332275,4.164000034332275,4.202000141143799,0,77.20429229736328,80.7300033569336,80.43000030517578,53052100,107.1943359375,111.0,110.45999908447266,34019300
2025-12-11,196.9503173828125,198.85000610351562,190.6199951171875,100612700,480.422119140625,483.4700012207031,476.6300048828125,24669200,230.27999877929688,230.27999877929688,230.7100067138672,28249600,311.82342529296875,312.42999267578125,320.0799865722656,42353700,87.37999725341797,87.37999725341797,83.01000213623047,26922800.0,180.50759887695312,180.92999267578125,180.27999877929688,182136600,403.3708190917969,406.3699951171875,404.8299865722656,45681600,369.7395324707031,370.8900146484375,369.7799987792969,7499900,109.7594223022461,109.77999877929688,108.55000305175781,8112800,6901.0,6901.0,6861.2998046875,5021060000,25686.689453125,25686.689453125,25598.390625,8337770000,622.6544799804688,625.5800170898438,623.8200073242188,58272800,681.8140869140625,689.1699829101562,685.1400146484375,86173700,4.140999794006348,4.140999794006348,4.13100004196167,0,77.19473266601562,80.72000122070312,80.73999786376953,44546400,107.0398178100586,110.83999633789062,111.19000244140625,41927200
2025-12-12,188.15513610839844,189.97000122070312,196.3699951171875,55201600,475.5132751464844,478.5299987792969,479.82000732421875,21248100,226.19000244140625,226.19000244140625,229.8699951171875,35639100,308.68951416015625,309.2900085449219,313.70001220703125,35940200,78.58999633789062,78.58999633789062,86.19000244140625,35221400.0,174.6114044189453,175.02000427246094,181.11000061035156,204274900,357.2735595703125,359.92999267578125,379.9599914550781,95588500,353.02154541015625,354.1199951171875,366.989990234375,12705900,107.94976043701172,107.97000122070312,109.55999755859375,6165500,6827.41015625,6827.41015625,6886.85009765625,4910160000,25196.73046875,25196.73046875,25531.55078125,8724070000,610.7504272460938,613.6199951171875,622.0800170898438,75158700,674.4832763671875,681.760009765625,688.1699829101562,113160300,4.193999767303467,4.193999767303467,4.177999973297119,0,77.0512924194336,80.56999969482422,80.69000244140625,45566100,106.39277648925781,110.16999816894531,110.30000305175781,39040100
2025-12-15,183.15338134765625,184.9199981689453,188.2899932861328,43897500,471.82666015625,474.82000732421875,480.1000061035156,23727700,222.5399932861328,222.5399932861328,227.92999267578125,47286100,307.62158203125,308.2200012207031,311.32000732421875,29151900,72.3499984741211,72.3499984741211,79.33000183105469,31357600.0,175.87843322753906,176.2899932861328,177.94000244140625,164775600,337.30206298828125,339.80999755859375,361.8900146484375,65894900,351.8053283691406,352.8999938964844,358.1300048828125,5605800,105.37024688720703,105.38999938964844,107.6500015258789,5911800,6816.509765625,6816.509765625,6860.18994140625,4975600000,25067.26953125,25067.26953125,25352.869140625,8649240000,607.6847534179688,610.5399780273438,618.3699951171875,49538200,673.4642333984375,680.72998046875,685.739990234375,90811000,4.182000160217285,4.182000160217285,4.170000076293945,0,77.08953857421875,80.61000061035156,80.66999816894531,28983600,106.5183334350586,110.30000305175781,110.52999877929688,22151200
2025-12-16,186.8477325439453,188.64999389648438,184.6999969482422,32433500,473.3867492675781,476.3900146484375,471.9100036621094,20705600,222.55999755859375,222.55999755859375,223.0399932861328,39298900,305.97479248046875,306.57000732421875,304.95001220703125,30585000,69.5,69.5,70.69999694824219,36004000.0,177.30511474609375,177.72000122070312,176.25999450683594,148588100,338.7810363769531,341.29998779296875,336.0199890136719,58061100,350.8482971191406,351.94000244140625,351.57000732421875,5849200,106.29006958007812,106.30999755859375,104.95999908447266,5923600,6800.259765625,6800.259765625,6800.1201171875,4983180000,25132.939453125,25132.939453125,24991.490234375,7759960000,608.8890991210938,611.75,608.260009765625,55152800,671.6240844726562,678.8699951171875,679.22998046875,122030600,4.14900016784668,4.14900016784668,4.170000076293945,0,77.13734436035156,80.66000366210938,80.61000061035156,27908000,106.759765625,110.55000305175781,110.18000030517578,31692600
2025-12-17,176.75509643554688,178.4600067138672,183.30999755859375,50222000,473.1184387207031,476.1199951171875,476.9100036621094,24527200,221.27000427246094,221.27000427246094,224.66000366210938,44034400,296.1439208984375,296.7200012207031,308.010009765625,43930400,64.55000305175781,64.55000305175781,69.55000305175781,48237300.0,170.5409393310547,170.94000244140625,176.10000610351562,222775500,323.6138000488281,326.0199890136719,346.6099853515625,73300900,338.18768310546875,339.239990234375,352.8900146484375,10780400,104.68036651611328,104.69999694824219,106.33999633789062,3623000,6721.43017578125,6721.43017578125,6802.8798828125,5122120000,24647.609375,24647.609375,25167.859375,8616140000,597.6021118164062,600.4099731445312,613.0599975585938,70654300,664.2337646484375,671.4000244140625,679.8900146484375,110625200,4.151000022888184,4.151000022888184,4.163000106811523,0,77.04170989990234,80.55999755859375,80.6500015258789,36999700,106.64386749267578,110.43000030517578,110.43000030517578,22248000
2025-12-18,178.3101043701172,180.02999877929688,182.72000122070312,36297300,480.9289245605469,483.9800109863281,478.19000244140625,28573500,226.75999450683594,226.75999450683594,225.7100067138672,50272400,301.872802734375,302.4599914550781,301.7200012207031,33518000,67.68000030517578,67.68000030517578,67.44499969482422,34161600.0,173.73345947265625,174.13999938964844,174.52999877929688,176096000,327.4453430175781,329.8800048828125,336.0,54501900,346.1728515625,347.25,350.8399963378906,8260200,106.16009521484375,106.18000030517578,105.86000061035156,3676400,6774.759765625,6774.759765625,6778.06005859375,5101190000,25019.369140625,25019.369140625,25031.490234375,7977920000,606.2614135742188,609.1099853515625,609.7999877929688,78875800,669.2496948242188,676.469970703125,677.5999755859375,108650100,4.116000175476074,4.116000175476074,4.125,0,77.25212097167969,80.77999877929688,80.77999877929688,52680500,107.04946899414062,110.8499984741211,110.8499984741211,31844300
2025-12-19,190.1360321044922,191.97000122070312,188.38999938964844,77008600,482.856689453125,485.9200134277344,487.3599853515625,70836100,227.35000610351562,227.35000610351562,226.75999450683594,85544400,306.56365966796875,307.1600036621094,301.7300109863281,59943200,83.0,83.0,70.86000061035156,70583000.0,180.56747436523438,180.99000549316406,176.6699981689453,324925900,337.84796142578125,340.3599853515625,333.3399963378906,159095200,355.125,356.2300109863281,350.30999755859375,8838700,107.73979949951172,107.76000213623047,106.94999694824219,3551100,6834.5,6834.5,6792.6201171875,8554470000,25346.1796875,25346.1796875,25147.30078125,12874560000,614.164306640625,617.0499877929688,611.9500122070312,60369800,675.3153686523438,680.5900268554688,676.5900268554688,103599500,4.151000022888184,4.151000022888184,4.146999835968018,0,77.21464538574219,80.36000061035156,80.43000030517578,34413300,106.77411651611328,110.12999725341797,110.27999877929688,28594900
2025-12-22,196.48480224609375,198.3800048828125,196.82000732421875,27148000,481.86297607421875,484.9200134277344,486.1199951171875,16963000,228.42999267578125,228.42999267578125,228.61000061035156,32261300,309.1785583496094,309.7799987792969,309.8800048828125,26429900,84.83000183105469,84.83000183105469,84.98999786376953,23984300.0,183.2611541748047,183.69000244140625,183.9199981689453,129064400,339.5784912109375,341.45001220703125,346.0299987792969,28739600,359.70001220703125,359.70001220703125,362.4100036621094,4799500,108.92957305908203,108.94999694824219,108.3499984741211,2801800,6878.490234375,6878.490234375,6865.2099609375,4465030000,25461.69921875,25461.69921875,25527.6796875,7244910000,617.1082763671875,619.2100219726562,621.3499755859375,43703100,679.5225219726562,684.8300170898438,683.9400024414062,69556700,4.169000148773193,4.169000148773193,4.166999816894531,0,77.28189849853516,80.43000030517578,80.45999908447266,37203900,106.7547378540039,110.11000061035156,110.18000030517578,17335000
2025-12-23,193.4738311767578,195.33999633789062,196.42999267578125,18301600,483.78082275390625,486.8500061035156,484.9800109863281,14683600,232.13999938964844,232.13999938964844,229.05999755859375,29230200,313.73968505859375,314.3500061035156,309.6300048828125,25478700,80.26000213623047,80.26000213623047,82.27999877929688,22239800.0,188.76829528808594,189.2100067138672,182.97000122070312,174873600,347.40533447265625,349.32000732421875,340.80999755859375,28232600,363.1600036621094,363.1600036621094,358.6000061035156,3542100,108.04974365234375,108.06999969482422,108.4800033569336,2428800,6909.7900390625,6909.7900390625,6872.41015625,3820560000,25587.830078125,25587.830078125,25441.419921875,7518190000,619.9984130859375,622.1099853515625,618.2000122070312,41120400,682.6282348632812,687.9600219726562,683.9199829101562,64840000,4.169000148773193,4.169000148773193,4.151000022888184,0,77.33955383300781,80.48999786376953,80.37000274658203,24341800,106.86138916015625,110.22000122070312,109.91000366210938,16137300
2025-12-24,195.60330200195312,197.49000549316406,195.0,9282700,484.94342041015625,488.0199890136719,485.67999267578125,5855900,232.3800048828125,232.3800048828125,232.1300048828125,11420500,313.4801940917969,314.0899963378906,314.7699890136719,10097400,78.87000274658203,78.87000274658203,80.06999969482422,11922600.0,188.169677734375,188.61000061035156,187.94000244140625,65528500,348.3003845214844,350.2200012207031,350.69000244140625,11424400,364.1700134277344,364.1700134277344,362.70001220703125,1640500,108.209716796875,108.2300033569336,107.93000030517578,766700,6932.0498046875,6932.0498046875,6904.91015625,1798270000,25656.150390625,25656.150390625,25582.33984375,3885190000,621.8123168945312,623.9299926757812,621.989990234375,18468700,685.0294799804688,690.3800048828125,687.9500122070312,39445600,4.136000156402588,4.136000156402588,4.166999816894531,0,77.48368072509766,80.63999938964844,80.51000213623047,10533500,107.27828216552734,110.6500015258789,110.43000030517578,6400600
2025-12-26,196.09852600097656,197.99000549316406,198.05999755859375,11262000,484.6354064941406,487.7099914550781,486.7099914550781,8842200,232.52000427246094,232.52000427246094,232.0399932861328,15994700,312.9013366699219,313.510009765625,314.4800109863281,10899000,76.41999816894531,76.41999816894531,79.0,14073500.0,190.08518981933594,190.52999877929688,189.9199981689453,139740300,350.1999206542969,352.1300048828125,351.05999755859375,15028100,365.8599853515625,365.8599853515625,366.07000732421875,2921300,108.0797348022461,108.0999984741211,108.0999984741211,1213000,6929.93994140625,6929.93994140625,6936.02001953125,2586550000,25644.390625,25644.390625,25692.6796875,5170300000,621.7723999023438,623.8900146484375,624.6599731445312,28959800,684.9599609375,690.3099975585938,690.6400146484375,41613300,4.136000156402588,4.136000156402588,4.122000217437744,0,77.44523620605469,80.5999984741211,80.63999938964844,10922900,107.2685775756836,110.63999938964844,110.75,10589300
2025-12-29,193.51345825195312,195.3800048828125,194.16000366210938,14748100,484.02923583984375,487.1000061035156,484.8599853515625,10893400,232.07000732421875,232.07000732421875,231.94000244140625,19797900,312.95123291015625,313.55999755859375,311.3699951171875,19621800,74.91999816894531,74.91999816894531,73.54000091552734,14033100.0,187.7805938720703,188.22000122070312,187.7100067138672,120006100,347.4749755859375,349.3900146484375,348.7200012207031,21946900,364.2099914550781,364.2099914550781,362.6600036621094,4874400,107.36986541748047,107.38999938964844,107.30999755859375,1665200,6905.740234375,6905.740234375,6903.60009765625,3541750000,25525.560546875,25525.560546875,25462.25,6527530000,618.7626342773438,620.8699951171875,620.0999755859375,32458300,682.51904296875,687.8499755859375,687.5399780273438,62559500,4.116000175476074,4.116000175476074,4.116000175476074,0,77.47406005859375,80.62999725341797,80.55999755859375,22012700,107.41401672363281,110.79000091552734,110.69000244140625,18943900
2025-12-30,195.3259735107422,197.2100067138672,196.05999755859375,14197400,484.4068603515625,487.4800109863281,485.92999267578125,13944500,232.52999877929688,232.52999877929688,231.2100067138672,21910500,313.24066162109375,313.8500061035156,312.5,17380900,73.9000015258789,73.9000015258789,74.75499725341797,13291800.0,187.1021728515625,187.5399932861328,188.24000549316406,97687300,347.9324035644531,349.8500061035156,349.9700012207031,16633600,363.30999755859375,363.30999755859375,365.1600036621094,2927000,106.96994018554688,106.98999786376953,107.22000122070312,1573200,6896.240234375,6896.240234375,6900.43994140625,3309930000,25462.560546875,25462.560546875,25509.880859375,6769300000,617.3275146484375,619.4299926757812,619.8400268554688,31226800,681.6856079101562,687.010009765625,687.4500122070312,47160700,4.130000114440918,4.130000114440918,4.140999794006348,0,77.55093383789062,80.70999908447266,80.63999938964844,20146700,107.28797912597656,110.66000366210938,110.56999969482422,21486400
2025-12-31,193.04794311523438,194.91000366210938,196.4199981689453,10341500,480.5711669921875,483.6199951171875,487.8399963378906,15601600,230.82000732421875,230.82000732421875,232.91000366210938,24383700,312.392333984375,313.0,312.8500061035156,16377700,71.61000061035156,71.61000061035156,73.48999786376953,18122800.0,186.0646209716797,186.5,189.57000732421875,120100500,344.2030029296875,346.1000061035156,349.7300109863281,15346100,360.1300048828125,360.1300048828125,364.8299865722656,2687300,105.6701889038086,105.69000244140625,107.08000183105469,1921500,6845.5,6845.5,6898.81982421875,3261830000,25249.849609375,25249.849609375,25464.7109375,5895130000,612.2249145507812,614.3099975585938,619.6500244140625,40746500,676.635009765625,681.9199829101562,687.1400146484375,74144800,4.163000106811523,4.163000106811523,4.125999927520752,0,77.47406005859375,80.62999725341797,80.72000122070312,17457100,106.83231353759766,110.19000244140625,110.52999877929688,19124600
2026-01-02,193.84030151367188,195.7100067138672,197.47000122070312,14540700,469.95849609375,472.94000244140625,484.3900146484375,25571600,226.5,226.5,231.33999633789062,51456200,314.5381164550781,315.1499938964844,316.8999938964844,32009400,79.31999969482422,79.31999969482422,73.93000030517578,30050000.0,188.40911865234375,188.85000610351562,189.83999633789062,148240500,345.7146301269531,347.6199951171875,352.7799987792969,25398600,373.29998779296875,373.29998779296875,368.95001220703125,8972400,102.60076904296875,102.62000274658203,106.48999786376953,6019800,6858.47021484375,6858.47021484375,6878.10986328125,4184120000,25206.169921875,25206.169921875,25524.26953125,7331460000,611.0390014648438,613.1199951171875,620.0599975585938,61859200,677.8753662109375,683.1699829101562,685.7100219726562,89377200,4.186999797821045,4.186999797821045,4.160999774932861,0,77.51250457763672,80.66999816894531,80.72000122070312,28403300,106.80323028564453,110.16000366210938,110.31999969482422,25676200
2026-01-05,190.75009155273438,192.58999633789062,198.33999633789062,22635500,469.86907958984375,472.8500061035156,474.05999755859375,25250300,233.05999755859375,233.05999755859375,228.83999633789062,49733300,315.9254455566406,316.5400085449219,317.6600036621094,30195600,76.86000061035156,76.86000061035156,82.9000015258789,27206500.0,187.6808319091797,188.1199951171875,191.75999450683594,183529700,341.5376892089844,343.4200134277344,354.739990234375,31136000,377.5899963378906,377.5899963378906,381.7200012207031,9071300,103.6105728149414,103.62999725341797,103.47000122070312,4848500,6902.0498046875,6902.0498046875,6892.18994140625,5771930000,25401.3203125,25401.3203125,25471.7890625,8737320000,615.8923950195312,617.989990234375,619.3200073242188,46828400,682.3900756835938,687.719970703125,686.5399780273438,71927200,4.164999961853027,4.164999961853027,4.183000087738037,0,77.71427917480469,80.87999725341797,80.73999786376953,38563200,107.10376739501953,110.47000122070312,110.30000305175781,27771000
2026-01-06,191.89903259277344,193.75,192.55999755859375,16474500,475.4933776855469,478.510009765625,473.79998779296875,23037700,240.92999267578125,240.92999267578125,232.10000610351562,53764700,313.729736328125,314.3399963378906,316.3999938964844,31212100,77.94000244140625,77.94000244140625,78.6500015258789,25473300.0,186.80288696289062,187.24000549316406,190.52000427246094,176862600,341.8857421875,343.7699890136719,343.6000061035156,27135500,387.6199951171875,387.6199951171875,382.3999938964844,10201200,104.90032958984375,104.91999816894531,103.55000305175781,3910200,6944.81982421875,6944.81982421875,6908.02978515625,5509680000,25639.7109375,25639.7109375,25462.060546875,9012640000,621.3040161132812,623.4199829101562,619.22998046875,43137500,686.4483642578125,691.8099975585938,687.9299926757812,69273800,4.178999900817871,4.178999900817871,4.172999858856201,0,77.7334976196289,80.9000015258789,80.9000015258789,31721500,107.10376739501953,110.47000122070312,110.30999755859375,31037300
2026-01-07,190.99769592285156,192.83999633789062,195.3000030517578,11171200,480.422119140625,483.4700012207031,479.760009765625,25564200,241.55999755859375,241.55999755859375,239.61000061035156,42236500,321.3548889160156,321.9800109863281,314.3599853515625,35104400,77.18000030517578,77.18000030517578,77.13999938964844,14413400.0,188.6685028076172,189.11000061035156,188.57000732421875,153543200,341.6172180175781,343.5,341.70001220703125,20249300,385.0199890136719,385.0199890136719,385.20001220703125,6058900,106.22008514404297,106.23999786376953,105.0,3216300,6920.93017578125,6920.93017578125,6945.06982421875,5214480000,25653.900390625,25653.900390625,25617.80078125,8396920000,621.9020385742188,624.02001953125,623.0399780273438,44880300,684.2356567382812,689.5800170898438,692.1900024414062,75588300,4.138000011444092,4.138000011444092,4.131999969482422,0,77.71427917480469,80.87999725341797,80.95999908447266,27022700,107.18133544921875,110.55000305175781,110.75,28107400
2026-01-08,187.83819580078125,189.64999389648438,190.8800048828125,19468500,475.0959167480469,478.1099853515625,481.239990234375,18162600,246.2899932861328,246.2899932861328,243.05999755859375,39509800,324.80816650390625,325.44000244140625,328.9700012207031,31896100,77.08999633789062,77.08999633789062,77.57499694824219,20472200.0,184.60801696777344,185.0399932861328,189.11000061035156,172457000,330.6576232910156,332.4800109863281,342.7799987792969,24385200,378.9800109863281,378.9800109863281,384.55999755859375,5724000,104.42042541503906,104.44000244140625,105.62999725341797,3038000,6921.4599609375,6921.4599609375,6914.10986328125,5333200000,25507.099609375,25507.099609375,25615.349609375,7723140000,618.364013671875,620.469970703125,623.030029296875,50435900,684.1661987304688,689.510009765625,688.8200073242188,64019200,4.183000087738037,4.183000087738037,4.166999816894531,0,77.77193450927734,80.94000244140625,80.83999633789062,33516900,106.88077545166016,110.23999786376953,110.19999694824219,26395600
2026-01-09,197.14321899414062,198.52000427246094,191.66000366210938,26152700,476.258544921875,479.2799987792969,474.05999755859375,18491000,247.3800048828125,247.3800048828125,244.57000732421875,34560000,327.9320983886719,328.57000732421875,327.0899963378906,26214200,80.13999938964844,80.13999938964844,78.31999969482422,26303200.0,184.42843627929688,184.86000061035156,185.0800018310547,131327500,343.07916259765625,344.9700012207031,337.9200134277344,22482500,389.2200012207031,389.2200012207031,382.2799987792969,6490800,104.98031616210938,105.0,104.45999908447266,3407400,6966.27978515625,6966.27978515625,6927.830078125,5163900000,25766.259765625,25766.259765625,25518.8203125,8124420000,624.5230712890625,626.6500244140625,621.4099731445312,49688700,688.6908569335938,694.0700073242188,690.6300048828125,80125500,4.171000003814697,4.171000003814697,4.186999797821045,0,77.82957458496094,81.0,80.94999694824219,31849200,107.2685775756836,110.63999938964844,110.31999969482422,29660300
2026-01-12,203.26048278808594,204.67999267578125,197.60000610351562,25428500,474.1717529296875,477.17999267578125,476.6700134277344,23519900,246.47000122070312,246.47000122070312,246.72999572753906,35867800,331.2156677246094,331.8599853515625,325.79998779296875,33923900,89.93000030517578,89.93000030517578,78.75,43610500.0,184.5082550048828,184.94000244140625,183.22000122070312,137968500,350.27947998046875,352.2099914550781,340.95001220703125,20949600,390.6600036621094,390.6600036621094,385.6700134277344,5532000,105.33025360107422,105.3499984741211,104.41000366210938,3232700,6977.27001953125,6977.27001953125,6944.1201171875,5019040000,25787.66015625,25787.66015625,25616.810546875,8707170000,625.041259765625,627.1699829101562,622.3099975585938,37388700,689.7723388671875,695.1599731445312,690.6799926757812,63976000,4.186999797821045,4.186999797821045,4.197000026702881,0,77.8680191040039,81.04000091552734,80.91000366210938,23983600,107.14253997802734,110.51000213623047,110.37000274658203,28990100
2026-01-13,200.88705444335938,202.2899932861328,205.0,15857400,467.70281982421875,470.6700134277344,474.67999267578125,28545800,242.60000610351562,242.60000610351562,246.52999877929688,38371800,335.3177185058594,335.9700012207031,334.95001220703125,33517600,87.4800033569336,87.4800033569336,89.05000305175781,20414100.0,185.376220703125,185.80999755859375,185.0,160128900,352.66632080078125,354.6099853515625,352.8800048828125,18308000,391.5299987792969,391.5299987792969,392.2699890136719,5281600,103.33062744140625,103.3499984741211,104.97000122070312,7434700,6963.740234375,6963.740234375,6977.41015625,5091730000,25741.94921875,25741.94921875,25779.279296875,9416400000,624.1144409179688,626.239990234375,627.27001953125,44481400,688.3932495117188,693.77001953125,695.489990234375,78309700,4.171000003814697,4.171000003814697,4.192999839782715,0,77.8680191040039,81.04000091552734,81.06999969482422,27607400,107.375244140625,110.75,110.70999908447266,31139200
2026-01-14,192.2672576904297,193.61000061035156,201.67999267578125,22473200,456.4840087890625,459.3800048828125,466.4599914550781,28184300,236.64999389648438,236.64999389648438,241.14999389648438,41410600,335.18798828125,335.8399963378906,335.05999755859375,28525600,89.80000305175781,89.80000305175781,89.19999694824219,28378300.0,182.7124481201172,183.13999938964844,184.32000732421875,159586100,338.02703857421875,339.8900146484375,348.9700012207031,30094700,388.3500061035156,388.3500061035156,388.9599914550781,6696500,101.05105590820312,101.06999969482422,102.91999816894531,7742400,6926.60009765625,6926.60009765625,6937.41015625,5530830000,25465.939453125,25465.939453125,25575.5703125,12165220000,617.4471435546875,619.5499877929688,622.239990234375,72598700,685.0095825195312,690.3599853515625,691.0,94676700,4.139999866485596,4.139999866485596,4.159999847412109,0,77.8680191040039,81.04000091552734,81.0,42994000,107.64671325683594,111.02999877929688,110.80000305175781,27251900
2026-01-15,188.53335571289062,189.85000610351562,195.00999450683594,16418600,453.7811279296875,456.6600036621094,464.1199951171875,23225800,238.17999267578125,238.17999267578125,239.30999755859375,43003600,332.1338806152344,332.7799987792969,337.6499938964844,28442400,95.01000213623047,95.01000213623047,94.7300033569336,40670400.0,186.6133270263672,187.0500030517578,186.5,206188600,341.1398620605469,343.0199890136719,349.1199951171875,22218800,396.4100036621094,396.4100036621094,401.07000732421875,9948100,99.76129150390625,99.77999877929688,101.5,9024200,6944.47021484375,6944.47021484375,6969.4599609375,5114050000,25547.0703125,25547.0703125,25767.30078125,9740630000,619.6696166992188,621.780029296875,626.5999755859375,53934900,686.8750610351562,692.239990234375,694.5700073242188,77862000,4.159999847412109,4.159999847412109,4.138000011444092,0,77.8680191040039,81.04000091552734,81.0999984741211,30412400,107.5109634399414,110.88999938964844,111.18000030517578,34534800
2026-01-16,189.76473999023438,191.08999633789062,189.91000366210938,19224700,456.9609680175781,459.8599853515625,457.8299865722656,34246700,239.1199951171875,239.1199951171875,239.08999633789062,45888300,329.35931396484375,330.0,334.4100036621094,40341600,101.2300033569336,101.2300033569336,97.31999969482422,34781400.0,185.79522705078125,186.22999572753906,189.0800018310547,187967200,349.7822265625,351.7099914550781,346.2699890136719,31291200,400.3900146484375,400.3900146484375,402.8500061035156,5485900,98.29156494140625,98.30999755859375,100.0,7824500,6940.009765625,6940.009765625,6960.5400390625,5356550000,25529.259765625,25529.259765625,25710.599609375,9514500000,619.1513671875,621.260009765625,625.5,61058100,686.2994995117188,691.6599731445312,693.6599731445312,79289200,4.230999946594238,4.230999946594238,4.195000171661377,0,77.91605377197266,81.08999633789062,81.08000183105469,52466300,107.20072937011719,110.56999969482422,110.81999969482422,38762100
2026-01-20,178.67221069335938,179.9199981689453,187.19000244140625,29129500,451.65460205078125,454.5199890136719,451.2200012207031,26130000,231.0,231.0,233.75999450683594,47737900,321.37481689453125,322.0,320.8699951171875,35361000,95.22000122070312,95.22000122070312,95.30000305175781,26822500.0,177.65428161621094,178.07000732421875,181.89999389648438,223345300,330.7769775390625,332.6000061035156,344.1000061035156,32293900,390.3900146484375,390.3900146484375,393.1600036621094,7158500,95.91201782226562,95.93000030517578,96.30000305175781,10577900,6796.85986328125,6796.85986328125,6865.240234375,5769500000,24987.5703125,24987.5703125,25155.029296875,9469480000,605.9961547851562,608.0599975585938,610.530029296875,81988900,672.3286743164062,677.5800170898438,681.489990234375,111623300,4.295000076293945,4.295000076293945,4.2789998054504395,0,77.71427917480469,80.87999725341797,80.75,38653400,106.55113220214844,109.9000015258789,109.8499984741211,43500200
2026-01-21,172.67410278320312,173.8800048828125,179.67999267578125,38190000,441.3102111816406,444.1099853515625,452.6000061035156,37980500,231.30999755859375,231.30999755859375,231.08999633789062,47276100,327.742431640625,328.3800048828125,320.9200134277344,35386600,94.05000305175781,94.05000305175781,95.3949966430664,29676600.0,182.8920440673828,183.32000732421875,179.0500030517578,200381000,326.9977722167969,328.79998779296875,335.510009765625,32006600,401.92999267578125,401.92999267578125,394.75,8754600,95.38211822509766,95.4000015258789,96.08999633789062,9514000,6875.6201171875,6875.6201171875,6810.7099609375,5835520000,25326.580078125,25326.580078125,25048.55078125,9162740000,614.188232421875,616.280029296875,609.469970703125,79837900,680.0880126953125,685.4000244140625,679.6500244140625,127844500,4.252999782562256,4.252999782562256,4.281000137329102,0,77.94489288330078,81.12000274658203,80.9800033569336,42023500,107.1910171508789,110.55999755859375,110.12999725341797,38616500
2026-01-22,176.9442596435547,178.17999267578125,179.3699951171875,21141900,448.2959289550781,451.1400146484375,447.6199951171875,25349400,234.33999633789062,234.33999633789062,234.0500030517578,31913300,329.8982849121094,330.5400085449219,334.45001220703125,26253600,91.79000091552734,91.79000091552734,97.5199966430664,19946400.0,184.40847778320312,184.83999633789062,184.75,139636600,323.7059326171875,325.489990234375,335.3500061035156,24275400,402.82000732421875,402.82000732421875,408.17999267578125,5462600,96.92182922363281,96.94000244140625,96.41999816894531,7214700,6913.35009765625,6913.35009765625,6914.43994140625,5307580000,25518.349609375,25518.349609375,25548.380859375,9034850000,618.6530151367188,620.760009765625,622.3499755859375,42254800,683.6403198242188,688.97998046875,689.8499755859375,77112200,4.249000072479248,4.249000072479248,4.258999824523926,0,78.00253295898438,81.18000030517578,81.19000244140625,35231900,107.3946304321289,110.7699966430664,110.58000183105469,36342900
2026-01-23,175.9313507080078,177.16000366210938,172.6199951171875,23011300,463.0125732421875,465.95001220703125,451.8699951171875,38000200,239.16000366210938,239.16000366210938,234.9600067138672,33778500,327.2933044433594,327.92999267578125,332.489990234375,27280000,92.9800033569336,92.9800033569336,90.44999694824219,20375000.0,187.23187255859375,187.6699981689453,187.5,142748100,318.2957763671875,320.04998779296875,319.29998779296875,30259500,400.0899963378906,400.0899963378906,400.5,5869500,97.69168090820312,97.70999908447266,96.88999938964844,9745900,6915.60986328125,6915.60986328125,6907.85009765625,4871930000,25605.470703125,25605.470703125,25501.91015625,8228760000,620.6063842773438,622.719970703125,619.72998046875,43645800,683.8883056640625,689.22998046875,688.1500244140625,63059600,4.238999843597412,4.238999843597412,4.236999988555908,0,77.964111328125,81.13999938964844,81.18000030517578,38360500,107.46249389648438,110.83999633789062,110.76000213623047,30615300
2026-01-26,181.1747283935547,182.44000244140625,179.10000610351562,21100400,467.3152770996094,470.2799987792969,465.30999755859375,29291200,238.4199981689453,238.4199981689453,239.97999572753906,32825500,332.61297607421875,333.260009765625,327.80999755859375,26042100,98.30999755859375,98.30999755859375,102.0,49349000.0,186.03468322753906,186.47000122070312,187.16000366210938,124799600,323.0694580078125,324.8500061035156,319.79998779296875,25006400,398.82000732421875,398.82000732421875,398.3999938964844,4326900,98.79147338867188,98.80999755859375,98.0,8478800,6950.22998046875,6950.22998046875,6923.22998046875,4968050000,25713.2109375,25713.2109375,25631.009765625,7505250000,623.3370971679688,625.4600219726562,623.2100219726562,35983000,687.3612060546875,692.72998046875,690.489990234375,60473800,4.2129998207092285,4.2129998207092285,4.2129998207092285,0,78.00253295898438,81.18000030517578,81.19000244140625,27027500,107.54975891113281,110.93000030517578,111.05000305175781,23629800
2026-01-27,173.68701171875,174.89999389648438,179.19000244140625,27093700,477.5503234863281,480.5799865722656,473.70001220703125,29213900,244.67999267578125,244.67999267578125,239.69000244140625,38029200,333.90045166015625,334.54998779296875,335.3699951171875,21636200,108.86000061035156,108.86000061035156,103.69999694824219,49218800.0,188.07989501953125,188.52000427246094,187.24000549316406,143711600,330.9659423828125,332.7900085449219,329.760009765625,25537600,407.25,407.25,403.8999938964844,6145600,97.7416763305664,97.76000213623047,99.08000183105469,9684400,6978.60009765625,6978.60009765625,6965.9599609375,5331720000,25939.740234375,25939.740234375,25852.0390625,8026050000,628.9878540039062,631.1300048828125,628.9099731445312,38997200,690.099853515625,695.489990234375,694.1799926757812,55506100,4.2230000495910645,4.2230000495910645,4.235000133514404,0,77.992919921875,81.16999816894531,81.18000030517578,22961500,107.43341064453125,110.80999755859375,110.83999633789062,27166000
2026-01-28,171.60159301757812,172.8000030517578,174.9199981689453,35882700,478.59368896484375,481.6300048828125,483.2099914550781,36875400,243.00999450683594,243.00999450683594,246.3699951171875,40882700,335.3576354980469,336.010009765625,336.05999755859375,27434400,106.0199966430664,106.0199966430664,114.15499877929688,36455600.0,191.07289123535156,191.52000427246094,191.27000427246094,148552700,331.4134521484375,333.239990234375,338.8500061035156,23001700,416.6300048828125,416.6300048828125,415.3399963378906,7641900,97.04180145263672,97.05999755859375,98.0999984741211,9073800,6978.02978515625,6978.02978515625,7002.0,5507670000,26022.7890625,26022.7890625,26121.740234375,8151580000,631.0707397460938,633.219970703125,635.4600219726562,50691700,690.0303344726562,695.4199829101562,697.0499877929688,61172200,4.250999927520752,4.250999927520752,4.235000133514404,0,77.8680191040039,81.04000091552734,81.16999816894531,35559200,107.27828216552734,110.6500015258789,110.70999908447266,31045900
2026-01-29,167.83787536621094,169.00999450683594,170.14999389648438,37254500,430.76715087890625,433.5,439.989990234375,128855300,241.72999572753906,241.72999572753906,242.82000732421875,47229600,337.5932922363281,338.25,340.29998779296875,39785600,99.52999877929688,99.52999877929688,103.86000061035156,30885900.0,192.06056213378906,192.50999450683594,191.33999633789062,171764400,328.917236328125,330.7300109863281,332.55999755859375,20447500,417.5199890136719,417.5199890136719,417.44000244140625,9352500,92.25270080566406,92.2699966430664,94.48999786376953,23323000,6969.009765625,6969.009765625,6977.740234375,6877780000,25884.30078125,25884.30078125,26030.080078125,8782210000,627.2936401367188,629.4299926757812,632.6500244140625,79944000,688.6610717773438,694.0399780273438,696.3900146484375,97486200,4.2270002365112305,4.2270002365112305,4.247000217437744,0,77.8584213256836,81.02999877929688,81.05000305175781,38201600,107.307373046875,110.68000030517578,110.43000030517578,45815500
2026-01-30,163.43858337402344,164.5800018310547,168.1699981689453,27362400,427.5773620605469,430.2900085449219,439.1700134277344,58566800,239.3000030517578,239.3000030517578,239.88999938964844,46585000,337.34375,338.0,340.0,31024000,93.19000244140625,93.19000244140625,99.0,25314900.0,190.6837921142578,191.1300048828125,191.2100067138672,179489500,329.48406982421875,331.29998779296875,332.44000244140625,28313000,403.4599914550781,403.4599914550781,411.2799987792969,9029000,90.2930679321289,90.30999755859375,91.94000244140625,14835600,6939.02978515625,6939.02978515625,6947.27001953125,6697340000,25552.390625,25552.390625,25740.189453125,9255930000,619.75927734375,621.8699951171875,625.7100219726562,65650700,686.6071166992188,691.969970703125,691.7899780273438,101835100,4.241000175476074,4.241000175476074,4.247000217437744,0,77.94489288330078,81.12000274658203,80.91999816894531,59848000,107.20072937011719,110.56999969482422,110.5999984741211,39631400
2026-02-02,158.94993591308594,160.05999755859375,170.9199981689453,47421000,420.70098876953125,423.3699951171875,430.239990234375,42219900,242.9600067138672,242.9600067138672,238.30999755859375,37546100,343.0227355957031,343.69000244140625,336.2200012207031,32006100,88.94000244140625,88.94000244140625,92.83499908447266,19489100.0,185.17669677734375,185.61000061035156,187.1999969482422,165794100,329.29510498046875,331.1099853515625,326.1099853515625,17278200,407.9700012207031,407.9700012207031,398.8599853515625,5946300,89.50321197509766,89.5199966430664,91.13999938964844,9660700,6976.43994140625,6976.43994140625,6916.64013671875,5772050000,25738.609375,25738.609375,25491.640625,8882530000,624.0148315429688,626.1400146484375,618.7000122070312,49020300,690.0204467773438,695.4099731445312,689.5800170898438,79286500,4.275000095367432,4.275000095367432,4.236000061035156,0,77.99219512939453,80.7699966430664,80.66999816894531,42890700,107.10145568847656,110.05999755859375,110.1500015258789,35480300
2026-02-03,153.59732055664062,154.6699981689453,158.25999450683594,43260100,408.6176452636719,411.2099914550781,422.010009765625,61424100,238.6199951171875,238.6199951171875,244.97999572753906,53831300,339.0504455566406,339.7099914550781,347.3399963378906,36506700,90.05999755859375,90.05999755859375,91.0199966430664,25101400.0,179.91897583007812,180.33999633789062,186.24000549316406,204019600,318.5741882324219,320.3299865722656,336.739990234375,36914800,397.67999267578125,397.67999267578125,411.0299987792969,12188600,85.37399291992188,85.38999938964844,89.37000274658203,26636300,6917.81005859375,6917.81005859375,6985.4501953125,7017660000,25338.619140625,25338.619140625,25811.05078125,10306320000,614.4274291992188,616.52001953125,628.2999877929688,81234000,684.18603515625,689.530029296875,696.2100219726562,107904600,4.27400016784668,4.27400016784668,4.289999961853027,0,77.94392395019531,80.72000122070312,80.76000213623047,49372700,107.15011596679688,110.11000061035156,110.04000091552734,32761700
2026-02-04,145.65280151367188,146.6699981689453,153.88999938964844,42323400,411.5788879394531,414.19000244140625,411.0,45012400,232.99000549316406,232.99000549316406,238.86000061035156,51299900,332.3934020996094,333.0400085449219,342.9599914550781,70618400,82.45999908447266,82.45999908447266,89.55000305175781,26247800.0,173.78334045410156,174.19000244140625,179.4600067138672,207014100,306.3615417480469,308.04998779296875,319.510009765625,43330300,382.0199890136719,382.0199890136719,394.6700134277344,16908500,83.82427978515625,83.83999633789062,84.05000305175781,45280300,6882.72021484375,6882.72021484375,6924.5,7475750000,24891.240234375,24891.240234375,25240.380859375,10862000000,603.6939697265625,605.75,615.02001953125,81850700,680.8719482421875,686.1900024414062,690.3499755859375,105204600,4.275000095367432,4.275000095367432,4.26800012588501,0,77.84735870361328,80.62000274658203,80.69999694824219,42829400,107.01388549804688,109.97000122070312,109.97000122070312,31344400
2026-02-05,135.53347778320312,136.47999572753906,145.60000610351562,42789000,391.1882629394531,393.6700134277344,407.44000244140625,66289200,222.69000244140625,222.69000244140625,224.91000366210938,103509200,330.60687255859375,331.25,312.2200012207031,88205800,74.6500015258789,74.6500015258789,79.6500015258789,23637700.0,171.47872924804688,171.8800048828125,174.92999267578125,206312900,308.8080749511719,310.510009765625,314.3399963378906,42775800,381.07000732421875,381.07000732421875,379.1400146484375,12007800,79.65505981445312,79.66999816894531,83.04000091552734,44959000,6798.39990234375,6798.39990234375,6837.39013671875,6989120000,24548.689453125,24548.689453125,24614.859375,10109230000,595.003662109375,597.030029296875,600.2100219726562,89354500,672.3683471679688,677.6199951171875,680.9400024414062,113610800,4.210000038146973,4.210000038146973,4.251999855041504,0,77.76045989990234,80.52999877929688,80.55999755859375,75554200,107.52963256835938,110.5,110.19000244140625,23929700
2026-02-06,141.8295135498047,142.82000732421875,139.75,29962400,398.61114501953125,401.1400146484375,399.1700134277344,53515300,210.32000732421875,210.32000732421875,202.6999969482422,179210900,322.233154296875,322.8599853515625,327.17999267578125,56380500,89.94999694824219,89.94999694824219,77.9000015258789,36852800.0,184.97714233398438,185.41000366210938,176.69000244140625,231346200,331.0952453613281,332.9200134277344,320.1000061035156,33003400,401.6499938964844,401.6499938964844,389.20001220703125,13460300,82.44454193115234,82.45999908447266,81.56999969482422,38552200,6932.2998046875,6932.2998046875,6816.740234375,6283680000,25075.76953125,25075.76953125,24655.25,9054400000,607.5807495117188,609.6500244140625,600.1900024414062,78019300,685.267578125,690.6199951171875,681.4600219726562,89127600,4.205999851226807,4.205999851226807,4.203999996185303,0,78.03082275390625,80.80999755859375,80.66999816894531,40915900,107.58802032470703,110.55999755859375,110.47000122070312,29022200
2026-02-09,155.50401306152344,156.58999633789062,148.49000549316406,49936500,410.99261474609375,413.6000061035156,404.8500061035156,45480500,208.72000122070312,208.72000122070312,208.97000122070312,91178400,323.6903381347656,324.32000732421875,320.92999267578125,39640100,96.79000091552734,96.79000091552734,90.06999969482422,25424400.0,189.59632873535156,190.0399932861328,184.25999450683594,196387400,342.0548095703125,343.94000244140625,330.7699890136719,30091000,406.6499938964844,406.6499938964844,398.9100036621094,5915200,85.04405212402344,85.05999755859375,82.5999984741211,29011400,6964.81982421875,6964.81982421875,6917.259765625,5650260000,25268.140625,25268.140625,24953.6796875,8174050000,612.2349243164062,614.3200073242188,607.5399780273438,56797600,688.57177734375,693.9500122070312,689.4199829101562,73885200,4.197999954223633,4.197999954223633,4.23799991607666,0,78.13704681396484,80.91999816894531,80.76000213623047,33716900,107.58802032470703,110.55999755859375,110.37000274658203,27356900
2026-02-10,158.7811279296875,159.88999938964844,160.0,40092200,410.6646423339844,413.2699890136719,419.6199951171875,44857900,206.9600067138672,206.9600067138672,208.8000030517578,67175000,317.9614562988281,318.5799865722656,320.9700012207031,39170000,95.11000061035156,95.11000061035156,95.0,14088200.0,188.09983825683594,188.5399932861328,191.3800048828125,136764800,338.5740051269531,340.44000244140625,347.4700012207031,19542700,404.760009765625,404.760009765625,408.17999267578125,5645300,85.39398956298828,85.41000366210938,85.70999908447266,26404800,6941.81005859375,6941.81005859375,6974.490234375,5595950000,25127.640625,25127.640625,25314.23046875,8513440000,609.39453125,611.469970703125,615.3099975585938,53938900,686.7559814453125,692.1199951171875,694.9500122070312,65185700,4.146999835968018,4.146999835968018,4.176000118255615,0,78.0597915649414,80.83999633789062,80.94999694824219,37886100,107.84103393554688,110.81999969482422,110.9000015258789,34509800
2026-02-11,156.07005310058594,157.16000366210938,163.66000366210938,24538900,401.8207702636719,404.3699951171875,416.17999267578125,42491000,204.0800018310547,204.0800018310547,208.05999755859375,65545500,310.3562927246094,310.9599914550781,318.9700012207031,45406400,95.1500015258789,95.1500015258789,95.81999969482422,21192300.0,189.60633850097656,190.0500030517578,192.4499969482422,144192700,340.88128662109375,342.760009765625,346.79998779296875,17004700,414.7799987792969,414.7799987792969,413.8399963378906,6211200,83.21440124511719,83.2300033569336,85.33999633789062,34726300,6941.47021484375,6941.47021484375,6976.47998046875,6175510000,25201.259765625,25201.259765625,25335.91015625,9927010000,611.0289916992188,613.1099853515625,616.3800048828125,58575100,686.5972290039062,691.9600219726562,696.3900146484375,76353900,4.171999931335449,4.171999931335449,4.132999897003174,0,78.0501480102539,80.83000183105469,80.9000015258789,27272300,107.72425079345703,110.69999694824219,110.62999725341797,29955300
2026-02-12,155.394775390625,156.47999572753906,157.92999267578125,23285400,399.3067321777344,401.8399963378906,405.0,40802400,199.60000610351562,199.60000610351562,203.9600067138672,83975400,308.40008544921875,309.0,312.0899963378906,47761300,95.69999694824219,95.69999694824219,94.26499938964844,20441400.0,186.5035858154297,186.94000244140625,193.02999877929688,189932500,329.3548278808594,331.1700134277344,343.8299865722656,22007300,406.1099853515625,406.1099853515625,418.3299865722656,7379100,80.94482421875,80.95999908447266,82.91000366210938,30633500,6832.759765625,6832.759765625,6957.5400390625,7118700000,24687.609375,24687.609375,25261.330078125,8855290000,598.601318359375,600.6400146484375,614.7100219726562,81378900,675.9901123046875,681.27001953125,694.239990234375,118829000,4.104000091552734,4.104000091552734,4.1579999923706055,0,78.01151275634766,80.79000091552734,80.91000366210938,48457000,108.23028564453125,111.22000122070312,110.98999786376953,39724200
2026-02-13,159.02938842773438,160.13999938964844,159.25,18597000,398.7900085449219,401.32000732421875,404.45001220703125,34091600,198.7899932861328,198.7899932861328,198.8800048828125,66321600,305.1264343261719,305.7200012207031,307.7300109863281,38499700,96.04000091552734,96.04000091552734,94.27999877929688,23117000.0,182.3832244873047,182.80999755859375,187.47999572753906,161888000,323.3876953125,325.1700134277344,329.8500061035156,18397200,407.7200012207031,407.7200012207031,408.1499938964844,6481600,82.75447845458984,82.7699966430664,81.5199966430664,27101100,6836.169921875,6836.169921875,6834.27001953125,5718360000,24732.73046875,24732.73046875,24662.94921875,7964830000,599.8770141601562,601.9199829101562,600.4299926757812,69237500,676.46630859375,681.75,681.6900024414062,96267500,4.056000232696533,4.056000232696533,4.099999904632568,0,78.0694580078125,80.8499984741211,80.83000183105469,36612400,108.59033966064453,111.58999633789062,111.55000305175781,33609900
2026-02-17,152.9021759033203,153.97000122070312,157.97999572753906,19610800,394.3581237792969,396.8599853515625,399.2200012207031,32078800,201.14999389648438,201.14999389648438,198.1300048828125,69879200,301.4336242675781,302.0199890136719,300.0400085449219,39247600,91.0,91.0,92.69000244140625,17482200.0,184.53819274902344,184.97000122070312,181.75,162276900,330.71728515625,332.5400085449219,319.67999267578125,23469700,407.510009765625,407.510009765625,402.7099914550781,7312700,80.94482421875,80.95999908447266,82.11000061035156,21446600,6843.22021484375,6843.22021484375,6819.85986328125,5418480000,24701.599609375,24701.599609375,24567.5390625,7654300000,599.259033203125,601.2999877929688,598.3800048828125,69013800,677.5578002929688,682.8499755859375,680.1400146484375,81354700,4.052000045776367,4.052000045776367,4.031000137329102,0,78.03082275390625,80.80999755859375,80.81999969482422,35682000,108.69735717773438,111.69999694824219,111.56999969482422,33132600
2026-02-18,155.0869140625,156.1699981689453,154.41000366210938,14801100,397.0808410644531,399.6000061035156,398.1300048828125,23223400,204.7899932861328,204.7899932861328,202.07000732421875,51003300,302.7410583496094,303.3299865722656,302.0899963378906,28482100,95.44999694824219,95.44999694824219,91.08499908447266,17481800.0,187.5411376953125,187.97999572753906,188.75,164749100,331.6819763183594,333.510009765625,329.5199890136719,13565300,412.54998779296875,412.54998779296875,411.44000244140625,5839900,81.98462677001953,82.0,80.97000122070312,19962600,6881.31005859375,6881.31005859375,6855.47998046875,5098160000,24898.869140625,24898.869140625,24744.880859375,7705590000,603.7338256835938,605.7899780273438,602.1099853515625,64250700,680.9711303710938,686.2899780273438,684.02001953125,73570300,4.078999996185303,4.078999996185303,4.064000129699707,0,78.12738800048828,80.91000366210938,80.83999633789062,33943100,108.59033966064453,111.58999633789062,111.56999969482422,40087000
2026-02-19,155.454345703125,156.5399932861328,157.19000244140625,14976300,396.8517761230469,398.4599914550781,400.69000244140625,28234000,204.86000061035156,204.86000061035156,203.8000030517578,35669600,302.26202392578125,302.8500061035156,301.82000732421875,25834400,97.13999938964844,97.13999938964844,95.28500366210938,10807600.0,187.46133422851562,187.89999389648438,187.05999755859375,126554500,332.1593017578125,333.989990234375,333.010009765625,15180900,410.20001220703125,410.20001220703125,408.7099914550781,4056400,81.7646713256836,81.77999877929688,81.83000183105469,12386300,6861.89013671875,6861.89013671875,6861.33984375,5151690000,24797.33984375,24797.33984375,24771.650390625,6984780000,601.4216918945312,603.469970703125,602.8099975585938,60960800,679.1751708984375,684.47998046875,683.8400268554688,58649400,4.074999809265137,4.074999809265137,4.104000091552734,0,78.15635681152344,80.94000244140625,80.87999725341797,29531000,108.67790985107422,111.68000030517578,111.41000366210938,30394400
2026-02-20,147.0530242919922,148.0800018310547,153.3000030517578,29621900,395.6267395019531,397.2300109863281,396.1099853515625,34015200,210.11000061035156,210.11000061035156,204.75999450683594,65881600,314.36846923828125,314.9800109863281,304.32000732421875,53210800,89.25,89.25,93.55999755859375,46247700.0,189.37686157226562,189.82000732421875,186.57000732421875,178422300,330.8266906738281,332.6499938964844,332.3599853515625,17658900,415.0299987792969,415.0299987792969,407.6600036621094,5715800,80.76485443115234,80.77999877929688,81.18000030517578,21967400,6909.509765625,6909.509765625,6843.259765625,5432480000,25012.619140625,25012.619140625,24637.3203125,8063070000,606.7435913085938,608.8099975585938,600.1199951171875,74127300,684.0867919921875,689.4299926757812,682.3200073242188,100034000,4.085999965667725,4.085999965667725,4.059999942779541,0,78.21428680419922,81.0,80.93000030517578,37959800,108.59033966064453,111.58999633789062,111.62000274658203,44837400
2026-02-23,140.32997131347656,141.30999755859375,145.69000244140625,31749800,382.9182434082031,384.4700012207031,395.0,43238300,205.27000427246094,205.27000427246094,208.10000610351562,53581500,310.88525390625,311.489990234375,319.04998779296875,31423000,90.83999633789062,90.83999633789062,87.36000061035156,21774800.0,191.1028289794922,191.5500030517578,191.39999389648438,171584800,328.52935791015625,330.3399963378906,332.25,16472400,412.8800048828125,412.8800048828125,413.57000732421875,5842800,76.92558288574219,76.94000244140625,79.48999786376953,44121400,6837.75,6837.75,6901.25,5638350000,24708.939453125,24708.939453125,24935.51953125,8263920000,599.36865234375,601.4099731445312,606.6099853515625,63859100,677.1013793945312,682.3900146484375,687.8300170898438,90558100,4.0289998054504395,4.0289998054504395,4.074999809265137,0,78.08876037597656,80.87000274658203,80.95999908447266,33666000,108.70710754394531,111.70999908447266,111.62000274658203,33323600
2026-02-24,145.12648010253906,146.13999938964844,140.83999633789062,21336600,387.429931640625,389.0,384.1400146484375,33884700,208.55999755859375,208.55999755859375,205.47000122070312,41137200,310.29638671875,310.8999938964844,310.5199890136719,25615600,99.30000305175781,99.30000305175781,91.05999755859375,24587600.0,192.39979553222656,192.85000610351562,191.49000549316406,175123600,323.7059326171875,325.489990234375,322.5400085449219,23614400,419.1600036621094,419.1600036621094,417.2200012207031,7828900,78.39530181884766,78.41000366210938,76.9000015258789,50584600,6890.06982421875,6890.06982421875,6837.3701171875,5266090000,24977.0390625,24977.0390625,24763.83984375,7932270000,605.8067626953125,607.8699951171875,602.4000244140625,55023700,682.0228881835938,687.3499755859375,681.9000244140625,73798700,4.0329999923706055,4.0329999923706055,4.041999816894531,0,78.03082275390625,80.80999755859375,80.8499984741211,54979900,108.67790985107422,111.68000030517578,111.62999725341797,37797100
2026-02-25,146.8643341064453,147.88999938964844,149.16000366210938,27303900,398.9831237792969,400.6000061035156,390.5299987792969,43625500,210.63999938964844,210.63999938964844,210.4600067138672,41346400,312.2925109863281,312.8999938964844,312.05999755859375,29963600,98.01000213623047,98.01000213623047,100.9800033569336,20881000.0,195.10345458984375,195.55999755859375,194.4499969482422,250637100,330.4885559082031,332.30999755859375,330.739990234375,20182300,426.1600036621094,426.1600036621094,424.3500061035156,7714500,80.8348388671875,80.8499984741211,78.66000366210938,36737000,6946.1298828125,6946.1298828125,6915.14990234375,5328060000,25329.0390625,25329.0390625,25137.720703125,8427450000,614.5868530273438,616.6799926757812,611.0700073242188,55710700,687.778076171875,693.1500244140625,690.1799926757812,56369500,4.047999858856201,4.047999858856201,4.056000232696533,0,78.13704681396484,80.91999816894531,80.81999969482422,29428200,108.64871215820312,111.6500015258789,111.5999984741211,33682200
2026-02-26,149.26756286621094,150.30999755859375,148.7899932861328,20652200,400.0986022949219,401.7200012207031,404.7099914550781,34405900,207.9199981689453,207.9199981689453,210.72999572753906,47756800,306.7832336425781,307.3800048828125,312.6400146484375,36431200,97.62999725341797,97.62999725341797,98.8499984741211,27329400.0,184.4583740234375,184.88999938964844,194.27000427246094,360807900,319.93670654296875,321.70001220703125,326.5,33025300,412.010009765625,412.010009765625,423.7200012207031,14811300,82.58451080322266,82.5999984741211,81.44000244140625,44117900,6908.85986328125,6908.85986328125,6944.740234375,5889550000,25034.369140625,25034.369140625,25278.25,9033470000,607.172119140625,609.239990234375,615.5900268554688,96178900,683.9578247070312,689.2999877929688,693.280029296875,71671000,4.017000198364258,4.017000198364258,4.041999816894531,0,78.0694580078125,80.8499984741211,80.88999938964844,54533600,108.71682739257812,111.72000122070312,111.63999938964844,33031800
2026-02-27,144.3916015625,145.39999389648438,143.8800048828125,36425200,391.15484619140625,392.739990234375,390.8800048828125,51367200,210.0,210.0,206.8300018310547,57422800,311.15472412109375,311.760009765625,304.1400146484375,44640600,79.55999755859375,79.55999755859375,84.22000122070312,67921300.0,176.77635192871094,177.19000244140625,181.25,311636500,317.7984924316406,319.54998779296875,310.70001220703125,28004200,406.3699951171875,406.3699951171875,403.260009765625,9049100,81.5547103881836,81.56999969482422,80.30000305175781,25153400,6878.8798828125,6878.8798828125,6856.5400390625,6665660000,24960.0390625,24960.0390625,24808.0,9552610000,605.2286987304688,607.2899780273438,602.97998046875,68125200,680.6734619140625,685.989990234375,683.0900268554688,83308900,3.9619998931884766,3.9619998931884766,3.9790000915527344,0,77.94392395019531,80.72000122070312,80.75,62450000,108.67790985107422,111.68000030517578,111.69999694824219,48343700
2026-03-02,148.21490478515625,149.25,141.6199951171875,22418800,396.9413757324219,398.54998779296875,392.8599853515625,35474900,208.38999938964844,208.38999938964844,204.5500030517578,46001000,305.92486572265625,306.5199890136719,303.2300109863281,34790200,78.05000305175781,78.05000305175781,76.61000061035156,25514200.0,182.05398559570312,182.47999572753906,175.00999450683594,209095300,317.072509765625,318.82000732421875,309.3599853515625,20567200,406.3900146484375,406.3900146484375,397.25,11490200,82.75447845458984,82.7699966430664,80.72000122070312,33334800,6881.6201171875,6881.6201171875,6824.35986328125,6079080000,24992.599609375,24992.599609375,24599.41015625,8303030000,606.0260620117188,608.0900268554688,598.8599853515625,75264600,681.0604858398438,686.3800048828125,678.7000122070312,87477200,4.047999858856201,4.047999858856201,3.997999906539917,0,77.89928436279297,80.27999877929688,80.05999755859375,74327000,108.30977630615234,110.91999816894531,110.83999633789062,54854600
2026-03-03,147.97657775878906,149.00999450683594,144.75,20120800,402.2996826171875,403.92999267578125,393.1400146484375,38199200,208.72999572753906,208.72999572753906,203.10000610351562,43184900,302.9906005859375,303.5799865722656,298.5899963378906,35497000,73.77999877929688,73.77999877929688,75.2300033569336,24549400.0,179.62966918945312,180.0500030517578,178.49000549316406,178099400,312.11981201171875,313.8399963378906,313.0,20826200,391.05999755859375,391.05999755859375,391.3599853515625,13768900,84.10423278808594,84.12000274658203,81.08999633789062,44914800,6816.6298828125,6816.6298828125,6800.259765625,6442080000,24720.080078125,24720.080078125,24497.380859375,9705500000,599.5381469726562,601.5800170898438,596.3300170898438,97015500,675.057373046875,680.3300170898438,675.0599975585938,105003100,4.056000232696533,4.056000232696533,4.093999862670898,0,77.74402618408203,80.12000274658203,79.94000244140625,118126800,108.2609634399414,110.87000274658203,110.16999816894531,78775000
2026-03-04,151.31326293945312,152.3699951171875,150.00999450683594,17585400,403.5645751953125,405.20001220703125,401.2699890136719,35808000,216.82000732421875,216.82000732421875,210.47000122070312,54731100,302.5414733886719,303.1300048828125,302.8900146484375,29536200,79.5,79.5,77.80000305175781,25322800.0,182.61268615722656,183.0399932861328,180.44000244140625,177731200,315.78955078125,317.5299987792969,315.67999267578125,34895800,399.1000061035156,399.1000061035156,396.25,8767200,85.63394927978516,85.6500015258789,84.16999816894531,32063200,6869.5,6869.5,6831.68994140625,5252170000,25093.6796875,25093.6796875,24850.939453125,10918410000,608.677001953125,610.75,604.1599731445312,70943900,679.820068359375,685.1300048828125,681.6300048828125,79182200,4.079999923706055,4.079999923706055,4.077000141143799,0,78.01573181152344,80.4000015258789,80.2300033569336,58694100,108.35860443115234,110.97000122070312,110.93000030517578,49023300
2026-03-05,153.71649169921875,154.7899932861328,152.58999633789062,24094800,409.0224304199219,410.67999267578125,404.4200134277344,39001300,218.94000244140625,218.94000244140625,215.97999572753906,60943400,300.2958679199219,300.8800048828125,303.0400085449219,35752300,74.81999969482422,74.81999969482422,77.0,22667500.0,182.9119873046875,183.33999633789062,181.1699981689453,198779700,330.9460144042969,332.7699890136719,330.17999267578125,57076600,395.3500061035156,395.3500061035156,396.05999755859375,11793700,87.60357666015625,87.62000274658203,85.6500015258789,42023300,6830.7099609375,6830.7099609375,6851.080078125,5989300000,25020.41015625,25020.41015625,24992.73046875,10994660000,606.8432006835938,608.9099731445312,607.4000244140625,89602400,676.0297241210938,681.3099975585938,682.0800170898438,106606500,4.145999908447266,4.145999908447266,4.132999897003174,0,77.70521545410156,80.08000183105469,80.2699966430664,79841000,107.928955078125,110.52999877929688,110.41999816894531,47318400
2026-03-06,151.89918518066406,152.9600067138672,152.9199981689453,38000600,407.30938720703125,408.9599914550781,409.20001220703125,31123900,213.2100067138672,213.2100067138672,214.99000549316406,51152700,297.9404296875,298.5199890136719,296.0899963378906,25576900,72.98999786376953,72.98999786376953,72.94999694824219,25591600.0,177.4048614501953,177.82000732421875,179.83999633789062,189021900,328.6686096191406,330.4800109863281,328.2799987792969,39152200,380.55999755859375,380.55999755859375,384.9700012207031,12423200,87.9535140991211,87.97000122070312,86.93000030517578,29347000,6740.02001953125,6740.02001953125,6769.02978515625,5793120000,24643.01953125,24643.01953125,24663.740234375,9300220000,597.71435546875,599.75,600.3099975585938,86302300,667.1688842773438,672.3800048828125,673.4099731445312,100687000,4.132999897003174,4.132999897003174,4.164999961853027,0,77.3267822265625,79.69000244140625,79.75,82125600,107.56768035888672,110.16000366210938,109.95999908447266,58242900
2026-03-09,150.50889587402344,151.55999755859375,150.6999969482422,31173500,407.757568359375,409.4100036621094,404.9200134277344,30131900,213.49000549316406,213.49000549316406,210.4499969482422,54642900,305.98040771484375,306.3599853515625,294.3599853515625,29312100,74.41000366210938,74.41000366210938,71.54000091552734,21551500.0,182.2235870361328,182.64999389648438,176.8300018310547,177213600,343.85491943359375,345.75,327.25,40605800,394.3699951171875,394.3699951171875,375.760009765625,16338100,87.69355773925781,87.70999908447266,87.05000305175781,31948900,6795.990234375,6795.990234375,6699.7998046875,6709410000,24967.25,24967.25,24429.669921875,9797740000,605.6971435546875,607.760009765625,594.22998046875,93068200,673.0133666992188,678.27001953125,666.3900146484375,102667700,4.136000156402588,4.136000156402588,4.172999858856201,0,77.79254150390625,80.16999816894531,79.58999633789062,88695000,108.21214294433594,110.81999969482422,109.83999633789062,44312100
2026-03-10,148.36386108398438,149.39999389648438,153.6199951171875,51544600,404.122314453125,405.760009765625,410.0299987792969,31706400,214.3300018310547,214.3300018310547,214.19000244140625,35678800,306.65960693359375,307.0400085449219,306.1700134277344,23239700,74.91999816894531,74.91999816894531,75.0199966430664,16449300.0,184.33865356445312,184.77000427246094,182.39999389648438,179118500,340.7022705078125,342.5799865722656,348.7300109863281,29531700,397.3299865722656,397.3299865722656,394.0,13687700,85.63394927978516,85.6500015258789,87.79000091552734,35674100,6781.47998046875,6781.47998046875,6796.56005859375,5944950000,24956.470703125,24956.470703125,25002.609375,8800580000,605.7071533203125,607.77001953125,607.780029296875,64078900,671.9317016601562,677.1799926757812,677.719970703125,81505300,4.136000156402588,4.136000156402588,4.131999969482422,0,77.66639709472656,80.04000091552734,80.05000305175781,67499600,107.47001647949219,110.05999755859375,110.4000015258789,71501200
2026-03-11,161.98870849609375,163.1199951171875,166.3800048828125,83247500,403.245849609375,404.8800048828125,405.57000732421875,25512100,212.64999389648438,212.64999389648438,215.7100067138672,34199300,308.31756591796875,308.70001220703125,306.75,24125700,81.95999908447266,81.95999908447266,79.0,33672100.0,185.60574340820312,186.02999877929688,185.91000366210938,145280400,339.69781494140625,341.57000732421875,342.5899963378906,20104100,401.0299987792969,401.0299987792969,400.010009765625,6024900,85.72392272949219,85.73999786376953,86.56999969482422,26081700,6775.7998046875,6775.7998046875,6790.08984375,5511090000,24965.009765625,24965.009765625,25053.240234375,8348570000,605.6273803710938,607.6900024414062,608.9500122070312,60114800,671.08837890625,676.3300170898438,677.5800170898438,68441700,4.208000183105469,4.208000183105469,4.177000045776367,0,77.49173736572266,79.86000061035156,79.98999786376953,59983500,106.59119415283203,109.16000366210938,109.63999938964844,66523500
2026-03-12,158.05618286132812,159.16000366210938,164.66000366210938,37133700,400.2380065917969,401.8599853515625,404.6300048828125,27263900,209.52999877929688,209.52999877929688,210.38999938964844,44349500,303.1739196777344,303.54998779296875,306.82000732421875,24928300,79.86000061035156,79.86000061035156,79.62999725341797,16174700.0,182.7223358154297,183.13999938964844,184.0500030517578,155762700,334.1285095214844,335.9700012207031,337.739990234375,21982700,388.1300048828125,388.1300048828125,395.4599914550781,9845200,84.97406768798828,84.98999786376953,85.58999633789062,32457600,6672.6201171875,6672.6201171875,6740.8798828125,6292170000,24533.580078125,24533.580078125,24771.3203125,8490850000,595.2328491210938,597.260009765625,602.760009765625,71836600,660.8978881835938,666.0599975585938,671.1599731445312,108882200,4.2729997634887695,4.2729997634887695,4.22599983215332,0,76.99686431884766,79.3499984741211,79.75,68674300,106.01509094238281,108.56999969482422,108.95999908447266,72750200
2026-03-13,154.03427124023438,155.11000061035156,159.0500030517578,26350400,393.9534912109375,395.54998779296875,401.0,26848000,207.6699981689453,207.6699981689453,209.61000061035156,35662100,301.9054870605469,302.2799987792969,307.010009765625,23693100,81.11000061035156,81.11000061035156,81.06999969482422,17700700.0,179.8389434814453,180.25,184.9199981689453,160988400,320.3941955566406,322.1600036621094,337.67999267578125,34725000,387.3299865722656,387.3299865722656,392.32000732421875,7636100,84.1742172241211,84.19000244140625,84.94999694824219,19114100,6632.18994140625,6632.18994140625,6673.490234375,5337120000,24380.73046875,24380.73046875,24660.189453125,8278740000,591.7047729492188,593.719970703125,599.72998046875,63145500,657.1571655273438,662.2899780273438,669.27001953125,97200200,4.284999847412109,4.284999847412109,4.263000011444092,0,76.85131072998047,79.19999694824219,79.52999877929688,68652900,105.62449645996094,108.16999816894531,108.79000091552734,54605100
2026-03-16,154.88832092285156,155.97000122070312,156.05999755859375,21607700,398.33575439453125,399.95001220703125,398.07000732421875,27733700,211.74000549316406,211.74000549316406,208.35000610351562,42209300,305.1814270019531,305.55999755859375,304.3500061035156,23519700,85.86000061035156,85.86000061035156,85.87000274658203,25842500.0,182.80215454101562,183.22000122070312,182.97000122070312,217307400,323.13909912109375,324.9200134277344,326.0199890136719,31363100,393.9200134277344,393.9200134277344,395.1400146484375,10317600,84.93407440185547,84.94999694824219,84.94000244140625,13689700,6699.3798828125,6699.3798828125,6674.3701171875,5176290000,24655.33984375,24655.33984375,24646.1796875,8208800000,598.3422241210938,600.3800048828125,600.0399780273438,49077200,663.844970703125,669.030029296875,668.3800048828125,82023100,4.21999979019165,4.21999979019165,4.236000061035156,0,77.09388732910156,79.44999694824219,79.51000213623047,57535600,106.13226318359375,108.69000244140625,108.9000015258789,65430000
2026-03-17,153.6171875,154.69000244140625,155.44000244140625,23929500,397.7979431152344,399.4100036621094,400.2699890136719,26228300,215.1999969482422,215.1999969482422,212.82000732421875,44969900,310.5347900390625,310.9200134277344,305.8599853515625,21955200,82.12000274658203,82.12000274658203,83.9800033569336,17332100.0,181.51510620117188,181.92999267578125,185.05999755859375,182497800,319.5488586425781,321.30999755859375,325.760009765625,38026500,396.8800048828125,396.8800048828125,397.1600036621094,6646300,85.51396942138672,85.52999877929688,84.98999786376953,13394400,6716.08984375,6716.08984375,6722.35009765625,5063390000,24780.419921875,24780.419921875,24760.26953125,8505210000,601.2622680664062,603.3099975585938,603.1400146484375,47106600,665.5912475585938,670.7899780273438,672.3900146484375,87128000,4.202000141143799,4.202000141143799,4.216000080108643,0,77.44322204589844,79.80999755859375,79.61000061035156,47967800,106.7279052734375,109.30000305175781,109.01000213623047,53953900
2026-03-18,151.83958435058594,152.89999389648438,153.39999389648438,18051100,390.20867919921875,391.7900085449219,397.1300048828125,25908500,209.8699951171875,209.8699951171875,213.92999267578125,37846600,307.30877685546875,307.69000244140625,309.2699890136719,20009800,82.81999969482422,82.81999969482422,80.70999908447266,17332800.0,179.98858642578125,180.39999389648438,182.47999572753906,156683100,314.1983337402344,315.92999267578125,320.42999267578125,25460600,393.6700134277344,393.6700134277344,396.9599914550781,8372400,84.32418823242188,84.33999633789062,84.73999786376953,11633700,6624.7001953125,6624.7001953125,6697.16015625,5275480000,24425.08984375,24425.08984375,24727.0703125,9325170000,592.880859375,594.9000244140625,601.489990234375,56128000,656.3038330078125,661.4299926757812,668.3599853515625,82062600,4.258999824523926,4.258999824523926,4.197000026702881,0,77.04539489746094,79.4000015258789,79.69000244140625,50281900,106.15178680419922,108.70999908447266,109.12999725341797,60360000
2026-03-19,154.44143676757812,155.52000427246094,150.4600067138672,22046100,387.4498596191406,389.0199890136719,390.1000061035156,25138800,208.75999450683594,208.75999450683594,207.05999755859375,36440600,306.7494812011719,307.1300048828125,304.010009765625,25075800,80.66000366210938,80.66000366210938,80.0,19522400.0,178.15277099609375,178.55999755859375,178.00999450683594,170968500,318.0869140625,319.8399963378906,312.4700012207031,23524800,394.9200134277344,394.9200134277344,384.0,12674800,84.44416809082031,84.45999908447266,83.88999938964844,20521900,6606.490234375,6606.490234375,6583.1201171875,5973390000,24355.279296875,24355.279296875,24119.369140625,8547870000,591.0072021484375,593.02001953125,589.510009765625,75597600,654.6864624023438,659.7999877929688,656.969970703125,111272500,4.281000137329102,4.281000137329102,4.308000087738037,0,77.29768371582031,79.66000366210938,79.02999877929688,103981600,106.6204833984375,109.19000244140625,108.30999755859375,60271200
2026-03-20,148.6419219970703,149.67999267578125,153.0500030517578,37551400,380.3287048339844,381.8699951171875,386.7900085449219,50853200,205.3699951171875,205.3699951171875,207.39999389648438,63694600,300.6270751953125,301.0,305.4599914550781,44364100,81.47000122070312,81.47000122070312,80.13999938964844,29378500.0,172.30615234375,172.6999969482422,178.0,241323500,308.8080749511719,310.510009765625,320.1199951171875,43325900,384.739990234375,384.739990234375,394.1099853515625,12846800,82.97444152832031,82.98999786376953,83.83999633789062,18578300,6506.47998046875,6506.47998046875,6594.66015625,10025820000,23898.150390625,23898.150390625,24257.560546875,11743490000,580.0844116210938,582.0599975585938,591.0599975585938,91964700,645.3009643554688,648.5700073242188,656.510009765625,163617500,4.390999794006348,4.390999794006348,4.303999900817871,0,76.5796127319336,78.91999816894531,79.5,109084800,105.31202697753906,107.8499984741211,108.69000244140625,66608900
2026-03-23,153.2696075439453,154.33999633789062,151.4199981689453,19927900,381.4541931152344,383.0,383.8999938964844,29680100,210.13999938964844,210.13999938964844,209.7899932861328,44277400,301.6857604980469,302.05999755859375,302.1099853515625,29326900,81.95999908447266,81.95999908447266,81.80000305175781,19755800.0,175.23944091796875,175.63999938964844,177.25999450683594,182836300,321.41510009765625,322.510009765625,318.0,27369200,391.3599853515625,391.3599853515625,393.3599853515625,12742300,84.4241714477539,84.44000244140625,83.8499984741211,18036600,6581.0,6581.0,6574.9599609375,6020650000,24188.58984375,24188.58984375,24270.76953125,8895880000,586.7431640625,588.0,590.52001953125,89936100,652.07666015625,655.3800048828125,658.0700073242188,134802700,4.334000110626221,4.334000110626221,4.375999927520752,0,77.08419036865234,79.44000244140625,79.30000305175781,79015800,106.00531005859375,108.55999755859375,108.19999694824219,54512800
2026-03-24,146.06988525390625,147.08999633789062,153.0,26122100,371.2355651855469,372.739990234375,382.3599853515625,42733600,207.24000549316406,207.24000549316406,207.9499969482422,35351400,290.0801696777344,290.44000244140625,299.20001220703125,36864300,83.0199966430664,83.0199966430664,82.93000030517578,21616500.0,174.80044555664062,175.1999969482422,174.8300018310547,147667800,317.20941162109375,318.2900085449219,320.0,19799000,394.5899963378906,394.5899963378906,388.0299987792969,6177200,80.80484771728516,80.81999969482422,83.87999725341797,26148100,6556.3701171875,6556.3701171875,6552.08984375,5278580000,24002.44921875,24002.44921875,24042.23046875,8488380000,582.731689453125,583.97998046875,584.8099975585938,57750900,649.8877563476562,653.1799926757812,651.3200073242188,96457500,4.392000198364258,4.392000198364258,4.375999927520752,0,76.82220458984375,79.16999816894531,79.23999786376953,71941600,105.79049682617188,108.33999633789062,108.06999969482422,46515300
2026-03-25,145.00730895996094,146.02000427246094,149.22999572753906,20683800,369.5424499511719,371.0400085449219,376.9200134277344,31181200,211.7100067138672,211.7100067138672,211.55999755859375,36388800,290.5695495605469,290.92999267578125,293.44000244140625,29460700,87.58000183105469,87.58000183105469,85.2300033569336,19101600.0,178.2725067138672,178.67999267578125,177.10000610351562,162602100,317.7276611328125,318.80999755859375,322.5899963378906,19900000,399.0199890136719,399.0199890136719,398.3599853515625,7388700,80.38493347167969,80.4000015258789,82.08000183105469,28215700,6591.89990234375,6591.89990234375,6598.35009765625,4936720000,24162.98046875,24162.98046875,24236.400390625,8056920000,586.5635375976562,587.8200073242188,589.1400146484375,60475500,653.5094604492188,656.8200073242188,658.6699829101562,90653800,4.328000068664551,4.328000068664551,4.334000110626221,0,77.06478881835938,79.41999816894531,79.44999694824219,49917700,106.17130279541016,108.7300033569336,109.0,48616300
2026-03-26,141.819580078125,142.80999755859375,143.88999938964844,16961900,364.4928894042969,365.9700012207031,370.82000732421875,36836600,207.5399932861328,207.5399932861328,210.61000061035156,46746000,280.5719909667969,280.9200134277344,287.9100036621094,39080600,80.44999694824219,80.44999694824219,86.8499984741211,18464600.0,170.8494873046875,171.24000549316406,176.07000732421875,186152200,308.3695373535156,309.4200134277344,314.0199890136719,20343700,380.8399963378906,380.8399963378906,391.9200134277344,14806200,79.73505401611328,79.75,79.54000091552734,20723300,6477.16015625,6477.16015625,6555.85986328125,4845560000,23586.990234375,23586.990234375,23913.189453125,7726590000,572.5634765625,573.7899780273438,582.5999755859375,81492100,641.838623046875,645.0900268554688,652.0599975585938,96494400,4.415999889373779,4.415999889373779,4.377999782562256,0,76.5796127319336,78.91999816894531,79.25,74979300,105.34131622314453,107.87999725341797,108.27999877929688,42072700
2026-03-27,138.69142150878906,139.66000366210938,140.92999267578125,17929600,355.3300476074219,356.7699890136719,361.8999938964844,37883400,199.33999633789062,199.33999633789062,206.4600067138672,56009800,274.0000915527344,274.3399963378906,277.2799987792969,35890600,74.80999755859375,74.80999755859375,78.41000366210938,22244300.0,167.13796997070312,167.52000427246094,170.0,196212700,299.6592102050781,300.67999267578125,307.05999755859375,23593900,374.25,374.25,377.7900085449219,11811400,76.8755874633789,76.88999938964844,78.44000244140625,17244300,6368.85009765625,6368.85009765625,6453.89013671875,5303490000,23132.76953125,23132.76953125,23463.740234375,8713310000,561.3775024414062,562.5800170898438,570.8099975585938,82702200,630.89404296875,634.0900268554688,642.5,103649400,4.440000057220459,4.440000057220459,4.461999893188477,0,76.38555145263672,78.72000122070312,78.83999633789062,68174300,105.08743286132812,107.62000274658203,107.47000122070312,42578500
2026-03-30,137.83738708496094,138.8000030517578,140.0399932861328,20125700,357.5111999511719,358.9599914550781,361.8999938964844,44797000,200.9499969482422,200.9499969482422,201.47999572753906,46373800,273.1611633300781,273.5,276.4200134277344,35141200,69.1500015258789,69.1500015258789,75.30999755859375,27315900.0,164.79331970214844,165.1699981689453,168.77999877929688,185627000,292.41387939453125,293.4100036621094,300.8699951171875,28054500,362.5299987792969,362.5299987792969,377.6199951171875,12198200,77.60545349121094,77.62000274658203,77.73999786376953,23523200,6343.72021484375,6343.72021484375,6403.3701171875,5458640000,22953.380859375,22953.380859375,23307.75,9234380000,557.086669921875,558.280029296875,567.3800048828125,70602600,628.78466796875,631.969970703125,640.1099853515625,99275900,4.3420000076293945,4.3420000076293945,4.374000072479248,0,76.47286987304688,78.80999755859375,79.0199966430664,55210700,105.76119995117188,108.30999755859375,108.44000244140625,42677000
2026-03-31,146.08975219726562,147.11000061035156,140.3000030517578,24492000,368.67596435546875,370.1700134277344,364.54998779296875,45244400,208.27000427246094,208.27000427246094,204.85000610351562,58470100,287.2037353515625,287.55999755859375,278.0400085449219,43875400,77.47000122070312,77.47000122070312,73.0,27917100.0,174.00225830078125,174.39999389648438,166.97000122070312,226181300,308.4592590332031,309.510009765625,299.3900146484375,29289500,383.3999938964844,383.3999938964844,368.739990234375,13834900,80.03499603271484,80.05000305175781,78.4800033569336,25627900,6528.52001953125,6528.52001953125,6395.8798828125,6396100000,23740.189453125,23740.189453125,23208.0,10645070000,575.9462280273438,577.1799926757812,564.2899780273438,95878000,647.0621337890625,650.3400268554688,638.9400024414062,152534100,4.310999870300293,4.310999870300293,4.307000160217285,0,77.20063018798828,79.55999755859375,79.16000366210938,101521300,106.42520141601562,108.98999786376953,108.72000122070312,57883800
2026-04-01,144.22279357910156,145.22999572753906,149.08999633789062,20495900,367.8791809082031,369.3699951171875,373.489990234375,29417200,210.57000732421875,210.57000732421875,210.44000244140625,45955400,297.0215759277344,297.3900146484375,290.8399963378906,37684500,78.44000244140625,78.44000244140625,79.48999786376953,28569000.0,175.34918212890625,175.75,176.0,168132000,312.42572021484375,313.489990234375,313.3699951171875,19171000,391.9700012207031,391.9700012207031,388.260009765625,10805400,79.75504302978516,79.7699966430664,80.75,19061900,6575.31982421875,6575.31982421875,6556.56005859375,5637260000,24019.990234375,24019.990234375,23883.2890625,8801740000,583.06103515625,584.3099975585938,581.47998046875,79435100,651.9373779296875,655.239990234375,653.9000244140625,97841500,4.318999767303467,4.318999767303467,4.293000221252441,0,77.3897933959961,79.37000274658203,79.3499984741211,69789200,106.53892517089844,108.66000366210938,108.48999786376953,37445300
2026-04-02,145.36480712890625,146.3800048828125,142.77999877929688,14381900,371.9526672363281,373.4599914550781,367.2099914550781,24099100,209.77000427246094,209.77000427246094,206.5399932861328,31453000,295.4035339355469,295.7699890136719,290.69000244140625,21666500,82.23999786376953,82.23999786376953,75.76000213623047,20958200.0,176.98545837402344,177.38999938964844,172.17999267578125,143143200,313.48211669921875,314.54998779296875,304.489990234375,14021100,392.32000732421875,392.32000732421875,378.07000732421875,8505800,80.32493591308594,80.33999633789062,78.94000244140625,19202000,6582.68994140625,6582.68994140625,6512.60986328125,4740740000,24045.529296875,24045.529296875,23621.73046875,8134780000,583.7295532226562,584.97998046875,573.969970703125,50941700,652.5244750976562,655.8300170898438,646.4199829101562,68358700,4.313000202178955,4.313000202178955,4.354000091552734,0,77.5750503540039,79.55999755859375,79.08000183105469,53828200,106.98995208740234,109.12000274658203,108.41000366210938,27148600
2026-04-06,144.53062438964844,145.5399932861328,147.44000244140625,12556700,371.3750305175781,372.8800048828125,373.489990234375,16146600,212.7899932861328,212.7899932861328,209.8000030517578,25385500,299.61834716796875,299.989990234375,295.8699951171875,16945500,80.94000244140625,80.94000244140625,81.33000183105469,16946900.0,177.23487854003906,177.63999938964844,177.16000366210938,107564300,313.3625183105469,314.42999267578125,315.05999755859375,12111300,395.9800109863281,395.9800109863281,393.75,4186100,80.44491577148438,80.45999908447266,80.41999816894531,6841100,6611.830078125,6611.830078125,6587.66015625,3906440000,24192.169921875,24192.169921875,24143.01953125,7907270000,587.2420654296875,588.5,586.22998046875,35108500,655.6087646484375,658.9299926757812,655.8599853515625,39105800,4.335000038146973,4.335000038146973,4.360000133514404,0,77.7115707397461,79.69999694824219,79.51000213623047,37098300,106.8232650756836,108.94999694824219,108.87000274658203,29080500
2026-04-07,142.1770782470703,143.1699981689453,143.77999877929688,17250400,370.78741455078125,372.2900085449219,370.3399963378906,21443300,213.77000427246094,213.77000427246094,211.24000549316406,28154600,305.08154296875,305.4599914550781,302.7300109863281,23205400,85.23999786376953,85.23999786376953,80.18000030517578,16277300.0,177.69383239746094,178.10000610351562,175.72999572753906,132534900,332.836181640625,333.9700012207031,326.7300109863281,33310900,399.8999938964844,399.8999938964844,394.7099914550781,6672500,80.48490905761719,80.5,79.83000183105469,10652600,6616.85009765625,6616.85009765625,6601.93017578125,4555680000,24202.369140625,24202.369140625,24109.5703125,10796020000,587.3319091796875,588.5900268554688,585.6400146484375,49948200,655.8972778320312,659.219970703125,656.6500244140625,69980400,4.3429999351501465,4.3429999351501465,4.34499979019165,0,77.73107147216797,79.72000122070312,79.66999816894531,47264100,106.94092559814453,109.06999969482422,108.86000061035156,41258900
2026-04-08,142.66368103027344,143.66000366210938,150.3000030517578,23527000,372.8191223144531,374.3299865722656,384.9800109863281,33064800,221.25,221.25,223.7899932861328,51092700,316.9268798828125,317.32000732421875,320.45001220703125,33547100,88.9000015258789,88.9000015258789,91.98500061035156,19538600.0,181.66476440429688,182.0800018310547,184.5,147732700,349.43963623046875,350.6300048828125,351.75,31573100,422.9200134277344,422.9200134277344,423.1600036621094,10184300,79.73505401611328,79.75,83.13999938964844,27044100,6782.81005859375,6782.81005859375,6754.35986328125,5904880000,24903.169921875,24903.169921875,25045.359375,10411670000,604.7944946289062,606.0900268554688,608.7100219726562,63086000,672.6027221679688,676.010009765625,676.3900146484375,93606100,4.290999889373779,4.290999889373779,4.248000144958496,0,78.18934631347656,80.19000244140625,80.47000122070312,58556400,107.35272979736328,109.48999786376953,109.9800033569336,63694700
2026-04-09,137.38204956054688,137.86000061035156,142.1999969482422,30407800,371.5642395019531,373.07000732421875,372.5,30435300,233.64999389648438,233.64999389648438,225.22999572753906,65964200,318.09539794921875,318.489990234375,315.9100036621094,23739200,92.0,92.0,90.4000015258789,65533300.0,183.4906005859375,183.91000366210938,181.83999633789062,116428500,353.7051086425781,354.9100036621094,352.29998779296875,20514900,430.30999755859375,430.30999755859375,423.1700134277344,6018200,76.6256332397461,76.63999938964844,79.1500015258789,38649200,6824.66015625,6824.66015625,6783.68994140625,4912410000,25082.08984375,25082.08984375,24918.279296875,8662470000,608.8857421875,610.1900024414062,605.9299926757812,37837500,676.4830322265625,679.9099731445312,674.8400268554688,57134400,4.293000221252441,4.293000221252441,4.296999931335449,0,78.27709197998047,80.27999877929688,80.1500015258789,45207500,107.35272979736328,109.48999786376953,109.30999755859375,39122000
2026-04-10,137.6112518310547,138.08999633789062,137.32000732421875,26171800,369.37310791015625,370.8699951171875,372.9800109863281,28111100,238.3800048828125,238.3800048828125,235.3000030517578,56912800,316.8469543457031,317.239990234375,320.0199890136719,19152600,102.0,102.0,93.44000244140625,83416500.0,188.1998291015625,188.6300048828125,184.30999755859375,160459500,370.28857421875,371.54998779296875,360.94000244140625,29958100,436.8800048828125,436.8800048828125,434.45001220703125,11224200,74.65599822998047,74.66999816894531,76.5,49422500,6816.89013671875,6816.89013671875,6839.240234375,4393220000,25116.33984375,25116.33984375,25165.060546875,8700640000,609.7638549804688,611.0700073242188,611.8400268554688,34038500,676.0353393554688,679.4600219726562,681.3200073242188,42253500,4.316999912261963,4.316999912261963,4.284999847412109,0,77.965087890625,79.95999908447266,80.33999633789062,33005600,107.06838989257812,109.19999694824219,109.47000122070312,22857000
2026-04-13,155.08047485351562,155.6199951171875,139.77000427246094,49997700,382.8186340332031,384.3699951171875,373.6099853515625,35745800,239.88999938964844,239.88999938964844,237.4499969482422,42166200,320.91192626953125,321.30999755859375,317.1400146484375,18866400,110.2699966430664,110.2699966430664,104.2249984741211,56011100.0,188.87826538085938,189.30999755859375,186.02999877929688,133648200,378.4607849121094,379.75,369.6600036621094,24115800,443.3399963378906,443.3399963378906,434.75,6549800,78.68524169921875,78.69999694824219,75.05000305175781,37739600,6886.240234375,6886.240234375,6806.47021484375,4785840000,25383.720703125,25383.720703125,25069.0703125,7925320000,616.0703125,617.3900146484375,609.47998046875,32972100,682.6417846679688,686.0999755859375,677.4099731445312,54185800,4.296999931335449,4.296999931335449,4.348999977111816,0,78.25759887695312,80.26000213623047,79.87999725341797,38561400,107.48019409179688,109.62000274658203,109.13999938964844,19904200
2026-04-14,162.4348907470703,163.0,167.92999267578125,59779800,391.5233459472656,393.1099853515625,387.9200134277344,37504500,249.02000427246094,249.02000427246094,241.77999877929688,72685000,332.49755859375,332.9100036621094,324.7900085449219,27721400,117.19999694824219,117.19999694824219,114.94499969482422,46586000.0,196.0618438720703,196.50999450683594,190.83999633789062,161307000,379.48724365234375,380.7799987792969,377.8999938964844,24423000,452.0,452.0,448.0,6932400,79.46510314941406,79.4800033569336,80.12000274658203,28354200,6967.3798828125,6967.3798828125,6910.2001953125,5032380000,25842.0,25842.0,25514.55078125,9105660000,627.2562866210938,628.5999755859375,620.219970703125,49921100,690.959716796875,694.4600219726562,687.6900024414062,63480500,4.25600004196167,4.25600004196167,4.296999931335449,0,78.4916000366211,80.5,80.33999633789062,42038000,107.83316802978516,109.9800033569336,109.72000122070312,29507800
2026-04-15,169.22128295898438,169.80999755859375,166.88999938964844,43010800,409.5602722167969,411.2200012207031,398.0,45063400,248.5,248.5,249.25,43045200,336.70233154296875,337.1199951171875,332.8900146484375,24918800,118.69000244140625,118.69000244140625,119.83000183105469,43324900.0,198.41647338867188,198.8699951171875,196.5399932861328,185338400,395.3731384277344,396.7200012207031,389.8800048828125,29559300,453.0,453.0,450.70001220703125,9155700,82.96444702148438,82.9800033569336,80.68000030517578,29219500,7022.9501953125,7022.9501953125,6978.169921875,5278610000,26204.580078125,26204.580078125,25859.189453125,10206480000,636.0375366210938,637.4000244140625,629.0800170898438,50102400,696.412109375,699.9400024414062,695.260009765625,58240400,4.2820000648498535,4.2820000648498535,4.271999835968018,0,78.45259857177734,80.45999908447266,80.44999694824219,47834900,107.79395294189453,109.94000244140625,109.8499984741211,30074300
2026-04-16,177.72171020507812,178.33999633789062,176.4199981689453,46997300,418.56378173828125,420.260009765625,419.8599853515625,41642400,249.6999969482422,249.6999969482422,248.50999450683594,41895700,335.6036682128906,336.0199890136719,338.75,20541500,119.55999755859375,119.55999755859375,119.9800033569336,28917600.0,197.8976593017578,198.35000610351562,197.42999267578125,134012900,397.1172180175781,398.4700012207031,395.0,18872900,454.79998779296875,454.79998779296875,450.7300109863281,6450700,84.34418487548828,84.36000061035156,85.12999725341797,34648100,7041.27978515625,7041.27978515625,7037.77978515625,5173650000,26333.0,26333.0,26256.880859375,9963610000,639.1009521484375,640.469970703125,639.2100219726562,42320600,698.1234130859375,701.6599731445312,701.0599975585938,49972400,4.309000015258789,4.309000015258789,4.276000022888184,0,78.3453369140625,80.3499984741211,80.52999877929688,37743400,107.29389190673828,109.43000030517578,110.01000213623047,25833300
2026-04-17,174.4530792236328,175.05999755859375,182.92999267578125,45282600,421.0835876464844,422.7900085449219,424.82000732421875,48568200,250.55999755859375,250.55999755859375,254.99000549316406,52029300,341.2566833496094,341.67999267578125,337.6499938964844,25581900,116.8499984741211,116.8499984741211,120.38500213623047,24685900.0,201.2200469970703,201.67999267578125,199.89999389648438,160324400,405.15985107421875,406.5400085449219,400.8999938964844,20581700,464.1600036621094,464.1600036621094,462.79998779296875,7184600,85.06405639648438,85.08000183105469,86.2300033569336,28710000,7126.06005859375,7126.06005859375,7074.5498046875,6145300000,26672.4296875,26672.4296875,26551.16015625,10159120000,647.4630126953125,648.8499755859375,645.5900268554688,53488900,706.5607299804688,710.1400146484375,706.1400146484375,70661900,4.245999813079834,4.245999813079834,4.296999931335449,0,78.63786315917969,80.6500015258789,80.5999984741211,61651600,107.8919906616211,110.04000091552734,110.12999725341797,44767700
2026-04-20,176.96435546875,177.5800018310547,176.80999755859375,22330900,416.38262939453125,418.07000732421875,421.1499938964844,27582200,248.27999877929688,248.27999877929688,249.19000244140625,39463100,337.0019836425781,337.4200134277344,340.760009765625,18784200,117.43000030517578,117.43000030517578,116.18000030517578,29542400.0,201.59918212890625,202.05999755859375,199.97999572753906,119381400,398.27325439453125,399.6300048828125,405.70001220703125,16922000,463.9599914550781,463.9599914550781,464.6400146484375,3935100,86.28382873535156,86.30000305175781,85.02999877929688,15906400,7109.14013671875,7109.14013671875,7117.0498046875,4661130000,26590.33984375,26590.33984375,26662.3203125,8379940000,645.4074096679688,646.7899780273438,648.0399780273438,37138500,705.1477661132812,708.719970703125,708.780029296875,43546800,4.25,4.25,4.26200008392334,0,78.5696029663086,80.58000183105469,80.62999725341797,21104400,107.88218688964844,110.02999877929688,110.04000091552734,19935900
2026-04-21,180.54190063476562,181.1699981689453,178.35000610351562,39638000,422.4480285644531,424.1600036621094,420.239990234375,32048500,249.91000366210938,249.91000366210938,255.08999633789062,42922400,331.8783264160156,332.2900085449219,337.69000244140625,23123800,115.16000366210938,115.16000366210938,118.30000305175781,18656100.0,199.42417907714844,199.8800048828125,202.1300048828125,107945300,400.8046569824219,402.1700134277344,399.4100036621094,16275500,464.6600036621094,464.6600036621094,466.2900085449219,5598600,86.66374969482422,86.68000030517578,86.76000213623047,29962800,7064.009765625,7064.009765625,7122.64013671875,5160270000,26479.470703125,26479.470703125,26658.849609375,9309940000,642.9526977539062,644.3300170898438,648.4099731445312,39580500,700.53125,704.0800170898438,710.280029296875,58941400,4.291999816894531,4.291999816894531,4.271999835968018,0,78.36485290527344,80.37000274658203,80.55000305175781,58623500,107.47039031982422,109.61000061035156,109.94000244140625,26008100
2026-04-22,186.84996032714844,187.5,186.17999267578125,32448800,431.1726989746094,432.9200134277344,426.19000244140625,29378200,255.36000061035156,255.36000061035156,252.44000244140625,36065100,338.8996276855469,339.32000732421875,337.0199890136719,20293000,122.54000091552734,122.54000091552734,118.30000305175781,31878200.0,202.03819274902344,202.5,200.99000549316406,107501000,421.2151184082031,422.6499938964844,406.9800109863281,23702500,476.8299865722656,476.8299865722656,471.04998779296875,7835200,88.7233657836914,88.73999786376953,87.87000274658203,23478300,7137.89990234375,7137.89990234375,7102.91015625,4919460000,26937.279296875,26937.279296875,26715.919921875,8080930000,653.709716796875,655.1099853515625,650.1500244140625,37368400,707.6253051757812,711.2100219726562,709.1500244140625,42518500,4.294000148773193,4.294000148773193,4.265999794006348,0,78.4916000366211,80.5,80.5,28004500,107.6762924194336,109.81999969482422,109.95999908447266,17815000
2026-04-23,175.66885375976562,176.27999877929688,180.39999389648438,37084200,414.0719909667969,415.75,419.8900146484375,38308000,255.0800018310547,255.0800018310547,255.38999938964844,39091400,338.47015380859375,338.8900146484375,341.17999267578125,18650300,117.41999816894531,117.41999816894531,122.0999984741211,21696200.0,199.18470764160156,199.63999938964844,202.4600067138672,113561800,418.51434326171875,419.94000244140625,422.3900146484375,19501600,481.8500061035156,481.8500061035156,480.3999938964844,10619700,83.55433654785156,83.56999969482422,85.43000030517578,49153500,7108.39990234375,7108.39990234375,7118.7998046875,5307260000,26782.630859375,26782.630859375,26844.609375,7956600000,650.0275268554688,651.4199829101562,653.5499877929688,40099800,704.8792114257812,708.4500122070312,709.5,56174000,4.322999954223633,4.322999954223633,4.306000232696533,0,78.36485290527344,80.37000274658203,80.45999908447266,49921700,107.38214111328125,109.5199966430664,109.80000305175781,25668600
2026-04-24,172.67926025390625,173.27999877929688,180.50999450683594,33215000,422.90618896484375,424.6199951171875,416.9700012207031,27457400,263.989990234375,263.989990234375,259.9800109863281,53777400,343.97332763671875,344.3999938964844,338.7300109863281,26426100,110.13999938964844,110.13999938964844,120.97000122070312,33898200.0,207.79502868652344,208.27000427246094,199.9600067138672,214134400,421.32476806640625,422.760009765625,424.9800109863281,22491100,506.44000244140625,506.44000244140625,499.510009765625,12614300,85.18402862548828,85.19999694824219,84.36000061035156,21746900,7165.080078125,7165.080078125,7136.47998046875,4608830000,27303.669921875,27303.669921875,27082.419921875,10203070000,662.4609375,663.8800048828125,658.510009765625,45563100,710.3414916992188,713.9400024414062,710.75,45182000,4.309999942779541,4.309999942779541,4.311999797821045,0,78.47210693359375,80.4800033569336,80.44000244140625,33626300,107.46058654785156,109.5999984741211,109.5,23212600
2026-04-27,172.36036682128906,172.9600067138672,172.5800018310547,21616600,423.1053771972656,424.82000732421875,422.3800048828125,30867300,261.1199951171875,261.1199951171875,263.4599914550781,44906800,349.9059753417969,350.3399963378906,345.9800109863281,28576900,112.05999755859375,112.05999755859375,109.87000274658203,24929000.0,216.1160125732422,216.61000061035156,209.64999389648438,187172400,416.7802429199219,418.20001220703125,420.4800109863281,17451600,506.260009765625,506.260009765625,509.19000244140625,9040200,85.41398620605469,85.43000030517578,84.72000122070312,17131500,7173.91015625,7173.91015625,7152.72021484375,4783750000,27305.6796875,27305.6796875,27278.279296875,8126500000,662.8101806640625,664.22998046875,663.4000244140625,32717000,711.5653686523438,715.1699829101562,713.1699829101562,33135900,4.335999965667725,4.335999965667725,4.311999797821045,0,78.50135040283203,80.51000213623047,80.44000244140625,24643700,107.15663146972656,109.29000091552734,109.5199966430664,21833200
2026-04-28,165.3846435546875,165.9600067138672,162.16000366210938,33716500,427.5174865722656,429.25,424.57000732421875,30438100,259.70001220703125,259.70001220703125,258.3900146484375,42204400,349.3466796875,349.7799987792969,348.54998779296875,27824100,105.52999877929688,105.52999877929688,103.5999984741211,27765200.0,212.68385314941406,213.1699981689453,209.49000549316406,180275400,398.47259521484375,399.8299865722656,400.30999755859375,25519200,491.2099914550781,491.2099914550781,488.19000244140625,12664800,84.98406982421875,85.0,85.23999786376953,18507400,7138.7998046875,7138.7998046875,7133.740234375,4900650000,27029.009765625,27029.009765625,26988.76953125,7441950000,656.1444702148438,657.5499877929688,657.4099731445312,34147900,708.1029052734375,711.6900024414062,711.8200073242188,43117400,4.354000091552734,4.354000091552734,4.370999813079834,0,78.39410400390625,80.4000015258789,80.3499984741211,36382400,107.2056655883789,109.33999633789062,109.06999969482422,25603500
2026-04-29,163.26202392578125,163.8300018310547,164.0399932861328,20587500,422.746826171875,424.4599914550781,424.5799865722656,38288300,263.0400085449219,263.0400085449219,257.989990234375,72367900,349.5064392089844,349.94000244140625,347.57000732421875,35376300,114.19000244140625,114.19000244140625,108.19499969482422,27754000.0,208.77279663085938,209.25,212.6999969482422,123711800,404.0735168457031,405.45001220703125,403.5,15962500,499.5799865722656,499.5799865722656,496.3500061035156,6007900,84.48416137695312,84.5,84.48999786376953,11182900,7135.9501953125,7135.9501953125,7131.60986328125,5123100000,27186.98046875,27186.98046875,27069.359375,8147470000,660.1558837890625,661.5700073242188,658.6300048828125,31724900,707.993408203125,711.5800170898438,711.0,41859200,4.418000221252441,4.418000221252441,4.361999988555908,0,78.13084411621094,80.12999725341797,80.31999969482422,56809400,106.60755920410156,108.7300033569336,109.04000091552734,21800900
2026-04-30,160.83047485351562,161.38999938964844,162.02000427246094,21016400,406.1341552734375,407.7799987792969,410.80999755859375,70909400,265.05999755859375,265.05999755859375,273.1700134277344,100974900,384.3232421875,384.79998779296875,374.07000732421875,72040000,111.5999984741211,111.5999984741211,117.29000091552734,25279800.0,199.1148681640625,199.57000732421875,209.92999267578125,225239200,416.0128479003906,417.42999267578125,415.5199890136719,21821600,506.7200012207031,506.7200012207031,504.7099914550781,8401600,83.89427185058594,83.91000366210938,83.9000015258789,26292700,7209.009765625,7209.009765625,7161.75,5723790000,27452.119140625,27452.119140625,27328.98046875,8139190000,666.3126220703125,667.739990234375,665.3499755859375,40622200,715.0377197265625,718.6599731445312,714.6300048828125,67240900,4.389999866485596,4.389999866485596,4.392000198364258,0,78.37459564208984,80.37999725341797,80.18000030517578,51626100,106.72522735595703,108.8499984741211,108.88999938964844,45530700
2026-05-01,171.23428344726562,171.8300018310547,166.4199981689453,26318000,412.76727294921875,414.44000244140625,412.79998779296875,31372400,268.260009765625,268.260009765625,265.5799865722656,50825200,385.2121887207031,385.69000244140625,381.6300048828125,30105200,119.01000213623047,119.01000213623047,114.11000061035156,27413000.0,197.9974365234375,198.4499969482422,201.27999877929688,128647000,419.8497619628906,421.2799987792969,415.0899963378906,11882600,509.82000732421875,509.82000732421875,504.2099914550781,5308300,86.61375427246094,86.62999725341797,86.12000274658203,23314400,7230.1201171875,7230.1201171875,7234.5400390625,4847390000,27710.359375,27710.359375,27508.5703125,7534290000,672.708984375,674.1500244140625,669.1599731445312,39172600,717.0177001953125,720.6500244140625,721.25,43049800,4.377999782562256,4.377999782562256,4.368000030517578,0,78.47163391113281,80.05999755859375,80.05999755859375,43740400,106.8974838256836,108.5999984741211,108.55000305175781,34755500
2026-05-04,179.66494750976562,180.2899932861328,176.02000427246094,33504500,411.9505615234375,413.6199951171875,411.5400085449219,28066500,272.04998779296875,272.04998779296875,268.79998779296875,49083700,382.7751770019531,383.25,385.6300048828125,26298600,125.43000030517578,125.43000030517578,121.18000030517578,30197300.0,198.02734375,198.47999572753906,199.5,125368100,415.08599853515625,416.5,418.2200012207031,15140400,506.7900085449219,506.7900085449219,512.469970703125,6867500,88.42342376708984,88.44000244140625,87.2300033569336,18374400,7200.75,7200.75,7228.3798828125,5215480000,27651.8203125,27651.8203125,27731.33984375,7849180000,671.4417114257812,672.8800048828125,674.6599731445312,34542000,714.3909912109375,718.010009765625,720.0700073242188,51950600,4.446000099182129,4.446000099182129,4.400000095367432,0,78.216796875,79.80000305175781,80.0199966430664,35069300,106.55296325683594,108.25,108.45999908447266,21983900
2026-05-05,184.70741271972656,185.35000610351562,182.1300048828125,23497200,409.7196044921875,411.3800048828125,415.32000732421875,25700900,273.54998779296875,273.54998779296875,276.0799865722656,41908500,387.9487609863281,388.42999267578125,386.2300109863281,23878600,127.88999938964844,127.88999938964844,125.0,22972800.0,196.05186462402344,196.5,199.3000030517578,113406600,425.90911865234375,427.3599853515625,421.6600036621094,21175200,522.6900024414062,522.6900024414062,515.3800048828125,8624600,88.25344848632812,88.2699966430664,88.58999633789062,18348900,7259.22021484375,7259.22021484375,7233.6201171875,5279760000,28015.060546875,28015.060546875,27895.05078125,8090030000,680.1530151367188,681.6099853515625,677.9600219726562,37101100,720.1220092773438,723.77001953125,721.77001953125,36933200,4.415999889373779,4.415999889373779,4.426000118255615,0,78.33440399169922,79.91999816894531,79.88999938964844,26357900,106.94670104980469,108.6500015258789,108.47000122070312,33609700
2026-05-06,193.35731506347656,194.02999877929688,186.1999969482422,27685500,412.2891845703125,413.9599914550781,408.0,30285900,274.989990234375,274.989990234375,272.8900146484375,44552000,397.546875,398.0400085449219,394.25,31308500,137.97999572753906,137.97999572753906,131.0749969482422,31677900.0,207.3560333251953,207.8300018310547,199.88999938964844,188362800,423.99566650390625,425.44000244140625,435.55999755859375,20707000,549.760009765625,549.760009765625,537.77001953125,15262900,87.80353546142578,87.81999969482422,88.2699966430664,23584700,7365.1201171875,7365.1201171875,7294.14013671875,6579640000,28599.169921875,28599.169921875,28234.01953125,8864150000,694.2827758789062,695.77001953125,687.780029296875,38778500,730.1312866210938,733.8300170898438,728.1599731445312,53288900,4.355999946594238,4.355999946594238,4.366000175476074,0,78.56964874267578,80.16000366210938,80.08999633789062,38323100,107.47823333740234,109.19000244140625,109.18000030517578,28417400
2026-05-07,193.91537475585938,194.58999633789062,198.61000061035156,31803200,419.07171630859375,420.7699890136719,420.1099853515625,34942400,271.1700134277344,271.1700134277344,275.0199890136719,35892900,397.4969177246094,397.989990234375,399.9200134277344,24433500,128.83999633789062,128.83999633789062,132.05499267578125,41365300.0,211.01766967773438,211.5,208.33999633789062,168307900,411.1593933105469,412.55999755859375,421.82000732421875,22791700,540.0999755859375,540.0999755859375,545.77001953125,10905200,90.83296966552734,90.8499984741211,90.01000213623047,29902800,7337.10986328125,7337.10986328125,7376.77978515625,6237040000,28563.94921875,28563.94921875,28612.5390625,9118880000,693.4545288085938,694.9400024414062,696.5800170898438,43779100,727.8926391601562,731.5800170898438,735.0499877929688,51724600,4.392000198364258,4.392000198364258,4.334000110626221,0,78.27560424804688,79.86000061035156,80.22000122070312,44772900,107.03528594970703,108.73999786376953,109.37000274658203,24184900
2026-05-08,195.27066040039062,195.9499969482422,192.5800018310547,21158300,413.44451904296875,415.1199951171875,417.3900146484375,33383800,272.67999267578125,272.67999267578125,271.6300048828125,34732700,400.3034362792969,400.79998779296875,397.0,21461800,114.1500015258789,114.1500015258789,118.45999908447266,48479400.0,214.709228515625,215.1999969482422,213.02999877929688,136421400,428.5401611328125,430.0,419.79998779296875,22561400,566.5399780273438,566.5399780273438,551.5800170898438,8553700,91.1329116821289,91.1500015258789,89.83000183105469,17106600,7398.93017578125,7398.93017578125,7362.97021484375,5302740000,29234.990234375,29234.990234375,28768.119140625,9577150000,709.709716796875,711.22998046875,699.9199829101562,44320400,733.9021606445312,737.6199951171875,734.9299926757812,47227100,4.363999843597412,4.363999843597412,4.372000217437744,0,78.55004119873047,80.13999938964844,80.01000213623047,29715200,107.48807525634766,109.19999694824219,109.1500015258789,17503300
2026-05-11,193.16796875,193.83999633789062,192.14999389648438,16890600,410.99444580078125,412.6600036621094,407.8699951171875,35657900,268.989990234375,268.989990234375,269.8399963378906,38176700,388.1585388183594,388.6400146484375,393.6499938964844,30753700,114.69999694824219,114.69999694824219,112.0199966430664,27701900.0,218.93955993652344,219.44000244140625,214.0399932861328,160685800,426.9754943847656,428.42999267578125,427.6199951171875,16825500,576.3099975585938,576.3099975585938,570.260009765625,12680900,90.67300415039062,90.69000244140625,90.0999984741211,13442600,7412.83984375,7412.83984375,7385.31005859375,5821910000,29320.66015625,29320.66015625,29185.830078125,11989910000,711.7652587890625,713.2899780273438,710.3599853515625,36019100,735.5736694335938,739.2999877929688,736.4500122070312,44024000,4.409999847412109,4.409999847412109,4.392000198364258,0,78.39321899414062,79.9800033569336,80.08000183105469,34366600,107.2223129272461,108.93000030517578,109.04000091552734,23050600
2026-05-12,186.18228149414062,186.8300018310547,192.9199981689453,22123400,406.1241760253906,407.7699890136719,414.4800109863281,38594200,265.82000732421875,265.82000732421875,266.7099914550781,36776200,386.8701171875,387.3500061035156,387.3399963378906,26017500,107.75,107.75,110.79000091552734,32879100.0,220.27650451660156,220.77999877929688,218.5500030517578,159176600,417.8764953613281,419.29998779296875,423.42999267578125,19004300,561.25,561.25,565.010009765625,17720800,89.42323303222656,89.44000244140625,90.69999694824219,25300700,7400.9599609375,7400.9599609375,7390.6298828125,5624790000,29064.80078125,29064.80078125,29067.359375,9631840000,705.7282104492188,707.239990234375,708.219970703125,45873000,734.4593505859375,738.1799926757812,736.8900146484375,54185300,4.4629998207092285,4.4629998207092285,4.436999797821045,0,78.28541564941406,79.87000274658203,79.81999969482422,37418900,106.85810089111328,108.55999755859375,108.61000061035156,26579400
2026-05-13,189.10211181640625,189.75999450683594,189.02999877929688,15789300,403.57452392578125,405.2099914550781,403.20001220703125,29667100,270.1300048828125,270.1300048828125,264.42999267578125,39670900,402.1211853027344,402.6199951171875,385.6000061035156,28144600,111.30999755859375,111.30999755859375,112.94999694824219,23598000.0,225.3149871826172,225.8300018310547,224.92999267578125,150405400,415.3750305175781,416.7900085449219,415.80999755859375,16981200,572.4600219726562,572.4600219726562,571.7999877929688,9586700,88.58338928222656,88.5999984741211,88.81999969482422,17058900,7444.25,7444.25,7409.1201171875,5716600000,29366.939453125,29366.939453125,29159.94921875,9734720000,713.1823120117188,714.7100219726562,709.9600219726562,40012500,738.5685424804688,742.3099975585938,738.469970703125,44200200,4.480999946594238,4.480999946594238,4.465000152587891,0,78.3246078491211,79.91000366210938,79.83999633789062,33257100,106.91717529296875,108.62000274658203,108.52999877929688,19083000
2026-05-14,194.9318389892578,195.61000061035156,188.17999267578125,22545000,407.7774658203125,409.42999267578125,404.4800109863281,27077500,267.2200012207031,267.2200012207031,269.1499938964844,31338400,400.5731201171875,401.07000732421875,397.2799987792969,21136700,114.21499633789062,114.21499633789062,111.52999877929688,27702300.0,235.202392578125,235.74000549316406,229.85000610351562,180782900,438.29693603515625,439.7900085449219,416.7300109863281,19733800,578.3400268554688,578.3400268554688,570.8400268554688,8458700,90.62300872802734,90.63999938964844,88.69999694824219,17069900,7501.240234375,7501.240234375,7454.39990234375,5267050000,29580.30078125,29580.30078125,29372.650390625,9860060000,718.2514038085938,719.7899780273438,714.6199951171875,33327500,744.3989868164062,748.1699829101562,743.6500244140625,45307600,4.460999965667725,4.460999965667725,4.439000129699707,0,78.26580047607422,79.8499984741211,79.97000122070312,27235600,106.84827423095703,108.55000305175781,108.88999938964844,18038000
2026-05-15,192.2810516357422,192.9499969482422,190.49000549316406,15747100,420.2170715332031,421.9200134277344,414.2699890136719,50771200,264.1400146484375,264.1400146484375,262.5,40770300,396.2884216308594,396.7799987792969,396.32000732421875,20309700,107.30000305175781,107.30000305175781,109.41500091552734,22048200.0,224.80615234375,225.32000732421875,229.75999450683594,180977600,423.7464904785156,425.19000244140625,432.80999755859375,18957100,556.3400268554688,556.3400268554688,560.3099975585938,13009600,91.7627944946289,91.77999877929688,90.36000061035156,28612300,7408.5,7408.5,7445.10986328125,5582070000,29125.19921875,29125.19921875,29191.359375,9584430000,707.4146728515625,708.9299926757812,710.1400146484375,51792700,735.4443969726562,739.1699829101562,741.7899780273438,60410800,4.59499979019165,4.59499979019165,4.547999858856201,0,77.88353729248047,79.45999908447266,79.63999938964844,54466000,106.16908264160156,107.86000061035156,107.87000274658203,49718000
2026-05-18,185.96304321289062,186.61000061035156,190.0,19114300,421.83056640625,423.5400085449219,416.6199951171875,32564100,264.8599853515625,264.8599853515625,263.8699951171875,33690800,396.4482421875,396.94000244140625,395.69000244140625,26837200,103.7699966430664,103.7699966430664,106.78500366210938,38653700.0,221.81300354003906,222.32000732421875,229.8699951171875,146280900,419.2817077636719,420.7099914550781,421.4100036621094,17863300,546.1599731445312,546.1599731445312,565.47998046875,12317500,92.85259246826172,92.87000274658203,91.05999755859375,31004700,7403.0498046875,7403.0498046875,7415.06982421875,5489500000,28994.369140625,28994.369140625,29246.19921875,10327940000,704.3711547851562,705.8800048828125,711.5399780273438,49834500,734.927001953125,738.6500244140625,739.8300170898438,47843900,4.623000144958496,4.623000144958496,4.598999977111816,0,77.96195983886719,79.54000091552734,79.62999725341797,38596100,105.97222137451172,107.66000366210938,107.95999908447266,31145200
2026-05-19,180.83090209960938,181.4600067138672,186.0,16717700,415.7352600097656,417.4200134277344,429.8999938964844,33018700,259.3399963378906,259.3399963378906,262.0400085449219,40340700,387.1797180175781,387.6600036621094,396.9599914550781,39545700,99.80999755859375,99.80999755859375,98.52999877929688,29845600.0,220.1068878173828,220.61000061035156,219.6199951171875,140948200,409.6744384765625,411.07000732421875,409.82000732421875,20652100,543.9600219726562,543.9600219726562,534.9400024414062,11905800,91.9327621459961,91.94999694824219,93.80999755859375,26334000,7353.60986328125,7353.60986328125,7375.75,5441140000,28818.83984375,28818.83984375,28795.01953125,9895620000,700.030517578125,701.530029296875,699.8099975585938,46827500,730.03173828125,733.72998046875,734.780029296875,54255900,4.666999816894531,4.666999816894531,4.617000102996826,0,77.77571868896484,79.3499984741211,79.41000366210938,42904700,105.44068145751953,107.12000274658203,107.22000122070312,36965500
2026-05-20,187.50767517089844,188.16000366210938,179.94000244140625,16517200,419.36053466796875,421.05999755859375,414.1700134277344,27864000,265.010009765625,265.010009765625,260.04998779296875,34933200,388.4281921386719,388.9100036621094,387.70001220703125,31744400,101.27999877929688,101.27999877929688,101.5,21656800.0,222.9603729248047,223.47000122070312,223.17999267578125,184201600,416.34173583984375,417.760009765625,412.80999755859375,16312600,564.6599731445312,564.6599731445312,552.75,8892200,93.30250549316406,93.31999969482422,90.93000030517578,18689500,7432.97021484375,7432.97021484375,7369.18994140625,5384150000,29297.69921875,29297.69921875,29006.5703125,9268370000,711.6256713867188,713.1500244140625,705.2899780273438,36779200,737.5138549804688,741.25,735.7100219726562,45768000,4.572000026702881,4.572000026702881,4.64300012588501,0,78.27560424804688,79.86000061035156,79.5,58906300,106.2576675415039,107.94999694824219,107.16999816894531,34281700
2026-05-21,189.11209106445312,189.77000427246094,189.00999450683594,12119700,418.3025207519531,419.0899963378906,424.75,31393500,268.4599914550781,268.4599914550781,263.5,36591700,387.1797180175781,387.6600036621094,385.70001220703125,24852800,107.58000183105469,107.58000183105469,106.55999755859375,31898600.0,219.0093994140625,219.50999450683594,222.2899932861328,203381800,413.1625671386719,414.57000732421875,413.54998779296875,16865300,567.8800048828125,567.8800048828125,561.02001953125,8293800,92.4626693725586,92.4800033569336,92.12000274658203,12795500,7445.72021484375,7445.72021484375,7410.77978515625,5440620000,29357.26953125,29357.26953125,29150.130859375,8627780000,712.9827270507812,714.510009765625,708.989990234375,36415400,738.9764404296875,742.719970703125,738.6400146484375,43332200,4.585999965667725,4.585999965667725,4.609000205993652,0,78.31481170654297,79.9000015258789,79.75,37584600,106.47422790527344,108.16999816894531,107.6500015258789,25440400
2026-05-22,191.41407775878906,192.0800018310547,191.6699981689453,10875800,417.7835388183594,418.57000732421875,419.5400085449219,22390300,266.32000732421875,266.32000732421875,268.6600036621094,27535500,382.49554443359375,382.9700012207031,387.3500061035156,20442100,105.48999786376953,105.48999786376953,109.31999969482422,20001600.0,214.83892822265625,215.3300018310547,220.89999389648438,169275700,412.7340393066406,414.1400146484375,417.489990234375,14086400,576.3200073242188,576.3200073242188,574.27001953125,7535000,93.99237823486328,94.01000213623047,93.19999694824219,11681300,7473.47021484375,7473.47021484375,7468.81982421875,4952440000,29481.640625,29481.640625,29476.2890625,9265090000,716.0062255859375,717.5399780273438,718.0700073242188,33118600,741.8817749023438,745.6400146484375,746.239990234375,41762000,4.558000087738037,4.558000087738037,4.541999816894531,0,78.3246078491211,79.91000366210938,80.01000213623047,22429400,106.67108917236328,108.37000274658203,108.52999877929688,19668800
2026-05-26,192.3906707763672,193.05999755859375,193.3000030517578,12856100,415.248291015625,416.0299987792969,416.42999267578125,30398000,265.2900085449219,265.2900085449219,267.94000244140625,38028100,388.3982238769531,388.8800048828125,384.510009765625,27747400,105.88999938964844,105.88999938964844,108.23999786376953,21456100.0,214.37001037597656,214.86000061035156,216.5399932861328,187202600,420.57733154296875,422.010009765625,418.5,22562900,602.1400146484375,602.1400146484375,591.5800170898438,10008500,94.0323715209961,94.05000305175781,93.97000122070312,18696000,7519.1201171875,7519.1201171875,7511.7900390625,5496060000,30001.3203125,30001.3203125,29854.580078125,9718120000,728.7190551757812,730.280029296875,725.9600219726562,34254700,746.8068237304688,750.5900268554688,750.010009765625,41123600,4.493000030517578,4.493000030517578,4.488999843597412,0,78.58924865722656,80.18000030517578,80.13999938964844,30406100,107.07466125488281,108.77999877929688,108.97000122070312,23730300
2026-05-27,190.2979736328125,190.9600067138672,191.47999572753906,12126000,411.8946228027344,412.6700134277344,411.010009765625,28901500,271.8500061035156,271.8500061035156,266.1499938964844,40061900,388.3482666015625,388.8299865722656,386.6700134277344,23087300,104.2699966430664,104.2699966430664,105.11000061035156,24155000.0,212.1151580810547,212.60000610351562,214.1199951171875,167601200,420.4277648925781,421.8599853515625,425.07000732421875,17601000,595.5,595.5,611.9400024414062,11209000,93.03256225585938,93.05000305175781,92.56999969482422,13180000,7520.35986328125,7520.35986328125,7526.009765625,5524250000,29973.5703125,29973.5703125,30081.279296875,9240640000,727.8908081054688,729.4500122070312,732.9600219726562,35148700,746.6774291992188,750.4600219726562,750.8800048828125,42106300,4.480999946594238,4.480999946594238,4.4710001945495605,0,78.54023742675781,80.12999725341797,80.16999816894531,22523800,107.2223129272461,108.93000030517578,108.91000366210938,16208400
2026-05-28,202.99378967285156,203.6999969482422,194.0399932861328,25339900,426.18768310546875,426.989990234375,412.9800109863281,47250500,274.0,274.0,272.2699890136719,40630400,389.64666748046875,390.1300048828125,388.0,24357500,106.86000061035156,106.86000061035156,107.94999694824219,23406000.0,213.7613983154297,214.25,211.27999877929688,143996000,425.13177490234375,426.5799865722656,421.1400146484375,17855600,599.8300170898438,599.8300170898438,595.8099975585938,7625000,95.66206359863281,95.68000030517578,93.4000015258789,17442600,7563.6298828125,7563.6298828125,7519.81982421875,5494860000,30223.890625,30223.890625,30030.630859375,9224620000,734.027587890625,735.5999755859375,729.72998046875,32840000,750.7965698242188,754.5999755859375,750.25,41562600,4.454999923706055,4.454999923706055,4.507999897003174,0,78.63826751708984,80.2300033569336,80.08000183105469,32001600,107.54713439941406,109.26000213623047,108.98999786376953,24176800
2026-05-29,224.9972381591797,225.77999877929688,209.0,41082200,449.3940124511719,450.239990234375,432.54998779296875,79654400,270.6400146484375,270.6400146484375,271.2900085449219,54749600,379.8687744140625,380.3399963378906,385.239990234375,44415800,109.52999877929688,109.52999877929688,108.0199966430664,28158200.0,210.6584930419922,211.13999938964844,214.5800018310547,289410600,445.25323486328125,446.7699890136719,432.95001220703125,41798400,598.9299926757812,598.9299926757812,606.030029296875,7596100,101.64094543457031,101.66000366210938,96.88999938964844,37721000,7580.06005859375,7580.06005859375,7579.330078125,7858290000,30333.1796875,30333.1796875,30333.859375,11906000000,736.7318115234375,738.3099975585938,737.8400268554688,37541700,752.6671142578125,756.47998046875,755.9000244140625,55075700,4.453000068664551,4.453000068664551,4.440999984741211,0,78.7166748046875,80.30999755859375,80.26000213623047,39142200,107.64556884765625,109.36000061035156,109.38999938964844,26551200
2026-06-01,247.28968811035156,248.14999389648438,230.5,48390000,459.6546936035156,460.5199890136719,464.8399963378906,53628900,261.260009765625,261.260009765625,266.2900085449219,53604400,375.9037170410156,376.3699951171875,376.5199890136719,28672100,124.81999969482422,124.81999969482422,114.7750015258789,58297300.0,223.8483428955078,224.36000061035156,215.72999572753906,212850700,458.4084167480469,459.9700012207031,450.0899963378906,30586000,607.8099975585938,607.8099975585938,596.0999755859375,8649000,107.6798095703125,107.69999694824219,104.0199966430664,40104400,7599.9599609375,7599.9599609375,7582.2900390625,6583960000,30513.859375,30513.859375,30295.25,10199240000,741.1524047851562,742.739990234375,737.0399780273438,33890600,754.7166748046875,758.5399780273438,755.3599853515625,43634900,4.474999904632568,4.474999904632568,4.456999778747559,0,78.65657043457031,79.83999633789062,79.79000091552734,32671000,107.6287612915039,108.93000030517578,108.55999755859375,19298000
2026-06-02,243.73207092285156,244.5800018310547,242.8000030517578,30294800,440.48077392578125,441.30999755859375,446.8800048828125,37036800,256.5199890136719,256.5199890136719,257.1600036621094,41811000,361.4017028808594,361.8500061035156,366.5899963378906,50412300,119.2699966430664,119.2699966430664,129.9600067138672,34814000.0,222.3118438720703,222.82000732421875,227.17999267578125,193362900,479.93511962890625,481.57000732421875,488.7900085449219,38306700,632.2100219726562,632.2100219726562,619.5999755859375,8083500,104.71037292480469,104.7300033569336,104.56999969482422,24586000,7609.77978515625,7609.77978515625,7595.39990234375,5904410000,30660.599609375,30660.599609375,30471.609375,9675650000,744.5650024414062,746.1599731445312,742.4000244140625,30085200,755.7415771484375,759.5700073242188,757.030029296875,31581900,4.454999923706055,4.454999923706055,4.429999828338623,0,78.71568298339844,79.9000015258789,79.83999633789062,25237500,107.61888885498047,108.91999816894531,109.05999755859375,14394700
2026-06-03,229.53146362304688,230.3300018310547,240.47999572753906,23644700,426.53704833984375,427.3399963378906,438.45001220703125,39037000,250.02000427246094,250.02000427246094,254.6999969482422,51394200,358.54522705078125,358.989990234375,362.0299987792969,55441600,110.93000030517578,110.93000030517578,119.91500091552734,26460100.0,214.26025390625,214.75,221.72000122070312,160907000,477.6030578613281,479.2300109863281,494.7799987792969,50126400,637.9000244140625,637.9000244140625,640.7999877929688,10179900,100.18121337890625,100.19999694824219,103.33000183105469,24946400,7553.68017578125,7553.68017578125,7605.31005859375,5753860000,30571.240234375,30571.240234375,30730.109375,9267670000,742.6192626953125,744.2100219726562,747.3099975585938,40270200,750.4384155273438,754.239990234375,758.1500244140625,51402500,4.491000175476074,4.491000175476074,4.485000133514404,0,78.49894714355469,79.68000030517578,79.75,28203400,107.32247161865234,108.62000274658203,108.58999633789062,24018700
2026-06-04,235.5206298828125,236.33999633789062,227.0,19993800,427.2456970214844,428.04998779296875,435.80999755859375,26899500,253.7899932861328,253.7899932861328,253.1199951171875,35609800,371.7288818359375,372.19000244140625,358.8999938964844,44055500,108.02999877929688,108.02999877929688,107.48999786376953,26752000.0,218.4156036376953,218.66000366210938,213.91000366210938,169022200,417.4878234863281,418.9100036621094,408.989990234375,80979400,627.530029296875,627.530029296875,613.0,10462900,100.0412368774414,100.05999755859375,100.05000305175781,17144700,7584.31005859375,7584.31005859375,7516.5400390625,5398910000,30407.810546875,30407.810546875,30174.58984375,8999970000,739.0269165039062,740.6099853515625,735.47998046875,40782600,753.2740478515625,757.0900268554688,752.0999755859375,49923000,4.4770002365112305,4.4770002365112305,4.456999778747559,0,78.64672088623047,79.83000183105469,79.75,22697900,107.54972076416016,108.8499984741211,108.87999725341797,17881600
2026-06-05,212.93917846679688,213.67999267578125,229.49000549316406,29019900,415.8870849609375,416.6700134277344,428.3399963378906,34782200,246.02999877929688,246.02999877929688,254.25999450683594,55607800,368.07342529296875,368.5299987792969,366.3399963378906,37471200,100.38999938964844,100.38999938964844,104.63500213623047,32460800.0,204.87075805664062,205.10000610351562,214.52999877929688,219655500,384.42047119140625,385.7300109863281,407.6099853515625,51146100,569.6900024414062,569.6900024414062,605.0900268554688,22038000,95.83203125,95.8499984741211,99.41000366210938,19514000,7383.740234375,7383.740234375,7537.35986328125,5591290000,28957.599609375,28957.599609375,29992.369140625,11550140000,703.5529174804688,705.0599975585938,730.0599975585938,99606600,733.83251953125,737.5499877929688,752.3099975585938,93989400,4.535999774932861,4.535999774932861,4.4670000076293945,0,78.25265502929688,79.43000030517578,79.69999694824219,46035600,106.87784576416016,108.16999816894531,108.41000366210938,30790300
2026-06-08,211.0856475830078,211.82000732421875,217.75,17227200,410.9663391113281,411.739990234375,414.1400146484375,32086700,245.22000122070312,245.22000122070312,246.67999267578125,33899500,363.0766296386719,363.30999755859375,365.17999267578125,27942500,102.37000274658203,102.37000274658203,102.02999877929688,23379800.0,208.40679931640625,208.63999938964844,210.17999267578125,138372800,395.2535705566406,396.6000061035156,402.6199951171875,37099000,598.1599731445312,598.1599731445312,597.2100219726562,13823900,95.63207244873047,95.6500015258789,96.04000091552734,12374800,7405.72998046875,7405.72998046875,7440.56982421875,4898180000,29414.259765625,29414.259765625,29482.189453125,10077650000,714.5393676757812,716.0700073242188,717.8099975585938,47401500,735.4940795898438,739.219970703125,743.3599853515625,49319100,4.552000045776367,4.552000045776367,4.539999961853027,0,78.36102294921875,79.54000091552734,79.5999984741211,25217800,106.76915740966797,108.05999755859375,108.43000030517578,21944000
2026-06-09,205.0964813232422,205.80999755859375,213.91000366210938,26040700,402.6520080566406,403.4100036621094,409.0299987792969,35317300,244.19000244140625,244.19000244140625,247.72999572753906,44425400,364.0260314941406,364.260009765625,367.0899963378906,29535100,98.44999694824219,98.44999694824219,103.98999786376953,26865600.0,207.95730590820312,208.19000244140625,210.6199951171875,180962500,390.8286437988281,392.1600036621094,401.6099853515625,37026900,591.010009765625,591.010009765625,609.47998046875,20329700,92.93257141113281,92.94999694824219,95.06999969482422,25503700,7386.64990234375,7386.64990234375,7438.66015625,6006390000,29084.5,29084.5,29647.349609375,12106940000,706.3169555664062,707.8300170898438,722.97998046875,91932200,733.3350830078125,737.0499877929688,743.6300048828125,87683500,4.5279998779296875,4.5279998779296875,4.546000003814697,0,78.4398422241211,79.62000274658203,79.62000274658203,34705500,107.11498260498047,108.41000366210938,108.31999969482422,37925400
2026-06-10,200.56224060058594,201.25999450683594,198.5,46108300,396.61334228515625,397.3599853515625,398.54998779296875,32576000,238.0,238.0,243.61000061035156,38590200,356.1510925292969,356.3800048828125,363.19000244140625,32357100,95.61000061035156,95.61000061035156,95.38999938964844,17855600.0,200.19598388671875,200.4199981689453,204.42999267578125,161746600,370.8367614746094,372.1000061035156,381.5,38193500,570.9099731445312,570.9099731445312,580.760009765625,12711400,91.56283569335938,91.58000183105469,91.22000122070312,12974500,7266.990234375,7266.990234375,7350.5400390625,5247300000,28508.029296875,28508.029296875,28893.8203125,9519620000,692.2072143554688,693.6900024414062,701.6599731445312,65334300,721.7736206054688,725.4299926757812,733.3900146484375,60341300,4.541999816894531,4.541999816894531,4.533999919891357,0,78.29206085205078,79.47000122070312,79.55999755859375,30345200,106.86797332763672,108.16000366210938,108.3499984741211,20870100
2026-06-11,183.4617462158203,184.10000610351562,179.6699981689453,63678500,389.6065673828125,390.3399963378906,395.2099914550781,47224100,241.50999450683594,241.50999450683594,237.92999267578125,41335400,357.5401611328125,357.7699890136719,355.92999267578125,35538200,95.73999786376953,95.73999786376953,92.63500213623047,22683500.0,204.64100646972656,204.8699951171875,201.49000549316406,158643200,384.2610168457031,385.57000732421875,372.82000732421875,35187600,609.4500122070312,609.4500122070312,582.6099853515625,12196800,90.9029541015625,90.91999816894531,90.0,20571500,7394.2998046875,7394.2998046875,7287.669921875,5658920000,29446.1796875,29446.1796875,28731.16015625,10101910000,715.5870971679688,717.1199951171875,699.2899780273438,71798900,734.04150390625,737.760009765625,728.760009765625,86330500,4.4629998207092285,4.4629998207092285,4.520999908447266,0,78.75509643554688,79.94000244140625,79.56999969482422,55089500,107.7769775390625,109.08000183105469,108.43000030517578,34849400
2026-06-12,183.49163818359375,184.1300048828125,185.00999450683594,29562300,390.00579833984375,390.739990234375,391.42999267578125,34865800,238.5500030517578,238.5500030517578,243.2100067138672,51186600,359.4489440917969,359.67999267578125,362.6199951171875,24704600,100.55000305175781,100.55000305175781,99.12000274658203,36215900.0,204.96066284179688,205.19000244140625,204.86000061035156,112001800,380.7729187011719,382.07000732421875,383.7200012207031,27600900,619.9600219726562,619.9600219726562,607.9500122070312,8963300,90.68299102783203,90.69999694824219,90.62999725341797,14992900,7431.4599609375,7431.4599609375,7410.85009765625,4950530000,29635.94921875,29635.94921875,29380.6796875,10337400000,719.798095703125,721.3400268554688,717.6099853515625,51168400,738.0113525390625,741.75,740.7100219726562,57079500,4.486999988555908,4.486999988555908,4.4730000495910645,0,78.75509643554688,79.94000244140625,79.94000244140625,29873300,107.70780944824219,109.01000213623047,108.87999725341797,23423000
2026-06-15,191.97213745117188,192.63999938964844,187.38999938964844,20279900,399.0088806152344,399.760009765625,396.79998779296875,32266400,246.02000427246094,246.02000427246094,245.02000427246094,41711600,369.1127624511719,369.3500061035156,367.92999267578125,27727500,106.70999908447266,106.70999908447266,104.0,22004000.0,212.21253967285156,212.4499969482422,208.9199981689453,149936700,392.60260009765625,393.94000244140625,395.510009765625,32394200,647.0999755859375,647.0999755859375,643.5,9613900,92.68000030517578,92.68000030517578,92.18000030517578,13410300,7554.2900390625,7554.2900390625,7516.75,5674670000,30543.919921875,30543.919921875,30289.970703125,10590270000,742.40966796875,744.0,738.0999755859375,46710200,751.0254516601562,754.8300170898438,751.8499755859375,60176400,4.468999862670898,4.468999862670898,4.454999923706055,0,78.85360717773438,80.04000091552734,80.13999938964844,32019600,107.68804931640625,108.98999786376953,109.27999877929688,27040500
2026-06-16,187.6770782470703,188.3300018310547,190.00999450683594,16985500,393.0899963378906,393.8299865722656,395.7900085449219,31506800,246.0,246.0,248.0,35187400,373.01025390625,373.25,369.6000061035156,24876100,117.02999877929688,117.02999877929688,108.30000305175781,42823900.0,207.1781768798828,207.41000366210938,211.17999267578125,125694100,375.4310607910156,376.7099914550781,390.2099914550781,31573700,616.0,616.0,643.52001953125,10949600,91.37000274658203,91.37000274658203,92.27999877929688,11964900,7511.35009765625,7511.35009765625,7548.77978515625,5286210000,29968.130859375,29968.130859375,30455.490234375,11132830000,728.2998657226562,729.8599853515625,742.25,45348700,746.5481567382812,750.3300170898438,754.5499877929688,67093100,4.427999973297119,4.427999973297119,4.442999839782715,0,78.84375762939453,80.02999877929688,80.02999877929688,24471900,107.81649780273438,109.12000274658203,109.11000061035156,24297100
2026-06-17,182.8937225341797,183.52999877929688,186.16000366210938,16616600,378.1980285644531,378.9100036621094,390.25,41987800,237.5,237.5,244.89999389648438,44780800,363.55633544921875,363.7900085449219,369.1300048828125,24543600,115.20999908447266,115.20999908447266,117.06999969482422,26674200.0,204.42124938964844,204.64999389648438,208.52999877929688,128363500,391.5661315917969,392.8999938964844,388.7099914550781,40005500,623.969970703125,623.969970703125,633.4600219726562,10658800,89.16000366210938,89.16000366210938,90.83999633789062,19569600,7420.10009765625,7420.10009765625,7524.5,5883740000,29670.94921875,29670.94921875,30160.740234375,11443600000,720.965576171875,722.510009765625,735.1900024414062,51669300,737.225341796875,740.9600219726562,751.2899780273438,85945200,4.4629998207092285,4.4629998207092285,4.442999839782715,0,78.5482177734375,79.7300033569336,79.98999786376953,47184800,107.47067260742188,108.7699966430664,109.08000183105469,31079300
2026-06-18,183.6510772705078,184.2899932861328,183.00999450683594,31386100,378.6871032714844,379.3999938964844,377.82000732421875,59714200,244.38999938964844,244.38999938964844,240.1199951171875,75624400,367.7935791015625,368.0299987792969,365.75,44470100,117.94999694824219,117.94999694824219,118.8499984741211,65546300.0,210.4545135498047,210.69000244140625,207.3300018310547,241272000,409.9534912109375,411.3500061035156,409.5799865722656,45076100,659.8800048828125,659.8800048828125,648.5499877929688,11229700,89.08999633789062,89.08999633789062,89.55999755859375,24331300,7500.580078125,7500.580078125,7487.35986328125,9061110000,30406.189453125,30406.189453125,30261.599609375,18286150000,739.0369262695312,740.6199951171875,737.2000122070312,50154600,744.8902587890625,746.739990234375,747.760009765625,80875700,4.451000213623047,4.451000213623047,4.453000068664551,0,78.82405853271484,80.01000213623047,80.02999877929688,41111700,107.76708984375,109.06999969482422,109.44000244140625,41725500
2026-06-22,174.4630584716797,175.07000732421875,182.30999755859375,22935400,366.6497802734375,367.3399963378906,375.739990234375,45171100,232.7899932861328,232.7899932861328,240.0800018310547,68388500,349.45538330078125,349.67999267578125,357.95001220703125,52814800,111.29000091552734,111.29000091552734,119.08499908447266,29892800.0,208.41677856445312,208.64999389648438,211.44000244140625,122041400,391.4172668457031,392.1300048828125,413.6600036621094,26403700,668.9099731445312,668.9099731445312,670.3499755859375,8043000,87.30999755859375,87.30999755859375,88.18000030517578,23332400,7472.7900390625,7472.7900390625,7500.43994140625,5976740000,30347.080078125,30347.080078125,30529.990234375,12844290000,737.1818237304688,737.9500122070312,742.02001953125,43518600,742.546142578125,744.3900146484375,747.7000122070312,46628100,4.508999824523926,4.508999824523926,4.494999885559082,0,78.75509643554688,79.94000244140625,79.94000244140625,26479500,107.48056030273438,108.77999877929688,108.7300033569336,22557300
2026-06-23,164.58740234375,165.16000366210938,170.22999572753906,33327900,373.23736572265625,373.94000244140625,372.3800048828125,40647600,234.11000061035156,234.11000061035156,232.5500030517578,60492600,345.90765380859375,346.1300048828125,340.69000244140625,34007700,105.72000122070312,105.72000122070312,102.92500305175781,25319700.0,199.81640625,200.0399932861328,202.1699981689453,153496200,379.4590148925781,380.1499938964844,377.8699951171875,33122200,622.0499877929688,622.0499877929688,625.9299926757812,19126000,87.31999969482422,87.31999969482422,87.4800033569336,15950800,7365.4599609375,7365.4599609375,7366.509765625,5640530000,29347.26953125,29347.26953125,29369.25,14631520000,712.9071655273438,713.6500244140625,715.739990234375,53354200,731.7628784179688,733.5800170898438,733.8099975585938,66846800,4.493000030517578,4.493000030517578,4.486999988555908,0,78.6861343383789,79.87000274658203,79.83000183105469,29811300,107.60900115966797,108.91000366210938,108.77999877929688,27509300
2026-06-24,156.98385620117188,157.52999877929688,162.47999572753906,38305000,364.7733154296875,365.4599914550781,371.57000732421875,44509900,234.27000427246094,234.27000427246094,233.85000610351562,70282600,345.0682067871094,345.2900085449219,349.0400085449219,44997300,100.87999725341797,100.87999725341797,103.57499694824219,22104300.0,198.77757263183594,199.0,200.1199951171875,151810700,381.37554931640625,382.07000732421875,386.6199951171875,29938700,618.9199829101562,618.9199829101562,622.280029296875,11902000,86.16999816894531,86.16999816894531,86.76000213623047,19229300,7358.22021484375,7358.22021484375,7370.8798828125,5994860000,29220.060546875,29220.060546875,29328.400390625,14936190000,709.8803100585938,710.6199951171875,715.3699951171875,52480400,731.4237060546875,733.239990234375,735.1699829101562,57439500,4.4019999504089355,4.4019999504089355,4.453000068664551,0,78.66642761230469,79.8499984741211,79.94000244140625,38841000,108.10303497314453,109.41000366210938,109.38999938964844,31462200
2026-06-25,151.9314422607422,152.4600067138672,157.35000610351562,36844400,352.1670227050781,352.8299865722656,362.7699890136719,66179000,227.00999450683594,227.00999450683594,232.02000427246094,77674100,343.48919677734375,343.7099914550781,336.7300109863281,44491400,98.76000213623047,98.76000213623047,105.27999877929688,21772100.0,195.52122497558594,195.74000549316406,200.0800018310547,149550000,378.2212829589844,378.9100036621094,386.5799865722656,23353700,636.8800048828125,636.8800048828125,649.3699951171875,14877600,84.76000213623047,84.76000213623047,85.75,14970300,7357.490234375,7357.490234375,7404.91015625,5565760000,29440.3203125,29440.3203125,29843.890625,9870860000,715.63427734375,716.3800048828125,725.9000244140625,49668000,732.4810791015625,734.2999877929688,738.9099731445312,53934400,4.392000198364258,4.392000198364258,4.4120001792907715,0,78.69598388671875,79.87999725341797,79.91999816894531,29322400,108.19196319580078,109.5,109.58000183105469,33772500
2026-06-26,148.0150604248047,148.52999877929688,150.25999450683594,36532100,372.2691955566406,372.9700012207031,357.1499938964844,186201600,232.69000244140625,232.69000244140625,227.2100067138672,248372100,337.17327880859375,337.3900146484375,342.54998779296875,114706300,96.58000183105469,96.58000183105469,95.18000030517578,47706000.0,192.31480407714844,192.52999877929688,193.1199951171875,179304100,364.35650634765625,365.0199890136719,370.45001220703125,34839300,611.6099853515625,611.6099853515625,616.7899780273438,12728300,88.19999694824219,88.19999694824219,85.1500015258789,19832900,7354.02001953125,7354.02001953125,7312.740234375,9105600000,29118.240234375,29118.240234375,29040.119140625,16594580000,705.7846069335938,706.52001953125,707.1300048828125,47081800,727.1842651367188,728.989990234375,728.9500122070312,71034000,4.372000217437744,4.372000217437744,4.388000011444092,0,78.64672088623047,79.83000183105469,79.81999969482422,27647500,108.19196319580078,109.5,109.29000091552734,26033500
2026-06-29,147.2477264404297,147.75999450683594,153.94000244140625,34310300,367.8774719238281,368.57000732421875,377.5,51229900,240.13999938964844,240.13999938964844,234.22000122070312,77619200,353.4228210449219,353.6499938964844,341.8299865722656,34213900,95.51000213623047,95.51000213623047,98.37999725341797,21976900.0,194.7520751953125,194.97000122070312,193.85000610351562,148835700,371.7730407714844,372.45001220703125,373.6199951171875,24285200,631.97998046875,631.97998046875,615.030029296875,10473900,89.88999938964844,89.88999938964844,89.83999633789062,18377100,7440.43017578125,7440.43017578125,7391.8798828125,5794570000,29774.75,29774.75,29310.259765625,9776230000,723.3262939453125,724.0800170898438,713.989990234375,44939100,739.1644897460938,741.0,736.530029296875,58035200,4.374000072479248,4.374000072479248,4.377999782562256,0,78.82405853271484,80.01000213623047,79.94999694824219,37325700,108.38957214355469,109.69999694824219,109.62000274658203,43883300
2026-06-30,146.04193115234375,146.5500030517578,147.25,35926900,372.319091796875,373.0199890136719,371.0299987792969,44945700,238.33999633789062,238.33999633789062,237.35000610351562,66228300,357.14044189453125,357.3699951171875,353.8699951171875,35237200,99.54000091552734,99.54000091552734,95.18000030517578,18789300.0,199.86634826660156,200.08999633789062,197.24000549316406,166476700,377.0633850097656,377.75,374.7900085449219,28517400,655.8900146484375,655.8900146484375,636.0700073242188,9406900,90.5999984741211,90.5999984741211,89.08999633789062,17842500,7499.35986328125,7499.35986328125,7441.27001953125,6037540000,30276.349609375,30276.349609375,29792.9296875,9809990000,735.6334838867188,736.4000244140625,724.1799926757812,42121800,744.9202270507812,746.77001953125,741.2899780273438,55626000,4.418000221252441,4.418000221252441,4.392000198364258,0,78.78465270996094,79.97000122070312,80.0,38103900,107.76708984375,109.06999969482422,109.5,32665400
2026-07-01,142.00596618652344,142.5,144.49000549316406,45964000,383.5579528808594,384.2799987792969,380.8299865722656,48065800,241.6999969482422,241.6999969482422,239.75,53829900,360.97796630859375,361.2099914550781,358.3699951171875,26736400,85.68499755859375,85.68499755859375,88.86499786376953,60851900.0,197.35916137695312,197.5800018310547,196.1999969482422,146147600,368.6686706542969,369.3399963378906,371.8699951171875,23712600,620.4600219726562,620.4600219726562,634.3499755859375,13424700,93.33999633789062,93.33999633789062,92.4000015258789,26990000,7483.22998046875,7483.22998046875,7478.83984375,5782730000,29809.130859375,29809.130859375,29914.279296875,9094410000,724.4151000976562,725.1699829101562,729.1900024414062,40803800,743.9127197265625,745.760009765625,745.0,47100900,4.474999904632568,4.474999904632568,4.482999801635742,0,78.77375793457031,79.58999633789062,79.55999755859375,38152300,107.54102325439453,108.45999908447266,108.33999633789062,25563100
2026-07-02,139.78370666503906,140.27000427246094,143.3000030517578,44166700,389.7562561035156,390.489990234375,384.4800109863281,42128900,242.6699981689453,242.6699981689453,241.61000061035156,48246400,359.6788024902344,359.9100036621094,359.4800109863281,25974800,81.74500274658203,81.74500274658203,86.2699966430664,32579500.0,194.61224365234375,194.8300018310547,197.13999938964844,142068700,359.7948303222656,360.45001220703125,365.7300109863281,26749500,592.2899780273438,592.2899780273438,622.5800170898438,21288600,93.56999969482422,93.56999969482422,93.37000274658203,24892500,7483.240234375,7483.240234375,7495.14013671875,5463520000,29329.2109375,29329.2109375,29778.69921875,9529580000,711.8582153320312,712.5999755859375,725.5800170898438,50959800,742.9351806640625,744.780029296875,747.4000244140625,57447800,4.485000133514404,4.485000133514404,4.502999782562256,0,78.89252471923828,79.70999908447266,79.7300033569336,26111800,107.71949768066406,108.63999938964844,108.56999969482422,18406000
2026-07-06,143.2615966796875,143.75999450683594,144.3000030517578,36683000,386.0133056640625,386.739990234375,387.0400085449219,34224500,244.16000366210938,244.16000366210938,243.8000030517578,40044000,366.2245788574219,366.4599914550781,361.54998779296875,26915800,86.45999908447266,86.45999908447266,83.01499938964844,21929600.0,195.33143615722656,195.5500030517578,194.4199981689453,108999000,373.2203674316406,373.8999938964844,373.6099853515625,24544000,604.2999877929688,604.2999877929688,607.0499877929688,9820700,94.79000091552734,94.79000091552734,92.37000274658203,18295400,7537.43017578125,7537.43017578125,7506.9599609375,4971110000,29697.869140625,29697.869140625,29575.5703125,7827050000,722.067626953125,722.8200073242188,719.9299926757812,30220400,749.4190673828125,751.280029296875,748.739990234375,50673300,4.479000091552734,4.479000091552734,4.456999778747559,0,79.05089569091797,79.87000274658203,79.7300033569336,25159400,107.74923706054688,108.66999816894531,108.61000061035156,17471600
2026-07-07,141.1090850830078,141.60000610351562,143.72000122070312,47200000,388.109375,388.8399963378906,392.489990234375,29297500,245.97999572753906,245.97999572753906,246.97999572753906,40579600,366.7942199707031,367.0299987792969,369.07000732421875,24045600,83.52999877929688,83.52999877929688,83.73999786376953,23450300.0,196.7098846435547,196.92999267578125,192.3699951171875,124154600,370.1060485839844,370.7799987792969,366.55999755859375,24116700,581.4500122070312,581.4500122070312,580.02001953125,14619200,94.12999725341797,94.12999725341797,95.83999633789062,10710800,7503.85009765625,7503.85009765625,7516.6298828125,5049590000,29173.01953125,29173.01953125,29362.19921875,8244680000,708.6915283203125,709.4299926757812,714.1699829101562,42483100,745.85791015625,747.7100219726562,750.219970703125,43721500,4.5289998054504395,4.5289998054504395,4.497000217437744,0,78.94202423095703,79.76000213623047,79.8499984741211,28558300,106.96593475341797,107.87999725341797,108.29000091552734,32025000
2026-07-08,140.00294494628906,140.49000549316406,139.05999755859375,34607300,382.6197204589844,383.3399963378906,384.0299987792969,25908300,243.6199951171875,243.6199951171875,244.27000427246094,29653000,361.6875305175781,361.9200134277344,364.760009765625,22094800,90.0,90.0,82.9800033569336,23876900.0,203.891845703125,204.1199951171875,195.17999267578125,147419100,387.9834899902344,388.69000244140625,377.5199890136719,31624100,593.0,593.0,575.3300170898438,9521300,92.4800033569336,92.4800033569336,92.88999938964844,11698500,7482.7099609375,7482.7099609375,7476.5400390625,5102020000,29252.560546875,29252.560546875,29030.330078125,7935740000,710.699462890625,711.4400024414062,704.9500122070312,35603200,743.5536499023438,745.4000244140625,743.1599731445312,43767400,4.568999767303467,4.568999767303467,4.560999870300293,0,78.84304809570312,79.66000366210938,79.61000061035156,30771300,106.7577133178711,107.66999816894531,107.68000030517578,31080600
2026-07-09,143.72000122070312,144.22000122070312,141.4199981689453,35221900,383.6377868652344,384.3599853515625,374.45001220703125,31083200,247.0399932861328,247.0399932861328,239.82000732421875,38091700,358.65948486328125,358.8900146484375,354.30999755859375,24729100,89.69999694824219,89.69999694824219,93.33000183105469,24829300.0,202.5533447265625,202.77999877929688,204.4600067138672,132037400,400.38092041015625,401.1099853515625,402.19000244140625,28074000,607.72998046875,607.72998046875,615.47998046875,9045100,93.87999725341797,93.87999725341797,90.69999694824219,13605500,7543.64013671875,7543.64013671875,7491.60009765625,4442950000,29727.099609375,29727.099609375,29486.609375,7312220000,722.5271606445312,723.280029296875,718.3300170898438,33654700,749.8480224609375,751.7100219726562,747.3499755859375,41441700,4.539000034332275,4.539000034332275,4.577000141143799,0,78.93212127685547,79.75,79.7300033569336,21882200,106.79737854003906,107.70999908447266,107.70999908447266,24612700
2026-07-10,140.63999938964844,140.63999938964844,145.64999389648438,29843300,384.37640380859375,385.1000061035156,387.79998779296875,24644600,245.33999633789062,245.33999633789062,249.5500030517578,31654000,356.9505615234375,357.17999267578125,357.5299987792969,18146100,88.87999725341797,88.87999725341797,89.88999938964844,12714000.0,210.72421264648438,210.9600067138672,202.0,148421000,399.2430114746094,399.9700012207031,398.5,14595900,611.030029296875,611.030029296875,600.8699951171875,6608400,92.41000366210938,92.41000366210938,94.97000122070312,10399400,7575.39013671875,7575.39013671875,7547.64013671875,4006370000,29825.109375,29825.109375,29618.33984375,7094480000,724.7548217773438,725.510009765625,720.7000122070312,26415900,753.0799560546875,754.9500122070312,752.0499877929688,42191300,4.568999767303467,4.568999767303467,4.540999889373779,0,78.89252471923828,79.70999908447266,79.77999877929688,24550300,106.54949188232422,107.45999908447266,107.72000122070312,34114000
2026-07-13,131.5399932861328,131.5399932861328,139.02999877929688,56690300,390.2553405761719,390.989990234375,387.75,28914900,247.30999755859375,247.30999755859375,244.67999267578125,34636100,352.2835693359375,352.510009765625,356.19000244140625,15901700,83.30999755859375,83.30999755859375,86.97000122070312,18630100.0,203.30250549316406,203.52999877929688,208.5399932861328,121411000,383.3519287109375,384.04998779296875,393.4800109863281,21294500,585.6199951171875,585.6199951171875,598.010009765625,8736500,92.69999694824219,92.69999694824219,92.55000305175781,6795400,7515.33984375,7515.33984375,7547.52978515625,4729990000,29264.099609375,29264.099609375,29471.01953125,7231310000,710.9990844726562,711.739990234375,717.719970703125,36552400,747.3142700195312,749.1699829101562,752.469970703125,44013600,4.609000205993652,4.609000205993652,4.585000038146973,0,78.70448303222656,79.5199966430664,79.66999816894531,32133300,106.0537338256836,106.95999908447266,107.3499984741211,29936100
2026-07-14,127.94000244140625,127.94000244140625,132.0,52670400,384.20672607421875,384.92999267578125,382.82000732421875,27863900,247.49000549316406,247.49000549316406,245.5500030517578,30108100,359.2790832519531,359.510009765625,351.20001220703125,18259400,79.94000244140625,79.94000244140625,84.66000366210938,25969000.0,211.5632781982422,211.8000030517578,208.1999969482422,124379600,388.4027099609375,389.1099853515625,395.7200012207031,20118700,600.3099975585938,600.3099975585938,608.9000244140625,7581100,93.62999725341797,93.62999725341797,90.37000274658203,17202800,7543.58984375,7543.58984375,7536.7001953125,4836950000,29586.2890625,29586.2890625,29561.349609375,7397960000,718.9408569335938,719.6900024414062,720.219970703125,29448100,749.9677124023438,751.8300170898438,750.9099731445312,35143100,4.585000038146973,4.585000038146973,4.613999843597412,0,78.86283874511719,79.68000030517578,79.68000030517578,28248700,106.3016128540039,107.20999908447266,107.16000366210938,33688900
2026-07-15,132.49000549316406,132.49000549316406,130.55999755859375,48520400,394.8866271972656,395.6300048828125,387.79998779296875,36253700,254.9600067138672,254.9600067138672,249.75,45240600,370.6817626953125,370.9200134277344,357.9700012207031,28284600,77.12000274658203,77.12000274658203,78.73500061035156,24132300.0,212.26248168945312,212.5,211.9600067138672,124797200,393.5633239746094,394.2799987792969,396.0899963378906,16324100,590.77001953125,590.77001953125,606.8800048828125,11020800,93.94000244140625,93.94000244140625,94.66000366210938,9173300,7572.39990234375,7572.39990234375,7571.72021484375,5236550000,29502.599609375,29502.599609375,29759.80078125,7379560000,716.9928588867188,717.739990234375,723.8499755859375,32627600,752.9403076171875,754.8099975585938,754.239990234375,43844800,4.545000076293945,4.545000076293945,4.607999801635742,0,78.99150085449219,79.80999755859375,79.70999908447266,26948800,106.6684799194336,107.58000183105469,107.2699966430664,27178700
2026-07-16,124.20999908447266,124.20999908447266,131.47999572753906,54780900,400.3463439941406,401.1000061035156,398.30999755859375,37047400,249.88999938964844,249.88999938964844,255.1199951171875,45343700,354.2322998046875,354.4599914550781,373.05999755859375,41158500,72.91000366210938,72.91000366210938,75.56999969482422,25033000.0,207.16818237304688,207.39999389648438,210.1699981689453,122986100,373.7694091796875,374.45001220703125,384.5400085449219,23407200,568.9199829101562,568.9199829101562,575.75,12353300,93.69999694824219,93.69999694824219,94.16999816894531,8071900,7533.77001953125,7533.77001953125,7558.7998046875,5365300000,29025.76953125,29025.76953125,29318.30078125,8294880000,705.2051391601562,705.9400024414062,712.010009765625,39402000,748.8604125976562,750.719970703125,752.760009765625,46409800,4.568999767303467,4.568999767303467,4.581999778747559,0,78.98160552978516,79.80000305175781,79.76000213623047,22780300,106.58914947509766,107.5,107.3499984741211,33413200
2026-07-17,126.41000366210938,126.41000366210938,121.69999694824219,39917100,393.08001708984375,393.82000732421875,394.8599853515625,33049800,247.22999572753906,247.22999572753906,244.4600067138672,43572400,346.5472412109375,346.7699890136719,346.0,29959300,73.20999908447266,73.20999908447266,70.70999908447266,35882600.0,202.58331298828125,202.80999755859375,202.63999938964844,144281900,370.15594482421875,370.8299865722656,366.04998779296875,23272200,556.530029296875,556.530029296875,547.9400024414062,22083900,92.80000305175781,92.80000305175781,91.73999786376953,10121100,7457.68994140625,7457.68994140625,7447.52001953125,5303290000,28592.66015625,28592.66015625,28457.330078125,7820470000,694.606201171875,695.3300170898438,691.6500244140625,54109300,741.4487915039062,743.2899780273438,742.0800170898438,62651000,4.540999889373779,4.540999889373779,4.520999908447266,0,78.83314514160156,79.6500015258789,79.75,42020100,106.64865112304688,107.55999755859375,107.66999816894531,25761500
2026-07-20,121.37999725341797,121.37999725341797,124.2699966430664,36793200,401.53411865234375,402.2900085449219,391.4100036621094,27915800,249.99000549316406,249.99000549316406,248.75999450683594,32406500,351.7638854980469,351.989990234375,350.8800048828125,24736600,73.05999755859375,73.05999755859375,75.76499938964844,22799500.0,203.05279541015625,203.27999877929688,205.8699951171875,88701500,377.47265625,378.1600036621094,378.760009765625,14420500,558.8300170898438,558.8300170898438,568.780029296875,6962600,92.9800033569336,92.9800033569336,92.19000244140625,11822000,7443.27978515625,7443.27978515625,7489.18017578125,5152910000,28604.23046875,28604.23046875,28871.16015625,7184070000,695.33544921875,696.0599975585938,702.1599731445312,29687600,740.2518310546875,742.0900268554688,747.0599975585938,50422300,4.5980000495910645,4.5980000495910645,4.565999984741211,0,78.86283874511719,79.68000030517578,79.73999786376953,19767900,106.24211883544922,107.1500015258789,107.52999877929688,29445700
2026-07-21,127.05000305175781,127.05000305175781,122.80999755859375,27748100,397.00262451171875,397.75,398.80999755859375,24126600,247.5500030517578,247.5500030517578,249.11000061035156,27732100,346.927001953125,347.1499938964844,351.32000732421875,23369800,79.58000183105469,79.58000183105469,75.00199890136719,24907000.0,207.0583038330078,207.2899932861328,207.5399932861328,108685600,385.7974853515625,386.5,390.2099914550781,17291100,584.0800170898438,584.0800170898438,580.9600219726562,7129800,91.81999969482422,91.81999969482422,91.9800033569336,9746600,7509.2001953125,7509.2001953125,7489.9501953125,5149030000,29155.1796875,29155.1796875,29059.439453125,8001540000,708.2319946289062,708.969970703125,706.5700073242188,33728300,746.426513671875,748.280029296875,746.2899780273438,34324300,4.627999782562256,4.627999782562256,4.599999904632568,0,78.83314514160156,79.6500015258789,79.72000122070312,27198800,105.94466400146484,106.8499984741211,107.01000213623047,26033300
2026-07-22,125.83999633789062,125.83999633789062,126.18000030517578,21096700,389.6065673828125,390.3399963378906,399.5799865722656,28142500,244.85000610351562,244.85000610351562,248.27000427246094,34112700,341.8702392578125,342.0899963378906,348.1600036621094,39334100,82.63999938964844,82.63999938964844,79.88999938964844,23467300.0,211.82298278808594,212.05999755859375,205.80999755859375,137645600,396.0887451171875,396.80999755859375,380.20001220703125,16966200,586.9099731445312,586.9099731445312,571.3499755859375,5249700,89.0199966430664,89.0199966430664,91.81999969482422,15887200,7498.9599609375,7498.9599609375,7497.47021484375,4890390000,28998.099609375,28998.099609375,28949.810546875,7473050000,704.61572265625,705.3499755859375,703.6199951171875,23692200,745.55859375,747.4099731445312,746.6199951171875,32836200,4.6570000648498535,4.6570000648498535,4.639999866485596,0,78.70448303222656,79.5199966430664,79.61000061035156,24851700,105.76618194580078,106.66999816894531,106.76000213623047,20115500
2026-07-23,120.04000091552734,120.04000091552734,123.95999908447266,30900600,380.8630065917969,381.5799865722656,389.9700012207031,30351800,233.66000366210938,233.66000366210938,236.25999450683594,47465300,317.4859313964844,317.69000244140625,321.1300048828125,69419700,81.0999984741211,81.0999984741211,81.0,18173700.0,208.5266571044922,208.75999450683594,209.4600067138672,110505300,391.7566223144531,392.4700012207031,392.19000244140625,16348700,580.1699829101562,580.1699829101562,577.2000122070312,7963200,87.0999984741211,87.0999984741211,89.62999725341797,13723600,7408.2998046875,7408.2998046875,7418.2900390625,5515210000,28454.810546875,28454.810546875,28545.98046875,7655810000,691.23974609375,691.9600219726562,694.6699829101562,44028600,736.3515014648438,738.1799926757812,739.3699951171875,55437300,4.703000068664551,4.703000068664551,4.698999881744385,0,78.4174575805664,79.2300033569336,79.27999877929688,52554200,105.35966491699219,106.26000213623047,106.12999725341797,35690700
2026-07-24,114.98999786376953,114.98999786376953,122.47000122070312,46405700,380.9828186035156,381.70001220703125,387.04998779296875,27659400,232.11000061035156,232.11000061035156,234.3800048828125,35017400,319.53460693359375,319.739990234375,318.4200134277344,31806600,71.87999725341797,71.87999725341797,79.5,25487800.0,206.6088104248047,206.83999633789062,207.4499969482422,114836800,381.225830078125,381.9200134277344,387.67999267578125,15149400,561.1900024414062,561.1900024414062,574.4299926757812,19156400,87.9800033569336,87.9800033569336,88.29000091552734,14461400,7411.97998046875,7411.97998046875,7406.2998046875,4860620000,28128.33984375,28128.33984375,28362.150390625,7266300000,683.5177612304688,684.22998046875,690.4099731445312,42876700,737.099609375,738.9299926757812,738.510009765625,44782000,4.678999900817871,4.678999900817871,4.683000087738037,0,78.4174575805664,79.2300033569336,79.25,41964600,105.32991790771484,106.2300033569336,106.08000183105469,27980000
2026-07-27,119.9000015258789,119.9000015258789,118.0,36916600,388.368896484375,389.1000061035156,390.0799865722656,27856200,231.38999938964844,231.38999938964844,235.6699981689453,34999500,326.3502197265625,326.55999755859375,325.0400085449219,28471600,70.79000091552734,70.79000091552734,73.80000305175781,17999200.0,196.2903594970703,196.50999450683594,208.1999969482422,154353700,382.5234375,383.2200012207031,389.82000732421875,18502100,548.5499877929688,548.5499877929688,565.9400024414062,38682200,90.91000366210938,90.91000366210938,89.91000366210938,26170300,7413.18017578125,7413.18017578125,7464.2001953125,5038290000,28039.2109375,28039.2109375,28412.310546875,7797890000,681.4099731445312,682.1199951171875,691.6799926757812,42681500,737.25927734375,739.0900268554688,744.9099731445312,41461200,4.640999794006348,4.640999794006348,4.646999835968018,0,78.45703887939453,79.2699966430664,79.33999633789062,28939800,105.60755157470703,106.51000213623047,106.55999755859375,33698100
2026-07-28,119.95999908447266,119.95999908447266,118.18000030517578,32665400,392.61090087890625,393.3500061035156,393.1600036621094,32367500,230.86000061035156,230.86000061035156,232.85000610351562,44521600,333.4956359863281,333.7099914550781,327.8999938964844,29511900,67.30000305175781,67.30000305175781,68.97000122070312,29855900.0,196.789794921875,197.00999450683594,195.0,134111500,380.2176513671875,380.9100036621094,374.3599853515625,20328400,529.5999755859375,529.5999755859375,531.6500244140625,18429000,91.77999877929688,91.77999877929688,90.97000122070312,24515300,7428.77978515625,7428.77978515625,7395.5498046875,5590890000,27763.130859375,27763.130859375,27810.390625,8584960000,674.786865234375,675.489990234375,676.22998046875,51398700,739.0248413085938,740.8599853515625,739.1900024414062,47322200,4.604000091552734,4.604000091552734,4.630000114440918,0,78.60550689697266,79.41999816894531,79.31999969482422,33698300,105.92483520507812,106.83000183105469,106.62000274658203,23347600
2026-07-29,117.73999786376953,117.73999786376953,119.41999816894531,28081800,389.8061828613281,390.5400085449219,393.3999938964844,47209000,226.64999389648438,226.64999389648438,229.32000732421875,44957500,336.49371337890625,336.7099914550781,334.6700134277344,27501600,60.81999969482422,60.81999969482422,66.66999816894531,37130100.0,189.79762268066406,190.00999450683594,195.85000610351562,147680800,369.64691162109375,370.32000732421875,380.6400146484375,21374400,504.2200012207031,504.2200012207031,525.989990234375,19440900,92.37000274658203,92.37000274658203,91.83999633789062,13726400,7316.14990234375,7316.14990234375,7418.16015625,5836350000,27192.310546875,27192.310546875,27780.4609375,8276280000,661.0411376953125,661.72998046875,675.510009765625,57233300,727.6531372070312,729.4600219726562,739.969970703125,70697200,4.622000217437744,4.622000217437744,4.63700008392334,0,78.42735290527344,79.23999786376953,79.37000274658203,53074500,105.32000732421875,106.22000122070312,106.72000122070312,44523200
2026-07-30,127.55999755859375,127.55999755859375,122.87000274658203,41338400,450.2524108886719,451.1000061035156,437.8999938964844,110160700,235.5,235.5,233.35000610351562,101839800,333.4456787109375,333.6600036621094,334.20001220703125,30168000,73.9000015258789,73.9000015258789,68.30000305175781,44148900.0,194.82199096679688,195.0399932861328,193.4499969482422,129010200,387.1350402832031,387.8399963378906,380.3500061035156,23639800,538.9000244140625,538.9000244140625,529.8599853515625,14175000,93.30999755859375,93.30999755859375,92.45999908447266,18432600,7437.6298828125,7437.6298828125,7390.4501953125,5594430000,28106.349609375,28106.349609375,27755.4609375,9048570000,682.8384399414062,683.5499877929688,674.760009765625,66753700,739.852783203125,741.6900024414062,736.0499877929688,66811300,4.663000106811523,4.663000106811523,4.669000148773193,0,78.65499114990234,79.47000122070312,79.37999725341797,30570700,105.50839233398438,106.41000366210938,106.3499984741211,30975700
2026-07-31,129.8699951171875,129.8699951171875,130.07000732421875,34438700,463.8468017578125,464.7200012207031,450.0,60846000,271.5799865722656,271.5799865722656,265.0,129054800,355.9012451171875,356.1300048828125,340.8299865722656,46498000,71.7699966430664,71.7699966430664,77.03500366210938,26415900.0,200.52561950683594,200.75,198.44000244140625,139961200,388.5724182128906,389.2799987792969,394.8299865722656,20391000,540.530029296875,540.530029296875,557.5,14673900,94.58000183105469,94.58000183105469,93.25,11006000,7489.72021484375,7489.72021484375,7462.1298828125,5391020000,28274.19921875,28274.19921875,28446.990234375,11942500000,687.2738647460938,687.989990234375,692.1099853515625,50540500,745.1796264648438,747.030029296875,744.6799926757812,62445900,4.744999885559082,4.744999885559082,4.684000015258789,0,78.6648941040039,79.4800033569336,79.45999908447266,38659800,105.34974670410156,106.25,106.23999786376953,40904000
2026-08-03,141.85000610351562,141.85000610351562,131.9199981689453,49696900,486.73370361328125,487.6499938964844,476.1300048828125,66762100,284.0199890136719,284.0199890136719,278.2900085449219,90830200,373.27008056640625,373.510009765625,365.45001220703125,38669700,85.76000213623047,85.76000213623047,70.55500030517578,44558900.0,206.40904235839844,206.63999938964844,197.69000244140625,128406900,391.51708984375,392.2300109863281,384.4100036621094,17315100,545.4600219726562,545.4600219726562,530.4299926757812,7283800,97.41999816894531,97.41999816894531,96.75,13356900,7600.5,7600.5,7504.77978515625,5201470000,28776.80078125,28776.80078125,28278.58984375,11118460000,699.34130859375,700.0700073242188,688.2999877929688,44965100,755.793212890625,757.6699829101562,749.4400024414062,59927500,4.685999870300293,4.685999870300293,4.671000003814697,0,78.87772369384766,79.30999755859375,79.25,30860100,105.66641998291016,106.11000061035156,106.01000213623047,30003200
2026-08-04,145.74000549316406,145.74000549316406,141.00999450683594,43723500,491.884033203125,492.80999755859375,480.8999938964844,50455500,277.4200134277344,277.4200134277344,276.05999755859375,69748100,377.40740966796875,377.6499938964844,368.2200012207031,35705700,91.9000015258789,91.9000015258789,86.42500305175781,33601300.0,211.70310974121094,211.94000244140625,211.3000030517578,134922000,417.3999328613281,418.1600036621094,402.9700012207031,29564200,575.7100219726562,575.7100219726562,564.2899780273438,9566200,102.0,102.0,98.18000030517578,12306800,7736.52001953125,7736.52001953125,7630.6201171875,5906940000,29733.16015625,29733.16015625,29109.259765625,9717920000,723.0964965820312,723.8499755859375,708.1599731445312,59778600,769.4193725585938,771.3300170898438,760.6300048828125,69154800,4.626999855041504,4.626999855041504,4.664999961853027,0,79.11642456054688,79.55000305175781,79.37000274658203,46524700,106.31370544433594,106.76000213623047,106.52999877929688,30075900
2026-08-05,144.38999938964844,144.38999938964844,145.0,23524100,486.5440673828125,487.4599914550781,496.3599853515625,33388900,272.6499938964844,272.6499938964844,281.5899963378906,45119800,362.1971740722656,362.42999267578125,383.3399963378906,46926300,89.88999938964844,89.88999938964844,92.29000091552734,20798100.0,218.9749755859375,219.22000122070312,216.86000061035156,158187400,417.51971435546875,418.2799987792969,421.70001220703125,16880400,569.7000122070312,569.7000122070312,574.4099731445312,6209400,101.30999755859375,101.30999755859375,103.3499984741211,9771500,7723.5498046875,7723.5498046875,7771.6201171875,5615640000,29487.7890625,29487.7890625,29863.26953125,9116070000,716.5533447265625,717.2999877929688,726.25,33540200,767.8831787109375,769.7899780273438,775.8499755859375,44689100,4.617000102996826,4.617000102996826,4.609000205993652,0,79.08657836914062,79.5199966430664,79.55000305175781,25771800,106.29378509521484,106.73999786376953,106.76000213623047,24602300
2026-08-06,143.47000122070312,143.47000122070312,139.25,23073300,498.9207458496094,499.8599853515625,488.54998779296875,36441500,272.260009765625,272.260009765625,272.7699890136719,30672900,357.52020263671875,357.75,360.7699890136719,25235900,85.33000183105469,85.33000183105469,86.3499984741211,16601400.0,218.7452392578125,218.99000549316406,221.52999877929688,113940600,419.8055725097656,420.57000732421875,420.54998779296875,13907500,571.47998046875,571.47998046875,565.47998046875,6231700,99.41999816894531,99.41999816894531,97.61000061035156,16800700,7709.9599609375,7709.9599609375,7713.7900390625,5330830000,29373.330078125,29373.330078125,29224.380859375,8936850000,713.9061279296875,714.6500244140625,710.8200073242188,33035900,766.65625,768.5599975585938,770.2100219726562,38416900,4.670000076293945,4.670000076293945,4.64300012588501,0,79.02690887451172,79.45999908447266,79.51000213623047,25818200,105.91537475585938,106.36000061035156,106.41999816894531,32079900
2026-08-07,147.02000427246094,147.02000427246094,145.32000732421875,22874000,499.0505065917969,499.989990234375,499.2099914550781,28846200,274.4800109863281,274.4800109863281,272.8699951171875,33861400,354.0723876953125,354.29998779296875,356.7200012207031,19859900,90.66999816894531,90.66999816894531,89.2300033569336,18664100.0,223.70968627929688,223.9600067138672,221.5399932861328,105669400,426.98248291015625,427.760009765625,428.3999938964844,14698300,582.7000122070312,582.7000122070312,583.5800170898438,6505000,102.69000244140625,102.69000244140625,101.66000366210938,8175300,7757.64013671875,7757.64013671875,7735.18017578125,5019970000,29722.30078125,29722.30078125,29596.44921875,8183970000,722.2774047851562,723.030029296875,720.1500244140625,31070400,771.3446044921875,773.260009765625,771.02001953125,43586300,4.659999847412109,4.659999847412109,4.664000034332275,0,79.17609405517578,79.61000061035156,79.66999816894531,23459400,106.10458374023438,106.55000305175781,106.69999694824219,22803900
2026-08-10,151.0500030517578,151.0500030517578,148.25999450683594,24265000,505.109130859375,506.05999755859375,503.44000244140625,31206100,278.0899963378906,278.0899963378906,274.010009765625,35731900,357.29034423828125,357.5199890136719,355.17999267578125,18991400,88.19000244140625,88.19000244140625,92.3499984741211,20894800.0,217.3068389892578,217.5500030517578,223.39999389648438,115846600,421.6322326660156,422.3999938964844,426.989990234375,13854100,569.4099731445312,569.4099731445312,585.989990234375,6476700,105.01000213623047,105.01000213623047,102.20999908447266,9120500,7753.10986328125,7753.10986328125,7751.740234375,4879540000,29621.80078125,29621.80078125,29709.490234375,7675200000,720.11962890625,720.8699951171875,722.3900146484375,26243200,771.1151733398438,773.030029296875,772.5999755859375,39249500,4.698999881744385,4.698999881744385,4.6620001792907715,0,79.04680633544922,79.4800033569336,79.56999969482422,30292400,105.51704406738281,105.95999908447266,106.2699966430664,26021600
2026-08-11,145.47999572753906,145.47999572753906,151.1999969482422,28761800,502.86334228515625,503.80999755859375,504.3299865722656,23049800,272.2699890136719,272.2699890136719,278.69000244140625,31895700,343.5791320800781,343.79998779296875,355.8900146484375,29081800,90.31999969482422,90.31999969482422,90.94000244140625,46381400.0,217.25689697265625,217.5,222.1699981689453,101273100,415.3236999511719,416.0799865722656,426.07000732421875,12882700,572.9299926757812,572.9299926757812,578.5700073242188,5029000,103.91999816894531,103.91999816894531,104.4000015258789,8259500,7728.2001953125,7728.2001953125,7767.509765625,4739500000,29525.48046875,29525.48046875,29694.69921875,7684920000,717.7021484375,718.4500122070312,723.2899780273438,29286100,768.6513061523438,770.5599975585938,774.530029296875,36740600,4.684000015258789,4.684000015258789,4.691999912261963,0,79.0766372680664,79.51000213623047,79.55000305175781,17988300,105.54692077636719,105.98999786376953,106.16999816894531,24716700
2026-08-12,153.27999877929688,153.27999877929688,152.80999755859375,43559400,491.5047302246094,492.42999267578125,499.989990234375,29001500,267.2799987792969,267.2799987792969,273.17999267578125,29941100,343.3193359375,343.5400085449219,346.30999755859375,25012000,107.7300033569336,107.7300033569336,108.69999694824219,87308400.0,223.8395233154297,224.08999633789062,221.0399932861328,108783600,415.29376220703125,416.04998779296875,426.260009765625,15859200,584.8300170898438,584.8300170898438,590.5499877929688,7414100,103.08000183105469,103.08000183105469,103.06999969482422,16041000,7748.5,7748.5,7765.4599609375,4574170000,29742.599609375,29742.599609375,29875.1796875,7873190000,722.9467163085938,723.7000122070312,727.0800170898438,29066000,770.5764770507812,772.489990234375,774.7100219726562,33179100,4.682000160217285,4.682000160217285,4.659999847412109,0,79.17609405517578,79.61000061035156,79.63999938964844,25243300,105.67638397216797,106.12000274658203,106.3499984741211,23031500
2026-08-13,156.22000122070312,156.22000122070312,151.97999572753906,25740000,495.9463806152344,496.8800048828125,493.2699890136719,23039000,265.1300048828125,265.1300048828125,267.239990234375,32170200,346.13751220703125,346.3599853515625,345.7699890136719,17866100,106.29000091552734,106.29000091552734,107.13999938964844,50680200.0,225.04818725585938,225.3000030517578,225.05999755859375,98867200,417.060546875,417.82000732421875,415.80999755859375,13180500,589.1199951171875,589.1199951171875,586.3800048828125,6786000,106.27999877929688,106.27999877929688,103.7300033569336,25265200,7798.990234375,7798.990234375,7763.18017578125,4833230000,30084.5,30084.5,29784.060546875,8380820000,731.3079833984375,732.0700073242188,725.1500244140625,31599700,775.9531860351562,777.8800048828125,774.8699951171875,35634500,4.640999794006348,4.640999794006348,4.673999786376953,0,79.35511016845703,79.79000091552734,79.73999786376953,28659200,106.10458374023438,106.55000305175781,106.5999984741211,25741000
2026-08-14,150.52000427246094,150.52000427246094,155.83999633789062,21905500,494.4691467285156,495.3999938964844,496.3599853515625,16217600,262.6499938964844,262.6499938964844,264.8800048828125,27251700,345.67779541015625,345.8999938964844,346.79998779296875,17808600,105.26000213623047,105.26000213623047,106.24500274658203,33337900.0,224.90834045410156,225.16000366210938,226.77000427246094,75680900,392.2756652832031,392.989990234375,411.9599914550781,29513600,587.8200073242188,587.8200073242188,587.510009765625,5524300,104.08000183105469,104.08000183105469,106.47000122070312,9198200,7785.759765625,7785.759765625,7806.60009765625,4159900000,30046.140625,30046.140625,30167.130859375,7212180000,730.3090209960938,731.0700073242188,733.4099731445312,23790600,774.4169921875,776.3400268554688,778.5399780273438,31367900,4.696000099182129,4.696000099182129,4.644999980926514,0,79.27554321289062,79.70999908447266,79.80000305175781,26611000,105.67638397216797,106.12000274658203,106.38999938964844,29528400
2026-08-17,146.64999389648438,146.64999389648438,148.4499969482422,20668000,479.44744873046875,480.3500061035156,490.1400146484375,29635800,261.30999755859375,261.30999755859375,265.44000244140625,43896500,343.7790222167969,344.0,346.2699890136719,18291300,106.0,106.0,107.01000213623047,32398500.0,224.7584991455078,225.00999450683594,225.97999572753906,93678700,391.7167053222656,392.42999267578125,397.260009765625,20042600,594.0700073242188,594.0700073242188,593.719970703125,7700500,101.98999786376953,101.98999786376953,103.25,13169700,7745.06005859375,7745.06005859375,7790.68017578125,4452630000,29995.380859375,29995.380859375,30150.779296875,7644090000,729.1102294921875,729.8699951171875,732.9500122070312,26452600,770.7560424804688,772.6699829101562,776.1799926757812,34356600,4.723999977111816,4.723999977111816,4.693999767303467,0,79.17609405517578,79.61000061035156,79.66999816894531,22620500,105.25813293457031,105.69999694824219,105.95999908447266,25578600
2026-08-18,142.7899932861328,142.7899932861328,143.25,19152300,480.72503662109375,481.6300048828125,481.5400085449219,24087600,259.45001220703125,259.45001220703125,260.6300048828125,33171300,343.9789123535156,344.20001220703125,342.4100036621094,19248800,93.16999816894531,93.16999816894531,101.4000015258789,38029200.0,219.49440002441406,219.74000549316406,220.4499969482422,103128200,379.3092956542969,380.0,384.32000732421875,22878200,569.77001953125,569.77001953125,574.3599853515625,11364400,101.95999908447266,101.95999908447266,102.0,8370500,7691.759765625,7691.759765625,7700.0400390625,4602700000,29490.9609375,29490.9609375,29594.890625,7360790000,716.7631225585938,717.510009765625,720.2100219726562,48997200,765.5490112304688,767.4500122070312,768.7000122070312,43920900,4.705999851226807,4.705999851226807,4.73199987411499,0,79.09652709960938,79.52999877929688,79.55999755859375,29462900,105.39754486083984,105.83999633789062,105.48999786376953,33979400
2026-08-19,143.80999755859375,143.80999755859375,142.6999969482422,26552900,483.3999938964844,484.30999755859375,480.07000732421875,19961900,265.8399963378906,265.8399963378906,260.8500061035156,35762400,344.4985656738281,344.7200012207031,342.4599914550781,19733800,90.87000274658203,90.87000274658203,94.2300033569336,26700900.0,217.31683349609375,217.55999755859375,221.6699981689453,96797300,361.8211364746094,362.4800109863281,372.3999938964844,35091400,560.9199829101562,560.9199829101562,575.0599975585938,8713300,102.80999755859375,102.80999755859375,102.12000274658203,7195600,7707.97998046875,7707.97998046875,7716.740234375,5184100000,29426.01953125,29426.01953125,29580.849609375,8173140000,715.3345947265625,716.0800170898438,720.3900146484375,35801700,767.1549682617188,769.0599975585938,770.3599853515625,40306000,4.6529998779296875,4.6529998779296875,4.684000015258789,0,79.27554321289062,79.70999908447266,79.69000244140625,29670000,106.12449645996094,106.56999969482422,106.54000091552734,37259700
2026-08-20,142.07000732421875,142.07000732421875,144.3000030517578,15184400,481.1499938964844,481.1499938964844,483.29998779296875,20020800,260.1099853515625,260.1099853515625,263.1600036621094,28374100,340.451171875,340.6700134277344,343.05999755859375,18570400,89.76000213623047,89.76000213623047,90.30500030517578,17649000.0,216.60763549804688,216.85000610351562,218.36000061035156,92457000,363.3683166503906,364.0299987792969,364.3900146484375,19729800,562.6500244140625,562.6500244140625,559.3800048828125,6240600,101.91000366210938,101.91000366210938,102.5,6636300,7641.16015625,7641.16015625,7690.490234375,4759610000,29213.16015625,29213.16015625,29295.150390625,8244680000,710.18994140625,710.9299926757812,712.0900268554688,33396400,760.7109985351562,762.5999755859375,765.9600219726562,45520300,4.696000099182129,4.696000099182129,4.705999851226807,0,79.12635803222656,79.55999755859375,79.55000305175781,41762500,105.61663055419922,106.05999755859375,106.02999877929688,26597500
2026-08-21,146.47000122070312,146.47000122070312,143.72000122070312,19635000,483.239990234375,483.239990234375,479.8800048828125,22510800,258.6300048828125,258.6300048828125,260.739990234375,35723000,344.5985107421875,344.82000732421875,342.5799865722656,20849800,87.8499984741211,87.8499984741211,90.3949966430664,22187500.0,214.48001098632812,214.72000122070312,218.4199981689453,98869300,367.7803039550781,368.45001220703125,370.69000244140625,19037100,560.4199829101562,560.4199829101562,569.4400024414062,9619300,103.37000274658203,103.37000274658203,102.5,9539500,7674.3701171875,7674.3701171875,7665.68017578125,4497270000,29308.859375,29308.859375,29359.599609375,7410100000,712.6973876953125,713.4400024414062,715.22998046875,33399400,763.8232421875,765.719970703125,766.0499877929688,39188700,4.73799991607666,4.73799991607666,4.691999912261963,0,79.17609405517578,79.61000061035156,79.66000366210938,37545400,105.47721099853516,105.91999816894531,105.97000122070312,24263700
2026-08-24,142.4499969482422,142.4499969482422,145.1199951171875,14158600,487.30999755859375,487.30999755859375,483.2099914550781,17230800,262.07000732421875,262.07000732421875,259.6000061035156,28070500,347.83642578125,348.05999755859375,343.6199951171875,26338200,86.25,86.25,85.16000366210938,19581400.0,208.24697875976562,208.47999572753906,215.52999877929688,135187300,358.10791015625,358.760009765625,364.9700012207031,18717200,546.7999877929688,546.7999877929688,554.1799926757812,7743300,102.44999694824219,102.44999694824219,102.80000305175781,6221600,7652.85986328125,7652.85986328125,7663.3798828125,4400800000,29023.1796875,29023.1796875,29094.720703125,7318150000,705.5847778320312,706.3200073242188,709.6599731445312,37443100,761.5787963867188,763.469970703125,764.780029296875,32430900,4.703999996185303,4.703999996185303,4.714000225067139,0,79.26559448242188,79.69999694824219,79.62000274658203,20714600,105.73612976074219,106.18000030517578,106.12000274658203,23581900
2026-08-25,144.75999450683594,144.75999450683594,143.3000030517578,13329400,491.7099914550781,491.7099914550781,485.44000244140625,19519000,261.05999755859375,261.05999755859375,262.510009765625,25550200,346.73712158203125,346.9599914550781,349.6400146484375,20649700,88.04000091552734,88.04000091552734,88.2699966430664,14224300.0,212.81187438964844,213.0500030517578,211.02999877929688,122309000,356.091552734375,356.739990234375,361.1000061035156,18014900,555.8200073242188,555.8200073242188,555.3800048828125,6038900,101.8499984741211,101.8499984741211,102.20999908447266,8493200,7677.27978515625,7677.27978515625,7676.66015625,4260240000,29209.23046875,29209.23046875,29231.1796875,7483990000,709.9801635742188,710.719970703125,711.219970703125,23869600,764.0127563476562,765.9099731445312,766.1599731445312,27422300,4.638999938964844,4.638999938964844,4.664000034332275,0,79.4843978881836,79.91999816894531,79.83000183105469,29540300,106.41328430175781,106.86000061035156,106.61000061035156,30966800
2026-08-26,148.8699951171875,148.8699951171875,147.0,18426100,496.3699951171875,496.3699951171875,487.8500061035156,20758900,260.2799987792969,260.2799987792969,261.2799987792969,21528400,341.7803039550781,342.0,346.6199951171875,20420300,88.01000213623047,88.01000213623047,86.88999938964844,14056800.0,209.4256591796875,209.66000366210938,212.63999938964844,179900000,354.94366455078125,355.5899963378906,357.1199951171875,19196300,555.77001953125,555.77001953125,554.469970703125,3865000,102.38999938964844,102.38999938964844,99.80999755859375,7225500,7675.7001953125,7675.7001953125,7666.8798828125,4100600000,29224.51953125,29224.51953125,29130.76953125,7065320000,710.6295166015625,711.3699951171875,708.4099731445312,20392400,764.182373046875,766.0800170898438,764.72998046875,28751600,4.664000034332275,4.664000034332275,4.632999897003174,0,79.46451568603516,79.9000015258789,79.86000061035156,28585000,106.3336181640625,106.77999877929688,106.69999694824219,19195700
2026-08-27,151.94000244140625,151.94000244140625,152.11000061035156,30251400,505.05999755859375,505.05999755859375,494.8800048828125,28688800,256.260009765625,256.260009765625,259.2300109863281,35927800,340.4311828613281,340.6499938964844,339.6700134277344,23391400,86.80000305175781,86.80000305175781,90.75,19872200.0,227.7251739501953,227.97999572753906,222.86000061035156,298909800,370.86468505859375,371.5400085449219,361.7900085449219,21330000,573.0,573.0,569.3699951171875,6562500,110.31999969482422,110.31999969482422,105.69000244140625,24499300,7730.990234375,7730.990234375,7710.33984375,4362240000,29641.560546875,29641.560546875,29480.990234375,7448410000,720.359375,721.1099853515625,716.9299926757812,28723500,769.18994140625,771.0999755859375,768.5,34557100,4.671999931335449,4.671999931335449,4.6579999923706055,0,79.43467712402344,79.87000274658203,79.93000030517578,32490100,106.28382873535156,106.7300033569336,106.77999877929688,21807300
2026-08-28,150.85000610351562,150.85000610351562,153.60000610351562,17800000,513.530029296875,513.530029296875,505.3299865722656,29207300,266.42999267578125,266.42999267578125,258.32000732421875,49547400,346.36737060546875,346.5899963378906,340.7099914550781,25347200,84.2300033569336,84.2300033569336,85.16999816894531,17332100.0,217.3068389892578,217.5500030517578,227.36000061035156,195116400,368.11968994140625,368.7900085449219,373.6000061035156,16596100,553.1099853515625,553.1099853515625,568.719970703125,6461800,109.5,109.5,109.80999755859375,15558000,7711.759765625,7711.759765625,7735.169921875,4297560000,29433.4296875,29433.4296875,29545.900390625,8457870000,715.6842651367188,716.4299926757812,719.739990234375,34105400,767.4442749023438,769.3499755859375,771.760009765625,36744300,4.71999979019165,4.71999979019165,4.688000202178955,0,79.30538177490234,79.73999786376953,79.9000015258789,35134500,105.9054183959961,106.3499984741211,106.75,27002300
2026-08-31,149.1199951171875,149.1199951171875,149.30999755859375,16118900,507.2900085449219,507.2900085449219,510.3800048828125,27208900,259.7699890136719,259.7699890136719,263.8299865722656,46089400,339.13201904296875,339.3500061035156,343.8299865722656,33493600,84.88999938964844,84.88999938964844,82.62999725341797,13237900.0,220.53323364257812,220.77999877929688,218.8699951171875,124702700,369.6668395996094,370.3399963378906,369.5199890136719,21948000,556.6300048828125,556.6300048828125,554.3800048828125,4317100,109.9800033569336,109.9800033569336,108.70999908447266,8787400,7686.14013671875,7686.14013671875,7697.52001953125,5386090000,29456.970703125,29456.970703125,29404.2890625,7679730000,716.013916015625,716.760009765625,715.1699829101562,32237200,765.1499633789062,767.0499877929688,767.3300170898438,38810800,4.757999897003174,4.757999897003174,4.728000164031982,0,79.375,79.80999755859375,79.70999908447266,36481400,105.76599884033203,106.20999908447266,106.19999694824219,29345400
2026-09-01,141.32000732421875,141.32000732421875,146.75,25443300,501.0199890136719,501.0199890136719,497.5199890136719,21046900,254.9199981689453,254.9199981689453,254.8300018310547,31700100,334.8047790527344,335.0199890136719,336.0,23342700,81.8499984741211,81.8499984741211,82.33999633789062,15848700.0,217.1969757080078,217.44000244140625,216.75,109756200,369.008056640625,369.67999267578125,364.25,19288900,545.219970703125,545.219970703125,546.47998046875,6195100,106.18000030517578,106.18000030517578,108.0999984741211,12775900,7631.47021484375,7631.47021484375,7635.47021484375,4858180000,29077.220703125,29077.220703125,29056.580078125,6750660000,706.9033813476562,707.6400146484375,707.3900146484375,35236100,759.89306640625,761.780029296875,762.010009765625,41126300,4.796000003814697,4.796000003814697,4.788000106811523,0,79.0999984741211,79.0999984741211,79.2699966430664,48867800,105.22000122070312,105.22000122070312,105.5199966430664,34399700
2026-09-02,145.75,145.75,140.25999450683594,21906700,496.82000732421875,496.82000732421875,499.8500061035156,15336100,254.97999572753906,254.97999572753906,254.25999450683594,24013300,336.9034423828125,337.1199951171875,334.05999755859375,22582300,80.93000030517578,80.93000030517578,80.08999633789062,15574700.0,224.1591796875,224.41000366210938,218.7899932861328,157104700,366.5724792480469,367.239990234375,369.67999267578125,38874600,550.47998046875,550.47998046875,545.22998046875,5127100,103.41999816894531,103.41999816894531,105.2699966430664,12271000,7666.60009765625,7666.60009765625,7634.580078125,4738910000,29143.330078125,29143.330078125,29016.0,7442550000,708.501708984375,709.239990234375,707.0999755859375,23476200,763.2646484375,765.1599731445312,762.4500122070312,29566200,4.796000003814697,4.796000003814697,4.776000022888184,0,79.11000061035156,79.11000061035156,79.13999938964844,34409100,105.3499984741211,105.3499984741211,105.37999725341797,26691200
2026-09-03,154.0399932861328,154.0399932861328,147.27000427246094,25101700,510.1199951171875,510.1199951171875,501.6600036621094,24125900,258.8999938964844,258.8999938964844,256.20001220703125,26891500,342.260009765625,342.4800109863281,340.55999755859375,20726900,84.55999755859375,84.55999755859375,80.12000274658203,18798400.0,228.1946563720703,228.4499969482422,226.02000427246094,134681600,356.51080322265625,357.1600036621094,351.739990234375,60242600,552.5999755859375,552.5999755859375,546.77001953125,5623500,106.94999694824219,106.94999694824219,105.20999908447266,9971600,7747.7099609375,7747.7099609375,7686.7099609375,4726400000,29482.3203125,29482.3203125,29234.419921875,7600140000,716.9229125976562,717.6699829101562,710.8499755859375,29449800,771.2548217773438,773.1699829101562,767.9000244140625,43531600,4.76200008392334,4.76200008392334,4.765999794006348,0,79.20999908447266,79.20999908447266,79.20999908447266,23037600,105.5,105.5,105.69999694824219,16263200
2026-09-04,158.77999877929688,158.77999877929688,159.4600067138672,26511300,499.70001220703125,499.70001220703125,510.0,18101800,258.510009765625,258.510009765625,259.07000732421875,30749900,338.4599914550781,338.4599914550781,342.4700012207031,23189300,89.36000061035156,89.36000061035156,85.7249984741211,20796900.0,230.10252380371094,230.36000061035156,231.08999633789062,135352400,357.24945068359375,357.8999938964844,359.70001220703125,32863300,567.010009765625,567.010009765625,560.5,9451200,104.56999969482422,104.56999969482422,105.9000015258789,12209900,7718.60009765625,7718.60009765625,7750.18994140625,4103570000,29544.150390625,29544.150390625,29539.5703125,6529110000,718.2116088867188,718.9600219726562,719.3499755859375,32871100,768.2822265625,770.1900024414062,772.010009765625,34054200,4.783999919891357,4.783999919891357,4.754000186920166,0,79.16000366210938,79.16000366210938,79.19999694824219,25350900,105.4800033569336,105.4800033569336,105.55999755859375,20428600
2026-09-08,162.52000427246094,162.52000427246094,167.60000610351562,37662800,493.95001220703125,493.95001220703125,493.010009765625,18882300,256.9700012207031,256.9700012207031,256.67999267578125,29398000,338.3599853515625,338.3599853515625,335.4200134277344,22915800,99.83000183105469,99.83000183105469,92.94999694824219,51191200.0,225.47769165039062,225.72999572753906,233.11000061035156,122965600,367.89007568359375,368.55999755859375,363.67999267578125,30464900,573.72998046875,573.72998046875,578.7000122070312,8300300,102.66000366210938,102.66000366210938,103.75,12890300,7673.52001953125,7673.52001953125,7717.81005859375,4966930000,29507.69921875,29507.69921875,29645.1796875,7714560000,717.6122436523438,718.3599853515625,720.9099731445312,28341400,764.0626831054688,765.9600219726562,769.0700073242188,44746100,4.806000232696533,4.806000232696533,4.794000148773193,0,79.12000274658203,79.12000274658203,79.19000244140625,27470400,105.4800033569336,105.4800033569336,105.7300033569336,19467300
2026-09-09,161.6300048828125,161.6300048828125,163.5399932861328,27464600,491.6499938964844,491.6499938964844,493.07000732421875,12889600,252.39999389648438,252.39999389648438,253.1199951171875,33055500,330.6499938964844,330.6499938964844,331.6499938964844,33151600,94.94000244140625,94.94000244140625,100.03500366210938,22038800.0,223.4199981689453,223.6699981689453,225.27999877929688,82955500,363.7176818847656,364.3800048828125,366.2300109863281,25918200,574.2899780273438,574.2899780273438,569.9000244140625,3458300,101.83000183105469,101.83000183105469,102.79000091552734,8247500,7636.35986328125,7636.35986328125,7660.68017578125,4896940000,29421.55078125,29421.55078125,29431.939453125,7379700000,715.5643920898438,716.3099975585938,716.4000244140625,26763400,760.5115356445312,762.4000244140625,764.0800170898438,32812400,4.836999893188477,4.836999893188477,4.808000087738037,0,78.9800033569336,78.9800033569336,79.08999633789062,31651700,105.30999755859375,105.30999755859375,105.41999816894531,34130300
2026-09-10,152.94000244140625,152.94000244140625,158.3800048828125,56824700,492.44000244140625,492.44000244140625,488.32000732421875,16038800,251.88999938964844,251.88999938964844,250.11000061035156,25484800,332.6000061035156,332.6000061035156,328.2300109863281,23557600,89.12000274658203,89.12000274658203,89.91000366210938,27867100.0,218.36000061035156,218.36000061035156,220.52999877929688,105768000,360.17413330078125,360.8299865722656,360.0299987792969,23994300,560.280029296875,560.280029296875,561.5399780273438,6621000,101.19999694824219,101.19999694824219,100.8499984741211,7532500,7591.7001953125,7591.7001953125,7594.740234375,4893500000,29103.509765625,29103.509765625,29097.33984375,7174170000,707.9523315429688,708.6900024414062,707.5499877929688,31414400,755.9528198242188,757.8300170898438,758.030029296875,42740400,4.943999767303467,4.943999767303467,4.88100004196167,0,78.62000274658203,78.62000274658203,78.79000091552734,53424500,104.36000061035156,104.36000061035156,104.73999786376953,35685400
2026-09-11,150.27999877929688,150.27999877929688,164.42999267578125,80438600,495.6300048828125,495.6300048828125,495.6499938964844,14510500,256.7799987792969,256.7799987792969,254.08999633789062,26724100,338.5,338.5,335.0299987792969,24708300,88.98999786376953,88.98999786376953,91.08000183105469,17682400.0,218.2899932861328,218.2899932861328,221.24000549316406,89060100,361.33203125,361.989990234375,364.8500061035156,21166900,568.530029296875,568.530029296875,568.8300170898438,5199300,101.5199966430664,101.5199966430664,101.9000015258789,5435700,7656.97998046875,7656.97998046875,7636.75,4722480000,29368.439453125,29368.439453125,29331.48046875,6587900000,714.1358642578125,714.8800048828125,715.6799926757812,26649100,762.3967895507812,764.2899780273438,764.719970703125,45512700,4.974999904632568,4.974999904632568,4.954999923706055,0,78.5999984741211,78.5999984741211,78.77999877929688,38955300,104.31999969482422,104.31999969482422,104.80000305175781,27934300
2026-09-14,144.7899932861328,144.7899932861328,141.4199981689453,42159700,505.4100036621094,505.4100036621094,497.05999755859375,23091900,253.5399932861328,253.5399932861328,253.14999389648438,34352800,349.3900146484375,349.3900146484375,343.1199951171875,35905400,82.9800033569336,82.9800033569336,82.6500015258789,26522600.0,210.9600067138672,210.9600067138672,211.24000549316406,132267200,344.0934143066406,344.7200012207031,349.6300048828125,32662800,541.5,541.5,539.989990234375,10627900,106.63999938964844,106.63999938964844,103.56999969482422,13170900,7619.97998046875,7619.97998046875,7611.43994140625,4963750000,29127.16015625,29127.16015625,28890.9296875,7179780000,708.4417724609375,709.1799926757812,703.3300170898438,35219000,758.9952392578125,760.8800048828125,759.0,43992400,4.960999965667725,4.960999965667725,4.979000091552734,0,78.52999877929688,78.52999877929688,78.55000305175781,44071500,104.30000305175781,104.30000305175781,104.25,30889400
2026-09-15,140.35000610351562,140.35000610351562,143.4600067138672,31552700,497.1199951171875,497.1199951171875,500.05999755859375,17794600,248.4199981689453,248.4199981689453,252.24000549316406,36275400,344.9800109863281,344.9800109863281,346.79998779296875,21928600,80.91999816894531,80.91999816894531,82.62000274658203,15675200.0,212.1699981689453,212.1699981689453,213.3800048828125,88059700,338.6533203125,339.2699890136719,346.0400085449219,24783900,542.1099853515625,542.1099853515625,546.5700073242188,6113700,105.55000305175781,105.55000305175781,105.22000122070312,11346700,7585.72998046875,7585.72998046875,7612.2998046875,5154930000,28937.83984375,28937.83984375,29100.16015625,7934200000,703.8065795898438,704.5399780273438,708.7999877929688,26631700,755.513916015625,757.3900146484375,760.1199951171875,46195000,4.995999813079834,4.995999813079834,5.010000228881836,0,78.37999725341797,78.37999725341797,78.51000213623047,42245600,104.27999877929688,104.27999877929688,104.19999694824219,30710000
2026-09-16,143.16000366210938,143.16000366210938,140.02999877929688,34366400,490.29998779296875,490.29998779296875,493.0299987792969,16670300,245.9600067138672,245.9600067138672,248.10000610351562,33488500,342.8699951171875,342.8699951171875,347.0799865722656,18928900,83.3499984741211,83.3499984741211,83.75,18787600.0,213.89999389648438,213.89999389648438,214.13999938964844,96563600,338.8929138183594,339.510009765625,342.3699951171875,23152500,545.5599975585938,545.5599975585938,549.9500122070312,5998800,104.95999908447266,104.95999908447266,104.37000274658203,7604700,7551.81005859375,7551.81005859375,7601.25,5307920000,28945.060546875,28945.060546875,29110.0390625,9968640000,703.9863891601562,704.719970703125,708.0,35688000,752.1821899414062,754.0499877929688,759.5,59217700,5.00600004196167,5.00600004196167,4.979000091552734,0,78.41999816894531,78.41999816894531,78.5,48625900,104.44999694824219,104.44999694824219,104.61000061035156,39080800
2026-09-17,150.58999633789062,150.58999633789062,146.75,27742400,497.75,497.75,497.79998779296875,17841600,251.19000244140625,251.19000244140625,251.07000732421875,30438800,347.3299865722656,347.3299865722656,348.67999267578125,19238400,79.87999725341797,79.87999725341797,81.44999694824219,79547300.0,219.33999633789062,219.33999633789062,218.3800048828125,94191300,346.6687316894531,347.29998779296875,346.6199951171875,24389600,560.6099853515625,560.6099853515625,560.0999755859375,6164200,105.77999877929688,105.77999877929688,105.08000183105469,6139500,7637.759765625,7637.759765625,7631.43994140625,5058210000,29446.98046875,29446.98046875,29401.5390625,9884890000,716.1737060546875,716.9199829101562,715.9500122070312,37270300,760.7109985351562,762.5999755859375,763.1500244140625,49652800,4.947000026702881,4.947000026702881,4.953000068664551,0,78.72000122070312,78.72000122070312,78.7300033569336,45356000,105.16000366210938,105.16000366210938,105.01000213623047,29644300
2026-09-18,147.61000061035156,147.61000061035156,150.47000122070312,39324900,493.7799987792969,493.7799987792969,497.9700012207031,39622300,253.7100067138672,253.7100067138672,252.9199981689453,52274700,349.5400085449219,349.5400085449219,357.30999755859375,47631800,81.36000061035156,81.36000061035156,79.83000183105469,66370200.0,222.27000427246094,222.27000427246094,219.35000610351562,190287400,356.9599914550781,357.6099853515625,352.0799865722656,44032800,573.0,573.0,562.8800048828125,6296500,104.3499984741211,104.3499984741211,106.4000015258789,6989200,7650.5,7650.5,7657.169921875,8858350000,29644.169921875,29644.169921875,29529.640625,13286960000,720.6990356445312,721.4500122070312,718.8300170898438,48478700,761.6900024414062,761.6900024414062,761.3099975585938,65395100,4.998000144958496,4.998000144958496,4.980000019073486,0,78.52999877929688,78.52999877929688,78.61000061035156,34871100,104.69999694824219,104.69999694824219,104.79000091552734,29164800
2026-09-21,148.55999755859375,148.55999755859375,148.92999267578125,22418300,501.6099853515625,501.6099853515625,494.95001220703125,27959900,258.45001220703125,258.45001220703125,256.3999938964844,42979400,354.9700012207031,354.9700012207031,350.6400146484375,30455400,85.43000030517578,85.43000030517578,81.55999755859375,39845100.0,227.3800048828125,227.3800048828125,222.94000244140625,109806100,362.6600036621094,362.6600036621094,358.6600036621094,26498600,596.030029296875,596.030029296875,581.9000244140625,9886000,107.12999725341797,107.12999725341797,105.0199966430664,8777900,7764.7001953125,7764.7001953125,7692.830078125,4828050000,30482.349609375,30482.349609375,29947.16015625,8813260000,741.469970703125,741.469970703125,727.8900146484375,46730600,773.5,773.5,766.25,50484700,4.9629998207092285,4.9629998207092285,4.953000068664551,0,78.68000030517578,78.68000030517578,78.66999816894531,44495800,105.08999633789062,105.08999633789062,105.04000091552734,23076500
2026-09-22,149.1999969482422,149.1999969482422,151.25,31260000,498.0,498.0,507.32000732421875,21652800,254.97999572753906,254.97999572753906,255.11000061035156,41982600,351.1600036621094,351.1600036621094,357.6499938964844,29788600,86.76000213623047,86.76000213623047,85.70999908447266,26584500.0,228.8699951171875,228.8699951171875,226.85000610351562,95746700,364.5400085449219,364.5400085449219,363.2300109863281,20570800,607.4600219726562,607.4600219726562,591.6699829101562,6631100,106.75,106.75,108.29000091552734,8136900,7764.64013671875,7764.64013671875,7770.81005859375,5286270000,30732.400390625,30732.400390625,30496.4296875,9334690000,747.4600219726562,747.4600219726562,740.97998046875,40128800,773.3800048828125,773.3800048828125,774.030029296875,34802300,4.9679999351501465,4.9679999351501465,4.928999900817871,0,78.66999816894531,78.66999816894531,78.70999908447266,30714000,105.08999633789062,105.08999633789062,105.12000274658203,23657500
2026-09-23,144.55999755859375,144.55999755859375,148.3000030517578,22682300,500.5899963378906,500.5899963378906,500.760009765625,19445600,249.27000427246094,249.27000427246094,253.0,44209200,337.8299865722656,337.8299865722656,349.8599853515625,35576200,86.9000015258789,86.9000015258789,88.98500061035156,31705100.0,225.50999450683594,225.50999450683594,228.02999877929688,89547300,354.989990234375,354.989990234375,362.20001220703125,23387700,601.4099731445312,601.4099731445312,604.3900146484375,6116400,108.0999984741211,108.0999984741211,107.05999755859375,6868500,7706.02978515625,7706.02978515625,7761.93994140625,5110910000,30470.2890625,30470.2890625,30706.23046875,8491740000,741.2100219726562,741.2100219726562,746.969970703125,33191800,767.8099975585938,767.8099975585938,772.7899780273438,54931700,5.113999843597412,5.113999843597412,4.989999771118164,0,78.0999984741211,78.0999984741211,78.55000305175781,68957400,103.88999938964844,103.88999938964844,104.86000061035156,35099900
2026-09-24,139.5399932861328,139.5399932861328,137.32000732421875,56629400,497.92999267578125,497.92999267578125,495.07000732421875,16657600,249.3800048828125,249.3800048828125,246.02000427246094,33040100,342.3599853515625,342.3599853515625,336.2200012207031,23777200,90.12999725341797,90.12999725341797,88.90499877929688,33748900.0,224.5800018310547,224.5800018310547,222.0800018310547,77469900,350.3599853515625,350.3599853515625,349.2099914550781,20930400,600.52001953125,600.52001953125,591.6199951171875,5645400,107.1500015258789,107.1500015258789,107.4800033569336,6430600,7704.1298828125,7704.1298828125,7666.990234375,5316390000,30478.859375,30478.859375,30225.189453125,8078820000,741.0999755859375,741.0999755859375,735.2899780273438,29000900,767.1799926757812,767.1799926757812,764.0700073242188,43983700,5.1620001792907715,5.1620001792907715,5.120999813079834,0,77.88999938964844,77.88999938964844,78.0,74979500,103.1500015258789,103.1500015258789,103.8499984741211,40152500
2026-09-25,137.10000610351562,137.10000610351562,138.57000732421875,23671000,516.1699829101562,516.1699829101562,499.0400085449219,38193100,249.6699981689453,249.6699981689453,248.55999755859375,34263900,343.9200134277344,343.9200134277344,342.3500061035156,21880800,87.58999633789062,87.58999633789062,90.36499786376953,23569300.0,225.07000732421875,225.07000732421875,225.1300048828125,89947700,352.80999755859375,352.80999755859375,352.6199951171875,16255500,606.5599975585938,606.5599975585938,605.5700073242188,4656600,106.01000213623047,106.01000213623047,107.5,7272900,7743.41015625,7743.41015625,7709.85986328125,4499180000,30608.130859375,30608.130859375,30517.4609375,7275260000,744.5,744.5,742.8300170898438,30283800,771.3499755859375,771.3499755859375,768.780029296875,36666700,5.184000015258789,5.184000015258789,5.185999870300293,0,77.86000061035156,77.86000061035156,77.91000366210938,58325400,103.20999908447266,103.20999908447266,103.16999816894531,44044100
2026-09-28,132.60000610351562,132.60000610351562,132.72999572753906,35014000,509.2200012207031,509.2200012207031,505.4700012207031,19611600,246.14999389648438,246.14999389648438,246.6300048828125,31955500,342.75,342.75,340.70001220703125,19299900,85.06999969482422,85.06999969482422,86.20500183105469,19541000.0,228.86000061035156,228.86000061035156,229.75,141544300,349.57000732421875,349.57000732421875,352.8699951171875,21413300,600.010009765625,600.010009765625,605.2899780273438,5823900,105.43000030517578,105.43000030517578,103.7300033569336,8392500,7683.68994140625,7683.68994140625,7721.7001953125,2909239000,30276.810546875,30276.810546875,30426.6328125,1178433000,736.530029296875,736.530029296875,740.4600219726562,41716200,765.6099853515625,765.6099853515625,768.3499755859375,42296700,5.240000247955322,5.240000247955322,5.209000110626221,0,77.54000091552734,77.54000091552734,77.5999984741211,98803600,102.47000122070312,102.47000122070312,102.54000091552734,44667300
