Date,Open,High,Low,Close,Adj Close,Volume,Dividends,Stock Splits
2000-01-03,812.97998046875,834.2999877929688,812.97998046875,833.8900146484375,833.8900146484375,102270200,0.0,0.0
2000-01-04,834.8099975585938,837.6599731445312,829.760009765625,832.7999877929688,832.7999877929688,106415400,0.0,0.0
2000-01-05,818.9500122070312,823.8800048828125,808.4000244140625,815.7999877929688,815.7999877929688,93541000,0.0,0.0
2000-01-06,818.4099731445312,826.6199951171875,811.6199951171875,818.4299926757812,818.4299926757812,85628800,0.0,0.0
2000-01-11,831.719970703125,850.22998046875,831.719970703125,846.739990234375,846.739990234375,15265300,0.0,0.0
2000-01-12,847.9400024414062,869.7000122070312,844.7100219726562,869.6199951171875,869.6199951171875,15293300,0.0,0.0
2000-01-13,870.9099731445312,898.9500122070312,870.9099731445312,890.5999755859375,890.5999755859375,21829900,0.0,0.0
2000-01-14,894.0499877929688,930.3800048828125,892.9000244140625,928.239990234375,928.239990234375,24070500,0.0,0.0
2000-01-17,945.739990234375,979.4099731445312,945.739990234375,953.4199829101562,953.4199829101562,37449300,0.0,0.0
2000-01-18,954.719970703125,966.72998046875,940.989990234375,949.6199951171875,949.6199951171875,20497100,0.0,0.0
2000-01-19,945.719970703125,963.25,926.47998046875,933.3800048828125,933.3800048828125,17780300,0.0,0.0
2000-01-20,936.72998046875,958.27001953125,936.72998046875,950.8599853515625,950.8599853515625,23367800,0.0,0.0
2000-01-21,951.9500122070312,961.6099853515625,947.1300048828125,953.9600219726562,953.9600219726562,20585200,0.0,0.0
2000-01-24,956.489990234375,962.1099853515625,950.6400146484375,954.5,954.5,14637400,0.0,0.0
2000-01-25,950.0399780273438,952.2899780273438,934.6599731445312,952.0599975585938,952.0599975585938,14445200,0.0,0.0
2000-01-26,954.469970703125,962.0999755859375,939.8800048828125,940.9500122070312,940.9500122070312,20825400,0.0,0.0
2000-01-27,946.9000244140625,950.3599853515625,929.4400024414062,939.5900268554688,939.5900268554688,114861600,0.0,0.0
2000-01-28,942.27001953125,945.3499755859375,932.0499877929688,935.5700073242188,935.5700073242188,121539000,0.0,0.0
2000-01-31,930.0999755859375,931.5800170898438,914.2100219726562,922.0999755859375,922.0999755859375,99232400,0.0,0.0
2000-02-02,928.8900146484375,947.9099731445312,928.8900146484375,942.8499755859375,942.8499755859375,15562000,0.0,0.0
2000-02-03,946.5700073242188,957.9600219726562,946.5700073242188,957.6599731445312,957.6599731445312,17051700,0.0,0.0
2000-02-08,970.2000122070312,988.3499755859375,970.2000122070312,979.0499877929688,979.0499877929688,21562600,0.0,0.0
2000-02-09,983.4000244140625,998.0800170898438,983.4000244140625,991.8499755859375,991.8499755859375,24477500,0.0,0.0
2000-02-10,989.030029296875,1001.8800048828125,983.5999755859375,997.5900268554688,997.5900268554688,21874900,0.0,0.0
2000-02-11,1006.8300170898438,1009.47998046875,995.2100219726562,999.8099975585938,999.8099975585938,18792800,0.0,0.0
2000-02-14,1000.2899780273438,1003.530029296875,990.9299926757812,998.2899780273438,998.2899780273438,15913600,0.0,0.0
2000-02-15,1008.47998046875,1017.0,990.1900024414062,995.52001953125,995.52001953125,21559300,0.0,0.0
2000-02-16,1000.8099975585938,1003.6199951171875,984.4099731445312,998.77001953125,998.77001953125,122007200,0.0,0.0
2000-02-17,999.1400146484375,1010.4500122070312,995.4600219726562,1006.8200073242188,1006.8200073242188,182854900,0.0,0.0
2000-02-18,1016.3699951171875,1021.2000122070312,1010.47998046875,1013.27001953125,1013.27001953125,25794200,0.0,0.0
2000-02-21,1007.8599853515625,1012.260009765625,1001.969970703125,1007.1300048828125,1007.1300048828125,16267500,0.0,0.0
2000-02-22,1009.8300170898438,1010.6799926757812,993.25,1000.8300170898438,1000.8300170898438,16229100,0.0,0.0
2000-02-23,1005.5999755859375,1009.9000244140625,1001.9099731445312,1009.2100219726562,1009.2100219726562,24877300,0.0,0.0
2000-02-24,1013.6900024414062,1014.4099731445312,1003.530029296875,1009.530029296875,1009.530029296875,20806000,0.0,0.0
2000-02-25,1013.2000122070312,1014.6599731445312,1002.2999877929688,1002.6199951171875,1002.6199951171875,23483400,0.0,0.0
2000-02-28,993.219970703125,1003.719970703125,983.0900268554688,983.77001953125,983.77001953125,145109800,0.0,0.0
2000-02-29,988.9299926757812,991.9400024414062,968.5399780273438,982.239990234375,982.239990234375,131722200,0.0,0.0
2000-03-01,981.3699951171875,988.4000244140625,969.2000122070312,969.9600219726562,969.9600219726562,109575800,0.0,0.0
2000-03-02,970.8400268554688,970.8400268554688,936.6799926757812,941.8200073242188,941.8200073242188,141259400,0.0,0.0
2000-03-03,941.4000244140625,948.3099975585938,928.489990234375,948.3099975585938,948.3099975585938,120875400,0.0,0.0
2000-03-06,954.5800170898438,961.6799926757812,939.02001953125,940.489990234375,940.489990234375,91717400,0.0,0.0
2000-03-07,939.6199951171875,940.469970703125,926.1099853515625,929.4400024414062,929.4400024414062,88392800,0.0,0.0
2000-03-08,913.010009765625,935.5999755859375,905.5399780273438,930.719970703125,930.719970703125,101041400,0.0,0.0
2000-03-09,929.8800048828125,932.280029296875,918.4600219726562,922.5900268554688,922.5900268554688,80324600,0.0,0.0
2000-03-10,924.5499877929688,948.0900268554688,924.5499877929688,948.0900268554688,948.0900268554688,141978600,0.0,0.0
2000-03-13,949.9400024414062,952.8400268554688,933.469970703125,935.8300170898438,935.8300170898438,107295400,0.0,0.0
2000-03-14,935.1199951171875,935.6099853515625,927.5800170898438,932.0499877929688,932.0499877929688,451548000,0.0,0.0
2000-03-15,929.0800170898438,929.0800170898438,916.6300048828125,920.489990234375,920.489990234375,442762000,0.0,0.0
2000-03-17,931.4500122070312,941.2000122070312,927.4099731445312,934.780029296875,934.780029296875,77522200,0.0,0.0
2000-03-20,933.9199829101562,933.9199829101562,921.3099975585938,928.7100219726562,928.7100219726562,52995000,0.0,0.0
2000-03-21,928.239990234375,941.2000122070312,924.6300048828125,939.5,939.5,62522800,0.0,0.0
2000-03-22,948.3599853515625,955.469970703125,945.510009765625,949.1099853515625,949.1099853515625,71285600,0.0,0.0
2000-03-23,949.0700073242188,971.1900024414062,949.0700073242188,971.1900024414062,971.1900024414062,92845600,0.0,0.0
2000-03-24,978.4099731445312,982.25,967.8300170898438,970.27001953125,970.27001953125,94119200,0.0,0.0
2000-03-27,971.8300170898438,989.1900024414062,971.8300170898438,988.3699951171875,988.3699951171875,99694400,0.0,0.0
2000-03-28,988.6400146484375,990.5,979.75,981.5700073242188,981.5700073242188,95412400,0.0,0.0
2000-03-29,981.4600219726562,988.1699829101562,974.4299926757812,985.1300048828125,985.1300048828125,110805100,0.0,0.0
2000-03-30,986.5399780273438,987.8800048828125,965.8499755859375,971.47998046875,971.47998046875,109650000,0.0,0.0
2000-03-31,970.239990234375,974.3800048828125,965.780029296875,974.3800048828125,974.3800048828125,88664000,0.0,0.0
2000-04-03,977.510009765625,979.489990234375,963.010009765625,965.4099731445312,965.4099731445312,105549600,0.0,0.0
2000-04-04,966.6500244140625,967.0700073242188,957.8400268554688,960.6300048828125,960.6300048828125,79866200,0.0,0.0
2000-04-05,959.0800170898438,963.8400268554688,948.97998046875,955.0599975585938,955.0599975585938,98748600,0.0,0.0
2000-04-07,957.3900146484375,962.1799926757812,947.8800048828125,949.8499755859375,949.8499755859375,74642400,0.0,0.0
2000-04-10,951.3699951171875,952.0700073242188,932.5,939.5499877929688,939.5499877929688,94089200,0.0,0.0
2000-04-11,936.5499877929688,936.5499877929688,922.2000122070312,933.5700073242188,933.5700073242188,76980400,0.0,0.0
2000-04-12,933.8699951171875,940.97998046875,932.0399780273438,940.5999755859375,940.5999755859375,53789200,0.0,0.0
2000-04-13,937.8900146484375,937.8900146484375,926.3400268554688,933.8499755859375,933.8499755859375,65128000,0.0,0.0
2000-04-14,932.280029296875,932.760009765625,927.1500244140625,931.2100219726562,931.2100219726562,54720800,0.0,0.0
2000-04-17,891.260009765625,892.7100219726562,867.239990234375,874.969970703125,874.969970703125,162789800,0.0,0.0
2000-04-18,888.8900146484375,897.2999877929688,876.4400024414062,880.9000244140625,880.9000244140625,100430000,0.0,0.0
2000-04-19,886.0,899.0,886.0,896.2999877929688,896.2999877929688,66283600,0.0,0.0
2000-04-20,895.8599853515625,898.6300048828125,891.8699951171875,895.27001953125,895.27001953125,40223600,0.0,0.0
2000-04-21,896.3099975585938,898.97998046875,891.4000244140625,898.97998046875,898.97998046875,32532800,0.0,0.0
2000-04-24,899.1599731445312,900.010009765625,883.5399780273438,887.8800048828125,887.8800048828125,33457800,0.0,0.0
2000-04-25,886.989990234375,893.030029296875,871.739990234375,892.9199829101562,892.9199829101562,52253400,0.0,0.0
2000-04-26,899.5800170898438,903.1500244140625,894.0399780273438,899.0,899.0,58849200,0.0,0.0
2000-04-27,896.1699829101562,904.6900024414062,888.6500244140625,904.25,904.25,52135200,0.0,0.0
2000-04-28,903.9299926757812,908.9400024414062,895.3400268554688,898.3499755859375,898.3499755859375,56025200,0.0,0.0
2000-05-02,898.6599731445312,903.0700073242188,896.4000244140625,900.3099975585938,900.3099975585938,32788800,0.0,0.0
2000-05-03,900.1400146484375,906.8800048828125,896.2100219726562,904.5499877929688,904.5499877929688,32293200,0.0,0.0
2000-05-04,903.510009765625,908.6900024414062,897.6900024414062,906.6699829101562,906.6699829101562,42750800,0.0,0.0
2000-05-05,908.6400146484375,925.4500122070312,908.02001953125,925.4500122070312,925.4500122070312,101779800,0.0,0.0
2000-05-08,932.8599853515625,938.6300048828125,925.4600219726562,929.4600219726562,929.4600219726562,77542000,0.0,0.0
2000-05-09,929.0700073242188,930.5599975585938,920.6799926757812,927.7000122070312,927.7000122070312,40895200,0.0,0.0
2000-05-10,927.7000122070312,933.969970703125,921.9199829101562,932.469970703125,932.469970703125,66324400,0.0,0.0
2000-05-11,928.3099975585938,928.3099975585938,911.4600219726562,920.7100219726562,920.7100219726562,47589400,0.0,0.0
2000-05-12,922.6900024414062,923.989990234375,909.489990234375,912.6599731445312,912.6599731445312,41299600,0.0,0.0
2000-05-15,912.0,917.4199829101562,908.1099853515625,910.739990234375,910.739990234375,48449800,0.0,0.0
2000-05-16,911.3499755859375,919.8900146484375,910.9500122070312,917.8499755859375,917.8499755859375,56904800,0.0,0.0
2000-05-17,921.1500244140625,930.989990234375,915.0599975585938,922.2999877929688,922.2999877929688,55981400,0.0,0.0
2000-05-19,922.719970703125,950.6199951171875,921.989990234375,950.6199951171875,950.6199951171875,105217600,0.0,0.0
2000-05-22,949.6300048828125,954.5900268554688,933.469970703125,933.469970703125,933.469970703125,70918000,0.0,0.0
2000-05-23,932.8300170898438,934.260009765625,916.3300170898438,917.2899780273438,917.2899780273438,50947800,0.0,0.0
2000-05-24,910.6799926757812,910.6799926757812,896.8499755859375,903.7999877929688,903.7999877929688,55642400,0.0,0.0
2000-05-25,909.77001953125,910.1099853515625,890.1599731445312,898.9099731445312,898.9099731445312,50793200,0.0,0.0
2000-05-26,892.4000244140625,892.5900268554688,878.739990234375,884.5700073242188,884.5700073242188,67161800,0.0,0.0
2000-05-29,884.0800170898438,907.969970703125,884.0800170898438,907.25,907.25,67466200,0.0,0.0
2000-05-30,906.030029296875,915.27001953125,901.010009765625,903.2100219726562,903.2100219726562,49411800,0.0,0.0
2000-05-31,914.1199951171875,928.3400268554688,909.5499877929688,911.510009765625,911.510009765625,82105800,0.0,0.0
2000-06-01,914.1199951171875,916.4199829101562,899.0499877929688,904.530029296875,904.530029296875,45564600,0.0,0.0
2000-06-02,905.0599975585938,907.8200073242188,890.8499755859375,891.25,891.25,45934600,0.0,0.0
2000-06-05,892.2000122070312,894.6199951171875,879.4000244140625,881.3900146484375,881.3900146484375,55423000,0.0,0.0
2000-06-06,883.3800048828125,883.3800048828125,868.97998046875,871.7899780273438,871.7899780273438,37985800,0.0,0.0
2000-06-07,871.1099853515625,871.1099853515625,847.739990234375,855.239990234375,855.239990234375,71973800,0.0,0.0
2000-06-08,855.3400268554688,855.3400268554688,832.8200073242188,842.239990234375,842.239990234375,70701400,0.0,0.0
2000-06-09,841.0800170898438,866.3800048828125,840.5,861.2999877929688,861.2999877929688,45024200,0.0,0.0
2000-06-12,860.8300170898438,861.8699951171875,848.7100219726562,858.9000244140625,858.9000244140625,27561000,0.0,0.0
2000-06-13,859.0999755859375,866.0,854.7000122070312,865.4500122070312,865.4500122070312,31743800,0.0,0.0
2000-06-14,866.1799926757812,866.3699951171875,859.9299926757812,862.1199951171875,862.1199951171875,27861400,0.0,0.0
2000-06-16,861.5700073242188,861.5700073242188,833.6099853515625,836.1900024414062,836.1900024414062,53999600,0.0,0.0
2000-06-19,832.6300048828125,832.6300048828125,809.8699951171875,813.2899780273438,813.2899780273438,59719800,0.0,0.0
2000-06-20,813.260009765625,817.2999877929688,802.260009765625,812.6199951171875,812.6199951171875,75792000,0.0,0.0
2000-06-21,815.260009765625,835.1900024414062,815.260009765625,835.1900024414062,835.1900024414062,48771400,0.0,0.0
2000-06-22,835.27001953125,835.27001953125,816.0499877929688,822.5900268554688,822.5900268554688,44017800,0.0,0.0
2000-06-23,820.8900146484375,820.8900146484375,807.8599853515625,812.25,812.25,47004800,0.0,0.0
2000-06-26,810.4500122070312,810.4500122070312,796.9299926757812,803.8699951171875,803.8699951171875,29399200,0.0,0.0
2000-06-27,805.9199829101562,817.4199829101562,805.3499755859375,817.4199829101562,817.4199829101562,50136000,0.0,0.0
2000-06-28,817.8400268554688,841.5399780273438,812.5999755859375,841.5399780273438,841.5399780273438,78098400,0.0,0.0
2000-06-29,841.8800048828125,842.5399780273438,826.219970703125,830.25,830.25,63684200,0.0,0.0
2000-06-30,828.6699829101562,833.3699951171875,816.260009765625,833.3699951171875,833.3699951171875,57594400,0.0,0.0
2000-07-03,830.1300048828125,830.1300048828125,789.9600219726562,793.9299926757812,793.9299926757812,34371400,0.0,0.0
2000-07-04,793.4099731445312,809.1599731445312,792.5900268554688,807.8699951171875,807.8699951171875,30714800,0.0,0.0
2000-07-05,808.0399780273438,819.3200073242188,808.0399780273438,818.6900024414062,818.6900024414062,29691000,0.0,0.0
2000-07-06,817.8400268554688,817.8400268554688,808.5800170898438,815.6799926757812,815.6799926757812,25536200,0.0,0.0
2000-07-07,815.9099731445312,821.489990234375,808.72998046875,820.469970703125,820.469970703125,33258200,0.0,0.0
2000-07-10,821.6300048828125,838.1699829101562,821.6300048828125,837.5900268554688,837.5900268554688,46018600,0.0,0.0
2000-07-11,838.4199829101562,845.989990234375,832.6699829101562,845.510009765625,845.510009765625,47283200,0.0,0.0
2000-07-12,846.0399780273438,859.3400268554688,840.9199829101562,859.3400268554688,859.3400268554688,75538000,0.0,0.0
2000-07-13,860.47998046875,865.1599731445312,853.6099853515625,860.77001953125,860.77001953125,52771800,0.0,0.0
2000-07-14,860.72998046875,861.02001953125,849.52001953125,856.239990234375,856.239990234375,31232400,0.0,0.0
2000-07-17,856.0,856.0,845.7000122070312,846.3300170898438,846.3300170898438,26277200,0.0,0.0
2000-07-18,846.22998046875,846.6400146484375,837.2100219726562,838.030029296875,838.030029296875,28348200,0.0,0.0
2000-07-19,837.780029296875,840.8499755859375,830.8499755859375,840.8499755859375,840.8499755859375,41623200,0.0,0.0
2000-07-20,837.3699951171875,843.1199951171875,831.8800048828125,835.2999877929688,835.2999877929688,59436000,0.0,0.0
2000-07-21,836.760009765625,839.8400268554688,829.4500122070312,831.0800170898438,831.0800170898438,47396600,0.0,0.0
2000-07-24,831.4099731445312,831.8099975585938,818.3400268554688,822.8900146484375,822.8900146484375,26762400,0.0,0.0
2000-07-25,823.7100219726562,825.280029296875,818.6400146484375,819.8800048828125,819.8800048828125,23607400,0.0,0.0
2000-07-26,818.989990234375,821.7999877929688,812.8300170898438,814.9600219726562,814.9600219726562,27073600,0.0,0.0
2000-07-27,814.6900024414062,814.739990234375,800.969970703125,807.8099975585938,807.8099975585938,31858800,0.0,0.0
2000-07-28,806.5999755859375,806.5999755859375,797.9600219726562,799.0900268554688,799.0900268554688,31028200,0.0,0.0
2000-07-31,798.27001953125,798.8300170898438,784.9500122070312,798.8300170898438,798.8300170898438,34346200,0.0,0.0
2000-08-01,799.5900268554688,806.1900024414062,794.97998046875,804.5900268554688,804.5900268554688,27105600,0.0,0.0
2000-08-02,804.4600219726562,804.6900024414062,799.6699829101562,802.530029296875,802.530029296875,18603200,0.0,0.0
2000-08-03,802.1900024414062,814.6099853515625,800.9400024414062,809.8699951171875,809.8699951171875,36963400,0.0,0.0
2000-08-04,809.4600219726562,819.02001953125,809.4600219726562,814.989990234375,814.989990234375,33290600,0.0,0.0
2000-08-07,815.0999755859375,815.969970703125,809.6199951171875,814.260009765625,814.260009765625,34858800,0.0,0.0
2000-08-08,814.27001953125,825.52001953125,810.6199951171875,825.52001953125,825.52001953125,27760600,0.0,0.0
2000-08-09,825.5800170898438,825.5800170898438,816.5900268554688,819.1099853515625,819.1099853515625,14542600,0.0,0.0
2000-08-10,817.9400024414062,817.9400024414062,805.4400024414062,808.6199951171875,808.6199951171875,23737200,0.0,0.0
2000-08-11,809.030029296875,809.5900268554688,801.0800170898438,802.530029296875,802.530029296875,21829600,0.0,0.0
2000-08-14,804.1300048828125,804.969970703125,796.7100219726562,800.22998046875,800.22998046875,26529400,0.0,0.0
2000-08-15,801.3599853515625,809.02001953125,799.760009765625,806.739990234375,806.739990234375,37797400,0.0,0.0
2000-08-16,807.010009765625,811.22998046875,804.8099975585938,810.469970703125,810.469970703125,30811200,0.0,0.0
2000-08-17,809.1699829101562,823.9000244140625,808.9000244140625,821.530029296875,821.530029296875,37245400,0.0,0.0
2000-08-18,822.8200073242188,824.9600219726562,815.4099731445312,819.5900268554688,819.5900268554688,37540800,0.0,0.0
2000-08-21,819.1699829101562,819.2899780273438,808.22998046875,809.4000244140625,809.4000244140625,17832000,0.0,0.0
2000-08-22,809.5700073242188,811.3400268554688,805.4299926757812,807.8900146484375,807.8900146484375,30655000,0.0,0.0
2000-08-23,807.989990234375,810.5499877929688,804.4299926757812,809.0499877929688,809.0499877929688,26647400,0.0,0.0
2000-08-24,809.5599975585938,809.9299926757812,801.6699829101562,802.8400268554688,802.8400268554688,30773800,0.0,0.0
2000-08-25,801.6099853515625,801.6099853515625,796.4299926757812,799.260009765625,799.260009765625,28236200,0.0,0.0
2000-08-28,796.0599975585938,799.1900024414062,794.4500122070312,796.3900146484375,796.3900146484375,19902200,0.0,0.0
2000-08-29,796.280029296875,806.0700073242188,795.719970703125,798.489990234375,798.489990234375,22081200,0.0,0.0
2000-08-30,797.780029296875,799.4400024414062,793.1900024414062,795.8400268554688,795.8400268554688,22477000,0.0,0.0
2000-09-01,795.260009765625,795.260009765625,766.0599975585938,767.02001953125,767.02001953125,56318800,0.0,0.0
2000-09-04,767.219970703125,767.219970703125,739.510009765625,743.52001953125,743.52001953125,42206800,0.0,0.0
2000-09-05,744.6199951171875,752.969970703125,744.6199951171875,751.5800170898438,751.5800170898438,24959000,0.0,0.0
2000-09-06,751.9099731445312,757.3099975585938,735.8599853515625,749.5499877929688,749.5499877929688,41069000,0.0,0.0
2000-09-07,746.5700073242188,747.8599853515625,738.530029296875,743.6400146484375,743.6400146484375,28719000,0.0,0.0
2000-09-08,743.6400146484375,743.8400268554688,733.530029296875,739.8099975585938,739.8099975585938,27888000,0.0,0.0
2000-09-11,739.3400268554688,739.3400268554688,725.77001953125,727.1500244140625,727.1500244140625,37836400,0.0,0.0
2000-09-12,727.02001953125,732.3599853515625,724.3499755859375,729.9500122070312,729.9500122070312,34812800,0.0,0.0
2000-09-13,730.0900268554688,745.2999877929688,729.6099853515625,745.0700073242188,745.0700073242188,45154400,0.0,0.0
2000-09-14,745.4000244140625,754.4199829101562,744.0700073242188,747.1699829101562,747.1699829101562,40014400,0.0,0.0
2000-09-15,747.1300048828125,753.4199829101562,739.9099731445312,752.6099853515625,752.6099853515625,25532600,0.0,0.0
2000-09-18,752.4600219726562,752.47998046875,735.969970703125,741.2100219726562,741.2100219726562,21784600,0.0,0.0
2000-09-19,738.72998046875,749.239990234375,726.6599731445312,741.530029296875,741.530029296875,44853000,0.0,0.0
2000-09-20,741.9000244140625,753.4199829101562,741.8699951171875,750.0399780273438,750.0399780273438,33554800,0.0,0.0
2000-09-21,750.4099731445312,750.4099731445312,741.7999877929688,747.1599731445312,747.1599731445312,28804000,0.0,0.0
2000-09-22,746.989990234375,746.989990234375,725.47998046875,739.5700073242188,739.5700073242188,35870000,0.0,0.0
2000-09-25,739.7100219726562,740.2100219726562,730.4299926757812,735.6099853515625,735.6099853515625,26654600,0.0,0.0
2000-09-26,735.5399780273438,736.260009765625,731.9400024414062,735.5399780273438,735.5399780273438,18393200,0.0,0.0
2000-09-27,735.4000244140625,735.4000244140625,719.8800048828125,728.4600219726562,728.4600219726562,32529000,0.0,0.0
2000-09-28,727.6099853515625,727.6099853515625,719.6699829101562,720.8499755859375,720.8499755859375,34793400,0.0,0.0
2000-09-29,721.8499755859375,723.52001953125,711.4400024414062,713.510009765625,713.510009765625,49277400,0.0,0.0
2000-10-02,711.719970703125,714.6699829101562,701.010009765625,703.9500122070312,703.9500122070312,45346400,0.0,0.0
2000-10-03,704.239990234375,709.3300170898438,699.719970703125,708.5399780273438,708.5399780273438,49489400,0.0,0.0
2000-10-04,707.77001953125,707.9600219726562,700.7999877929688,707.9000244140625,707.9000244140625,40129000,0.0,0.0
2000-10-05,707.3200073242188,710.7999877929688,702.510009765625,704.1599731445312,704.1599731445312,38950400,0.0,0.0
2000-10-06,704.9199829101562,709.5499877929688,700.77001953125,709.5499877929688,709.5499877929688,27401400,0.0,0.0
2000-10-09,709.25,709.25,700.8200073242188,704.989990234375,704.989990234375,34576600,0.0,0.0
2000-10-10,703.8099975585938,711.25,697.7999877929688,711.25,711.25,33124000,0.0,0.0
2000-10-11,711.260009765625,714.25,705.5800170898438,714.25,714.25,46219600,0.0,0.0
2000-10-12,710.5900268554688,737.8800048828125,706.6300048828125,737.8800048828125,737.8800048828125,70854000,0.0,0.0
2000-10-13,725.1199951171875,753.1400146484375,720.3300170898438,750.0399780273438,750.0399780273438,98058600,0.0,0.0
2000-10-16,755.1400146484375,767.4500122070312,754.0399780273438,766.1799926757812,766.1799926757812,76544800,0.0,0.0
2000-10-17,766.510009765625,775.8599853515625,759.9099731445312,765.2000122070312,765.2000122070312,100337600,0.0,0.0
2000-10-18,762.469970703125,772.030029296875,757.4000244140625,772.030029296875,772.030029296875,58321000,0.0,0.0
2000-10-19,770.2000122070312,774.2000122070312,766.760009765625,774.2000122070312,774.2000122070312,58805400,0.0,0.0
2000-10-20,775.75,778.989990234375,771.5399780273438,778.989990234375,778.989990234375,60720800,0.0,0.0
2000-10-23,779.52001953125,784.5700073242188,770.219970703125,783.5,783.5,50134000,0.0,0.0
2000-10-24,783.219970703125,788.1099853515625,780.52001953125,786.489990234375,786.489990234375,60458800,0.0,0.0
2000-10-25,786.8599853515625,796.219970703125,780.3800048828125,796.219970703125,796.219970703125,81946000,0.0,0.0
2000-10-27,795.22998046875,797.9299926757812,782.3699951171875,791.0800170898438,791.0800170898438,64514200,0.0,0.0
2000-10-30,786.530029296875,786.530029296875,767.3099975585938,774.3099975585938,774.3099975585938,46687400,0.0,0.0
2000-10-31,771.6500244140625,771.6500244140625,750.1099853515625,752.3599853515625,752.3599853515625,49882200,0.0,0.0
2000-11-01,753.1199951171875,763.3200073242188,745.5499877929688,758.1199951171875,758.1199951171875,51616600,0.0,0.0
2000-11-02,758.2899780273438,758.4099731445312,744.47998046875,749.4299926757812,749.4299926757812,35935200,0.0,0.0
2000-11-03,748.7999877929688,765.030029296875,745.0800170898438,760.2999877929688,760.2999877929688,37519800,0.0,0.0
2000-11-06,760.3400268554688,767.9400024414062,756.989990234375,763.6900024414062,763.6900024414062,32171600,0.0,0.0
2000-11-07,762.6699829101562,766.6400146484375,761.1199951171875,763.8400268554688,763.8400268554688,26731200,0.0,0.0
2000-11-08,764.4400024414062,764.9500122070312,752.97998046875,758.22998046875,758.22998046875,27333200,0.0,0.0
2000-11-09,758.0900268554688,758.0900268554688,751.8300170898438,753.1400146484375,753.1400146484375,19183000,0.0,0.0
2000-11-10,753.1799926757812,753.2100219726562,747.3800048828125,752.4400024414062,752.4400024414062,16475200,0.0,0.0
2000-11-13,751.1099853515625,751.1099853515625,732.989990234375,737.2000122070312,737.2000122070312,30445600,0.0,0.0
2000-11-14,737.1300048828125,745.25,736.6799926757812,745.25,745.25,24379800,0.0,0.0
2000-11-15,746.010009765625,746.22998046875,736.22998046875,737.6799926757812,737.6799926757812,24888800,0.0,0.0
2000-11-16,737.77001953125,737.7899780273438,728.530029296875,730.0,730.0,28104000,0.0,0.0
2000-11-17,728.8099975585938,735.6799926757812,727.030029296875,735.0900268554688,735.0900268554688,24598200,0.0,0.0
2000-11-20,734.5900268554688,739.0399780273438,733.1300048828125,739.0399780273438,739.0399780273438,17382800,0.0,0.0
2000-11-21,731.6799926757812,731.6799926757812,725.8400268554688,727.0800170898438,727.0800170898438,22472800,0.0,0.0
2000-11-22,727.239990234375,730.9000244140625,720.219970703125,720.6699829101562,720.6699829101562,27236000,0.0,0.0
2000-11-23,720.6699829101562,720.6699829101562,708.8699951171875,708.8699951171875,708.8699951171875,29281000,0.0,0.0
2000-11-24,708.510009765625,715.6699829101562,705.1599731445312,713.6300048828125,713.6300048828125,52509800,0.0,0.0
2000-11-27,714.260009765625,731.0900268554688,714.260009765625,731.0900268554688,731.0900268554688,42173800,0.0,0.0
2000-11-28,731.2999877929688,741.1900024414062,729.5700073242188,738.4199829101562,738.4199829101562,53827200,0.0,0.0
2000-11-29,737.2899780273438,737.2899780273438,729.2100219726562,732.25,732.25,23815200,0.0,0.0
2000-11-30,731.0900268554688,733.1799926757812,725.739990234375,729.9500122070312,729.9500122070312,32002000,0.0,0.0
2000-12-01,728.9299926757812,728.9299926757812,721.1699829101562,725.6900024414062,725.6900024414062,26908600,0.0,0.0
2000-12-04,725.8900146484375,732.25,722.27001953125,723.760009765625,723.760009765625,33249600,0.0,0.0
2000-12-05,724.6099853515625,731.510009765625,722.9400024414062,729.5,729.5,33034600,0.0,0.0
2000-12-06,734.6099853515625,742.8800048828125,734.6099853515625,741.0,741.0,45882600,0.0,0.0
2000-12-07,739.8699951171875,739.8699951171875,730.510009765625,735.969970703125,735.969970703125,27347800,0.0,0.0
2000-12-08,735.52001953125,737.9400024414062,729.780029296875,733.489990234375,733.489990234375,25810400,0.0,0.0
2000-12-11,731.52001953125,736.0900268554688,728.52001953125,736.0900268554688,736.0900268554688,20470200,0.0,0.0
2000-12-12,736.0,736.3499755859375,723.0700073242188,724.8900146484375,724.8900146484375,36488800,0.0,0.0
2000-12-13,725.0499877929688,726.8599853515625,717.8200073242188,719.25,719.25,42417600,0.0,0.0
2000-12-14,719.25,721.1300048828125,712.5,712.5,712.5,349542000,0.0,0.0
2000-12-15,712.2100219726562,712.2100219726562,697.760009765625,700.4400024414062,700.4400024414062,50134000,0.0,0.0
2000-12-18,697.3099975585938,711.0999755859375,685.27001953125,711.0999755859375,711.0999755859375,50422800,0.0,0.0
2000-12-19,710.6799926757812,720.739990234375,707.6500244140625,710.8599853515625,710.8599853515625,43902600,0.0,0.0
2000-12-20,710.6599731445312,714.1300048828125,697.1699829101562,705.510009765625,705.510009765625,37202000,0.0,0.0
2000-12-21,703.6599731445312,703.6599731445312,685.75,700.9600219726562,700.9600219726562,48288800,0.0,0.0
2000-12-22,699.030029296875,704.0900268554688,696.3900146484375,696.3900146484375,696.3900146484375,35387600,0.0,0.0
2000-12-26,698.3800048828125,704.8900146484375,673.739990234375,679.6400146484375,679.6400146484375,45701400,0.0,0.0
2001-01-02,676.4400024414062,676.4400024414062,653.1500244140625,666.6300048828125,666.6300048828125,32330600,0.0,0.0
2001-01-03,663.2000122070312,665.239990234375,652.6099853515625,657.52001953125,657.52001953125,35858600,0.0,0.0
2001-01-04,665.1900024414062,667.1900024414062,654.469970703125,663.8699951171875,663.8699951171875,53518000,0.0,0.0
2001-01-05,661.5,670.1799926757812,655.1199951171875,670.1799926757812,670.1799926757812,53736200,0.0,0.0
2001-01-08,667.7899780273438,681.260009765625,667.1799926757812,675.0,675.0,48495800,0.0,0.0
2001-01-09,674.9299926757812,676.1799926757812,664.8800048828125,674.5399780273438,674.5399780273438,37376400,0.0,0.0
2001-01-10,675.22998046875,680.25,670.9099731445312,679.7899780273438,679.7899780273438,33819000,0.0,0.0
2001-01-11,680.6699829101562,683.5,673.969970703125,675.77001953125,675.77001953125,28442000,0.0,0.0
2001-01-12,676.969970703125,681.2000122070312,675.280029296875,678.9000244140625,678.9000244140625,26771800,0.0,0.0
2001-01-15,678.7100219726562,687.4000244140625,677.8099975585938,682.6599731445312,682.6599731445312,25802400,0.0,0.0
2001-01-16,682.5800170898438,685.3699951171875,679.2899780273438,679.2899780273438,679.2899780273438,22001200,0.0,0.0
2001-01-17,679.5499877929688,682.5599975585938,670.6400146484375,679.6500244140625,679.6500244140625,31158200,0.0,0.0
2001-01-18,676.969970703125,684.0700073242188,675.9199829101562,683.9199829101562,683.9199829101562,31158200,0.0,0.0
2001-01-19,684.5800170898438,697.0499877929688,683.0599975585938,694.5,694.5,46550400,0.0,0.0
2001-01-22,694.0700073242188,712.5399780273438,694.0499877929688,711.0399780273438,711.0399780273438,60870800,0.0,0.0
2001-01-26,711.1199951171875,718.6099853515625,707.47998046875,715.0599975585938,715.0599975585938,66266600,0.0,0.0
2001-01-29,715.7899780273438,723.969970703125,714.3699951171875,719.8599853515625,719.8599853515625,52776800,0.0,0.0
2001-01-30,720.989990234375,727.6099853515625,719.3599853515625,722.6900024414062,722.6900024414062,64743400,0.0,0.0
2001-01-31,723.25,727.72998046875,714.5800170898438,727.72998046875,727.72998046875,54598400,0.0,0.0
2001-02-02,729.760009765625,737.5599975585938,725.4199829101562,736.3400268554688,736.3400268554688,59208600,0.0,0.0
2001-02-05,732.8099975585938,735.6500244140625,725.030029296875,732.02001953125,732.02001953125,47738600,0.0,0.0
2001-02-06,733.7899780273438,733.8800048828125,728.2899780273438,732.8099975585938,732.8099975585938,39156600,0.0,0.0
2001-02-07,733.5,736.739990234375,723.0900268554688,729.0999755859375,729.0999755859375,39503800,0.0,0.0
2001-02-08,730.0999755859375,730.0999755859375,719.5499877929688,719.8699951171875,719.8699951171875,43361400,0.0,0.0
2001-02-09,720.6199951171875,727.27001953125,717.3599853515625,724.8099975585938,724.8099975585938,42969000,0.0,0.0
2001-02-12,723.8200073242188,725.7899780273438,719.1300048828125,725.5800170898438,725.5800170898438,28402000,0.0,0.0
2001-02-13,725.6699829101562,725.7000122070312,717.489990234375,719.1400146484375,719.1400146484375,27395800,0.0,0.0
2001-02-14,716.8400268554688,718.4500122070312,708.5,714.5399780273438,714.5399780273438,38354400,0.0,0.0
2001-02-15,715.0700073242188,715.5,708.7100219726562,711.3300170898438,711.3300170898438,31234200,0.0,0.0
2001-02-16,711.0499877929688,716.469970703125,711.0499877929688,714.6599731445312,714.6599731445312,26162000,0.0,0.0
2001-02-19,714.72998046875,714.72998046875,702.9299926757812,711.3300170898438,711.3300170898438,22291400,0.0,0.0
2001-02-20,710.2999877929688,713.3200073242188,704.1400146484375,713.3200073242188,713.3200073242188,30401800,0.0,0.0
2001-02-21,712.9199829101562,715.8900146484375,709.0499877929688,711.52001953125,711.52001953125,38747000,0.0,0.0
2001-02-22,710.239990234375,713.47998046875,706.0900268554688,713.47998046875,713.47998046875,25583800,0.0,0.0
2001-02-23,713.52001953125,716.8200073242188,711.8800048828125,712.760009765625,712.760009765625,32355000,0.0,0.0
2001-02-26,712.489990234375,713.1400146484375,706.5,710.9400024414062,710.9400024414062,21384200,0.0,0.0
2001-02-27,711.9600219726562,712.5399780273438,708.72998046875,711.2899780273438,711.2899780273438,23465400,0.0,0.0
2001-02-28,711.280029296875,711.280029296875,705.1199951171875,709.3900146484375,709.3900146484375,22669800,0.0,0.0
2001-03-01,708.0,708.0,697.7000122070312,702.0,702.0,34864400,0.0,0.0
2001-03-02,702.5,703.0700073242188,696.8900146484375,703.0700073242188,703.0700073242188,26751800,0.0,0.0
2001-03-05,703.5800170898438,706.030029296875,696.4099731445312,706.030029296875,706.030029296875,23989000,0.0,0.0
2001-03-07,706.3800048828125,707.739990234375,701.239990234375,701.6500244140625,701.6500244140625,22819800,0.0,0.0
2001-03-08,701.6099853515625,701.6099853515625,696.2100219726562,696.4199829101562,696.4199829101562,24950800,0.0,0.0
2001-03-09,696.4099731445312,697.2000122070312,690.6099853515625,695.260009765625,695.260009765625,28378000,0.0,0.0
2001-03-12,692.4000244140625,692.4000244140625,681.7100219726562,688.8900146484375,688.8900146484375,27525800,0.0,0.0
2001-03-13,682.719970703125,683.239990234375,675.6099853515625,682.6300048828125,682.6300048828125,30806200,0.0,0.0
2001-03-14,683.2899780273438,686.22998046875,677.4400024414062,682.3300170898438,682.3300170898438,22033000,0.0,0.0
2001-03-15,677.9199829101562,677.9199829101562,670.1599731445312,675.8599853515625,675.8599853515625,30450000,0.0,0.0
2001-03-16,675.3099975585938,677.239990234375,669.6500244140625,672.010009765625,672.010009765625,17210600,0.0,0.0
2001-03-19,670.989990234375,670.989990234375,658.6099853515625,665.260009765625,665.260009765625,25695800,0.0,0.0
2001-03-20,665.75,666.4000244140625,655.510009765625,656.5,656.5,28581000,0.0,0.0
2001-03-21,654.2999877929688,673.239990234375,638.510009765625,673.239990234375,673.239990234375,48334600,0.0,0.0
2001-03-22,667.4000244140625,669.489990234375,654.6699829101562,669.489990234375,669.489990234375,28609800,0.0,0.0
2001-03-23,669.6900024414062,670.3099975585938,663.489990234375,669.27001953125,669.27001953125,25410800,0.0,0.0
2001-03-27,669.1199951171875,673.4099731445312,663.469970703125,663.469970703125,663.469970703125,22696400,0.0,0.0
2001-03-28,664.3900146484375,668.1599731445312,660.8200073242188,660.8200073242188,660.8200073242188,29110600,0.0,0.0
2001-03-29,660.2100219726562,660.4199829101562,649.6199951171875,652.030029296875,652.030029296875,29214200,0.0,0.0
2001-03-30,652.2899780273438,655.2100219726562,642.010009765625,647.47998046875,647.47998046875,34140200,0.0,0.0
2001-04-02,646.1300048828125,650.739990234375,637.780029296875,650.739990234375,650.739990234375,33540800,0.0,0.0
2001-04-03,650.6500244140625,650.6500244140625,633.1699829101562,633.1699829101562,633.1699829101562,36603200,0.0,0.0
2001-04-04,627.0499877929688,627.0499877929688,594.260009765625,594.260009765625,594.260009765625,64955600,0.0,0.0
2001-04-05,593.9099731445312,598.719970703125,574.9199829101562,591.739990234375,591.739990234375,58565000,0.0,0.0
2001-04-06,602.739990234375,602.739990234375,577.4400024414062,577.4400024414062,577.4400024414062,56623200,0.0,0.0
2001-04-09,575.1699829101562,575.1699829101562,552.9000244140625,553.3400268554688,553.3400268554688,54154800,0.0,0.0
2001-04-10,553.4000244140625,558.989990234375,547.719970703125,555.489990234375,555.489990234375,45980600,0.0,0.0
2001-04-11,556.3800048828125,569.7100219726562,555.1400146484375,567.8800048828125,567.8800048828125,45627800,0.0,0.0
2001-04-12,567.5700073242188,568.22998046875,559.7100219726562,566.469970703125,566.469970703125,31511000,0.0,0.0
2001-04-13,568.5599975585938,581.3699951171875,568.5599975585938,581.3699951171875,581.3699951171875,27548400,0.0,0.0
2001-04-16,581.0399780273438,581.6799926757812,573.6900024414062,581.3699951171875,581.3699951171875,22807400,0.0,0.0
2001-04-17,581.8400268554688,581.8400268554688,571.510009765625,575.0700073242188,575.0700073242188,23715200,0.0,0.0
2001-04-18,576.22998046875,578.2000122070312,564.6599731445312,570.02001953125,570.02001953125,30621400,0.0,0.0
2001-04-19,577.1099853515625,578.52001953125,567.6799926757812,570.010009765625,570.010009765625,58432400,0.0,0.0
2001-04-20,571.6300048828125,582.6900024414062,569.7000122070312,575.6699829101562,575.6699829101562,74064800,0.0,0.0
2001-04-23,576.6300048828125,577.25,570.489990234375,573.3699951171875,573.3699951171875,31285200,0.0,0.0
2001-04-24,572.9600219726562,573.0,567.489990234375,571.6900024414062,571.6900024414062,29515600,0.0,0.0
2001-04-25,571.1599731445312,576.6799926757812,570.0,573.0,573.0,28020200,0.0,0.0
2001-04-26,572.6300048828125,581.5700073242188,572.6300048828125,579.8900146484375,579.8900146484375,37896800,0.0,0.0
2001-04-27,580.0700073242188,591.3200073242188,579.97998046875,585.8699951171875,585.8699951171875,40373400,0.0,0.0
2001-04-30,588.3699951171875,593.7899780273438,583.77001953125,584.5,584.5,47172000,0.0,0.0
2001-05-02,592.030029296875,612.0700073242188,591.1099853515625,611.4199829101562,611.4199829101562,106190800,0.0,0.0
2001-05-03,615.97998046875,620.47998046875,606.6599731445312,606.6599731445312,606.6599731445312,100927400,0.0,0.0
2001-05-04,604.1699829101562,604.1799926757812,576.989990234375,576.989990234375,576.989990234375,62512600,0.0,0.0
2001-05-08,576.72998046875,581.3300170898438,569.530029296875,570.9099731445312,570.9099731445312,44476800,0.0,0.0
2001-05-09,571.0800170898438,574.510009765625,568.8099975585938,572.9099731445312,572.9099731445312,35728800,0.0,0.0
2001-05-10,573.8400268554688,579.97998046875,572.1099853515625,573.72998046875,573.72998046875,42791600,0.0,0.0
2001-05-11,573.5,573.5,570.219970703125,571.02001953125,571.02001953125,33463600,0.0,0.0
2001-05-14,570.3499755859375,570.3499755859375,562.489990234375,566.6900024414062,566.6900024414062,27497400,0.0,0.0
2001-05-15,566.75,566.9299926757812,559.969970703125,561.4600219726562,561.4600219726562,43330400,0.0,0.0
2001-05-16,561.1799926757812,569.030029296875,561.1799926757812,565.1500244140625,565.1500244140625,33079400,0.0,0.0
2001-05-17,568.5900268554688,572.219970703125,564.72998046875,565.6099853515625,565.6099853515625,31601200,0.0,0.0
2001-05-18,565.8400268554688,565.8400268554688,555.8599853515625,557.6599731445312,557.6599731445312,31742000,0.0,0.0
2001-05-21,557.4299926757812,560.0800170898438,552.7000122070312,554.3599853515625,554.3599853515625,22424000,0.0,0.0
2001-05-22,554.969970703125,560.0599975585938,552.4600219726562,556.52001953125,556.52001953125,37067600,0.0,0.0
2001-05-23,556.3800048828125,561.6799926757812,555.8400268554688,560.7899780273438,560.7899780273438,37840000,0.0,0.0
2001-05-24,560.75,567.6500244140625,558.6900024414062,567.5800170898438,567.5800170898438,52891800,0.0,0.0
2001-05-25,568.530029296875,570.0599975585938,563.719970703125,563.719970703125,563.719970703125,35423600,0.0,0.0
2001-05-28,563.9500122070312,566.0900268554688,560.6500244140625,566.0900268554688,566.0900268554688,20823000,0.0,0.0
2001-05-29,566.1799926757812,569.5999755859375,565.02001953125,567.6199951171875,567.6199951171875,25404800,0.0,0.0
2001-05-30,567.4400024414062,570.8099975585938,566.9500122070312,570.6799926757812,570.6799926757812,24672400,0.0,0.0
2001-05-31,570.489990234375,572.8800048828125,568.3900146484375,572.8800048828125,572.8800048828125,25971200,0.0,0.0
2001-06-01,573.2999877929688,573.6500244140625,569.6799926757812,571.260009765625,571.260009765625,22652400,0.0,0.0
2001-06-05,571.1199951171875,571.1199951171875,563.260009765625,567.3599853515625,567.3599853515625,45633800,0.0,0.0
2001-06-06,567.739990234375,568.989990234375,563.22998046875,564.0800170898438,564.0800170898438,24579600,0.0,0.0
2001-06-07,563.9299926757812,567.1500244140625,562.75,567.1500244140625,567.1500244140625,21623000,0.0,0.0
2001-06-08,566.5399780273438,577.0900268554688,566.5399780273438,575.7100219726562,575.7100219726562,40862000,0.0,0.0
2001-06-11,575.7899780273438,586.5800170898438,574.75,585.280029296875,585.280029296875,41134600,0.0,0.0
2001-06-12,584.75,597.510009765625,584.010009765625,593.1099853515625,593.1099853515625,60877200,0.0,0.0
2001-06-13,593.9299926757812,598.719970703125,589.8400268554688,598.719970703125,598.719970703125,54384600,0.0,0.0
2001-06-14,598.5499877929688,607.02001953125,597.2999877929688,600.8599853515625,600.8599853515625,57317600,0.0,0.0
2001-06-15,599.5900268554688,599.5900268554688,588.6099853515625,589.4199829101562,589.4199829101562,36396000,0.0,0.0
2001-06-18,588.6500244140625,588.77001953125,579.260009765625,584.8200073242188,584.8200073242188,23078000,0.0,0.0
2001-06-19,585.3900146484375,592.1300048828125,585.3900146484375,589.9299926757812,589.9299926757812,34295800,0.0,0.0
2001-06-20,590.1300048828125,590.7100219726562,586.1099853515625,586.1099853515625,586.1099853515625,25222800,0.0,0.0
2001-06-21,586.2999877929688,592.0,586.030029296875,592.0,592.0,25316800,0.0,0.0
2001-06-22,592.1500244140625,592.719970703125,587.8900146484375,587.8900146484375,587.8900146484375,27724200,0.0,0.0
2001-06-25,587.9500122070312,590.9199829101562,585.6500244140625,590.4299926757812,590.4299926757812,25210000,0.0,0.0
2001-06-26,590.4199829101562,596.0700073242188,589.1500244140625,595.239990234375,595.239990234375,28134600,0.0,0.0
2001-06-27,595.219970703125,595.4500122070312,590.6500244140625,590.6500244140625,590.6500244140625,24085400,0.0,0.0
2001-06-28,590.780029296875,593.52001953125,586.9600219726562,586.9600219726562,586.9600219726562,35841200,0.0,0.0
2001-06-29,587.6799926757812,594.1900024414062,587.6799926757812,592.989990234375,592.989990234375,48969600,0.0,0.0
2001-07-02,591.6599731445312,591.8300170898438,584.6699829101562,586.25,586.25,21880600,0.0,0.0
2001-07-03,586.3200073242188,591.1799926757812,586.0599975585938,591.1799926757812,591.1799926757812,17079400,0.0,0.0
2001-07-04,591.219970703125,599.2000122070312,590.6699829101562,598.1400146484375,598.1400146484375,28754200,0.0,0.0
2001-07-05,598.2100219726562,619.8599853515625,598.2100219726562,617.1400146484375,617.1400146484375,138999400,0.0,0.0
2001-07-06,617.9000244140625,637.5900268554688,616.7100219726562,626.8099975585938,626.8099975585938,123713200,0.0,0.0
2001-07-09,623.2100219726562,632.0499877929688,620.52001953125,627.7000122070312,627.7000122070312,57422400,0.0,0.0
2001-07-10,627.8099975585938,627.8300170898438,622.719970703125,626.22998046875,626.22998046875,44895400,0.0,0.0
2001-07-11,625.8499755859375,625.8499755859375,615.8499755859375,618.010009765625,618.010009765625,34532400,0.0,0.0
2001-07-12,618.1799926757812,618.3800048828125,609.6199951171875,609.8300170898438,609.8300170898438,31085600,0.0,0.0
2001-07-13,612.7000122070312,621.52001953125,612.6599731445312,621.030029296875,621.030029296875,54397600,0.0,0.0
2001-07-16,621.5900268554688,631.739990234375,621.5399780273438,630.0999755859375,630.0999755859375,47509600,0.0,0.0
2001-07-17,631.780029296875,637.7100219726562,630.969970703125,637.4000244140625,637.4000244140625,78875400,0.0,0.0
2001-07-18,639.489990234375,649.2899780273438,639.489990234375,647.719970703125,647.719970703125,119944600,0.0,0.0
2001-07-19,648.6099853515625,654.3099975585938,646.9500122070312,649.489990234375,649.489990234375,163401200,0.0,0.0
2001-07-20,649.6799926757812,651.77001953125,646.760009765625,648.780029296875,648.780029296875,113721600,0.0,0.0
2001-07-23,649.4000244140625,650.22998046875,636.7999877929688,637.3300170898438,637.3300170898438,82245600,0.0,0.0
2001-07-24,637.1500244140625,638.3099975585938,628.5700073242188,636.5900268554688,636.5900268554688,87669400,0.0,0.0
2001-07-25,637.0999755859375,646.97998046875,637.0999755859375,643.77001953125,643.77001953125,123725800,0.0,0.0
2001-07-26,644.1300048828125,648.8499755859375,641.8400268554688,642.7899780273438,642.7899780273438,121132800,0.0,0.0
2001-07-27,643.4400024414062,649.0999755859375,643.4400024414062,646.3300170898438,646.3300170898438,95070800,0.0,0.0
2001-07-30,646.8300170898438,658.02001953125,646.8300170898438,657.510009765625,657.510009765625,93954400,0.0,0.0
2001-07-31,658.0,667.1099853515625,657.25,659.4000244140625,659.4000244140625,102820600,0.0,0.0
2001-08-01,660.0599975585938,663.3200073242188,656.2999877929688,662.9600219726562,662.9600219726562,84969400,0.0,0.0
2001-08-02,663.5900268554688,667.7899780273438,660.739990234375,661.6500244140625,661.6500244140625,101945000,0.0,0.0
2001-08-03,662.7100219726562,662.9500122070312,658.0399780273438,659.25,659.25,67276400,0.0,0.0
2001-08-06,659.030029296875,659.260009765625,652.969970703125,654.02001953125,654.02001953125,52498800,0.0,0.0
2001-08-07,653.8800048828125,659.1199951171875,650.3499755859375,657.6500244140625,657.6500244140625,55297800,0.0,0.0
2001-08-08,657.7899780273438,659.030029296875,654.77001953125,656.8200073242188,656.8200073242188,46838000,0.0,0.0
2001-08-09,656.27001953125,657.010009765625,650.2100219726562,652.0900268554688,652.0900268554688,59677600,0.0,0.0
2001-08-10,652.0900268554688,652.25,644.9199829101562,648.0599975585938,648.0599975585938,53187400,0.0,0.0
2001-08-13,647.760009765625,649.6099853515625,645.5700073242188,648.3200073242188,648.3200073242188,48364000,0.0,0.0
2001-08-14,648.510009765625,658.8699951171875,648.510009765625,657.719970703125,657.719970703125,62619000,0.0,0.0
2001-08-15,658.5900268554688,663.8699951171875,655.760009765625,656.260009765625,656.260009765625,59301400,0.0,0.0
2001-08-16,656.8099975585938,658.7999877929688,653.9199829101562,655.1500244140625,655.1500244140625,43695000,0.0,0.0
2001-08-17,655.2000122070312,658.7100219726562,655.1099853515625,655.760009765625,655.760009765625,38125400,0.0,0.0
2001-08-20,655.1500244140625,655.4099731445312,652.3499755859375,654.4199829101562,654.4199829101562,33844600,0.0,0.0
2001-08-21,654.5499877929688,655.5399780273438,652.219970703125,653.77001953125,653.77001953125,36213400,0.0,0.0
2001-08-22,653.8099975585938,658.030029296875,652.8800048828125,657.1099853515625,657.1099853515625,34633600,0.0,0.0
2001-08-23,658.0399780273438,671.9099731445312,658.0399780273438,669.8599853515625,669.8599853515625,57989200,0.0,0.0
2001-08-24,670.1400146484375,684.7000122070312,669.4199829101562,682.8699951171875,682.8699951171875,98750400,0.0,0.0
2001-08-27,684.6900024414062,697.4199829101562,684.6900024414062,694.219970703125,694.219970703125,121996200,0.0,0.0
2001-08-28,694.22998046875,697.010009765625,689.6400146484375,691.469970703125,691.469970703125,73844200,0.0,0.0
2001-08-29,690.8900146484375,690.989990234375,685.6699829101562,689.0499877929688,689.0499877929688,44142000,0.0,0.0
2001-08-30,689.1799926757812,689.4600219726562,684.8200073242188,687.1599731445312,687.1599731445312,53715400,0.0,0.0
2001-09-03,686.3499755859375,693.280029296875,686.0700073242188,690.4500122070312,690.4500122070312,55876200,0.0,0.0
2001-09-04,690.530029296875,695.3800048828125,687.72998046875,687.72998046875,687.72998046875,53562800,0.0,0.0
2001-09-05,687.7100219726562,690.8499755859375,686.8499755859375,688.9000244140625,688.9000244140625,44040800,0.0,0.0
2001-09-06,689.0900268554688,690.4500122070312,686.6599731445312,688.0,688.0,53241800,0.0,0.0
2001-09-07,687.9400024414062,701.22998046875,686.030029296875,696.6500244140625,696.6500244140625,95708400,0.0,0.0
2001-09-10,696.27001953125,701.760009765625,694.75,695.280029296875,695.280029296875,89884600,0.0,0.0
2001-09-11,695.4000244140625,697.7999877929688,690.5399780273438,690.5399780273438,690.5399780273438,0,0.0,0.0
2001-09-13,660.989990234375,666.219970703125,644.3099975585938,664.52001953125,664.52001953125,0,0.0,0.0
2001-09-14,663.010009765625,663.47998046875,641.1799926757812,644.530029296875,644.530029296875,0,0.0,0.0
2001-09-17,636.0800170898438,636.0800170898438,600.510009765625,609.0,609.0,0,0.0,0.0
2001-09-18,612.7899780273438,627.3200073242188,589.9000244140625,607.6400146484375,607.6400146484375,0,0.0,0.0
2001-09-19,609.72998046875,633.719970703125,609.1699829101562,633.52001953125,633.52001953125,65948200,0.0,0.0
2001-09-20,631.8400268554688,631.8400268554688,622.02001953125,629.739990234375,629.739990234375,48582400,0.0,0.0
2001-09-21,619.4600219726562,619.4600219726562,605.0800170898438,607.9099731445312,607.9099731445312,71088400,0.0,0.0
2001-09-24,607.280029296875,607.280029296875,588.77001953125,605.4400024414062,605.4400024414062,51087800,0.0,0.0
2001-09-25,616.1099853515625,616.3099975585938,604.25,605.9500122070312,605.9500122070312,39457600,0.0,0.0
2001-09-26,606.219970703125,610.030029296875,602.030029296875,602.510009765625,602.510009765625,35836600,0.0,0.0
2001-09-27,602.7000122070312,616.3400268554688,602.25,612.6400146484375,612.6400146484375,43757200,0.0,0.0
2001-09-28,614.5700073242188,619.5999755859375,612.8499755859375,615.3400268554688,615.3400268554688,53157400,0.0,0.0
2001-10-01,617.1500244140625,617.760009765625,611.3900146484375,613.9500122070312,613.9500122070312,18629400,0.0,0.0
2001-10-02,613.0,616.739990234375,611.510009765625,616.739990234375,616.739990234375,23649600,0.0,0.0
2001-10-03,617.5,617.8800048828125,614.0399780273438,616.719970703125,616.719970703125,43612400,0.0,0.0
2001-10-04,618.5700073242188,618.5700073242188,606.510009765625,611.0499877929688,611.0499877929688,72339400,0.0,0.0
2001-10-05,610.6599731445312,613.4600219726562,608.8900146484375,609.0,609.0,35181600,0.0,0.0
2001-10-08,604.1099853515625,604.1099853515625,595.4400024414062,599.77001953125,599.77001953125,32742000,0.0,0.0
2001-10-09,599.75,609.9000244140625,599.0,609.6599731445312,609.6599731445312,35679200,0.0,0.0
2001-10-10,610.1500244140625,612.030029296875,603.9000244140625,603.9000244140625,603.9000244140625,41002600,0.0,0.0
2001-10-11,606.489990234375,610.010009765625,606.260009765625,609.3900146484375,609.3900146484375,38403600,0.0,0.0
2001-10-12,610.9600219726562,613.739990234375,610.3499755859375,611.3200073242188,611.3200073242188,44569600,0.0,0.0
2001-10-15,611.3699951171875,618.9000244140625,610.780029296875,618.9000244140625,618.9000244140625,23204400,0.0,0.0
2001-10-16,620.1799926757812,623.5399780273438,616.2000122070312,616.8499755859375,616.8499755859375,35293200,0.0,0.0
2001-10-17,617.5599975585938,621.780029296875,617.5599975585938,621.5800170898438,621.5800170898438,36245200,0.0,0.0
2001-10-18,621.9299926757812,623.510009765625,620.3699951171875,620.77001953125,620.77001953125,29539600,0.0,0.0
2001-10-19,621.2899780273438,621.2999877929688,614.1799926757812,615.02001953125,615.02001953125,33309600,0.0,0.0
2001-10-22,614.2100219726562,614.27001953125,608.5,609.0900268554688,609.0900268554688,26506200,0.0,0.0
2001-10-23,610.6799926757812,614.1599731445312,608.989990234375,613.6199951171875,613.6199951171875,26949200,0.0,0.0
2001-10-24,614.0599975585938,616.4500122070312,612.9099731445312,616.4000244140625,616.4000244140625,29308400,0.0,0.0
2001-10-25,616.5599975585938,618.5999755859375,614.4000244140625,615.1099853515625,615.1099853515625,27015400,0.0,0.0
2001-10-26,615.4099731445312,616.010009765625,609.72998046875,612.4099731445312,612.4099731445312,29336800,0.0,0.0
2001-10-29,612.4500122070312,613.6699829101562,605.0,605.7999877929688,605.7999877929688,21515000,0.0,0.0
2001-10-30,605.239990234375,605.260009765625,601.3699951171875,603.1900024414062,603.1900024414062,21520000,0.0,0.0
2001-10-31,603.1900024414062,603.3400268554688,597.3900146484375,600.0700073242188,600.0700073242188,28322000,0.0,0.0
2001-11-01,599.75,599.75,595.530029296875,596.02001953125,596.02001953125,29014200,0.0,0.0
2001-11-02,596.6500244140625,601.4500122070312,595.4600219726562,596.6500244140625,596.6500244140625,32192000,0.0,0.0
2001-11-05,597.3699951171875,598.4299926757812,591.0900268554688,592.8499755859375,592.8499755859375,26184200,0.0,0.0
2001-11-06,593.8699951171875,595.7999877929688,591.2100219726562,592.75,592.75,20537400,0.0,0.0
2001-11-07,592.5800170898438,593.9400024414062,589.8800048828125,592.260009765625,592.260009765625,20897800,0.0,0.0
2001-11-08,592.239990234375,598.5700073242188,591.5399780273438,598.5700073242188,598.5700073242188,44704600,0.0,0.0
2001-11-09,598.3900146484375,602.5999755859375,598.02001953125,599.4500122070312,599.4500122070312,30545400,0.0,0.0
2001-11-12,599.4600219726562,604.3300170898438,598.5,603.6799926757812,603.6799926757812,42964600,0.0,0.0
2001-11-13,603.2999877929688,612.719970703125,602.8099975585938,612.719970703125,612.719970703125,80015800,0.0,0.0
2001-11-15,616.6300048828125,632.6699829101562,616.6300048828125,632.5,632.5,79760200,0.0,0.0
2001-11-16,633.8599853515625,636.1900024414062,631.3300170898438,635.3099975585938,635.3099975585938,76604000,0.0,0.0
2001-11-19,636.0700073242188,636.4299926757812,627.4199829101562,628.1400146484375,628.1400146484375,74667800,0.0,0.0
2001-11-20,628.260009765625,633.3300170898438,624.2000122070312,625.3800048828125,625.3800048828125,87571200,0.0,0.0
2001-11-21,624.1300048828125,632.9099731445312,621.6599731445312,632.9099731445312,632.9099731445312,47165000,0.0,0.0
2001-11-23,633.1400146484375,640.3699951171875,633.1099853515625,639.530029296875,639.530029296875,78807800,0.0,0.0
2001-11-26,639.530029296875,641.52001953125,637.4299926757812,640.47998046875,640.47998046875,69611000,0.0,0.0
2001-11-27,640.760009765625,642.8400268554688,637.1599731445312,638.3499755859375,638.3499755859375,54036400,0.0,0.0
2001-11-28,638.6300048828125,641.0599975585938,632.0499877929688,641.0599975585938,641.0599975585938,50713200,0.0,0.0
2001-11-29,641.0499877929688,642.9199829101562,638.47998046875,641.9500122070312,641.9500122070312,44286600,0.0,0.0
2001-11-30,642.2899780273438,643.780029296875,637.4400024414062,638.02001953125,638.02001953125,55395600,0.0,0.0
2001-12-03,637.8300170898438,644.0499877929688,637.0399780273438,643.3499755859375,643.3499755859375,38194800,0.0,0.0
2001-12-04,643.1199951171875,647.510009765625,641.739990234375,647.510009765625,647.510009765625,45839800,0.0,0.0
2001-12-05,648.0700073242188,662.27001953125,648.0700073242188,653.010009765625,653.010009765625,109358800,0.0,0.0
2001-12-06,659.1699829101562,663.6500244140625,655.989990234375,656.3800048828125,656.3800048828125,86157400,0.0,0.0
2001-12-07,656.4600219726562,662.8499755859375,655.5599975585938,661.52001953125,661.52001953125,53567000,0.0,0.0
2001-12-10,661.1099853515625,668.260009765625,661.0499877929688,667.1099853515625,667.1099853515625,66249400,0.0,0.0
2001-12-11,666.8400268554688,668.0900268554688,662.780029296875,668.0900268554688,668.0900268554688,49095600,0.0,0.0
2001-12-12,668.1799926757812,669.219970703125,664.9000244140625,669.219970703125,669.219970703125,56224000,0.0,0.0
2001-12-13,669.260009765625,670.0599975585938,659.989990234375,662.010009765625,662.010009765625,66695200,0.0,0.0
2001-12-14,661.1199951171875,666.0399780273438,656.239990234375,664.1199951171875,664.1199951171875,52218600,0.0,0.0
2001-12-20,663.7899780273438,663.8800048828125,659.760009765625,662.4500122070312,662.4500122070312,52256200,0.0,0.0
2001-12-21,661.969970703125,665.6300048828125,659.6799926757812,665.0499877929688,665.0499877929688,30983800,0.0,0.0
2001-12-24,665.5999755859375,669.5800170898438,665.1900024414062,669.5800170898438,669.5800170898438,21162600,0.0,0.0
2001-12-26,670.9099731445312,679.9000244140625,667.2000122070312,679.2999877929688,679.2999877929688,33216200,0.0,0.0
2001-12-27,679.9400024414062,687.719970703125,679.8900146484375,687.719970703125,687.719970703125,51305600,0.0,0.0
2001-12-28,687.9400024414062,691.6400146484375,683.739990234375,691.6400146484375,691.6400146484375,54889400,0.0,0.0
2001-12-31,692.1099853515625,696.0900268554688,688.739990234375,696.0900268554688,696.0900268554688,70315600,0.0,0.0
2002-01-02,695.2000122070312,695.2000122070312,681.5,682.8300170898438,682.8300170898438,21151600,0.0,0.0
2002-01-03,682.9299926757812,687.6400146484375,682.6300048828125,683.47998046875,683.47998046875,36461000,0.0,0.0
2002-01-04,685.3400268554688,693.469970703125,685.3400268554688,693.469970703125,693.469970703125,79658400,0.0,0.0
2002-01-07,694.6300048828125,701.5399780273438,694.2100219726562,697.1099853515625,697.1099853515625,79894400,0.0,0.0
2002-01-08,697.280029296875,697.2899780273438,689.8200073242188,692.2100219726562,692.2100219726562,51177800,0.0,0.0
2002-01-09,692.4000244140625,700.52001953125,692.4000244140625,700.469970703125,700.469970703125,59042400,0.0,0.0
2002-01-10,700.8099975585938,709.8900146484375,700.6900024414062,704.989990234375,704.989990234375,93495600,0.0,0.0
2002-01-11,705.219970703125,710.2899780273438,698.9600219726562,703.0399780273438,703.0399780273438,79813600,0.0,0.0
2002-01-14,703.1199951171875,703.7000122070312,695.0800170898438,698.4500122070312,698.4500122070312,37137000,0.0,0.0
2002-01-15,698.25,701.6599731445312,695.5599975585938,700.469970703125,700.469970703125,51988000,0.0,0.0
2002-01-16,700.0399780273438,702.5700073242188,698.27001953125,700.6199951171875,700.6199951171875,57383800,0.0,0.0
2002-01-17,698.77001953125,699.3599853515625,692.4500122070312,697.8699951171875,697.8699951171875,53405400,0.0,0.0
2002-01-18,698.5800170898438,699.4400024414062,696.75,698.530029296875,698.530029296875,43545000,0.0,0.0
2002-01-21,698.1400146484375,698.9099731445312,694.75,695.9400024414062,695.9400024414062,28618800,0.0,0.0
2002-01-22,696.1599731445312,697.0,689.0,690.22998046875,690.22998046875,34325000,0.0,0.0
2002-01-23,690.219970703125,690.3900146484375,685.4600219726562,688.5599975585938,688.5599975585938,38767000,0.0,0.0
2002-01-24,689.0599975585938,689.1699829101562,683.7999877929688,685.9500122070312,685.9500122070312,36877400,0.0,0.0
2002-01-25,685.5700073242188,693.6599731445312,685.3599853515625,693.5800170898438,693.5800170898438,62420400,0.0,0.0
2002-01-28,694.1699829101562,705.780029296875,694.1699829101562,705.6099853515625,705.6099853515625,93280400,0.0,0.0
2002-01-29,706.97998046875,711.260009765625,705.9600219726562,706.3200073242188,706.3200073242188,78651400,0.0,0.0
2002-01-30,704.780029296875,710.0,701.1900024414062,710.0,710.0,62820600,0.0,0.0
2002-01-31,710.3499755859375,718.8200073242188,710.3499755859375,718.8200073242188,718.8200073242188,89088600,0.0,0.0
2002-02-04,720.6699829101562,726.8900146484375,720.6699829101562,723.5399780273438,723.5399780273438,120115200,0.0,0.0
2002-02-05,722.719970703125,724.260009765625,716.7999877929688,720.3300170898438,720.3300170898438,84898200,0.0,0.0
2002-02-06,719.9500122070312,719.9500122070312,714.5,715.219970703125,715.219970703125,66408400,0.0,0.0
2002-02-07,716.2999877929688,716.760009765625,705.75,707.6799926757812,707.6799926757812,50504800,0.0,0.0
2002-02-08,710.5800170898438,713.3800048828125,706.9099731445312,710.9199829101562,710.9199829101562,53730400,0.0,0.0
2002-02-14,712.489990234375,716.77001953125,711.1400146484375,714.8099975585938,714.8099975585938,52196400,0.0,0.0
2002-02-15,714.989990234375,724.6799926757812,714.989990234375,721.97998046875,721.97998046875,73101600,0.0,0.0
2002-02-18,722.27001953125,723.3499755859375,717.1699829101562,721.1300048828125,721.1300048828125,39977400,0.0,0.0
2002-02-19,722.4199829101562,730.2100219726562,722.4199829101562,729.72998046875,729.72998046875,93138800,0.0,0.0
2002-02-20,729.6699829101562,729.6699829101562,722.5700073242188,722.7899780273438,722.7899780273438,53469800,0.0,0.0
2002-02-21,722.739990234375,725.5599975585938,716.1900024414062,717.3900146484375,717.3900146484375,57072800,0.0,0.0
2002-02-22,717.1400146484375,717.8099975585938,707.6799926757812,710.6099853515625,710.6099853515625,52490000,0.0,0.0
2002-02-25,710.2899780273438,710.2899780273438,698.5700073242188,701.3099975585938,701.3099975585938,43811600,0.0,0.0
2002-02-26,702.3200073242188,707.0499877929688,701.0900268554688,701.0900268554688,701.0900268554688,37152800,0.0,0.0
2002-02-27,701.3900146484375,706.8099975585938,698.0700073242188,703.9199829101562,703.9199829101562,51599600,0.0,0.0
2002-02-28,704.2999877929688,709.4000244140625,703.1900024414062,708.9099731445312,708.9099731445312,59909400,0.0,0.0
2002-03-01,708.739990234375,717.5700073242188,708.739990234375,717.5700073242188,717.5700073242188,43364000,0.0,0.0
2002-03-04,719.8800048828125,727.4400024414062,719.8800048828125,724.9000244140625,724.9000244140625,61504800,0.0,0.0
2002-03-05,729.3400268554688,738.8400268554688,729.3400268554688,736.6900024414062,736.6900024414062,89732000,0.0,0.0
2002-03-06,737.0399780273438,738.52001953125,732.6599731445312,737.0499877929688,737.0499877929688,53137800,0.0,0.0
2002-03-07,737.27001953125,742.0399780273438,736.9299926757812,741.719970703125,741.719970703125,49954800,0.0,0.0
2002-03-08,741.530029296875,750.3699951171875,740.0,747.6300048828125,747.6300048828125,100847600,0.0,0.0
2002-03-11,749.9299926757812,762.1699829101562,749.9299926757812,761.010009765625,761.010009765625,123879200,0.0,0.0
2002-03-12,761.4000244140625,761.4000244140625,752.530029296875,753.6199951171875,753.6199951171875,78043800,0.0,0.0
2002-03-13,754.0,755.0700073242188,750.25,754.510009765625,754.510009765625,58034600,0.0,0.0
2002-03-14,754.1400146484375,754.1400146484375,749.1599731445312,751.6400146484375,751.6400146484375,44594000,0.0,0.0
2002-03-18,752.1400146484375,759.3800048828125,751.8200073242188,757.4400024414062,757.4400024414062,66423600,0.0,0.0
2002-03-19,756.5800170898438,756.9600219726562,749.7899780273438,754.27001953125,754.27001953125,66742200,0.0,0.0
2002-03-20,754.3499755859375,756.739990234375,752.8800048828125,754.9500122070312,754.9500122070312,51606000,0.0,0.0
2002-03-21,754.6900024414062,757.2999877929688,752.1300048828125,756.219970703125,756.219970703125,46645000,0.0,0.0
2002-03-22,755.969970703125,756.4000244140625,750.0800170898438,752.6300048828125,752.6300048828125,66878600,0.0,0.0
2002-03-25,752.2899780273438,752.3400268554688,744.8900146484375,746.260009765625,746.260009765625,65004800,0.0,0.0
2002-03-26,746.4400024414062,751.2999877929688,746.3099975585938,751.2999877929688,751.2999877929688,52757800,0.0,0.0
2002-03-27,751.5499877929688,756.510009765625,751.5499877929688,756.510009765625,756.510009765625,69741600,0.0,0.0
2002-03-28,756.0900268554688,760.4500122070312,755.0499877929688,755.0499877929688,755.0499877929688,88219400,0.0,0.0
2002-03-29,755.9500122070312,758.8499755859375,755.0900268554688,756.0999755859375,756.0999755859375,43053800,0.0,0.0
2002-04-01,756.4199829101562,757.3900146484375,752.510009765625,757.3900146484375,757.3900146484375,39994400,0.0,0.0
2002-04-02,756.9099731445312,756.9099731445312,753.47998046875,755.4199829101562,755.4199829101562,65278000,0.0,0.0
2002-04-03,754.719970703125,756.1199951171875,747.8200073242188,755.469970703125,755.469970703125,63030400,0.0,0.0
2002-04-04,755.3599853515625,755.4299926757812,749.7899780273438,752.4099731445312,752.4099731445312,74762400,0.0,0.0
2002-04-05,753.0800170898438,761.4199829101562,752.1099853515625,761.4199829101562,761.4199829101562,99933400,0.0,0.0
2002-04-08,761.8699951171875,773.0700073242188,761.739990234375,772.260009765625,772.260009765625,124475400,0.0,0.0
2002-04-09,773.9500122070312,776.9000244140625,771.8900146484375,775.8800048828125,775.8800048828125,121790800,0.0,0.0
2002-04-10,776.0,777.3400268554688,773.1300048828125,774.5800170898438,774.5800170898438,119238000,0.0,0.0
2002-04-11,775.8800048828125,778.8699951171875,774.6099853515625,774.760009765625,774.760009765625,124411000,0.0,0.0
2002-04-12,774.3900146484375,777.77001953125,769.9099731445312,776.2100219726562,776.2100219726562,97250800,0.0,0.0
2002-04-15,777.260009765625,786.219970703125,777.260009765625,784.5399780273438,784.5399780273438,144255800,0.0,0.0
2002-04-16,784.9199829101562,785.3800048828125,781.3699951171875,782.1199951171875,782.1199951171875,91265400,0.0,0.0
2002-04-17,784.4199829101562,793.6799926757812,784.4199829101562,792.1400146484375,792.1400146484375,167122200,0.0,0.0
2002-04-18,792.4199829101562,793.3300170898438,786.8699951171875,787.22998046875,787.22998046875,107981200,0.0,0.0
2002-04-19,786.97998046875,799.5599975585938,786.97998046875,798.3499755859375,798.3499755859375,132277200,0.0,0.0
2002-04-22,800.6500244140625,808.010009765625,800.0999755859375,807.2999877929688,807.2999877929688,119218000,0.0,0.0
2002-04-23,807.9400024414062,816.9400024414062,806.0499877929688,808.0700073242188,808.0700073242188,135703600,0.0,0.0
2002-04-24,808.1900024414062,808.1900024414062,798.1799926757812,799.510009765625,799.510009765625,85581400,0.0,0.0
2002-04-26,799.6099853515625,802.5,798.5399780273438,801.3699951171875,801.3699951171875,74897400,0.0,0.0
2002-04-29,800.260009765625,800.3800048828125,789.5399780273438,790.75,790.75,75063200,0.0,0.0
2002-04-30,789.780029296875,793.989990234375,786.8400268554688,793.989990234375,793.989990234375,67754400,0.0,0.0
2002-05-02,795.0700073242188,799.969970703125,793.6699829101562,795.3499755859375,795.3499755859375,73689600,0.0,0.0
2002-05-03,795.1199951171875,796.5499877929688,791.7899780273438,794.6599731445312,794.6599731445312,42822000,0.0,0.0
2002-05-06,795.5499877929688,797.3099975585938,793.0999755859375,795.0999755859375,795.0999755859375,46630200,0.0,0.0
2002-05-07,793.4299926757812,793.4299926757812,787.0599975585938,789.9299926757812,789.9299926757812,52094600,0.0,0.0
2002-05-08,789.5599975585938,796.2000122070312,789.5599975585938,794.469970703125,794.469970703125,73995600,0.0,0.0
2002-05-09,798.2899780273438,800.0499877929688,793.8800048828125,794.6599731445312,794.6599731445312,76786800,0.0,0.0
2002-05-10,795.1199951171875,795.1199951171875,787.4500122070312,788.5399780273438,788.5399780273438,47601600,0.0,0.0
2002-05-13,788.4400024414062,788.77001953125,782.760009765625,786.030029296875,786.030029296875,40539000,0.0,0.0
2002-05-14,788.0700073242188,789.5800170898438,783.030029296875,785.510009765625,785.510009765625,45955000,0.0,0.0
2002-05-15,786.1599731445312,788.1599731445312,785.1599731445312,786.75,786.75,45848000,0.0,0.0
2002-05-16,786.8400268554688,787.0900268554688,784.5399780273438,786.3800048828125,786.3800048828125,36572200,0.0,0.0
2002-05-17,786.1699829101562,788.97998046875,784.0900268554688,787.8499755859375,787.8499755859375,44474200,0.0,0.0
2002-05-20,787.3699951171875,787.989990234375,782.5800170898438,784.5599975585938,784.5599975585938,32886200,0.0,0.0
2002-05-21,784.1799926757812,784.1799926757812,778.75,781.719970703125,781.719970703125,41906600,0.0,0.0
2002-05-22,782.1099853515625,782.1099853515625,771.239990234375,772.9400024414062,772.9400024414062,53836800,0.0,0.0
2002-05-23,772.5900268554688,773.4199829101562,763.6199951171875,767.5900268554688,767.5900268554688,51349600,0.0,0.0
2002-05-24,767.77001953125,769.1300048828125,763.47998046875,765.8599853515625,765.8599853515625,40983400,0.0,0.0
2002-05-28,766.8200073242188,766.8200073242188,759.4199829101562,761.2999877929688,761.2999877929688,41959800,0.0,0.0
2002-05-29,761.4400024414062,763.1400146484375,756.219970703125,763.1400146484375,763.1400146484375,48969400,0.0,0.0
2002-05-30,763.1599731445312,763.1599731445312,758.6500244140625,759.3300170898438,759.3300170898438,52467000,0.0,0.0
2002-05-31,759.1400146484375,759.4299926757812,741.760009765625,741.760009765625,741.760009765625,68636800,0.0,0.0
2002-06-03,741.9000244140625,749.2999877929688,739.2999877929688,749.0,749.0,38846200,0.0,0.0
2002-06-04,748.280029296875,750.5599975585938,746.010009765625,750.5599975585938,750.5599975585938,33353200,0.0,0.0
2002-06-05,750.6400146484375,753.0999755859375,744.9299926757812,746.9299926757812,746.9299926757812,41726600,0.0,0.0
2002-06-06,748.239990234375,753.989990234375,748.239990234375,752.8800048828125,752.8800048828125,37691200,0.0,0.0
2002-06-07,752.77001953125,755.2100219726562,750.4299926757812,755.2100219726562,755.2100219726562,38200800,0.0,0.0
2002-06-10,756.260009765625,756.260009765625,752.219970703125,755.22998046875,755.22998046875,31500000,0.0,0.0
2002-06-11,752.52001953125,752.6599731445312,748.3099975585938,750.3900146484375,750.3900146484375,54049200,0.0,0.0
2002-06-12,750.219970703125,751.1699829101562,747.0800170898438,750.5700073242188,750.5700073242188,43263800,0.0,0.0
2002-06-13,750.9299926757812,753.3900146484375,750.25,753.3900146484375,753.3900146484375,37363000,0.0,0.0
2002-06-14,752.3400268554688,752.3400268554688,746.0800170898438,748.510009765625,748.510009765625,45792200,0.0,0.0
2002-06-17,748.8099975585938,748.8900146484375,744.5700073242188,746.7899780273438,746.7899780273438,26192200,0.0,0.0
2002-06-18,747.2100219726562,748.739990234375,745.9199829101562,747.4199829101562,747.4199829101562,29403000,0.0,0.0
2002-06-19,747.4099731445312,747.489990234375,743.3699951171875,743.9000244140625,743.9000244140625,39927800,0.0,0.0
2002-06-20,744.0800170898438,746.7100219726562,743.8699951171875,746.27001953125,746.27001953125,28101600,0.0,0.0
2002-06-21,746.1199951171875,747.1900024414062,742.6699829101562,743.3499755859375,743.3499755859375,36746200,0.0,0.0
2002-06-24,739.6900024414062,739.6900024414062,724.8099975585938,726.5,726.5,72659000,0.0,0.0
2002-06-25,726.1300048828125,726.1300048828125,713.260009765625,717.2100219726562,717.2100219726562,88623600,0.0,0.0
2002-06-26,718.6900024414062,723.3699951171875,703.9099731445312,705.0399780273438,705.0399780273438,80596000,0.0,0.0
2002-06-27,706.6599731445312,714.6099853515625,705.02001953125,711.5800170898438,711.5800170898438,60920800,0.0,0.0
2002-06-28,712.6500244140625,729.3099975585938,712.6500244140625,725.4400024414062,725.4400024414062,62162600,0.0,0.0
2002-07-01,727.72998046875,727.72998046875,720.4400024414062,724.6500244140625,724.6500244140625,32276800,0.0,0.0
2002-07-02,724.4099731445312,743.3599853515625,724.0499877929688,743.3599853515625,743.3599853515625,41308000,0.0,0.0
2002-07-03,741.97998046875,742.0,731.77001953125,739.3499755859375,739.3499755859375,32622800,0.0,0.0
2002-07-04,739.010009765625,741.5900268554688,737.5399780273438,741.5499877929688,741.5499877929688,35577800,0.0,0.0
2002-07-05,742.1799926757812,745.4099731445312,741.1400146484375,744.6199951171875,744.6199951171875,45084400,0.0,0.0
2002-07-08,747.5999755859375,750.3300170898438,735.2100219726562,735.780029296875,735.780029296875,35656600,0.0,0.0
2002-07-09,735.969970703125,743.9299926757812,735.739990234375,743.5800170898438,743.5800170898438,32674000,0.0,0.0
2002-07-10,743.3300170898438,743.3699951171875,740.030029296875,743.1699829101562,743.1699829101562,29143600,0.0,0.0
2002-07-11,742.52001953125,742.52001953125,736.1799926757812,738.8499755859375,738.8499755859375,27290400,0.0,0.0
2002-07-12,738.9600219726562,740.9000244140625,737.9299926757812,739.8499755859375,739.8499755859375,29706400,0.0,0.0
2002-07-15,739.8099975585938,740.6099853515625,735.5599975585938,739.1300048828125,739.1300048828125,32568000,0.0,0.0
2002-07-16,738.0900268554688,740.5900268554688,733.8099975585938,734.3599853515625,734.3599853515625,32328400,0.0,0.0
2002-07-17,734.4000244140625,734.6799926757812,729.760009765625,731.1699829101562,731.1699829101562,32618800,0.0,0.0
2002-07-18,731.8200073242188,734.6300048828125,730.3599853515625,733.8699951171875,733.8699951171875,24105600,0.0,0.0
2002-07-19,733.4099731445312,733.4099731445312,726.47998046875,726.47998046875,726.47998046875,31647400,0.0,0.0
2002-07-22,723.1300048828125,723.1300048828125,715.25,716.5700073242188,716.5700073242188,41455400,0.0,0.0
2002-07-23,715.2999877929688,724.989990234375,712.9099731445312,724.3200073242188,724.3200073242188,33984200,0.0,0.0
2002-07-24,723.2000122070312,723.2000122070312,715.0999755859375,715.0999755859375,715.0999755859375,42263800,0.0,0.0
2002-07-25,720.1799926757812,722.3300170898438,715.4600219726562,718.8499755859375,718.8499755859375,33671200,0.0,0.0
2002-07-26,718.3800048828125,720.3900146484375,715.1500244140625,717.7100219726562,717.7100219726562,24414800,0.0,0.0
2002-07-29,717.6300048828125,721.7100219726562,717.0800170898438,720.97998046875,720.97998046875,22194400,0.0,0.0
2002-07-30,724.0499877929688,727.5,721.1799926757812,721.9000244140625,721.9000244140625,38024400,0.0,0.0
2002-07-31,722.1099853515625,723.9299926757812,721.1699829101562,721.5900268554688,721.5900268554688,32491800,0.0,0.0
2002-08-01,721.3300170898438,723.5700073242188,719.8800048828125,723.5700073242188,723.5700073242188,40143400,0.0,0.0
2002-08-02,723.4199829101562,723.4199829101562,718.7000122070312,719.530029296875,719.530029296875,32656200,0.0,0.0
2002-08-05,719.3300170898438,721.1500244140625,718.1500244140625,721.1500244140625,721.1500244140625,30031400,0.0,0.0
2002-08-06,720.0499877929688,720.0499877929688,716.4600219726562,719.1799926757812,719.1799926757812,33130600,0.0,0.0
2002-08-07,719.5800170898438,722.2100219726562,719.5800170898438,721.6500244140625,721.6500244140625,22147800,0.0,0.0
2002-08-08,721.8699951171875,723.1199951171875,721.52001953125,722.5,722.5,19411200,0.0,0.0
2002-08-09,722.6199951171875,724.760009765625,722.5700073242188,723.1799926757812,723.1799926757812,23303400,0.0,0.0
2002-08-12,723.8599853515625,724.030029296875,720.75,724.030029296875,724.030029296875,30360600,0.0,0.0
2002-08-13,724.02001953125,730.1099853515625,723.219970703125,729.2899780273438,729.2899780273438,32445000,0.0,0.0
2002-08-14,728.6900024414062,731.22998046875,726.0999755859375,729.989990234375,729.989990234375,23616800,0.0,0.0
2002-08-15,731.5,736.4199829101562,731.5,734.0700073242188,734.0700073242188,38895400,0.0,0.0
2002-08-16,735.1199951171875,738.760009765625,734.4299926757812,736.5999755859375,736.5999755859375,30801000,0.0,0.0
2002-08-19,736.5999755859375,736.760009765625,733.97998046875,736.5399780273438,736.5399780273438,24038800,0.0,0.0
2002-08-20,736.969970703125,737.6900024414062,733.2999877929688,733.97998046875,733.97998046875,29496000,0.0,0.0
2002-08-21,734.0599975585938,734.0599975585938,728.5800170898438,730.7899780273438,730.7899780273438,34926400,0.0,0.0
2002-08-22,730.7899780273438,732.030029296875,728.6099853515625,730.010009765625,730.010009765625,33768600,0.0,0.0
2002-08-23,730.239990234375,731.52001953125,727.4099731445312,729.989990234375,729.989990234375,24126800,0.0,0.0
2002-08-26,729.3699951171875,729.6400146484375,726.7899780273438,728.489990234375,728.489990234375,29809000,0.0,0.0
2002-08-27,728.9600219726562,729.3499755859375,726.6900024414062,728.72998046875,728.72998046875,34748600,0.0,0.0
2002-08-28,728.8300170898438,728.8300170898438,723.4299926757812,724.719970703125,724.719970703125,33596000,0.0,0.0
2002-08-29,724.6300048828125,725.5,713.8300170898438,715.1400146484375,715.1400146484375,40406000,0.0,0.0
2002-08-30,715.0800170898438,715.7899780273438,709.2899780273438,711.3599853515625,711.3599853515625,39503600,0.0,0.0
2002-09-02,710.75,713.4000244140625,709.2899780273438,713.4000244140625,713.4000244140625,18752400,0.0,0.0
2002-09-03,713.4600219726562,713.4600219726562,710.2999877929688,712.9500122070312,712.9500122070312,30663200,0.0,0.0
2002-09-04,712.7999877929688,712.7999877929688,705.5,707.8499755859375,707.8499755859375,35113800,0.0,0.0
2002-09-05,707.75,707.9299926757812,704.02001953125,705.9500122070312,705.9500122070312,29440400,0.0,0.0
2002-09-06,705.3400268554688,705.510009765625,693.010009765625,694.0900268554688,694.0900268554688,43758600,0.0,0.0
2002-09-09,694.2000122070312,694.8300170898438,679.6799926757812,683.2000122070312,683.2000122070312,36978800,0.0,0.0
2002-09-10,683.8400268554688,688.47998046875,683.2000122070312,687.8200073242188,687.8200073242188,33202600,0.0,0.0
2002-09-11,686.9199829101562,689.7000122070312,685.8699951171875,689.7000122070312,689.7000122070312,24006800,0.0,0.0
2002-09-12,689.510009765625,695.0800170898438,689.510009765625,694.1099853515625,694.1099853515625,33341600,0.0,0.0
2002-09-13,692.4000244140625,692.4000244140625,684.6500244140625,688.2899780273438,688.2899780273438,33318600,0.0,0.0
2002-09-16,688.2899780273438,688.3800048828125,683.6400146484375,684.2899780273438,684.2899780273438,23376800,0.0,0.0
2002-09-17,684.5499877929688,690.8900146484375,684.5499877929688,690.47998046875,690.47998046875,30971800,0.0,0.0
2002-09-18,689.7100219726562,689.7100219726562,676.6500244140625,677.2100219726562,677.2100219726562,35710800,0.0,0.0
2002-09-19,677.239990234375,678.2100219726562,670.7999877929688,675.5599975585938,675.5599975585938,39866000,0.0,0.0
2002-09-20,675.5700073242188,675.5700073242188,669.1699829101562,672.6400146484375,672.6400146484375,34853800,0.0,0.0
2002-09-23,672.780029296875,672.780029296875,660.8099975585938,662.47998046875,662.47998046875,36013400,0.0,0.0
2002-09-24,661.6199951171875,661.6199951171875,649.6699829101562,652.4099731445312,652.4099731445312,48318200,0.0,0.0
2002-09-25,651.4000244140625,651.4000244140625,630.6500244140625,636.75,636.75,69265200,0.0,0.0
2002-09-26,639.2100219726562,642.030029296875,631.6599731445312,639.8300170898438,639.8300170898438,50322200,0.0,0.0
2002-09-27,641.3599853515625,648.510009765625,641.3599853515625,647.3599853515625,647.3599853515625,37237200,0.0,0.0
2002-09-30,644.6099853515625,645.989990234375,638.010009765625,638.010009765625,638.010009765625,41474400,0.0,0.0
2002-10-01,637.9099731445312,645.4099731445312,636.2999877929688,644.989990234375,644.989990234375,26498400,0.0,0.0
2002-10-02,648.530029296875,652.489990234375,646.469970703125,646.469970703125,646.469970703125,26770400,0.0,0.0
2002-10-03,646.8300170898438,646.989990234375,643.8200073242188,646.4199829101562,646.4199829101562,23022000,0.0,0.0
2002-10-04,646.4600219726562,647.2999877929688,644.0900268554688,644.0900268554688,644.0900268554688,35171200,0.0,0.0
2002-10-07,643.6400146484375,643.6400146484375,639.7100219726562,642.0900268554688,642.0900268554688,24538000,0.0,0.0
2002-10-08,641.7999877929688,643.739990234375,633.5599975585938,643.739990234375,643.739990234375,34018000,0.0,0.0
2002-10-09,642.9299926757812,643.1099853515625,637.780029296875,641.530029296875,641.530029296875,32731200,0.0,0.0
2002-10-10,640.4000244140625,640.4000244140625,633.1400146484375,635.1400146484375,635.1400146484375,31215400,0.0,0.0
2002-10-11,635.72998046875,639.47998046875,635.5,637.780029296875,637.780029296875,22660200,0.0,0.0
2002-10-14,638.0499877929688,638.47998046875,629.2899780273438,630.010009765625,630.010009765625,22745600,0.0,0.0
2002-10-15,630.2000122070312,630.27001953125,621.0900268554688,624.1599731445312,624.1599731445312,44984800,0.0,0.0
2002-10-16,628.2999877929688,634.4600219726562,628.1500244140625,634.4600219726562,634.4600219726562,41466400,0.0,0.0
2002-10-17,633.5499877929688,638.9299926757812,631.6199951171875,638.9299926757812,638.9299926757812,39677400,0.0,0.0
2002-10-18,639.5900268554688,653.9000244140625,639.5900268554688,652.25,652.25,75413000,0.0,0.0
2002-10-21,652.780029296875,652.9600219726562,650.2100219726562,652.4099731445312,652.4099731445312,50926200,0.0,0.0
2002-10-22,653.0900268554688,655.0900268554688,651.5,654.3300170898438,654.3300170898438,33268600,0.0,0.0
2002-10-23,654.27001953125,654.27001953125,650.030029296875,652.77001953125,652.77001953125,28606800,0.0,0.0
2002-10-24,652.9500122070312,658.7000122070312,652.3800048828125,655.7999877929688,655.7999877929688,43833800,0.0,0.0
2002-10-25,655.9099731445312,656.1199951171875,653.77001953125,655.6799926757812,655.6799926757812,27231400,0.0,0.0
2002-10-28,655.8699951171875,663.4000244140625,655.8699951171875,662.780029296875,662.780029296875,33963800,0.0,0.0
2002-10-29,663.0499877929688,665.0999755859375,660.8800048828125,660.9400024414062,660.9400024414062,35819800,0.0,0.0
2002-10-30,661.1199951171875,661.2000122070312,656.5499877929688,657.739990234375,657.739990234375,23506400,0.0,0.0
2002-10-31,657.9000244140625,659.5700073242188,656.1199951171875,659.5700073242188,659.5700073242188,25506800,0.0,0.0
2002-11-01,659.760009765625,661.6099853515625,655.2000122070312,657.3800048828125,657.3800048828125,24200200,0.0,0.0
2002-11-05,657.9400024414062,661.5499877929688,653.9400024414062,653.9400024414062,653.9400024414062,41987600,0.0,0.0
2002-11-06,654.52001953125,658.6699829101562,653.5,658.6500244140625,658.6500244140625,30292200,0.0,0.0
2002-11-07,657.969970703125,660.1799926757812,655.760009765625,655.760009765625,655.760009765625,30291200,0.0,0.0
2002-11-08,655.1900024414062,656.6799926757812,653.8400268554688,656.6799926757812,656.6799926757812,23859600,0.0,0.0
2002-11-11,657.0,657.0,652.0499877929688,653.1699829101562,653.1699829101562,34115400,0.0,0.0
2002-11-12,652.5499877929688,652.6099853515625,649.3699951171875,651.7000122070312,651.7000122070312,38976400,0.0,0.0
2002-11-13,651.760009765625,651.77001953125,645.72998046875,646.9400024414062,646.9400024414062,43634400,0.0,0.0
2002-11-14,646.6300048828125,648.719970703125,645.260009765625,646.1500244140625,646.1500244140625,34285400,0.0,0.0
2002-11-15,646.72998046875,648.780029296875,646.72998046875,647.8800048828125,647.8800048828125,30465200,0.0,0.0
2002-11-18,648.1900024414062,649.8499755859375,643.27001953125,643.9099731445312,643.9099731445312,30378200,0.0,0.0
2002-11-19,643.760009765625,643.9500122070312,636.219970703125,637.4299926757812,637.4299926757812,45177000,0.0,0.0
2002-11-20,636.9400024414062,639.1599731445312,636.3699951171875,637.1699829101562,637.1699829101562,25182400,0.0,0.0
2002-11-21,637.5,640.0700073242188,637.1500244140625,638.2100219726562,638.2100219726562,31145000,0.0,0.0
2002-11-22,639.25,643.0399780273438,639.1199951171875,639.1199951171875,639.1199951171875,38804800,0.0,0.0
2002-11-25,639.510009765625,644.1599731445312,638.0399780273438,643.3099975585938,643.3099975585938,31590200,0.0,0.0
2002-11-26,643.3099975585938,643.780029296875,639.3900146484375,640.6799926757812,640.6799926757812,27952600,0.0,0.0
2002-11-27,640.1699829101562,640.1699829101562,631.7999877929688,632.4199829101562,632.4199829101562,54587400,0.0,0.0
2002-11-28,634.22998046875,636.7999877929688,629.4000244140625,630.8599853515625,630.8599853515625,46308600,0.0,0.0
2002-11-29,630.969970703125,632.719970703125,629.219970703125,629.219970703125,629.219970703125,34161800,0.0,0.0
2002-12-02,629.77001953125,631.3400268554688,623.0900268554688,624.260009765625,624.260009765625,28164400,0.0,0.0
2002-12-03,624.8400268554688,624.8400268554688,614.0,616.4600219726562,616.4600219726562,45461800,0.0,0.0
2002-12-04,615.75,620.77001953125,614.6500244140625,618.3699951171875,618.3699951171875,38784000,0.0,0.0
2002-12-09,618.7100219726562,637.77001953125,618.7100219726562,637.77001953125,637.77001953125,55875400,0.0,0.0
2002-12-10,635.9000244140625,642.4000244140625,632.9500122070312,633.3800048828125,633.3800048828125,40050800,0.0,0.0
2002-12-11,633.6400146484375,636.5599975585938,632.8099975585938,635.1699829101562,635.1699829101562,21787800,0.0,0.0
2002-12-12,635.2899780273438,635.7999877929688,630.780029296875,634.280029296875,634.280029296875,26714200,0.0,0.0
2002-12-13,634.3200073242188,634.3200073242188,630.5800170898438,632.2000122070312,632.2000122070312,29342600,0.0,0.0
2002-12-16,631.2899780273438,631.4400024414062,627.4500122070312,629.469970703125,629.469970703125,30835200,0.0,0.0
2002-12-17,630.3900146484375,637.5900268554688,630.3900146484375,635.6300048828125,635.6300048828125,35151200,0.0,0.0
2002-12-18,635.25,635.8099975585938,633.0900268554688,635.8099975585938,635.8099975585938,28591400,0.0,0.0
2002-12-19,635.5499877929688,637.1900024414062,633.7000122070312,636.7899780273438,636.7899780273438,31355400,0.0,0.0
2002-12-20,636.989990234375,638.030029296875,634.8699951171875,638.030029296875,638.030029296875,33241200,0.0,0.0
2002-12-23,638.0900268554688,639.2000122070312,636.4000244140625,639.2000122070312,639.2000122070312,21095200,0.0,0.0
2002-12-24,639.3800048828125,641.1599731445312,636.1500244140625,641.1599731445312,641.1599731445312,16168400,0.0,0.0
2002-12-26,641.1500244140625,648.0700073242188,637.8400268554688,648.0700073242188,648.0700073242188,22842200,0.0,0.0
2002-12-27,646.0,650.3900146484375,643.030029296875,650.3900146484375,650.3900146484375,26105600,0.0,0.0
2002-12-30,650.1699829101562,650.1699829101562,645.2999877929688,648.4299926757812,648.4299926757812,30380400,0.0,0.0
2002-12-31,648.0700073242188,650.3499755859375,644.7999877929688,646.3200073242188,646.3200073242188,59115400,0.0,0.0
2003-01-02,646.989990234375,647.219970703125,632.3400268554688,632.4299926757812,632.4299926757812,14224200,0.0,0.0
2003-01-03,633.989990234375,636.6099853515625,631.3499755859375,633.5,633.5,18595800,0.0,0.0
2003-01-06,633.5800170898438,634.239990234375,626.1799926757812,627.8900146484375,627.8900146484375,20648400,0.0,0.0
2003-01-07,627.9600219726562,628.6699829101562,624.0599975585938,626.1699829101562,626.1699829101562,24400600,0.0,0.0
2003-01-08,625.8900146484375,626.4199829101562,623.2999877929688,625.1300048828125,625.1300048828125,18972600,0.0,0.0
2003-01-09,624.6500244140625,626.5800170898438,624.25,626.5800170898438,626.5800170898438,24214400,0.0,0.0
2003-01-10,626.5599975585938,636.969970703125,623.8300170898438,635.8200073242188,635.8200073242188,51886000,0.0,0.0
2003-01-13,637.3900146484375,653.0900268554688,637.3900146484375,651.47998046875,651.47998046875,104269200,0.0,0.0
2003-01-14,654.4299926757812,667.280029296875,654.4299926757812,661.4099731445312,661.4099731445312,121427400,0.0,0.0
2003-01-15,662.969970703125,668.2100219726562,657.239990234375,668.2100219726562,668.2100219726562,98590200,0.0,0.0
2003-01-16,668.469970703125,672.5399780273438,666.2999877929688,670.1400146484375,670.1400146484375,86252000,0.0,0.0
2003-01-17,669.8400268554688,672.1500244140625,666.239990234375,670.530029296875,670.530029296875,63752000,0.0,0.0
2003-01-20,670.1599731445312,670.1699829101562,666.02001953125,666.3599853515625,666.3599853515625,59780000,0.0,0.0
2003-01-21,665.969970703125,675.8699951171875,665.6599731445312,675.8699951171875,675.8699951171875,86574200,0.0,0.0
2003-01-22,675.6799926757812,675.969970703125,671.8599853515625,672.4099731445312,672.4099731445312,67328400,0.0,0.0
2003-01-23,672.4500122070312,672.510009765625,667.010009765625,670.780029296875,670.780029296875,68133400,0.0,0.0
2003-01-24,670.2999877929688,670.9199829101562,663.8800048828125,668.8099975585938,668.8099975585938,55743000,0.0,0.0
2003-01-27,667.3599853515625,667.3599853515625,652.1099853515625,664.6199951171875,664.6199951171875,75123800,0.0,0.0
2003-01-28,663.0499877929688,672.2000122070312,659.239990234375,671.6300048828125,671.6300048828125,62386800,0.0,0.0
2003-01-29,671.8900146484375,672.510009765625,663.8400268554688,665.4400024414062,665.4400024414062,46491800,0.0,0.0
2003-01-30,665.5700073242188,667.1599731445312,657.9299926757812,664.77001953125,664.77001953125,51153600,0.0,0.0
2003-02-05,664.75,668.1799926757812,662.219970703125,668.1799926757812,668.1799926757812,47285600,0.0,0.0
2003-02-06,667.5,667.5,662.5399780273438,664.9500122070312,664.9500122070312,41908000,0.0,0.0
2003-02-07,664.22998046875,664.22998046875,660.2100219726562,661.25,661.25,45072000,0.0,0.0
2003-02-10,661.3200073242188,661.3200073242188,654.4199829101562,658.4600219726562,658.4600219726562,47990400,0.0,0.0
2003-02-11,659.0,662.0399780273438,657.3900146484375,659.9500122070312,659.9500122070312,34950400,0.0,0.0
2003-02-13,659.9000244140625,660.3200073242188,653.489990234375,656.5399780273438,656.5399780273438,44861800,0.0,0.0
2003-02-14,656.22998046875,657.6099853515625,654.1699829101562,656.9500122070312,656.9500122070312,30579400,0.0,0.0
2003-02-17,657.760009765625,662.0900268554688,656.9000244140625,659.3300170898438,659.3300170898438,36367600,0.0,0.0
2003-02-18,660.4400024414062,660.7000122070312,656.8699951171875,657.4500122070312,657.4500122070312,29310200,0.0,0.0
2003-02-19,657.3800048828125,660.9600219726562,657.3800048828125,660.9600219726562,660.9600219726562,35498200,0.0,0.0
2003-02-20,660.969970703125,660.969970703125,655.0800170898438,655.3200073242188,655.3200073242188,33406400,0.0,0.0
2003-02-21,654.5800170898438,655.25,651.9000244140625,654.489990234375,654.489990234375,27223000,0.0,0.0
2003-02-24,654.5800170898438,655.1400146484375,649.5900268554688,651.5599975585938,651.5599975585938,19780600,0.0,0.0
2003-02-25,651.4600219726562,653.1300048828125,647.489990234375,653.1300048828125,653.1300048828125,38247400,0.0,0.0
2003-02-26,652.469970703125,652.8099975585938,648.530029296875,650.7100219726562,650.7100219726562,25842600,0.0,0.0
2003-02-27,650.6599731445312,653.7999877929688,647.27001953125,652.4400024414062,652.4400024414062,45147200,0.0,0.0
2003-02-28,653.0,653.2999877929688,646.75,646.7999877929688,646.7999877929688,34659000,0.0,0.0
2003-03-03,647.0399780273438,649.5800170898438,645.0399780273438,649.219970703125,649.219970703125,28759800,0.0,0.0
2003-03-05,647.6900024414062,647.6900024414062,640.6199951171875,643.0700073242188,643.0700073242188,34518400,0.0,0.0
2003-03-06,642.969970703125,644.030029296875,639.739990234375,642.4299926757812,642.4299926757812,31441600,0.0,0.0
2003-03-07,642.1400146484375,642.1400146484375,633.5999755859375,635.6599731445312,635.6599731445312,45808600,0.0,0.0
2003-03-10,635.5999755859375,635.5999755859375,624.1799926757812,624.780029296875,624.780029296875,57623600,0.0,0.0
2003-03-11,623.9400024414062,623.9400024414062,615.77001953125,619.219970703125,619.219970703125,52956000,0.0,0.0
2003-03-12,618.8099975585938,629.0999755859375,617.6300048828125,629.0999755859375,629.0999755859375,49150000,0.0,0.0
2003-03-13,628.4099731445312,629.52001953125,626.6599731445312,627.4600219726562,627.4600219726562,34857400,0.0,0.0
2003-03-14,632.22998046875,633.260009765625,628.0700073242188,628.5499877929688,628.5499877929688,38903000,0.0,0.0
2003-03-17,628.3699951171875,628.4500122070312,622.3200073242188,622.6099853515625,622.6099853515625,27905000,0.0,0.0
2003-03-18,625.760009765625,629.510009765625,624.4500122070312,627.0800170898438,627.0800170898438,54217200,0.0,0.0
2003-03-19,627.5,629.3400268554688,626.030029296875,627.9400024414062,627.9400024414062,30348800,0.0,0.0
2003-03-20,628.1099853515625,635.5599975585938,627.0999755859375,632.030029296875,632.030029296875,74292000,0.0,0.0
2003-03-21,633.4000244140625,634.9500122070312,630.5900268554688,632.1699829101562,632.1699829101562,63496400,0.0,0.0
2003-03-24,632.7899780273438,634.4500122070312,632.3900146484375,633.1300048828125,633.1300048828125,39303200,0.0,0.0
2003-03-25,631.6199951171875,631.6199951171875,627.9400024414062,629.6599731445312,629.6599731445312,27122800,0.0,0.0
2003-03-26,629.4099731445312,633.760009765625,629.4099731445312,632.989990234375,632.989990234375,40955200,0.0,0.0
2003-03-27,632.97998046875,634.530029296875,630.8300170898438,632.8400268554688,632.8400268554688,36164600,0.0,0.0
2003-03-28,632.9600219726562,635.8499755859375,630.8099975585938,634.9600219726562,634.9600219726562,44664000,0.0,0.0
2003-03-31,634.5499877929688,635.719970703125,628.6500244140625,635.719970703125,635.719970703125,48974400,0.0,0.0
2003-04-01,631.4500122070312,631.5999755859375,626.030029296875,627.1099853515625,627.1099853515625,40280000,0.0,0.0
2003-04-02,626.6900024414062,629.6599731445312,626.25,628.969970703125,628.969970703125,35465400,0.0,0.0
2003-04-03,630.4099731445312,633.1699829101562,628.5399780273438,628.5399780273438,628.5399780273438,47165400,0.0,0.0
2003-04-04,628.7999877929688,637.3900146484375,628.25,631.02001953125,631.02001953125,50877600,0.0,0.0
2003-04-07,630.9099731445312,640.3499755859375,630.9099731445312,640.3499755859375,640.3499755859375,39573200,0.0,0.0
2003-04-08,640.030029296875,643.6799926757812,639.0,640.0800170898438,640.0800170898438,42183000,0.0,0.0
2003-04-09,639.9299926757812,639.9299926757812,633.72998046875,634.4099731445312,634.4099731445312,35282800,0.0,0.0
2003-04-10,633.7999877929688,633.7999877929688,629.2899780273438,629.9199829101562,629.9199829101562,42119200,0.0,0.0
2003-04-11,630.02001953125,632.4400024414062,628.9299926757812,629.6900024414062,629.6900024414062,39883000,0.0,0.0
2003-04-14,627.739990234375,627.739990234375,623.780029296875,624.2100219726562,624.2100219726562,28140600,0.0,0.0
2003-04-15,625.0399780273438,631.2999877929688,625.0399780273438,631.1699829101562,631.1699829101562,30768000,0.0,0.0
2003-04-16,632.02001953125,635.22998046875,630.489990234375,633.77001953125,633.77001953125,31855600,0.0,0.0
2003-04-17,633.6400146484375,633.6400146484375,631.0,631.3699951171875,631.3699951171875,26936600,0.0,0.0
2003-04-18,631.469970703125,635.6099853515625,631.469970703125,635.6099853515625,635.6099853515625,17275200,0.0,0.0
2003-04-21,634.8900146484375,635.239990234375,633.0900268554688,634.2999877929688,634.2999877929688,16131200,0.0,0.0
2003-04-22,634.489990234375,634.489990234375,631.6300048828125,632.989990234375,632.989990234375,20232800,0.0,0.0
2003-04-23,633.3499755859375,633.6900024414062,627.0999755859375,629.6199951171875,629.6199951171875,27602400,0.0,0.0
2003-04-24,629.510009765625,629.530029296875,622.7999877929688,624.6599731445312,624.6599731445312,39693600,0.0,0.0
2003-04-25,623.8800048828125,627.72998046875,623.47998046875,627.72998046875,627.72998046875,30236800,0.0,0.0
2003-04-28,627.3200073242188,627.3200073242188,621.1099853515625,624.1799926757812,624.1799926757812,28537000,0.0,0.0
2003-04-29,624.4199829101562,629.9400024414062,624.4199829101562,628.0399780273438,628.0399780273438,36727200,0.0,0.0
2003-04-30,628.8599853515625,631.4099731445312,628.8300170898438,630.3699951171875,630.3699951171875,31350400,0.0,0.0
2003-05-02,631.1599731445312,631.1599731445312,627.260009765625,627.260009765625,627.260009765625,24396400,0.0,0.0
2003-05-05,627.6199951171875,631.4099731445312,627.6199951171875,631.4099731445312,631.4099731445312,19776800,0.0,0.0
2003-05-06,631.4600219726562,632.739990234375,629.5599975585938,631.8300170898438,631.8300170898438,23576200,0.0,0.0
2003-05-07,631.9000244140625,632.3599853515625,630.2899780273438,632.280029296875,632.280029296875,33950000,0.0,0.0
2003-05-08,632.2000122070312,632.2000122070312,628.030029296875,630.8400268554688,630.8400268554688,28066000,0.0,0.0
2003-05-09,631.2899780273438,631.97998046875,629.5399780273438,630.1400146484375,630.1400146484375,37623200,0.0,0.0
2003-05-12,631.1199951171875,633.9500122070312,630.280029296875,633.9500122070312,633.9500122070312,29982200,0.0,0.0
2003-05-13,634.030029296875,635.780029296875,633.8900146484375,635.780029296875,635.780029296875,38443800,0.0,0.0
2003-05-16,635.4299926757812,639.4500122070312,635.4299926757812,636.260009765625,636.260009765625,36382200,0.0,0.0
2003-05-19,636.0900268554688,637.2100219726562,635.3300170898438,636.6799926757812,636.6799926757812,39284800,0.0,0.0
2003-05-20,636.3599853515625,637.510009765625,635.530029296875,636.9600219726562,636.9600219726562,39697600,0.0,0.0
2003-05-21,636.97998046875,640.7100219726562,636.8300170898438,640.3699951171875,640.3699951171875,50917800,0.0,0.0
2003-05-22,640.4299926757812,642.3900146484375,639.0700073242188,642.25,642.25,49364600,0.0,0.0
2003-05-23,642.3599853515625,652.6199951171875,642.3599853515625,650.8800048828125,650.8800048828125,91766600,0.0,0.0
2003-05-26,653.0,655.739990234375,651.6699829101562,655.739990234375,655.739990234375,73826400,0.0,0.0
2003-05-27,655.5399780273438,655.7000122070312,650.8900146484375,652.1099853515625,652.1099853515625,55810800,0.0,0.0
2003-05-28,652.760009765625,665.1900024414062,652.760009765625,664.0,664.0,96475800,0.0,0.0
2003-05-29,664.2000122070312,672.4199829101562,663.02001953125,672.0499877929688,672.0499877929688,67278000,0.0,0.0
2003-05-30,671.6699829101562,678.5999755859375,670.22998046875,671.4600219726562,671.4600219726562,95987200,0.0,0.0
2003-06-02,672.9199829101562,675.3499755859375,670.1099853515625,671.8400268554688,671.8400268554688,64042400,0.0,0.0
2003-06-03,671.8200073242188,675.6400146484375,670.719970703125,674.5700073242188,674.5700073242188,63583400,0.0,0.0
2003-06-04,675.1400146484375,675.6599731445312,670.5900268554688,672.8400268554688,672.8400268554688,38769600,0.0,0.0
2003-06-05,674.0800170898438,686.489990234375,674.0800170898438,682.4299926757812,682.4299926757812,108718200,0.0,0.0
2003-06-06,683.2000122070312,684.9400024414062,679.8300170898438,681.5700073242188,681.5700073242188,69746400,0.0,0.0
2003-06-09,682.1799926757812,686.0800170898438,681.0900268554688,684.4099731445312,684.4099731445312,82527200,0.0,0.0
2003-06-10,684.2999877929688,684.530029296875,681.030029296875,682.0700073242188,682.0700073242188,58258200,0.0,0.0
2003-06-11,682.8499755859375,689.9099731445312,682.8499755859375,688.6099853515625,688.6099853515625,109273000,0.0,0.0
2003-06-12,690.510009765625,694.4400024414062,688.0599975585938,690.3200073242188,690.3200073242188,110358800,0.0,0.0
2003-06-13,690.5700073242188,693.9199829101562,689.0700073242188,689.9400024414062,689.9400024414062,112804200,0.0,0.0
2003-06-16,688.0800170898438,690.0999755859375,681.3599853515625,683.27001953125,683.27001953125,64292200,0.0,0.0
2003-06-17,685.4199829101562,689.6900024414062,684.4199829101562,685.0599975585938,685.0599975585938,62724600,0.0,0.0
2003-06-18,685.3300170898438,686.8400268554688,681.5999755859375,683.760009765625,683.760009765625,58249600,0.0,0.0
2003-06-19,683.5499877929688,683.5999755859375,678.8499755859375,681.6900024414062,681.6900024414062,60620600,0.0,0.0
2003-06-20,681.6699829101562,685.6199951171875,679.1900024414062,682.4400024414062,682.4400024414062,59687000,0.0,0.0
2003-06-23,683.469970703125,687.3699951171875,682.469970703125,684.9099731445312,684.9099731445312,59273000,0.0,0.0
2003-06-24,684.3400268554688,684.3400268554688,677.25,678.72998046875,678.72998046875,47895000,0.0,0.0
2003-06-25,679.6099853515625,682.3200073242188,678.9600219726562,682.3200073242188,682.3200073242188,38850000,0.0,0.0
2003-06-26,681.0800170898438,682.9600219726562,680.0800170898438,682.719970703125,682.719970703125,45683600,0.0,0.0
2003-06-27,684.719970703125,691.4500122070312,684.6300048828125,691.4500122070312,691.4500122070312,93032800,0.0,0.0
2003-06-30,691.969970703125,695.9000244140625,691.1500244140625,691.9600219726562,691.9600219726562,82469400,0.0,0.0
2003-07-01,691.9299926757812,693.6400146484375,690.9400024414062,693.5800170898438,693.5800170898438,65798200,0.0,0.0
2003-07-02,693.4400024414062,703.260009765625,693.4400024414062,703.260009765625,703.260009765625,107365600,0.0,0.0
2003-07-03,704.260009765625,722.52001953125,704.260009765625,721.9299926757812,721.9299926757812,251305600,0.0,0.0
2003-07-04,722.47998046875,725.9099731445312,720.75,725.1099853515625,725.1099853515625,170159000,0.0,0.0
2003-07-07,726.0999755859375,732.9400024414062,726.0999755859375,730.4000244140625,730.4000244140625,171304800,0.0,0.0
2003-07-08,735.0599975585938,737.9199829101562,725.469970703125,727.0,727.0,150321600,0.0,0.0
2003-07-09,727.6699829101562,728.1900024414062,722.6400146484375,725.6699829101562,725.6699829101562,86096200,0.0,0.0
2003-07-10,726.6199951171875,728.010009765625,722.7999877929688,723.8499755859375,723.8499755859375,92013200,0.0,0.0
2003-07-11,723.1599731445312,724.5599975585938,718.510009765625,723.9000244140625,723.9000244140625,69893600,0.0,0.0
2003-07-14,724.47998046875,728.6900024414062,723.4199829101562,727.1099853515625,727.1099853515625,120117000,0.0,0.0
2003-07-15,728.77001953125,730.5,725.780029296875,729.3900146484375,729.3900146484375,130705600,0.0,0.0
2003-07-16,730.010009765625,730.010009765625,721.3800048828125,724.3499755859375,724.3499755859375,101216800,0.0,0.0
2003-07-17,724.2000122070312,724.2000122070312,714.22998046875,715.6500244140625,715.6500244140625,87468200,0.0,0.0
2003-07-18,713.6500244140625,716.52001953125,710.4600219726562,716.52001953125,716.52001953125,58318600,0.0,0.0
2003-07-21,718.4400024414062,719.6599731445312,715.6300048828125,719.6599731445312,719.6599731445312,57398400,0.0,0.0
2003-07-22,719.5499877929688,719.5499877929688,711.510009765625,712.8599853515625,712.8599853515625,66816800,0.0,0.0
2003-07-23,713.7100219726562,716.3800048828125,710.0399780273438,712.8699951171875,712.8699951171875,76497800,0.0,0.0
2003-07-24,712.3800048828125,713.1300048828125,704.9000244140625,710.3699951171875,710.3699951171875,59252800,0.0,0.0
2003-07-25,709.6099853515625,710.760009765625,707.8400268554688,710.530029296875,710.530029296875,51764600,0.0,0.0
2003-07-28,711.4199829101562,713.22998046875,706.3300170898438,708.239990234375,708.239990234375,41402600,0.0,0.0
2003-07-29,707.8599853515625,711.9600219726562,707.22998046875,711.6799926757812,711.6799926757812,51285800,0.0,0.0
2003-07-30,711.6599731445312,720.7100219726562,710.4500122070312,720.7100219726562,720.7100219726562,68961600,0.0,0.0
2003-07-31,720.780029296875,721.4299926757812,717.8099975585938,720.5599975585938,720.5599975585938,62511400,0.0,0.0
2003-08-01,721.0599975585938,724.25,719.72998046875,723.030029296875,723.030029296875,59836200,0.0,0.0
2003-08-04,723.3499755859375,723.5700073242188,717.5,723.239990234375,723.239990234375,45139800,0.0,0.0
2003-08-05,723.1500244140625,723.8200073242188,719.0700073242188,722.22998046875,722.22998046875,88198000,0.0,0.0
2003-08-06,720.0700073242188,720.0700073242188,713.3900146484375,718.9099731445312,718.9099731445312,55954000,0.0,0.0
2003-08-07,718.9299926757812,719.7899780273438,715.739990234375,719.7899780273438,719.7899780273438,52486000,0.0,0.0
2003-08-08,719.3699951171875,722.2100219726562,716.8800048828125,722.2100219726562,722.2100219726562,42982400,0.0,0.0
2003-08-11,722.1900024414062,726.8300170898438,720.0399780273438,726.8300170898438,726.8300170898438,49025400,0.0,0.0
2003-08-12,726.0800170898438,726.9199829101562,722.4299926757812,724.2100219726562,724.2100219726562,44360400,0.0,0.0
2003-08-13,724.4000244140625,725.8099975585938,723.27001953125,724.22998046875,724.22998046875,49826200,0.0,0.0
2003-08-14,724.0599975585938,728.52001953125,723.9600219726562,727.4600219726562,727.4600219726562,70479600,0.0,0.0
2003-08-15,728.219970703125,729.77001953125,726.239990234375,728.510009765625,728.510009765625,55881600,0.0,0.0
2003-08-18,729.260009765625,731.0599975585938,727.5599975585938,728.8400268554688,728.8400268554688,63127000,0.0,0.0
2003-08-19,729.6900024414062,732.7100219726562,729.6900024414062,732.0700073242188,732.0700073242188,69754800,0.0,0.0
2003-08-20,732.3699951171875,733.1099853515625,730.3900146484375,732.239990234375,732.239990234375,54734600,0.0,0.0
2003-08-21,732.530029296875,739.9600219726562,731.6900024414062,739.9600219726562,739.9600219726562,93282000,0.0,0.0
2003-08-22,741.25,744.969970703125,739.469970703125,743.3499755859375,743.3499755859375,84017200,0.0,0.0
2003-08-25,744.2100219726562,746.5,740.530029296875,742.260009765625,742.260009765625,68106800,0.0,0.0
2003-08-26,740.739990234375,741.0599975585938,737.5399780273438,741.02001953125,741.02001953125,68659000,0.0,0.0
2003-08-27,741.5,745.5800170898438,741.22998046875,744.6199951171875,744.6199951171875,78849800,0.0,0.0
2003-08-28,744.6900024414062,750.780029296875,743.8900146484375,746.489990234375,746.489990234375,97705000,0.0,0.0
2003-08-29,746.9000244140625,748.22998046875,741.4600219726562,743.2999877929688,743.2999877929688,69153200,0.0,0.0
2003-09-02,743.1699829101562,743.510009765625,739.5700073242188,742.02001953125,742.02001953125,66579400,0.0,0.0
2003-09-03,743.0700073242188,745.1699829101562,739.75,745.1699829101562,745.1699829101562,79682800,0.0,0.0
2003-09-04,745.3900146484375,754.239990234375,745.3900146484375,752.260009765625,752.260009765625,92922000,0.0,0.0
2003-09-05,752.8800048828125,757.6699829101562,752.780029296875,756.47998046875,756.47998046875,71353600,0.0,0.0
2003-09-08,756.8499755859375,756.9299926757812,746.72998046875,748.8599853515625,748.8599853515625,57537400,0.0,0.0
2003-09-09,749.0800170898438,749.5800170898438,740.6500244140625,742.8300170898438,742.8300170898438,55544400,0.0,0.0
2003-09-10,740.739990234375,740.739990234375,732.3599853515625,736.22998046875,736.22998046875,81334800,0.0,0.0
2003-09-11,736.1599731445312,743.0,735.8300170898438,743.0,743.0,64128200,0.0,0.0
2003-09-12,742.3499755859375,744.719970703125,740.2999877929688,740.9400024414062,740.9400024414062,40263400,0.0,0.0
2003-09-15,741.52001953125,743.010009765625,738.9299926757812,743.010009765625,743.010009765625,41741200,0.0,0.0
2003-09-16,743.0700073242188,743.5499877929688,739.5900268554688,741.760009765625,741.760009765625,60000000,0.0,0.0
2003-09-17,742.5599975585938,748.1400146484375,742.1400146484375,747.0,747.0,74461200,0.0,0.0
2003-09-18,747.02001953125,748.3300170898438,742.9400024414062,743.4299926757812,743.4299926757812,45019600,0.0,0.0
2003-09-19,745.2000122070312,747.4299926757812,742.97998046875,744.1699829101562,744.1699829101562,55215200,0.0,0.0
2003-09-22,745.1799926757812,745.1799926757812,738.0399780273438,738.3599853515625,738.3599853515625,56729800,0.0,0.0
2003-09-23,738.4600219726562,739.3499755859375,735.5499877929688,737.239990234375,737.239990234375,63167000,0.0,0.0
2003-09-24,737.5599975585938,744.989990234375,733.5700073242188,744.989990234375,744.989990234375,105510000,0.0,0.0
2003-09-25,744.5800170898438,745.9400024414062,740.97998046875,742.6699829101562,742.6699829101562,105628000,0.0,0.0
2003-09-26,743.4000244140625,745.2100219726562,742.0499877929688,742.219970703125,742.219970703125,114847200,0.0,0.0
2003-09-29,742.969970703125,743.1400146484375,734.7100219726562,736.1599731445312,736.1599731445312,68153400,0.0,0.0
2003-09-30,736.3699951171875,738.27001953125,732.280029296875,733.4500122070312,733.4500122070312,91978400,0.0,0.0
2003-10-01,733.280029296875,737.6400146484375,733.280029296875,737.6400146484375,737.6400146484375,73764800,0.0,0.0
2003-10-02,738.97998046875,741.1900024414062,733.77001953125,737.4299926757812,737.4299926757812,71108400,0.0,0.0
2003-10-03,737.2000122070312,742.0,737.2000122070312,740.2000122070312,740.2000122070312,66113200,0.0,0.0
2003-10-06,740.5800170898438,743.6599731445312,740.5800170898438,742.72998046875,742.72998046875,69893800,0.0,0.0
2003-10-07,743.0700073242188,749.52001953125,743.0700073242188,748.5499877929688,748.5499877929688,92240000,0.0,0.0
2003-10-08,749.0999755859375,762.5599975585938,749.0999755859375,759.6199951171875,759.6199951171875,147042400,0.0,0.0
2003-10-09,761.0999755859375,780.6300048828125,761.0999755859375,779.4099731445312,779.4099731445312,267926600,0.0,0.0
2003-10-10,787.469970703125,800.719970703125,782.6900024414062,790.6599731445312,790.6599731445312,268086800,0.0,0.0
2003-10-13,794.4000244140625,795.3699951171875,785.52001953125,791.739990234375,791.739990234375,131798600,0.0,0.0
2003-10-14,792.8300170898438,794.1300048828125,780.8200073242188,782.6300048828125,782.6300048828125,105828600,0.0,0.0
2003-10-15,781.6900024414062,784.5,776.5399780273438,783.2100219726562,783.2100219726562,110879600,0.0,0.0
2003-10-16,785.0800170898438,787.1400146484375,781.1500244140625,784.1199951171875,784.1199951171875,125452000,0.0,0.0
2003-10-17,784.02001953125,784.27001953125,778.4400024414062,781.0499877929688,781.0499877929688,95073200,0.0,0.0
2003-10-20,782.0900268554688,784.6199951171875,777.760009765625,781.4500122070312,781.4500122070312,74002200,0.0,0.0
2003-10-21,782.4600219726562,792.02001953125,782.3900146484375,790.3099975585938,790.3099975585938,88059200,0.0,0.0
2003-10-22,792.5,806.030029296875,792.3499755859375,805.1099853515625,805.1099853515625,156334800,0.0,0.0
2003-10-23,806.0999755859375,807.5900268554688,798.6400146484375,804.4299926757812,804.4299926757812,119357200,0.0,0.0
2003-10-27,802.5399780273438,806.6400146484375,802.0900268554688,803.52001953125,803.52001953125,104715600,0.0,0.0
2003-10-28,804.0399780273438,807.72998046875,804.0399780273438,805.6400146484375,805.6400146484375,116774600,0.0,0.0
2003-10-29,807.3200073242188,812.22998046875,806.3900146484375,809.969970703125,809.969970703125,113986400,0.0,0.0
2003-10-30,810.27001953125,812.3200073242188,806.1199951171875,812.0999755859375,812.0999755859375,89479600,0.0,0.0
2003-10-31,812.469970703125,818.5700073242188,810.47998046875,817.1199951171875,817.1199951171875,112773200,0.0,0.0
2003-11-03,817.9199829101562,818.3699951171875,809.219970703125,813.0900268554688,813.0900268554688,73872400,0.0,0.0
2003-11-04,812.8800048828125,817.3900146484375,811.3400268554688,815.989990234375,815.989990234375,90367800,0.0,0.0
2003-11-05,815.489990234375,815.6900024414062,811.0499877929688,813.489990234375,813.489990234375,68479600,0.0,0.0
2003-11-06,813.4199829101562,813.7999877929688,804.8499755859375,809.1400146484375,809.1400146484375,74657800,0.0,0.0
2003-11-07,809.530029296875,810.0800170898438,803.4600219726562,806.780029296875,806.780029296875,51686200,0.0,0.0
2003-11-10,805.9199829101562,807.0900268554688,799.8599853515625,800.9600219726562,800.9600219726562,50326400,0.0,0.0
2003-11-11,800.0800170898438,800.0800170898438,790.7999877929688,795.280029296875,795.280029296875,77412400,0.0,0.0
2003-11-12,794.760009765625,796.6199951171875,789.8400268554688,790.3099975585938,790.3099975585938,78854000,0.0,0.0
2003-11-13,792.6699829101562,799.52001953125,791.489990234375,791.489990234375,791.489990234375,77538400,0.0,0.0
2003-11-14,791.6300048828125,794.3400268554688,789.5999755859375,792.22998046875,792.22998046875,66380600,0.0,0.0
2003-11-17,791.2999877929688,791.2999877929688,780.25,781.9500122070312,781.9500122070312,84078000,0.0,0.0
2003-11-18,781.3699951171875,784.4500122070312,780.1400146484375,782.1699829101562,782.1699829101562,52400600,0.0,0.0
2003-11-19,780.02001953125,781.239990234375,764.77001953125,765.9500122070312,765.9500122070312,97354000,0.0,0.0
2003-11-20,766.4000244140625,777.2100219726562,766.4000244140625,777.2100219726562,777.2100219726562,55895000,0.0,0.0
2003-11-21,776.3800048828125,784.469970703125,762.530029296875,784.469970703125,784.469970703125,72327600,0.0,0.0
2003-11-27,785.52001953125,786.5700073242188,777.8400268554688,778.3699951171875,778.3699951171875,50192400,0.0,0.0
2003-11-28,778.7000122070312,781.9199829101562,774.010009765625,779.280029296875,779.280029296875,58605200,0.0,0.0
2003-12-01,779.239990234375,792.1900024414062,778.4000244140625,790.5599975585938,790.5599975585938,60007200,0.0,0.0
2003-12-02,793.52001953125,797.969970703125,792.6799926757812,797.7999877929688,797.7999877929688,56750600,0.0,0.0
2003-12-03,797.510009765625,797.510009765625,793.3200073242188,795.5700073242188,795.5700073242188,48928600,0.0,0.0
2003-12-04,795.3300170898438,795.4099731445312,786.780029296875,790.1300048828125,790.1300048828125,44134400,0.0,0.0
2003-12-05,789.4600219726562,790.030029296875,786.8800048828125,786.97998046875,786.97998046875,50002600,0.0,0.0
2003-12-08,787.0499877929688,787.6099853515625,782.4400024414062,784.030029296875,784.030029296875,38266200,0.0,0.0
2003-12-09,784.3099975585938,789.4600219726562,784.3099975585938,788.469970703125,788.469970703125,51562400,0.0,0.0
2003-12-10,787.8699951171875,794.9000244140625,787.7000122070312,794.510009765625,794.510009765625,61223000,0.0,0.0
2003-12-11,793.4400024414062,793.5999755859375,786.7000122070312,793.5999755859375,793.5999755859375,93378800,0.0,0.0
2003-12-12,793.780029296875,793.8300170898438,789.5999755859375,791.9400024414062,791.9400024414062,66333000,0.0,0.0
2003-12-15,792.9000244140625,795.3099975585938,787.22998046875,788.010009765625,788.010009765625,47706400,0.0,0.0
2003-12-16,788.22998046875,789.1900024414062,780.0700073242188,782.0800170898438,782.0800170898438,48125800,0.0,0.0
2003-12-17,782.780029296875,783.9500122070312,773.469970703125,775.1300048828125,775.1300048828125,63551200,0.0,0.0
2003-12-18,774.8300170898438,777.5,764.9000244140625,766.5900268554688,766.5900268554688,69332200,0.0,0.0
2003-12-19,767.6500244140625,770.6300048828125,767.2000122070312,769.75,769.75,43368800,0.0,0.0
2003-12-22,769.7000122070312,775.2999877929688,769.7000122070312,775.2999877929688,775.2999877929688,39157600,0.0,0.0
2003-12-23,775.489990234375,777.6300048828125,772.6099853515625,777.6300048828125,777.6300048828125,46650200,0.0,0.0
2003-12-24,777.3900146484375,779.1199951171875,775.6500244140625,777.3699951171875,777.3699951171875,23465600,0.0,0.0
2003-12-26,777.3499755859375,781.3099975585938,777.1699829101562,780.02001953125,780.02001953125,20624600,0.0,0.0
2003-12-29,780.1900024414062,787.7999877929688,780.1099853515625,787.7999877929688,787.7999877929688,46795600,0.0,0.0
2003-12-30,787.989990234375,793.75,787.989990234375,792.719970703125,792.719970703125,69242800,0.0,0.0
2003-12-31,793.030029296875,794.4099731445312,790.1300048828125,793.9400024414062,793.9400024414062,77603400,0.0,0.0
2004-01-02,793.2899780273438,793.2899780273438,786.4199829101562,788.489990234375,788.489990234375,25085200,0.0,0.0
2004-01-05,788.5800170898438,792.6599731445312,785.5599975585938,792.6599731445312,792.6599731445312,37377000,0.0,0.0
2004-01-06,793.0700073242188,794.7899780273438,787.2899780273438,787.2899780273438,787.2899780273438,51161200,0.0,0.0
2004-01-07,788.0599975585938,805.760009765625,788.0599975585938,805.760009765625,805.760009765625,86798600,0.0,0.0
2004-01-08,805.1799926757812,815.969970703125,804.0399780273438,813.2000122070312,813.2000122070312,162799600,0.0,0.0
2004-01-09,817.8499755859375,830.760009765625,817.8499755859375,825.4199829101562,825.4199829101562,163056800,0.0,0.0
2004-01-12,825.4600219726562,829.9099731445312,818.8099975585938,823.6799926757812,823.6799926757812,91480400,0.0,0.0
2004-01-13,824.030029296875,825.0700073242188,816.3300170898438,818.4199829101562,818.4199829101562,68090800,0.0,0.0
2004-01-14,817.8900146484375,822.3699951171875,815.2100219726562,815.97998046875,815.97998046875,76275600,0.0,0.0
2004-01-15,816.280029296875,816.9099731445312,808.239990234375,814.7999877929688,814.7999877929688,57746600,0.0,0.0
2004-01-16,814.4299926757812,817.27001953125,811.9500122070312,817.27001953125,817.27001953125,77338400,0.0,0.0
2004-01-19,818.0700073242188,819.3400268554688,815.8599853515625,818.9099731445312,818.9099731445312,72758400,0.0,0.0
2004-01-20,819.3400268554688,824.6599731445312,819.010009765625,824.6599731445312,824.6599731445312,80289800,0.0,0.0
2004-01-26,825.0399780273438,830.9199829101562,825.0399780273438,827.8699951171875,827.8699951171875,99933200,0.0,0.0
2004-01-27,828.2000122070312,830.010009765625,818.8200073242188,823.27001953125,823.27001953125,88456400,0.0,0.0
2004-01-28,822.4199829101562,822.4199829101562,814.4000244140625,819.8499755859375,819.8499755859375,77358800,0.0,0.0
2004-01-29,819.5599975585938,819.5599975585938,811.219970703125,817.1099853515625,817.1099853515625,58392800,0.0,0.0
2004-01-30,819.1599731445312,819.8400268554688,815.3400268554688,818.9400024414062,818.9400024414062,73978600,0.0,0.0
2004-02-04,818.1599731445312,818.1599731445312,803.72998046875,804.8300170898438,804.8300170898438,111239600,0.0,0.0
2004-02-05,804.4600219726562,809.5999755859375,804.2000122070312,807.5700073242188,807.5700073242188,86486600,0.0,0.0
2004-02-06,808.0599975585938,818.6400146484375,808.0599975585938,815.4199829101562,815.4199829101562,91302000,0.0,0.0
2004-02-09,815.5,819.2899780273438,815.5,817.7899780273438,817.7899780273438,66419800,0.0,0.0
2004-02-10,817.75,819.489990234375,810.72998046875,812.0599975585938,812.0599975585938,63312200,0.0,0.0
2004-02-11,812.4199829101562,818.219970703125,812.260009765625,818.219970703125,818.219970703125,84435200,0.0,0.0
2004-02-12,819.5900268554688,825.6500244140625,819.5900268554688,825.6500244140625,825.6500244140625,114401400,0.0,0.0
2004-02-13,826.0800170898438,828.0599975585938,822.6900024414062,825.9099731445312,825.9099731445312,90854600,0.0,0.0
2004-02-16,826.1300048828125,833.3300170898438,825.9500122070312,828.1699829101562,828.1699829101562,107393200,0.0,0.0
2004-02-17,828.3300170898438,845.8599853515625,828.2999877929688,845.7999877929688,845.7999877929688,153401400,0.0,0.0
2004-02-18,847.3200073242188,860.47998046875,847.3200073242188,857.1500244140625,857.1500244140625,265590800,0.0,0.0
2004-02-19,859.6799926757812,861.280029296875,852.72998046875,858.6599731445312,858.6599731445312,173749200,0.0,0.0
2004-02-20,859.3599853515625,863.6300048828125,856.3200073242188,861.719970703125,861.719970703125,152108400,0.0,0.0
2004-02-24,864.0,876.1400146484375,864.0,874.8200073242188,874.8200073242188,215346000,0.0,0.0
2004-02-25,875.739990234375,877.6400146484375,866.1699829101562,872.030029296875,872.030029296875,164365000,0.0,0.0
2004-02-26,872.3699951171875,885.3400268554688,872.27001953125,885.3400268554688,885.3400268554688,184323200,0.0,0.0
2004-02-27,886.1099853515625,886.1099853515625,875.530029296875,879.239990234375,879.239990234375,154349600,0.0,0.0
2004-03-01,878.1699829101562,884.3400268554688,877.5399780273438,882.0700073242188,882.0700073242188,125896200,0.0,0.0
2004-03-02,884.2899780273438,895.469970703125,884.2899780273438,894.4500122070312,894.4500122070312,173345200,0.0,0.0
2004-03-03,892.8400268554688,892.8400268554688,868.7999877929688,877.2000122070312,877.2000122070312,163122800,0.0,0.0
2004-03-04,879.530029296875,883.010009765625,870.1599731445312,882.3300170898438,882.3300170898438,115358400,0.0,0.0
2004-03-05,882.97998046875,892.27001953125,882.97998046875,886.1500244140625,886.1500244140625,131086800,0.0,0.0
2004-03-08,885.6500244140625,887.8599853515625,877.8400268554688,880.8499755859375,880.8499755859375,122847800,0.0,0.0
2004-03-09,879.7899780273438,882.9600219726562,875.5599975585938,882.9600219726562,882.9600219726562,95012400,0.0,0.0
2004-03-10,880.8699951171875,880.8699951171875,870.780029296875,875.8300170898438,875.8300170898438,113932800,0.0,0.0
2004-03-11,872.7899780273438,880.5499877929688,869.989990234375,879.5,879.5,91354800,0.0,0.0
2004-03-12,878.1300048828125,884.5499877929688,874.719970703125,884.5499877929688,884.5499877929688,95066800,0.0,0.0
2004-03-15,884.510009765625,892.8099975585938,884.510009765625,890.2899780273438,890.2899780273438,95532400,0.0,0.0
2004-03-16,889.6900024414062,890.5999755859375,883.4500122070312,885.7000122070312,885.7000122070312,85005000,0.0,0.0
2004-03-17,886.969970703125,891.9299926757812,886.969970703125,890.1400146484375,890.1400146484375,90311200,0.0,0.0
2004-03-18,892.9600219726562,905.77001953125,892.9600219726562,901.469970703125,901.469970703125,147747200,0.0,0.0
2004-03-19,903.4199829101562,907.8200073242188,897.8699951171875,904.4500122070312,904.4500122070312,151375000,0.0,0.0
2004-03-22,916.75,918.9500122070312,900.2100219726562,908.9600219726562,908.9600219726562,136676400,0.0,0.0
2004-03-23,906.530029296875,906.530029296875,893.8099975585938,897.8699951171875,897.8699951171875,98227600,0.0,0.0
2004-03-24,897.6199951171875,901.1199951171875,893.47998046875,895.3099975585938,895.3099975585938,103368400,0.0,0.0
2004-03-25,897.3699951171875,897.9299926757812,884.3599853515625,890.1400146484375,890.1400146484375,117589600,0.0,0.0
2004-03-26,892.1900024414062,899.280029296875,888.719970703125,895.1199951171875,895.1199951171875,122872000,0.0,0.0
2004-03-29,896.3800048828125,899.5800170898438,886.8900146484375,899.5800170898438,899.5800170898438,77211600,0.0,0.0
2004-03-30,898.8699951171875,901.52001953125,888.1900024414062,901.52001953125,901.52001953125,82068200,0.0,0.0
2004-03-31,899.6799926757812,901.8499755859375,882.739990234375,901.8499755859375,901.8499755859375,113547600,0.0,0.0
2004-04-01,896.6699829101562,896.6699829101562,886.0599975585938,887.0800170898438,887.0800170898438,81398400,0.0,0.0
2004-04-02,886.9400024414062,891.8599853515625,885.5499877929688,887.3400268554688,887.3400268554688,75549200,0.0,0.0
2004-04-05,887.9400024414062,891.5800170898438,887.5999755859375,889.5999755859375,889.5999755859375,59694400,0.0,0.0
2004-04-06,889.02001953125,891.719970703125,881.760009765625,884.1599731445312,884.1599731445312,77317000,0.0,0.0
2004-04-07,885.4199829101562,887.3599853515625,877.9000244140625,882.3400268554688,882.3400268554688,95681400,0.0,0.0
2004-04-08,882.27001953125,886.2100219726562,880.0499877929688,884.47998046875,884.47998046875,67867600,0.0,0.0
2004-04-09,884.5399780273438,887.4199829101562,882.6599731445312,883.0900268554688,883.0900268554688,45334200,0.0,0.0
2004-04-12,883.1500244140625,885.8800048828125,878.6599731445312,879.780029296875,879.780029296875,62836600,0.0,0.0
2004-04-13,880.010009765625,882.3400268554688,878.219970703125,880.3699951171875,880.3699951171875,63913800,0.0,0.0
2004-04-14,878.7000122070312,878.7000122070312,866.030029296875,866.2899780273438,866.2899780273438,92486600,0.0,0.0
2004-04-15,866.8099975585938,866.8099975585938,852.489990234375,861.1900024414062,861.1900024414062,91472000,0.0,0.0
2004-04-16,860.47998046875,865.6500244140625,859.1300048828125,861.8099975585938,861.8099975585938,57350400,0.0,0.0
2004-04-19,861.9199829101562,863.47998046875,851.2000122070312,855.760009765625,855.760009765625,64743400,0.0,0.0
2004-04-20,856.4500122070312,861.72998046875,855.2000122070312,861.3300170898438,861.3300170898438,61488800,0.0,0.0
2004-04-21,860.3099975585938,864.9299926757812,860.3099975585938,864.02001953125,864.02001953125,53666600,0.0,0.0
2004-04-22,864.7999877929688,872.97998046875,864.7999877929688,871.6300048828125,871.6300048828125,60606800,0.0,0.0
2004-04-23,872.02001953125,875.5,871.4099731445312,875.5,875.5,66465200,0.0,0.0
2004-04-26,875.8099975585938,875.8499755859375,870.1199951171875,870.1199951171875,870.1199951171875,56032200,0.0,0.0
2004-04-27,869.719970703125,870.6199951171875,863.9000244140625,868.3200073242188,868.3200073242188,52695600,0.0,0.0
2004-04-28,868.5700073242188,868.5700073242188,860.5399780273438,861.5700073242188,861.5700073242188,52458800,0.0,0.0
2004-04-29,861.02001953125,861.2100219726562,849.1300048828125,849.719970703125,849.719970703125,64401800,0.0,0.0
2004-04-30,848.469970703125,848.469970703125,836.52001953125,838.2100219726562,838.2100219726562,109408400,0.0,0.0
2004-05-05,840.4199829101562,850.3200073242188,840.4199829101562,846.6799926757812,846.6799926757812,78721000,0.0,0.0
2004-05-06,845.739990234375,851.5,842.77001953125,842.77001953125,842.77001953125,63298200,0.0,0.0
2004-05-07,843.2000122070312,845.7000122070312,833.6199951171875,835.3699951171875,835.3699951171875,88735600,0.0,0.0
2004-05-10,834.0599975585938,834.0599975585938,808.2899780273438,813.4400024414062,813.4400024414062,111810800,0.0,0.0
2004-05-11,812.4400024414062,814.719970703125,801.0,810.1599731445312,810.1599731445312,125836800,0.0,0.0
2004-05-12,813.7000122070312,827.4299926757812,813.7000122070312,818.719970703125,818.719970703125,84224000,0.0,0.0
2004-05-13,818.8599853515625,820.6199951171875,802.4500122070312,803.1099853515625,803.1099853515625,86724400,0.0,0.0
2004-05-14,802.8699951171875,805.5599975585938,790.3499755859375,793.969970703125,793.969970703125,95810400,0.0,0.0
2004-05-17,794.0,794.8900146484375,769.2899780273438,781.0499877929688,781.0499877929688,131050800,0.0,0.0
2004-05-18,781.2899780273438,783.97998046875,771.9400024414062,783.27001953125,783.27001953125,102470000,0.0,0.0
2004-05-19,783.4299926757812,795.3400268554688,783.4299926757812,793.8300170898438,793.8300170898438,102068000,0.0,0.0
2004-05-20,792.8900146484375,795.1300048828125,783.4600219726562,788.8699951171875,788.8699951171875,97137200,0.0,0.0
2004-05-21,787.780029296875,797.0499877929688,787.6900024414062,791.530029296875,791.530029296875,81320800,0.0,0.0
2004-05-24,793.2999877929688,796.8200073242188,791.77001953125,794.3900146484375,794.3900146484375,52803600,0.0,0.0
2004-05-25,794.510009765625,800.969970703125,794.489990234375,796.47998046875,796.47998046875,73808000,0.0,0.0
2004-05-26,797.7999877929688,803.1500244140625,797.7999877929688,799.25,799.25,74872800,0.0,0.0
2004-05-27,800.97998046875,812.3699951171875,800.6799926757812,811.739990234375,811.739990234375,78186000,0.0,0.0
2004-05-28,812.7100219726562,817.1699829101562,808.4400024414062,808.4400024414062,808.4400024414062,99640600,0.0,0.0
2004-05-31,808.8900146484375,812.1500244140625,804.1500244140625,810.6699829101562,810.6699829101562,29680600,0.0,0.0
2004-06-01,811.6599731445312,813.3800048828125,809.8800048828125,812.27001953125,812.27001953125,35658200,0.0,0.0
2004-06-02,813.1900024414062,816.0999755859375,804.8400268554688,806.3599853515625,806.3599853515625,39170600,0.0,0.0
2004-06-03,807.8800048828125,809.489990234375,792.8800048828125,798.5800170898438,798.5800170898438,63899600,0.0,0.0
2004-06-04,798.4600219726562,802.8200073242188,796.760009765625,802.8200073242188,802.8200073242188,45263000,0.0,0.0
2004-06-07,804.3400268554688,820.5,803.75,815.72998046875,815.72998046875,59665800,0.0,0.0
2004-06-08,818.4199829101562,823.239990234375,816.1900024414062,817.3900146484375,817.3900146484375,48163400,0.0,0.0
2004-06-09,817.5800170898438,819.0399780273438,815.8800048828125,818.4000244140625,818.4000244140625,44174800,0.0,0.0
2004-06-10,818.3800048828125,826.5,816.25,823.9099731445312,823.9099731445312,45295600,0.0,0.0
2004-06-11,823.989990234375,824.8699951171875,820.780029296875,824.3200073242188,824.3200073242188,38219000,0.0,0.0
2004-06-14,823.5,823.7000122070312,816.489990234375,817.6099853515625,817.6099853515625,34337000,0.0,0.0
2004-06-15,818.510009765625,819.0800170898438,810.030029296875,810.030029296875,810.030029296875,44437800,0.0,0.0
2004-06-16,812.52001953125,818.4299926757812,812.52001953125,818.1599731445312,818.1599731445312,46353000,0.0,0.0
2004-06-17,818.219970703125,821.2999877929688,817.1500244140625,821.2999877929688,821.2999877929688,56541600,0.0,0.0
2004-06-18,821.3200073242188,822.469970703125,816.8300170898438,821.9299926757812,821.9299926757812,36499200,0.0,0.0
2004-06-21,822.4000244140625,825.5599975585938,821.1799926757812,825.5599975585938,825.5599975585938,47775200,0.0,0.0
2004-06-22,823.8599853515625,823.8599853515625,817.5499877929688,818.469970703125,818.469970703125,68204800,0.0,0.0
2004-06-23,818.4500122070312,823.489990234375,817.8099975585938,822.0900268554688,822.0900268554688,60899200,0.0,0.0
2004-06-24,825.9600219726562,827.2999877929688,823.47998046875,826.7999877929688,826.7999877929688,46717000,0.0,0.0
2004-06-25,826.469970703125,826.6699829101562,822.2100219726562,824.22998046875,824.22998046875,35274600,0.0,0.0
2004-06-28,823.1199951171875,825.8599853515625,822.219970703125,822.219970703125,822.219970703125,32228600,0.0,0.0
2004-06-29,822.72998046875,828.1799926757812,822.510009765625,823.280029296875,823.280029296875,50768000,0.0,0.0
2004-06-30,824.2000122070312,828.219970703125,819.8599853515625,819.8599853515625,819.8599853515625,81308000,0.0,0.0
2004-07-01,820.469970703125,828.0999755859375,820.4099731445312,828.0999755859375,828.0999755859375,39100200,0.0,0.0
2004-07-02,827.25,831.3499755859375,824.5499877929688,830.6799926757812,830.6799926757812,37839200,0.0,0.0
2004-07-05,831.6400146484375,845.8099975585938,831.489990234375,843.6099853515625,843.6099853515625,75762800,0.0,0.0
2004-07-06,844.6799926757812,854.5599975585938,844.6799926757812,851.7999877929688,851.7999877929688,107237600,0.0,0.0
2004-07-07,849.4099731445312,858.3599853515625,844.0399780273438,855.0800170898438,855.0800170898438,77229200,0.0,0.0
2004-07-08,854.8099975585938,854.8099975585938,847.0599975585938,851.77001953125,851.77001953125,44226000,0.0,0.0
2004-07-09,849.7100219726562,854.0599975585938,844.5800170898438,854.0599975585938,854.0599975585938,50771200,0.0,0.0
2004-07-12,853.8900146484375,854.7899780273438,848.9199829101562,851.1300048828125,851.1300048828125,47704000,0.0,0.0
2004-07-13,850.9299926757812,852.1400146484375,843.0499877929688,851.8200073242188,851.8200073242188,40840000,0.0,0.0
2004-07-14,851.1099853515625,851.77001953125,840.72998046875,845.02001953125,845.02001953125,41699200,0.0,0.0
2004-07-15,845.02001953125,846.2000122070312,837.6500244140625,838.5999755859375,838.5999755859375,37400600,0.0,0.0
2004-07-16,838.6199951171875,843.5999755859375,838.6199951171875,842.6500244140625,842.6500244140625,33365200,0.0,0.0
2004-07-19,842.8099975585938,843.1500244140625,837.469970703125,843.1500244140625,843.1500244140625,28031000,0.0,0.0
2004-07-20,843.280029296875,843.280029296875,836.9500122070312,838.6400146484375,838.6400146484375,35501000,0.0,0.0
2004-07-21,839.4099731445312,841.1500244140625,838.010009765625,840.8800048828125,840.8800048828125,37008600,0.0,0.0
2004-07-22,840.719970703125,841.8400268554688,837.3200073242188,839.3699951171875,839.3699951171875,44000000,0.0,0.0
2004-07-23,839.8900146484375,841.0700073242188,836.1400146484375,838.2000122070312,838.2000122070312,51278200,0.0,0.0
2004-07-26,838.1900024414062,839.9099731445312,835.8699951171875,838.489990234375,838.489990234375,48233800,0.0,0.0
2004-07-27,838.0800170898438,839.4500122070312,835.6199951171875,836.1500244140625,836.1500244140625,51594400,0.0,0.0
2004-07-28,838.3099975585938,841.030029296875,835.280029296875,838.6400146484375,838.6400146484375,57221000,0.0,0.0
2004-07-29,837.3800048828125,837.3800048828125,832.4199829101562,833.5,833.5,43778200,0.0,0.0
2004-07-30,834.0700073242188,835.5499877929688,832.22998046875,833.97998046875,833.97998046875,54984400,0.0,0.0
2004-08-02,832.6900024414062,833.3900146484375,822.8900146484375,827.489990234375,827.489990234375,50782800,0.0,0.0
2004-08-03,828.030029296875,831.1500244140625,824.3699951171875,825.530029296875,825.530029296875,42841400,0.0,0.0
2004-08-04,825.3499755859375,827.0,824.22998046875,824.8800048828125,824.8800048828125,40626600,0.0,0.0
2004-08-05,824.72998046875,826.4299926757812,822.510009765625,824.3699951171875,824.3699951171875,40621200,0.0,0.0
2004-08-06,822.530029296875,822.530029296875,817.5700073242188,820.0999755859375,820.0999755859375,49099600,0.0,0.0
2004-08-09,818.8400268554688,819.3800048828125,813.5800170898438,816.8099975585938,816.8099975585938,39093200,0.0,0.0
2004-08-10,816.0399780273438,821.5900268554688,815.9299926757812,820.780029296875,820.780029296875,53488000,0.0,0.0
2004-08-11,822.6799926757812,823.6199951171875,820.0900268554688,821.4500122070312,821.4500122070312,42126800,0.0,0.0
2004-08-12,821.3499755859375,822.010009765625,816.1199951171875,819.8499755859375,819.8499755859375,55415000,0.0,0.0
2004-08-13,819.6300048828125,819.6300048828125,813.010009765625,815.6199951171875,815.6199951171875,53583200,0.0,0.0
2004-08-16,816.6799926757812,816.6799926757812,805.9500122070312,809.1199951171875,809.1199951171875,62352400,0.0,0.0
2004-08-17,808.1699829101562,813.3099975585938,807.8300170898438,808.510009765625,808.510009765625,51521400,0.0,0.0
2004-08-18,808.4500122070312,810.6699829101562,807.2999877929688,809.5599975585938,809.5599975585938,33322600,0.0,0.0
2004-08-19,809.72998046875,811.3400268554688,808.5700073242188,810.1500244140625,810.1500244140625,35415400,0.0,0.0
2004-08-20,809.9099731445312,812.1099853515625,806.9099731445312,808.469970703125,808.469970703125,37960400,0.0,0.0
2004-08-23,808.9199829101562,810.6099853515625,807.0700073242188,808.6099853515625,808.6099853515625,41812200,0.0,0.0
2004-08-24,808.5599975585938,810.0499877929688,804.719970703125,804.8900146484375,804.8900146484375,47016000,0.0,0.0
2004-08-25,805.25,807.5599975585938,802.4000244140625,807.5599975585938,807.5599975585938,48959000,0.0,0.0
2004-08-26,808.4500122070312,818.530029296875,808.1400146484375,818.530029296875,818.530029296875,67682400,0.0,0.0
2004-08-27,819.5900268554688,823.0800170898438,818.239990234375,821.489990234375,821.489990234375,54886400,0.0,0.0
2004-08-30,820.5599975585938,830.1699829101562,819.4099731445312,827.97998046875,827.97998046875,52925400,0.0,0.0
2004-09-01,828.9600219726562,829.6699829101562,824.260009765625,828.3800048828125,828.3800048828125,53789800,0.0,0.0
2004-09-02,828.4299926757812,851.5399780273438,823.4500122070312,842.0399780273438,842.0399780273438,157065400,0.0,0.0
2004-09-03,844.6400146484375,846.5599975585938,839.4299926757812,841.9000244140625,841.9000244140625,85841200,0.0,0.0
2004-09-06,842.8699951171875,843.719970703125,836.02001953125,838.77001953125,838.77001953125,43450200,0.0,0.0
2004-09-07,838.0700073242188,847.0700073242188,838.0700073242188,842.2899780273438,842.2899780273438,60567600,0.0,0.0
2004-09-08,842.010009765625,851.6900024414062,842.010009765625,850.1099853515625,850.1099853515625,91000200,0.0,0.0
2004-09-09,849.280029296875,851.0499877929688,840.2000122070312,846.969970703125,846.969970703125,59694400,0.0,0.0
2004-09-10,846.3400268554688,850.780029296875,846.3400268554688,850.2899780273438,850.2899780273438,59643200,0.0,0.0
2004-09-13,849.719970703125,859.3599853515625,849.719970703125,857.25,857.25,91454800,0.0,0.0
2004-09-14,857.760009765625,861.0800170898438,855.7899780273438,856.7100219726562,856.7100219726562,71932800,0.0,0.0
2004-09-15,857.4199829101562,860.72998046875,851.1199951171875,853.239990234375,853.239990234375,54900200,0.0,0.0
2004-09-16,853.72998046875,858.6900024414062,851.9299926757812,857.7899780273438,857.7899780273438,59026800,0.0,0.0
2004-09-17,857.6300048828125,860.5599975585938,857.6300048828125,859.6599731445312,859.6599731445312,62120200,0.0,0.0
2004-09-20,860.0,866.4400024414062,860.0,865.3400268554688,865.3400268554688,67194000,0.0,0.0
2004-09-21,865.280029296875,868.52001953125,863.8200073242188,865.1300048828125,865.1300048828125,60159200,0.0,0.0
2004-09-22,864.969970703125,866.5599975585938,855.4500122070312,856.2999877929688,856.2999877929688,61715400,0.0,0.0
2004-09-23,855.25,855.27001953125,851.75,852.8900146484375,852.8900146484375,52454800,0.0,0.0
2004-09-24,852.3200073242188,856.510009765625,852.3200073242188,855.3200073242188,855.3200073242188,37601800,0.0,0.0
2004-09-27,854.0800170898438,855.2999877929688,846.1400146484375,848.280029296875,848.280029296875,44520400,0.0,0.0
2004-09-28,845.010009765625,847.0999755859375,841.5999755859375,845.4600219726562,845.4600219726562,60288000,0.0,0.0
2004-09-29,845.8099975585938,848.2100219726562,844.3699951171875,846.719970703125,846.719970703125,37981600,0.0,0.0
2004-09-30,846.760009765625,853.8699951171875,846.22998046875,849.9600219726562,849.9600219726562,63442200,0.0,0.0
2004-10-01,849.8099975585938,856.2899780273438,849.8099975585938,853.9299926757812,853.9299926757812,52644800,0.0,0.0
2004-10-04,855.739990234375,865.6199951171875,855.3099975585938,865.0700073242188,865.0700073242188,80411800,0.0,0.0
2004-10-05,865.719970703125,868.3599853515625,859.510009765625,861.5599975585938,861.5599975585938,90128400,0.0,0.0
2004-10-06,860.9500122070312,866.52001953125,857.6599731445312,861.5399780273438,861.5399780273438,66737900,0.0,0.0
2004-10-07,862.489990234375,864.1599731445312,860.47998046875,864.1599731445312,864.1599731445312,67415300,0.0,0.0
2004-10-08,864.02001953125,864.02001953125,859.25,861.0800170898438,861.0800170898438,58738100,0.0,0.0
2004-10-11,860.8699951171875,861.010009765625,852.02001953125,855.0999755859375,855.0999755859375,47375400,0.0,0.0
2004-10-12,853.5900268554688,855.6500244140625,850.22998046875,852.7999877929688,852.7999877929688,55847900,0.0,0.0
2004-10-13,853.3099975585938,854.6199951171875,850.3800048828125,853.3099975585938,853.3099975585938,45414700,0.0,0.0
2004-10-14,852.3599853515625,853.780029296875,850.02001953125,852.1599731445312,852.1599731445312,32584400,0.0,0.0
2004-10-15,851.7999877929688,853.0800170898438,849.7999877929688,851.2899780273438,851.2899780273438,27412600,0.0,0.0
2004-10-18,851.6500244140625,853.5999755859375,848.3699951171875,851.6900024414062,851.6900024414062,41675100,0.0,0.0
2004-10-19,852.0900268554688,853.22998046875,850.010009765625,851.739990234375,851.739990234375,48093700,0.0,0.0
2004-10-20,851.0399780273438,853.510009765625,847.2899780273438,848.6500244140625,848.6500244140625,44638600,0.0,0.0
2004-10-21,848.5999755859375,851.1699829101562,847.8900146484375,849.2100219726562,849.2100219726562,45085500,0.0,0.0
2004-10-22,850.1199951171875,854.4099731445312,849.1599731445312,853.8800048828125,853.8800048828125,39425000,0.0,0.0
2004-10-25,853.7100219726562,854.1099853515625,848.5999755859375,850.9500122070312,850.9500122070312,40234300,0.0,0.0
2004-10-26,851.4600219726562,854.5800170898438,849.1500244140625,851.5499877929688,851.5499877929688,53461800,0.0,0.0
2004-10-27,851.8499755859375,855.22998046875,849.2000122070312,851.1699829101562,851.1699829101562,35165300,0.0,0.0
2004-10-28,849.3400268554688,854.22998046875,849.3400268554688,852.989990234375,852.989990234375,37800300,0.0,0.0
2004-10-29,853.0700073242188,861.4199829101562,852.5599975585938,861.1400146484375,861.1400146484375,66812700,0.0,0.0
2004-11-01,860.0900268554688,864.27001953125,859.030029296875,864.0399780273438,864.0399780273438,54063300,0.0,0.0
2004-11-02,864.1300048828125,875.6799926757812,864.1300048828125,874.1699829101562,874.1699829101562,104444900,0.0,0.0
2004-11-03,874.530029296875,880.6300048828125,873.8200073242188,878.4500122070312,878.4500122070312,89100800,0.0,0.0
2004-11-04,878.3699951171875,879.3699951171875,870.8400268554688,872.02001953125,872.02001953125,54047500,0.0,0.0
2004-11-05,873.6099853515625,875.9000244140625,870.7899780273438,871.47998046875,871.47998046875,44021700,0.0,0.0
2004-11-08,871.6099853515625,873.239990234375,869.280029296875,872.8900146484375,872.8900146484375,57037800,0.0,0.0
2004-11-09,872.2000122070312,876.9299926757812,870.4099731445312,876.3699951171875,876.3699951171875,61329400,0.0,0.0
2004-11-10,877.97998046875,883.6099853515625,877.97998046875,882.2899780273438,882.2899780273438,79226400,0.0,0.0
2004-11-17,885.530029296875,902.3699951171875,885.530029296875,901.6599731445312,901.6599731445312,164178700,0.0,0.0
2004-11-18,910.6099853515625,918.510009765625,901.510009765625,904.47998046875,904.47998046875,197033000,0.0,0.0
2004-11-19,904.6500244140625,905.0599975585938,894.1099853515625,897.030029296875,897.030029296875,100161100,0.0,0.0
2004-11-22,897.1099853515625,897.1400146484375,892.3699951171875,895.9400024414062,895.9400024414062,55405100,0.0,0.0
2004-11-23,896.3400268554688,910.5700073242188,896.3400268554688,909.3800048828125,909.3800048828125,126041300,0.0,0.0
2004-11-29,909.3699951171875,915.9000244140625,906.7999877929688,915.9000244140625,915.9000244140625,124504700,0.0,0.0
2004-11-30,915.760009765625,917.5999755859375,907.72998046875,917.1900024414062,917.1900024414062,127552900,0.0,0.0
2004-12-01,916.1099853515625,917.6099853515625,911.1099853515625,914.6199951171875,914.6199951171875,87881700,0.0,0.0
2004-12-02,918.8900146484375,920.5700073242188,915.2100219726562,919.969970703125,919.969970703125,133700300,0.0,0.0
2004-12-03,919.9500122070312,920.5599975585938,914.6099853515625,917.1699829101562,917.1699829101562,76049700,0.0,0.0
2004-12-06,917.4299926757812,917.8800048828125,912.3800048828125,916.3599853515625,916.3599853515625,74245700,0.0,0.0
2004-12-07,915.469970703125,915.6400146484375,907.97998046875,912.4099731445312,912.4099731445312,63956400,0.0,0.0
2004-12-08,909.6300048828125,909.6300048828125,898.9099731445312,902.2999877929688,902.2999877929688,81947900,0.0,0.0
2004-12-09,901.8599853515625,905.0499877929688,893.47998046875,894.97998046875,894.97998046875,66047400,0.0,0.0
2004-12-10,895.4099731445312,900.1199951171875,888.969970703125,894.22998046875,894.22998046875,65848600,0.0,0.0
2004-12-13,894.6699829101562,897.6799926757812,892.8300170898438,897.3400268554688,897.3400268554688,43701700,0.0,0.0
2004-12-14,897.8499755859375,899.8599853515625,896.6799926757812,897.02001953125,897.02001953125,54569700,0.0,0.0
2004-12-15,897.27001953125,904.760009765625,897.27001953125,904.760009765625,904.760009765625,79341700,0.0,0.0
2004-12-16,904.9099731445312,906.3099975585938,902.6199951171875,904.2899780273438,904.2899780273438,61635300,0.0,0.0
2004-12-17,902.3900146484375,904.5800170898438,901.4400024414062,903.0,903.0,77494500,0.0,0.0
2004-12-20,902.219970703125,910.0399780273438,901.6300048828125,909.6099853515625,909.6099853515625,52552500,0.0,0.0
2004-12-21,908.3699951171875,909.9400024414062,904.6599731445312,906.5,906.5,54571000,0.0,0.0
2004-12-22,906.5999755859375,908.6699829101562,903.2999877929688,903.2999877929688,903.2999877929688,0,0.0,0.0
2004-12-23,903.719970703125,909.2999877929688,903.7100219726562,909.2999877929688,909.2999877929688,0,0.0,0.0
2004-12-24,908.4299926757812,908.4299926757812,904.6300048828125,907.2000122070312,907.2000122070312,0,0.0,0.0
2004-12-27,906.2000122070312,907.469970703125,901.1199951171875,906.8900146484375,906.8900146484375,19970400,0.0,0.0
2004-12-28,906.8300170898438,907.7100219726562,903.5800170898438,906.5499877929688,906.5499877929688,30144200,0.0,0.0
2004-12-29,906.969970703125,908.6599731445312,905.719970703125,907.5800170898438,907.5800170898438,26815700,0.0,0.0
2004-12-30,907.489990234375,910.1300048828125,905.3099975585938,910.1300048828125,910.1300048828125,39006100,0.0,0.0
2004-12-31,909.9500122070312,911.7000122070312,901.1500244140625,907.4299926757812,907.4299926757812,0,0.0,0.0
2005-01-03,907.02001953125,907.02001953125,897.1300048828125,903.8400268554688,903.8400268554688,0,0.0,0.0
2005-01-04,900.6799926757812,904.4400024414062,897.77001953125,902.489990234375,902.489990234375,0,0.0,0.0
2005-01-05,901.7000122070312,908.8599853515625,901.7000122070312,907.9600219726562,907.9600219726562,0,0.0,0.0
2005-01-06,907.9500122070312,912.0800170898438,907.010009765625,910.4199829101562,910.4199829101562,0,0.0,0.0
2005-01-07,910.9000244140625,918.5599975585938,909.8400268554688,916.280029296875,916.280029296875,102465200,0.0,0.0
2005-01-10,917.4199829101562,919.72998046875,915.7999877929688,919.02001953125,919.02001953125,0,0.0,0.0
2005-01-11,919.9600219726562,931.0399780273438,919.2000122070312,930.6300048828125,930.6300048828125,0,0.0,0.0
2005-01-12,931.27001953125,934.1799926757812,929.3900146484375,933.3300170898438,933.3300170898438,115094100,0.0,0.0
2005-01-13,934.010009765625,935.3300170898438,929.3599853515625,934.0999755859375,934.0999755859375,99247100,0.0,0.0
2005-01-14,932.8300170898438,933.0900268554688,926.6400146484375,929.739990234375,929.739990234375,0,0.0,0.0
2005-01-17,929.4199829101562,935.1699829101562,929.1900024414062,932.260009765625,932.260009765625,0,0.0,0.0
2005-01-18,932.5,937.5599975585938,931.5999755859375,937.5599975585938,937.5599975585938,0,0.0,0.0
2005-01-19,940.2100219726562,940.9400024414062,934.989990234375,935.530029296875,935.530029296875,92002200,0.0,0.0
2005-01-20,936.7999877929688,936.969970703125,926.9400024414062,929.719970703125,929.719970703125,91046800,0.0,0.0
2005-01-24,926.6500244140625,926.6500244140625,919.2999877929688,923.3300170898438,923.3300170898438,86067800,0.0,0.0
2005-01-25,921.8699951171875,925.489990234375,917.989990234375,919.75,919.75,80317200,0.0,0.0
2005-01-26,920.8599853515625,923.8499755859375,920.0599975585938,923.3699951171875,923.3699951171875,62589600,0.0,0.0
2005-01-27,923.7999877929688,924.1599731445312,916.72998046875,919.9500122070312,919.9500122070312,67187000,0.0,0.0
2005-01-28,918.969970703125,918.97998046875,912.77001953125,917.22998046875,917.22998046875,63477600,0.0,0.0
2005-01-31,915.4099731445312,919.3900146484375,913.3699951171875,916.27001953125,916.27001953125,71542400,0.0,0.0
2005-02-02,917.7999877929688,920.030029296875,913.739990234375,918.510009765625,918.510009765625,105113200,0.0,0.0
2005-02-03,916.280029296875,919.47998046875,914.2999877929688,917.8499755859375,917.8499755859375,76132800,0.0,0.0
2005-02-04,917.0499877929688,917.0499877929688,907.52001953125,907.52001953125,907.52001953125,84671400,0.0,0.0
2005-02-07,908.8300170898438,912.6500244140625,908.22998046875,912.5800170898438,912.5800170898438,68144800,0.0,0.0
2005-02-08,911.8699951171875,914.9500122070312,911.5700073242188,914.9099731445312,914.9099731445312,37158800,0.0,0.0
2005-02-14,915.22998046875,920.989990234375,915.1699829101562,920.3099975585938,920.3099975585938,69619200,0.0,0.0
2005-02-15,919.3699951171875,921.7100219726562,916.6400146484375,921.7100219726562,921.7100219726562,62343200,0.0,0.0
2005-02-16,920.7100219726562,922.1099853515625,917.1400146484375,919.4299926757812,919.4299926757812,70383000,0.0,0.0
2005-02-17,919.47998046875,920.8099975585938,912.6199951171875,912.6199951171875,912.6199951171875,96836000,0.0,0.0
2005-02-18,912.6099853515625,912.6099853515625,905.7999877929688,907.75,907.75,90518800,0.0,0.0
2005-02-21,908.7899780273438,909.9600219726562,903.3099975585938,904.719970703125,904.719970703125,76615200,0.0,0.0
2005-02-22,903.7999877929688,906.4299926757812,900.9600219726562,904.75,904.75,66291600,0.0,0.0
2005-02-23,903.3200073242188,903.3200073242188,896.02001953125,899.6799926757812,899.6799926757812,68835600,0.0,0.0
2005-02-24,900.780029296875,906.1599731445312,900.780029296875,903.6400146484375,903.6400146484375,70985600,0.0,0.0
2005-02-25,904.1199951171875,907.4199829101562,903.3400268554688,903.510009765625,903.510009765625,69601200,0.0,0.0
2005-02-28,905.0599975585938,907.3800048828125,903.4099731445312,907.3800048828125,907.3800048828125,71164600,0.0,0.0
2005-03-01,904.9199829101562,906.219970703125,894.5700073242188,898.489990234375,898.489990234375,106439200,0.0,0.0
2005-03-02,899.0900268554688,900.3699951171875,891.6500244140625,891.9000244140625,891.9000244140625,77907200,0.0,0.0
2005-03-03,892.4099731445312,896.489990234375,889.4400024414062,889.4400024414062,889.4400024414062,72666400,0.0,0.0
2005-03-04,889.7000122070312,892.1500244140625,885.3300170898438,885.3300170898438,885.3300170898438,65548400,0.0,0.0
2005-03-07,887.239990234375,892.469970703125,887.239990234375,891.1799926757812,891.1799926757812,70937000,0.0,0.0
2005-03-08,892.6900024414062,898.6699829101562,892.6300048828125,897.5,897.5,69158000,0.0,0.0
2005-03-09,898.4400024414062,903.6199951171875,896.760009765625,903.6199951171875,903.6199951171875,54056000,0.0,0.0
2005-03-10,902.8699951171875,902.9400024414062,896.72998046875,899.3200073242188,899.3200073242188,49572000,0.0,0.0
2005-03-11,899.010009765625,901.5700073242188,898.260009765625,901.4500122070312,901.4500122070312,56662200,0.0,0.0
2005-03-14,901.0700073242188,902.9600219726562,899.1799926757812,901.6400146484375,901.6400146484375,61380200,0.0,0.0
2005-03-15,901.6500244140625,902.989990234375,896.6199951171875,898.2000122070312,898.2000122070312,60415000,0.0,0.0
2005-03-16,895.5499877929688,899.52001953125,894.739990234375,897.510009765625,897.510009765625,60588800,0.0,0.0
2005-03-17,897.8200073242188,899.469970703125,896.030029296875,899.260009765625,899.260009765625,72361600,0.0,0.0
2005-03-18,899.1500244140625,899.969970703125,890.6099853515625,894.0,894.0,69711600,0.0,0.0
2005-03-21,893.9600219726562,895.2899780273438,883.8699951171875,885.6199951171875,885.6199951171875,65314400,0.0,0.0
2005-03-22,884.8300170898438,886.0499877929688,876.6500244140625,878.6300048828125,878.6300048828125,84977600,0.0,0.0
2005-03-23,872.1500244140625,882.5599975585938,870.8099975585938,881.25,881.25,82767800,0.0,0.0
2005-03-24,881.25,885.6799926757812,879.5499877929688,882.3900146484375,882.3900146484375,53868400,0.0,0.0
2005-03-25,882.5700073242188,884.5599975585938,881.9000244140625,883.4000244140625,883.4000244140625,25111600,0.0,0.0
2005-03-28,883.4000244140625,886.97998046875,883.4000244140625,885.4400024414062,885.4400024414062,32397600,0.0,0.0
2005-03-29,885.2899780273438,887.02001953125,877.97998046875,881.8699951171875,881.8699951171875,70795600,0.0,0.0
2005-03-30,881.3800048828125,881.8599853515625,876.4000244140625,877.75,877.75,54744200,0.0,0.0
2005-03-31,879.0,881.1699829101562,870.4400024414062,871.3499755859375,871.3499755859375,77598200,0.0,0.0
2005-04-01,873.4299926757812,878.719970703125,872.9400024414062,875.9199829101562,875.9199829101562,44997200,0.0,0.0
2005-04-04,874.3400268554688,875.510009765625,864.4500122070312,867.22998046875,867.22998046875,60021800,0.0,0.0
2005-04-05,866.6199951171875,871.510009765625,866.5800170898438,869.8099975585938,869.8099975585938,58604400,0.0,0.0
2005-04-06,869.6799926757812,870.0800170898438,859.9400024414062,861.75,861.75,81722000,0.0,0.0
2005-04-07,860.4500122070312,866.0499877929688,859.8099975585938,861.52001953125,861.52001953125,83507200,0.0,0.0
2005-04-08,862.469970703125,869.8099975585938,862.4600219726562,864.02001953125,864.02001953125,73479400,0.0,0.0
2005-04-11,864.3900146484375,871.7100219726562,863.9000244140625,869.9299926757812,869.9299926757812,49071800,0.0,0.0
2005-04-12,868.6799926757812,871.530029296875,866.239990234375,866.239990234375,866.239990234375,45161000,0.0,0.0
2005-04-13,867.1799926757812,874.5999755859375,867.0999755859375,874.22998046875,874.22998046875,43478600,0.0,0.0
2005-04-14,873.739990234375,879.77001953125,873.7100219726562,877.22998046875,877.22998046875,43138200,0.0,0.0
2005-04-15,877.5599975585938,880.0700073242188,874.25,874.25,874.25,42677200,0.0,0.0
2005-04-18,871.8499755859375,872.7000122070312,863.9299926757812,866.6599731445312,866.6599731445312,48959000,0.0,0.0
2005-04-19,866.8699951171875,872.1599731445312,866.8699951171875,867.77001953125,867.77001953125,40576600,0.0,0.0
2005-04-20,868.1900024414062,874.510009765625,868.1900024414062,871.9099731445312,871.9099731445312,70685600,0.0,0.0
2005-04-22,876.9199829101562,879.6699829101562,875.6199951171875,877.780029296875,877.780029296875,70369600,0.0,0.0
2005-04-25,877.2899780273438,877.2899780273438,871.3900146484375,871.97998046875,871.97998046875,53775800,0.0,0.0
2005-04-26,871.8900146484375,874.1900024414062,871.25,872.4299926757812,872.4299926757812,48062600,0.0,0.0
2005-04-27,872.6500244140625,874.8400268554688,870.1900024414062,872.4500122070312,872.4500122070312,49260400,0.0,0.0
2005-04-28,872.760009765625,877.8400268554688,872.760009765625,873.8499755859375,873.8499755859375,49153000,0.0,0.0
2005-04-29,873.72998046875,880.5599975585938,873.72998046875,878.9600219726562,878.9600219726562,78862000,0.0,0.0
2005-05-03,878.7899780273438,893.72998046875,878.7899780273438,892.030029296875,892.030029296875,66902400,0.0,0.0
2005-05-04,895.5,903.0700073242188,895.0900268554688,903.0700073242188,903.0700073242188,109646000,0.0,0.0
2005-05-05,904.9400024414062,906.489990234375,898.9199829101562,904.0599975585938,904.0599975585938,70482800,0.0,0.0
2005-05-06,903.030029296875,903.239990234375,897.0900268554688,901.219970703125,901.219970703125,57653200,0.0,0.0
2005-05-09,901.3900146484375,902.6199951171875,896.510009765625,901.2899780273438,901.2899780273438,60101000,0.0,0.0
2005-05-10,901.219970703125,904.3400268554688,899.7899780273438,902.8400268554688,902.8400268554688,44766400,0.0,0.0
2005-05-11,901.8900146484375,901.8900146484375,892.0999755859375,898.7000122070312,898.7000122070312,71190000,0.0,0.0
2005-05-12,897.6599731445312,898.6300048828125,891.6300048828125,893.4000244140625,893.4000244140625,48662200,0.0,0.0
2005-05-13,893.5999755859375,894.1599731445312,888.8300170898438,891.3599853515625,891.3599853515625,52162200,0.0,0.0
2005-05-16,890.8900146484375,892.760009765625,887.969970703125,889.27001953125,889.27001953125,40349800,0.0,0.0
2005-05-17,889.97998046875,892.1599731445312,888.6300048828125,891.3900146484375,891.3900146484375,62821200,0.0,0.0
2005-05-18,891.2100219726562,892.5800170898438,885.0499877929688,886.3699951171875,886.3699951171875,58319400,0.0,0.0
2005-05-19,886.469970703125,888.510009765625,885.5800170898438,887.469970703125,887.469970703125,39463800,0.0,0.0
2005-05-20,887.1699829101562,889.239990234375,883.1699829101562,883.1699829101562,883.1699829101562,43499200,0.0,0.0
2005-05-24,884.0800170898438,886.5999755859375,882.2100219726562,884.3400268554688,884.3400268554688,54585800,0.0,0.0
2005-05-25,883.97998046875,883.97998046875,868.739990234375,870.0999755859375,870.0999755859375,91308200,0.0,0.0
2005-05-26,868.9400024414062,868.9400024414062,859.7999877929688,867.0999755859375,867.0999755859375,97685600,0.0,0.0
2005-05-27,866.7899780273438,869.1300048828125,865.3499755859375,869.1099853515625,869.1099853515625,51326800,0.0,0.0
2005-05-30,869.0,869.9600219726562,864.8699951171875,869.9600219726562,869.9600219726562,38929200,0.0,0.0
2005-05-31,869.989990234375,870.52001953125,860.72998046875,860.72998046875,860.72998046875,89556600,0.0,0.0
2005-06-01,861.0499877929688,864.9000244140625,859.8099975585938,861.9600219726562,861.9600219726562,59158400,0.0,0.0
2005-06-02,862.530029296875,863.4400024414062,858.8400268554688,862.4000244140625,862.4000244140625,80609600,0.0,0.0
2005-06-03,861.989990234375,867.4099731445312,860.22998046875,865.8800048828125,865.8800048828125,85726800,0.0,0.0
2005-06-06,865.969970703125,871.969970703125,865.5700073242188,871.969970703125,871.969970703125,57072200,0.0,0.0
2005-06-07,872.27001953125,876.9199829101562,871.5700073242188,876.9199829101562,876.9199829101562,37811000,0.0,0.0
2005-06-08,874.7000122070312,879.4400024414062,874.7000122070312,879.4400024414062,879.4400024414062,62044000,0.0,0.0
2005-06-09,877.8300170898438,880.239990234375,876.5700073242188,879.4000244140625,879.4000244140625,55784200,0.0,0.0
2005-06-10,879.1900024414062,892.97998046875,879.1400146484375,890.02001953125,890.02001953125,93902400,0.0,0.0
2005-06-13,890.8800048828125,895.0700073242188,890.8800048828125,894.6799926757812,894.6799926757812,92330800,0.0,0.0
2005-06-14,894.8200073242188,897.530029296875,891.8699951171875,892.6400146484375,892.6400146484375,78124400,0.0,0.0
2005-06-15,892.77001953125,900.2999877929688,892.77001953125,900.2999877929688,900.2999877929688,72473600,0.0,0.0
2005-06-16,900.510009765625,901.4299926757812,897.0499877929688,898.0399780273438,898.0399780273438,61007600,0.0,0.0
2005-06-17,898.2999877929688,899.1599731445312,893.6199951171875,897.0599975585938,897.0599975585938,54398200,0.0,0.0
2005-06-20,897.1699829101562,898.6300048828125,894.6500244140625,896.75,896.75,47080000,0.0,0.0
2005-06-21,897.4199829101562,898.1900024414062,894.6500244140625,896.3099975585938,896.3099975585938,57162400,0.0,0.0
2005-06-22,895.0900268554688,905.3699951171875,895.0900268554688,903.3300170898438,903.3300170898438,103325800,0.0,0.0
2005-06-23,903.8300170898438,906.0,897.9600219726562,902.3099975585938,902.3099975585938,78527400,0.0,0.0
2005-06-24,900.9299926757812,901.4099731445312,897.1500244140625,898.0800170898438,898.0800170898438,54799800,0.0,0.0
2005-06-27,898.1799926757812,899.1099853515625,890.27001953125,891.22998046875,891.22998046875,62378400,0.0,0.0
2005-06-28,891.1199951171875,896.6400146484375,891.1199951171875,894.6699829101562,894.6699829101562,59298200,0.0,0.0
2005-06-29,895.530029296875,896.9600219726562,889.97998046875,889.97998046875,889.97998046875,54672200,0.0,0.0
2005-06-30,890.4199829101562,894.22998046875,888.3200073242188,888.3200073242188,888.3200073242188,66656400,0.0,0.0
2005-07-01,888.1799926757812,894.2899780273438,888.1799926757812,894.02001953125,894.02001953125,54950800,0.0,0.0
2005-07-04,893.7999877929688,900.1500244140625,893.7999877929688,898.6900024414062,898.6900024414062,62233200,0.0,0.0
2005-07-05,899.4099731445312,901.6500244140625,897.030029296875,898.8699951171875,898.8699951171875,57753200,0.0,0.0
2005-07-06,898.3300170898438,905.280029296875,898.3300170898438,902.6900024414062,902.6900024414062,78104400,0.0,0.0
2005-07-07,903.1900024414062,907.75,903.1300048828125,906.9600219726562,906.9600219726562,79784000,0.0,0.0
2005-07-08,904.47998046875,905.4199829101562,901.4500122070312,903.6099853515625,903.6099853515625,54010800,0.0,0.0
2005-07-11,904.489990234375,910.8599853515625,904.3400268554688,909.3200073242188,909.3200073242188,74629400,0.0,0.0
2005-07-12,912.0499877929688,918.3699951171875,912.0,915.719970703125,915.719970703125,105402400,0.0,0.0
2005-07-13,915.5800170898438,915.8699951171875,911.489990234375,913.0700073242188,913.0700073242188,55870200,0.0,0.0
2005-07-14,913.0900268554688,922.4500122070312,912.9199829101562,921.0599975585938,921.0599975585938,90503600,0.0,0.0
2005-07-15,921.0599975585938,922.7899780273438,916.6599731445312,916.8400268554688,916.8400268554688,60918000,0.0,0.0
2005-07-18,917.4299926757812,918.7999877929688,914.5499877929688,915.0800170898438,915.0800170898438,46883200,0.0,0.0
2005-07-19,914.97998046875,919.47998046875,913.5499877929688,916.780029296875,916.780029296875,62690400,0.0,0.0
2005-07-20,915.2000122070312,926.3099975585938,915.2000122070312,924.010009765625,924.010009765625,111158400,0.0,0.0
2005-07-21,924.0900268554688,928.52001953125,921.25,921.9400024414062,921.9400024414062,74759600,0.0,0.0
2005-07-22,938.0999755859375,939.6900024414062,927.2100219726562,939.6900024414062,939.6900024414062,259228200,0.0,0.0
2005-07-25,939.1799926757812,940.5999755859375,936.0999755859375,939.8400268554688,939.8400268554688,121216400,0.0,0.0
2005-07-26,940.2000122070312,941.8499755859375,934.2899780273438,935.739990234375,935.739990234375,93122400,0.0,0.0
2005-07-27,936.3499755859375,937.469970703125,931.3900146484375,931.969970703125,931.969970703125,79078400,0.0,0.0
2005-07-28,932.1400146484375,936.6199951171875,932.1099853515625,934.3800048828125,934.3800048828125,93674400,0.0,0.0
2005-07-29,935.510009765625,938.75,931.9400024414062,937.3900146484375,937.3900146484375,92807200,0.0,0.0
2005-08-01,938.2999877929688,940.3800048828125,935.5599975585938,938.219970703125,938.219970703125,69305200,0.0,0.0
2005-08-02,938.6500244140625,943.719970703125,937.9600219726562,941.3300170898438,941.3300170898438,94544800,0.0,0.0
2005-08-03,942.5399780273438,953.2899780273438,941.5599975585938,952.5900268554688,952.5900268554688,140736000,0.0,0.0
2005-08-04,951.6300048828125,953.8800048828125,942.489990234375,945.22998046875,945.22998046875,99100000,0.0,0.0
2005-08-05,946.219970703125,946.219970703125,941.8499755859375,943.4099731445312,943.4099731445312,62604000,0.0,0.0
2005-08-08,943.0499877929688,948.8800048828125,942.1300048828125,948.02001953125,948.02001953125,76404400,0.0,0.0
2005-08-09,947.0800170898438,948.0499877929688,942.2899780273438,944.9400024414062,944.9400024414062,58076200,0.0,0.0
2005-08-10,945.3200073242188,947.1699829101562,935.77001953125,939.47998046875,939.47998046875,58824800,0.0,0.0
2005-08-11,938.8599853515625,938.97998046875,934.1900024414062,936.0499877929688,936.0499877929688,78121200,0.0,0.0
2005-08-12,935.52001953125,938.219970703125,934.1699829101562,937.0399780273438,937.0399780273438,55371000,0.0,0.0
2005-08-15,937.3200073242188,938.8499755859375,927.9199829101562,927.9199829101562,927.9199829101562,55187400,0.0,0.0
2005-08-16,930.4000244140625,933.8099975585938,924.8499755859375,926.489990234375,926.489990234375,67424200,0.0,0.0
2005-08-17,923.9500122070312,927.8099975585938,921.6400146484375,926.3800048828125,926.3800048828125,66809400,0.0,0.0
2005-08-18,927.5,929.5700073242188,921.6400146484375,923.6400146484375,923.6400146484375,54777600,0.0,0.0
2005-08-19,924.0700073242188,926.9500122070312,919.719970703125,925.5399780273438,925.5399780273438,50619800,0.0,0.0
2005-08-22,925.2899780273438,927.3499755859375,922.22998046875,923.969970703125,923.969970703125,49555400,0.0,0.0
2005-08-23,923.969970703125,928.5800170898438,923.6599731445312,923.7899780273438,923.7899780273438,64705600,0.0,0.0
2005-08-24,924.3300170898438,927.6400146484375,924.0800170898438,926.0800170898438,926.0800170898438,65809800,0.0,0.0
2005-08-25,925.52001953125,925.6400146484375,918.8699951171875,919.8499755859375,919.8499755859375,67318800,0.0,0.0
2005-08-26,918.3400268554688,920.1300048828125,915.0599975585938,918.3800048828125,918.3800048828125,95030600,0.0,0.0
2005-08-29,916.02001953125,916.0800170898438,908.9600219726562,911.8499755859375,911.8499755859375,62224600,0.0,0.0
2005-08-30,908.8599853515625,914.719970703125,908.3800048828125,913.5599975585938,913.5599975585938,73092000,0.0,0.0
2005-09-01,913.0800170898438,913.0800170898438,907.02001953125,909.6699829101562,909.6699829101562,91163400,0.0,0.0
2005-09-02,907.0900268554688,911.6599731445312,906.5399780273438,909.1799926757812,909.1799926757812,87447600,0.0,0.0
2005-09-05,908.8400268554688,912.4099731445312,907.1199951171875,909.739990234375,909.739990234375,68363600,0.0,0.0
2005-09-06,910.0700073242188,915.0599975585938,909.47998046875,911.6400146484375,911.6400146484375,60466000,0.0,0.0
2005-09-07,911.9400024414062,920.1500244140625,911.9000244140625,919.0700073242188,919.0700073242188,62289200,0.0,0.0
2005-09-08,919.2899780273438,921.1599731445312,915.6900024414062,916.7999877929688,916.7999877929688,66529800,0.0,0.0
2005-09-09,916.4400024414062,918.989990234375,914.1599731445312,917.9199829101562,917.9199829101562,57082800,0.0,0.0
2005-09-12,917.0999755859375,919.5,916.0499877929688,919.0700073242188,919.0700073242188,53744400,0.0,0.0
2005-09-13,917.739990234375,920.8499755859375,915.22998046875,915.719970703125,915.719970703125,66434600,0.0,0.0
2005-09-14,916.1599731445312,919.280029296875,913.6900024414062,914.739990234375,914.739990234375,67204800,0.0,0.0
2005-09-15,914.280029296875,919.969970703125,913.989990234375,919.6500244140625,919.6500244140625,65024200,0.0,0.0
2005-09-16,919.0900268554688,921.989990234375,917.6599731445312,921.989990234375,921.989990234375,74004200,0.0,0.0
2005-09-19,920.8499755859375,923.4400024414062,919.030029296875,923.27001953125,923.27001953125,61385600,0.0,0.0
2005-09-20,921.8800048828125,923.8400268554688,920.6599731445312,922.030029296875,922.030029296875,89230000,0.0,0.0
2005-09-21,921.239990234375,922.7999877929688,919.239990234375,922.5700073242188,922.5700073242188,107370000,0.0,0.0
2005-09-22,922.6099853515625,923.9500122070312,920.5399780273438,923.0499877929688,923.0499877929688,79897600,0.0,0.0
2005-09-23,921.4000244140625,923.1799926757812,920.7000122070312,921.8900146484375,921.8900146484375,80146400,0.0,0.0
2005-09-26,921.760009765625,926.8800048828125,921.760009765625,925.1300048828125,925.1300048828125,93230400,0.0,0.0
2005-09-27,925.3300170898438,927.9500122070312,924.8599853515625,927.7100219726562,927.7100219726562,70167200,0.0,0.0
2005-09-28,928.719970703125,929.52001953125,924.2000122070312,924.5,924.5,93133000,0.0,0.0
2005-09-29,925.489990234375,927.5700073242188,922.719970703125,924.22998046875,924.22998046875,84218400,0.0,0.0
2005-09-30,925.030029296875,928.5599975585938,923.3499755859375,927.5399780273438,927.5399780273438,93338000,0.0,0.0
2005-10-03,926.8400268554688,928.1099853515625,922.7999877929688,925.3300170898438,925.3300170898438,52884600,0.0,0.0
2005-10-04,924.97998046875,928.2100219726562,923.8300170898438,924.760009765625,924.760009765625,67235600,0.0,0.0
2005-10-05,924.9400024414062,928.77001953125,924.9400024414062,927.510009765625,927.510009765625,74188000,0.0,0.0
2005-10-06,927.1799926757812,929.27001953125,924.010009765625,926.25,926.25,83706800,0.0,0.0
2005-10-07,926.4600219726562,927.8400268554688,924.6799926757812,925.2100219726562,925.2100219726562,79578400,0.0,0.0
2005-10-10,925.5599975585938,930.7000122070312,925.5599975585938,928.8800048828125,928.8800048828125,83327200,0.0,0.0
2005-10-11,929.010009765625,930.9500122070312,927.469970703125,928.4299926757812,928.4299926757812,59912200,0.0,0.0
2005-10-12,926.75,931.6599731445312,926.4600219726562,928.489990234375,928.489990234375,75899200,0.0,0.0
2005-10-13,928.510009765625,931.4299926757812,925.9000244140625,927.1199951171875,927.1199951171875,60504400,0.0,0.0
2005-10-14,927.5499877929688,929.1199951171875,925.5900268554688,925.5900268554688,925.5900268554688,56704600,0.0,0.0
2005-10-17,926.47998046875,929.22998046875,923.6500244140625,924.27001953125,924.27001953125,56790600,0.0,0.0
2005-10-18,923.9600219726562,926.5800170898438,920.5800170898438,922.6400146484375,922.6400146484375,66272400,0.0,0.0
2005-10-19,922.3300170898438,922.3300170898438,909.5399780273438,914.1699829101562,914.1699829101562,122799200,0.0,0.0
2005-10-20,914.7999877929688,915.1400146484375,909.7999877929688,911.6900024414062,911.6900024414062,103921200,0.0,0.0
2005-10-21,911.9000244140625,914.239990234375,907.3699951171875,909.5800170898438,909.5800170898438,87286000,0.0,0.0
2005-10-24,909.6799926757812,912.4400024414062,904.4500122070312,904.7000122070312,904.7000122070312,81054000,0.0,0.0
2005-10-25,906.0399780273438,906.8699951171875,902.5999755859375,904.75,904.75,83695400,0.0,0.0
2005-10-26,903.3300170898438,907.7899780273438,903.2999877929688,905.2100219726562,905.2100219726562,63933400,0.0,0.0
2005-10-27,905.530029296875,909.1400146484375,903.1900024414062,904.4600219726562,904.4600219726562,91130400,0.0,0.0
2005-10-28,903.8599853515625,906.7000122070312,902.3900146484375,905.7899780273438,905.7899780273438,75228400,0.0,0.0
2005-10-31,905.3800048828125,911.4299926757812,905.3800048828125,910.760009765625,910.760009765625,61299800,0.0,0.0
2005-11-02,910.530029296875,915.5,910.510009765625,913.9199829101562,913.9199829101562,53213800,0.0,0.0
2005-11-07,914.7000122070312,915.8699951171875,907.7999877929688,911.530029296875,911.530029296875,124600800,0.0,0.0
2005-11-08,911.4299926757812,911.5999755859375,906.489990234375,909.0999755859375,909.0999755859375,57068600,0.0,0.0
2005-11-09,909.469970703125,909.469970703125,903.2999877929688,906.5499877929688,906.5499877929688,62048200,0.0,0.0
2005-11-10,905.4400024414062,907.0999755859375,898.3800048828125,901.0900268554688,901.0900268554688,105771600,0.0,0.0
2005-11-11,900.0999755859375,901.3200073242188,894.52001953125,898.3499755859375,898.3499755859375,75359600,0.0,0.0
2005-11-14,897.9199829101562,898.22998046875,891.9400024414062,896.1900024414062,896.1900024414062,75446800,0.0,0.0
2005-11-15,896.02001953125,897.3099975585938,893.4000244140625,894.3300170898438,894.3300170898438,80941200,0.0,0.0
2005-11-16,893.2899780273438,896.7999877929688,892.9500122070312,896.7999877929688,896.7999877929688,60898600,0.0,0.0
2005-11-17,896.4400024414062,896.6500244140625,891.72998046875,894.2999877929688,894.2999877929688,70858400,0.0,0.0
2005-11-18,895.780029296875,903.0499877929688,895.780029296875,901.719970703125,901.719970703125,66154200,0.0,0.0
2005-11-21,901.5999755859375,908.719970703125,901.5999755859375,906.239990234375,906.239990234375,67254800,0.0,0.0
2005-11-22,906.739990234375,909.5599975585938,902.1500244140625,902.5399780273438,902.5399780273438,64374800,0.0,0.0
2005-11-23,902.5,905.0599975585938,901.760009765625,902.9000244140625,902.9000244140625,64262200,0.0,0.0
2005-11-24,903.4099731445312,904.7100219726562,900.9400024414062,903.6500244140625,903.6500244140625,63281600,0.0,0.0
2005-11-25,904.1699829101562,904.4299926757812,900.0900268554688,904.280029296875,904.280029296875,59116600,0.0,0.0
2005-11-28,904.1799926757812,904.3400268554688,898.219970703125,900.1400146484375,900.1400146484375,52757200,0.0,0.0
2005-11-29,900.8300170898438,902.0999755859375,895.4199829101562,898.6300048828125,898.6300048828125,85684600,0.0,0.0
2005-11-30,898.969970703125,900.0700073242188,891.3099975585938,896.1300048828125,896.1300048828125,94865600,0.0,0.0
2005-12-01,895.4500122070312,895.6099853515625,885.6400146484375,887.7999877929688,887.7999877929688,109014600,0.0,0.0
2005-12-02,888.0,889.6799926757812,883.0,885.1400146484375,885.1400146484375,82238800,0.0,0.0
2005-12-05,884.719970703125,887.6099853515625,884.6300048828125,885.47998046875,885.47998046875,61009200,0.0,0.0
2005-12-06,885.27001953125,887.1500244140625,884.8800048828125,886.469970703125,886.469970703125,85887600,0.0,0.0
2005-12-07,885.780029296875,894.0399780273438,885.6900024414062,891.6699829101562,891.6699829101562,88922000,0.0,0.0
2005-12-08,891.77001953125,896.2000122070312,891.77001953125,896.1099853515625,896.1099853515625,51043400,0.0,0.0
2005-12-09,895.9400024414062,899.0599975585938,895.0999755859375,898.2999877929688,898.2999877929688,62140200,0.0,0.0
2005-12-12,898.4099731445312,900.75,895.510009765625,897.010009765625,897.010009765625,46522800,0.0,0.0
2005-12-13,898.0599975585938,901.5900268554688,898.0599975585938,898.27001953125,898.27001953125,59134200,0.0,0.0
2005-12-14,898.780029296875,901.47998046875,897.47998046875,898.7999877929688,898.7999877929688,64280800,0.0,0.0
2005-12-15,898.8499755859375,900.6500244140625,893.9600219726562,894.97998046875,894.97998046875,61566200,0.0,0.0
2005-12-16,895.1500244140625,895.9600219726562,890.469970703125,893.3699951171875,893.3699951171875,54465200,0.0,0.0
2005-12-19,893.5999755859375,896.3400268554688,893.5499877929688,895.8599853515625,895.8599853515625,37675200,0.0,0.0
2005-12-20,895.1500244140625,897.030029296875,893.4199829101562,896.0800170898438,896.0800170898438,56106000,0.0,0.0
2005-12-21,895.7899780273438,898.3699951171875,892.8499755859375,894.6500244140625,894.6500244140625,60081400,0.0,0.0
2005-12-22,894.6699829101562,895.8499755859375,890.4000244140625,895.8499755859375,895.8499755859375,52104800,0.0,0.0
2005-12-23,891.6400146484375,893.5700073242188,890.0900268554688,892.1300048828125,892.1300048828125,39075600,0.0,0.0
2005-12-27,892.4600219726562,894.510009765625,891.0599975585938,894.510009765625,894.510009765625,28286400,0.0,0.0
2005-12-28,892.8200073242188,896.1099853515625,892.2999877929688,895.5499877929688,895.5499877929688,54534400,0.0,0.0
2005-12-29,895.239990234375,900.489990234375,894.47998046875,900.489990234375,900.489990234375,54872600,0.0,0.0
2005-12-30,899.0399780273438,902.5599975585938,895.8400268554688,899.7899780273438,899.7899780273438,50709000,0.0,0.0
2006-01-03,899.1799926757812,899.8499755859375,891.0399780273438,892.8499755859375,892.8499755859375,21876000,0.0,0.0
2006-01-04,893.0900268554688,897.8800048828125,892.6300048828125,897.1300048828125,897.1300048828125,44177800,0.0,0.0
2006-01-05,897.3400268554688,908.7100219726562,897.3400268554688,906.6599731445312,906.6599731445312,85141600,0.0,0.0
2006-01-06,906.5999755859375,912.0700073242188,906.5999755859375,911.6699829101562,911.6699829101562,89850400,0.0,0.0
2006-01-09,913.6500244140625,916.0,912.4000244140625,913.7999877929688,913.7999877929688,101700800,0.0,0.0
2006-01-11,913.1599731445312,915.1400146484375,908.6599731445312,909.5900268554688,909.5900268554688,105306800,0.0,0.0
2006-01-12,910.47998046875,916.9600219726562,910.4099731445312,911.1599731445312,911.1599731445312,136643200,0.0,0.0
2006-01-13,910.8300170898438,914.2899780273438,908.5800170898438,911.9000244140625,911.9000244140625,87413600,0.0,0.0
2006-01-16,911.8099975585938,913.1799926757812,905.5999755859375,906.530029296875,906.530029296875,79542800,0.0,0.0
2006-01-17,906.4400024414062,911.030029296875,905.7899780273438,907.52001953125,907.52001953125,97132000,0.0,0.0
2006-01-18,902.280029296875,907.3800048828125,900.4000244140625,901.3200073242188,901.3200073242188,97384600,0.0,0.0
2006-01-19,902.2899780273438,906.9500122070312,902.22998046875,902.7000122070312,902.7000122070312,72242000,0.0,0.0
2006-01-20,904.1900024414062,907.4299926757812,902.9600219726562,905.4099731445312,905.4099731445312,92847200,0.0,0.0
2006-01-23,903.4000244140625,904.5900268554688,898.6099853515625,902.510009765625,902.510009765625,69342400,0.0,0.0
2006-01-24,903.530029296875,908.9299926757812,903.530029296875,906.97998046875,906.97998046875,84478400,0.0,0.0
2006-01-25,906.6199951171875,912.280029296875,906.5999755859375,909.77001953125,909.77001953125,91010400,0.0,0.0
2006-01-26,910.1699829101562,913.1400146484375,909.7000122070312,913.1400146484375,913.1400146484375,97400800,0.0,0.0
2006-01-27,912.6900024414062,915.7999877929688,911.7899780273438,914.010009765625,914.010009765625,90419200,0.0,0.0
2006-02-03,915.6099853515625,927.8499755859375,915.6099853515625,927.8499755859375,927.8499755859375,194484400,0.0,0.0
2006-02-06,928.3800048828125,931.0,925.8599853515625,929.3900146484375,929.3900146484375,142145600,0.0,0.0
2006-02-07,929.8499755859375,930.6500244140625,920.1199951171875,923.8400268554688,923.8400268554688,117753200,0.0,0.0
2006-02-08,923.8900146484375,924.4500122070312,915.8599853515625,918.9199829101562,918.9199829101562,129027200,0.0,0.0
2006-02-09,919.4400024414062,923.1300048828125,918.97998046875,920.6300048828125,920.6300048828125,123199400,0.0,0.0
2006-02-10,920.4199829101562,923.8499755859375,919.6799926757812,920.3099975585938,920.3099975585938,101902800,0.0,0.0
2006-02-13,923.239990234375,926.1699829101562,921.3699951171875,922.77001953125,922.77001953125,90057600,0.0,0.0
2006-02-14,923.1300048828125,925.510009765625,922.25,925.510009765625,925.510009765625,106740800,0.0,0.0
2006-02-15,925.8200073242188,931.0999755859375,923.5499877929688,927.1699829101562,927.1699829101562,126056000,0.0,0.0
2006-02-16,927.22998046875,931.010009765625,926.5,928.0999755859375,928.0999755859375,103512000,0.0,0.0
2006-02-17,928.5999755859375,929.7000122070312,925.3900146484375,926.469970703125,926.469970703125,91068400,0.0,0.0
2006-02-20,927.9500122070312,928.8900146484375,923.7100219726562,925.1799926757812,925.1799926757812,87352800,0.0,0.0
2006-02-21,924.0800170898438,927.6799926757812,922.6900024414062,925.6699829101562,925.6699829101562,94415600,0.0,0.0
2006-02-22,926.0999755859375,927.7000122070312,923.9199829101562,924.4000244140625,924.4000244140625,87896400,0.0,0.0
2006-02-23,924.9500122070312,927.510009765625,924.3200073242188,927.510009765625,927.510009765625,76611200,0.0,0.0
2006-02-24,927.489990234375,928.8699951171875,922.989990234375,924.9099731445312,924.9099731445312,78411800,0.0,0.0
2006-02-27,924.9199829101562,928.8200073242188,924.9199829101562,928.6599731445312,928.6599731445312,77466200,0.0,0.0
2006-02-28,930.760009765625,931.1500244140625,925.9400024414062,928.9400024414062,928.9400024414062,103044800,0.0,0.0
2006-03-01,926.780029296875,926.780029296875,921.1699829101562,921.5599975585938,921.5599975585938,95816400,0.0,0.0
2006-03-02,921.2999877929688,923.72998046875,916.7000122070312,919.780029296875,919.780029296875,91961600,0.0,0.0
2006-03-03,920.1199951171875,922.3400268554688,916.3499755859375,916.9299926757812,916.9299926757812,142947600,0.0,0.0
2006-03-06,916.739990234375,918.4299926757812,913.469970703125,914.9199829101562,914.9199829101562,103410800,0.0,0.0
2006-03-07,915.9600219726562,919.2899780273438,913.1699829101562,915.2100219726562,915.2100219726562,104767800,0.0,0.0
2006-03-08,914.6500244140625,914.7899780273438,910.7999877929688,913.530029296875,913.530029296875,91027200,0.0,0.0
2006-03-09,912.8099975585938,920.9099731445312,912.7899780273438,920.9099731445312,920.9099731445312,118586800,0.0,0.0
2006-03-10,921.1300048828125,925.1500244140625,920.52001953125,921.9600219726562,921.9600219726562,104667000,0.0,0.0
2006-03-13,923.1199951171875,926.6699829101562,922.030029296875,922.030029296875,922.030029296875,62687000,0.0,0.0
2006-03-14,923.510009765625,925.9600219726562,923.2899780273438,924.3699951171875,924.3699951171875,65837000,0.0,0.0
2006-03-15,924.8800048828125,927.030029296875,923.219970703125,924.239990234375,924.239990234375,70688800,0.0,0.0
2006-03-16,924.5900268554688,926.6900024414062,920.8699951171875,923.1500244140625,923.1500244140625,106864000,0.0,0.0
2006-03-17,924.6300048828125,925.9000244140625,920.9099731445312,922.6199951171875,922.6199951171875,108695200,0.0,0.0
2006-03-20,922.530029296875,924.7899780273438,920.8699951171875,923.02001953125,923.02001953125,85188800,0.0,0.0
2006-03-21,921.5700073242188,924.72998046875,921.4000244140625,923.1300048828125,923.1300048828125,80620000,0.0,0.0
2006-03-22,921.6799926757812,925.02001953125,921.1400146484375,921.9400024414062,921.9400024414062,100738400,0.0,0.0
2006-03-23,922.6400146484375,926.0499877929688,922.510009765625,925.1099853515625,925.1099853515625,97693200,0.0,0.0
2006-03-24,924.6699829101562,928.9099731445312,924.5700073242188,926.0900268554688,926.0900268554688,91571600,0.0,0.0
2006-03-27,926.489990234375,928.47998046875,924.7000122070312,928.47998046875,928.47998046875,104626800,0.0,0.0
2006-03-28,928.5700073242188,932.8300170898438,928.5700073242188,932.8300170898438,932.8300170898438,129960400,0.0,0.0
2006-03-29,932.5900268554688,934.1900024414062,930.8200073242188,932.97998046875,932.97998046875,161885800,0.0,0.0
2006-03-30,933.2899780273438,934.530029296875,924.9199829101562,926.969970703125,926.969970703125,93896800,0.0,0.0
2006-03-31,927.2899780273438,930.27001953125,923.25,926.6300048828125,926.6300048828125,97368800,0.0,0.0
2006-04-03,926.6300048828125,929.4000244140625,926.260009765625,928.22998046875,928.22998046875,75666800,0.0,0.0
2006-04-04,927.9000244140625,931.1699829101562,926.510009765625,931.1699829101562,931.1699829101562,129783200,0.0,0.0
2006-04-05,931.9199829101562,941.6699829101562,931.9199829101562,941.6699829101562,941.6699829101562,155759000,0.0,0.0
2006-04-06,941.6400146484375,943.7100219726562,936.75,941.0599975585938,941.0599975585938,129563200,0.0,0.0
2006-04-07,940.7000122070312,943.7100219726562,938.3699951171875,943.7100219726562,943.7100219726562,113833200,0.0,0.0
2006-04-10,944.0,946.469970703125,939.0499877929688,942.469970703125,942.469970703125,110072800,0.0,0.0
2006-04-12,941.530029296875,942.1799926757812,936.9600219726562,941.8800048828125,941.8800048828125,130269200,0.0,0.0
2006-04-13,941.8800048828125,942.4099731445312,935.2000122070312,936.239990234375,936.239990234375,101788600,0.0,0.0
2006-04-14,937.780029296875,939.5599975585938,935.9500122070312,938.3200073242188,938.3200073242188,53755800,0.0,0.0
2006-04-17,939.77001953125,941.47998046875,936.4400024414062,939.739990234375,939.739990234375,84351400,0.0,0.0
2006-04-18,940.6500244140625,942.1400146484375,938.0900268554688,940.5700073242188,940.5700073242188,94908000,0.0,0.0
2006-04-19,941.0700073242188,945.969970703125,941.0700073242188,945.969970703125,945.969970703125,109841600,0.0,0.0
2006-04-20,945.9400024414062,948.0399780273438,943.3599853515625,946.6199951171875,946.6199951171875,110962000,0.0,0.0
2006-04-21,946.760009765625,950.4400024414062,946.739990234375,948.1900024414062,948.1900024414062,100089200,0.0,0.0
2006-04-24,948.3400268554688,950.9500122070312,942.72998046875,943.3599853515625,943.3599853515625,89526800,0.0,0.0
2006-04-25,944.1900024414062,945.5399780273438,941.6199951171875,944.0900268554688,944.0900268554688,159152200,0.0,0.0
2006-04-26,944.9199829101562,949.739990234375,944.9199829101562,949.2899780273438,949.2899780273438,203616600,0.0,0.0
2006-04-27,949.47998046875,952.5399780273438,945.8900146484375,947.6099853515625,947.6099853515625,125351200,0.0,0.0
2006-04-28,947.6400146484375,950.030029296875,944.9199829101562,949.22998046875,949.22998046875,208808200,0.0,0.0
2006-05-02,947.7999877929688,952.2899780273438,947.1699829101562,951.25,951.25,190430000,0.0,0.0
2006-05-03,950.989990234375,954.0399780273438,948.6500244140625,950.22998046875,950.22998046875,168705600,0.0,0.0
2006-05-04,950.3200073242188,954.1599731445312,949.97998046875,954.1599731445312,954.1599731445312,158480800,0.0,0.0
2006-05-05,955.0800170898438,962.3800048828125,955.0800170898438,961.3800048828125,961.3800048828125,180206800,0.0,0.0
2006-05-08,962.4500122070312,970.02001953125,962.4500122070312,965.9000244140625,965.9000244140625,212473800,0.0,0.0
2006-05-09,966.27001953125,970.4600219726562,962.8900146484375,966.8800048828125,966.8800048828125,239606000,0.0,0.0
2006-05-10,967.530029296875,968.8099975585938,961.6900024414062,966.6199951171875,966.6199951171875,186988000,0.0,0.0
2006-05-11,965.3200073242188,968.27001953125,964.02001953125,966.0499877929688,966.0499877929688,215052800,0.0,0.0
2006-05-15,963.1300048828125,964.6199951171875,958.2000122070312,964.6199951171875,964.6199951171875,224928000,0.0,0.0
2006-05-16,963.6699829101562,963.6699829101562,950.1500244140625,959.9400024414062,959.9400024414062,211857200,0.0,0.0
2006-05-17,960.22998046875,964.02001953125,957.2000122070312,958.4000244140625,958.4000244140625,149633400,0.0,0.0
2006-05-18,953.0999755859375,953.0999755859375,944.239990234375,947.780029296875,947.780029296875,173078800,0.0,0.0
2006-05-19,947.8800048828125,948.2899780273438,942.260009765625,944.4000244140625,944.4000244140625,183382800,0.0,0.0
2006-05-22,944.25,945.8800048828125,923.6799926757812,925.510009765625,925.510009765625,214428200,0.0,0.0
2006-05-23,924.6900024414062,928.0,919.0399780273438,926.5599975585938,926.5599975585938,190600400,0.0,0.0
2006-05-24,927.25,934.3599853515625,923.9500122070312,927.75,927.75,184639600,0.0,0.0
2006-05-25,934.6500244140625,934.8300170898438,923.6699829101562,923.969970703125,923.969970703125,178035600,0.0,0.0
2006-05-26,925.8499755859375,933.8400268554688,925.8499755859375,930.75,930.75,169238000,0.0,0.0
2006-05-29,931.1099853515625,932.489990234375,926.969970703125,928.3699951171875,928.3699951171875,89940000,0.0,0.0
2006-05-30,928.2100219726562,930.260009765625,927.3699951171875,929.8900146484375,929.8900146484375,109472400,0.0,0.0
2006-05-31,927.8900146484375,928.1400146484375,919.3699951171875,927.780029296875,927.780029296875,147958800,0.0,0.0
2006-06-01,927.6500244140625,932.5599975585938,927.6500244140625,930.4500122070312,930.4500122070312,106668000,0.0,0.0
2006-06-02,930.0800170898438,935.3900146484375,930.0800170898438,930.719970703125,930.719970703125,100128400,0.0,0.0
2006-06-05,931.2000122070312,935.3499755859375,930.260009765625,931.9000244140625,931.9000244140625,64025600,0.0,0.0
2006-06-06,930.5599975585938,930.5599975585938,924.0599975585938,925.489990234375,925.489990234375,63615600,0.0,0.0
2006-06-07,926.6500244140625,929.9199829101562,922.5499877929688,923.5700073242188,923.5700073242188,104888400,0.0,0.0
2006-06-08,922.8699951171875,925.5999755859375,914.3699951171875,917.25,917.25,127188000,0.0,0.0
2006-06-09,917.0399780273438,920.5800170898438,915.1799926757812,915.4000244140625,915.4000244140625,111902800,0.0,0.0
2006-06-12,916.010009765625,918.510009765625,914.2999877929688,916.7000122070312,916.7000122070312,80104600,0.0,0.0
2006-06-13,915.4500122070312,916.030029296875,902.02001953125,903.6300048828125,903.6300048828125,122669800,0.0,0.0
2006-06-14,902.0,902.5599975585938,892.8900146484375,893.22998046875,893.22998046875,119935600,0.0,0.0
2006-06-15,895.2899780273438,900.5499877929688,883.2899780273438,886.47998046875,886.47998046875,100361200,0.0,0.0
2006-06-16,889.0700073242188,897.3800048828125,889.0700073242188,893.5,893.5,102224200,0.0,0.0
2006-06-19,895.1400146484375,896.5800170898438,886.2899780273438,889.510009765625,889.510009765625,81393200,0.0,0.0
2006-06-20,885.8400268554688,892.1300048828125,885.8400268554688,889.989990234375,889.989990234375,81097600,0.0,0.0
2006-06-21,891.47998046875,897.1799926757812,891.1199951171875,894.6599731445312,894.6599731445312,99734800,0.0,0.0
2006-06-22,894.7899780273438,904.5599975585938,894.7899780273438,900.469970703125,900.469970703125,90290000,0.0,0.0
2006-06-23,900.3300170898438,906.3400268554688,900.3300170898438,906.3400268554688,906.3400268554688,51364000,0.0,0.0
2006-06-26,906.6500244140625,907.469970703125,901.5700073242188,904.510009765625,904.510009765625,58583800,0.0,0.0
2006-06-27,904.7999877929688,909.2000122070312,904.7999877929688,907.760009765625,907.760009765625,76818400,0.0,0.0
2006-06-28,907.3499755859375,909.3699951171875,904.9099731445312,906.9000244140625,906.9000244140625,62681800,0.0,0.0
2006-06-29,907.0999755859375,912.219970703125,907.0999755859375,910.5399780273438,910.5399780273438,78332800,0.0,0.0
2006-06-30,912.1500244140625,917.1799926757812,912.1500244140625,914.6900024414062,914.6900024414062,116192300,0.0,0.0
2006-07-03,914.6099853515625,919.5700073242188,914.4299926757812,919.1400146484375,919.1400146484375,70469600,0.0,0.0
2006-07-04,919.3699951171875,926.5,919.3699951171875,923.989990234375,923.989990234375,125342700,0.0,0.0
2006-07-05,925.0599975585938,927.7000122070312,922.97998046875,924.8900146484375,924.8900146484375,60797200,0.0,0.0
2006-07-06,924.97998046875,925.47998046875,919.219970703125,920.0,920.0,80310000,0.0,0.0
2006-07-07,921.5,926.4500122070312,920.760009765625,925.5599975585938,925.5599975585938,86276200,0.0,0.0
2006-07-10,926.3699951171875,926.780029296875,922.8499755859375,924.8599853515625,924.8599853515625,107907100,0.0,0.0
2006-07-11,926.3099975585938,928.0499877929688,924.5999755859375,924.5999755859375,924.5999755859375,71678000,0.0,0.0
2006-07-12,925.47998046875,928.22998046875,925.0399780273438,928.22998046875,928.22998046875,102828200,0.0,0.0
2006-07-13,928.4600219726562,928.8900146484375,924.8499755859375,926.5499877929688,926.5499877929688,116245500,0.0,0.0
2006-07-14,925.489990234375,925.8900146484375,913.6300048828125,913.6300048828125,913.6300048828125,128250200,0.0,0.0
2006-07-17,912.02001953125,912.02001953125,899.22998046875,902.7000122070312,902.7000122070312,103425800,0.0,0.0
2006-07-18,902.719970703125,912.1699829101562,902.719970703125,908.6799926757812,908.6799926757812,72687000,0.0,0.0
2006-07-19,908.9299926757812,913.780029296875,908.9299926757812,911.97998046875,911.97998046875,90423200,0.0,0.0
2006-07-20,913.22998046875,920.719970703125,913.22998046875,916.6199951171875,916.6199951171875,79837400,0.0,0.0
2006-07-21,918.3800048828125,924.719970703125,918.3800048828125,924.719970703125,924.719970703125,56186000,0.0,0.0
2006-07-24,924.4400024414062,925.6199951171875,921.1699829101562,922.3400268554688,922.3400268554688,60525800,0.0,0.0
2006-07-25,923.77001953125,931.8499755859375,923.77001953125,928.0499877929688,928.0499877929688,86575200,0.0,0.0
2006-07-26,928.530029296875,934.3400268554688,928.530029296875,934.3400268554688,934.3400268554688,85236000,0.0,0.0
2006-07-27,934.52001953125,937.3300170898438,932.6400146484375,936.760009765625,936.760009765625,100653100,0.0,0.0
2006-07-28,937.5599975585938,938.8499755859375,932.4099731445312,934.719970703125,934.719970703125,64314400,0.0,0.0
2006-07-31,935.3099975585938,939.4600219726562,935.3099975585938,935.8499755859375,935.8499755859375,73037000,0.0,0.0
2006-08-01,935.4099731445312,938.2100219726562,932.9600219726562,936.0399780273438,936.0399780273438,78874800,0.0,0.0
2006-08-02,936.4000244140625,938.8900146484375,932.8900146484375,934.0700073242188,934.0700073242188,73994600,0.0,0.0
2006-08-03,934.3400268554688,937.4199829101562,933.7899780273438,935.2899780273438,935.2899780273438,66738800,0.0,0.0
2006-08-04,935.0900268554688,938.780029296875,934.6300048828125,937.989990234375,937.989990234375,82032600,0.0,0.0
2006-08-07,939.030029296875,942.219970703125,937.4400024414062,938.47998046875,938.47998046875,59537200,0.0,0.0
2006-08-08,938.22998046875,939.8699951171875,936.9099731445312,939.0800170898438,939.0800170898438,54620400,0.0,0.0
2006-08-09,939.5700073242188,943.2000122070312,939.5599975585938,941.260009765625,941.260009765625,46926400,0.0,0.0
2006-08-10,941.489990234375,942.989990234375,939.47998046875,942.989990234375,942.989990234375,78199600,0.0,0.0
2006-08-11,942.5700073242188,946.2100219726562,942.27001953125,942.27001953125,942.27001953125,64922600,0.0,0.0
2006-08-14,942.8800048828125,947.219970703125,942.780029296875,946.0,946.0,56106200,0.0,0.0
2006-08-15,945.5599975585938,946.52001953125,943.25,943.9400024414062,943.9400024414062,51562200,0.0,0.0
2006-08-16,944.5399780273438,946.0599975585938,937.97998046875,937.97998046875,937.97998046875,78122000,0.0,0.0
2006-08-17,938.3200073242188,944.1699829101562,938.3200073242188,942.0800170898438,942.0800170898438,82057600,0.0,0.0
2006-08-18,942.0800170898438,944.7100219726562,940.8599853515625,942.0,942.0,64421600,0.0,0.0
2006-08-21,941.489990234375,943.8699951171875,940.7100219726562,942.6099853515625,942.6099853515625,76360800,0.0,0.0
2006-08-22,943.4099731445312,949.1099853515625,943.3699951171875,945.02001953125,945.02001953125,93186800,0.0,0.0
2006-08-23,945.030029296875,948.260009765625,943.969970703125,948.260009765625,948.260009765625,68565600,0.0,0.0
2006-08-24,949.5399780273438,950.25,945.6900024414062,948.1300048828125,948.1300048828125,61527200,0.0,0.0
2006-08-25,948.9000244140625,951.9600219726562,947.989990234375,950.52001953125,950.52001953125,83925200,0.0,0.0
2006-08-28,950.6099853515625,953.8300170898438,950.2100219726562,950.9600219726562,950.9600219726562,74295400,0.0,0.0
2006-08-29,950.9299926757812,955.2000122070312,950.9299926757812,953.219970703125,953.219970703125,87036600,0.0,0.0
2006-08-30,954.1699829101562,959.0900268554688,954.030029296875,958.1199951171875,958.1199951171875,91514400,0.0,0.0
2006-09-01,959.0399780273438,962.4199829101562,958.9099731445312,960.6900024414062,960.6900024414062,116970900,0.0,0.0
2006-09-04,960.8200073242188,968.219970703125,960.8200073242188,968.219970703125,968.219970703125,77173600,0.0,0.0
2006-09-05,968.6400146484375,970.489990234375,962.239990234375,963.8400268554688,963.8400268554688,92936600,0.0,0.0
2006-09-06,964.25,964.8900146484375,955.5599975585938,956.3900146484375,956.3900146484375,97991400,0.0,0.0
2006-09-07,956.3900146484375,958.7999877929688,953.1799926757812,955.8499755859375,955.8499755859375,87546400,0.0,0.0
2006-09-08,956.3300170898438,959.0599975585938,955.6599731445312,956.7000122070312,956.7000122070312,77710200,0.0,0.0
2006-09-11,956.530029296875,957.6099853515625,954.010009765625,955.719970703125,955.719970703125,83241200,0.0,0.0
2006-09-12,955.8099975585938,956.5,949.3400268554688,953.7000122070312,953.7000122070312,100200500,0.0,0.0
2006-09-13,953.0,954.25,949.9000244140625,954.25,954.25,104749700,0.0,0.0
2006-09-14,953.0999755859375,957.0999755859375,950.989990234375,957.0999755859375,957.0999755859375,83899200,0.0,0.0
2006-09-15,956.5599975585938,959.2100219726562,955.8900146484375,958.989990234375,958.989990234375,104210700,0.0,0.0
2006-09-18,958.5800170898438,965.5499877929688,958.5800170898438,965.5499877929688,965.5499877929688,130089000,0.0,0.0
2006-09-19,965.760009765625,966.0800170898438,959.6400146484375,962.8200073242188,962.8200073242188,116367200,0.0,0.0
2006-09-20,961.3699951171875,961.3699951171875,956.8599853515625,959.6199951171875,959.6199951171875,98410800,0.0,0.0
2006-09-21,960.72998046875,966.0800170898438,960.72998046875,966.0800170898438,966.0800170898438,126001200,0.0,0.0
2006-09-22,964.780029296875,967.3200073242188,962.4099731445312,965.22998046875,965.22998046875,97507200,0.0,0.0
2006-09-25,964.0700073242188,965.4400024414062,962.3499755859375,965.4400024414062,965.4400024414062,84005200,0.0,0.0
2006-09-26,964.4199829101562,966.989990234375,960.8599853515625,965.6599731445312,965.6599731445312,83684400,0.0,0.0
2006-09-27,965.6900024414062,967.989990234375,964.5499877929688,966.3200073242188,966.3200073242188,96174800,0.0,0.0
2006-09-28,966.1900024414062,970.7899780273438,966.1900024414062,968.8800048828125,968.8800048828125,92164800,0.0,0.0
2006-09-29,967.739990234375,969.0599975585938,963.6500244140625,967.5499877929688,967.5499877929688,126474800,0.0,0.0
2006-10-02,967.1699829101562,969.6699829101562,964.760009765625,969.6699829101562,969.6699829101562,78772800,0.0,0.0
2006-10-03,968.9299926757812,969.1500244140625,965.6099853515625,967.5599975585938,967.5599975585938,91253400,0.0,0.0
2006-10-04,967.260009765625,969.1900024414062,963.52001953125,964.0599975585938,964.0599975585938,80055800,0.0,0.0
2006-10-05,964.2999877929688,969.6300048828125,964.2999877929688,968.8900146484375,968.8900146484375,108378200,0.0,0.0
2006-10-06,967.6799926757812,971.219970703125,967.1900024414062,970.97998046875,970.97998046875,88073600,0.0,0.0
2006-10-09,971.47998046875,973.9299926757812,967.5399780273438,969.3800048828125,969.3800048828125,75651400,0.0,0.0
2006-10-10,970.2000122070312,971.9000244140625,969.22998046875,969.7100219726562,969.7100219726562,79969600,0.0,0.0
2006-10-11,969.4600219726562,971.030029296875,967.8900146484375,970.3699951171875,970.3699951171875,77004800,0.0,0.0
2006-10-12,970.1799926757812,976.8400268554688,970.1799926757812,975.6199951171875,975.6199951171875,125557700,0.0,0.0
2006-10-13,976.7899780273438,983.5399780273438,976.7899780273438,983.5399780273438,983.5399780273438,127781200,0.0,0.0
2006-10-16,983.219970703125,983.7899780273438,977.1199951171875,983.7899780273438,983.7899780273438,69286000,0.0,0.0
2006-10-17,982.7999877929688,983.3099975585938,976.1599731445312,977.22998046875,977.22998046875,84841600,0.0,0.0
2006-10-18,978.1900024414062,979.0700073242188,975.2999877929688,975.8900146484375,975.8900146484375,70241600,0.0,0.0
2006-10-19,977.489990234375,980.4500122070312,976.0499877929688,978.77001953125,978.77001953125,107529600,0.0,0.0
2006-10-20,978.4000244140625,980.8900146484375,977.3400268554688,979.1900024414062,979.1900024414062,91642800,0.0,0.0
2006-10-26,979.0,983.4299926757812,979.0,982.6300048828125,982.6300048828125,98000600,0.0,0.0
2006-10-27,981.9099731445312,990.7100219726562,981.47998046875,989.9000244140625,989.9000244140625,118741200,0.0,0.0
2006-10-30,986.469970703125,987.4299926757812,984.1599731445312,986.0700073242188,986.0700073242188,77472800,0.0,0.0
2006-10-31,986.1900024414062,988.9299926757812,984.8499755859375,988.2999877929688,988.2999877929688,140992600,0.0,0.0
2006-11-01,988.2999877929688,991.0399780273438,987.8400268554688,989.3400268554688,989.3400268554688,118517300,0.0,0.0
2006-11-02,989.1500244140625,998.5700073242188,988.75,995.25,995.25,133356600,0.0,0.0
2006-11-03,996.469970703125,1000.0599975585938,994.8400268554688,998.02001953125,998.02001953125,132436200,0.0,0.0
2006-11-06,998.25,999.719970703125,992.9600219726562,993.2999877929688,993.2999877929688,98254000,0.0,0.0
2006-11-07,993.6799926757812,1005.0599975585938,993.6799926757812,1003.280029296875,1003.280029296875,152083400,0.0,0.0
2006-11-08,1004.6500244140625,1011.2000122070312,1004.6500244140625,1007.2899780273438,1007.2899780273438,195065000,0.0,0.0
2006-11-09,1008.8599853515625,1019.9299926757812,1008.760009765625,1019.9299926757812,1019.9299926757812,198791300,0.0,0.0
2006-11-10,1019.0700073242188,1022.760009765625,1018.1500244140625,1022.2999877929688,1022.2999877929688,188020600,0.0,0.0
2006-11-13,1020.6799926757812,1021.530029296875,1015.7899780273438,1019.8099975585938,1019.8099975585938,122482200,0.0,0.0
2006-11-14,1019.8099975585938,1030.0899658203125,1019.8099975585938,1030.0899658203125,1030.0899658203125,176500300,0.0,0.0
2006-11-15,1028.25,1032.5999755859375,1025.6400146484375,1028.3800048828125,1028.3800048828125,181797100,0.0,0.0
2006-11-16,1028.6700439453125,1039.06005859375,1027.5699462890625,1037.5999755859375,1037.5999755859375,247882300,0.0,0.0
2006-11-17,1039.7900390625,1041.97998046875,1037.8199462890625,1040.7900390625,1040.7900390625,219714000,0.0,0.0
2006-11-20,1040.75,1044.3299560546875,1029.4100341796875,1033.52001953125,1033.52001953125,244308000,0.0,0.0
2006-11-21,1033.5999755859375,1037.219970703125,1033.5999755859375,1036.1600341796875,1036.1600341796875,155879500,0.0,0.0
2006-11-22,1037.6800537109375,1045.6700439453125,1037.5899658203125,1043.81005859375,1043.81005859375,167010600,0.0,0.0
2006-11-23,1045.3800048828125,1046.6500244140625,1043.3499755859375,1046.510009765625,1046.510009765625,133218200,0.0,0.0
2006-11-24,1046.800048828125,1060.4300537109375,1046.6400146484375,1060.4300537109375,1060.4300537109375,164436900,0.0,0.0
2006-11-27,1060.6700439453125,1071.8199462890625,1060.6700439453125,1068.2900390625,1068.2900390625,221835100,0.0,0.0
2006-11-28,1065.3299560546875,1065.3299560546875,1056.719970703125,1057.22998046875,1057.22998046875,185271000,0.0,0.0
2006-11-29,1058.6199951171875,1065.8299560546875,1058.6199951171875,1064.5999755859375,1064.5999755859375,229599500,0.0,0.0
2006-11-30,1065.8499755859375,1086.3699951171875,1065.8499755859375,1080.6600341796875,1080.6600341796875,369717000,0.0,0.0
2006-12-01,1080.25,1081.300048828125,1074.8800048828125,1080.1099853515625,1080.1099853515625,275056500,0.0,0.0
2006-12-04,1079.77001953125,1082.5899658203125,1076.530029296875,1077.43994140625,1077.43994140625,232580300,0.0,0.0
2006-12-05,1078.1800537109375,1089.6700439453125,1078.1800537109375,1088.9599609375,1088.9599609375,236627600,0.0,0.0
2006-12-06,1090.9599609375,1103.27001953125,1090.9599609375,1098.3499755859375,1098.3499755859375,285376500,0.0,0.0
2006-12-07,1100.31005859375,1102.7900390625,1092.5400390625,1098.260009765625,1098.260009765625,211548100,0.0,0.0
2006-12-08,1097.8399658203125,1098.5899658203125,1087.3699951171875,1098.5899658203125,1098.5899658203125,204624600,0.0,0.0
2006-12-11,1103.8900146484375,1110.1199951171875,1098.22998046875,1101.699951171875,1101.699951171875,188910500,0.0,0.0
2006-12-12,1103.2099609375,1107.1300048828125,1085.81005859375,1088.4200439453125,1088.4200439453125,228249700,0.0,0.0
2006-12-13,1087.550048828125,1088.93994140625,1073.56005859375,1079.5999755859375,1079.5999755859375,205243600,0.0,0.0
2006-12-14,1079.52001953125,1083.5400390625,1068.510009765625,1075.469970703125,1075.469970703125,168271900,0.0,0.0
2006-12-15,1078.1700439453125,1089.3199462890625,1078.1700439453125,1089.3199462890625,1089.3199462890625,168411000,0.0,0.0
2006-12-18,1090.010009765625,1092.469970703125,1074.800048828125,1081.5999755859375,1081.5999755859375,190138100,0.0,0.0
2006-12-19,1082.25,1082.27001953125,1049.8800048828125,1060.3599853515625,1060.3599853515625,170368500,0.0,0.0
2006-12-20,1068.510009765625,1076.300048828125,1068.510009765625,1076.300048828125,1076.300048828125,128621700,0.0,0.0
2006-12-21,1075.8599853515625,1079.510009765625,1072.7900390625,1076.6800537109375,1076.6800537109375,124279000,0.0,0.0
2006-12-22,1076.6700439453125,1079.719970703125,1072.8900146484375,1079.719970703125,1079.719970703125,176370300,0.0,0.0
2006-12-26,1079.300048828125,1080.489990234375,1073.5400390625,1078.1500244140625,1078.1500244140625,61389400,0.0,0.0
2006-12-27,1078.199951171875,1083.75,1077.260009765625,1083.219970703125,1083.219970703125,89966400,0.0,0.0
2006-12-28,1082.7900390625,1089.969970703125,1082.75,1088.8499755859375,1088.8499755859375,100917300,0.0,0.0
2006-12-29,1089.280029296875,1096.239990234375,1088.800048828125,1096.239990234375,1096.239990234375,122245500,0.0,0.0
2007-01-03,1096.760009765625,1117.0899658203125,1096.760009765625,1117.0899658203125,1117.0899658203125,198647400,0.0,0.0
2007-01-04,1117.300048828125,1119.1600341796875,1114.4100341796875,1118.1800537109375,1118.1800537109375,178213600,0.0,0.0
2007-01-05,1117.7900390625,1121.4100341796875,1114.5400390625,1120.4000244140625,1120.4000244140625,205161500,0.0,0.0
2007-01-08,1119.0,1119.0,1110.3800048828125,1113.02001953125,1113.02001953125,166852200,0.0,0.0
2007-01-09,1114.3900146484375,1121.5999755859375,1113.989990234375,1118.9599609375,1118.9599609375,182703700,0.0,0.0
2007-01-10,1118.9000244140625,1119.739990234375,1107.02001953125,1113.18994140625,1113.18994140625,211447100,0.0,0.0
2007-01-11,1113.4000244140625,1117.68994140625,1103.3699951171875,1106.06005859375,1106.06005859375,167696900,0.0,0.0
2007-01-12,1108.43994140625,1120.9599609375,1108.43994140625,1119.3299560546875,1119.3299560546875,276059500,0.0,0.0
2007-01-15,1121.81005859375,1129.4200439453125,1121.81005859375,1127.4100341796875,1127.4100341796875,226779300,0.0,0.0
2007-01-16,1128.0799560546875,1133.6800537109375,1128.0799560546875,1132.6099853515625,1132.6099853515625,218794700,0.0,0.0
2007-01-17,1133.260009765625,1140.81005859375,1133.260009765625,1139.7099609375,1139.7099609375,250920200,0.0,0.0
2007-01-18,1141.260009765625,1150.1500244140625,1141.260009765625,1147.6600341796875,1147.6600341796875,287176800,0.0,0.0
2007-01-19,1149.0899658203125,1151.6099853515625,1139.489990234375,1147.760009765625,1147.760009765625,259310300,0.0,0.0
2007-01-22,1148.4100341796875,1157.8499755859375,1148.4100341796875,1157.8499755859375,1157.8499755859375,227248400,0.0,0.0
2007-01-23,1156.0400390625,1169.1199951171875,1155.9300537109375,1169.1199951171875,1169.1199951171875,303248500,0.0,0.0
2007-01-24,1171.93994140625,1186.0,1171.93994140625,1183.0400390625,1183.0400390625,353714400,0.0,0.0
2007-01-25,1184.9300537109375,1191.530029296875,1173.260009765625,1179.6600341796875,1179.6600341796875,314113400,0.0,0.0
2007-01-26,1176.8599853515625,1176.8599853515625,1164.9100341796875,1169.8900146484375,1169.8900146484375,309105400,0.0,0.0
2007-01-29,1170.260009765625,1180.010009765625,1170.260009765625,1177.530029296875,1177.530029296875,248984000,0.0,0.0
2007-01-30,1179.1099853515625,1183.5400390625,1175.5899658203125,1181.4200439453125,1181.4200439453125,222599400,0.0,0.0
2007-01-31,1181.800048828125,1189.3499755859375,1181.300048828125,1189.3499755859375,1189.3499755859375,289732800,0.0,0.0
2007-02-02,1195.9100341796875,1209.47998046875,1195.9100341796875,1209.47998046875,1209.47998046875,379992900,0.0,0.0
2007-02-05,1213.5,1226.5699462890625,1213.5,1225.72998046875,1225.72998046875,351951300,0.0,0.0
2007-02-06,1226.260009765625,1238.6400146484375,1226.2099609375,1236.6300048828125,1236.6300048828125,390444000,0.0,0.0
2007-02-07,1238.1400146484375,1243.6300048828125,1232.5699462890625,1243.5699462890625,1243.5699462890625,327486400,0.0,0.0
2007-02-08,1245.3599853515625,1248.8299560546875,1237.3900146484375,1248.8299560546875,1248.8299560546875,443598700,0.0,0.0
2007-02-09,1248.77001953125,1250.4599609375,1231.6400146484375,1240.8699951171875,1240.8699951171875,507302100,0.0,0.0
2007-02-12,1238.7099609375,1238.9200439453125,1223.1400146484375,1231.8699951171875,1231.8699951171875,237936900,0.0,0.0
2007-02-13,1232.1199951171875,1235.030029296875,1223.68994140625,1234.31005859375,1234.31005859375,296002200,0.0,0.0
2007-02-14,1240.2900390625,1245.6400146484375,1239.43994140625,1245.6400146484375,1245.6400146484375,377628300,0.0,0.0
2007-02-15,1247.52001953125,1258.6300048828125,1247.52001953125,1258.6300048828125,1258.6300048828125,478470300,0.0,0.0
2007-02-16,1259.3199462890625,1262.0899658203125,1252.1500244140625,1262.0899658203125,1262.0899658203125,286293300,0.0,0.0
2007-02-21,1265.3399658203125,1278.219970703125,1265.3399658203125,1278.219970703125,1278.219970703125,375068000,0.0,0.0
2007-02-22,1277.989990234375,1280.510009765625,1270.0999755859375,1276.52001953125,1276.52001953125,318858200,0.0,0.0
2007-02-23,1276.31005859375,1283.800048828125,1273.8499755859375,1283.469970703125,1283.469970703125,329267200,0.0,0.0
2007-02-26,1285.0799560546875,1285.1500244140625,1270.4000244140625,1272.8699951171875,1272.8699951171875,275184400,0.0,0.0
2007-02-27,1273.4300537109375,1273.780029296875,1220.18994140625,1237.0799560546875,1237.0799560546875,458939400,0.0,0.0
2007-02-28,1189.5799560546875,1196.6800537109375,1136.010009765625,1196.449951171875,1196.449951171875,614671400,0.0,0.0
2007-03-01,1204.6700439453125,1216.18994140625,1179.1199951171875,1180.9100341796875,1180.9100341796875,310127000,0.0,0.0
2007-03-02,1180.6600341796875,1180.6600341796875,1161.6800537109375,1164.6800537109375,1164.6800537109375,316828500,0.0,0.0
2007-03-05,1152.8699951171875,1152.8699951171875,1090.3900146484375,1110.68994140625,1110.68994140625,465388900,0.0,0.0
2007-03-06,1117.510009765625,1137.8199462890625,1113.2900390625,1130.9599609375,1130.9599609375,332571600,0.0,0.0
2007-03-07,1144.1199951171875,1170.010009765625,1144.1199951171875,1156.5799560546875,1156.5799560546875,341668300,0.0,0.0
2007-03-08,1161.5,1189.2900390625,1161.4599609375,1187.06005859375,1187.06005859375,246800500,0.0,0.0
2007-03-09,1194.199951171875,1201.449951171875,1186.31005859375,1188.8299560546875,1188.8299560546875,222072400,0.0,0.0
2007-03-12,1192.6099853515625,1205.8599853515625,1192.6099853515625,1203.2900390625,1203.2900390625,210581800,0.0,0.0
2007-03-13,1205.6300048828125,1214.1500244140625,1197.5799560546875,1200.010009765625,1200.010009765625,247785400,0.0,0.0
2007-03-14,1177.739990234375,1177.739990234375,1159.030029296875,1166.3800048828125,1166.3800048828125,255973100,0.0,0.0
2007-03-15,1173.8199462890625,1182.1800537109375,1173.8199462890625,1180.31005859375,1180.31005859375,159387800,0.0,0.0
2007-03-16,1179.22998046875,1182.3299560546875,1172.4300537109375,1182.199951171875,1182.199951171875,125337200,0.0,0.0
2007-03-19,1182.969970703125,1195.6099853515625,1182.56005859375,1192.219970703125,1192.219970703125,161637800,0.0,0.0
2007-03-20,1200.77001953125,1206.5400390625,1200.5999755859375,1205.280029296875,1205.280029296875,178452500,0.0,0.0
2007-03-21,1207.43994140625,1213.9599609375,1206.5,1209.3399658203125,1209.3399658203125,181733100,0.0,0.0
2007-03-22,1213.9100341796875,1231.0,1213.9100341796875,1221.719970703125,1221.719970703125,324498300,0.0,0.0
2007-03-23,1223.77001953125,1237.699951171875,1223.77001953125,1235.6500244140625,1235.6500244140625,319796900,0.0,0.0
2007-03-26,1237.469970703125,1246.75,1235.0799560546875,1244.3199462890625,1244.3199462890625,231156500,0.0,0.0
2007-03-27,1246.9000244140625,1248.97998046875,1236.550048828125,1247.1700439453125,1247.1700439453125,217735700,0.0,0.0
2007-03-28,1244.219970703125,1245.1700439453125,1228.969970703125,1235.239990234375,1235.239990234375,220526400,0.0,0.0
2007-03-29,1230.06005859375,1235.8900146484375,1222.4200439453125,1235.8900146484375,1235.8900146484375,199667100,0.0,0.0
2007-03-30,1239.5999755859375,1246.8699951171875,1238.699951171875,1246.8699951171875,1246.8699951171875,319311000,0.0,0.0
2007-04-02,1250.239990234375,1253.4100341796875,1245.0,1246.300048828125,1246.300048828125,195898500,0.0,0.0
2007-04-03,1247.4100341796875,1260.1300048828125,1247.3800048828125,1256.8199462890625,1256.8199462890625,254904600,0.0,0.0
2007-04-04,1263.18994140625,1277.6500244140625,1263.18994140625,1271.31005859375,1271.31005859375,328110600,0.0,0.0
2007-04-05,1271.9300537109375,1277.47998046875,1268.81005859375,1277.47998046875,1277.47998046875,177183500,0.0,0.0
2007-04-06,1277.1400146484375,1279.550048828125,1274.1500244140625,1278.9200439453125,1278.9200439453125,107238200,0.0,0.0
2007-04-09,1279.8699951171875,1300.93994140625,1279.8699951171875,1298.3599853515625,1298.3599853515625,259430000,0.0,0.0
2007-04-10,1297.010009765625,1306.3399658203125,1290.0799560546875,1306.3399658203125,1306.3399658203125,268526200,0.0,0.0
2007-04-11,1308.97998046875,1316.1300048828125,1302.8800048828125,1306.219970703125,1306.219970703125,326096800,0.0,0.0
2007-04-12,1301.77001953125,1313.27001953125,1298.530029296875,1307.18994140625,1307.18994140625,285113100,0.0,0.0
2007-04-13,1309.199951171875,1315.030029296875,1297.68994140625,1308.199951171875,1308.199951171875,260671000,0.0,0.0
2007-04-16,1310.5400390625,1322.9100341796875,1310.5400390625,1322.9100341796875,1322.9100341796875,217825100,0.0,0.0
2007-04-17,1326.6400146484375,1334.43994140625,1316.97998046875,1330.260009765625,1330.260009765625,298036000,0.0,0.0
2007-04-18,1330.1099853515625,1332.43994140625,1320.1500244140625,1328.6300048828125,1328.6300048828125,296740100,0.0,0.0
2007-04-19,1324.0999755859375,1324.0999755859375,1291.6400146484375,1306.3599853515625,1306.3599853515625,337428300,0.0,0.0
2007-04-20,1308.050048828125,1316.81005859375,1306.219970703125,1315.3699951171875,1315.3699951171875,246288000,0.0,0.0
2007-04-23,1320.8599853515625,1326.6700439453125,1316.6400146484375,1321.3599853515625,1321.3599853515625,228498700,0.0,0.0
2007-04-24,1319.81005859375,1319.8399658203125,1310.5899658203125,1317.5,1317.5,215119200,0.0,0.0
2007-04-25,1317.719970703125,1321.06005859375,1313.4200439453125,1315.969970703125,1315.969970703125,192048500,0.0,0.0
2007-04-27,1320.1700439453125,1326.699951171875,1319.1500244140625,1324.77001953125,1324.77001953125,269867000,0.0,0.0
2007-04-30,1326.5899658203125,1330.27001953125,1313.6600341796875,1322.25,1322.25,193774300,0.0,0.0
2007-05-03,1329.1300048828125,1343.52001953125,1329.1300048828125,1342.7900390625,1342.7900390625,298282300,0.0,0.0
2007-05-04,1346.3699951171875,1363.4000244140625,1346.3699951171875,1363.4000244140625,1363.4000244140625,261166100,0.0,0.0
2007-05-07,1363.2099609375,1367.4000244140625,1357.5400390625,1365.280029296875,1365.280029296875,239912200,0.0,0.0
2007-05-08,1367.3499755859375,1368.8699951171875,1348.760009765625,1354.6700439453125,1354.6700439453125,228103000,0.0,0.0
2007-05-09,1355.280029296875,1357.5,1346.4200439453125,1350.8399658203125,1350.8399658203125,201308600,0.0,0.0
2007-05-10,1351.6500244140625,1356.93994140625,1351.0899658203125,1355.6199951171875,1355.6199951171875,255825000,0.0,0.0
2007-05-11,1349.6400146484375,1351.449951171875,1336.1600341796875,1351.449951171875,1351.449951171875,189424200,0.0,0.0
2007-05-14,1355.800048828125,1364.050048828125,1355.800048828125,1359.5899658203125,1359.5899658203125,260935600,0.0,0.0
2007-05-15,1364.8499755859375,1366.2099609375,1340.8800048828125,1346.0999755859375,1346.0999755859375,236136300,0.0,0.0
2007-05-16,1348.8699951171875,1352.760009765625,1347.9000244140625,1352.4100341796875,1352.4100341796875,199948700,0.0,0.0
2007-05-17,1356.4100341796875,1361.72998046875,1351.1800537109375,1359.3699951171875,1359.3699951171875,224759500,0.0,0.0
2007-05-18,1358.18994140625,1358.27001953125,1351.030029296875,1356.8399658203125,1356.8399658203125,170807900,0.0,0.0
2007-05-21,1354.9000244140625,1354.9000244140625,1344.0799560546875,1347.1700439453125,1347.1700439453125,196041400,0.0,0.0
2007-05-22,1346.97998046875,1367.510009765625,1346.0899658203125,1367.510009765625,1367.510009765625,221413200,0.0,0.0
2007-05-23,1367.010009765625,1368.3800048828125,1351.9100341796875,1354.97998046875,1354.97998046875,232484600,0.0,0.0
2007-05-24,1353.6400146484375,1356.3900146484375,1335.3699951171875,1340.97998046875,1340.97998046875,225106600,0.0,0.0
2007-05-25,1335.3499755859375,1339.0799560546875,1319.75,1339.0799560546875,1339.0799560546875,220250800,0.0,0.0
2007-05-28,1339.77001953125,1348.300048828125,1339.77001953125,1345.989990234375,1345.989990234375,132741800,0.0,0.0
2007-05-29,1345.699951171875,1346.97998046875,1339.949951171875,1343.0,1343.0,164918500,0.0,0.0
2007-05-30,1343.2900390625,1349.1300048828125,1331.2099609375,1339.1800537109375,1339.1800537109375,210512100,0.0,0.0
2007-05-31,1341.2099609375,1350.4599609375,1338.4000244140625,1346.8900146484375,1346.8900146484375,236881000,0.0,0.0
2007-06-01,1348.3599853515625,1360.0699462890625,1346.2099609375,1360.0699462890625,1360.0699462890625,225586600,0.0,0.0
2007-06-04,1360.300048828125,1374.5400390625,1356.780029296875,1360.27001953125,1360.27001953125,222933000,0.0,0.0
2007-06-05,1361.18994140625,1369.5899658203125,1354.9300537109375,1369.5899658203125,1369.5899658203125,222504500,0.0,0.0
2007-06-06,1368.8399658203125,1374.3299560546875,1368.1800537109375,1372.3800048828125,1372.3800048828125,242244600,0.0,0.0
2007-06-07,1366.300048828125,1367.010009765625,1359.0899658203125,1364.4100341796875,1364.4100341796875,195340400,0.0,0.0
2007-06-08,1357.6300048828125,1359.1800537109375,1351.3800048828125,1352.3900146484375,1352.3900146484375,176517400,0.0,0.0
2007-06-11,1360.6600341796875,1367.93994140625,1357.050048828125,1357.6600341796875,1357.6600341796875,181357700,0.0,0.0
2007-06-12,1358.550048828125,1361.300048828125,1355.6800537109375,1360.5799560546875,1360.5799560546875,224399800,0.0,0.0
2007-06-13,1356.739990234375,1359.780029296875,1353.030029296875,1353.030029296875,1353.030029296875,181014300,0.0,0.0
2007-06-14,1356.489990234375,1362.25,1353.8900146484375,1357.1800537109375,1357.1800537109375,240249500,0.0,0.0
2007-06-15,1360.550048828125,1362.5799560546875,1355.760009765625,1360.6500244140625,1360.6500244140625,217088100,0.0,0.0
2007-06-18,1363.2099609375,1372.280029296875,1363.2099609375,1372.280029296875,1372.280029296875,210735900,0.0,0.0
2007-06-19,1371.97998046875,1377.5,1371.030029296875,1376.7900390625,1376.7900390625,172184000,0.0,0.0
2007-06-20,1377.8800048828125,1386.27001953125,1377.3399658203125,1386.27001953125,1386.27001953125,249301000,0.0,0.0
2007-06-21,1383.4000244140625,1391.4100341796875,1382.739990234375,1387.9599609375,1387.9599609375,265303600,0.0,0.0
2007-06-22,1384.31005859375,1391.5699462890625,1382.260009765625,1391.5699462890625,1391.5699462890625,255520100,0.0,0.0
2007-06-25,1388.0,1389.68994140625,1374.6500244140625,1377.1300048828125,1377.1300048828125,180644700,0.0,0.0
2007-06-26,1377.260009765625,1380.5,1363.9000244140625,1366.989990234375,1366.989990234375,226232600,0.0,0.0
2007-06-27,1365.260009765625,1366.199951171875,1352.739990234375,1357.4300537109375,1357.4300537109375,199015100,0.0,0.0
2007-06-28,1357.800048828125,1361.9300537109375,1347.5,1350.719970703125,1350.719970703125,171584400,0.0,0.0
2007-06-29,1351.239990234375,1357.3599853515625,1348.949951171875,1354.3800048828125,1354.3800048828125,193431400,0.0,0.0
2007-07-02,1357.780029296875,1365.3299560546875,1357.5699462890625,1364.3699951171875,1364.3699951171875,151961100,0.0,0.0
2007-07-03,1367.510009765625,1373.5,1366.8699951171875,1373.1400146484375,1373.1400146484375,219895100,0.0,0.0
2007-07-04,1375.06005859375,1383.219970703125,1374.8900146484375,1377.1400146484375,1377.1400146484375,223670500,0.0,0.0
2007-07-05,1375.8699951171875,1377.3299560546875,1365.469970703125,1369.300048828125,1369.300048828125,225823000,0.0,0.0
2007-07-06,1368.8199462890625,1375.6400146484375,1367.800048828125,1373.8399658203125,1373.8399658203125,178263400,0.0,0.0
2007-07-09,1376.2099609375,1380.489990234375,1373.5999755859375,1378.68994140625,1378.68994140625,166033100,0.0,0.0
2007-07-10,1378.1500244140625,1381.3199462890625,1366.989990234375,1371.449951171875,1371.449951171875,192834800,0.0,0.0
2007-07-11,1367.4200439453125,1367.4200439453125,1358.8699951171875,1359.27001953125,1359.27001953125,213460500,0.0,0.0
2007-07-12,1362.949951171875,1374.5699462890625,1362.949951171875,1366.02001953125,1366.02001953125,251889000,0.0,0.0
2007-07-13,1380.47998046875,1384.719970703125,1376.6300048828125,1384.719970703125,1384.719970703125,219884500,0.0,0.0
2007-07-16,1385.25,1388.31005859375,1376.030029296875,1381.510009765625,1381.510009765625,161106300,0.0,0.0
2007-07-17,1378.93994140625,1385.050048828125,1373.050048828125,1377.47998046875,1377.47998046875,211427900,0.0,0.0
2007-07-18,1379.72998046875,1383.5,1369.22998046875,1369.22998046875,1369.22998046875,191068700,0.0,0.0
2007-07-19,1372.81005859375,1378.1500244140625,1370.52001953125,1376.4000244140625,1376.4000244140625,167996300,0.0,0.0
2007-07-20,1377.8900146484375,1385.5400390625,1377.8900146484375,1382.3599853515625,1382.3599853515625,190479700,0.0,0.0
2007-07-23,1381.3399658203125,1389.199951171875,1378.050048828125,1381.530029296875,1381.530029296875,223948500,0.0,0.0
2007-07-24,1385.77001953125,1392.1800537109375,1385.77001953125,1392.1800537109375,1392.1800537109375,319300300,0.0,0.0
2007-07-25,1386.6700439453125,1388.719970703125,1379.3299560546875,1379.72998046875,1379.72998046875,303780600,0.0,0.0
2007-07-26,1383.280029296875,1389.0699462890625,1375.449951171875,1381.5,1381.5,270206400,0.0,0.0
2007-07-27,1360.6500244140625,1361.699951171875,1347.949951171875,1355.3800048828125,1355.3800048828125,306348200,0.0,0.0
2007-07-30,1349.27001953125,1359.9200439453125,1343.72998046875,1352.4100341796875,1352.4100341796875,248584400,0.0,0.0
2007-07-31,1356.27001953125,1374.550048828125,1356.27001953125,1373.7099609375,1373.7099609375,213960100,0.0,0.0
2007-08-01,1367.2900390625,1367.2900390625,1327.7099609375,1339.489990234375,1339.489990234375,350069400,0.0,0.0
2007-08-02,1349.199951171875,1357.6500244140625,1323.760009765625,1333.280029296875,1333.280029296875,269821600,0.0,0.0
2007-08-03,1343.25,1350.0899658203125,1333.4000244140625,1335.4200439453125,1335.4200439453125,192295700,0.0,0.0
2007-08-06,1321.7099609375,1321.7099609375,1290.9000244140625,1290.9000244140625,1290.9000244140625,252542600,0.0,0.0
2007-08-07,1303.0799560546875,1315.719970703125,1286.5400390625,1290.1300048828125,1290.1300048828125,215269800,0.0,0.0
2007-08-08,1292.8699951171875,1309.47998046875,1292.8699951171875,1307.1700439453125,1307.1700439453125,228010300,0.0,0.0
2007-08-09,1316.31005859375,1324.6800537109375,1312.6500244140625,1313.3900146484375,1313.3900146484375,165277000,0.0,0.0
2007-08-10,1291.050048828125,1292.5799560546875,1275.1300048828125,1287.699951171875,1287.699951171875,228041400,0.0,0.0
2007-08-13,1300.5799560546875,1305.1700439453125,1287.280029296875,1296.47998046875,1296.47998046875,145721500,0.0,0.0
2007-08-14,1288.47998046875,1297.3599853515625,1286.780029296875,1288.3399658203125,1288.3399658203125,168622700,0.0,0.0
2007-08-15,1277.010009765625,1277.010009765625,1247.31005859375,1251.8199462890625,1251.8199462890625,302665300,0.0,0.0
2007-08-16,1239.800048828125,1239.800048828125,1202.9000244140625,1207.6099853515625,1207.6099853515625,430892000,0.0,0.0
2007-08-17,1204.4100341796875,1218.8199462890625,1141.56005859375,1191.550048828125,1191.550048828125,457989100,0.0,0.0
2007-08-20,1219.4100341796875,1245.1099853515625,1219.4100341796875,1243.3900146484375,1243.3900146484375,323896700,0.0,0.0
2007-08-21,1247.6099853515625,1251.02001953125,1227.8800048828125,1231.47998046875,1231.47998046875,237055200,0.0,0.0
2007-08-22,1232.8599853515625,1255.3900146484375,1232.8199462890625,1255.3900146484375,1255.3900146484375,192189000,0.0,0.0
2007-08-23,1270.949951171875,1284.8800048828125,1270.949951171875,1283.6199951171875,1283.6199951171875,315613600,0.0,0.0
2007-08-24,1280.1300048828125,1280.1300048828125,1261.3800048828125,1273.52001953125,1273.52001953125,193972800,0.0,0.0
2007-08-27,1282.93994140625,1292.199951171875,1274.3299560546875,1278.27001953125,1278.27001953125,182108500,0.0,0.0
2007-08-28,1277.0799560546875,1278.9599609375,1269.9000244140625,1278.949951171875,1278.949951171875,135582100,0.0,0.0
2007-08-29,1257.739990234375,1264.0699462890625,1247.3699951171875,1263.699951171875,1263.699951171875,207844000,0.0,0.0
2007-08-30,1272.9000244140625,1278.0999755859375,1266.5999755859375,1273.9300537109375,1273.9300537109375,181876600,0.0,0.0
2007-09-03,1283.9300537109375,1289.56005859375,1281.5400390625,1284.1400146484375,1284.1400146484375,167250700,0.0,0.0
2007-09-04,1286.5899658203125,1288.2099609375,1279.7099609375,1283.75,1283.75,138136600,0.0,0.0
2007-09-05,1285.9300537109375,1297.9300537109375,1285.9300537109375,1297.9300537109375,1297.9300537109375,190217100,0.0,0.0
2007-09-06,1289.739990234375,1298.8499755859375,1286.4100341796875,1298.8499755859375,1298.8499755859375,171318900,0.0,0.0
2007-09-07,1299.699951171875,1305.0400390625,1298.469970703125,1304.9000244140625,1304.9000244140625,186575600,0.0,0.0
2007-09-10,1290.1400146484375,1292.469970703125,1281.6600341796875,1290.699951171875,1290.699951171875,124627500,0.0,0.0
2007-09-11,1289.2900390625,1292.3299560546875,1284.9200439453125,1286.3299560546875,1286.3299560546875,113373200,0.0,0.0
2007-09-12,1291.8399658203125,1296.8299560546875,1285.1400146484375,1285.93994140625,1285.93994140625,145117100,0.0,0.0
2007-09-13,1287.8499755859375,1292.25,1278.3199462890625,1284.02001953125,1284.02001953125,142783900,0.0,0.0
2007-09-14,1286.8699951171875,1294.6800537109375,1286.8699951171875,1289.5,1289.5,120738500,0.0,0.0
2007-09-17,1291.8900146484375,1293.4300537109375,1276.8299560546875,1278.3399658203125,1278.3399658203125,87764800,0.0,0.0
2007-09-18,1277.8499755859375,1282.0,1270.719970703125,1277.3299560546875,1277.3299560546875,135659400,0.0,0.0
2007-09-19,1291.8499755859375,1298.7099609375,1289.5799560546875,1297.1600341796875,1297.1600341796875,193241200,0.0,0.0
2007-09-20,1301.300048828125,1308.6700439453125,1294.6500244140625,1308.6700439453125,1308.6700439453125,147912900,0.0,0.0
2007-09-21,1305.06005859375,1306.02001953125,1299.9200439453125,1305.93994140625,1305.93994140625,144172200,0.0,0.0
2007-09-24,1307.699951171875,1317.5400390625,1303.22998046875,1317.239990234375,1317.239990234375,171623900,0.0,0.0
2007-09-25,1319.260009765625,1327.8199462890625,1315.6199951171875,1316.4300537109375,1316.4300537109375,180444400,0.0,0.0
2007-09-26,1316.4200439453125,1325.56005859375,1316.4200439453125,1320.8900146484375,1320.8900146484375,156322000,0.0,0.0
2007-09-27,1325.1400146484375,1339.5400390625,1325.1400146484375,1335.6600341796875,1335.6600341796875,235628300,0.0,0.0
2007-09-28,1339.4300537109375,1344.1300048828125,1336.300048828125,1336.300048828125,1336.300048828125,221252500,0.0,0.0
2007-10-01,1337.6500244140625,1353.7099609375,1337.6500244140625,1347.050048828125,1347.050048828125,172561100,0.0,0.0
2007-10-02,1361.030029296875,1371.3499755859375,1359.43994140625,1368.719970703125,1368.719970703125,283253000,0.0,0.0
2007-10-03,1369.8199462890625,1380.2900390625,1363.31005859375,1366.9599609375,1366.9599609375,290359900,0.0,0.0
2007-10-04,1365.47998046875,1370.3800048828125,1358.3399658203125,1369.8399658203125,1369.8399658203125,195509500,0.0,0.0
2007-10-05,1372.5999755859375,1376.72998046875,1368.81005859375,1372.3900146484375,1372.3900146484375,189040200,0.0,0.0
2007-10-08,1374.550048828125,1382.780029296875,1363.219970703125,1364.1400146484375,1364.1400146484375,163250100,0.0,0.0
2007-10-09,1368.0799560546875,1373.93994140625,1359.6300048828125,1369.3900146484375,1369.3900146484375,191121800,0.0,0.0
2007-10-10,1375.030029296875,1381.0400390625,1373.77001953125,1376.9300537109375,1376.9300537109375,231371900,0.0,0.0
2007-10-11,1377.6700439453125,1383.6099853515625,1371.260009765625,1383.6099853515625,1383.6099853515625,181132200,0.0,0.0
2007-10-12,1381.25,1381.25,1369.7099609375,1375.25,1375.25,164396500,0.0,0.0
2007-10-16,1376.760009765625,1376.760009765625,1367.469970703125,1372.3800048828125,1372.3800048828125,218934500,0.0,0.0
2007-10-17,1370.8900146484375,1375.6099853515625,1365.0400390625,1374.3900146484375,1374.3900146484375,199076800,0.0,0.0
2007-10-18,1375.4200439453125,1383.77001953125,1374.6300048828125,1376.3199462890625,1376.3199462890625,190358800,0.0,0.0
2007-10-19,1377.6500244140625,1379.43994140625,1366.77001953125,1370.1700439453125,1370.1700439453125,121555100,0.0,0.0
2007-10-22,1349.1800537109375,1350.81005859375,1339.3599853515625,1350.81005859375,1350.81005859375,154244900,0.0,0.0
2007-10-23,1355.2099609375,1360.22998046875,1353.8800048828125,1357.3299560546875,1357.3299560546875,128742200,0.0,0.0
2007-10-24,1361.530029296875,1369.43994140625,1357.8900146484375,1359.8299560546875,1359.8299560546875,180922300,0.0,0.0
2007-10-25,1361.449951171875,1378.27001953125,1361.449951171875,1378.27001953125,1378.27001953125,226529800,0.0,0.0
2007-10-26,1380.4200439453125,1398.3499755859375,1379.0400390625,1398.3499755859375,1398.3499755859375,207298100,0.0,0.0
2007-10-29,1403.75,1411.6199951171875,1403.75,1411.6199951171875,1411.6199951171875,233476800,0.0,0.0
2007-10-30,1411.3299560546875,1416.969970703125,1404.47998046875,1412.7900390625,1412.7900390625,214226100,0.0,0.0
2007-10-31,1411.9599609375,1413.6500244140625,1402.8299560546875,1413.6500244140625,1413.6500244140625,208428600,0.0,0.0
2007-11-01,1419.3800048828125,1423.81005859375,1407.969970703125,1409.1600341796875,1409.1600341796875,209114400,0.0,0.0
2007-11-02,1389.31005859375,1397.47998046875,1385.8499755859375,1397.47998046875,1397.47998046875,177061700,0.0,0.0
2007-11-05,1400.8800048828125,1404.5699462890625,1381.22998046875,1384.72998046875,1384.72998046875,153558200,0.0,0.0
2007-11-06,1384.469970703125,1391.2900390625,1380.4300537109375,1389.1099853515625,1389.1099853515625,176411100,0.0,0.0
2007-11-07,1395.510009765625,1413.8499755859375,1395.510009765625,1413.8499755859375,1413.8499755859375,167391100,0.0,0.0
2007-11-09,1397.9100341796875,1403.449951171875,1390.5999755859375,1402.25,1402.25,176477000,0.0,0.0
2007-11-12,1392.52001953125,1394.8599853515625,1379.3900146484375,1382.3499755859375,1382.3499755859375,171086100,0.0,0.0
2007-11-13,1382.6099853515625,1385.8900146484375,1370.3299560546875,1383.4300537109375,1383.4300537109375,170421100,0.0,0.0
2007-11-14,1394.550048828125,1396.06005859375,1379.5999755859375,1384.5799560546875,1384.5799560546875,153612200,0.0,0.0
2007-11-15,1385.3199462890625,1390.969970703125,1382.699951171875,1390.0,1390.0,156869700,0.0,0.0
2007-11-16,1387.3599853515625,1389.6600341796875,1377.4300537109375,1386.6400146484375,1386.6400146484375,162637900,0.0,0.0
2007-11-19,1388.3399658203125,1393.2900390625,1379.9100341796875,1379.9100341796875,1379.9100341796875,116242300,0.0,0.0
2007-11-20,1374.6400146484375,1374.9000244140625,1359.72998046875,1371.699951171875,1371.699951171875,176335700,0.0,0.0
2007-11-21,1373.3499755859375,1375.5699462890625,1358.219970703125,1359.8499755859375,1359.8499755859375,193156300,0.0,0.0
2007-11-22,1356.4599609375,1356.969970703125,1338.1400146484375,1344.1600341796875,1344.1600341796875,185317400,0.0,0.0
2007-11-23,1346.449951171875,1354.0,1345.7900390625,1353.550048828125,1353.550048828125,117493200,0.0,0.0
2007-11-26,1356.4000244140625,1366.5899658203125,1356.1800537109375,1364.3699951171875,1364.3699951171875,119716700,0.0,0.0
2007-11-27,1359.7099609375,1364.989990234375,1355.3900146484375,1364.989990234375,1364.989990234375,120212200,0.0,0.0
2007-11-28,1368.0699462890625,1373.0899658203125,1361.47998046875,1366.5799560546875,1366.5799560546875,132427500,0.0,0.0
2007-11-29,1373.0699462890625,1379.550048828125,1366.2099609375,1374.3199462890625,1374.3199462890625,170625200,0.0,0.0
2007-11-30,1408.0899658203125,1408.3199462890625,1391.719970703125,1396.97998046875,1396.97998046875,291790800,0.0,0.0
2007-12-03,1400.550048828125,1419.3399658203125,1399.1700439453125,1419.3399658203125,1419.3399658203125,194730500,0.0,0.0
2007-12-04,1415.449951171875,1416.6700439453125,1408.3499755859375,1415.81005859375,1415.81005859375,165844700,0.0,0.0
2007-12-05,1415.760009765625,1431.68994140625,1415.239990234375,1427.77001953125,1427.77001953125,195983700,0.0,0.0
2007-12-06,1436.280029296875,1446.18994140625,1436.280029296875,1440.3900146484375,1440.3900146484375,229591400,0.0,0.0
2007-12-07,1443.1099853515625,1449.699951171875,1431.77001953125,1434.0400390625,1434.0400390625,198680000,0.0,0.0
2007-12-10,1430.52001953125,1431.0899658203125,1418.5999755859375,1425.1300048828125,1425.1300048828125,152542000,0.0,0.0
2007-12-11,1431.010009765625,1435.3900146484375,1425.5799560546875,1434.1600341796875,1434.1600341796875,163762400,0.0,0.0
2007-12-12,1425.2099609375,1425.2099609375,1417.3299560546875,1423.719970703125,1423.719970703125,163104600,0.0,0.0
2007-12-13,1421.7900390625,1426.4200439453125,1405.219970703125,1410.56005859375,1410.56005859375,169111500,0.0,0.0
2007-12-14,1410.97998046875,1414.030029296875,1396.449951171875,1403.4100341796875,1403.4100341796875,189243500,0.0,0.0
2007-12-17,1403.780029296875,1406.239990234375,1385.8399658203125,1391.6099853515625,1391.6099853515625,170296500,0.0,0.0
2007-12-18,1387.8199462890625,1391.75,1382.43994140625,1385.449951171875,1385.449951171875,222549000,0.0,0.0
2007-12-19,1387.760009765625,1396.8800048828125,1387.2099609375,1387.2099609375,1387.2099609375,201126300,0.0,0.0
2007-12-21,1388.27001953125,1403.8299560546875,1388.27001953125,1403.56005859375,1403.56005859375,208406300,0.0,0.0
2007-12-24,1404.7099609375,1423.239990234375,1404.7099609375,1423.239990234375,1423.239990234375,125277600,0.0,0.0
2007-12-26,1422.5799560546875,1426.4300537109375,1418.4100341796875,1424.02001953125,1424.02001953125,121954600,0.0,0.0
2007-12-27,1425.0,1437.8199462890625,1424.1700439453125,1437.8199462890625,1437.8199462890625,171851400,0.0,0.0
2007-12-28,1433.6300048828125,1447.0400390625,1431.3800048828125,1447.0400390625,1447.0400390625,144258200,0.0,0.0
2007-12-31,1446.6300048828125,1452.5699462890625,1441.6600341796875,1445.030029296875,1445.030029296875,152055200,0.0,0.0
2008-01-02,1443.6800537109375,1448.0899658203125,1435.1300048828125,1435.6800537109375,1435.6800537109375,113379800,0.0,0.0
2008-01-03,1432.8299560546875,1438.18994140625,1431.68994140625,1435.3800048828125,1435.3800048828125,144616200,0.0,0.0
2008-01-04,1439.4300537109375,1467.780029296875,1439.4300537109375,1466.6700439453125,1466.6700439453125,218591700,0.0,0.0
2008-01-07,1461.1700439453125,1473.739990234375,1458.6800537109375,1470.77001953125,1470.77001953125,203690000,0.0,0.0
2008-01-08,1471.81005859375,1489.8699951171875,1471.81005859375,1489.739990234375,1489.739990234375,357312900,0.0,0.0
2008-01-09,1483.8299560546875,1498.8599853515625,1480.6300048828125,1491.6600341796875,1491.6600341796875,414808900,0.0,0.0
2008-01-11,1498.8900146484375,1521.56005859375,1498.8900146484375,1516.219970703125,1516.219970703125,543175500,0.0,0.0
2008-01-14,1514.31005859375,1524.68994140625,1502.0999755859375,1507.0400390625,1507.0400390625,285573400,0.0,0.0
2008-01-15,1513.550048828125,1524.280029296875,1497.6400146484375,1505.7099609375,1505.7099609375,250408600,0.0,0.0
2008-01-16,1490.5,1490.5,1448.4100341796875,1453.6600341796875,1453.6600341796875,321160300,0.0,0.0
2008-01-17,1463.3599853515625,1465.260009765625,1431.4200439453125,1460.7099609375,1460.7099609375,282759800,0.0,0.0
2008-01-18,1426.8800048828125,1445.699951171875,1423.8299560546875,1439.489990234375,1439.489990234375,234584200,0.0,0.0
2008-01-21,1436.2900390625,1436.2900390625,1402.6500244140625,1408.5999755859375,1408.5999755859375,262769800,0.0,0.0
2008-01-22,1382.4300537109375,1382.4300537109375,1340.2900390625,1354.47998046875,1354.47998046875,466350000,0.0,0.0
2008-01-24,1401.25,1409.9300537109375,1376.0,1383.3499755859375,1383.3499755859375,367874100,0.0,0.0
2008-01-25,1395.800048828125,1411.0899658203125,1392.43994140625,1405.4000244140625,1405.4000244140625,289825900,0.0,0.0
2008-01-28,1398.5,1398.5,1372.6099853515625,1380.5400390625,1380.5400390625,157527000,0.0,0.0
2008-01-29,1389.3199462890625,1394.4100341796875,1382.4100341796875,1388.5,1388.5,167763900,0.0,0.0
2008-01-30,1395.530029296875,1400.9000244140625,1377.77001953125,1384.0799560546875,1384.0799560546875,208309100,0.0,0.0
2008-01-31,1381.5699462890625,1394.56005859375,1379.969970703125,1393.25,1393.25,209866900,0.0,0.0
2008-02-04,1408.56005859375,1422.5799560546875,1407.8299560546875,1419.6600341796875,1419.6600341796875,248384400,0.0,0.0
2008-02-05,1413.1300048828125,1432.3499755859375,1413.1300048828125,1432.3499755859375,1432.3499755859375,206178400,0.0,0.0
2008-02-06,1413.280029296875,1415.93994140625,1408.550048828125,1415.93994140625,1415.93994140625,142064400,0.0,0.0
2008-02-11,1415.56005859375,1418.56005859375,1404.8599853515625,1407.3800048828125,1407.3800048828125,162068500,0.0,0.0
2008-02-12,1409.199951171875,1417.52001953125,1409.199951171875,1417.52001953125,1417.52001953125,209095400,0.0,0.0
2008-02-13,1420.699951171875,1433.199951171875,1414.0999755859375,1423.1500244140625,1423.1500244140625,256270100,0.0,0.0
2008-02-14,1424.25,1436.0999755859375,1424.25,1436.0999755859375,1436.0999755859375,223883000,0.0,0.0
2008-02-15,1429.9300537109375,1429.9300537109375,1416.8499755859375,1427.18994140625,1427.18994140625,185069700,0.0,0.0
2008-02-18,1425.8699951171875,1428.1700439453125,1411.010009765625,1412.8299560546875,1412.8299560546875,211770400,0.0,0.0
2008-02-19,1415.25,1425.489990234375,1415.25,1425.489990234375,1425.489990234375,189766700,0.0,0.0
2008-02-20,1426.949951171875,1427.3800048828125,1404.43994140625,1414.3199462890625,1414.3199462890625,257453300,0.0,0.0
2008-02-21,1415.0999755859375,1415.1099853515625,1388.81005859375,1394.760009765625,1394.760009765625,282864000,0.0,0.0
2008-02-22,1389.6400146484375,1390.030029296875,1354.7099609375,1369.47998046875,1369.47998046875,319176900,0.0,0.0
2008-02-25,1373.469970703125,1376.699951171875,1364.56005859375,1370.7900390625,1370.7900390625,279232000,0.0,0.0
2008-02-26,1375.4599609375,1382.760009765625,1371.8499755859375,1375.4300537109375,1375.4300537109375,227552600,0.0,0.0
2008-02-27,1376.93994140625,1382.9000244140625,1370.1500244140625,1376.6199951171875,1376.6199951171875,195745500,0.0,0.0
2008-02-28,1375.1400146484375,1375.5,1363.8199462890625,1368.27001953125,1368.27001953125,196236500,0.0,0.0
2008-02-29,1368.3199462890625,1369.5400390625,1354.7900390625,1357.4000244140625,1357.4000244140625,223788900,0.0,0.0
2008-03-03,1344.4599609375,1344.4599609375,1329.1700439453125,1330.6099853515625,1330.6099853515625,208254800,0.0,0.0
2008-03-04,1335.1700439453125,1337.7099609375,1311.97998046875,1314.02001953125,1314.02001953125,244984300,0.0,0.0
2008-03-05,1312.81005859375,1313.68994140625,1277.68994140625,1280.22998046875,1280.22998046875,332458900,0.0,0.0
2008-03-06,1285.0999755859375,1301.3800048828125,1285.0999755859375,1299.68994140625,1299.68994140625,196895500,0.0,0.0
2008-03-07,1287.1400146484375,1296.3299560546875,1283.18994140625,1296.3299560546875,1296.3299560546875,186979100,0.0,0.0
2008-03-10,1242.6400146484375,1242.6400146484375,1157.469970703125,1173.219970703125,1173.219970703125,558533100,0.0,0.0
2008-03-11,1165.0400390625,1212.4599609375,1163.97998046875,1206.5400390625,1206.5400390625,463232300,0.0,0.0
2008-03-12,1240.5899658203125,1251.3499755859375,1231.0799560546875,1232.5899658203125,1232.5899658203125,351699200,0.0,0.0
2008-03-13,1229.530029296875,1229.530029296875,1200.0400390625,1201.3499755859375,1201.3499755859375,333908600,0.0,0.0
2008-03-14,1207.0999755859375,1213.6099853515625,1194.8399658203125,1194.8399658203125,1194.8399658203125,205089200,0.0,0.0
2008-03-17,1183.3299560546875,1183.3299560546875,1175.6700439453125,1177.530029296875,1177.530029296875,217311400,0.0,0.0
2008-03-18,1170.4000244140625,1185.3800048828125,1166.8299560546875,1180.02001953125,1180.02001953125,283568900,0.0,0.0
2008-03-19,1203.72998046875,1206.8399658203125,1179.0899658203125,1186.5400390625,1186.5400390625,289169400,0.0,0.0
2008-03-21,1189.7900390625,1190.3900146484375,1181.760009765625,1189.06005859375,1189.06005859375,105239200,0.0,0.0
2008-03-24,1189.760009765625,1201.3499755859375,1188.489990234375,1201.02001953125,1201.02001953125,166012700,0.0,0.0
2008-03-25,1207.2900390625,1234.5799560546875,1207.2900390625,1229.949951171875,1229.949951171875,273655100,0.0,0.0
2008-03-26,1230.280029296875,1245.4200439453125,1229.050048828125,1245.4200439453125,1245.4200439453125,214174700,0.0,0.0
2008-03-27,1242.5,1254.030029296875,1230.3299560546875,1254.030029296875,1254.030029296875,256827800,0.0,0.0
2008-03-28,1247.780029296875,1258.8599853515625,1247.0999755859375,1258.4100341796875,1258.4100341796875,283348100,0.0,0.0
2008-03-31,1257.02001953125,1259.0999755859375,1246.3399658203125,1247.52001953125,1247.52001953125,167812000,0.0,0.0
2008-04-01,1248.8699951171875,1251.5899658203125,1240.1700439453125,1250.4100341796875,1250.4100341796875,191442100,0.0,0.0
2008-04-02,1263.8199462890625,1264.75,1238.219970703125,1239.6500244140625,1239.6500244140625,207141400,0.0,0.0
2008-04-03,1240.7099609375,1242.780029296875,1219.969970703125,1225.5799560546875,1225.5799560546875,210241500,0.0,0.0
2008-04-04,1226.1600341796875,1230.77001953125,1220.6300048828125,1221.97998046875,1221.97998046875,132274700,0.0,0.0
2008-04-07,1222.31005859375,1223.72998046875,1216.3800048828125,1221.0699462890625,1221.0699462890625,138896000,0.0,0.0
2008-04-08,1219.8599853515625,1227.5799560546875,1218.9200439453125,1225.7099609375,1225.7099609375,155245500,0.0,0.0
2008-04-09,1226.3800048828125,1231.5899658203125,1224.1199951171875,1227.739990234375,1227.739990234375,153641900,0.0,0.0
2008-04-10,1228.6300048828125,1249.6300048828125,1225.010009765625,1248.18994140625,1248.18994140625,221014200,0.0,0.0
2008-04-11,1250.5999755859375,1256.260009765625,1245.1099853515625,1246.7900390625,1246.7900390625,185168500,0.0,0.0
2008-04-14,1238.969970703125,1241.1099853515625,1230.6199951171875,1233.4300537109375,1233.4300537109375,133042500,0.0,0.0
2008-04-15,1235.8399658203125,1247.3299560546875,1234.06005859375,1244.199951171875,1244.199951171875,167212900,0.0,0.0
2008-04-16,1247.8299560546875,1261.8199462890625,1247.8299560546875,1253.6400146484375,1253.6400146484375,174347700,0.0,0.0
2008-04-17,1264.5999755859375,1265.72998046875,1255.0699462890625,1256.5400390625,1256.5400390625,199302900,0.0,0.0
2008-04-18,1258.6099853515625,1267.6500244140625,1258.6099853515625,1267.6500244140625,1267.6500244140625,196044900,0.0,0.0
2008-04-21,1278.25,1288.1400146484375,1278.25,1280.0,1280.0,222034300,0.0,0.0
2008-04-22,1279.8900146484375,1284.0799560546875,1273.22998046875,1279.300048828125,1279.300048828125,198763100,0.0,0.0
2008-04-23,1280.1300048828125,1295.3399658203125,1276.0799560546875,1288.1600341796875,1288.1600341796875,257982700,0.0,0.0
2008-04-24,1289.3800048828125,1300.1500244140625,1288.68994140625,1293.0799560546875,1293.0799560546875,203512000,0.0,0.0
2008-04-25,1296.800048828125,1299.43994140625,1287.6300048828125,1288.0799560546875,1288.0799560546875,150301200,0.0,0.0
2008-04-28,1290.3199462890625,1297.489990234375,1287.3299560546875,1295.31005859375,1295.31005859375,144435400,0.0,0.0
2008-04-29,1302.449951171875,1305.0899658203125,1283.47998046875,1283.6500244140625,1283.6500244140625,149352800,0.0,0.0
2008-04-30,1287.06005859375,1287.68994140625,1274.199951171875,1279.8599853515625,1279.8599853515625,204513500,0.0,0.0
2008-05-02,1287.9100341796875,1287.9100341796875,1271.47998046875,1271.47998046875,1271.47998046875,188590100,0.0,0.0
2008-05-05,1274.1300048828125,1278.6099853515625,1271.4200439453125,1274.6099853515625,1274.6099853515625,173138000,0.0,0.0
2008-05-06,1281.18994140625,1281.18994140625,1272.9100341796875,1276.0899658203125,1276.0899658203125,236991300,0.0,0.0
2008-05-07,1280.52001953125,1289.31005859375,1280.52001953125,1287.1500244140625,1287.1500244140625,214077400,0.0,0.0
2008-05-08,1284.43994140625,1287.3900146484375,1275.9100341796875,1280.3499755859375,1280.3499755859375,177025600,0.0,0.0
2008-05-09,1282.5999755859375,1287.3499755859375,1281.3800048828125,1285.27001953125,1285.27001953125,159309100,0.0,0.0
2008-05-12,1283.8900146484375,1293.0899658203125,1283.8399658203125,1293.0899658203125,1293.0899658203125,146563500,0.0,0.0
2008-05-13,1294.8499755859375,1297.1300048828125,1286.010009765625,1286.5400390625,1286.5400390625,161000800,0.0,0.0
2008-05-14,1290.2900390625,1296.469970703125,1287.1400146484375,1287.739990234375,1287.739990234375,210191800,0.0,0.0
2008-05-15,1288.97998046875,1296.280029296875,1285.06005859375,1294.1500244140625,1294.1500244140625,166579600,0.0,0.0
2008-05-16,1295.93994140625,1302.8299560546875,1295.780029296875,1300.6700439453125,1300.6700439453125,180730700,0.0,0.0
2008-05-20,1300.3199462890625,1301.93994140625,1285.199951171875,1287.4300537109375,1287.4300537109375,250059800,0.0,0.0
2008-05-21,1281.31005859375,1288.9300537109375,1279.050048828125,1281.199951171875,1281.199951171875,205666100,0.0,0.0
2008-05-22,1274.5899658203125,1280.5899658203125,1273.43994140625,1277.5699462890625,1277.5699462890625,178105700,0.0,0.0
2008-05-23,1278.2900390625,1286.1600341796875,1274.780029296875,1274.780029296875,1274.780029296875,175208200,0.0,0.0
2008-05-26,1274.239990234375,1276.550048828125,1268.8800048828125,1273.3699951171875,1273.3699951171875,151688300,0.0,0.0
2008-05-27,1274.8900146484375,1276.52001953125,1267.5999755859375,1274.239990234375,1274.239990234375,181080900,0.0,0.0
2008-05-28,1273.280029296875,1276.3399658203125,1260.010009765625,1260.5799560546875,1260.5799560546875,170767700,0.0,0.0
2008-05-29,1261.5699462890625,1269.5899658203125,1261.5699462890625,1261.8199462890625,1261.8199462890625,184507900,0.0,0.0
2008-05-30,1263.93994140625,1276.0999755859375,1263.93994140625,1276.0999755859375,1276.0999755859375,481188900,0.0,0.0
2008-06-02,1274.550048828125,1274.8399658203125,1262.489990234375,1262.489990234375,1262.489990234375,172756800,0.0,0.0
2008-06-03,1262.0699462890625,1264.52001953125,1257.5699462890625,1257.5699462890625,1257.5699462890625,200404800,0.0,0.0
2008-06-04,1257.699951171875,1260.780029296875,1241.949951171875,1253.1199951171875,1253.1199951171875,214199100,0.0,0.0
2008-06-05,1234.0400390625,1236.4300537109375,1214.3699951171875,1223.56005859375,1223.56005859375,319123600,0.0,0.0
2008-06-06,1233.47998046875,1250.22998046875,1232.6600341796875,1248.5699462890625,1248.5699462890625,317699200,0.0,0.0
2008-06-09,1226.5699462890625,1234.72998046875,1223.449951171875,1230.97998046875,1230.97998046875,171460200,0.0,0.0
2008-06-10,1233.8399658203125,1239.06005859375,1230.1600341796875,1230.9599609375,1230.9599609375,206799100,0.0,0.0
2008-06-11,1232.199951171875,1237.2900390625,1229.280029296875,1229.280029296875,1229.280029296875,202906500,0.0,0.0
2008-06-12,1225.510009765625,1228.25,1221.5799560546875,1225.5400390625,1225.5400390625,192050600,0.0,0.0
2008-06-13,1228.469970703125,1232.8800048828125,1227.72998046875,1229.3499755859375,1229.3499755859375,163800400,0.0,0.0
2008-06-16,1230.3800048828125,1241.5899658203125,1230.010009765625,1238.06005859375,1238.06005859375,138899700,0.0,0.0
2008-06-17,1237.8699951171875,1239.8599853515625,1227.760009765625,1227.760009765625,1227.760009765625,105609500,0.0,0.0
2008-06-18,1226.75,1226.75,1208.93994140625,1212.5899658203125,1212.5899658203125,195286000,0.0,0.0
2008-06-19,1207.1800537109375,1207.1800537109375,1188.5,1196.3900146484375,1196.3900146484375,221342500,0.0,0.0
2008-06-20,1198.3699951171875,1208.56005859375,1197.8299560546875,1206.6700439453125,1206.6700439453125,213110900,0.0,0.0
2008-06-23,1198.6400146484375,1198.6400146484375,1191.3599853515625,1195.4100341796875,1195.4100341796875,152467600,0.0,0.0
2008-06-24,1196.300048828125,1204.68994140625,1196.300048828125,1200.280029296875,1200.280029296875,158927600,0.0,0.0
2008-06-25,1200.3900146484375,1209.1099853515625,1200.3900146484375,1209.1099853515625,1209.1099853515625,226529400,0.0,0.0
2008-06-26,1211.3900146484375,1211.93994140625,1202.4000244140625,1203.8900146484375,1203.8900146484375,192986400,0.0,0.0
2008-06-27,1190.8399658203125,1192.27001953125,1186.7099609375,1190.5400390625,1190.5400390625,163743600,0.0,0.0
2008-06-30,1186.97998046875,1189.25,1181.72998046875,1186.5699462890625,1186.5699462890625,164876800,0.0,0.0
2008-07-01,1187.989990234375,1188.0,1171.47998046875,1174.8299560546875,1174.8299560546875,150309200,0.0,0.0
2008-07-02,1174.9599609375,1174.9599609375,1149.0899658203125,1153.699951171875,1153.699951171875,199451200,0.0,0.0
2008-07-04,1127.8900146484375,1138.030029296875,1119.969970703125,1134.1400146484375,1134.1400146484375,266215400,0.0,0.0
2008-07-07,1134.699951171875,1136.5899658203125,1123.780029296875,1127.260009765625,1127.260009765625,214898000,0.0,0.0
2008-07-08,1127.8399658203125,1136.550048828125,1120.31005859375,1121.25,1121.25,214537300,0.0,0.0
2008-07-09,1126.5899658203125,1139.81005859375,1122.5899658203125,1139.81005859375,1139.81005859375,180227200,0.0,0.0
2008-07-10,1134.72998046875,1141.969970703125,1129.9300537109375,1135.489990234375,1135.489990234375,120808800,0.0,0.0
2008-07-11,1137.6099853515625,1153.300048828125,1136.5,1150.3900146484375,1150.3900146484375,144663400,0.0,0.0
2008-07-14,1147.5,1148.699951171875,1141.97998046875,1144.0,1144.0,136226300,0.0,0.0
2008-07-15,1145.699951171875,1147.719970703125,1127.5999755859375,1127.5999755859375,1127.5999755859375,208424200,0.0,0.0
2008-07-16,1126.030029296875,1129.969970703125,1118.3599853515625,1119.4200439453125,1119.4200439453125,150391900,0.0,0.0
2008-07-17,1125.3800048828125,1126.4599609375,1111.6199951171875,1121.1700439453125,1121.1700439453125,122317700,0.0,0.0
2008-07-18,1122.4100341796875,1123.18994140625,1100.18994140625,1105.0400390625,1105.0400390625,172390100,0.0,0.0
2008-07-21,1104.8199462890625,1108.6500244140625,1089.469970703125,1103.47998046875,1103.47998046875,176486900,0.0,0.0
2008-07-22,1105.6500244140625,1112.510009765625,1103.8499755859375,1109.5699462890625,1109.5699462890625,142606300,0.0,0.0
2008-07-23,1117.6099853515625,1139.4100341796875,1116.1400146484375,1139.4100341796875,1139.4100341796875,279821400,0.0,0.0
2008-07-24,1138.3299560546875,1141.5899658203125,1131.9300537109375,1141.5899658203125,1141.5899658203125,269540300,0.0,0.0
2008-07-25,1130.4599609375,1141.75,1130.4599609375,1141.75,1141.75,157531500,0.0,0.0
2008-07-28,1142.0699462890625,1157.6099853515625,1141.8499755859375,1154.0899658203125,1154.0899658203125,229388700,0.0,0.0
2008-07-29,1148.530029296875,1150.800048828125,1143.550048828125,1150.800048828125,1150.800048828125,138432700,0.0,0.0
2008-07-30,1155.5799560546875,1163.31005859375,1155.5799560546875,1159.93994140625,1159.93994140625,191404700,0.0,0.0
2008-07-31,1161.449951171875,1164.6400146484375,1157.93994140625,1163.0899658203125,1163.0899658203125,131354800,0.0,0.0
2008-08-01,1159.3499755859375,1160.1099853515625,1155.1500244140625,1159.0999755859375,1159.0999755859375,120500400,0.0,0.0
2008-08-04,1157.489990234375,1157.550048828125,1147.739990234375,1148.6800537109375,1148.6800537109375,115164600,0.0,0.0
2008-08-05,1148.1099853515625,1149.5899658203125,1123.6700439453125,1128.8599853515625,1128.8599853515625,271471600,0.0,0.0
2008-08-06,1134.5,1138.1800537109375,1129.8699951171875,1133.5899658203125,1133.5899658203125,227889000,0.0,0.0
2008-08-07,1130.1700439453125,1133.72998046875,1119.9599609375,1129.56005859375,1129.56005859375,184501800,0.0,0.0
2008-08-08,1124.2900390625,1129.0400390625,1118.5,1120.31005859375,1120.31005859375,148553100,0.0,0.0
2008-08-11,1120.780029296875,1128.719970703125,1120.780029296875,1127.4599609375,1127.4599609375,129981200,0.0,0.0
2008-08-12,1126.6700439453125,1127.3499755859375,1116.0400390625,1118.780029296875,1118.780029296875,110954500,0.0,0.0
2008-08-13,1117.4100341796875,1121.31005859375,1106.06005859375,1112.530029296875,1112.530029296875,151794100,0.0,0.0
2008-08-14,1114.8900146484375,1116.77001953125,1106.25,1109.4300537109375,1109.4300537109375,159985800,0.0,0.0
2008-08-15,1107.97998046875,1111.719970703125,1094.3499755859375,1095.050048828125,1095.050048828125,151746300,0.0,0.0
2008-08-18,1093.280029296875,1096.1500244140625,1078.6700439453125,1084.3599853515625,1084.3599853515625,156540200,0.0,0.0
2008-08-19,1082.8800048828125,1082.8800048828125,1064.5799560546875,1069.4200439453125,1069.4200439453125,183144200,0.0,0.0
2008-08-20,1068.5999755859375,1073.3699951171875,1065.8599853515625,1073.2099609375,1073.2099609375,134356000,0.0,0.0
2008-08-21,1074.5999755859375,1077.3299560546875,1071.31005859375,1071.4300537109375,1071.4300537109375,119452300,0.0,0.0
2008-08-22,1075.47998046875,1087.050048828125,1074.9300537109375,1085.5999755859375,1085.5999755859375,130065200,0.0,0.0
2008-08-25,1083.3199462890625,1088.4000244140625,1075.6300048828125,1078.72998046875,1078.72998046875,114570500,0.0,0.0
2008-08-26,1076.6199951171875,1076.8399658203125,1066.9100341796875,1070.5,1070.5,103517900,0.0,0.0
2008-08-27,1071.6500244140625,1077.43994140625,1064.1099853515625,1067.6500244140625,1067.6500244140625,112367200,0.0,0.0
2008-08-28,1069.0799560546875,1074.449951171875,1068.800048828125,1070.4599609375,1070.4599609375,170854000,0.0,0.0
2008-08-29,1074.3199462890625,1100.5,1074.050048828125,1100.5,1100.5,272425600,0.0,0.0
2008-09-02,1097.0799560546875,1097.0799560546875,1086.8299560546875,1086.989990234375,1086.989990234375,163739100,0.0,0.0
2008-09-03,1085.1600341796875,1087.1099853515625,1082.280029296875,1085.3800048828125,1085.3800048828125,120208400,0.0,0.0
2008-09-04,1084.1099853515625,1089.5400390625,1083.739990234375,1085.06005859375,1085.06005859375,122411700,0.0,0.0
2008-09-05,1076.780029296875,1081.4200439453125,1069.9300537109375,1070.5400390625,1070.5400390625,157605300,0.0,0.0
2008-09-08,1075.219970703125,1081.280029296875,1075.219970703125,1075.9300537109375,1075.9300537109375,141811000,0.0,0.0
2008-09-09,1077.1600341796875,1078.0,1066.6400146484375,1068.550048828125,1068.550048828125,136217500,0.0,0.0
2008-09-10,1061.699951171875,1067.9200439453125,1061.5699462890625,1062.699951171875,1062.699951171875,167331400,0.0,0.0
2008-09-11,1063.719970703125,1063.77001953125,1039.6500244140625,1041.0699462890625,1041.0699462890625,228249100,0.0,0.0
2008-09-12,1044.5699462890625,1048.22998046875,1040.6099853515625,1044.030029296875,1044.030029296875,167235200,0.0,0.0
2008-09-15,1037.4100341796875,1037.4100341796875,1026.0799560546875,1031.6300048828125,1031.6300048828125,145575900,0.0,0.0
2008-09-16,1016.1400146484375,1016.719970703125,1008.1300048828125,1012.3699951171875,1012.3699951171875,186193400,0.0,0.0
2008-09-17,1012.2100219726562,1013.9600219726562,1000.4099731445312,1002.989990234375,1002.989990234375,179055100,0.0,0.0
2008-09-18,993.2100219726562,998.1400146484375,963.2899780273438,991.6599731445312,991.6599731445312,290595200,0.0,0.0
2008-09-19,1003.8200073242188,1026.3900146484375,1001.9400024414062,1025.699951171875,1025.699951171875,274133400,0.0,0.0
2008-09-22,1036.4000244140625,1040.8499755859375,1025.0400390625,1028.6199951171875,1028.6199951171875,204168000,0.0,0.0
2008-09-23,1021.4199829101562,1032.969970703125,1021.0700073242188,1026.1800537109375,1026.1800537109375,159127700,0.0,0.0
2008-09-24,1025.3399658203125,1030.3299560546875,1019.3099975585938,1028.4000244140625,1028.4000244140625,186570800,0.0,0.0
2008-09-25,1026.3900146484375,1029.56005859375,1019.4600219726562,1024.739990234375,1024.739990234375,152128500,0.0,0.0
2008-09-26,1027.25,1029.7099609375,1018.1799926757812,1020.530029296875,1020.530029296875,134105500,0.0,0.0
2008-09-29,1022.5900268554688,1022.5900268554688,1015.6400146484375,1019.719970703125,1019.719970703125,114898400,0.0,0.0
2008-09-30,995.1199951171875,1023.239990234375,993.5999755859375,1018.6799926757812,1018.6799926757812,171986000,0.0,0.0
2008-10-03,1016.47998046875,1018.8599853515625,1011.010009765625,1016.7000122070312,1016.7000122070312,185161600,0.0,0.0
2008-10-06,1013.3900146484375,1014.6099853515625,995.1400146484375,996.8400268554688,996.8400268554688,210097700,0.0,0.0
2008-10-07,988.25,1004.9299926757812,980.1799926757812,997.22998046875,997.22998046875,255546100,0.0,0.0
2008-10-08,984.1799926757812,985.4500122070312,959.489990234375,970.1900024414062,970.1900024414062,362535000,0.0,0.0
2008-10-09,970.8900146484375,976.3099975585938,965.239990234375,968.8900146484375,968.8900146484375,263036900,0.0,0.0
2008-10-10,945.0900268554688,949.6799926757812,931.7899780273438,934.010009765625,934.010009765625,378468700,0.0,0.0
2008-10-13,941.7100219726562,952.260009765625,926.219970703125,950.760009765625,950.760009765625,297940500,0.0,0.0
2008-10-14,970.02001953125,973.7000122070312,963.2000122070312,966.0599975585938,966.0599975585938,355295100,0.0,0.0
2008-10-15,964.9199829101562,964.9199829101562,946.0599975585938,949.8800048828125,949.8800048828125,351203600,0.0,0.0
2008-10-16,931.8800048828125,932.4000244140625,912.1099853515625,920.02001953125,920.02001953125,623167200,0.0,0.0
2008-10-17,925.9099731445312,926.4400024414062,903.5999755859375,905.22998046875,905.22998046875,345274200,0.0,0.0
2008-10-20,906.25,910.760009765625,888.280029296875,909.510009765625,909.510009765625,322681400,0.0,0.0
2008-10-21,918.2899780273438,920.5900268554688,914.030029296875,918.1599731445312,918.1599731445312,274730000,0.0,0.0
2008-10-22,912.3300170898438,913.510009765625,902.3200073242188,904.280029296875,904.280029296875,277232200,0.0,0.0
2008-10-23,891.8099975585938,893.969970703125,880.8099975585938,891.3200073242188,891.3200073242188,315908900,0.0,0.0
2008-10-24,888.8499755859375,889.219970703125,853.52001953125,859.1099853515625,859.1099853515625,512472000,0.0,0.0
2008-10-28,837.6900024414062,837.6900024414062,801.27001953125,832.4400024414062,832.4400024414062,466909900,0.0,0.0
2008-10-29,850.25,850.25,821.75,829.4099731445312,829.4099731445312,359169600,0.0,0.0
2008-10-30,830.4400024414062,857.8499755859375,826.9099731445312,853.5599975585938,853.5599975585938,551642400,0.0,0.0
2008-10-31,848.5999755859375,869.3200073242188,848.5999755859375,863.6099853515625,863.6099853515625,485047400,0.0,0.0
2008-11-03,867.0399780273438,900.1799926757812,867.0399780273438,899.3499755859375,899.3499755859375,487645900,0.0,0.0
2008-11-04,905.47998046875,910.5399780273438,889.5599975585938,905.5800170898438,905.5800170898438,530705400,0.0,0.0
2008-11-05,915.510009765625,926.6500244140625,913.3599853515625,915.239990234375,915.239990234375,460521700,0.0,0.0
2008-11-06,900.0499877929688,900.3599853515625,889.5900268554688,895.9500122070312,895.9500122070312,229706600,0.0,0.0
2008-11-07,879.9500122070312,894.9099731445312,868.97998046875,893.9500122070312,893.9500122070312,395100000,0.0,0.0
2008-11-10,901.6699829101562,905.3300170898438,894.9400024414062,904.239990234375,904.239990234375,410239400,0.0,0.0
2008-11-11,896.8400268554688,901.1099853515625,893.8900146484375,894.5999755859375,894.5999755859375,438717700,0.0,0.0
2008-11-12,888.9600219726562,896.280029296875,882.6500244140625,890.3400268554688,890.3400268554688,393686700,0.0,0.0
2008-11-13,878.2000122070312,881.5700073242188,873.780029296875,880.5900268554688,880.5900268554688,356094200,0.0,0.0
2008-11-14,886.780029296875,887.8599853515625,880.969970703125,881.6500244140625,881.6500244140625,310317900,0.0,0.0
2008-11-17,875.2000122070312,884.0800170898438,874.7000122070312,884.0599975585938,884.0599975585938,261894500,0.0,0.0
2008-11-18,879.6699829101562,884.5700073242188,877.780029296875,883.0900268554688,883.0900268554688,210471500,0.0,0.0
2008-11-19,883.969970703125,884.469970703125,876.9400024414062,877.6500244140625,877.6500244140625,254272300,0.0,0.0
2008-11-20,867.8499755859375,869.1400146484375,858.9600219726562,865.3200073242188,865.3200073242188,266766300,0.0,0.0
2008-11-21,856.8900146484375,866.8800048828125,853.280029296875,866.8800048828125,866.8800048828125,395639300,0.0,0.0
2008-11-24,863.3200073242188,863.75,854.4400024414062,855.3900146484375,855.3900146484375,244580600,0.0,0.0
2008-11-25,861.8499755859375,863.9299926757812,854.0700073242188,860.1799926757812,860.1799926757812,225611200,0.0,0.0
2008-11-26,857.8900146484375,859.6500244140625,848.030029296875,856.3699951171875,856.3699951171875,177164500,0.0,0.0
2008-11-27,858.72998046875,869.97998046875,858.72998046875,869.97998046875,869.97998046875,223142200,0.0,0.0
2008-11-28,866.030029296875,868.72998046875,860.7000122070312,866.1400146484375,866.1400146484375,231579400,0.0,0.0
2008-12-01,864.489990234375,864.489990234375,848.4299926757812,848.4299926757812,848.4299926757812,183963900,0.0,0.0
2008-12-02,838.9400024414062,845.75,838.0700073242188,845.75,845.75,163169000,0.0,0.0
2008-12-03,847.7899780273438,850.6400146484375,843.3200073242188,847.530029296875,847.530029296875,151088000,0.0,0.0
2008-12-04,846.5499877929688,848.7100219726562,843.5700073242188,846.8599853515625,846.8599853515625,117384000,0.0,0.0
2008-12-05,844.6599731445312,844.6599731445312,838.280029296875,838.280029296875,838.280029296875,157857300,0.0,0.0
2008-12-09,846.4500122070312,853.4400024414062,835.1699829101562,835.1699829101562,835.1699829101562,287678000,0.0,0.0
2008-12-10,835.3800048828125,854.6599731445312,835.3800048828125,854.6599731445312,854.6599731445312,219764600,0.0,0.0
2008-12-11,853.9600219726562,860.6799926757812,851.0999755859375,860.6799926757812,860.6799926757812,190928600,0.0,0.0
2008-12-12,856.9299926757812,858.97998046875,848.0499877929688,852.27001953125,852.27001953125,145696600,0.0,0.0
2008-12-15,854.6599731445312,856.1500244140625,846.469970703125,846.469970703125,846.469970703125,135089500,0.0,0.0
2008-12-16,846.510009765625,855.72998046875,846.510009765625,854.7999877929688,854.7999877929688,111818700,0.0,0.0
2008-12-17,860.3200073242188,864.5900268554688,857.280029296875,862.5,862.5,168315200,0.0,0.0
2008-12-18,860.1900024414062,880.5,858.9199829101562,880.5,880.5,247095900,0.0,0.0
2008-12-19,879.0599975585938,881.47998046875,874.7100219726562,876.4000244140625,876.4000244140625,188016400,0.0,0.0
2008-12-22,876.8800048828125,888.030029296875,872.4099731445312,873.4299926757812,873.4299926757812,121718600,0.0,0.0
2008-12-23,863.0599975585938,874.2000122070312,862.2899780273438,871.1599731445312,871.1599731445312,142170000,0.0,0.0
2008-12-24,869.2899780273438,870.9199829101562,865.260009765625,869.6199951171875,869.6199951171875,62647600,0.0,0.0
2008-12-26,869.030029296875,869.3800048828125,863.3300170898438,867.3499755859375,867.3499755859375,55986200,0.0,0.0
2008-12-30,868.7000122070312,881.6300048828125,868.6400146484375,881.6300048828125,881.6300048828125,95932800,0.0,0.0
2008-12-31,883.0700073242188,884.72998046875,872.0800170898438,876.75,876.75,132907600,0.0,0.0
2009-01-02,878.2999877929688,897.260009765625,877.8900146484375,894.3599853515625,894.3599853515625,216920300,0.0,0.0
2009-01-05,901.8400268554688,920.6599731445312,901.8400268554688,920.6599731445312,920.6599731445312,351621200,0.0,0.0
2009-01-06,921.1500244140625,928.5599975585938,909.6900024414062,922.22998046875,922.22998046875,366064900,0.0,0.0
2009-01-07,929.9299926757812,936.6300048828125,923.25,927.6199951171875,927.6199951171875,398680700,0.0,0.0
2009-01-08,918.72998046875,919.1599731445312,907.0399780273438,910.52001953125,910.52001953125,199557300,0.0,0.0
2009-01-09,910.969970703125,919.0700073242188,910.9400024414062,919.0700073242188,919.0700073242188,182252800,0.0,0.0
2009-01-12,919.4000244140625,925.1300048828125,917.739990234375,923.5700073242188,923.5700073242188,211549800,0.0,0.0
2009-01-13,919.9199829101562,919.9199829101562,909.6799926757812,913.7000122070312,913.7000122070312,197932900,0.0,0.0
2009-01-14,915.7100219726562,916.1199951171875,910.280029296875,913.4600219726562,913.4600219726562,178789700,0.0,0.0
2009-01-15,906.219970703125,907.1500244140625,889.4500122070312,897.4500122070312,897.4500122070312,206401100,0.0,0.0
2009-01-16,898.219970703125,899.25,890.6400146484375,896.469970703125,896.469970703125,144461700,0.0,0.0
2009-01-19,897.9000244140625,900.239990234375,889.77001953125,890.280029296875,890.280029296875,106212900,0.0,0.0
2009-01-20,885.8200073242188,888.1199951171875,878.8099975585938,880.3699951171875,880.3699951171875,133632700,0.0,0.0
2009-01-21,874.3599853515625,875.1699829101562,868.6500244140625,873.4099731445312,873.4099731445312,142080300,0.0,0.0
2009-01-22,879.3400268554688,883.030029296875,874.7899780273438,879.02001953125,879.02001953125,121716800,0.0,0.0
2009-01-23,877.739990234375,877.8400268554688,867.3499755859375,872.6900024414062,872.6900024414062,92784400,0.0,0.0
2009-01-28,874.02001953125,879.6300048828125,873.9199829101562,879.6300048828125,879.6300048828125,66585400,0.0,0.0
2009-01-29,882.8200073242188,887.27001953125,881.7899780273438,883.1599731445312,883.1599731445312,111592800,0.0,0.0
2009-01-30,882.8200073242188,884.4500122070312,871.530029296875,884.4500122070312,884.4500122070312,111594100,0.0,0.0
2009-02-03,886.1799926757812,886.9500122070312,873.4600219726562,879.6699829101562,879.6699829101562,115827100,0.0,0.0
2009-02-04,881.0399780273438,883.8599853515625,876.7999877929688,876.7999877929688,876.7999877929688,103999700,0.0,0.0
2009-02-05,874.739990234375,880.1599731445312,874.739990234375,879.9500122070312,879.9500122070312,110897800,0.0,0.0
2009-02-06,885.1199951171875,896.6400146484375,884.530029296875,896.6400146484375,896.6400146484375,147534300,0.0,0.0
2009-02-11,899.1199951171875,899.8800048828125,894.6300048828125,897.0700073242188,897.0700073242188,100919100,0.0,0.0
2009-02-12,899.6599731445312,901.7999877929688,893.3599853515625,894.5999755859375,894.5999755859375,141208900,0.0,0.0
2009-02-13,895.3200073242188,909.8400268554688,895.3200073242188,909.8400268554688,909.8400268554688,246619500,0.0,0.0
2009-02-16,908.3599853515625,909.1599731445312,904.2000122070312,907.1900024414062,907.1900024414062,168760200,0.0,0.0
2009-02-17,906.739990234375,906.739990234375,894.47998046875,898.530029296875,898.530029296875,137245500,0.0,0.0
2009-02-18,892.77001953125,896.280029296875,891.1199951171875,895.22998046875,895.22998046875,143877000,0.0,0.0
2009-02-19,896.3800048828125,900.8400268554688,895.510009765625,899.5900268554688,899.5900268554688,145645900,0.0,0.0
2009-02-20,895.9400024414062,898.0399780273438,888.72998046875,889.7100219726562,889.7100219726562,158420200,0.0,0.0
2009-02-23,887.4000244140625,892.9299926757812,885.4000244140625,887.8300170898438,887.8300170898438,147364600,0.0,0.0
2009-02-24,885.6599731445312,894.0700073242188,883.8099975585938,894.0700073242188,894.0700073242188,141726900,0.0,0.0
2009-02-25,897.0399780273438,898.739990234375,890.7000122070312,896.510009765625,896.510009765625,159926400,0.0,0.0
2009-02-26,894.77001953125,897.5499877929688,892.52001953125,893.4199829101562,893.4199829101562,141563700,0.0,0.0
2009-02-27,896.7000122070312,897.530029296875,888.9099731445312,890.6699829101562,890.6699829101562,250709500,0.0,0.0
2009-03-02,889.7100219726562,889.969970703125,868.72998046875,876.5599975585938,876.5599975585938,217228000,0.0,0.0
2009-03-03,867.2100219726562,869.6099853515625,863.760009765625,868.739990234375,868.739990234375,184586500,0.0,0.0
2009-03-04,868.3599853515625,870.7100219726562,863.8699951171875,866.9299926757812,866.9299926757812,134210200,0.0,0.0
2009-03-05,867.719970703125,869.4400024414062,865.8499755859375,869.239990234375,869.239990234375,157104200,0.0,0.0
2009-03-06,863.6300048828125,864.2000122070312,857.219970703125,858.219970703125,858.219970703125,110650500,0.0,0.0
2009-03-10,857.8300170898438,857.8300170898438,848.3400268554688,855.25,855.25,172684900,0.0,0.0
2009-03-11,860.5599975585938,863.72998046875,847.9400024414062,850.3699951171875,850.3699951171875,161429700,0.0,0.0
2009-03-12,849.5700073242188,849.5700073242188,836.510009765625,838.3900146484375,838.3900146484375,144318600,0.0,0.0
2009-03-13,843.8400268554688,847.0399780273438,841.7000122070312,843.4500122070312,843.4500122070312,115669800,0.0,0.0
2009-03-16,843.6599731445312,846.2899780273438,838.469970703125,840.8800048828125,840.8800048828125,104020200,0.0,0.0
2009-03-17,842.6300048828125,846.5599975585938,840.3800048828125,841.8699951171875,841.8699951171875,166116900,0.0,0.0
2009-03-18,846.9400024414062,850.8200073242188,846.1300048828125,847.9600219726562,847.9600219726562,155770500,0.0,0.0
2009-03-19,850.1300048828125,853.1799926757812,849.2100219726562,852.1799926757812,852.1799926757812,150251000,0.0,0.0
2009-03-20,852.8599853515625,856.8200073242188,849.489990234375,856.8200073242188,856.8200073242188,158039400,0.0,0.0
2009-03-23,858.1900024414062,878.2999877929688,857.8499755859375,878.2999877929688,878.2999877929688,323399500,0.0,0.0
2009-03-24,890.1400146484375,890.5,875.260009765625,877.9199829101562,877.9199829101562,349021100,0.0,0.0
2009-03-25,874.989990234375,879.0399780273438,871.8400268554688,878.8099975585938,878.8099975585938,174992000,0.0,0.0
2009-03-26,877.969970703125,887.239990234375,876.3499755859375,885.469970703125,885.469970703125,292832000,0.0,0.0
2009-03-27,888.6199951171875,890.5700073242188,883.280029296875,885.4299926757812,885.4299926757812,219793100,0.0,0.0
2009-03-30,882.8599853515625,882.8599853515625,866.719970703125,869.3400268554688,869.3400268554688,179737900,0.0,0.0
2009-03-31,867.2100219726562,874.0700073242188,867.0900268554688,872.5499877929688,872.5499877929688,200807400,0.0,0.0
2009-04-01,875.9600219726562,884.1799926757812,875.9600219726562,884.1799926757812,884.1799926757812,172792500,0.0,0.0
2009-04-02,890.0700073242188,907.8499755859375,890.0700073242188,905.0700073242188,905.0700073242188,419530700,0.0,0.0
2009-04-03,910.739990234375,910.9600219726562,900.9000244140625,907.010009765625,907.010009765625,509222700,0.0,0.0
2009-04-06,912.7899780273438,926.6099853515625,912.7899780273438,923.77001953125,923.77001953125,428051200,0.0,0.0
2009-04-07,919.72998046875,924.0999755859375,912.9500122070312,919.8400268554688,919.8400268554688,376928400,0.0,0.0
2009-04-08,914.8400268554688,921.0399780273438,907.8699951171875,907.8699951171875,907.8699951171875,310011700,0.0,0.0
2009-04-09,907.8699951171875,922.5499877929688,907.8699951171875,917.8900146484375,917.8900146484375,302922900,0.0,0.0
2009-04-10,925.8599853515625,942.4000244140625,925.8599853515625,941.3800048828125,941.3800048828125,423813500,0.0,0.0
2009-04-13,942.989990234375,944.1699829101562,936.4299926757812,941.4099731445312,941.4099731445312,394874900,0.0,0.0
2009-04-14,943.0900268554688,953.7100219726562,942.8499755859375,953.7100219726562,953.7100219726562,515658600,0.0,0.0
2009-04-15,951.6500244140625,961.1799926757812,946.719970703125,956.6799926757812,956.6799926757812,590551000,0.0,0.0
2009-04-16,962.8900146484375,969.9299926757812,953.6300048828125,961.280029296875,961.280029296875,610309500,0.0,0.0
2009-04-17,963.9199829101562,967.0999755859375,960.3900146484375,965.1699829101562,965.1699829101562,343786500,0.0,0.0
2009-04-20,966.9000244140625,968.3699951171875,957.5700073242188,968.3699951171875,968.3699951171875,326465400,0.0,0.0
2009-04-21,959.2999877929688,966.5999755859375,958.989990234375,966.5999755859375,966.5999755859375,385475500,0.0,0.0
2009-04-22,971.4000244140625,976.2899780273438,968.5800170898438,968.5800170898438,968.5800170898438,414638400,0.0,0.0
2009-04-23,968.9500122070312,978.6400146484375,968.9500122070312,978.6400146484375,978.6400146484375,468046800,0.0,0.0
2009-04-24,982.0900268554688,992.6799926757812,982.0900268554688,992.6799926757812,992.6799926757812,622046500,0.0,0.0
2009-04-27,995.75,996.5999755859375,974.9000244140625,980.1199951171875,980.1199951171875,453897100,0.0,0.0
2009-04-28,977.5900268554688,982.4099731445312,963.3499755859375,965.7000122070312,965.7000122070312,450440100,0.0,0.0
2009-04-29,963.8200073242188,969.030029296875,952.3699951171875,967.4600219726562,967.4600219726562,326677000,0.0,0.0
2009-04-30,967.4600219726562,995.0599975585938,967.4600219726562,990.739990234375,990.739990234375,627659400,0.0,0.0
2009-05-04,999.4400024414062,1009.719970703125,993.2000122070312,1009.3599853515625,1009.3599853515625,605794400,0.0,0.0
2009-05-05,1020.1300048828125,1021.5499877929688,1001.3699951171875,1008.8699951171875,1008.8699951171875,724748300,0.0,0.0
2009-05-06,1008.6500244140625,1025.050048828125,1001.7899780273438,1023.9600219726562,1023.9600219726562,702251900,0.0,0.0
2009-05-07,1031.8299560546875,1037.81005859375,1021.7000122070312,1023.469970703125,1023.469970703125,764863000,0.0,0.0
2009-05-08,1021.5499877929688,1027.3900146484375,1014.0,1026.780029296875,1026.780029296875,559016000,0.0,0.0
2009-05-11,1032.97998046875,1034.3699951171875,1023.3400268554688,1025.5,1025.5,816858900,0.0,0.0
2009-05-12,1020.1799926757812,1023.72998046875,1013.3599853515625,1023.02001953125,1023.02001953125,537266000,0.0,0.0
2009-05-13,1026.1600341796875,1027.0899658203125,1018.3400268554688,1022.8400268554688,1022.8400268554688,722877400,0.0,0.0
2009-05-14,1018.2999877929688,1019.0599975585938,1011.989990234375,1011.989990234375,1011.989990234375,623401500,0.0,0.0
2009-05-15,1017.4199829101562,1020.510009765625,1012.0,1014.2100219726562,1014.2100219726562,587882700,0.0,0.0
2009-05-18,1007.9500122070312,1012.1199951171875,1000.3400268554688,1012.010009765625,1012.010009765625,561134100,0.0,0.0
2009-05-19,1023.3599853515625,1027.3800048828125,1017.530029296875,1023.489990234375,1023.489990234375,568324900,0.0,0.0
2009-05-20,1022.8099975585938,1044.77001953125,1022.8099975585938,1042.6300048828125,1042.6300048828125,573320800,0.0,0.0
2009-05-21,1045.3599853515625,1050.449951171875,1035.56005859375,1035.56005859375,1035.56005859375,456176600,0.0,0.0
2009-05-22,1030.6800537109375,1045.3900146484375,1030.0400390625,1045.260009765625,1045.260009765625,399957200,0.0,0.0
2009-05-25,1047.4000244140625,1054.4000244140625,1047.4000244140625,1053.1400146484375,1053.1400146484375,570397100,0.0,0.0
2009-05-26,1053.6099853515625,1057.4200439453125,1048.9300537109375,1051.6300048828125,1051.6300048828125,497121800,0.0,0.0
2009-05-27,1057.9300537109375,1059.8800048828125,1047.5400390625,1047.6800537109375,1047.6800537109375,361724900,0.0,0.0
2009-05-28,1043.1099853515625,1044.3900146484375,1037.0899658203125,1041.239990234375,1041.239990234375,262287700,0.0,0.0
2009-05-29,1046.800048828125,1058.3599853515625,1036.1199951171875,1044.1099853515625,1044.1099853515625,761773800,0.0,0.0
2009-06-01,1047.6199951171875,1063.7900390625,1047.6199951171875,1061.800048828125,1061.800048828125,535953800,0.0,0.0
2009-06-02,1070.800048828125,1072.0699462890625,1057.9000244140625,1063.6199951171875,1063.6199951171875,662632500,0.0,0.0
2009-06-03,1063.7900390625,1065.2900390625,1055.4000244140625,1055.4000244140625,1055.4000244140625,428454600,0.0,0.0
2009-06-04,1056.6600341796875,1063.969970703125,1055.489990234375,1063.969970703125,1063.969970703125,379650700,0.0,0.0
2009-06-05,1066.9000244140625,1075.5,1066.4200439453125,1075.5,1075.5,545184100,0.0,0.0
2009-06-08,1080.4200439453125,1080.4200439453125,1070.3699951171875,1072.8499755859375,1072.8499755859375,416121600,0.0,0.0
2009-06-09,1076.2900390625,1076.2900390625,1066.989990234375,1071.7900390625,1071.7900390625,317957100,0.0,0.0
2009-06-10,1072.68994140625,1082.969970703125,1072.68994140625,1082.969970703125,1082.969970703125,434982800,0.0,0.0
2009-06-11,1084.1300048828125,1089.1700439453125,1080.4200439453125,1088.9599609375,1088.9599609375,580020500,0.0,0.0
2009-06-12,1094.5999755859375,1095.9100341796875,1089.18994140625,1090.1500244140625,1090.1500244140625,494792900,0.0,0.0
2009-06-15,1093.0400390625,1095.719970703125,1086.0799560546875,1091.1700439453125,1091.1700439453125,539222100,0.0,0.0
2009-06-16,1083.5899658203125,1083.5899658203125,1069.739990234375,1074.1199951171875,1074.1199951171875,573773900,0.0,0.0
2009-06-17,1071.989990234375,1075.43994140625,1068.469970703125,1070.9000244140625,1070.9000244140625,363935900,0.0,0.0
2009-06-18,1069.989990234375,1073.260009765625,1052.47998046875,1054.4100341796875,1054.4100341796875,451974000,0.0,0.0
2009-06-19,1058.9000244140625,1065.77001953125,1056.97998046875,1059.5,1059.5,458800400,0.0,0.0
2009-06-22,1061.8800048828125,1061.8800048828125,1040.4000244140625,1045.969970703125,1045.969970703125,442063600,0.0,0.0
2009-06-23,1035.9599609375,1044.47998046875,1028.1400146484375,1044.47998046875,1044.47998046875,508078000,0.0,0.0
2009-06-24,1046.2099609375,1059.56005859375,1046.2099609375,1057.8499755859375,1057.8499755859375,377148300,0.0,0.0
2009-06-25,1064.77001953125,1074.56005859375,1064.0999755859375,1074.1099853515625,1074.1099853515625,480337800,0.0,0.0
2009-06-26,1081.6400146484375,1081.8299560546875,1071.0,1075.77001953125,1075.77001953125,376403700,0.0,0.0
2009-06-29,1078.52001953125,1079.469970703125,1072.4100341796875,1075.8399658203125,1075.8399658203125,245394600,0.0,0.0
2009-06-30,1078.239990234375,1082.739990234375,1070.8800048828125,1075.239990234375,1075.239990234375,326939900,0.0,0.0
2009-07-01,1075.1300048828125,1079.4000244140625,1071.3800048828125,1079.4000244140625,1079.4000244140625,240217000,0.0,0.0
2009-07-02,1080.8800048828125,1083.25,1075.06005859375,1078.7099609375,1078.7099609375,265526800,0.0,0.0
2009-07-03,1070.25,1077.4300537109375,1067.8399658203125,1072.68994140625,1072.68994140625,261035900,0.0,0.0
2009-07-06,1072.68994140625,1072.68994140625,1062.6500244140625,1065.8299560546875,1065.8299560546875,226397900,0.0,0.0
2009-07-07,1065.8299560546875,1069.219970703125,1061.6199951171875,1066.3599853515625,1066.3599853515625,81347200,0.0,0.0
2009-07-08,1066.3599853515625,1066.3599853515625,1058.1199951171875,1065.469970703125,1065.469970703125,144804200,0.0,0.0
2009-07-09,1065.469970703125,1065.6800537109375,1058.4100341796875,1065.6800537109375,1065.6800537109375,126762200,0.0,0.0
2009-07-10,1065.6800537109375,1072.300048828125,1064.699951171875,1067.760009765625,1067.760009765625,120782300,0.0,0.0
2009-07-13,1067.760009765625,1068.5,1060.9599609375,1063.6600341796875,1063.6600341796875,99903800,0.0,0.0
2009-07-14,1063.6600341796875,1082.81005859375,1063.6600341796875,1079.6300048828125,1079.6300048828125,116266100,0.0,0.0
2009-07-15,1079.6300048828125,1104.8699951171875,1079.6300048828125,1097.239990234375,1097.239990234375,185822300,0.0,0.0
2009-07-16,1097.239990234375,1120.4100341796875,1097.239990234375,1108.8800048828125,1108.8800048828125,215726100,0.0,0.0
2009-07-17,1108.8800048828125,1121.6600341796875,1103.8499755859375,1120.9000244140625,1120.9000244140625,139283000,0.0,0.0
2009-07-20,1070.25,1139.25,1067.8399658203125,1139.25,1139.25,158382000,0.0,0.0
2009-07-21,1139.25,1144.239990234375,1132.06005859375,1134.699951171875,1134.699951171875,155026700,0.0,0.0
2009-07-22,1134.699951171875,1160.6099853515625,1134.699951171875,1148.699951171875,1148.699951171875,195869800,0.0,0.0
2009-07-23,1148.699951171875,1157.719970703125,1142.9300537109375,1152.1500244140625,1152.1500244140625,123620100,0.0,0.0
2009-07-24,1152.1500244140625,1159.81005859375,1147.8499755859375,1155.8800048828125,1155.8800048828125,153605000,0.0,0.0
2009-07-27,1155.8800048828125,1156.4300537109375,1148.260009765625,1156.4300537109375,1156.4300537109375,102918700,0.0,0.0
2009-07-28,1156.4300537109375,1174.010009765625,1155.8900146484375,1172.3800048828125,1172.3800048828125,159955000,0.0,0.0
2009-07-29,1172.3800048828125,1179.0799560546875,1156.3599853515625,1164.47998046875,1164.47998046875,172366000,0.0,0.0
2009-07-30,1164.47998046875,1168.43994140625,1153.81005859375,1160.6600341796875,1160.6600341796875,140153200,0.0,0.0
2009-07-31,1160.6600341796875,1176.6700439453125,1160.6600341796875,1174.9000244140625,1174.9000244140625,166465000,0.0,0.0
2009-08-03,1174.9000244140625,1177.6400146484375,1164.3599853515625,1171.31005859375,1171.31005859375,97561800,0.0,0.0
2009-08-04,1171.31005859375,1181.9300537109375,1171.31005859375,1179.8800048828125,1179.8800048828125,136161500,0.0,0.0
2009-08-05,1179.8800048828125,1185.3800048828125,1178.1600341796875,1179.489990234375,1179.489990234375,162716400,0.0,0.0
2009-08-06,1179.489990234375,1183.969970703125,1178.9300537109375,1183.969970703125,1183.969970703125,122162100,0.0,0.0
2009-08-07,1183.969970703125,1191.6600341796875,1182.4100341796875,1184.8800048828125,1184.8800048828125,162398200,0.0,0.0
2009-08-10,1184.8800048828125,1191.0,1182.449951171875,1188.0,1188.0,96369600,0.0,0.0
2009-08-11,1188.0,1188.97998046875,1184.0799560546875,1186.280029296875,1186.280029296875,142347400,0.0,0.0
2009-08-12,1186.280029296875,1187.9599609375,1178.510009765625,1180.5400390625,1180.5400390625,148229400,0.0,0.0
2009-08-13,1180.5400390625,1188.030029296875,1180.5400390625,1186.18994140625,1186.18994140625,139600800,0.0,0.0
2009-08-14,1186.18994140625,1196.4599609375,1186.18994140625,1188.5699462890625,1188.5699462890625,116932400,0.0,0.0
2009-08-17,1188.5699462890625,1188.5699462890625,1168.6400146484375,1169.050048828125,1169.050048828125,114535200,0.0,0.0
2009-08-18,1169.050048828125,1169.050048828125,1156.18994140625,1164.4100341796875,1164.4100341796875,125844900,0.0,0.0
2009-08-19,1164.4100341796875,1169.3199462890625,1153.969970703125,1155.530029296875,1155.530029296875,114379500,0.0,0.0
2009-08-20,1155.530029296875,1164.969970703125,1155.530029296875,1163.4300537109375,1163.4300537109375,85595600,0.0,0.0
2009-08-21,1163.4300537109375,1169.449951171875,1162.4100341796875,1163.7900390625,1163.7900390625,88207600,0.0,0.0
2009-08-24,1163.7900390625,1174.489990234375,1163.7900390625,1174.489990234375,1174.489990234375,115766600,0.0,0.0
2009-08-25,1174.489990234375,1174.739990234375,1168.949951171875,1171.0899658203125,1171.0899658203125,101658700,0.0,0.0
2009-08-26,1171.0899658203125,1172.56005859375,1167.77001953125,1172.56005859375,1172.56005859375,87852000,0.0,0.0
2009-08-27,1172.56005859375,1176.9000244140625,1169.800048828125,1176.9000244140625,1176.9000244140625,100564000,0.0,0.0
2009-08-28,1176.9000244140625,1178.77001953125,1173.550048828125,1174.27001953125,1174.27001953125,136412000,0.0,0.0
2009-09-01,1174.27001953125,1174.27001953125,1163.780029296875,1171.280029296875,1171.280029296875,96814000,0.0,0.0
2009-09-02,1171.280029296875,1171.280029296875,1163.5699462890625,1168.010009765625,1168.010009765625,94598600,0.0,0.0
2009-09-03,1168.010009765625,1174.3199462890625,1168.010009765625,1173.6600341796875,1173.6600341796875,100358400,0.0,0.0
2009-09-04,1173.6600341796875,1182.5,1173.6600341796875,1178.739990234375,1178.739990234375,102060900,0.0,0.0
2009-09-07,1178.739990234375,1190.3900146484375,1178.739990234375,1190.3900146484375,1190.3900146484375,105283700,0.0,0.0
2009-09-08,1190.3900146484375,1202.0699462890625,1190.3900146484375,1202.0699462890625,1202.0699462890625,152627900,0.0,0.0
2009-09-09,1202.0699462890625,1204.8299560546875,1195.72998046875,1196.4599609375,1196.4599609375,110977500,0.0,0.0
2009-09-10,1196.4599609375,1210.1099853515625,1196.4599609375,1201.280029296875,1201.280029296875,131980600,0.0,0.0
2009-09-11,1201.280029296875,1210.3599853515625,1201.280029296875,1208.280029296875,1208.280029296875,92797600,0.0,0.0
2009-09-14,1208.530029296875,1212.699951171875,1203.3599853515625,1203.3599853515625,1203.3599853515625,89457000,0.0,0.0
2009-09-15,1202.9000244140625,1207.469970703125,1202.6199951171875,1207.469970703125,1207.469970703125,81485200,0.0,0.0
2009-09-16,1209.1600341796875,1217.6099853515625,1209.1600341796875,1212.97998046875,1212.97998046875,102708500,0.0,0.0
2009-09-17,1219.469970703125,1220.469970703125,1214.3399658203125,1218.800048828125,1218.800048828125,110402100,0.0,0.0
2009-09-18,1216.989990234375,1221.199951171875,1215.5400390625,1221.199951171875,1221.199951171875,88533000,0.0,0.0
2009-09-23,1231.3299560546875,1231.489990234375,1218.1300048828125,1219.0699462890625,1219.0699462890625,87608200,0.0,0.0
2009-09-24,1217.68994140625,1221.0899658203125,1216.18994140625,1218.06005859375,1218.06005859375,101435100,0.0,0.0
2009-09-25,1217.68994140625,1218.6099853515625,1213.8800048828125,1217.3900146484375,1217.3900146484375,72541600,0.0,0.0
2009-09-28,1216.8199462890625,1216.8199462890625,1204.199951171875,1205.949951171875,1205.949951171875,59585800,0.0,0.0
2009-09-29,1208.3699951171875,1210.219970703125,1206.75,1208.2099609375,1208.2099609375,51999600,0.0,0.0
2009-09-30,1208.300048828125,1208.300048828125,1200.6500244140625,1202.0799560546875,1202.0799560546875,91857200,0.0,0.0
2009-10-01,1202.4100341796875,1210.489990234375,1202.4000244140625,1208.3499755859375,1208.3499755859375,68876400,0.0,0.0
2009-10-02,1204.199951171875,1206.739990234375,1202.4200439453125,1206.25,1206.25,79423600,0.0,0.0
2009-10-05,1206.06005859375,1216.449951171875,1203.27001953125,1216.449951171875,1216.449951171875,82925200,0.0,0.0
2009-10-06,1216.06005859375,1216.1800537109375,1212.5799560546875,1212.72998046875,1212.72998046875,98981600,0.0,0.0
2009-10-07,1214.4100341796875,1219.27001953125,1214.4000244140625,1218.6099853515625,1218.6099853515625,114829500,0.0,0.0
2009-10-08,1218.5699462890625,1230.0899658203125,1218.0799560546875,1230.0899658203125,1230.0899658203125,102671900,0.0,0.0
2009-10-09,1231.239990234375,1236.8900146484375,1231.239990234375,1233.8199462890625,1233.8199462890625,102250200,0.0,0.0
2009-10-12,1235.5999755859375,1238.300048828125,1232.3699951171875,1233.3299560546875,1233.3299560546875,57814200,0.0,0.0
2009-10-13,1232.1700439453125,1234.0,1231.3599853515625,1233.510009765625,1233.510009765625,59122800,0.0,0.0
2009-10-14,1235.050048828125,1248.1400146484375,1235.050048828125,1246.8399658203125,1246.8399658203125,97019600,0.0,0.0
2009-10-15,1252.300048828125,1256.5899658203125,1241.6199951171875,1246.8599853515625,1246.8599853515625,78012800,0.0,0.0
2009-10-16,1248.489990234375,1256.77001953125,1247.1800537109375,1256.77001953125,1256.77001953125,78634600,0.0,0.0
2009-10-19,1257.760009765625,1262.3599853515625,1255.6300048828125,1261.489990234375,1261.489990234375,81436400,0.0,0.0
2009-10-20,1264.6099853515625,1270.0799560546875,1264.47998046875,1265.739990234375,1265.739990234375,116640000,0.0,0.0
2009-10-21,1267.8399658203125,1270.43994140625,1260.06005859375,1260.06005859375,1260.06005859375,90992800,0.0,0.0
2009-10-22,1259.4000244140625,1263.02001953125,1257.1700439453125,1260.02001953125,1260.02001953125,82178000,0.0,0.0
2009-10-23,1261.5699462890625,1269.1400146484375,1260.489990234375,1267.0999755859375,1267.0999755859375,110653800,0.0,0.0
2009-10-26,1267.4300537109375,1267.4300537109375,1259.9200439453125,1259.9200439453125,1259.9200439453125,71757200,0.0,0.0
2009-10-27,1257.530029296875,1260.300048828125,1246.3800048828125,1260.300048828125,1260.300048828125,100898100,0.0,0.0
2009-10-28,1256.260009765625,1256.7900390625,1248.7099609375,1249.050048828125,1249.050048828125,66842800,0.0,0.0
2009-10-29,1244.0400390625,1244.0400390625,1236.199951171875,1241.75,1241.75,96412000,0.0,0.0
2009-10-30,1246.1099853515625,1248.75,1242.72998046875,1243.22998046875,1243.22998046875,104423700,0.0,0.0
2009-11-02,1238.1700439453125,1241.760009765625,1233.449951171875,1241.760009765625,1241.760009765625,70676800,0.0,0.0
2009-11-03,1241.6099853515625,1245.469970703125,1240.8900146484375,1242.3199462890625,1242.3199462890625,80764400,0.0,0.0
2009-11-04,1242.7900390625,1253.8399658203125,1242.7900390625,1253.8399658203125,1253.8399658203125,72990800,0.0,0.0
2009-11-05,1252.6199951171875,1253.97998046875,1250.75,1253.9599609375,1253.9599609375,82808000,0.0,0.0
2009-11-06,1260.0699462890625,1263.030029296875,1258.9100341796875,1260.760009765625,1260.760009765625,83332400,0.0,0.0
2009-11-09,1262.1400146484375,1267.75,1259.22998046875,1267.75,1267.75,84931000,0.0,0.0
2009-11-10,1273.6400146484375,1277.81005859375,1273.030029296875,1274.0799560546875,1274.0799560546875,88121400,0.0,0.0
2009-11-11,1276.8299560546875,1279.52001953125,1269.1099853515625,1270.1500244140625,1270.1500244140625,82532000,0.0,0.0
2009-11-12,1269.6400146484375,1271.75,1262.47998046875,1271.75,1271.75,85158800,0.0,0.0
2009-11-13,1273.1700439453125,1273.22998046875,1267.699951171875,1270.9599609375,1270.9599609375,54833600,0.0,0.0
2009-11-16,1272.97998046875,1278.719970703125,1272.97998046875,1278.31005859375,1278.31005859375,61446400,0.0,0.0
2009-11-17,1281.469970703125,1288.4200439453125,1275.6199951171875,1279.949951171875,1279.949951171875,101680200,0.0,0.0
2009-11-18,1279.1700439453125,1280.510009765625,1274.530029296875,1275.0999755859375,1275.0999755859375,76539400,0.0,0.0
2009-11-19,1274.989990234375,1277.5899658203125,1273.6800537109375,1276.6500244140625,1276.6500244140625,79995700,0.0,0.0
2009-11-20,1275.6600341796875,1277.300048828125,1270.739990234375,1274.3599853515625,1274.3599853515625,126081800,0.0,0.0
2009-11-23,1273.6600341796875,1274.77001953125,1270.8199462890625,1270.8800048828125,1270.8800048828125,67308000,0.0,0.0
2009-11-24,1271.1099853515625,1273.5999755859375,1270.18994140625,1272.0899658203125,1272.0899658203125,109991100,0.0,0.0
2009-11-25,1273.1600341796875,1273.1600341796875,1268.9200439453125,1271.0,1271.0,100200400,0.0,0.0
2009-11-26,1270.2900390625,1273.8499755859375,1268.8199462890625,1270.6099853515625,1270.6099853515625,91824000,0.0,0.0
2009-11-30,1256.8800048828125,1268.97998046875,1248.5799560546875,1259.1099853515625,1259.1099853515625,196096000,0.0,0.0
2009-12-01,1264.3499755859375,1266.7099609375,1261.97998046875,1266.7099609375,1266.7099609375,79914400,0.0,0.0
2009-12-02,1273.280029296875,1273.300048828125,1267.8800048828125,1271.1500244140625,1271.1500244140625,89033600,0.0,0.0
2009-12-03,1272.6300048828125,1273.4599609375,1269.550048828125,1272.3499755859375,1272.3499755859375,67244000,0.0,0.0
2009-12-04,1271.8299560546875,1271.9100341796875,1269.4300537109375,1270.199951171875,1270.199951171875,67282200,0.0,0.0
2009-12-07,1270.199951171875,1271.239990234375,1265.3599853515625,1265.3599853515625,1265.3599853515625,71717600,0.0,0.0
2009-12-08,1266.3599853515625,1267.949951171875,1261.4599609375,1261.4599609375,1261.4599609375,73392000,0.0,0.0
2009-12-09,1258.6800537109375,1261.3399658203125,1255.760009765625,1255.760009765625,1255.760009765625,80478400,0.0,0.0
2009-12-10,1256.3199462890625,1260.239990234375,1255.800048828125,1259.9000244140625,1259.9000244140625,69387800,0.0,0.0
2009-12-11,1260.239990234375,1262.6400146484375,1257.949951171875,1260.0,1260.0,63471400,0.0,0.0
2009-12-14,1259.9599609375,1265.449951171875,1256.0699462890625,1265.449951171875,1265.449951171875,70108800,0.0,0.0
2009-12-15,1263.6500244140625,1270.81005859375,1262.52001953125,1270.81005859375,1270.81005859375,76633200,0.0,0.0
2009-12-16,1269.550048828125,1270.050048828125,1264.760009765625,1269.030029296875,1269.030029296875,84102800,0.0,0.0
2009-12-17,1269.739990234375,1272.5899658203125,1265.5799560546875,1266.969970703125,1266.969970703125,95597400,0.0,0.0
2009-12-21,1266.8800048828125,1267.72998046875,1255.6600341796875,1255.6600341796875,1255.6600341796875,90167400,0.0,0.0
2009-12-22,1258.3900146484375,1261.449951171875,1258.3900146484375,1260.4200439453125,1260.4200439453125,58808000,0.0,0.0
2009-12-23,1259.56005859375,1262.3599853515625,1257.969970703125,1260.530029296875,1260.530029296875,43686000,0.0,0.0
2009-12-24,1260.010009765625,1263.93994140625,1259.8599853515625,1263.93994140625,1263.93994140625,41488600,0.0,0.0
2009-12-28,1263.530029296875,1272.72998046875,1263.3399658203125,1272.72998046875,1272.72998046875,49237800,0.0,0.0
2009-12-29,1273.27001953125,1275.219970703125,1270.31005859375,1275.219970703125,1275.219970703125,47798000,0.0,0.0
2009-12-30,1274.9200439453125,1275.2900390625,1269.530029296875,1271.1199951171875,1271.1199951171875,57402600,0.0,0.0
2009-12-31,1271.3399658203125,1272.780029296875,1264.8299560546875,1272.780029296875,1272.780029296875,63234200,0.0,0.0
2010-01-04,1272.31005859375,1275.75,1272.25,1275.75,1275.75,56508200,0.0,0.0
2010-01-05,1278.260009765625,1290.550048828125,1278.260009765625,1288.239990234375,1288.239990234375,136646600,0.0,0.0
2010-01-06,1288.8599853515625,1296.43994140625,1288.02001953125,1293.1700439453125,1293.1700439453125,117740300,0.0,0.0
2010-01-07,1293.68994140625,1299.699951171875,1290.3599853515625,1291.4200439453125,1291.4200439453125,115024400,0.0,0.0
2010-01-08,1294.9300537109375,1295.510009765625,1290.8599853515625,1292.97998046875,1292.97998046875,74587200,0.0,0.0
2010-01-11,1292.6800537109375,1296.56005859375,1291.1600341796875,1294.510009765625,1294.510009765625,92427600,0.0,0.0
2010-01-12,1295.0,1296.0699462890625,1291.3499755859375,1292.8499755859375,1292.8499755859375,95212000,0.0,0.0
2010-01-13,1292.72998046875,1292.949951171875,1286.43994140625,1289.510009765625,1289.510009765625,92362400,0.0,0.0
2010-01-14,1290.5,1294.93994140625,1289.739990234375,1294.7099609375,1294.7099609375,103604300,0.0,0.0
2010-01-15,1295.719970703125,1300.8900146484375,1295.719970703125,1298.5799560546875,1298.5799560546875,99995400,0.0,0.0
2010-01-18,1286.25,1298.68994140625,1286.25,1297.989990234375,1297.989990234375,93256800,0.0,0.0
2010-01-19,1298.3800048828125,1302.3499755859375,1298.3800048828125,1300.3499755859375,1300.3499755859375,91881200,0.0,0.0
2010-01-20,1301.260009765625,1307.93994140625,1301.2099609375,1306.6199951171875,1306.6199951171875,138379000,0.0,0.0
2010-01-21,1303.5899658203125,1308.52001953125,1302.8199462890625,1308.3599853515625,1308.3599853515625,101398500,0.0,0.0
2010-01-22,1303.4300537109375,1303.4300537109375,1296.43994140625,1300.449951171875,1300.449951171875,94221600,0.0,0.0
2010-01-25,1297.31005859375,1297.31005859375,1292.760009765625,1296.7900390625,1296.7900390625,64897200,0.0,0.0
2010-01-26,1296.81005859375,1297.449951171875,1278.0999755859375,1283.02001953125,1283.02001953125,118515400,0.0,0.0
2010-01-27,1281.530029296875,1281.530029296875,1262.3199462890625,1265.77001953125,1265.77001953125,152903600,0.0,0.0
2010-01-28,1267.2900390625,1267.8499755859375,1261.68994140625,1264.510009765625,1264.510009765625,122218500,0.0,0.0
2010-01-29,1258.4599609375,1260.0899658203125,1253.0899658203125,1259.1600341796875,1259.1600341796875,146463700,0.0,0.0
2010-02-02,1261.199951171875,1268.2099609375,1261.1199951171875,1263.760009765625,1263.760009765625,122226100,0.0,0.0
2010-02-03,1263.8699951171875,1267.6800537109375,1263.0699462890625,1267.1500244140625,1267.1500244140625,83913600,0.0,0.0
2010-02-04,1267.280029296875,1267.280029296875,1263.8800048828125,1265.030029296875,1265.030029296875,72901400,0.0,0.0
2010-02-05,1248.1500244140625,1253.0,1247.4599609375,1247.9000244140625,1247.9000244140625,137432000,0.0,0.0
2010-02-08,1247.81005859375,1247.8800048828125,1234.5899658203125,1235.219970703125,1235.219970703125,112665400,0.0,0.0
2010-02-09,1228.739990234375,1234.77001953125,1224.3699951171875,1233.8599853515625,1233.8599853515625,146006900,0.0,0.0
2010-02-10,1240.1199951171875,1247.9100341796875,1240.1199951171875,1246.1700439453125,1246.1700439453125,113769400,0.0,0.0
2010-02-11,1247.530029296875,1249.4200439453125,1244.8599853515625,1249.4200439453125,1249.4200439453125,86269800,0.0,0.0
2010-02-12,1250.2900390625,1254.77001953125,1250.2900390625,1253.3900146484375,1253.3900146484375,64744800,0.0,0.0
2010-02-17,1256.43994140625,1264.9100341796875,1256.3599853515625,1259.0699462890625,1259.0699462890625,96099600,0.0,0.0
2010-02-18,1261.4599609375,1262.199951171875,1258.25,1259.0,1259.0,88677800,0.0,0.0
2010-02-19,1258.3599853515625,1259.260009765625,1255.780029296875,1257.6700439453125,1257.6700439453125,106891800,0.0,0.0
2010-02-22,1260.510009765625,1267.0899658203125,1260.510009765625,1266.43994140625,1266.43994140625,87683600,0.0,0.0
2010-02-23,1265.1500244140625,1267.8299560546875,1262.4300537109375,1266.4300537109375,1266.4300537109375,101151700,0.0,0.0
2010-02-24,1268.300048828125,1273.300048828125,1268.300048828125,1270.780029296875,1270.780029296875,99487200,0.0,0.0
2010-02-25,1271.030029296875,1277.6600341796875,1270.030029296875,1270.780029296875,1270.780029296875,170515800,0.0,0.0
2010-03-01,1276.52001953125,1284.969970703125,1276.52001953125,1283.4000244140625,1283.4000244140625,176568700,0.0,0.0
2010-03-02,1286.4000244140625,1292.81005859375,1285.9599609375,1288.0699462890625,1288.0699462890625,156606800,0.0,0.0
2010-03-03,1290.510009765625,1292.3499755859375,1284.1400146484375,1286.0999755859375,1286.0999755859375,154316700,0.0,0.0
2010-03-04,1286.68994140625,1287.780029296875,1284.0899658203125,1284.0899658203125,1284.0899658203125,125075900,0.0,0.0
2010-03-05,1295.6700439453125,1300.739990234375,1289.8699951171875,1299.780029296875,1299.780029296875,148844300,0.0,0.0
2010-03-08,1312.1800537109375,1325.68994140625,1312.1800537109375,1324.219970703125,1324.219970703125,194749000,0.0,0.0
2010-03-09,1323.68994140625,1323.68994140625,1316.2900390625,1317.93994140625,1317.93994140625,120910000,0.0,0.0
2010-03-10,1318.8399658203125,1330.280029296875,1318.8399658203125,1328.219970703125,1328.219970703125,121150000,0.0,0.0
2010-03-11,1326.3499755859375,1334.3399658203125,1318.8299560546875,1321.4300537109375,1321.4300537109375,103337600,0.0,0.0
2010-03-12,1319.5999755859375,1321.8900146484375,1308.7900390625,1311.199951171875,1311.199951171875,109311500,0.0,0.0
2010-03-15,1311.989990234375,1313.3599853515625,1298.75,1299.6700439453125,1299.6700439453125,90177200,0.0,0.0
2010-03-16,1299.6800537109375,1304.4300537109375,1295.31005859375,1298.8599853515625,1298.8599853515625,83064000,0.0,0.0
2010-03-17,1303.0400390625,1307.0799560546875,1300.2900390625,1301.949951171875,1301.949951171875,95358000,0.0,0.0
2010-03-18,1306.6800537109375,1307.239990234375,1300.6199951171875,1301.93994140625,1301.93994140625,109725200,0.0,0.0
2010-03-19,1301.8299560546875,1303.8499755859375,1294.8699951171875,1296.5999755859375,1296.5999755859375,101926400,0.0,0.0
2010-03-22,1295.8299560546875,1297.93994140625,1292.2099609375,1293.6500244140625,1293.6500244140625,96090200,0.0,0.0
2010-03-23,1295.8199462890625,1305.030029296875,1295.77001953125,1304.8499755859375,1304.8499755859375,96196000,0.0,0.0
2010-03-24,1309.760009765625,1314.72998046875,1307.6300048828125,1309.449951171875,1309.449951171875,89597800,0.0,0.0
2010-03-25,1310.75,1312.530029296875,1308.800048828125,1312.47998046875,1312.47998046875,99142800,0.0,0.0
2010-03-26,1313.3699951171875,1315.1400146484375,1313.06005859375,1315.1400146484375,1315.1400146484375,90284000,0.0,0.0
2010-03-29,1313.97998046875,1320.8299560546875,1313.1099853515625,1319.2099609375,1319.2099609375,91132000,0.0,0.0
2010-03-30,1319.2099609375,1323.8299560546875,1317.4100341796875,1319.3499755859375,1319.3499755859375,65188200,0.0,0.0
2010-03-31,1319.25,1321.239990234375,1316.47998046875,1320.5699462890625,1320.5699462890625,113073300,0.0,0.0
2010-04-01,1319.7900390625,1332.5799560546875,1319.56005859375,1329.8399658203125,1329.8399658203125,90968800,0.0,0.0
2010-04-02,1329.280029296875,1337.2099609375,1329.280029296875,1335.93994140625,1335.93994140625,60418400,0.0,0.0
2010-04-05,1339.300048828125,1342.199951171875,1339.280029296875,1341.75,1341.75,66001400,0.0,0.0
2010-04-06,1342.6400146484375,1346.22998046875,1340.5799560546875,1344.3699951171875,1344.3699951171875,101900100,0.0,0.0
2010-04-07,1345.9200439453125,1347.6099853515625,1341.550048828125,1345.0899658203125,1345.0899658203125,96155200,0.0,0.0
2010-04-08,1342.31005859375,1342.31005859375,1331.4599609375,1332.9300537109375,1332.9300537109375,114846800,0.0,0.0
2010-04-09,1333.77001953125,1338.6300048828125,1332.97998046875,1333.97998046875,1333.97998046875,86192200,0.0,0.0
2010-04-12,1336.3900146484375,1344.1199951171875,1336.3900146484375,1339.6099853515625,1339.6099853515625,112168300,0.0,0.0
2010-04-13,1340.8499755859375,1341.010009765625,1333.5999755859375,1334.52001953125,1334.52001953125,84707400,0.0,0.0
2010-04-14,1334.1800537109375,1341.52001953125,1334.1800537109375,1335.8900146484375,1335.8900146484375,84715200,0.0,0.0
2010-04-15,1338.6400146484375,1342.06005859375,1334.1400146484375,1338.8299560546875,1338.8299560546875,100534600,0.0,0.0
2010-04-16,1340.3399658203125,1340.56005859375,1330.27001953125,1332.77001953125,1332.77001953125,75909000,0.0,0.0
2010-04-19,1329.72998046875,1329.72998046875,1321.25,1326.6700439453125,1326.6700439453125,83487800,0.0,0.0
2010-04-20,1329.530029296875,1335.9000244140625,1329.3699951171875,1335.9000244140625,1335.9000244140625,76536000,0.0,0.0
2010-04-21,1338.0699462890625,1339.1500244140625,1333.6400146484375,1333.6400146484375,1333.6400146484375,93977200,0.0,0.0
2010-04-22,1334.239990234375,1337.010009765625,1331.47998046875,1337.010009765625,1337.010009765625,75428400,0.0,0.0
2010-04-23,1337.0699462890625,1338.800048828125,1334.949951171875,1336.780029296875,1336.780029296875,56413400,0.0,0.0
2010-04-26,1336.5,1340.3699951171875,1336.489990234375,1340.0699462890625,1340.0699462890625,54767400,0.0,0.0
2010-04-27,1339.5799560546875,1340.0699462890625,1337.0699462890625,1339.719970703125,1339.719970703125,89002000,0.0,0.0
2010-04-28,1330.530029296875,1335.949951171875,1324.3399658203125,1333.1700439453125,1333.1700439453125,86258800,0.0,0.0
2010-04-29,1332.81005859375,1336.8900146484375,1332.81005859375,1335.8599853515625,1335.8599853515625,77970800,0.0,0.0
2010-04-30,1338.3199462890625,1348.1500244140625,1338.3199462890625,1346.3800048828125,1346.3800048828125,133424400,0.0,0.0
2010-05-03,1344.239990234375,1347.5400390625,1340.260009765625,1346.8900146484375,1346.8900146484375,78244800,0.0,0.0
2010-05-04,1348.3599853515625,1349.9200439453125,1341.9000244140625,1342.8900146484375,1342.8900146484375,76576800,0.0,0.0
2010-05-05,1326.989990234375,1336.6500244140625,1324.75,1335.6500244140625,1335.6500244140625,123063800,0.0,0.0
2010-05-06,1333.219970703125,1337.8800048828125,1328.8900146484375,1331.8699951171875,1331.8699951171875,123065400,0.0,0.0
2010-05-07,1318.7099609375,1332.8900146484375,1315.6300048828125,1332.8900146484375,1332.8900146484375,152622300,0.0,0.0
2010-05-10,1331.5999755859375,1337.199951171875,1330.9599609375,1333.969970703125,1333.969970703125,107774700,0.0,0.0
2010-05-11,1333.18994140625,1341.8800048828125,1332.3800048828125,1340.719970703125,1340.719970703125,110404900,0.0,0.0
2010-05-12,1341.02001953125,1344.0999755859375,1337.969970703125,1344.0999755859375,1344.0999755859375,87190800,0.0,0.0
2010-05-13,1345.6500244140625,1348.0899658203125,1344.27001953125,1346.9200439453125,1346.9200439453125,69926200,0.0,0.0
2010-05-14,1339.9100341796875,1341.22998046875,1337.3599853515625,1339.300048828125,1339.300048828125,90595200,0.0,0.0
2010-05-17,1337.239990234375,1337.300048828125,1326.9599609375,1334.27001953125,1334.27001953125,83872200,0.0,0.0
2010-05-18,1333.27001953125,1333.27001953125,1327.050048828125,1330.1700439453125,1330.1700439453125,67770000,0.0,0.0
2010-05-19,1329.050048828125,1329.050048828125,1306.6600341796875,1308.22998046875,1308.22998046875,112262700,0.0,0.0
2010-05-20,1304.8599853515625,1309.1300048828125,1300.43994140625,1304.1600341796875,1304.1600341796875,128742100,0.0,0.0
2010-05-21,1290.510009765625,1290.510009765625,1280.6300048828125,1285.72998046875,1285.72998046875,158857900,0.0,0.0
2010-05-24,1282.9599609375,1282.9599609375,1264.1099853515625,1273.68994140625,1273.68994140625,123743100,0.0,0.0
2010-05-25,1264.969970703125,1265.780029296875,1247.8499755859375,1250.1300048828125,1250.1300048828125,182583900,0.0,0.0
2010-05-26,1256.1600341796875,1260.27001953125,1247.3499755859375,1248.93994140625,1248.93994140625,194649700,0.0,0.0
2010-05-27,1244.5400390625,1269.4200439453125,1243.8599853515625,1269.1600341796875,1269.1600341796875,102771300,0.0,0.0
2010-05-31,1276.4300537109375,1285.02001953125,1271.550048828125,1285.010009765625,1285.010009765625,148750200,0.0,0.0
2010-06-01,1284.25,1284.25,1274.56005859375,1282.969970703125,1282.969970703125,77367200,0.0,0.0
2010-06-02,1280.3399658203125,1281.9599609375,1276.02001953125,1276.02001953125,1276.02001953125,77071200,0.0,0.0
2010-06-03,1285.5400390625,1297.75,1285.5400390625,1294.43994140625,1294.43994140625,106824300,0.0,0.0
2010-06-04,1294.56005859375,1296.22998046875,1290.260009765625,1294.3900146484375,1294.3900146484375,72366600,0.0,0.0
2010-06-07,1284.510009765625,1290.6800537109375,1278.8900146484375,1286.27001953125,1286.27001953125,74697200,0.0,0.0
2010-06-08,1285.780029296875,1290.800048828125,1285.0699462890625,1288.1800537109375,1288.1800537109375,65905600,0.0,0.0
2010-06-09,1291.81005859375,1292.3800048828125,1287.6600341796875,1290.0799560546875,1290.0799560546875,63987800,0.0,0.0
2010-06-10,1289.719970703125,1293.27001953125,1289.7099609375,1291.31005859375,1291.31005859375,63147000,0.0,0.0
2010-06-11,1298.510009765625,1302.0699462890625,1294.6700439453125,1294.6700439453125,1294.6700439453125,82157600,0.0,0.0
2010-06-14,1294.8900146484375,1298.6800537109375,1294.5999755859375,1297.1600341796875,1297.1600341796875,51568800,0.0,0.0
2010-06-15,1297.260009765625,1299.1500244140625,1296.739990234375,1298.3699951171875,1298.3699951171875,78556800,0.0,0.0
2010-06-17,1304.5,1306.9300537109375,1303.739990234375,1304.469970703125,1304.469970703125,64461200,0.0,0.0
2010-06-18,1306.1700439453125,1317.68994140625,1306.0,1317.68994140625,1317.68994140625,105326700,0.0,0.0
2010-06-21,1320.780029296875,1335.31005859375,1320.780029296875,1335.2900390625,1335.2900390625,113371400,0.0,0.0
2010-06-22,1334.199951171875,1334.199951171875,1323.43994140625,1323.43994140625,1323.43994140625,81704400,0.0,0.0
2010-06-23,1322.050048828125,1329.699951171875,1318.52001953125,1329.699951171875,1329.699951171875,85413600,0.0,0.0
2010-06-24,1327.68994140625,1333.489990234375,1325.7099609375,1325.8699951171875,1325.8699951171875,68009600,0.0,0.0
2010-06-25,1323.27001953125,1326.449951171875,1321.719970703125,1326.449951171875,1326.449951171875,56493800,0.0,0.0
2010-06-28,1326.06005859375,1326.06005859375,1323.6199951171875,1325.5400390625,1325.5400390625,53813200,0.0,0.0
2010-06-29,1326.199951171875,1331.0899658203125,1315.8199462890625,1319.8399658203125,1319.8399658203125,87023800,0.0,0.0
2010-06-30,1309.1800537109375,1316.3599853515625,1306.0,1314.02001953125,1314.02001953125,81512000,0.0,0.0
2010-07-01,1312.969970703125,1315.8699951171875,1306.6700439453125,1308.760009765625,1308.760009765625,114089100,0.0,0.0
2010-07-02,1305.219970703125,1307.739990234375,1304.0899658203125,1307.43994140625,1307.43994140625,142934200,0.0,0.0
2010-07-05,1305.510009765625,1306.030029296875,1298.1400146484375,1299.5,1299.5,74662400,0.0,0.0
2010-07-06,1297.31005859375,1307.219970703125,1294.3699951171875,1307.0799560546875,1307.0799560546875,90967200,0.0,0.0
2010-07-07,1305.969970703125,1311.8299560546875,1304.6099853515625,1311.75,1311.75,83679000,0.0,0.0
2010-07-08,1314.6199951171875,1317.050048828125,1312.949951171875,1316.030029296875,1316.030029296875,89981400,0.0,0.0
2010-07-09,1316.1600341796875,1327.27001953125,1315.8800048828125,1324.31005859375,1324.31005859375,140325600,0.0,0.0
2010-07-12,1323.9100341796875,1331.739990234375,1323.550048828125,1326.739990234375,1326.739990234375,78791800,0.0,0.0
2010-07-13,1329.8699951171875,1332.8699951171875,1328.7099609375,1332.8699951171875,1332.8699951171875,99389200,0.0,0.0
2010-07-14,1336.6500244140625,1341.9599609375,1335.719970703125,1341.0799560546875,1341.0799560546875,123276400,0.0,0.0
2010-07-15,1339.5799560546875,1340.1099853515625,1331.199951171875,1334.0799560546875,1334.0799560546875,84559200,0.0,0.0
2010-07-16,1333.8599853515625,1336.6500244140625,1332.6800537109375,1336.6500244140625,1336.6500244140625,90899600,0.0,0.0
2010-07-19,1333.9200439453125,1333.989990234375,1327.97998046875,1333.3499755859375,1333.3499755859375,80266000,0.0,0.0
2010-07-20,1334.530029296875,1338.6800537109375,1334.530029296875,1337.6700439453125,1337.6700439453125,77330800,0.0,0.0
2010-07-21,1340.3800048828125,1344.9599609375,1338.8299560546875,1341.02001953125,1341.02001953125,79138400,0.0,0.0
2010-07-22,1339.0799560546875,1339.97998046875,1332.9200439453125,1336.050048828125,1336.050048828125,80568800,0.0,0.0
2010-07-23,1341.0400390625,1345.6800537109375,1340.780029296875,1345.6800537109375,1345.6800537109375,109986700,0.0,0.0
2010-07-26,1350.5400390625,1352.93994140625,1348.5799560546875,1351.8199462890625,1351.8199462890625,77598800,0.0,0.0
2010-07-27,1352.469970703125,1357.22998046875,1348.2900390625,1352.22998046875,1352.22998046875,103472400,0.0,0.0
2010-07-28,1352.6500244140625,1356.1300048828125,1350.6199951171875,1355.18994140625,1355.18994140625,75111200,0.0,0.0
2010-07-29,1355.780029296875,1359.27001953125,1353.1600341796875,1358.4100341796875,1358.4100341796875,113124200,0.0,0.0
2010-07-30,1357.510009765625,1360.9200439453125,1354.760009765625,1360.9200439453125,1360.9200439453125,120581300,0.0,0.0
2010-08-02,1364.22998046875,1368.4300537109375,1361.3699951171875,1363.5999755859375,1363.5999755859375,72660200,0.0,0.0
2010-08-03,1366.1600341796875,1370.52001953125,1359.550048828125,1363.8299560546875,1363.8299560546875,105258700,0.0,0.0
2010-08-04,1363.510009765625,1364.050048828125,1359.18994140625,1362.739990234375,1362.739990234375,89160400,0.0,0.0
2010-08-05,1364.1600341796875,1364.8199462890625,1358.52001953125,1362.0799560546875,1362.0799560546875,111985600,0.0,0.0
2010-08-06,1364.199951171875,1364.199951171875,1359.719970703125,1360.449951171875,1360.449951171875,70841600,0.0,0.0
2010-08-09,1360.56005859375,1362.0400390625,1358.3499755859375,1360.6600341796875,1360.6600341796875,61808000,0.0,0.0
2010-08-10,1360.6500244140625,1362.239990234375,1357.949951171875,1359.7099609375,1359.7099609375,75333800,0.0,0.0
2010-08-11,1359.5899658203125,1359.72998046875,1349.5,1352.9100341796875,1352.9100341796875,79077600,0.0,0.0
2010-08-12,1348.719970703125,1350.199951171875,1342.0699462890625,1349.3299560546875,1349.3299560546875,69806400,0.0,0.0
2010-08-13,1351.800048828125,1360.1500244140625,1351.800048828125,1360.1500244140625,1360.1500244140625,93442800,0.0,0.0
2010-08-16,1359.8599853515625,1370.5799560546875,1358.949951171875,1370.5799560546875,1370.5799560546875,101534800,0.0,0.0
2010-08-17,1371.5699462890625,1381.4100341796875,1371.43994140625,1378.469970703125,1378.469970703125,170876000,0.0,0.0
2010-08-18,1380.5899658203125,1385.510009765625,1380.1600341796875,1385.510009765625,1385.510009765625,147542200,0.0,0.0
2010-08-19,1386.949951171875,1392.56005859375,1385.9300537109375,1392.56005859375,1392.56005859375,144239600,0.0,0.0
2010-08-20,1390.2099609375,1395.030029296875,1388.9100341796875,1395.02001953125,1395.02001953125,113940800,0.0,0.0
2010-08-23,1399.8699951171875,1404.31005859375,1396.8699951171875,1403.1500244140625,1403.1500244140625,122315300,0.0,0.0
2010-08-24,1404.219970703125,1406.949951171875,1399.77001953125,1405.77001953125,1405.77001953125,168633400,0.0,0.0
2010-08-25,1403.0999755859375,1405.27001953125,1396.4100341796875,1396.969970703125,1396.969970703125,165796300,0.0,0.0
2010-08-26,1398.2900390625,1408.0,1397.239990234375,1408.0,1408.0,123176200,0.0,0.0
2010-08-27,1404.3699951171875,1415.280029296875,1402.3599853515625,1411.050048828125,1411.050048828125,144186800,0.0,0.0
2010-08-30,1412.97998046875,1428.43994140625,1412.97998046875,1422.489990234375,1422.489990234375,183197800,0.0,0.0
2010-09-01,1429.77001953125,1436.72998046875,1424.97998046875,1431.9599609375,1431.9599609375,194903000,0.0,0.0
2010-09-02,1437.510009765625,1441.800048828125,1431.7099609375,1441.0699462890625,1441.0699462890625,148954200,0.0,0.0
2010-09-03,1440.050048828125,1440.050048828125,1431.6700439453125,1435.6700439453125,1435.6700439453125,140424900,0.0,0.0
2010-09-06,1436.1099853515625,1440.010009765625,1431.6800537109375,1434.6800537109375,1434.6800537109375,131013200,0.0,0.0
2010-09-07,1434.3299560546875,1436.6500244140625,1432.52001953125,1434.27001953125,1434.27001953125,101449100,0.0,0.0
2010-09-08,1432.97998046875,1434.1400146484375,1428.6600341796875,1434.1400146484375,1434.1400146484375,90835000,0.0,0.0
2010-09-09,1433.5999755859375,1438.3199462890625,1433.5999755859375,1437.780029296875,1437.780029296875,69761200,0.0,0.0
2010-09-13,1439.260009765625,1456.9599609375,1439.260009765625,1456.9599609375,1456.9599609375,165399400,0.0,0.0
2010-09-14,1457.6199951171875,1474.43994140625,1456.7900390625,1474.43994140625,1474.43994140625,178227100,0.0,0.0
2010-09-15,1472.7099609375,1474.0,1469.8599853515625,1472.949951171875,1472.949951171875,125555100,0.0,0.0
2010-09-17,1473.8399658203125,1479.5899658203125,1466.969970703125,1466.969970703125,1466.969970703125,166180600,0.0,0.0
2010-09-20,1470.72998046875,1472.31005859375,1465.030029296875,1469.68994140625,1469.68994140625,100486900,0.0,0.0
2010-09-21,1471.1500244140625,1479.5899658203125,1471.030029296875,1475.989990234375,1475.989990234375,136391700,0.0,0.0
2010-09-22,1477.8399658203125,1479.43994140625,1474.72998046875,1474.75,1474.75,182785900,0.0,0.0
2010-09-23,1475.699951171875,1477.030029296875,1456.6400146484375,1458.0799560546875,1458.0799560546875,116171800,0.0,0.0
2010-09-24,1451.5799560546875,1453.989990234375,1445.3299560546875,1451.18994140625,1451.18994140625,143455800,0.0,0.0
2010-09-27,1458.72998046875,1467.1800537109375,1456.300048828125,1464.7099609375,1464.7099609375,142929900,0.0,0.0
2010-09-28,1463.4100341796875,1465.469970703125,1457.800048828125,1459.6400146484375,1459.6400146484375,105605300,0.0,0.0
2010-09-29,1464.3199462890625,1466.2900390625,1459.1199951171875,1461.780029296875,1461.780029296875,128923600,0.0,0.0
2010-09-30,1465.8399658203125,1466.2099609375,1461.199951171875,1463.5,1463.5,136912000,0.0,0.0
2010-10-01,1468.449951171875,1469.77001953125,1464.3499755859375,1466.3199462890625,1466.3199462890625,123952000,0.0,0.0
2010-10-04,1469.510009765625,1474.9000244140625,1462.27001953125,1462.27001953125,1462.27001953125,118754400,0.0,0.0
2010-10-05,1468.02001953125,1472.3199462890625,1466.9300537109375,1472.18994140625,1472.18994140625,122187200,0.0,0.0
2010-10-06,1478.3199462890625,1483.25,1476.050048828125,1479.6099853515625,1479.6099853515625,128052000,0.0,0.0
2010-10-07,1481.5899658203125,1481.9300537109375,1476.25,1481.449951171875,1481.449951171875,127609300,0.0,0.0
2010-10-08,1481.8800048828125,1484.47998046875,1479.31005859375,1481.4100341796875,1481.4100341796875,125741800,0.0,0.0
2010-10-11,1486.1400146484375,1490.0999755859375,1484.5699462890625,1487.4100341796875,1487.4100341796875,140789500,0.0,0.0
2010-10-12,1490.2900390625,1493.2900390625,1484.300048828125,1486.5699462890625,1486.5699462890625,157910600,0.0,0.0
2010-10-13,1489.56005859375,1496.969970703125,1489.27001953125,1496.969970703125,1496.969970703125,171082400,0.0,0.0
2010-10-14,1500.8399658203125,1503.8199462890625,1490.5699462890625,1496.3800048828125,1496.3800048828125,157953200,0.0,0.0
2010-10-15,1494.8800048828125,1494.8800048828125,1486.1099853515625,1489.8599853515625,1489.8599853515625,126610200,0.0,0.0
2010-10-18,1491.22998046875,1494.9599609375,1478.9000244140625,1480.699951171875,1480.699951171875,140666800,0.0,0.0
2010-10-19,1483.739990234375,1488.77001953125,1483.0400390625,1488.6500244140625,1488.6500244140625,163137200,0.0,0.0
2010-10-20,1480.3199462890625,1490.030029296875,1476.56005859375,1486.780029296875,1486.780029296875,143046400,0.0,0.0
2010-10-21,1490.239990234375,1495.8399658203125,1488.43994140625,1491.02001953125,1491.02001953125,164755800,0.0,0.0
2010-10-22,1494.5899658203125,1496.47998046875,1489.52001953125,1490.6400146484375,1490.6400146484375,131943400,0.0,0.0
2010-10-25,1493.530029296875,1495.739990234375,1491.25,1491.43994140625,1491.43994140625,105302400,0.0,0.0
2010-10-26,1493.9000244140625,1496.93994140625,1491.81005859375,1496.93994140625,1496.93994140625,150605200,0.0,0.0
2010-10-27,1496.199951171875,1504.3699951171875,1496.199951171875,1499.1099853515625,1499.1099853515625,131168200,0.0,0.0
2010-10-28,1500.18994140625,1501.5699462890625,1495.550048828125,1499.43994140625,1499.43994140625,130233000,0.0,0.0
2010-10-29,1499.800048828125,1505.6600341796875,1497.719970703125,1505.6600341796875,1505.6600341796875,131615400,0.0,0.0
2010-11-01,1510.68994140625,1511.239990234375,1506.31005859375,1509.6600341796875,1509.6600341796875,89809800,0.0,0.0
2010-11-02,1509.510009765625,1509.7900390625,1504.719970703125,1506.5699462890625,1506.5699462890625,125250500,0.0,0.0
2010-11-03,1507.3900146484375,1509.6500244140625,1506.5999755859375,1507.5999755859375,1507.5999755859375,73248400,0.0,0.0
2010-11-04,1512.06005859375,1513.4100341796875,1508.5799560546875,1511.739990234375,1511.739990234375,118162300,0.0,0.0
2010-11-08,1517.010009765625,1522.77001953125,1517.010009765625,1519.8399658203125,1519.8399658203125,150941800,0.0,0.0
2010-11-09,1521.7099609375,1526.6700439453125,1520.030029296875,1526.530029296875,1526.530029296875,154802700,0.0,0.0
2010-11-10,1526.97998046875,1531.989990234375,1523.9200439453125,1528.010009765625,1528.010009765625,155032400,0.0,0.0
2010-11-11,1526.6199951171875,1527.4200439453125,1513.699951171875,1513.699951171875,1513.699951171875,152240000,0.0,0.0
2010-11-12,1512.4000244140625,1512.530029296875,1488.06005859375,1499.81005859375,1499.81005859375,189206600,0.0,0.0
2010-11-15,1499.6099853515625,1503.56005859375,1497.0400390625,1501.56005859375,1501.56005859375,92032000,0.0,0.0
2010-11-16,1503.1099853515625,1504.4200439453125,1491.760009765625,1503.5400390625,1503.5400390625,123231400,0.0,0.0
2010-11-18,1500.31005859375,1500.3399658203125,1487.2099609375,1496.6500244140625,1496.6500244140625,128783000,0.0,0.0
2010-11-19,1500.81005859375,1506.199951171875,1499.780029296875,1506.050048828125,1506.050048828125,100589200,0.0,0.0
2010-11-22,1506.719970703125,1510.1300048828125,1502.8199462890625,1503.199951171875,1503.199951171875,72340800,0.0,0.0
2010-11-23,1506.8399658203125,1508.3399658203125,1487.530029296875,1487.530029296875,1487.530029296875,181164400,0.0,0.0
2010-11-24,1479.9000244140625,1493.010009765625,1476.8199462890625,1488.5400390625,1488.5400390625,145724800,0.0,0.0
2010-11-25,1493.2099609375,1498.050048828125,1491.800048828125,1496.489990234375,1496.489990234375,92908600,0.0,0.0
2010-11-26,1498.6800537109375,1500.1800537109375,1486.68994140625,1492.050048828125,1492.050048828125,94281600,0.0,0.0
2010-11-29,1488.5699462890625,1495.949951171875,1474.02001953125,1495.949951171875,1495.949951171875,96486800,0.0,0.0
2010-11-30,1494.780029296875,1497.5,1485.22998046875,1485.22998046875,1485.22998046875,149580400,0.0,0.0
2010-12-01,1482.68994140625,1487.6700439453125,1477.5699462890625,1485.4200439453125,1485.4200439453125,153042000,0.0,0.0
2010-12-02,1492.530029296875,1503.219970703125,1492.530029296875,1503.219970703125,1503.219970703125,150431200,0.0,0.0
2010-12-03,1508.4100341796875,1508.4100341796875,1497.8900146484375,1500.97998046875,1500.97998046875,132888000,0.0,0.0
2010-12-06,1505.6600341796875,1505.6600341796875,1497.6099853515625,1501.739990234375,1501.739990234375,139622800,0.0,0.0
2010-12-08,1504.52001953125,1513.239990234375,1504.52001953125,1510.06005859375,1510.06005859375,205107600,0.0,0.0
2010-12-09,1512.7900390625,1521.2900390625,1511.010009765625,1521.2900390625,1521.2900390625,209160800,0.0,0.0
2010-12-10,1520.1600341796875,1522.949951171875,1507.280029296875,1507.280029296875,1507.280029296875,277808000,0.0,0.0
2010-12-13,1511.8199462890625,1517.1500244140625,1506.8800048828125,1509.7900390625,1509.7900390625,125248000,0.0,0.0
2010-12-14,1510.77001953125,1512.8199462890625,1506.030029296875,1510.5799560546875,1510.5799560546875,135604000,0.0,0.0
2010-12-15,1511.469970703125,1514.239990234375,1504.75,1509.0999755859375,1509.0999755859375,125590400,0.0,0.0
2010-12-16,1507.0999755859375,1507.18994140625,1495.3900146484375,1497.52001953125,1497.52001953125,131924800,0.0,0.0
2010-12-17,1497.239990234375,1500.800048828125,1495.199951171875,1499.8800048828125,1499.8800048828125,139658800,0.0,0.0
2010-12-20,1499.4599609375,1500.0699462890625,1493.219970703125,1495.8800048828125,1495.8800048828125,119073800,0.0,0.0
2010-12-21,1498.3499755859375,1510.239990234375,1497.81005859375,1505.1800537109375,1505.1800537109375,139388400,0.0,0.0
2010-12-22,1505.8699951171875,1515.050048828125,1504.9000244140625,1515.050048828125,1515.050048828125,105987200,0.0,0.0
2010-12-23,1518.68994140625,1518.800048828125,1511.199951171875,1514.47998046875,1514.47998046875,121900000,0.0,0.0
2010-12-24,1516.050048828125,1516.43994140625,1510.699951171875,1511.5799560546875,1511.5799560546875,45783400,0.0,0.0
2010-12-27,1511.9000244140625,1513.22998046875,1509.6400146484375,1511.719970703125,1511.719970703125,45943800,0.0,0.0
2010-12-28,1510.97998046875,1525.989990234375,1509.550048828125,1517.43994140625,1517.43994140625,91008400,0.0,0.0
2010-12-29,1520.449951171875,1526.9300537109375,1520.18994140625,1524.3399658203125,1524.3399658203125,105766600,0.0,0.0
2010-12-30,1527.0899658203125,1529.949951171875,1518.760009765625,1518.9100341796875,1518.9100341796875,139358600,0.0,0.0
2011-01-03,1524.530029296875,1535.02001953125,1523.719970703125,1533.4200439453125,1533.4200439453125,142815000,0.0,0.0
2011-01-04,1534.5699462890625,1551.8900146484375,1534.4000244140625,1551.8900146484375,1551.8900146484375,204667400,0.0,0.0
2011-01-05,1551.5899658203125,1571.8499755859375,1542.949951171875,1566.1700439453125,1566.1700439453125,316364200,0.0,0.0
2011-01-06,1570.530029296875,1576.949951171875,1562.75,1568.3699951171875,1568.3699951171875,213407400,0.0,0.0
2011-01-07,1573.47998046875,1573.6300048828125,1564.2900390625,1572.2099609375,1572.2099609375,265674400,0.0,0.0
2011-01-10,1574.6400146484375,1576.3699951171875,1561.550048828125,1563.52001953125,1563.52001953125,200124400,0.0,0.0
2011-01-11,1559.27001953125,1565.3299560546875,1558.6400146484375,1562.93994140625,1562.93994140625,167234800,0.0,0.0
2011-01-12,1564.3599853515625,1569.0799560546875,1562.72998046875,1566.489990234375,1566.489990234375,137882800,0.0,0.0
2011-01-13,1570.739990234375,1573.3599853515625,1567.6099853515625,1571.56005859375,1571.56005859375,136280200,0.0,0.0
2011-01-14,1572.2900390625,1572.949951171875,1566.030029296875,1569.8900146484375,1569.8900146484375,139922000,0.0,0.0
2011-01-17,1573.469970703125,1574.489990234375,1570.6300048828125,1574.489990234375,1574.489990234375,122443400,0.0,0.0
2011-01-18,1575.9200439453125,1576.4200439453125,1567.9100341796875,1570.0400390625,1570.0400390625,108978000,0.0,0.0
2011-01-19,1568.8499755859375,1568.8800048828125,1561.8699951171875,1566.510009765625,1566.510009765625,138848000,0.0,0.0
2011-01-21,1559.6199951171875,1559.6199951171875,1546.97998046875,1547.4300537109375,1547.4300537109375,251428600,0.0,0.0
2011-01-24,1550.3599853515625,1550.949951171875,1539.47998046875,1542.969970703125,1542.969970703125,156338800,0.0,0.0
2011-01-25,1542.7099609375,1544.8499755859375,1526.4300537109375,1526.4300537109375,1526.4300537109375,179689600,0.0,0.0
2011-01-26,1525.4300537109375,1525.75,1505.3599853515625,1520.0,1520.0,217587600,0.0,0.0
2011-01-27,1526.47998046875,1530.81005859375,1525.739990234375,1526.9599609375,1526.9599609375,160904000,0.0,0.0
2011-01-28,1528.72998046875,1529.8399658203125,1518.47998046875,1521.8900146484375,1521.8900146484375,143671200,0.0,0.0
2011-01-31,1507.6700439453125,1520.6300048828125,1505.8499755859375,1519.93994140625,1519.93994140625,162351000,0.0,0.0
2011-02-02,1524.739990234375,1536.27001953125,1524.739990234375,1531.8199462890625,1531.8199462890625,122139600,0.0,0.0
2011-02-07,1539.239990234375,1541.4300537109375,1533.75,1535.5999755859375,1535.5999755859375,155642400,0.0,0.0
2011-02-08,1542.3399658203125,1544.3499755859375,1538.760009765625,1539.550048828125,1539.550048828125,170226800,0.0,0.0
2011-02-09,1541.6300048828125,1541.97998046875,1533.3800048828125,1536.0699462890625,1536.0699462890625,175799600,0.0,0.0
2011-02-10,1524.3900146484375,1527.3900146484375,1503.989990234375,1503.989990234375,1503.989990234375,236958400,0.0,0.0
2011-02-11,1506.9100341796875,1507.6600341796875,1490.43994140625,1494.52001953125,1494.52001953125,194490800,0.0,0.0
2011-02-14,1497.8900146484375,1513.2900390625,1494.1300048828125,1505.3299560546875,1505.3299560546875,120741600,0.0,0.0
2011-02-16,1496.510009765625,1506.31005859375,1495.4300537109375,1506.300048828125,1506.300048828125,145680400,0.0,0.0
2011-02-17,1508.530029296875,1512.8499755859375,1506.4000244140625,1508.56005859375,1508.56005859375,120484000,0.0,0.0
2011-02-18,1508.989990234375,1521.1500244140625,1508.530029296875,1517.56005859375,1517.56005859375,134814000,0.0,0.0
2011-02-21,1519.1300048828125,1527.0899658203125,1505.5400390625,1525.8499755859375,1525.8499755859375,133596000,0.0,0.0
2011-02-22,1518.77001953125,1519.1400146484375,1510.1800537109375,1513.6300048828125,1513.6300048828125,139678400,0.0,0.0
2011-02-23,1504.260009765625,1516.52001953125,1502.010009765625,1511.1099853515625,1511.1099853515625,155976000,0.0,0.0
2011-02-24,1506.6600341796875,1511.3900146484375,1489.8699951171875,1489.8699951171875,1489.8699951171875,199282400,0.0,0.0
2011-02-25,1495.72998046875,1499.43994140625,1489.27001953125,1489.27001953125,1489.27001953125,141395200,0.0,0.0
2011-02-28,1493.4000244140625,1493.969970703125,1474.3800048828125,1491.25,1491.25,176024000,0.0,0.0
2011-03-01,1494.8800048828125,1502.239990234375,1492.699951171875,1502.239990234375,1502.239990234375,132904000,0.0,0.0
2011-03-02,1493.5999755859375,1499.280029296875,1488.949951171875,1499.280029296875,1499.280029296875,125651200,0.0,0.0
2011-03-03,1498.81005859375,1512.8199462890625,1497.4599609375,1506.8800048828125,1506.8800048828125,128673800,0.0,0.0
2011-03-04,1519.280029296875,1529.4100341796875,1519.280029296875,1522.6099853515625,1522.6099853515625,164256400,0.0,0.0
2011-03-07,1521.3399658203125,1521.3399658203125,1511.27001953125,1515.739990234375,1515.739990234375,92499400,0.0,0.0
2011-03-08,1519.4200439453125,1525.010009765625,1515.1700439453125,1517.6600341796875,1517.6600341796875,150532600,0.0,0.0
2011-03-09,1519.1800537109375,1525.68994140625,1519.1800537109375,1523.68994140625,1523.68994140625,184070000,0.0,0.0
2011-03-10,1522.8499755859375,1524.1199951171875,1515.3199462890625,1516.9100341796875,1516.9100341796875,127197600,0.0,0.0
2011-03-11,1508.8800048828125,1508.8800048828125,1494.1300048828125,1495.6199951171875,1495.6199951171875,161596000,0.0,0.0
2011-03-14,1486.0999755859375,1500.2099609375,1480.530029296875,1495.3499755859375,1495.3499755859375,88653200,0.0,0.0
2011-03-15,1494.4200439453125,1494.8900146484375,1476.239990234375,1484.1400146484375,1484.1400146484375,166557600,0.0,0.0
2011-03-16,1485.1600341796875,1492.43994140625,1484.7099609375,1492.43994140625,1492.43994140625,115218400,0.0,0.0
2011-03-17,1483.2900390625,1492.0899658203125,1480.27001953125,1492.0899658203125,1492.0899658203125,102547600,0.0,0.0
2011-03-18,1490.72998046875,1503.8900146484375,1489.27001953125,1503.8900146484375,1503.8900146484375,121822400,0.0,0.0
2011-03-21,1502.010009765625,1509.9300537109375,1498.3399658203125,1508.8800048828125,1508.8800048828125,90747000,0.0,0.0
2011-03-22,1512.5899658203125,1514.199951171875,1507.510009765625,1509.0999755859375,1509.0999755859375,94373200,0.0,0.0
2011-03-23,1505.9599609375,1511.969970703125,1504.949951171875,1511.969970703125,1511.969970703125,110501600,0.0,0.0
2011-03-24,1513.0899658203125,1514.9100341796875,1510.0,1513.8399658203125,1513.8399658203125,117688400,0.0,0.0
2011-03-25,1515.9100341796875,1518.4200439453125,1514.25,1515.550048828125,1515.550048828125,120378000,0.0,0.0
2011-03-28,1514.5,1517.469970703125,1511.97998046875,1514.25,1514.25,103234000,0.0,0.0
2011-03-29,1517.030029296875,1520.0899658203125,1514.050048828125,1520.0899658203125,1520.0899658203125,151179200,0.0,0.0
2011-03-30,1522.97998046875,1532.6800537109375,1522.3599853515625,1531.6300048828125,1531.6300048828125,145728800,0.0,0.0
2011-03-31,1536.6099853515625,1545.1300048828125,1535.0,1545.1300048828125,1545.1300048828125,199552600,0.0,0.0
2011-04-01,1547.0400390625,1555.3800048828125,1547.0400390625,1555.3800048828125,1555.3800048828125,149932000,0.0,0.0
2011-04-04,1561.93994140625,1565.0400390625,1553.8199462890625,1555.47998046875,1555.47998046875,129656800,0.0,0.0
2011-04-05,1556.280029296875,1557.4300537109375,1552.27001953125,1553.0699462890625,1553.0699462890625,117345000,0.0,0.0
2011-04-06,1553.0699462890625,1553.9000244140625,1549.8399658203125,1552.8900146484375,1552.8900146484375,120195200,0.0,0.0
2011-04-07,1556.8299560546875,1561.9300537109375,1554.5999755859375,1561.9300537109375,1561.9300537109375,147125600,0.0,0.0
2011-04-08,1561.6600341796875,1563.4300537109375,1557.489990234375,1557.489990234375,1557.489990234375,109724600,0.0,0.0
2011-04-11,1559.6700439453125,1559.6800537109375,1540.6700439453125,1544.0,1544.0,137020400,0.0,0.0
2011-04-12,1539.4599609375,1539.4599609375,1522.1500244140625,1525.9200439453125,1525.9200439453125,96428000,0.0,0.0
2011-04-13,1524.81005859375,1539.699951171875,1517.8399658203125,1535.5899658203125,1535.5899658203125,106396800,0.0,0.0
2011-04-14,1537.8499755859375,1540.550048828125,1525.800048828125,1525.800048828125,1525.800048828125,103767400,0.0,0.0
2011-04-15,1529.5899658203125,1532.0,1517.6800537109375,1521.93994140625,1521.93994140625,118357600,0.0,0.0
2011-04-18,1526.030029296875,1533.1800537109375,1524.530029296875,1527.9200439453125,1527.9200439453125,105009400,0.0,0.0
2011-04-19,1520.2099609375,1522.719970703125,1514.93994140625,1521.530029296875,1521.530029296875,107061000,0.0,0.0
2011-04-20,1525.9000244140625,1531.02001953125,1525.9000244140625,1531.02001953125,1531.02001953125,125426800,0.0,0.0
2011-04-21,1533.199951171875,1535.0899658203125,1526.3299560546875,1526.3299560546875,1526.3299560546875,95682800,0.0,0.0
2011-04-22,1527.3299560546875,1527.75,1522.75,1522.75,1522.75,69175200,0.0,0.0
2011-04-25,1523.4599609375,1526.8299560546875,1522.989990234375,1524.050048828125,1524.050048828125,45114800,0.0,0.0
2011-04-26,1525.719970703125,1527.56005859375,1520.489990234375,1527.3399658203125,1527.3399658203125,116880000,0.0,0.0
2011-04-27,1527.7099609375,1534.68994140625,1526.5799560546875,1529.9100341796875,1529.9100341796875,112300200,0.0,0.0
2011-04-28,1532.3599853515625,1535.300048828125,1531.1099853515625,1535.300048828125,1535.300048828125,102424000,0.0,0.0
2011-04-29,1540.550048828125,1540.550048828125,1529.6300048828125,1534.949951171875,1534.949951171875,92018200,0.0,0.0
2011-05-03,1535.989990234375,1537.8499755859375,1530.050048828125,1531.469970703125,1531.469970703125,84642400,0.0,0.0
2011-05-04,1537.47998046875,1537.7099609375,1519.77001953125,1528.4300537109375,1528.4300537109375,104786400,0.0,0.0
2011-05-05,1525.6300048828125,1526.1800537109375,1520.1800537109375,1521.1800537109375,1521.1800537109375,87724600,0.0,0.0
2011-05-06,1519.1600341796875,1519.1600341796875,1507.6400146484375,1515.5,1515.5,117743200,0.0,0.0
2011-05-09,1517.2099609375,1520.3599853515625,1515.3900146484375,1519.4100341796875,1519.4100341796875,77273200,0.0,0.0
2011-05-10,1518.969970703125,1525.780029296875,1518.1500244140625,1523.3699951171875,1523.3699951171875,87675600,0.0,0.0
2011-05-11,1525.719970703125,1538.5400390625,1525.719970703125,1536.030029296875,1536.030029296875,118557600,0.0,0.0
2011-05-12,1533.4200439453125,1535.7099609375,1532.0999755859375,1532.2900390625,1532.2900390625,92403200,0.0,0.0
2011-05-13,1533.469970703125,1545.2099609375,1532.93994140625,1540.739990234375,1540.739990234375,132088000,0.0,0.0
2011-05-16,1541.8399658203125,1545.3399658203125,1536.27001953125,1536.27001953125,1536.27001953125,88250800,0.0,0.0
2011-05-18,1538.2099609375,1543.3499755859375,1537.3299560546875,1541.27001953125,1541.27001953125,140252000,0.0,0.0
2011-05-19,1543.3800048828125,1550.6199951171875,1541.969970703125,1544.02001953125,1544.02001953125,122717800,0.0,0.0
2011-05-20,1544.0899658203125,1547.93994140625,1541.030029296875,1541.030029296875,1541.030029296875,99498400,0.0,0.0
2011-05-23,1541.27001953125,1542.800048828125,1528.06005859375,1528.97998046875,1528.97998046875,97898400,0.0,0.0
2011-05-24,1531.280029296875,1533.219970703125,1525.7099609375,1532.1199951171875,1532.1199951171875,134801000,0.0,0.0
2011-05-25,1533.239990234375,1537.6600341796875,1530.0,1533.5699462890625,1533.5699462890625,110348000,0.0,0.0
2011-05-26,1538.3499755859375,1543.6300048828125,1538.3499755859375,1540.93994140625,1540.93994140625,126025800,0.0,0.0
2011-05-27,1545.0899658203125,1549.9599609375,1543.2099609375,1548.68994140625,1548.68994140625,134680800,0.0,0.0
2011-05-30,1550.0699462890625,1550.0699462890625,1542.8399658203125,1542.8399658203125,1542.8399658203125,119960800,0.0,0.0
2011-05-31,1541.5,1566.2900390625,1541.5,1558.2900390625,1558.2900390625,404034600,0.0,0.0
2011-06-01,1561.010009765625,1561.010009765625,1553.97998046875,1556.4200439453125,1556.4200439453125,168860400,0.0,0.0
2011-06-02,1551.9300537109375,1558.0400390625,1550.3699951171875,1558.0400390625,1558.0400390625,138847600,0.0,0.0
2011-06-03,1560.0799560546875,1562.0400390625,1554.989990234375,1559.8499755859375,1559.8499755859375,87984400,0.0,0.0
2011-06-06,1556.239990234375,1556.6700439453125,1551.8499755859375,1552.1400146484375,1552.1400146484375,74579600,0.0,0.0
2011-06-07,1551.56005859375,1553.050048828125,1548.300048828125,1551.8900146484375,1551.8900146484375,102520000,0.0,0.0
2011-06-08,1550.5,1553.8299560546875,1549.8900146484375,1551.7900390625,1551.7900390625,120041600,0.0,0.0
2011-06-09,1554.0999755859375,1555.489990234375,1550.8900146484375,1550.8900146484375,1550.8900146484375,108473200,0.0,0.0
2011-06-10,1553.3399658203125,1558.530029296875,1553.280029296875,1556.18994140625,1556.18994140625,91342400,0.0,0.0
2011-06-13,1551.7099609375,1552.5999755859375,1545.8800048828125,1545.8800048828125,1545.8800048828125,91240000,0.0,0.0
2011-06-14,1545.7099609375,1551.8299560546875,1543.56005859375,1548.510009765625,1548.510009765625,92735200,0.0,0.0
2011-06-15,1548.3499755859375,1556.18994140625,1547.9200439453125,1556.18994140625,1556.18994140625,147146600,0.0,0.0
2011-06-16,1553.1099853515625,1554.239990234375,1549.6500244140625,1554.239990234375,1554.239990234375,153275600,0.0,0.0
2011-06-17,1559.4200439453125,1564.0699462890625,1556.0400390625,1563.4300537109375,1563.4300537109375,212910000,0.0,0.0
2011-06-20,1561.989990234375,1563.6600341796875,1557.52001953125,1559.18994140625,1559.18994140625,128439200,0.0,0.0
2011-06-21,1560.27001953125,1561.4000244140625,1557.6800537109375,1560.7900390625,1560.7900390625,132953400,0.0,0.0
2011-06-22,1561.68994140625,1567.3499755859375,1559.949951171875,1567.3499755859375,1567.3499755859375,120138800,0.0,0.0
2011-06-23,1566.0400390625,1567.18994140625,1562.199951171875,1563.18994140625,1563.18994140625,108633800,0.0,0.0
2011-06-24,1563.9599609375,1565.1199951171875,1562.0,1564.6600341796875,1564.6600341796875,146272600,0.0,0.0
2011-06-27,1561.3199462890625,1564.300048828125,1560.3199462890625,1562.52001953125,1562.52001953125,120054200,0.0,0.0
2011-06-28,1561.0400390625,1570.02001953125,1561.0400390625,1570.02001953125,1570.02001953125,114944600,0.0,0.0
2011-06-29,1572.5899658203125,1575.81005859375,1570.3900146484375,1575.010009765625,1575.010009765625,144559200,0.0,0.0
2011-06-30,1571.6700439453125,1579.0699462890625,1570.68994140625,1579.0699462890625,1579.0699462890625,151324800,0.0,0.0
2011-07-01,1580.8299560546875,1582.93994140625,1576.8900146484375,1582.93994140625,1582.93994140625,95700000,0.0,0.0
2011-07-04,1584.1199951171875,1589.9300537109375,1577.81005859375,1582.3499755859375,1582.3499755859375,106297600,0.0,0.0
2011-07-05,1583.949951171875,1584.8299560546875,1580.3800048828125,1581.8499755859375,1581.8499755859375,124354800,0.0,0.0
2011-07-06,1582.2099609375,1591.3399658203125,1580.4599609375,1591.3399658203125,1591.3399658203125,174976400,0.0,0.0
2011-07-07,1594.1300048828125,1595.8699951171875,1587.8800048828125,1590.239990234375,1590.239990234375,137593600,0.0,0.0
2011-07-08,1591.0799560546875,1594.739990234375,1584.93994140625,1594.739990234375,1594.739990234375,136764200,0.0,0.0
2011-07-11,1595.1400146484375,1597.0799560546875,1584.199951171875,1588.5799560546875,1588.5799560546875,124809800,0.0,0.0
2011-07-12,1587.68994140625,1587.68994140625,1574.52001953125,1578.0999755859375,1578.0999755859375,126938000,0.0,0.0
2011-07-13,1578.6500244140625,1580.75,1576.3699951171875,1580.6700439453125,1580.6700439453125,123711200,0.0,0.0
2011-07-14,1581.280029296875,1581.68994140625,1577.760009765625,1579.8399658203125,1579.8399658203125,109836800,0.0,0.0
2011-07-15,1578.93994140625,1580.0,1573.469970703125,1577.25,1577.25,120980600,0.0,0.0
2011-07-18,1576.22998046875,1576.22998046875,1561.969970703125,1562.5799560546875,1562.5799560546875,114435200,0.0,0.0
2011-07-19,1562.47998046875,1562.47998046875,1552.7099609375,1555.6400146484375,1555.6400146484375,170822800,0.0,0.0
2011-07-20,1558.449951171875,1564.949951171875,1558.449951171875,1562.5899658203125,1562.5899658203125,99176000,0.0,0.0
2011-07-21,1563.6300048828125,1566.199951171875,1560.5899658203125,1565.81005859375,1565.81005859375,117375200,0.0,0.0
2011-07-22,1566.5799560546875,1566.5799560546875,1562.6300048828125,1565.06005859375,1565.06005859375,138118800,0.0,0.0
2011-07-25,1565.4599609375,1565.4599609375,1558.510009765625,1559.5999755859375,1559.5999755859375,104312000,0.0,0.0
2011-07-26,1557.469970703125,1561.9100341796875,1554.5799560546875,1561.77001953125,1561.77001953125,129273400,0.0,0.0
2011-07-27,1561.949951171875,1565.0,1557.260009765625,1558.1700439453125,1558.1700439453125,124923600,0.0,0.0
2011-07-28,1555.719970703125,1555.719970703125,1544.9599609375,1551.9100341796875,1551.9100341796875,147138400,0.0,0.0
2011-07-29,1553.219970703125,1553.68994140625,1544.8800048828125,1548.81005859375,1548.81005859375,151788800,0.0,0.0
2011-08-01,1549.7900390625,1558.489990234375,1549.4300537109375,1558.010009765625,1558.010009765625,108303200,0.0,0.0
2011-08-02,1558.02001953125,1558.8399658203125,1553.3900146484375,1554.8499755859375,1554.8499755859375,104104000,0.0,0.0
2011-08-03,1549.489990234375,1549.489990234375,1538.949951171875,1545.0999755859375,1545.0999755859375,136081600,0.0,0.0
2011-08-04,1546.8699951171875,1552.9100341796875,1545.68994140625,1546.8900146484375,1546.8900146484375,111983000,0.0,0.0
2011-08-05,1529.93994140625,1529.93994140625,1509.3699951171875,1524.4300537109375,1524.4300537109375,316934000,0.0,0.0
2011-08-08,1515.18994140625,1515.18994140625,1476.239990234375,1496.989990234375,1496.989990234375,313999000,0.0,0.0
2011-08-09,1468.4000244140625,1490.1400146484375,1423.469970703125,1472.1400146484375,1472.1400146484375,325011000,0.0,0.0
2011-08-10,1472.1400146484375,1495.6500244140625,1472.1400146484375,1480.52001953125,1480.52001953125,264453600,0.0,0.0
2011-08-11,1467.22998046875,1479.4100341796875,1454.52001953125,1476.4599609375,1476.4599609375,194991600,0.0,0.0
2011-08-12,1484.1400146484375,1488.2900390625,1483.4200439453125,1483.6700439453125,1483.6700439453125,154174600,0.0,0.0
2011-08-15,1486.0400390625,1499.739990234375,1486.0400390625,1499.739990234375,1499.739990234375,105416000,0.0,0.0
2011-08-16,1504.1400146484375,1510.5400390625,1497.3299560546875,1498.239990234375,1498.239990234375,138416000,0.0,0.0
2011-08-17,1502.2099609375,1504.6300048828125,1499.5899658203125,1503.0699462890625,1503.0699462890625,142821600,0.0,0.0
2011-08-18,1506.7099609375,1507.5899658203125,1497.3699951171875,1503.300048828125,1503.300048828125,149945600,0.0,0.0
2011-08-19,1491.6700439453125,1491.6700439453125,1477.699951171875,1483.97998046875,1483.97998046875,208565200,0.0,0.0
2011-08-22,1477.3299560546875,1478.9100341796875,1467.4200439453125,1472.1600341796875,1472.1600341796875,162528000,0.0,0.0
2011-08-23,1474.3599853515625,1482.3699951171875,1469.6600341796875,1482.3699951171875,1482.3699951171875,180442400,0.0,0.0
2011-08-24,1485.1500244140625,1487.27001953125,1469.1500244140625,1469.1500244140625,1469.1500244140625,188951600,0.0,0.0
2011-08-25,1470.3699951171875,1471.030029296875,1460.9599609375,1464.739990234375,1464.739990234375,231732200,0.0,0.0
2011-08-26,1460.300048828125,1460.300048828125,1442.0799560546875,1444.81005859375,1444.81005859375,249168400,0.0,0.0
2011-08-29,1448.2099609375,1456.1800537109375,1446.1199951171875,1447.27001953125,1447.27001953125,99325800,0.0,0.0
2011-09-02,1460.6600341796875,1483.7900390625,1460.6600341796875,1474.0899658203125,1474.0899658203125,230876000,0.0,0.0
2011-09-05,1469.77001953125,1471.1300048828125,1463.1199951171875,1463.1199951171875,1463.1199951171875,128260000,0.0,0.0
2011-09-06,1460.260009765625,1462.3199462890625,1453.260009765625,1454.3699951171875,1454.3699951171875,150971200,0.0,0.0
2011-09-07,1458.050048828125,1465.010009765625,1457.6800537109375,1464.6099853515625,1464.6099853515625,122021400,0.0,0.0
2011-09-08,1466.06005859375,1471.219970703125,1463.1800537109375,1469.8299560546875,1469.8299560546875,97520000,0.0,0.0
2011-09-09,1472.9300537109375,1480.3299560546875,1467.8199462890625,1469.1199951171875,1469.1199951171875,73826400,0.0,0.0
2011-09-12,1464.7900390625,1464.7900390625,1443.9300537109375,1446.260009765625,1446.260009765625,111254000,0.0,0.0
2011-09-13,1450.0899658203125,1452.1500244140625,1445.969970703125,1448.0,1448.0,78777200,0.0,0.0
2011-09-14,1453.0400390625,1455.300048828125,1436.7099609375,1437.6099853515625,1437.6099853515625,110947600,0.0,0.0
2011-09-15,1442.6700439453125,1443.510009765625,1427.75,1430.9300537109375,1430.9300537109375,138942400,0.0,0.0
2011-09-20,1410.010009765625,1412.530029296875,1404.27001953125,1410.6400146484375,1410.6400146484375,125181400,0.0,0.0
2011-09-21,1413.449951171875,1422.3499755859375,1408.72998046875,1419.0400390625,1419.0400390625,108134800,0.0,0.0
2011-09-22,1413.050048828125,1413.050048828125,1387.81005859375,1387.81005859375,1387.81005859375,172707800,0.0,0.0
2011-09-23,1377.219970703125,1377.219970703125,1358.469970703125,1365.93994140625,1365.93994140625,182967400,0.0,0.0
2011-09-26,1357.739990234375,1357.989990234375,1310.530029296875,1331.800048828125,1331.800048828125,181524000,0.0,0.0
2011-09-27,1339.3499755859375,1367.550048828125,1339.3499755859375,1364.199951171875,1364.199951171875,163696400,0.0,0.0
2011-09-28,1367.4000244140625,1373.6400146484375,1353.3800048828125,1371.550048828125,1371.550048828125,159449200,0.0,0.0
2011-09-29,1361.4300537109375,1388.550048828125,1357.949951171875,1387.4599609375,1387.4599609375,129887800,0.0,0.0
2011-09-30,1390.5799560546875,1403.010009765625,1375.6400146484375,1387.1300048828125,1387.1300048828125,170022400,0.0,0.0
2011-10-03,1381.81005859375,1381.9000244140625,1353.449951171875,1367.52001953125,1367.52001953125,120650400,0.0,0.0
2011-10-04,1362.1600341796875,1375.02001953125,1356.77001953125,1361.3800048828125,1361.3800048828125,96601000,0.0,0.0
2011-10-05,1364.7900390625,1379.1199951171875,1364.7900390625,1375.6700439453125,1375.6700439453125,113146400,0.0,0.0
2011-10-06,1381.1700439453125,1395.280029296875,1381.1700439453125,1393.68994140625,1393.68994140625,124918000,0.0,0.0
2011-10-07,1397.4200439453125,1402.5799560546875,1391.31005859375,1400.050048828125,1400.050048828125,114296800,0.0,0.0
2011-10-10,1398.6199951171875,1399.3499755859375,1392.0999755859375,1397.0400390625,1397.0400390625,54891000,0.0,0.0
2011-10-11,1406.989990234375,1414.739990234375,1406.989990234375,1411.6500244140625,1411.6500244140625,105427400,0.0,0.0
2011-10-12,1414.4000244140625,1428.5,1402.0799560546875,1428.5,1428.5,103517200,0.0,0.0
2011-10-13,1431.68994140625,1445.4300537109375,1430.949951171875,1444.8699951171875,1444.8699951171875,164190400,0.0,0.0
2011-10-14,1447.1700439453125,1447.5699462890625,1435.93994140625,1442.4300537109375,1442.4300537109375,92141600,0.0,0.0
2011-10-17,1451.969970703125,1465.47998046875,1451.969970703125,1465.3499755859375,1465.3499755859375,139085000,0.0,0.0
2011-10-18,1459.5799560546875,1459.5799560546875,1433.969970703125,1439.93994140625,1439.93994140625,101839600,0.0,0.0
2011-10-19,1444.9100341796875,1450.25,1444.4200439453125,1450.25,1450.25,85664600,0.0,0.0
2011-10-20,1445.5,1445.5,1429.3800048828125,1441.1800537109375,1441.1800537109375,80204400,0.0,0.0
2011-10-21,1441.1600341796875,1446.8499755859375,1371.1800537109375,1438.8299560546875,1438.8299560546875,71847600,0.0,0.0
2011-10-24,1449.8299560546875,1462.06005859375,1449.0999755859375,1450.02001953125,1450.02001953125,105697600,0.0,0.0
2011-10-25,1453.4599609375,1457.800048828125,1448.1199951171875,1457.800048828125,1457.800048828125,80653600,0.0,0.0
2011-10-27,1461.550048828125,1474.27001953125,1459.97998046875,1470.9300537109375,1470.9300537109375,198249000,0.0,0.0
2011-10-28,1480.219970703125,1488.199951171875,1478.1500244140625,1481.8199462890625,1481.8199462890625,181280600,0.0,0.0
2011-10-31,1484.6600341796875,1493.280029296875,1475.7099609375,1491.8900146484375,1491.8900146484375,121906000,0.0,0.0
2011-11-01,1484.1300048828125,1485.9000244140625,1474.6099853515625,1475.6400146484375,1475.6400146484375,81692200,0.0,0.0
2011-11-02,1467.800048828125,1473.1300048828125,1457.5,1470.949951171875,1470.949951171875,128076400,0.0,0.0
2011-11-03,1471.8699951171875,1473.449951171875,1452.6400146484375,1462.3699951171875,1462.3699951171875,73154800,0.0,0.0
2011-11-04,1470.8499755859375,1477.510009765625,1468.0899658203125,1477.510009765625,1477.510009765625,84329800,0.0,0.0
2011-11-08,1483.280029296875,1489.9100341796875,1476.81005859375,1480.4599609375,1480.4599609375,110794200,0.0,0.0
2011-11-09,1481.2099609375,1490.739990234375,1481.2099609375,1489.6400146484375,1489.6400146484375,105961600,0.0,0.0
2011-11-10,1469.22998046875,1474.72998046875,1466.25,1472.6500244140625,1472.6500244140625,110356400,0.0,0.0
2011-11-11,1474.6199951171875,1478.3299560546875,1468.75,1468.75,1468.75,61556600,0.0,0.0
2011-11-14,1479.7099609375,1484.8800048828125,1478.1300048828125,1478.8699951171875,1478.8699951171875,98682800,0.0,0.0
2011-11-15,1475.6600341796875,1478.75,1473.7099609375,1477.219970703125,1477.219970703125,73802000,0.0,0.0
2011-11-16,1481.1600341796875,1487.3699951171875,1470.0899658203125,1476.8399658203125,1476.8399658203125,93052400,0.0,0.0
2011-11-17,1475.52001953125,1476.800048828125,1465.469970703125,1465.469970703125,1465.469970703125,79470400,0.0,0.0
2011-11-18,1462.3399658203125,1468.43994140625,1454.4000244140625,1454.4000244140625,1454.4000244140625,95006600,0.0,0.0
2011-11-21,1451.760009765625,1451.97998046875,1434.0799560546875,1434.0799560546875,1434.0799560546875,110151600,0.0,0.0
2011-11-22,1430.800048828125,1438.510009765625,1425.469970703125,1437.989990234375,1437.989990234375,91295200,0.0,0.0
2011-11-23,1435.6400146484375,1439.4599609375,1424.18994140625,1433.1700439453125,1433.1700439453125,92420200,0.0,0.0
2011-11-24,1431.9100341796875,1447.989990234375,1426.6400146484375,1447.989990234375,1447.989990234375,72680400,0.0,0.0
2011-11-25,1447.1099853515625,1447.1099853515625,1430.6099853515625,1431.550048828125,1431.550048828125,89343200,0.0,0.0
2011-11-29,1437.77001953125,1458.0,1437.2099609375,1444.719970703125,1444.719970703125,148770400,0.0,0.0
2011-11-30,1444.489990234375,1472.0999755859375,1443.5899658203125,1472.0999755859375,1472.0999755859375,162249000,0.0,0.0
2011-12-01,1486.9200439453125,1502.530029296875,1484.4200439453125,1485.260009765625,1485.260009765625,169250000,0.0,0.0
2011-12-02,1489.43994140625,1493.6199951171875,1483.47998046875,1489.02001953125,1489.02001953125,107567600,0.0,0.0
2011-12-05,1489.72998046875,1492.7099609375,1487.3599853515625,1489.949951171875,1489.949951171875,63236800,0.0,0.0
2011-12-06,1484.81005859375,1484.81005859375,1478.1199951171875,1480.9200439453125,1480.9200439453125,63400400,0.0,0.0
2011-12-07,1480.5899658203125,1482.989990234375,1473.6800537109375,1482.989990234375,1482.989990234375,130764400,0.0,0.0
2011-12-08,1477.75,1477.75,1469.9300537109375,1472.9200439453125,1472.9200439453125,69448800,0.0,0.0
2011-12-09,1464.699951171875,1464.699951171875,1456.7099609375,1460.1300048828125,1460.1300048828125,68593200,0.0,0.0
2011-12-12,1463.72998046875,1474.550048828125,1463.72998046875,1467.0999755859375,1467.0999755859375,63036800,0.0,0.0
2011-12-13,1462.9100341796875,1467.52001953125,1457.31005859375,1465.3900146484375,1465.3900146484375,89422200,0.0,0.0
2011-12-14,1461.97998046875,1466.449951171875,1459.449951171875,1463.1199951171875,1463.1199951171875,72653000,0.0,0.0
2011-12-15,1458.0999755859375,1464.52001953125,1448.5400390625,1464.1099853515625,1464.1099853515625,76528000,0.0,0.0
2011-12-16,1465.25,1472.760009765625,1463.25,1466.219970703125,1466.219970703125,77123600,0.0,0.0
2011-12-19,1466.780029296875,1477.780029296875,1463.27001953125,1477.780029296875,1477.780029296875,57540000,0.0,0.0
2011-12-20,1475.8699951171875,1476.4100341796875,1464.31005859375,1465.1700439453125,1465.1700439453125,84750800,0.0,0.0
2011-12-21,1472.9200439453125,1487.1500244140625,1472.0799560546875,1484.97998046875,1484.97998046875,98484800,0.0,0.0
2011-12-22,1484.5999755859375,1491.6700439453125,1482.8900146484375,1491.4599609375,1491.4599609375,63326600,0.0,0.0
2011-12-23,1490.1700439453125,1496.25,1490.1700439453125,1496.1500244140625,1496.1500244140625,57780600,0.0,0.0
2011-12-27,1494.1500244140625,1500.9100341796875,1490.1600341796875,1500.9100341796875,1500.9100341796875,41876000,0.0,0.0
2011-12-28,1499.72998046875,1504.5400390625,1495.52001953125,1504.1099853515625,1504.1099853515625,45030000,0.0,0.0
2011-12-29,1500.050048828125,1511.18994140625,1497.18994140625,1506.68994140625,1506.68994140625,62334800,0.0,0.0
2011-12-30,1508.97998046875,1530.72998046875,1508.5999755859375,1530.72998046875,1530.72998046875,113634000,0.0,0.0
2012-01-03,1523.5999755859375,1523.7099609375,1512.0799560546875,1513.5400390625,1513.5400390625,77480000,0.0,0.0
2012-01-04,1517.68994140625,1525.1400146484375,1502.0899658203125,1504.219970703125,1504.219970703125,101556200,0.0,0.0
2012-01-05,1507.050048828125,1514.8199462890625,1504.5400390625,1514.4300537109375,1514.4300537109375,85528000,0.0,0.0
2012-01-06,1513.1300048828125,1515.27001953125,1508.9300537109375,1514.1300048828125,1514.1300048828125,83640000,0.0,0.0
2012-01-09,1515.06005859375,1521.72998046875,1513.3499755859375,1521.72998046875,1521.72998046875,108655600,0.0,0.0
2012-01-10,1519.75,1524.0999755859375,1518.760009765625,1521.989990234375,1521.989990234375,125821200,0.0,0.0
2012-01-11,1522.030029296875,1523.93994140625,1518.800048828125,1522.2900390625,1522.2900390625,141031800,0.0,0.0
2012-01-12,1521.18994140625,1525.56005859375,1520.780029296875,1525.56005859375,1525.56005859375,106805200,0.0,0.0
2012-01-13,1525.6800537109375,1526.27001953125,1521.93994140625,1523.0699462890625,1523.0699462890625,111397600,0.0,0.0
2012-01-16,1520.3900146484375,1521.199951171875,1509.06005859375,1509.06005859375,1509.06005859375,91411400,0.0,0.0
2012-01-17,1509.6099853515625,1520.27001953125,1509.6099853515625,1519.3599853515625,1519.3599853515625,120103400,0.0,0.0
2012-01-18,1517.0899658203125,1519.22998046875,1513.3800048828125,1517.3800048828125,1517.3800048828125,142996000,0.0,0.0
2012-01-19,1515.800048828125,1522.3199462890625,1514.0400390625,1516.81005859375,1516.81005859375,143123200,0.0,0.0
2012-01-20,1518.1400146484375,1522.97998046875,1516.9100341796875,1522.6600341796875,1522.6600341796875,119046800,0.0,0.0
2012-01-25,1523.699951171875,1527.5699462890625,1518.3499755859375,1519.760009765625,1519.760009765625,106799200,0.0,0.0
2012-01-26,1520.6700439453125,1523.8599853515625,1519.8599853515625,1523.8599853515625,1523.8599853515625,107531200,0.0,0.0
2012-01-27,1523.8699951171875,1523.8699951171875,1519.18994140625,1520.9000244140625,1520.9000244140625,117317200,0.0,0.0
2012-01-30,1518.9100341796875,1523.9100341796875,1512.030029296875,1513.550048828125,1513.550048828125,105029600,0.0,0.0
2012-01-31,1517.02001953125,1521.2900390625,1509.489990234375,1521.2900390625,1521.2900390625,191854400,0.0,0.0
2012-02-02,1526.6099853515625,1540.8900146484375,1526.5699462890625,1537.0899658203125,1537.0899658203125,210179200,0.0,0.0
2012-02-03,1537.5899658203125,1541.31005859375,1526.030029296875,1538.77001953125,1538.77001953125,156296800,0.0,0.0
2012-02-08,1542.27001953125,1554.06005859375,1542.27001953125,1553.1800537109375,1553.1800537109375,230225200,0.0,0.0
2012-02-09,1555.1500244140625,1565.3199462890625,1551.18994140625,1565.3199462890625,1565.3199462890625,180089600,0.0,0.0
2012-02-10,1562.719970703125,1564.6600341796875,1559.31005859375,1561.6600341796875,1561.6600341796875,148370000,0.0,0.0
2012-02-13,1560.3499755859375,1562.8900146484375,1558.06005859375,1562.8199462890625,1562.8199462890625,115156400,0.0,0.0
2012-02-14,1565.25,1566.1199951171875,1560.8299560546875,1566.050048828125,1566.050048828125,138943200,0.0,0.0
2012-02-15,1566.6600341796875,1566.6600341796875,1558.550048828125,1561.300048828125,1561.300048828125,149606200,0.0,0.0
2012-02-16,1558.27001953125,1559.0799560546875,1549.3399658203125,1550.489990234375,1550.489990234375,145222800,0.0,0.0
2012-02-17,1553.6800537109375,1559.9200439453125,1553.6800537109375,1557.1500244140625,1557.1500244140625,134132000,0.0,0.0
2012-02-20,1557.9100341796875,1562.5999755859375,1557.31005859375,1560.5699462890625,1560.5699462890625,114114800,0.0,0.0
2012-02-21,1562.97998046875,1564.8599853515625,1558.1300048828125,1563.780029296875,1563.780029296875,134445200,0.0,0.0
2012-02-22,1563.8199462890625,1565.25,1558.93994140625,1560.52001953125,1560.52001953125,138061200,0.0,0.0
2012-02-23,1559.1300048828125,1561.5,1556.6600341796875,1556.6600341796875,1556.6600341796875,174455600,0.0,0.0
2012-02-24,1557.1300048828125,1559.6400146484375,1553.6199951171875,1558.77001953125,1558.77001953125,151916800,0.0,0.0
2012-02-27,1560.6300048828125,1565.8699951171875,1558.2900390625,1559.0400390625,1559.0400390625,122579600,0.0,0.0
2012-02-28,1562.1300048828125,1562.4200439453125,1552.6199951171875,1556.72998046875,1556.72998046875,122671200,0.0,0.0
2012-02-29,1557.5,1573.75,1557.5,1569.6500244140625,1569.6500244140625,329668800,0.0,0.0
2012-03-01,1568.8900146484375,1576.22998046875,1568.8299560546875,1573.449951171875,1573.449951171875,189553400,0.0,0.0
2012-03-02,1574.989990234375,1587.1099853515625,1574.780029296875,1583.780029296875,1583.780029296875,173803200,0.0,0.0
2012-03-05,1586.6500244140625,1594.719970703125,1586.1300048828125,1589.219970703125,1589.219970703125,137681200,0.0,0.0
2012-03-06,1589.0999755859375,1589.949951171875,1580.510009765625,1589.9100341796875,1589.9100341796875,173370000,0.0,0.0
2012-03-07,1585.300048828125,1585.300048828125,1572.4300537109375,1574.8299560546875,1574.8299560546875,173145200,0.0,0.0
2012-03-08,1576.3599853515625,1580.4100341796875,1576.1700439453125,1578.3599853515625,1578.3599853515625,128180400,0.0,0.0
2012-03-09,1579.260009765625,1582.0,1577.22998046875,1579.0,1579.0,103240200,0.0,0.0
2012-03-12,1579.8299560546875,1580.0799560546875,1563.72998046875,1564.75,1564.75,151570600,0.0,0.0
2012-03-13,1564.8399658203125,1569.1500244140625,1562.969970703125,1564.02001953125,1564.02001953125,129608400,0.0,0.0
2012-03-14,1570.06005859375,1575.7099609375,1568.4100341796875,1575.7099609375,1575.7099609375,168270400,0.0,0.0
2012-03-15,1576.030029296875,1579.449951171875,1574.5899658203125,1579.3800048828125,1579.3800048828125,170006600,0.0,0.0
2012-03-16,1580.47998046875,1583.550048828125,1571.050048828125,1571.4000244140625,1571.4000244140625,196145600,0.0,0.0
2012-03-19,1574.300048828125,1578.510009765625,1570.8800048828125,1573.5999755859375,1573.5999755859375,128642800,0.0,0.0
2012-03-20,1575.219970703125,1579.8800048828125,1573.81005859375,1577.6199951171875,1577.6199951171875,141381000,0.0,0.0
2012-03-21,1575.3800048828125,1582.969970703125,1573.1700439453125,1582.530029296875,1582.530029296875,123548000,0.0,0.0
2012-03-22,1580.93994140625,1586.6500244140625,1580.0699462890625,1583.239990234375,1583.239990234375,116544200,0.0,0.0
2012-03-23,1583.949951171875,1587.0799560546875,1582.8800048828125,1585.8299560546875,1585.8299560546875,87569200,0.0,0.0
2012-03-26,1585.719970703125,1588.06005859375,1582.97998046875,1582.97998046875,1582.97998046875,103259200,0.0,0.0
2012-03-27,1585.800048828125,1591.030029296875,1585.800048828125,1588.0999755859375,1588.0999755859375,156122000,0.0,0.0
2012-03-28,1588.1600341796875,1589.5,1582.800048828125,1583.75,1583.75,105048000,0.0,0.0
2012-03-29,1584.1700439453125,1585.4599609375,1581.7900390625,1585.43994140625,1585.43994140625,118612800,0.0,0.0
2012-03-30,1590.2099609375,1596.3299560546875,1588.5400390625,1596.3299560546875,1596.3299560546875,232123200,0.0,0.0
2012-04-02,1594.5699462890625,1603.9599609375,1590.27001953125,1603.780029296875,1603.780029296875,121053200,0.0,0.0
2012-04-03,1607.1300048828125,1609.3299560546875,1604.760009765625,1606.6300048828125,1606.6300048828125,122516400,0.0,0.0
2012-04-04,1607.5400390625,1609.1600341796875,1597.800048828125,1599.27001953125,1599.27001953125,88747200,0.0,0.0
2012-04-05,1595.6600341796875,1596.4599609375,1591.8499755859375,1593.43994140625,1593.43994140625,107821000,0.0,0.0
2012-04-06,1594.239990234375,1600.5999755859375,1594.0699462890625,1598.8699951171875,1598.8699951171875,80618400,0.0,0.0
2012-04-09,1599.030029296875,1599.030029296875,1588.5799560546875,1591.280029296875,1591.280029296875,89005600,0.0,0.0
2012-04-10,1587.77001953125,1598.530029296875,1586.989990234375,1597.1700439453125,1597.1700439453125,163844000,0.0,0.0
2012-04-12,1597.3900146484375,1602.050048828125,1593.5699462890625,1601.27001953125,1601.27001953125,145620400,0.0,0.0
2012-04-13,1602.3399658203125,1604.7099609375,1600.75,1603.1199951171875,1603.1199951171875,119261000,0.0,0.0
2012-04-16,1602.4200439453125,1602.4200439453125,1594.6300048828125,1597.510009765625,1597.510009765625,95090400,0.0,0.0
2012-04-17,1597.75,1600.6700439453125,1593.9200439453125,1596.18994140625,1596.18994140625,116943400,0.0,0.0
2012-04-18,1598.0699462890625,1602.3399658203125,1598.0699462890625,1598.8599853515625,1598.8599853515625,116465600,0.0,0.0
2012-04-19,1599.0899658203125,1602.1199951171875,1595.5400390625,1596.6199951171875,1596.6199951171875,132253200,0.0,0.0
2012-04-20,1596.8399658203125,1596.8399658203125,1591.8499755859375,1591.8499755859375,1591.8499755859375,116218800,0.0,0.0
2012-04-23,1591.8699951171875,1592.449951171875,1580.280029296875,1583.800048828125,1583.800048828125,125310400,0.0,0.0
2012-04-24,1580.5699462890625,1583.2900390625,1579.0400390625,1582.280029296875,1582.280029296875,127608200,0.0,0.0
2012-04-25,1582.43994140625,1585.9300537109375,1578.6800537109375,1579.3499755859375,1579.3499755859375,118145200,0.0,0.0
2012-04-26,1580.3299560546875,1583.0799560546875,1577.7099609375,1579.68994140625,1579.68994140625,110104800,0.0,0.0
2012-04-27,1580.1800537109375,1580.1800537109375,1566.550048828125,1567.800048828125,1567.800048828125,116826800,0.0,0.0
2012-04-30,1570.4599609375,1574.489990234375,1568.5799560546875,1570.6099853515625,1570.6099853515625,139020800,0.0,0.0
2012-05-02,1572.469970703125,1582.3900146484375,1572.469970703125,1582.3900146484375,1582.3900146484375,112302000,0.0,0.0
2012-05-03,1581.780029296875,1584.1500244140625,1579.530029296875,1583.1700439453125,1583.1700439453125,103666000,0.0,0.0
2012-05-04,1585.219970703125,1591.0400390625,1585.06005859375,1591.0400390625,1591.0400390625,151385200,0.0,0.0
2012-05-07,1585.1700439453125,1585.5400390625,1579.739990234375,1584.8699951171875,1584.8699951171875,114560400,0.0,0.0
2012-05-08,1584.469970703125,1590.5999755859375,1583.719970703125,1590.5999755859375,1590.5999755859375,103397200,0.0,0.0
2012-05-09,1591.030029296875,1591.030029296875,1584.9000244140625,1584.9000244140625,1584.9000244140625,123926400,0.0,0.0
2012-05-10,1583.969970703125,1590.199951171875,1583.52001953125,1588.06005859375,1588.06005859375,130848400,0.0,0.0
2012-05-11,1588.3499755859375,1589.530029296875,1572.949951171875,1584.3199462890625,1584.3199462890625,102369200,0.0,0.0
2012-05-14,1582.06005859375,1584.6300048828125,1574.6700439453125,1575.0799560546875,1575.0799560546875,106417200,0.0,0.0
2012-05-15,1570.75,1571.239990234375,1559.010009765625,1561.0699462890625,1561.0699462890625,170749600,0.0,0.0
2012-05-16,1558.25,1558.25,1535.050048828125,1536.0400390625,1536.0400390625,215404400,0.0,0.0
2012-05-17,1536.239990234375,1552.25,1536.239990234375,1544.2099609375,1544.2099609375,154543600,0.0,0.0
2012-05-18,1539.239990234375,1539.239990234375,1526.5999755859375,1532.4599609375,1532.4599609375,131046200,0.0,0.0
2012-05-21,1533.1700439453125,1540.2900390625,1531.949951171875,1538.9100341796875,1538.9100341796875,99932800,0.0,0.0
2012-05-22,1539.739990234375,1546.8399658203125,1539.739990234375,1546.8399658203125,1546.8399658203125,107904800,0.0,0.0
2012-05-23,1547.1199951171875,1548.6500244140625,1535.1099853515625,1539.7099609375,1539.7099609375,119175000,0.0,0.0
2012-05-24,1540.5799560546875,1548.25,1540.489990234375,1548.25,1548.25,118535200,0.0,0.0
2012-05-25,1548.7099609375,1552.47998046875,1547.47998046875,1551.1199951171875,1551.1199951171875,94962000,0.0,0.0
2012-05-28,1545.4200439453125,1556.68994140625,1544.6300048828125,1554.93994140625,1554.93994140625,83517200,0.0,0.0
2012-05-29,1554.0,1566.1300048828125,1552.3399658203125,1565.3199462890625,1565.3199462890625,86082400,0.0,0.0
2012-05-30,1568.2099609375,1578.280029296875,1564.5999755859375,1575.1700439453125,1575.1700439453125,120512000,0.0,0.0
2012-05-31,1571.780029296875,1582.030029296875,1569.989990234375,1580.6700439453125,1580.6700439453125,310723800,0.0,0.0
2012-06-01,1573.699951171875,1576.6700439453125,1571.050048828125,1573.5899658203125,1573.5899658203125,94415600,0.0,0.0
2012-06-04,1566.18994140625,1566.18994140625,1554.6500244140625,1555.1800537109375,1555.1800537109375,111303200,0.0,0.0
2012-06-05,1555.25,1563.3299560546875,1554.510009765625,1560.3599853515625,1560.3599853515625,88866400,0.0,0.0
2012-06-06,1563.6500244140625,1572.300048828125,1563.6199951171875,1569.4300537109375,1569.4300537109375,111143800,0.0,0.0
2012-06-07,1574.8800048828125,1578.760009765625,1572.3199462890625,1575.31005859375,1575.31005859375,139537200,0.0,0.0
2012-06-08,1575.1300048828125,1576.52001953125,1568.8900146484375,1570.6199951171875,1570.6199951171875,88434000,0.0,0.0
2012-06-11,1575.949951171875,1582.2900390625,1575.949951171875,1578.4100341796875,1578.4100341796875,116585600,0.0,0.0
2012-06-12,1576.9100341796875,1576.969970703125,1572.530029296875,1576.0699462890625,1576.0699462890625,103505600,0.0,0.0
2012-06-13,1576.719970703125,1580.550048828125,1576.22998046875,1576.22998046875,1576.22998046875,119033800,0.0,0.0
2012-06-14,1576.5400390625,1577.5999755859375,1570.93994140625,1570.93994140625,1570.93994140625,107620000,0.0,0.0
2012-06-15,1574.7900390625,1580.9000244140625,1574.1500244140625,1579.22998046875,1579.22998046875,195813600,0.0,0.0
2012-06-18,1583.3499755859375,1588.5400390625,1582.25,1582.72998046875,1582.72998046875,141042400,0.0,0.0
2012-06-19,1581.27001953125,1594.97998046875,1581.27001953125,1594.97998046875,1594.97998046875,120884200,0.0,0.0
2012-06-20,1595.93994140625,1604.3900146484375,1594.8800048828125,1604.3900146484375,1604.3900146484375,137147200,0.0,0.0
2012-06-21,1605.93994140625,1607.31005859375,1599.75,1601.4300537109375,1601.4300537109375,138354000,0.0,0.0
2012-06-22,1599.699951171875,1608.6500244140625,1594.43994140625,1603.0699462890625,1603.0699462890625,171713200,0.0,0.0
2012-06-25,1602.7099609375,1611.5,1601.0999755859375,1603.1199951171875,1603.1199951171875,129318600,0.0,0.0
2012-06-26,1602.3800048828125,1603.6700439453125,1593.800048828125,1594.0999755859375,1594.0999755859375,133482400,0.0,0.0
2012-06-27,1594.469970703125,1601.8900146484375,1593.56005859375,1601.8900146484375,1601.8900146484375,152074000,0.0,0.0
2012-06-28,1602.4100341796875,1602.97998046875,1591.8499755859375,1594.239990234375,1594.239990234375,107230600,0.0,0.0
2012-06-29,1594.530029296875,1605.0,1593.8699951171875,1599.1500244140625,1599.1500244140625,148278400,0.0,0.0
2012-07-02,1599.8699951171875,1605.219970703125,1599.6700439453125,1600.8499755859375,1600.8499755859375,95596000,0.0,0.0
2012-07-03,1602.469970703125,1607.739990234375,1602.469970703125,1607.739990234375,1607.739990234375,148990200,0.0,0.0
2012-07-04,1609.43994140625,1614.7900390625,1609.43994140625,1613.75,1613.75,121195200,0.0,0.0
2012-07-05,1612.800048828125,1614.719970703125,1607.31005859375,1614.4300537109375,1614.4300537109375,104112400,0.0,0.0
2012-07-06,1616.030029296875,1620.550048828125,1613.3800048828125,1620.550048828125,1620.550048828125,115766800,0.0,0.0
2012-07-09,1619.3499755859375,1620.5400390625,1616.239990234375,1620.31005859375,1620.31005859375,92179600,0.0,0.0
2012-07-10,1621.010009765625,1625.0400390625,1620.949951171875,1624.2900390625,1624.2900390625,97596600,0.0,0.0
2012-07-11,1621.06005859375,1632.1500244140625,1621.06005859375,1629.449951171875,1629.449951171875,171400000,0.0,0.0
2012-07-12,1628.8199462890625,1632.93994140625,1624.56005859375,1625.489990234375,1625.489990234375,129177200,0.0,0.0
2012-07-13,1622.800048828125,1628.0899658203125,1621.3699951171875,1626.3800048828125,1626.3800048828125,121179200,0.0,0.0
2012-07-16,1628.3699951171875,1635.9599609375,1628.3699951171875,1635.9599609375,1635.9599609375,113342400,0.0,0.0
2012-07-17,1635.760009765625,1646.969970703125,1632.5,1639.1500244140625,1639.1500244140625,164091600,0.0,0.0
2012-07-18,1640.47998046875,1645.3900146484375,1640.3900146484375,1645.0,1645.0,98644600,0.0,0.0
2012-07-19,1645.4599609375,1647.93994140625,1644.22998046875,1644.5999755859375,1644.5999755859375,110758000,0.0,0.0
2012-07-20,1644.199951171875,1647.4100341796875,1641.5799560546875,1643.0,1643.0,123833600,0.0,0.0
2012-07-23,1642.8399658203125,1643.3299560546875,1635.1199951171875,1636.1700439453125,1636.1700439453125,101800000,0.0,0.0
2012-07-24,1638.050048828125,1639.7099609375,1629.1800537109375,1632.5699462890625,1632.5699462890625,129294600,0.0,0.0
2012-07-25,1631.010009765625,1635.0899658203125,1624.8800048828125,1635.0899658203125,1635.0899658203125,101295200,0.0,0.0
2012-07-26,1637.449951171875,1638.6500244140625,1621.31005859375,1623.9100341796875,1623.9100341796875,137725400,0.0,0.0
2012-07-27,1624.969970703125,1630.5699462890625,1620.760009765625,1624.93994140625,1624.93994140625,142912200,0.0,0.0
2012-07-30,1626.8599853515625,1632.3499755859375,1623.260009765625,1632.3499755859375,1632.3499755859375,92007000,0.0,0.0
2012-07-31,1633.2099609375,1635.5899658203125,1628.9599609375,1631.5999755859375,1631.5999755859375,151423600,0.0,0.0
2012-08-01,1628.0699462890625,1635.3299560546875,1626.6800537109375,1632.469970703125,1632.469970703125,158517800,0.0,0.0
2012-08-02,1633.300048828125,1635.4300537109375,1630.4300537109375,1633.449951171875,1633.449951171875,151149600,0.0,0.0
2012-08-03,1629.6700439453125,1635.77001953125,1627.199951171875,1635.0400390625,1635.0400390625,157481200,0.0,0.0
2012-08-06,1634.5,1641.030029296875,1634.5,1639.4300537109375,1639.4300537109375,161651600,0.0,0.0
2012-08-07,1640.56005859375,1641.6600341796875,1631.1199951171875,1631.1199951171875,1631.1199951171875,279393800,0.0,0.0
2012-08-08,1633.489990234375,1637.800048828125,1632.8699951171875,1635.9200439453125,1635.9200439453125,163483200,0.0,0.0
2012-08-09,1635.6700439453125,1642.52001953125,1635.5899658203125,1642.52001953125,1642.52001953125,123888600,0.0,0.0
2012-08-10,1641.0,1645.3599853515625,1639.2099609375,1645.3599853515625,1645.3599853515625,119993200,0.0,0.0
2012-08-13,1647.300048828125,1650.4200439453125,1646.18994140625,1646.3199462890625,1646.3199462890625,97360000,0.0,0.0
2012-08-14,1646.550048828125,1652.9000244140625,1644.6800537109375,1652.9000244140625,1652.9000244140625,101762800,0.0,0.0
2012-08-15,1651.3399658203125,1653.780029296875,1646.760009765625,1653.780029296875,1653.780029296875,97586800,0.0,0.0
2012-08-16,1652.43994140625,1654.3399658203125,1648.030029296875,1650.0899658203125,1650.0899658203125,107735600,0.0,0.0
2012-08-17,1651.6700439453125,1654.530029296875,1648.050048828125,1649.7900390625,1649.7900390625,145613800,0.0,0.0
2012-08-22,1652.219970703125,1655.3900146484375,1649.5899658203125,1652.25,1652.25,141840800,0.0,0.0
2012-08-23,1653.1700439453125,1655.239990234375,1650.530029296875,1651.6099853515625,1651.6099853515625,93529600,0.0,0.0
2012-08-24,1652.0,1654.6600341796875,1647.9000244140625,1648.219970703125,1648.219970703125,89555400,0.0,0.0
2012-08-27,1648.9200439453125,1650.1400146484375,1647.300048828125,1648.1300048828125,1648.1300048828125,77450000,0.0,0.0
2012-08-28,1648.239990234375,1649.0,1645.5799560546875,1647.1099853515625,1647.1099853515625,77849600,0.0,0.0
2012-08-29,1647.5799560546875,1650.52001953125,1645.5799560546875,1645.5799560546875,1645.5799560546875,102265400,0.0,0.0
2012-08-30,1644.719970703125,1650.8499755859375,1643.47998046875,1646.1099853515625,1646.1099853515625,171878000,0.0,0.0
2012-09-03,1649.47998046875,1655.489990234375,1649.27001953125,1653.9000244140625,1653.9000244140625,159187200,0.0,0.0
2012-09-04,1653.8399658203125,1655.3499755859375,1652.280029296875,1654.1099853515625,1654.1099853515625,125573600,0.0,0.0
2012-09-05,1653.9000244140625,1653.9000244140625,1641.010009765625,1641.010009765625,1641.010009765625,155651600,0.0,0.0
2012-09-06,1633.5899658203125,1635.949951171875,1613.1600341796875,1617.989990234375,1617.989990234375,189605800,0.0,0.0
2012-09-07,1618.969970703125,1624.81005859375,1613.9599609375,1624.550048828125,1624.550048828125,165992800,0.0,0.0
2012-09-10,1624.989990234375,1629.18994140625,1619.0899658203125,1621.0400390625,1621.0400390625,134242600,0.0,0.0
2012-09-11,1618.3800048828125,1618.6099853515625,1601.31005859375,1614.239990234375,1614.239990234375,175248600,0.0,0.0
2012-09-12,1612.0400390625,1616.469970703125,1609.010009765625,1613.780029296875,1613.780029296875,194885600,0.0,0.0
2012-09-13,1613.0699462890625,1628.5699462890625,1612.6199951171875,1628.4000244140625,1628.4000244140625,230334400,0.0,0.0
2012-09-14,1634.8800048828125,1642.949951171875,1633.489990234375,1642.949951171875,1642.949951171875,252363200,0.0,0.0
2012-09-18,1646.8900146484375,1651.6600341796875,1640.3299560546875,1640.3299560546875,1640.3299560546875,219796800,0.0,0.0
2012-09-19,1641.489990234375,1647.3199462890625,1640.81005859375,1646.1099853515625,1646.1099853515625,183136000,0.0,0.0
2012-09-20,1639.6800537109375,1640.2900390625,1620.6800537109375,1625.5899658203125,1625.5899658203125,143120400,0.0,0.0
2012-09-21,1625.4300537109375,1633.6500244140625,1619.0799560546875,1623.699951171875,1623.699951171875,157390400,0.0,0.0
2012-09-24,1614.3499755859375,1615.97998046875,1595.8499755859375,1612.3800048828125,1612.3800048828125,138811200,0.0,0.0
2012-09-25,1611.8199462890625,1620.97998046875,1603.0899658203125,1618.5799560546875,1618.5799560546875,143752200,0.0,0.0
2012-09-26,1614.3699951171875,1620.8299560546875,1612.780029296875,1619.300048828125,1619.300048828125,138818800,0.0,0.0
2012-09-27,1621.0999755859375,1631.6700439453125,1620.530029296875,1627.8399658203125,1627.8399658203125,154356000,0.0,0.0
2012-09-28,1629.8299560546875,1639.7900390625,1628.8599853515625,1636.6600341796875,1636.6600341796875,186266600,0.0,0.0
2012-10-01,1635.3800048828125,1644.8599853515625,1633.3900146484375,1643.31005859375,1643.31005859375,99866200,0.0,0.0
2012-10-02,1645.6700439453125,1651.0799560546875,1645.6700439453125,1651.030029296875,1651.030029296875,121839200,0.0,0.0
2012-10-03,1653.6199951171875,1653.800048828125,1640.43994140625,1649.75,1649.75,160155600,0.0,0.0
2012-10-04,1649.6600341796875,1662.1400146484375,1649.6600341796875,1661.469970703125,1661.469970703125,154244400,0.0,0.0
2012-10-05,1665.1700439453125,1668.3199462890625,1659.5,1660.22998046875,1660.22998046875,126312000,0.0,0.0
2012-10-08,1660.4200439453125,1661.8299560546875,1653.6300048828125,1660.219970703125,1660.219970703125,118762800,0.0,0.0
2012-10-09,1658.5999755859375,1664.97998046875,1658.0400390625,1663.3199462890625,1663.3199462890625,139281600,0.0,0.0
2012-10-10,1660.77001953125,1661.5899658203125,1657.18994140625,1659.4000244140625,1659.4000244140625,135655600,0.0,0.0
2012-10-11,1657.199951171875,1658.0400390625,1654.010009765625,1655.469970703125,1655.469970703125,96375400,0.0,0.0
2012-10-12,1654.3699951171875,1657.719970703125,1650.77001953125,1653.3599853515625,1653.3599853515625,110012800,0.0,0.0
2012-10-15,1651.780029296875,1654.43994140625,1649.1500244140625,1654.43994140625,1654.43994140625,80400800,0.0,0.0
2012-10-16,1656.1099853515625,1658.5,1652.0799560546875,1653.52001953125,1653.52001953125,120089200,0.0,0.0
2012-10-17,1655.4200439453125,1660.6700439453125,1653.550048828125,1660.6700439453125,1660.6700439453125,197970400,0.0,0.0
2012-10-18,1660.3299560546875,1665.9000244140625,1660.1500244140625,1665.4200439453125,1665.4200439453125,144148800,0.0,0.0
2012-10-19,1665.22998046875,1670.1600341796875,1665.1199951171875,1666.3499755859375,1666.3499755859375,130062800,0.0,0.0
2012-10-22,1666.4300537109375,1667.22998046875,1660.0400390625,1661.949951171875,1661.949951171875,101530000,0.0,0.0
2012-10-23,1660.800048828125,1666.260009765625,1658.030029296875,1664.9000244140625,1664.9000244140625,113400400,0.0,0.0
2012-10-24,1663.469970703125,1670.0899658203125,1661.030029296875,1667.989990234375,1667.989990234375,137123600,0.0,0.0
2012-10-25,1668.52001953125,1671.8900146484375,1667.77001953125,1671.8900146484375,1671.8900146484375,94569400,0.0,0.0
2012-10-29,1678.300048828125,1679.3699951171875,1669.81005859375,1672.56005859375,1672.56005859375,112474600,0.0,0.0
2012-10-30,1670.8199462890625,1677.5,1670.449951171875,1674.6700439453125,1674.6700439453125,94646000,0.0,0.0
2012-10-31,1676.18994140625,1676.8599853515625,1670.1099853515625,1673.0699462890625,1673.0699462890625,130429200,0.0,0.0
2012-11-01,1675.8499755859375,1678.5699462890625,1670.8399658203125,1675.68994140625,1675.68994140625,104046400,0.0,0.0
2012-11-02,1673.8199462890625,1676.47998046875,1656.1300048828125,1656.1300048828125,1656.1300048828125,153782000,0.0,0.0
2012-11-05,1658.5799560546875,1658.5799560546875,1650.239990234375,1654.0400390625,1654.0400390625,126579200,0.0,0.0
2012-11-06,1653.800048828125,1654.3900146484375,1638.1800537109375,1645.6300048828125,1645.6300048828125,146005600,0.0,0.0
2012-11-07,1649.3599853515625,1649.93994140625,1643.2900390625,1645.530029296875,1645.530029296875,172771600,0.0,0.0
2012-11-08,1641.81005859375,1644.0999755859375,1632.0400390625,1641.0699462890625,1641.0699462890625,155752400,0.0,0.0
2012-11-09,1641.97998046875,1643.219970703125,1632.3599853515625,1641.0799560546875,1641.0799560546875,129142800,0.0,0.0
2012-11-12,1640.2900390625,1640.780029296875,1636.6500244140625,1637.5899658203125,1637.5899658203125,106074400,0.0,0.0
2012-11-14,1637.4100341796875,1638.8399658203125,1629.239990234375,1631.6800537109375,1631.6800537109375,202213800,0.0,0.0
2012-11-16,1634.449951171875,1634.97998046875,1624.550048828125,1629.280029296875,1629.280029296875,206391400,0.0,0.0
2012-11-19,1624.1800537109375,1626.9599609375,1620.510009765625,1623.31005859375,1623.31005859375,125304000,0.0,0.0
2012-11-20,1626.43994140625,1628.300048828125,1622.6199951171875,1624.199951171875,1624.199951171875,181900400,0.0,0.0
2012-11-21,1624.1099853515625,1624.4200439453125,1619.3900146484375,1622.969970703125,1622.969970703125,163739200,0.0,0.0
2012-11-22,1621.219970703125,1622.4000244140625,1618.550048828125,1618.550048828125,1618.550048828125,165855600,0.0,0.0
2012-11-23,1618.68994140625,1618.72998046875,1611.0899658203125,1614.3199462890625,1614.3199462890625,153904000,0.0,0.0
2012-11-26,1615.5799560546875,1616.0400390625,1607.6600341796875,1607.8800048828125,1607.8800048828125,121080000,0.0,0.0
2012-11-27,1606.6400146484375,1606.8800048828125,1596.5799560546875,1598.1700439453125,1598.1700439453125,162491400,0.0,0.0
2012-11-28,1592.8299560546875,1607.219970703125,1590.6700439453125,1606.52001953125,1606.52001953125,196322400,0.0,0.0
2012-11-29,1608.52001953125,1612.72998046875,1607.0899658203125,1607.3199462890625,1607.3199462890625,150485200,0.0,0.0
2012-11-30,1610.530029296875,1613.56005859375,1606.9599609375,1610.8299560546875,1610.8299560546875,237455400,0.0,0.0
2012-12-03,1608.31005859375,1610.4599609375,1606.3800048828125,1607.3499755859375,1607.3499755859375,125214800,0.0,0.0
2012-12-04,1608.010009765625,1608.4599609375,1601.7099609375,1607.6099853515625,1607.6099853515625,116156000,0.0,0.0
2012-12-05,1609.5400390625,1614.510009765625,1609.3499755859375,1613.7900390625,1613.7900390625,117894000,0.0,0.0
2012-12-06,1614.7099609375,1620.050048828125,1614.7099609375,1616.22998046875,1616.22998046875,118750800,0.0,0.0
2012-12-07,1615.469970703125,1617.77001953125,1614.68994140625,1617.77001953125,1617.77001953125,114295600,0.0,0.0
2012-12-10,1618.25,1632.1500244140625,1617.969970703125,1632.1500244140625,1632.1500244140625,142703400,0.0,0.0
2012-12-11,1633.8199462890625,1642.22998046875,1633.8199462890625,1641.5699462890625,1641.5699462890625,161107400,0.0,0.0
2012-12-12,1644.1500244140625,1650.8499755859375,1643.510009765625,1649.75,1649.75,180593600,0.0,0.0
2012-12-13,1652.22998046875,1656.6199951171875,1649.43994140625,1652.75,1652.75,151534000,0.0,0.0
2012-12-14,1652.469970703125,1652.8699951171875,1644.530029296875,1651.97998046875,1651.97998046875,125274400,0.0,0.0
2012-12-17,1648.6199951171875,1648.6199951171875,1643.780029296875,1648.5799560546875,1648.5799560546875,111822000,0.0,0.0
2012-12-18,1650.489990234375,1659.43994140625,1650.489990234375,1659.43994140625,1659.43994140625,156946000,0.0,0.0
2012-12-19,1666.4200439453125,1667.699951171875,1660.989990234375,1665.6400146484375,1665.6400146484375,150759000,0.0,0.0
2012-12-20,1663.27001953125,1670.5999755859375,1661.2099609375,1670.5999755859375,1670.5999755859375,118307600,0.0,0.0
2012-12-21,1667.0899658203125,1668.4200439453125,1658.8499755859375,1658.8499755859375,1658.8499755859375,121210000,0.0,0.0
2012-12-24,1662.8199462890625,1674.489990234375,1659.8599853515625,1669.4000244140625,1669.4000244140625,80711200,0.0,0.0
2012-12-26,1669.5,1673.18994140625,1665.8299560546875,1671.5799560546875,1671.5799560546875,58336600,0.0,0.0
2012-12-27,1673.3199462890625,1679.22998046875,1671.8199462890625,1674.1600341796875,1674.1600341796875,115847800,0.0,0.0
2012-12-28,1686.699951171875,1686.699951171875,1678.5799560546875,1681.3299560546875,1681.3299560546875,106993600,0.0,0.0
2012-12-31,1678.4000244140625,1688.949951171875,1673.68994140625,1688.949951171875,1688.949951171875,130498000,0.0,0.0
2013-01-02,1685.1500244140625,1685.1500244140625,1674.3199462890625,1674.719970703125,1674.719970703125,104109600,0.0,0.0
2013-01-03,1681.4200439453125,1692.6500244140625,1681.4200439453125,1692.6500244140625,1692.6500244140625,174596200,0.0,0.0
2013-01-04,1697.0999755859375,1699.6800537109375,1687.3199462890625,1692.5799560546875,1692.5799560546875,148470800,0.0,0.0
2013-01-07,1692.969970703125,1697.3699951171875,1691.3399658203125,1694.1600341796875,1694.1600341796875,148183800,0.0,0.0
2013-01-08,1691.3599853515625,1691.699951171875,1682.22998046875,1688.9100341796875,1688.9100341796875,165028200,0.0,0.0
2013-01-09,1691.760009765625,1694.2099609375,1688.9599609375,1689.9300537109375,1689.9300537109375,145973400,0.0,0.0
2013-01-10,1691.93994140625,1693.719970703125,1684.5699462890625,1684.5699462890625,1684.5699462890625,114717400,0.0,0.0
2013-01-11,1692.7099609375,1692.7099609375,1682.6400146484375,1682.699951171875,1682.699951171875,111254600,0.0,0.0
2013-01-14,1686.4100341796875,1686.68994140625,1682.9599609375,1684.6300048828125,1684.6300048828125,120127800,0.0,0.0
2013-01-15,1687.8900146484375,1690.18994140625,1683.4200439453125,1685.8900146484375,1685.8900146484375,147355400,0.0,0.0
2013-01-16,1686.52001953125,1687.0,1677.97998046875,1682.949951171875,1682.949951171875,132743400,0.0,0.0
2013-01-17,1686.2099609375,1686.219970703125,1679.02001953125,1681.0899658203125,1681.0899658203125,170366800,0.0,0.0
2013-01-18,1682.7900390625,1683.9599609375,1674.68994140625,1676.43994140625,1676.43994140625,142547600,0.0,0.0
2013-01-21,1676.3599853515625,1676.3599853515625,1630.989990234375,1635.6300048828125,1635.6300048828125,247131200,0.0,0.0
2013-01-22,1627.0,1628.6600341796875,1602.1199951171875,1628.6600341796875,1628.6600341796875,218025200,0.0,0.0
2013-01-23,1626.760009765625,1637.4200439453125,1622.5400390625,1635.25,1635.25,162450400,0.0,0.0
2013-01-25,1643.18994140625,1643.8399658203125,1634.0999755859375,1637.1300048828125,1637.1300048828125,166116800,0.0,0.0
2013-01-29,1645.02001953125,1646.1400146484375,1635.3800048828125,1637.3399658203125,1637.3399658203125,171974200,0.0,0.0
2013-01-30,1639.18994140625,1640.9599609375,1613.1700439453125,1627.72998046875,1627.72998046875,175208200,0.0,0.0
2013-01-31,1628.1300048828125,1631.8599853515625,1622.52001953125,1627.550048828125,1627.550048828125,201263000,0.0,0.0
2013-02-04,1634.5400390625,1639.5799560546875,1630.68994140625,1634.550048828125,1634.550048828125,162669800,0.0,0.0
2013-02-05,1634.6500244140625,1637.510009765625,1630.72998046875,1633.3499755859375,1633.3499755859375,115757400,0.0,0.0
2013-02-06,1634.02001953125,1634.699951171875,1610.050048828125,1614.1400146484375,1614.1400146484375,205389200,0.0,0.0
2013-02-07,1600.0899658203125,1621.06005859375,1597.0,1619.5699462890625,1619.5699462890625,193279200,0.0,0.0
2013-02-08,1623.5400390625,1626.989990234375,1613.0799560546875,1623.800048828125,1623.800048828125,139284400,0.0,0.0
2013-02-13,1627.4599609375,1633.7099609375,1627.4599609375,1631.1600341796875,1631.1600341796875,119958000,0.0,0.0
2013-02-14,1635.27001953125,1635.550048828125,1630.3699951171875,1630.8900146484375,1630.8900146484375,141237200,0.0,0.0
2013-02-15,1632.449951171875,1632.56005859375,1624.0,1627.9300537109375,1627.9300537109375,115597600,0.0,0.0
2013-02-18,1629.3499755859375,1629.9100341796875,1620.9300537109375,1620.9300537109375,1620.9300537109375,87249200,0.0,0.0
2013-02-19,1622.1700439453125,1623.719970703125,1612.6600341796875,1615.0699462890625,1615.0699462890625,111521200,0.0,0.0
2013-02-20,1617.530029296875,1617.6400146484375,1606.72998046875,1613.3299560546875,1613.3299560546875,151813800,0.0,0.0
2013-02-21,1609.2900390625,1614.050048828125,1599.93994140625,1614.050048828125,1614.050048828125,168710400,0.0,0.0
2013-02-22,1617.2900390625,1622.0799560546875,1611.699951171875,1622.0799560546875,1622.0799560546875,157445600,0.0,0.0
2013-02-25,1621.1199951171875,1627.3499755859375,1619.969970703125,1627.3499755859375,1627.3499755859375,134575200,0.0,0.0
2013-02-26,1624.969970703125,1627.3299560546875,1622.469970703125,1624.1800537109375,1624.1800537109375,131906000,0.0,0.0
2013-02-27,1625.3299560546875,1627.0699462890625,1623.9200439453125,1624.1400146484375,1624.1400146484375,136268800,0.0,0.0
2013-02-28,1625.3699951171875,1637.6300048828125,1624.7900390625,1637.6300048828125,1637.6300048828125,200909200,0.0,0.0
2013-03-01,1636.469970703125,1640.5999755859375,1636.469970703125,1637.43994140625,1637.43994140625,151773000,0.0,0.0
2013-03-04,1638.27001953125,1639.510009765625,1622.81005859375,1635.97998046875,1635.97998046875,175751000,0.0,0.0
2013-03-05,1637.81005859375,1643.4200439453125,1637.81005859375,1642.0799560546875,1642.0799560546875,179174200,0.0,0.0
2013-03-06,1641.2900390625,1652.8399658203125,1641.2900390625,1651.8399658203125,1651.8399658203125,162757600,0.0,0.0
2013-03-07,1656.6500244140625,1656.6500244140625,1649.1700439453125,1650.9300537109375,1650.9300537109375,124966000,0.0,0.0
2013-03-08,1650.68994140625,1653.9599609375,1649.9100341796875,1653.9599609375,1653.9599609375,148023600,0.0,0.0
2013-03-11,1652.3199462890625,1658.6800537109375,1649.989990234375,1657.9599609375,1657.9599609375,156338800,0.0,0.0
2013-03-12,1661.699951171875,1664.3900146484375,1652.6700439453125,1656.5400390625,1656.5400390625,149708000,0.0,0.0
2013-03-13,1653.469970703125,1653.8800048828125,1641.739990234375,1646.219970703125,1646.219970703125,153960800,0.0,0.0
2013-03-14,1645.8299560546875,1645.8299560546875,1635.8699951171875,1640.739990234375,1640.739990234375,153021800,0.0,0.0
2013-03-15,1641.3499755859375,1642.1500244140625,1627.6400146484375,1627.6400146484375,1627.6400146484375,280042600,0.0,0.0
2013-03-18,1625.6400146484375,1627.050048828125,1613.93994140625,1621.3599853515625,1621.3599853515625,148885200,0.0,0.0
2013-03-19,1621.4300537109375,1628.260009765625,1619.7099609375,1625.4599609375,1625.4599609375,149592000,0.0,0.0
2013-03-20,1622.949951171875,1632.3199462890625,1619.300048828125,1631.5400390625,1631.5400390625,187059400,0.0,0.0
2013-03-21,1632.5899658203125,1634.5400390625,1626.280029296875,1630.75,1630.75,181888400,0.0,0.0
2013-03-22,1630.010009765625,1633.3299560546875,1624.3499755859375,1626.8900146484375,1626.8900146484375,181417600,0.0,0.0
2013-03-25,1630.6600341796875,1644.5899658203125,1628.5400390625,1643.8900146484375,1643.8900146484375,165016800,0.0,0.0
2013-03-26,1651.8399658203125,1660.800048828125,1648.5400390625,1652.8299560546875,1652.8299560546875,213597200,0.0,0.0
2013-03-27,1655.3800048828125,1669.8499755859375,1655.3800048828125,1667.5699462890625,1667.5699462890625,230667600,0.0,0.0
2013-03-28,1669.510009765625,1675.8699951171875,1667.9100341796875,1674.0400390625,1674.0400390625,209024800,0.0,0.0
2013-03-29,1680.0,1681.030029296875,1666.4599609375,1671.6300048828125,1671.6300048828125,113215800,0.0,0.0
2013-04-01,1671.8800048828125,1671.8800048828125,1659.199951171875,1667.6099853515625,1667.6099853515625,118261000,0.0,0.0
2013-04-02,1668.8299560546875,1685.0,1668.699951171875,1685.0,1685.0,184673600,0.0,0.0
2013-04-03,1688.3299560546875,1692.8499755859375,1632.280029296875,1685.4000244140625,1685.4000244140625,279277600,0.0,0.0
2013-04-04,1680.969970703125,1700.550048828125,1678.1800537109375,1688.4599609375,1688.4599609375,158112000,0.0,0.0
2013-04-05,1686.31005859375,1688.9599609375,1680.1700439453125,1688.6500244140625,1688.6500244140625,167161200,0.0,0.0
2013-04-08,1691.6700439453125,1692.06005859375,1683.5899658203125,1687.989990234375,1687.989990234375,144220000,0.0,0.0
2013-04-09,1688.68994140625,1690.449951171875,1685.6099853515625,1690.27001953125,1690.27001953125,130226800,0.0,0.0
2013-04-10,1688.3800048828125,1697.510009765625,1687.9100341796875,1696.199951171875,1696.199951171875,138877600,0.0,0.0
2013-04-11,1697.969970703125,1710.3499755859375,1697.969970703125,1707.0400390625,1707.0400390625,185472400,0.0,0.0
2013-04-12,1708.52001953125,1716.469970703125,1696.6700439453125,1698.530029296875,1698.530029296875,153357600,0.0,0.0
2013-04-15,1698.1600341796875,1702.8800048828125,1696.949951171875,1697.77001953125,1697.77001953125,117090800,0.0,0.0
2013-04-16,1695.780029296875,1701.260009765625,1688.699951171875,1700.530029296875,1700.530029296875,130826400,0.0,0.0
2013-04-17,1702.780029296875,1712.1400146484375,1701.8499755859375,1710.969970703125,1710.969970703125,191076400,0.0,0.0
2013-04-18,1710.1199951171875,1711.3800048828125,1704.2900390625,1706.260009765625,1706.260009765625,134414400,0.0,0.0
2013-04-19,1706.8199462890625,1710.4300537109375,1702.5999755859375,1706.280029296875,1706.280029296875,127681200,0.0,0.0
2013-04-22,1703.260009765625,1709.489990234375,1702.469970703125,1706.6800537109375,1706.6800537109375,111060400,0.0,0.0
2013-04-23,1706.3800048828125,1707.8499755859375,1699.739990234375,1700.3900146484375,1700.3900146484375,133607600,0.0,0.0
2013-04-24,1700.9599609375,1707.3499755859375,1700.9599609375,1707.3499755859375,1707.3499755859375,133237800,0.0,0.0
2013-04-25,1702.6700439453125,1709.6400146484375,1700.25,1706.3399658203125,1706.3399658203125,166122400,0.0,0.0
2013-04-26,1706.969970703125,1718.0799560546875,1703.3399658203125,1711.2900390625,1711.2900390625,210092800,0.0,0.0
2013-04-29,1709.699951171875,1711.8499755859375,1706.2900390625,1707.969970703125,1707.969970703125,105224800,0.0,0.0
2013-04-30,1710.5799560546875,1718.43994140625,1702.8299560546875,1717.6500244140625,1717.6500244140625,211071000,0.0,0.0
2013-05-02,1715.010009765625,1715.22998046875,1704.969970703125,1713.4599609375,1713.4599609375,182606000,0.0,0.0
2013-05-03,1711.5400390625,1712.030029296875,1685.280029296875,1694.77001953125,1694.77001953125,236258400,0.0,0.0
2013-05-06,1771.6199951171875,1826.219970703125,1743.1400146484375,1752.02001953125,1752.02001953125,460879200,0.0,0.0
2013-05-07,1760.22998046875,1776.72998046875,1756.949951171875,1776.72998046875,1776.72998046875,311994800,0.0,0.0
2013-05-08,1781.9000244140625,1783.5699462890625,1769.1700439453125,1774.0,1774.0,238911200,0.0,0.0
2013-05-09,1773.7900390625,1776.25,1764.7099609375,1766.0699462890625,1766.0699462890625,178063200,0.0,0.0
2013-05-10,1752.260009765625,1772.8900146484375,1752.260009765625,1772.3800048828125,1772.3800048828125,208414000,0.0,0.0
2013-05-13,1782.8900146484375,1789.6199951171875,1775.3399658203125,1787.9000244140625,1787.9000244140625,161328400,0.0,0.0
2013-05-14,1786.1500244140625,1793.1500244140625,1784.3399658203125,1788.4300537109375,1788.4300537109375,164086400,0.0,0.0
2013-05-15,1792.6300048828125,1793.8699951171875,1781.02001953125,1783.030029296875,1783.030029296875,169875600,0.0,0.0
2013-05-16,1780.489990234375,1781.3900146484375,1765.449951171875,1766.719970703125,1766.719970703125,155140800,0.0,0.0
2013-05-17,1768.550048828125,1773.530029296875,1765.8399658203125,1769.1600341796875,1769.1600341796875,112256200,0.0,0.0
2013-05-20,1772.989990234375,1781.050048828125,1770.949951171875,1777.1500244140625,1777.1500244140625,144817800,0.0,0.0
2013-05-21,1777.31005859375,1787.969970703125,1776.8199462890625,1787.3800048828125,1787.3800048828125,144588000,0.0,0.0
2013-05-22,1788.6099853515625,1795.5899658203125,1781.1400146484375,1783.8800048828125,1783.8800048828125,165246800,0.0,0.0
2013-05-23,1777.56005859375,1786.030029296875,1765.6199951171875,1773.06005859375,1773.06005859375,198053200,0.0,0.0
2013-05-27,1770.1199951171875,1771.699951171875,1764.969970703125,1767.1300048828125,1767.1300048828125,144209200,0.0,0.0
2013-05-28,1766.449951171875,1779.6400146484375,1765.93994140625,1776.1600341796875,1776.1600341796875,135504800,0.0,0.0
2013-05-29,1777.739990234375,1786.5699462890625,1777.6300048828125,1783.469970703125,1783.469970703125,151129200,0.0,0.0
2013-05-30,1781.1700439453125,1781.1700439453125,1772.68994140625,1774.9200439453125,1774.9200439453125,146845200,0.0,0.0
2013-05-31,1776.699951171875,1780.97998046875,1769.219970703125,1769.219970703125,1769.219970703125,321700800,0.0,0.0
2013-06-03,1771.550048828125,1773.0699462890625,1766.3299560546875,1766.3299560546875,1766.3299560546875,155255600,0.0,0.0
2013-06-04,1768.780029296875,1776.739990234375,1767.199951171875,1776.739990234375,1776.739990234375,117899400,0.0,0.0
2013-06-05,1776.18994140625,1778.6400146484375,1772.3800048828125,1774.4200439453125,1774.4200439453125,109518400,0.0,0.0
2013-06-06,1775.3499755859375,1777.739990234375,1767.22998046875,1769.5999755859375,1769.5999755859375,167003200,0.0,0.0
2013-06-07,1769.8599853515625,1778.6800537109375,1768.2900390625,1775.5899658203125,1775.5899658203125,145169800,0.0,0.0
2013-06-10,1780.1700439453125,1792.6700439453125,1780.1700439453125,1787.800048828125,1787.800048828125,165618400,0.0,0.0
2013-06-11,1787.81005859375,1792.18994140625,1779.5699462890625,1779.5699462890625,1779.5699462890625,177693200,0.0,0.0
2013-06-12,1775.800048828125,1777.4000244140625,1767.300048828125,1775.1199951171875,1775.1199951171875,165395600,0.0,0.0
2013-06-13,1773.6800537109375,1774.52001953125,1742.8699951171875,1742.8699951171875,1742.8699951171875,190159400,0.0,0.0
2013-06-14,1749.4100341796875,1762.43994140625,1749.1400146484375,1762.18994140625,1762.18994140625,159414800,0.0,0.0
2013-06-17,1760.4000244140625,1773.6500244140625,1758.800048828125,1772.1700439453125,1772.1700439453125,116450800,0.0,0.0
2013-06-18,1769.5799560546875,1774.780029296875,1765.3800048828125,1774.050048828125,1774.050048828125,120170400,0.0,0.0
2013-06-19,1777.260009765625,1782.4100341796875,1772.0699462890625,1772.8800048828125,1772.8800048828125,126972000,0.0,0.0
2013-06-20,1764.1700439453125,1766.72998046875,1758.8599853515625,1762.3399658203125,1762.3399658203125,147695200,0.0,0.0
2013-06-21,1746.739990234375,1762.489990234375,1737.6600341796875,1755.8499755859375,1755.8499755859375,313697800,0.0,0.0
2013-06-24,1755.760009765625,1756.02001953125,1737.989990234375,1738.18994140625,1738.18994140625,167779600,0.0,0.0
2013-06-25,1727.72998046875,1743.1600341796875,1723.739990234375,1728.6400146484375,1728.6400146484375,241723600,0.0,0.0
2013-06-26,1729.6800537109375,1744.6400146484375,1724.8199462890625,1740.760009765625,1740.760009765625,215527600,0.0,0.0
2013-06-27,1742.9000244140625,1753.760009765625,1742.699951171875,1751.5699462890625,1751.5699462890625,197522800,0.0,0.0
2013-06-28,1754.4599609375,1773.5400390625,1754.4599609375,1773.5400390625,1773.5400390625,238644200,0.0,0.0
2013-07-01,1771.97998046875,1775.760009765625,1767.5,1775.1400146484375,1775.1400146484375,131091200,0.0,0.0
2013-07-02,1776.3900146484375,1777.06005859375,1770.260009765625,1771.8900146484375,1771.8900146484375,152958000,0.0,0.0
2013-07-03,1772.4200439453125,1776.0699462890625,1769.2099609375,1769.2099609375,1769.2099609375,170298400,0.0,0.0
2013-07-04,1768.8199462890625,1774.6600341796875,1768.8199462890625,1771.3399658203125,1771.3399658203125,119228400,0.0,0.0
2013-07-05,1774.4100341796875,1778.9599609375,1772.1600341796875,1772.27001953125,1772.27001953125,120151000,0.0,0.0
2013-07-08,1772.8699951171875,1774.6700439453125,1762.8699951171875,1762.8699951171875,1762.8699951171875,102448800,0.0,0.0
2013-07-09,1767.02001953125,1769.06005859375,1766.22998046875,1766.489990234375,1766.489990234375,122597800,0.0,0.0
2013-07-10,1766.6700439453125,1771.239990234375,1766.6700439453125,1768.7099609375,1768.7099609375,112803400,0.0,0.0
2013-07-11,1776.550048828125,1781.8599853515625,1776.550048828125,1781.1500244140625,1781.1500244140625,153525200,0.0,0.0
2013-07-12,1785.0,1786.97998046875,1781.739990234375,1785.6500244140625,1785.6500244140625,133078800,0.0,0.0
2013-07-15,1781.9200439453125,1786.6700439453125,1781.6400146484375,1786.6700439453125,1786.6700439453125,111349400,0.0,0.0
2013-07-16,1785.5400390625,1790.4000244140625,1784.6099853515625,1786.3900146484375,1786.3900146484375,114531800,0.0,0.0
2013-07-17,1786.1099853515625,1789.47998046875,1784.469970703125,1788.6600341796875,1788.6600341796875,174519600,0.0,0.0
2013-07-18,1786.989990234375,1792.3599853515625,1786.989990234375,1791.5400390625,1791.5400390625,191668800,0.0,0.0
2013-07-19,1794.3800048828125,1800.260009765625,1794.3199462890625,1797.739990234375,1797.739990234375,187912400,0.0,0.0
2013-07-22,1799.1300048828125,1803.31005859375,1797.6800537109375,1797.6800537109375,1797.6800537109375,123564400,0.0,0.0
2013-07-23,1807.199951171875,1807.27001953125,1801.8299560546875,1805.31005859375,1805.31005859375,180676400,0.0,0.0
2013-07-24,1804.22998046875,1810.7099609375,1804.22998046875,1810.0,1810.0,132910800,0.0,0.0
2013-07-25,1810.9599609375,1811.5699462890625,1808.0400390625,1808.4200439453125,1808.4200439453125,128146400,0.0,0.0
2013-07-26,1806.2099609375,1811.6500244140625,1804.97998046875,1807.6099853515625,1807.6099853515625,117871200,0.0,0.0
2013-07-29,1807.3800048828125,1808.6600341796875,1797.8800048828125,1798.780029296875,1798.780029296875,132210000,0.0,0.0
2013-07-30,1799.0699462890625,1800.199951171875,1792.77001953125,1795.0799560546875,1795.0799560546875,143664700,0.0,0.0
2013-07-31,1791.52001953125,1791.7099609375,1770.43994140625,1772.6199951171875,1772.6199951171875,277156000,0.0,0.0
2013-08-01,1775.7099609375,1782.719970703125,1766.699951171875,1777.8199462890625,1777.8199462890625,177514500,0.0,0.0
2013-08-02,1781.1400146484375,1787.8299560546875,1777.8399658203125,1782.510009765625,1782.510009765625,156332700,0.0,0.0
2013-08-05,1786.02001953125,1788.9300537109375,1781.6099853515625,1785.1400146484375,1785.1400146484375,120836500,0.0,0.0
2013-08-06,1780.489990234375,1784.6400146484375,1779.469970703125,1784.6400146484375,1784.6400146484375,135495100,0.0,0.0
2013-08-12,1779.75,1786.199951171875,1777.8699951171875,1784.5699462890625,1784.5699462890625,125016200,0.0,0.0
2013-08-13,1784.4599609375,1796.2900390625,1784.4599609375,1795.0899658203125,1795.0899658203125,131123000,0.0,0.0
2013-08-14,1799.949951171875,1801.260009765625,1791.4599609375,1793.72998046875,1793.72998046875,101374400,0.0,0.0
2013-08-15,1792.7900390625,1797.1700439453125,1791.22998046875,1792.2099609375,1792.2099609375,130947000,0.0,0.0
2013-08-16,1789.739990234375,1791.260009765625,1786.760009765625,1788.239990234375,1788.239990234375,98314500,0.0,0.0
2013-08-19,1774.5,1788.4300537109375,1771.6500244140625,1778.3599853515625,1778.3599853515625,148591400,0.0,0.0
2013-08-20,1773.8499755859375,1774.469970703125,1737.5799560546875,1745.4200439453125,1745.4200439453125,310561400,0.0,0.0
2013-08-21,1743.489990234375,1749.1600341796875,1740.6099853515625,1744.8499755859375,1744.8499755859375,197765500,0.0,0.0
2013-08-22,1727.3399658203125,1729.4599609375,1710.1700439453125,1720.3699951171875,1720.3699951171875,280926100,0.0,0.0
2013-08-23,1724.0699462890625,1729.8599853515625,1721.0699462890625,1721.0699462890625,1721.0699462890625,198357600,0.0,0.0
2013-08-26,1722.1400146484375,1732.25,1722.1400146484375,1722.489990234375,1722.489990234375,144335500,0.0,0.0
2013-08-27,1718.4100341796875,1719.030029296875,1698.8900146484375,1701.239990234375,1701.239990234375,212276600,0.0,0.0
2013-08-28,1687.22998046875,1689.6800537109375,1660.3900146484375,1686.1700439453125,1686.1700439453125,304554700,0.0,0.0
2013-08-29,1685.510009765625,1707.18994140625,1684.0799560546875,1703.780029296875,1703.780029296875,186233900,0.0,0.0
2013-08-30,1708.31005859375,1727.5799560546875,1708.31005859375,1727.5799560546875,1727.5799560546875,253350800,0.0,0.0
2013-09-02,1723.77001953125,1724.760009765625,1714.949951171875,1717.56005859375,1717.56005859375,93071800,0.0,0.0
2013-09-03,1718.3499755859375,1727.93994140625,1715.97998046875,1724.2099609375,1724.2099609375,132452500,0.0,0.0
2013-09-04,1725.550048828125,1725.550048828125,1702.5699462890625,1716.760009765625,1716.760009765625,149800300,0.0,0.0
2013-09-05,1719.0999755859375,1723.68994140625,1718.56005859375,1720.969970703125,1720.969970703125,120043600,0.0,0.0
2013-09-06,1719.969970703125,1726.280029296875,1719.8299560546875,1723.800048828125,1723.800048828125,128068200,0.0,0.0
2013-09-09,1726.27001953125,1747.030029296875,1726.27001953125,1747.030029296875,1747.030029296875,144055700,0.0,0.0
2013-09-10,1753.1400146484375,1774.1400146484375,1753.1400146484375,1764.949951171875,1764.949951171875,217580800,0.0,0.0
2013-09-11,1769.800048828125,1776.1099853515625,1763.050048828125,1768.47998046875,1768.47998046875,169404000,0.0,0.0
2013-09-12,1777.760009765625,1779.4000244140625,1769.75,1772.4000244140625,1772.4000244140625,128670300,0.0,0.0
2013-09-13,1768.3900146484375,1770.800048828125,1764.1300048828125,1770.800048828125,1770.800048828125,100178400,0.0,0.0
2013-09-17,1777.4100341796875,1781.469970703125,1769.1199951171875,1774.93994140625,1774.93994140625,139206200,0.0,0.0
2013-09-18,1772.510009765625,1774.780029296875,1769.68994140625,1771.4000244140625,1771.4000244140625,108065800,0.0,0.0
2013-09-19,1790.4100341796875,1793.93994140625,1787.3800048828125,1792.9100341796875,1792.9100341796875,225940200,0.0,0.0
2013-09-20,1796.06005859375,1805.1500244140625,1794.8900146484375,1801.8299560546875,1801.8299560546875,180599400,0.0,0.0
2013-09-23,1795.7900390625,1800.300048828125,1793.280029296875,1796.3599853515625,1796.3599853515625,125943600,0.0,0.0
2013-09-24,1790.780029296875,1792.47998046875,1785.4100341796875,1792.47998046875,1792.47998046875,129269300,0.0,0.0
2013-09-25,1788.06005859375,1791.1800537109375,1783.1500244140625,1784.06005859375,1784.06005859375,137030600,0.0,0.0
2013-09-26,1784.300048828125,1784.9599609375,1774.1600341796875,1774.1600341796875,1774.1600341796875,125821100,0.0,0.0
2013-09-27,1775.780029296875,1781.6099853515625,1775.3499755859375,1776.1600341796875,1776.1600341796875,108505400,0.0,0.0
2013-09-30,1775.280029296875,1781.8399658203125,1762.300048828125,1768.6199951171875,1768.6199951171875,202544800,0.0,0.0
2013-10-01,1766.3699951171875,1770.3399658203125,1759.6600341796875,1769.030029296875,1769.030029296875,126219300,0.0,0.0
2013-10-02,1769.969970703125,1774.6800537109375,1769.449951171875,1770.3499755859375,1770.3499755859375,109131000,0.0,0.0
2013-10-03,1770.02001953125,1773.2900390625,1768.1500244140625,1771.3699951171875,1771.3699951171875,73213800,0.0,0.0
2013-10-04,1771.2900390625,1779.02001953125,1769.77001953125,1776.56005859375,1776.56005859375,91512600,0.0,0.0
2013-10-07,1778.030029296875,1780.27001953125,1773.56005859375,1776.8199462890625,1776.8199462890625,77432400,0.0,0.0
2013-10-08,1773.6500244140625,1778.1300048828125,1771.3199462890625,1777.5,1777.5,112191200,0.0,0.0
2013-10-09,1774.7099609375,1775.0400390625,1769.1199951171875,1769.1199951171875,1769.1199951171875,97675000,0.0,0.0
2013-10-10,1769.1199951171875,1777.449951171875,1768.6400146484375,1775.9200439453125,1775.9200439453125,104285300,0.0,0.0
2013-10-11,1788.8800048828125,1788.989990234375,1783.530029296875,1785.75,1785.75,106338900,0.0,0.0
2013-10-14,1775.1099853515625,1788.530029296875,1775.1099853515625,1784.760009765625,1784.760009765625,73069900,0.0,0.0
2013-10-16,1787.8399658203125,1795.47998046875,1786.0999755859375,1791.3699951171875,1791.3699951171875,134063200,0.0,0.0
2013-10-17,1801.0400390625,1802.5699462890625,1796.0999755859375,1797.4200439453125,1797.4200439453125,120214700,0.0,0.0
2013-10-18,1798.93994140625,1805.0,1795.949951171875,1799.5899658203125,1799.5899658203125,115226800,0.0,0.0
2013-10-21,1798.9200439453125,1803.4599609375,1797.1400146484375,1802.6099853515625,1802.6099853515625,107015100,0.0,0.0
2013-10-22,1800.8499755859375,1808.3499755859375,1800.4599609375,1803.5799560546875,1803.5799560546875,123845000,0.0,0.0
2013-10-23,1805.6400146484375,1817.9300537109375,1805.6400146484375,1814.1099853515625,1814.1099853515625,180550400,0.0,0.0
2013-10-24,1818.75,1822.1700439453125,1817.4100341796875,1818.9300537109375,1818.9300537109375,119197000,0.0,0.0
2013-10-25,1818.5999755859375,1820.81005859375,1812.469970703125,1817.5699462890625,1817.5699462890625,95627400,0.0,0.0
2013-10-28,1818.43994140625,1821.1400146484375,1814.8599853515625,1818.3900146484375,1818.3900146484375,87178700,0.0,0.0
2013-10-29,1821.219970703125,1821.7900390625,1813.8699951171875,1815.6500244140625,1815.6500244140625,144469500,0.0,0.0
2013-10-30,1816.9599609375,1818.8900146484375,1812.6600341796875,1817.3800048828125,1817.3800048828125,136873800,0.0,0.0
2013-10-31,1815.1400146484375,1815.1500244140625,1804.56005859375,1806.8499755859375,1806.8499755859375,169630800,0.0,0.0
2013-11-01,1803.6800537109375,1811.1500244140625,1801.68994140625,1810.4100341796875,1810.4100341796875,95240700,0.0,0.0
2013-11-04,1811.780029296875,1813.8299560546875,1806.9300537109375,1807.469970703125,1807.469970703125,71274700,0.0,0.0
2013-11-06,1811.06005859375,1813.6099853515625,1800.6300048828125,1803.050048828125,1803.050048828125,131234300,0.0,0.0
2013-11-07,1804.0799560546875,1806.6099853515625,1798.4599609375,1806.6099853515625,1806.6099853515625,104976800,0.0,0.0
2013-11-08,1801.2900390625,1807.22998046875,1800.949951171875,1804.47998046875,1804.47998046875,118712100,0.0,0.0
2013-11-11,1803.27001953125,1806.22998046875,1802.77001953125,1804.2099609375,1804.2099609375,108530700,0.0,0.0
2013-11-12,1805.0699462890625,1805.3299560546875,1788.3599853515625,1794.800048828125,1794.800048828125,114974200,0.0,0.0
2013-11-13,1796.18994140625,1796.18994140625,1781.6600341796875,1782.489990234375,1782.489990234375,132264100,0.0,0.0
2013-11-14,1780.6600341796875,1790.030029296875,1780.5400390625,1784.199951171875,1784.199951171875,116359900,0.0,0.0
2013-11-15,1784.199951171875,1790.780029296875,1784.199951171875,1789.8699951171875,1789.8699951171875,102726200,0.0,0.0
2013-11-18,1791.3900146484375,1795.1400146484375,1789.3900146484375,1792.3900146484375,1792.3900146484375,115174800,0.0,0.0
2013-11-19,1794.4599609375,1813.510009765625,1794.3900146484375,1807.1600341796875,1807.1600341796875,214103500,0.0,0.0
2013-11-20,1804.800048828125,1814.72998046875,1795.0999755859375,1798.68994140625,1798.68994140625,191696300,0.0,0.0
2013-11-21,1795.3800048828125,1797.8900146484375,1790.93994140625,1794.6500244140625,1794.6500244140625,141063400,0.0,0.0
2013-11-22,1792.3800048828125,1795.75,1791.31005859375,1794.52001953125,1794.52001953125,108735200,0.0,0.0
2013-11-25,1797.2900390625,1806.1300048828125,1795.7099609375,1797.969970703125,1797.969970703125,122102400,0.0,0.0
2013-11-26,1797.2099609375,1802.780029296875,1796.25,1798.1300048828125,1798.1300048828125,186416300,0.0,0.0
2013-11-27,1795.02001953125,1799.8199462890625,1792.2099609375,1798.4599609375,1798.4599609375,137681500,0.0,0.0
2013-11-28,1799.8800048828125,1807.5999755859375,1799.8800048828125,1807.5999755859375,1807.5999755859375,73856200,0.0,0.0
2013-11-29,1806.780029296875,1812.719970703125,1804.27001953125,1812.719970703125,1812.719970703125,109757200,0.0,0.0
2013-12-02,1812.75,1818.1500244140625,1811.6700439453125,1818.1500244140625,1818.1500244140625,99698500,0.0,0.0
2013-12-03,1825.260009765625,1840.1199951171875,1821.6600341796875,1824.2900390625,1824.2900390625,165877000,0.0,0.0
2013-12-04,1819.9599609375,1828.4599609375,1819.9599609375,1821.9000244140625,1821.9000244140625,118890500,0.0,0.0
2013-12-05,1822.1199951171875,1826.4200439453125,1820.6300048828125,1824.8599853515625,1824.8599853515625,142210600,0.0,0.0
2013-12-06,1823.52001953125,1832.2099609375,1822.3299560546875,1826.949951171875,1826.949951171875,123494300,0.0,0.0
2013-12-09,1826.9300537109375,1843.6199951171875,1826.9300537109375,1841.8699951171875,1841.8699951171875,101398900,0.0,0.0
2013-12-10,1837.800048828125,1846.9200439453125,1837.800048828125,1843.8499755859375,1843.8499755859375,139942100,0.0,0.0
2013-12-11,1842.9100341796875,1845.68994140625,1839.72998046875,1842.8199462890625,1842.8199462890625,140819300,0.0,0.0
2013-12-12,1839.699951171875,1840.5400390625,1833.1199951171875,1833.8699951171875,1833.8699951171875,105492200,0.0,0.0
2013-12-13,1833.260009765625,1843.47998046875,1831.0999755859375,1840.3499755859375,1840.3499755859375,115997900,0.0,0.0
2013-12-16,1841.81005859375,1841.81005859375,1834.1099853515625,1837.8800048828125,1837.8800048828125,98224500,0.0,0.0
2013-12-17,1837.219970703125,1851.93994140625,1837.219970703125,1850.9000244140625,1850.9000244140625,110912100,0.0,0.0
2013-12-18,1845.1500244140625,1849.4300537109375,1841.6600341796875,1847.5,1847.5,120243400,0.0,0.0
2013-12-19,1847.1400146484375,1851.530029296875,1845.1700439453125,1846.1800537109375,1846.1800537109375,109955400,0.0,0.0
2013-12-20,1848.7900390625,1848.7900390625,1838.030029296875,1838.030029296875,1838.030029296875,98399500,0.0,0.0
2013-12-23,1835.3900146484375,1840.1700439453125,1829.219970703125,1832.8599853515625,1832.8599853515625,58940900,0.0,0.0
2013-12-24,1833.8699951171875,1840.3399658203125,1833.52001953125,1835.489990234375,1835.489990234375,43420400,0.0,0.0
2013-12-26,1828.5400390625,1846.489990234375,1828.47998046875,1844.0999755859375,1844.0999755859375,39266500,0.0,0.0
2013-12-27,1843.9599609375,1862.6300048828125,1843.9000244140625,1861.06005859375,1861.06005859375,68685700,0.0,0.0
2013-12-30,1862.3299560546875,1872.52001953125,1858.6099853515625,1872.52001953125,1872.52001953125,71541200,0.0,0.0
2013-12-31,1872.1300048828125,1882.199951171875,1862.52001953125,1866.9599609375,1866.9599609375,92247000,0.0,0.0
2014-01-02,1865.72998046875,1868.2900390625,1848.8299560546875,1852.949951171875,1852.949951171875,66306000,0.0,0.0
2014-01-03,1847.0999755859375,1849.22998046875,1834.739990234375,1834.739990234375,1834.739990234375,96226900,0.0,0.0
2014-01-06,1835.8499755859375,1836.739990234375,1829.1300048828125,1829.1800537109375,1829.1800537109375,93432600,0.0,0.0
2014-01-07,1832.68994140625,1832.68994140625,1822.989990234375,1825.1099853515625,1825.1099853515625,102195400,0.0,0.0
2014-01-08,1826.949951171875,1838.3900146484375,1825.9000244140625,1831.300048828125,1831.300048828125,118625900,0.0,0.0
2014-01-09,1831.800048828125,1833.0999755859375,1826.530029296875,1828.2099609375,1828.2099609375,107762900,0.0,0.0
2014-01-10,1826.18994140625,1827.949951171875,1822.25,1826.6099853515625,1826.6099853515625,114671400,0.0,0.0
2014-01-13,1825.4200439453125,1837.3499755859375,1823.1600341796875,1834.969970703125,1834.969970703125,83731700,0.0,0.0
2014-01-15,1834.739990234375,1836.469970703125,1818.989990234375,1824.030029296875,1824.030029296875,154595600,0.0,0.0
2014-01-16,1824.5999755859375,1831.3299560546875,1811.1800537109375,1813.010009765625,1813.010009765625,188760700,0.0,0.0
2014-01-20,1808.25,1809.800048828125,1801.31005859375,1807.5899658203125,1807.5899658203125,139544600,0.0,0.0
2014-01-21,1807.449951171875,1816.93994140625,1806.25,1815.3399658203125,1815.3399658203125,132058900,0.0,0.0
2014-01-22,1816.5699462890625,1816.5699462890625,1803.4300537109375,1814.0999755859375,1814.0999755859375,169743400,0.0,0.0
2014-01-23,1815.27001953125,1816.06005859375,1806.72998046875,1808.31005859375,1808.31005859375,177386100,0.0,0.0
2014-01-24,1802.2900390625,1806.43994140625,1798.5699462890625,1802.5699462890625,1802.5699462890625,163902800,0.0,0.0
2014-01-27,1794.1600341796875,1794.1600341796875,1777.6199951171875,1778.8800048828125,1778.8800048828125,221453700,0.0,0.0
2014-01-28,1784.0999755859375,1788.2900390625,1780.8299560546875,1781.25,1781.25,153111900,0.0,0.0
2014-01-29,1780.72998046875,1794.1300048828125,1780.2099609375,1789.22998046875,1789.22998046875,125884500,0.0,0.0
2014-01-30,1788.780029296875,1804.030029296875,1780.0999755859375,1804.030029296875,1804.030029296875,120999200,0.0,0.0
2014-02-04,1795.8900146484375,1795.8900146484375,1769.800048828125,1778.8299560546875,1778.8299560546875,168483400,0.0,0.0
2014-02-05,1784.8399658203125,1786.5799560546875,1782.8199462890625,1785.8800048828125,1785.8800048828125,112702200,0.0,0.0
2014-02-06,1784.9200439453125,1799.449951171875,1783.6800537109375,1797.9000244140625,1797.9000244140625,155548400,0.0,0.0
2014-02-07,1798.7099609375,1812.1800537109375,1797.8399658203125,1808.5899658203125,1808.5899658203125,159831300,0.0,0.0
2014-02-10,1812.97998046875,1819.989990234375,1812.2900390625,1816.1400146484375,1816.1400146484375,118516100,0.0,0.0
2014-02-11,1815.8800048828125,1824.199951171875,1815.5699462890625,1824.1700439453125,1824.1700439453125,137574000,0.0,0.0
2014-02-12,1821.9599609375,1826.72998046875,1821.75,1825.6400146484375,1825.6400146484375,122838800,0.0,0.0
2014-02-13,1827.2099609375,1828.719970703125,1816.219970703125,1817.1500244140625,1817.1500244140625,103558900,0.0,0.0
2014-02-14,1816.510009765625,1820.3800048828125,1813.9000244140625,1819.3699951171875,1819.3699951171875,95875200,0.0,0.0
2014-02-17,1819.68994140625,1833.3900146484375,1819.68994140625,1827.47998046875,1827.47998046875,116333000,0.0,0.0
2014-02-18,1827.760009765625,1828.22998046875,1822.6800537109375,1825.239990234375,1825.239990234375,100196000,0.0,0.0
2014-02-19,1821.27001953125,1829.449951171875,1820.5899658203125,1829.449951171875,1829.449951171875,129464700,0.0,0.0
2014-02-20,1830.1800537109375,1830.1800537109375,1822.7900390625,1827.81005859375,1827.81005859375,154155600,0.0,0.0
2014-02-21,1826.43994140625,1831.3199462890625,1826.43994140625,1830.739990234375,1830.739990234375,127296600,0.0,0.0
2014-02-24,1831.43994140625,1833.800048828125,1826.530029296875,1828.6800537109375,1828.6800537109375,86125600,0.0,0.0
2014-02-25,1829.97998046875,1833.7900390625,1827.260009765625,1833.75,1833.75,104626300,0.0,0.0
2014-02-26,1830.2099609375,1831.27001953125,1822.550048828125,1822.550048828125,1822.550048828125,145921200,0.0,0.0
2014-02-27,1823.510009765625,1831.6600341796875,1823.510009765625,1831.6600341796875,1831.6600341796875,121768700,0.0,0.0
2014-02-28,1826.18994140625,1836.1400146484375,1825.8199462890625,1835.6600341796875,1835.6600341796875,180935100,0.0,0.0
2014-03-03,1834.43994140625,1835.27001953125,1813.5999755859375,1824.68994140625,1824.68994140625,130074800,0.0,0.0
2014-03-04,1820.9100341796875,1826.4599609375,1818.8599853515625,1826.4599609375,1826.4599609375,134203700,0.0,0.0
2014-03-05,1830.449951171875,1831.6199951171875,1828.010009765625,1829.1099853515625,1829.1099853515625,121027100,0.0,0.0
2014-03-06,1829.1199951171875,1838.68994140625,1828.0400390625,1838.68994140625,1838.68994140625,140395100,0.0,0.0
2014-03-07,1834.280029296875,1836.47998046875,1831.8699951171875,1832.260009765625,1832.260009765625,97258000,0.0,0.0
2014-03-10,1826.3800048828125,1827.2900390625,1817.199951171875,1822.06005859375,1822.06005859375,127615100,0.0,0.0
2014-03-11,1823.5400390625,1828.72998046875,1823.5400390625,1828.550048828125,1828.550048828125,145394900,0.0,0.0
2014-03-12,1827.3299560546875,1827.3299560546875,1813.489990234375,1818.5999755859375,1818.5999755859375,150885200,0.0,0.0
2014-03-13,1820.3399658203125,1821.5699462890625,1816.760009765625,1818.8599853515625,1818.8599853515625,136052500,0.0,0.0
2014-03-14,1817.0799560546875,1817.0799560546875,1805.1199951171875,1805.1199951171875,1805.1199951171875,148488900,0.0,0.0
2014-03-17,1806.1500244140625,1815.1600341796875,1802.8800048828125,1815.1600341796875,1815.1600341796875,108928900,0.0,0.0
2014-03-18,1813.5400390625,1820.699951171875,1813.5400390625,1820.699951171875,1820.699951171875,138998200,0.0,0.0
2014-03-19,1819.56005859375,1821.3299560546875,1815.989990234375,1817.43994140625,1817.43994140625,110777500,0.0,0.0
2014-03-20,1814.2900390625,1818.1700439453125,1811.1600341796875,1818.1700439453125,1818.1700439453125,133764600,0.0,0.0
2014-03-21,1818.6600341796875,1821.68994140625,1816.8499755859375,1820.47998046875,1820.47998046875,238355500,0.0,0.0
2014-03-24,1821.6800537109375,1834.22998046875,1821.030029296875,1833.8499755859375,1833.8499755859375,108220500,0.0,0.0
2014-03-25,1826.8599853515625,1837.1700439453125,1824.9300537109375,1837.1700439453125,1837.1700439453125,110685300,0.0,0.0
2014-03-26,1834.969970703125,1839.9599609375,1834.800048828125,1839.1400146484375,1839.1400146484375,109400400,0.0,0.0
2014-03-27,1836.1400146484375,1846.8699951171875,1836.1099853515625,1846.8699951171875,1846.8699951171875,135346100,0.0,0.0
2014-03-28,1837.5699462890625,1850.72998046875,1837.5699462890625,1850.72998046875,1850.72998046875,145522500,0.0,0.0
2014-03-31,1851.6700439453125,1852.2900390625,1839.030029296875,1849.2099609375,1849.2099609375,166672500,0.0,0.0
2014-04-01,1846.0999755859375,1847.760009765625,1842.06005859375,1847.760009765625,1847.760009765625,119990000,0.0,0.0
2014-04-02,1846.8199462890625,1854.010009765625,1846.8199462890625,1852.0,1852.0,156456900,0.0,0.0
2014-04-03,1854.3199462890625,1855.6300048828125,1847.81005859375,1855.6300048828125,1855.6300048828125,169675500,0.0,0.0
2014-04-04,1862.989990234375,1869.0899658203125,1856.27001953125,1856.6099853515625,1856.6099853515625,161162400,0.0,0.0
2014-04-07,1856.52001953125,1862.9000244140625,1853.43994140625,1862.9000244140625,1862.9000244140625,139064600,0.0,0.0
2014-04-08,1861.030029296875,1861.18994140625,1851.3699951171875,1852.31005859375,1852.31005859375,124264400,0.0,0.0
2014-04-09,1852.81005859375,1856.030029296875,1851.4100341796875,1855.75,1855.75,147108800,0.0,0.0
2014-04-10,1859.489990234375,1860.280029296875,1855.56005859375,1859.52001953125,1859.52001953125,130749800,0.0,0.0
2014-04-11,1854.8499755859375,1854.8900146484375,1848.18994140625,1852.6600341796875,1852.6600341796875,108070800,0.0,0.0
2014-04-14,1851.0999755859375,1854.52001953125,1847.9200439453125,1851.530029296875,1851.530029296875,94904000,0.0,0.0
2014-04-15,1848.31005859375,1853.8800048828125,1847.3599853515625,1853.8800048828125,1853.8800048828125,123619500,0.0,0.0
2014-04-16,1854.6199951171875,1854.6199951171875,1845.3699951171875,1845.3699951171875,1845.3699951171875,103539800,0.0,0.0
2014-04-17,1847.4000244140625,1852.1300048828125,1847.4000244140625,1850.5400390625,1850.5400390625,90765100,0.0,0.0
2014-04-18,1848.699951171875,1854.0699462890625,1847.3800048828125,1852.68994140625,1852.68994140625,50634500,0.0,0.0
2014-04-21,1851.6099853515625,1864.93994140625,1849.6800537109375,1862.9300537109375,1862.9300537109375,64269300,0.0,0.0
2014-04-22,1862.9000244140625,1866.4200439453125,1861.9000244140625,1866.4200439453125,1866.4200439453125,139176800,0.0,0.0
2014-04-23,1866.6199951171875,1870.8900146484375,1864.9100341796875,1867.3499755859375,1867.3499755859375,146142600,0.0,0.0
2014-04-24,1864.2900390625,1866.3199462890625,1863.510009765625,1865.280029296875,1865.280029296875,101402000,0.0,0.0
2014-04-25,1866.3699951171875,1868.2900390625,1859.949951171875,1860.97998046875,1860.97998046875,92139300,0.0,0.0
2014-04-28,1861.5400390625,1862.969970703125,1855.739990234375,1855.739990234375,1855.739990234375,99433000,0.0,0.0
2014-04-29,1852.27001953125,1859.3399658203125,1852.27001953125,1859.3399658203125,1859.3399658203125,131449400,0.0,0.0
2014-04-30,1859.3199462890625,1871.52001953125,1857.0699462890625,1871.52001953125,1871.52001953125,194367200,0.0,0.0
2014-05-02,1869.5,1871.68994140625,1866.050048828125,1869.0799560546875,1869.0799560546875,103778400,0.0,0.0
2014-05-05,1866.9300537109375,1869.3800048828125,1860.5400390625,1860.5400390625,1860.5400390625,71044900,0.0,0.0
2014-05-06,1860.3499755859375,1864.22998046875,1856.8499755859375,1860.4300537109375,1860.4300537109375,61088900,0.0,0.0
2014-05-07,1861.3699951171875,1861.6099853515625,1853.31005859375,1860.4300537109375,1860.4300537109375,110711000,0.0,0.0
2014-05-08,1861.6600341796875,1863.93994140625,1860.5999755859375,1862.8399658203125,1862.8399658203125,119570700,0.0,0.0
2014-05-09,1859.699951171875,1866.719970703125,1859.010009765625,1866.719970703125,1866.719970703125,119270000,0.0,0.0
2014-05-12,1863.1300048828125,1867.4000244140625,1863.0799560546875,1866.0799560546875,1866.0799560546875,87328000,0.0,0.0
2014-05-14,1874.18994140625,1879.6400146484375,1873.3499755859375,1879.199951171875,1879.199951171875,177729800,0.0,0.0
2014-05-15,1878.010009765625,1881.030029296875,1876.3900146484375,1879.8299560546875,1879.8299560546875,157782500,0.0,0.0
2014-05-16,1879.8199462890625,1883.3399658203125,1877.0400390625,1883.3399658203125,1883.3399658203125,152187500,0.0,0.0
2014-05-19,1884.8800048828125,1889.469970703125,1884.31005859375,1887.0699462890625,1887.0699462890625,149909800,0.0,0.0
2014-05-20,1886.1400146484375,1888.1300048828125,1877.6300048828125,1881.1600341796875,1881.1600341796875,125198900,0.0,0.0
2014-05-21,1881.8299560546875,1882.27001953125,1874.1400146484375,1877.030029296875,1877.030029296875,139330700,0.0,0.0
2014-05-22,1878.0899658203125,1882.280029296875,1871.5,1875.1199951171875,1875.1199951171875,151403900,0.0,0.0
2014-05-23,1878.3900146484375,1878.5400390625,1866.3399658203125,1869.219970703125,1869.219970703125,121738900,0.0,0.0
2014-05-26,1868.22998046875,1871.1400146484375,1862.27001953125,1862.800048828125,1862.800048828125,133365200,0.0,0.0
2014-05-27,1864.199951171875,1869.7900390625,1862.52001953125,1867.5699462890625,1867.5699462890625,119883300,0.0,0.0
2014-05-28,1865.22998046875,1871.6600341796875,1864.97998046875,1871.6600341796875,1871.6600341796875,148731900,0.0,0.0
2014-05-29,1872.239990234375,1878.6700439453125,1869.77001953125,1876.6199951171875,1876.6199951171875,139887800,0.0,0.0
2014-05-30,1874.469970703125,1880.8399658203125,1873.3800048828125,1873.3800048828125,1873.3800048828125,477552300,0.0,0.0
2014-06-02,1867.800048828125,1876.1700439453125,1861.47998046875,1864.25,1864.25,159781600,0.0,0.0
2014-06-03,1866.3699951171875,1872.550048828125,1866.3699951171875,1872.550048828125,1872.550048828125,169890000,0.0,0.0
2014-06-04,1868.6300048828125,1869.5999755859375,1862.8399658203125,1865.199951171875,1865.199951171875,88657300,0.0,0.0
2014-06-05,1869.97998046875,1870.5999755859375,1863.1099853515625,1869.0,1869.0,172564600,0.0,0.0
2014-06-06,1870.6099853515625,1870.6099853515625,1860.199951171875,1862.699951171875,1862.699951171875,81733000,0.0,0.0
2014-06-09,1868.5899658203125,1868.77001953125,1860.239990234375,1863.68994140625,1863.68994140625,87658600,0.0,0.0
2014-06-10,1864.1099853515625,1876.6099853515625,1863.93994140625,1876.6099853515625,1876.6099853515625,153857400,0.0,0.0
2014-06-11,1879.469970703125,1879.9100341796875,1873.5899658203125,1878.3800048828125,1878.3800048828125,127826300,0.0,0.0
2014-06-12,1877.6700439453125,1877.6700439453125,1872.27001953125,1873.8699951171875,1873.8699951171875,91115200,0.0,0.0
2014-06-13,1871.0699462890625,1876.739990234375,1870.0899658203125,1876.739990234375,1876.739990234375,79624700,0.0,0.0
2014-06-16,1875.52001953125,1875.9000244140625,1871.280029296875,1871.5799560546875,1871.5799560546875,80239000,0.0,0.0
2014-06-17,1874.0999755859375,1876.219970703125,1870.0999755859375,1874.5999755859375,1874.5999755859375,118116600,0.0,0.0
2014-06-18,1874.4100341796875,1876.5899658203125,1872.0899658203125,1876.5799560546875,1876.5799560546875,116972200,0.0,0.0
2014-06-19,1875.4000244140625,1881.47998046875,1872.6400146484375,1881.47998046875,1881.47998046875,108200900,0.0,0.0
2014-06-20,1885.3599853515625,1887.5400390625,1878.6800537109375,1885.719970703125,1885.719970703125,151879300,0.0,0.0
2014-06-23,1884.739990234375,1885.3299560546875,1881.8199462890625,1883.9599609375,1883.9599609375,109655300,0.0,0.0
2014-06-24,1884.300048828125,1892.3299560546875,1882.1400146484375,1892.3299560546875,1892.3299560546875,133961900,0.0,0.0
2014-06-25,1889.530029296875,1891.6400146484375,1887.6800537109375,1889.550048828125,1889.550048828125,109233300,0.0,0.0
2014-06-26,1888.739990234375,1889.969970703125,1882.25,1889.969970703125,1889.969970703125,105810300,0.0,0.0
2014-06-27,1889.3399658203125,1889.3399658203125,1880.25,1880.9300537109375,1880.9300537109375,94465800,0.0,0.0
2014-06-30,1879.8299560546875,1882.7099609375,1877.52001953125,1882.7099609375,1882.7099609375,131157100,0.0,0.0
2014-07-01,1879.239990234375,1880.2900390625,1876.5999755859375,1879.1199951171875,1879.1199951171875,76764400,0.0,0.0
2014-07-02,1879.010009765625,1886.8399658203125,1877.8399658203125,1886.8399658203125,1886.8399658203125,116807900,0.0,0.0
2014-07-03,1885.4599609375,1891.0999755859375,1884.77001953125,1888.68994140625,1888.68994140625,120773100,0.0,0.0
2014-07-04,1889.2900390625,1891.4300537109375,1884.9100341796875,1884.9100341796875,1884.9100341796875,86535300,0.0,0.0
2014-07-07,1885.4000244140625,1894.719970703125,1885.2900390625,1892.5,1892.5,117077500,0.0,0.0
2014-07-08,1893.8900146484375,1896.22998046875,1891.6600341796875,1892.6500244140625,1892.6500244140625,132327700,0.0,0.0
2014-07-09,1888.4300537109375,1892.1700439453125,1887.9599609375,1891.1600341796875,1891.1600341796875,95831200,0.0,0.0
2014-07-10,1889.969970703125,1893.18994140625,1889.530029296875,1892.6199951171875,1892.6199951171875,93093000,0.0,0.0
2014-07-11,1894.469970703125,1894.8599853515625,1883.1500244140625,1883.1500244140625,1883.1500244140625,140206500,0.0,0.0
2014-07-14,1883.77001953125,1886.8699951171875,1882.219970703125,1884.8699951171875,1884.8699951171875,89680800,0.0,0.0
2014-07-16,1891.5899658203125,1895.02001953125,1882.52001953125,1886.7099609375,1886.7099609375,144454700,0.0,0.0
2014-07-17,1888.1500244140625,1888.1500244140625,1879.4000244140625,1883.1400146484375,1883.1400146484375,104399400,0.0,0.0
2014-07-18,1874.6099853515625,1877.3399658203125,1871.4000244140625,1872.969970703125,1872.969970703125,103248800,0.0,0.0
2014-07-21,1874.3399658203125,1876.8299560546875,1867.3399658203125,1868.6400146484375,1868.6400146484375,98947000,0.0,0.0
2014-07-22,1873.6199951171875,1874.0,1868.030029296875,1871.3599853515625,1871.3599853515625,91612900,0.0,0.0
2014-07-23,1870.4100341796875,1873.699951171875,1869.3900146484375,1871.8299560546875,1871.8299560546875,75032300,0.0,0.0
2014-07-24,1873.6600341796875,1877.050048828125,1867.780029296875,1877.050048828125,1877.050048828125,94333100,0.0,0.0
2014-07-25,1878.550048828125,1879.5899658203125,1868.1400146484375,1877.3399658203125,1877.3399658203125,71808400,0.0,0.0
2014-07-30,1884.0799560546875,1886.3900146484375,1877.510009765625,1878.3399658203125,1878.3399658203125,135459600,0.0,0.0
2014-07-31,1881.6800537109375,1882.0699462890625,1866.469970703125,1871.3599853515625,1871.3599853515625,141423300,0.0,0.0
2014-08-01,1866.1099853515625,1868.010009765625,1861.5999755859375,1863.3399658203125,1863.3399658203125,94677700,0.0,0.0
2014-08-04,1864.18994140625,1875.800048828125,1864.18994140625,1875.800048828125,1875.800048828125,103183900,0.0,0.0
2014-08-05,1872.550048828125,1876.68994140625,1872.1400146484375,1876.68994140625,1876.68994140625,88392200,0.0,0.0
2014-08-06,1874.0999755859375,1875.0,1869.469970703125,1869.9200439453125,1869.9200439453125,97408400,0.0,0.0
2014-08-07,1870.0400390625,1871.260009765625,1864.719970703125,1867.3199462890625,1867.3199462890625,97143900,0.0,0.0
2014-08-08,1864.6800537109375,1864.6800537109375,1837.280029296875,1839.8699951171875,1839.8699951171875,114121500,0.0,0.0
2014-08-11,1841.7900390625,1849.3199462890625,1840.6400146484375,1849.3199462890625,1849.3199462890625,82807400,0.0,0.0
2014-08-12,1847.97998046875,1850.530029296875,1846.8800048828125,1850.3900146484375,1850.3900146484375,88154700,0.0,0.0
2014-08-13,1853.25,1858.0400390625,1849.8399658203125,1858.0400390625,1858.0400390625,124289200,0.0,0.0
2014-08-14,1854.8699951171875,1863.3699951171875,1854.8699951171875,1861.5799560546875,1861.5799560546875,109845000,0.0,0.0
2014-08-15,1862.300048828125,1864.6199951171875,1860.219970703125,1864.31005859375,1864.31005859375,79482600,0.0,0.0
2014-08-18,1861.199951171875,1864.199951171875,1859.4599609375,1861.75,1861.75,93507700,0.0,0.0
2014-08-19,1862.969970703125,1872.1600341796875,1862.489990234375,1872.1600341796875,1872.1600341796875,105756700,0.0,0.0
2014-08-20,1874.3499755859375,1878.8900146484375,1872.5899658203125,1878.8900146484375,1878.8900146484375,116056200,0.0,0.0
2014-08-21,1878.8900146484375,1879.6199951171875,1871.3599853515625,1874.81005859375,1874.81005859375,135055900,0.0,0.0
2014-08-22,1876.219970703125,1878.8699951171875,1869.27001953125,1870.989990234375,1870.989990234375,128946700,0.0,0.0
2014-08-25,1872.9200439453125,1873.6600341796875,1859.5799560546875,1862.31005859375,1862.31005859375,101897900,0.0,0.0
2014-08-26,1863.1099853515625,1866.5699462890625,1859.75,1861.8199462890625,1861.8199462890625,100953900,0.0,0.0
2014-08-27,1862.02001953125,1878.7099609375,1861.72998046875,1872.3800048828125,1872.3800048828125,145823400,0.0,0.0
2014-08-28,1869.27001953125,1875.6800537109375,1868.47998046875,1875.6800537109375,1875.6800537109375,99766800,0.0,0.0
2014-08-29,1879.530029296875,1879.530029296875,1866.1099853515625,1866.1099853515625,1866.1099853515625,206340200,0.0,0.0
2014-09-02,1865.4599609375,1868.8199462890625,1860.6700439453125,1867.68994140625,1867.68994140625,116170800,0.0,0.0
2014-09-03,1872.260009765625,1872.449951171875,1853.47998046875,1864.8699951171875,1864.8699951171875,118550400,0.0,0.0
2014-09-04,1866.6600341796875,1869.2099609375,1860.0,1869.2099609375,1869.2099609375,128481000,0.0,0.0
2014-09-05,1867.9100341796875,1869.8399658203125,1866.280029296875,1868.4599609375,1868.4599609375,128525400,0.0,0.0
2014-09-08,1866.260009765625,1871.0899658203125,1865.530029296875,1871.0899658203125,1871.0899658203125,100799500,0.0,0.0
2014-09-09,1868.8399658203125,1876.2099609375,1867.97998046875,1874.1199951171875,1874.1199951171875,114300300,0.0,0.0
2014-09-10,1870.5400390625,1873.7900390625,1868.3599853515625,1870.8499755859375,1870.8499755859375,102928600,0.0,0.0
2014-09-11,1873.6600341796875,1874.6700439453125,1866.1099853515625,1866.1099853515625,1866.1099853515625,114887700,0.0,0.0
2014-09-12,1865.5,1868.050048828125,1855.6400146484375,1855.6400146484375,1855.6400146484375,126424100,0.0,0.0
2014-09-15,1853.1400146484375,1856.1600341796875,1836.5,1847.300048828125,1847.300048828125,111177500,0.0,0.0
2014-09-17,1841.3299560546875,1845.739990234375,1841.050048828125,1843.780029296875,1843.780029296875,158411400,0.0,0.0
2014-09-18,1844.8599853515625,1845.3199462890625,1836.9000244140625,1845.3199462890625,1845.3199462890625,93755900,0.0,0.0
2014-09-19,1845.0899658203125,1853.6800537109375,1843.3499755859375,1849.489990234375,1849.489990234375,125455800,0.0,0.0
2014-09-22,1851.6500244140625,1851.9100341796875,1843.8499755859375,1846.050048828125,1846.050048828125,84645700,0.0,0.0
2014-09-23,1839.0999755859375,1842.1500244140625,1832.5400390625,1840.18994140625,1840.18994140625,124623300,0.0,0.0
2014-09-24,1840.719970703125,1844.77001953125,1838.6700439453125,1840.0799560546875,1840.0799560546875,129366500,0.0,0.0
2014-09-25,1835.6400146484375,1843.1099853515625,1835.6400146484375,1843.1099853515625,1843.1099853515625,91511100,0.0,0.0
2014-09-26,1840.010009765625,1840.5,1829.239990234375,1840.5,1840.5,102138600,0.0,0.0
2014-09-29,1841.050048828125,1846.75,1839.199951171875,1846.3399658203125,1846.3399658203125,88800600,0.0,0.0
2014-09-30,1844.56005859375,1854.2099609375,1842.3499755859375,1846.31005859375,1846.31005859375,162655800,0.0,0.0
2014-10-01,1847.0,1847.699951171875,1842.5999755859375,1845.3199462890625,1845.3199462890625,93593300,0.0,0.0
2014-10-02,1845.1700439453125,1845.8599853515625,1837.550048828125,1837.6800537109375,1837.6800537109375,113988900,0.0,0.0
2014-10-03,1838.06005859375,1844.06005859375,1838.030029296875,1840.8199462890625,1840.8199462890625,74837000,0.0,0.0
2014-10-07,1846.5699462890625,1849.469970703125,1833.5400390625,1833.5400390625,1833.5400390625,124831000,0.0,0.0
2014-10-08,1830.6700439453125,1831.7900390625,1824.3199462890625,1824.3199462890625,1824.3199462890625,144482400,0.0,0.0
2014-10-09,1825.1800537109375,1830.800048828125,1824.949951171875,1829.72998046875,1829.72998046875,117982900,0.0,0.0
2014-10-10,1822.9100341796875,1822.9200439453125,1808.0899658203125,1808.8800048828125,1808.8800048828125,133698200,0.0,0.0
2014-10-13,1808.2099609375,1808.949951171875,1797.199951171875,1797.199951171875,1797.199951171875,103742500,0.0,0.0
2014-10-14,1791.8900146484375,1801.81005859375,1790.989990234375,1796.3800048828125,1796.3800048828125,146176000,0.0,0.0
2014-10-15,1796.2099609375,1801.1199951171875,1786.780029296875,1786.8399658203125,1786.8399658203125,146239000,0.0,0.0
2014-10-16,1784.8399658203125,1784.8399658203125,1767.77001953125,1767.77001953125,1767.77001953125,181474400,0.0,0.0
2014-10-17,1766.219970703125,1795.2900390625,1766.219970703125,1788.31005859375,1788.31005859375,191013400,0.0,0.0
2014-10-20,1790.0699462890625,1804.0400390625,1790.0699462890625,1803.1400146484375,1803.1400146484375,144172400,0.0,0.0
2014-10-21,1803.8199462890625,1804.8299560546875,1794.6600341796875,1796.219970703125,1796.219970703125,88870900,0.0,0.0
2014-10-24,1814.3199462890625,1819.22998046875,1810.02001953125,1818.8599853515625,1818.8599853515625,107257100,0.0,0.0
2014-10-27,1821.8199462890625,1824.3699951171875,1815.3499755859375,1823.1500244140625,1823.1500244140625,108936800,0.0,0.0
2014-10-28,1823.1300048828125,1825.8499755859375,1819.3699951171875,1825.6800537109375,1825.6800537109375,121005200,0.0,0.0
2014-10-29,1826.550048828125,1839.550048828125,1825.72998046875,1839.550048828125,1839.550048828125,146915700,0.0,0.0
2014-10-30,1839.31005859375,1843.8900146484375,1838.0400390625,1842.780029296875,1842.780029296875,129446800,0.0,0.0
2014-10-31,1844.5899658203125,1855.1500244140625,1842.1700439453125,1855.1500244140625,1855.1500244140625,126978100,0.0,0.0
2014-11-03,1856.8199462890625,1858.0899658203125,1848.25,1853.3399658203125,1853.3399658203125,97504400,0.0,0.0
2014-11-04,1851.8699951171875,1852.06005859375,1845.52001953125,1847.3599853515625,1847.3599853515625,138890500,0.0,0.0
2014-11-05,1844.75,1845.0799560546875,1837.719970703125,1839.2900390625,1839.2900390625,139933700,0.0,0.0
2014-11-06,1838.8900146484375,1844.43994140625,1830.2099609375,1831.97998046875,1831.97998046875,145068000,0.0,0.0
2014-11-07,1827.760009765625,1841.4000244140625,1824.18994140625,1824.18994140625,1824.18994140625,107639300,0.0,0.0
2014-11-10,1824.469970703125,1831.8199462890625,1824.050048828125,1827.9300537109375,1827.9300537109375,95738400,0.0,0.0
2014-11-11,1831.030029296875,1832.699951171875,1823.27001953125,1825.1099853515625,1825.1099853515625,111424600,0.0,0.0
2014-11-12,1818.8900146484375,1824.8299560546875,1816.239990234375,1816.239990234375,1816.239990234375,123311900,0.0,0.0
2014-11-13,1817.8399658203125,1820.5,1810.72998046875,1815.81005859375,1815.81005859375,121681100,0.0,0.0
2014-11-14,1814.300048828125,1814.5699462890625,1808.699951171875,1813.7900390625,1813.7900390625,105280800,0.0,0.0
2014-11-17,1813.530029296875,1814.5799560546875,1806.47998046875,1806.47998046875,1806.47998046875,76840800,0.0,0.0
2014-11-18,1806.43994140625,1818.3800048828125,1805.3499755859375,1818.3800048828125,1818.3800048828125,97376400,0.0,0.0
2014-11-19,1818.0,1827.4000244140625,1818.0,1824.3900146484375,1824.3900146484375,110317500,0.0,0.0
2014-11-20,1824.6600341796875,1825.1199951171875,1816.969970703125,1822.2900390625,1822.2900390625,111710700,0.0,0.0
2014-11-21,1817.1500244140625,1817.56005859375,1808.1300048828125,1809.1300048828125,1809.1300048828125,126495800,0.0,0.0
2014-11-24,1811.449951171875,1833.77001953125,1809.6300048828125,1833.77001953125,1833.77001953125,122471200,0.0,0.0
2014-11-25,1833.489990234375,1843.550048828125,1830.47998046875,1838.56005859375,1838.56005859375,171659800,0.0,0.0
2014-11-26,1840.52001953125,1845.0799560546875,1836.7900390625,1842.1700439453125,1842.1700439453125,85176400,0.0,0.0
2014-11-27,1838.199951171875,1845.760009765625,1828.0400390625,1829.9100341796875,1829.9100341796875,91733600,0.0,0.0
2014-11-28,1820.5699462890625,1827.1600341796875,1815.31005859375,1820.8900146484375,1820.8900146484375,151517700,0.0,0.0
2014-12-01,1821.52001953125,1821.52001953125,1768.2099609375,1778.27001953125,1778.27001953125,229820300,0.0,0.0
2014-12-02,1779.5400390625,1789.4200439453125,1763.550048828125,1785.969970703125,1785.969970703125,148643200,0.0,0.0
2014-12-03,1788.1500244140625,1789.0400390625,1758.1500244140625,1758.1500244140625,1758.1500244140625,144544200,0.0,0.0
2014-12-04,1760.25,1768.81005859375,1743.6199951171875,1745.68994140625,1745.68994140625,168115900,0.0,0.0
2014-12-05,1743.4000244140625,1755.93994140625,1740.56005859375,1749.3699951171875,1749.3699951171875,129531600,0.0,0.0
2014-12-08,1748.3800048828125,1750.4200439453125,1735.9200439453125,1740.8399658203125,1740.8399658203125,113945200,0.0,0.0
2014-12-09,1741.1700439453125,1741.31005859375,1730.77001953125,1738.0999755859375,1738.0999755859375,129896000,0.0,0.0
2014-12-10,1732.760009765625,1765.52001953125,1732.760009765625,1765.52001953125,1765.52001953125,137724600,0.0,0.0
2014-12-11,1748.1700439453125,1757.18994140625,1742.3499755859375,1744.5699462890625,1744.5699462890625,116887300,0.0,0.0
2014-12-12,1745.0400390625,1748.760009765625,1732.989990234375,1732.989990234375,1732.989990234375,159886000,0.0,0.0
2014-12-15,1715.8699951171875,1715.8699951171875,1695.5999755859375,1697.31005859375,1697.31005859375,182223600,0.0,0.0
2014-12-16,1688.739990234375,1693.9100341796875,1673.93994140625,1673.93994140625,1673.93994140625,179438500,0.0,0.0
2014-12-17,1673.0400390625,1691.989990234375,1671.8199462890625,1681.9000244140625,1681.9000244140625,177102000,0.0,0.0
2014-12-18,1688.030029296875,1704.8499755859375,1688.0,1699.949951171875,1699.949951171875,162022600,0.0,0.0
2014-12-19,1706.469970703125,1720.780029296875,1706.469970703125,1715.989990234375,1715.989990234375,175807500,0.0,0.0
2014-12-22,1723.8699951171875,1746.3900146484375,1722.6700439453125,1744.050048828125,1744.050048828125,113308200,0.0,0.0
2014-12-23,1745.4200439453125,1754.27001953125,1744.9599609375,1749.050048828125,1749.050048828125,123673500,0.0,0.0
2014-12-24,1740.449951171875,1751.780029296875,1732.1500244140625,1749.739990234375,1749.739990234375,73511300,0.0,0.0
2014-12-26,1747.25,1765.6099853515625,1747.199951171875,1764.43994140625,1764.43994140625,56935200,0.0,0.0
2014-12-29,1757.6500244140625,1770.06005859375,1753.969970703125,1768.4100341796875,1768.4100341796875,77018700,0.0,0.0
2014-12-30,1765.800048828125,1770.52001953125,1753.949951171875,1766.8299560546875,1766.8299560546875,120581600,0.0,0.0
2014-12-31,1759.760009765625,1768.8499755859375,1755.9300537109375,1761.25,1761.25,140838800,0.0,0.0
2015-01-02,1757.1500244140625,1757.9599609375,1741.449951171875,1752.77001953125,1752.77001953125,63584500,0.0,0.0
2015-01-05,1758.4300537109375,1759.1500244140625,1734.510009765625,1736.6199951171875,1736.6199951171875,98141200,0.0,0.0
2015-01-06,1730.93994140625,1730.93994140625,1708.780029296875,1716.5799560546875,1716.5799560546875,146055300,0.0,0.0
2015-01-07,1714.699951171875,1717.1700439453125,1706.1800537109375,1709.1800537109375,1709.1800537109375,171015600,0.0,0.0
2015-01-08,1714.4000244140625,1730.1800537109375,1714.02001953125,1728.06005859375,1728.06005859375,121085200,0.0,0.0
2015-01-09,1734.6099853515625,1738.5400390625,1725.81005859375,1732.43994140625,1732.43994140625,126253700,0.0,0.0
2015-01-12,1730.0999755859375,1735.0799560546875,1718.760009765625,1735.0799560546875,1735.0799560546875,95901300,0.0,0.0
2015-01-13,1726.5400390625,1750.1600341796875,1725.97998046875,1748.9000244140625,1748.9000244140625,147553800,0.0,0.0
2015-01-14,1742.6600341796875,1744.7099609375,1736.77001953125,1742.010009765625,1742.010009765625,182004300,0.0,0.0
2015-01-15,1747.5400390625,1750.93994140625,1738.239990234375,1745.0,1745.0,182936200,0.0,0.0
2015-01-16,1740.18994140625,1746.239990234375,1732.3499755859375,1743.5699462890625,1743.5699462890625,153211200,0.0,0.0
2015-01-19,1745.5,1755.1199951171875,1745.5,1753.31005859375,1753.31005859375,130847300,0.0,0.0
2015-01-20,1754.2099609375,1754.3399658203125,1745.6400146484375,1750.1099853515625,1750.1099853515625,123144400,0.0,0.0
2015-01-21,1752.9000244140625,1770.0899658203125,1751.4599609375,1770.0899658203125,1770.0899658203125,173119700,0.0,0.0
2015-01-22,1767.739990234375,1787.9100341796875,1763.6800537109375,1781.75,1781.75,212420500,0.0,0.0
2015-01-23,1792.469970703125,1809.3299560546875,1788.780029296875,1803.0799560546875,1803.0799560546875,213716000,0.0,0.0
2015-01-26,1800.489990234375,1801.06005859375,1792.6500244140625,1796.43994140625,1796.43994140625,131380100,0.0,0.0
2015-01-27,1789.9599609375,1810.2099609375,1788.550048828125,1803.1700439453125,1803.1700439453125,171841200,0.0,0.0
2015-01-28,1794.760009765625,1800.6400146484375,1790.02001953125,1795.8800048828125,1795.8800048828125,155963200,0.0,0.0
2015-01-29,1791.5899658203125,1794.8199462890625,1779.1700439453125,1782.1800537109375,1782.1800537109375,164067800,0.0,0.0
2015-01-30,1788.3599853515625,1789.3900146484375,1781.260009765625,1781.260009765625,1781.260009765625,161401900,0.0,0.0
2015-02-04,1814.719970703125,1831.4100341796875,1801.0899658203125,1803.02001953125,1803.02001953125,205670000,0.0,0.0
2015-02-05,1803.7900390625,1804.25,1796.4100341796875,1803.0899658203125,1803.0899658203125,141640900,0.0,0.0
2015-02-06,1806.31005859375,1814.300048828125,1806.0699462890625,1809.43994140625,1809.43994140625,144850600,0.0,0.0
2015-02-09,1815.6199951171875,1818.31005859375,1805.1600341796875,1811.5799560546875,1811.5799560546875,118228300,0.0,0.0
2015-02-10,1812.739990234375,1816.6199951171875,1808.68994140625,1811.1199951171875,1811.1199951171875,143961300,0.0,0.0
2015-02-11,1810.97998046875,1812.0799560546875,1790.800048828125,1798.949951171875,1798.949951171875,137960500,0.0,0.0
2015-02-12,1790.68994140625,1791.0,1780.2099609375,1789.0699462890625,1789.0699462890625,175244600,0.0,0.0
2015-02-13,1791.6800537109375,1800.949951171875,1790.31005859375,1800.949951171875,1800.949951171875,144816900,0.0,0.0
2015-02-16,1804.93994140625,1809.7099609375,1800.239990234375,1808.8900146484375,1808.8900146484375,135531000,0.0,0.0
2015-02-17,1808.4100341796875,1810.9000244140625,1804.52001953125,1810.0899658203125,1810.0899658203125,81090400,0.0,0.0
2015-02-18,1806.5400390625,1815.949951171875,1806.1700439453125,1807.8699951171875,1807.8699951171875,62964300,0.0,0.0
2015-02-23,1811.010009765625,1812.75,1804.949951171875,1809.3900146484375,1809.3900146484375,122063200,0.0,0.0
2015-02-24,1812.010009765625,1819.239990234375,1812.010009765625,1818.6800537109375,1818.6800537109375,142233200,0.0,0.0
2015-02-25,1818.219970703125,1818.3499755859375,1808.6500244140625,1815.8599853515625,1815.8599853515625,139625900,0.0,0.0
2015-02-26,1813.8800048828125,1821.6700439453125,1812.9000244140625,1820.8699951171875,1820.8699951171875,117349600,0.0,0.0
2015-02-27,1822.27001953125,1825.6500244140625,1811.739990234375,1821.2099609375,1821.2099609375,185436300,0.0,0.0
2015-03-02,1822.9100341796875,1825.3299560546875,1812.3499755859375,1817.1300048828125,1817.1300048828125,135243600,0.0,0.0
2015-03-03,1820.4300537109375,1825.7900390625,1817.93994140625,1821.25,1821.25,149718400,0.0,0.0
2015-03-04,1825.6600341796875,1826.050048828125,1819.1800537109375,1825.5400390625,1825.5400390625,141830300,0.0,0.0
2015-03-05,1819.6600341796875,1819.6700439453125,1805.800048828125,1806.0899658203125,1806.0899658203125,201060200,0.0,0.0
2015-03-06,1804.8599853515625,1809.6500244140625,1799.800048828125,1806.9599609375,1806.9599609375,161429300,0.0,0.0
2015-03-09,1790.5899658203125,1795.760009765625,1778.989990234375,1791.739990234375,1791.739990234375,158047500,0.0,0.0
2015-03-10,1794.8199462890625,1799.050048828125,1789.72998046875,1789.72998046875,1789.72998046875,154677800,0.0,0.0
2015-03-11,1783.469970703125,1787.22998046875,1774.969970703125,1778.1600341796875,1778.1600341796875,148643300,0.0,0.0
2015-03-12,1780.75,1789.9200439453125,1780.6500244140625,1786.8699951171875,1786.8699951171875,126430200,0.0,0.0
2015-03-13,1784.97998046875,1789.3599853515625,1781.75,1781.75,1781.75,90412600,0.0,0.0
2015-03-16,1777.280029296875,1787.2900390625,1774.300048828125,1780.5400390625,1780.5400390625,102530900,0.0,0.0
2015-03-17,1779.9599609375,1789.4000244140625,1779.9599609375,1787.8699951171875,1787.8699951171875,94763700,0.0,0.0
2015-03-18,1790.3199462890625,1800.8299560546875,1787.77001953125,1797.5699462890625,1797.5699462890625,115589100,0.0,0.0
2015-03-19,1798.219970703125,1815.7099609375,1798.030029296875,1809.1300048828125,1809.1300048828125,109456400,0.0,0.0
2015-03-20,1803.56005859375,1806.9000244140625,1798.739990234375,1803.6500244140625,1803.6500244140625,206331900,0.0,0.0
2015-03-23,1801.22998046875,1811.0799560546875,1795.8499755859375,1795.8499755859375,1795.8499755859375,103209900,0.0,0.0
2015-03-24,1798.8199462890625,1814.5400390625,1798.239990234375,1814.0400390625,1814.0400390625,117342000,0.0,0.0
2015-03-25,1812.4300537109375,1823.18994140625,1812.1800537109375,1819.0999755859375,1819.0999755859375,123798700,0.0,0.0
2015-03-26,1816.8499755859375,1820.52001953125,1815.4100341796875,1818.4200439453125,1818.4200439453125,99162400,0.0,0.0
2015-03-27,1815.1500244140625,1818.31005859375,1813.300048828125,1813.3699951171875,1813.3699951171875,118234000,0.0,0.0
2015-03-30,1815.52001953125,1825.760009765625,1815.02001953125,1821.8299560546875,1821.8299560546875,97386800,0.0,0.0
2015-03-31,1828.8800048828125,1832.8499755859375,1825.300048828125,1830.780029296875,1830.780029296875,166808200,0.0,0.0
2015-04-01,1831.3499755859375,1831.3499755859375,1823.6099853515625,1826.31005859375,1826.31005859375,83327200,0.0,0.0
2015-04-02,1827.6600341796875,1832.3699951171875,1826.280029296875,1831.969970703125,1831.969970703125,123704300,0.0,0.0
2015-04-03,1831.3399658203125,1836.8199462890625,1829.739990234375,1834.52001953125,1834.52001953125,66470200,0.0,0.0
2015-04-06,1838.300048828125,1844.8299560546875,1837.510009765625,1842.93994140625,1842.93994140625,89728300,0.0,0.0
2015-04-07,1843.1800537109375,1856.510009765625,1843.1800537109375,1856.510009765625,1856.510009765625,121385900,0.0,0.0
2015-04-08,1852.489990234375,1853.2099609375,1848.0,1850.31005859375,1850.31005859375,106668700,0.0,0.0
2015-04-09,1848.4300537109375,1849.77001953125,1843.989990234375,1849.3900146484375,1849.3900146484375,97636800,0.0,0.0
2015-04-10,1846.8499755859375,1849.780029296875,1840.77001953125,1844.31005859375,1844.31005859375,97909400,0.0,0.0
2015-04-13,1842.8900146484375,1847.5,1840.9100341796875,1842.0799560546875,1842.0799560546875,99504500,0.0,0.0
2015-04-14,1845.510009765625,1846.31005859375,1837.25,1839.6099853515625,1839.6099853515625,120609300,0.0,0.0
2015-04-15,1837.4599609375,1846.06005859375,1836.3699951171875,1840.1300048828125,1840.1300048828125,156091200,0.0,0.0
2015-04-16,1842.0400390625,1849.219970703125,1838.27001953125,1847.93994140625,1847.93994140625,133056200,0.0,0.0
2015-04-17,1848.0899658203125,1852.949951171875,1845.0899658203125,1845.8599853515625,1845.8599853515625,124815300,0.0,0.0
2015-04-20,1844.25,1848.969970703125,1841.0999755859375,1848.6600341796875,1848.6600341796875,97523900,0.0,0.0
2015-04-21,1850.7099609375,1862.800048828125,1850.3499755859375,1862.800048828125,1862.800048828125,128594500,0.0,0.0
2015-04-22,1863.6099853515625,1863.6099853515625,1853.719970703125,1854.77001953125,1854.77001953125,102213800,0.0,0.0
2015-04-23,1848.2900390625,1855.699951171875,1846.0799560546875,1846.0799560546875,1846.0799560546875,80461600,0.0,0.0
2015-04-24,1852.989990234375,1862.5799560546875,1849.7099609375,1862.5799560546875,1862.5799560546875,115608700,0.0,0.0
2015-04-27,1864.68994140625,1867.530029296875,1859.1800537109375,1859.5799560546875,1859.5799560546875,114674400,0.0,0.0
2015-04-28,1861.5899658203125,1862.1400146484375,1850.0400390625,1855.06005859375,1855.06005859375,112289200,0.0,0.0
2015-04-29,1855.0999755859375,1855.4599609375,1842.8399658203125,1842.9300537109375,1842.9300537109375,127680900,0.0,0.0
2015-04-30,1840.2900390625,1841.06005859375,1818.27001953125,1818.27001953125,1818.27001953125,161926000,0.0,0.0
2015-05-05,1830.3199462890625,1830.9000244140625,1818.1600341796875,1827.4200439453125,1827.4200439453125,136679200,0.0,0.0
2015-05-06,1824.2099609375,1824.2099609375,1813.010009765625,1820.969970703125,1820.969970703125,118204400,0.0,0.0
2015-05-07,1808.3199462890625,1818.7900390625,1805.0999755859375,1805.0999755859375,1805.0999755859375,140657900,0.0,0.0
2015-05-08,1806.3199462890625,1814.280029296875,1805.3499755859375,1807.6500244140625,1807.6500244140625,129489800,0.0,0.0
2015-05-11,1809.219970703125,1814.239990234375,1803.5699462890625,1805.489990234375,1805.489990234375,93824400,0.0,0.0
2015-05-12,1798.6400146484375,1802.5400390625,1797.010009765625,1798.6099853515625,1798.6099853515625,104348200,0.0,0.0
2015-05-13,1801.0799560546875,1803.6800537109375,1795.1600341796875,1803.02001953125,1803.02001953125,129702200,0.0,0.0
2015-05-14,1806.1199951171875,1807.9000244140625,1803.6300048828125,1805.8699951171875,1805.8699951171875,113680700,0.0,0.0
2015-05-15,1806.6099853515625,1811.9200439453125,1802.050048828125,1811.9200439453125,1811.9200439453125,56989200,0.0,0.0
2015-05-18,1813.52001953125,1823.5,1808.7900390625,1823.5,1823.5,81619800,0.0,0.0
2015-05-19,1819.02001953125,1819.5799560546875,1808.0699462890625,1809.719970703125,1809.719970703125,93333500,0.0,0.0
2015-05-20,1812.0699462890625,1812.5899658203125,1807.949951171875,1810.1099853515625,1810.1099853515625,105610700,0.0,0.0
2015-05-21,1810.3699951171875,1810.7099609375,1793.3399658203125,1795.0400390625,1795.0400390625,143152100,0.0,0.0
2015-05-22,1798.3299560546875,1798.4599609375,1780.1099853515625,1787.5,1787.5,136764900,0.0,0.0
2015-05-25,1787.02001953125,1787.6400146484375,1764.6300048828125,1767.3800048828125,1767.3800048828125,101842300,0.0,0.0
2015-05-26,1767.0400390625,1776.0699462890625,1755.0899658203125,1764.0699462890625,1764.0699462890625,130627500,0.0,0.0
2015-05-27,1758.3499755859375,1758.3499755859375,1749.780029296875,1755.050048828125,1755.050048828125,163751900,0.0,0.0
2015-05-28,1757.9100341796875,1759.4300537109375,1750.719970703125,1755.56005859375,1755.56005859375,121935400,0.0,0.0
2015-05-29,1751.3499755859375,1755.8199462890625,1746.06005859375,1747.52001953125,1747.52001953125,254439600,0.0,0.0
2015-06-01,1751.8199462890625,1752.0799560546875,1732.27001953125,1743.4100341796875,1743.4100341796875,129254300,0.0,0.0
2015-06-02,1743.47998046875,1746.489990234375,1736.5699462890625,1741.3699951171875,1741.3699951171875,147077200,0.0,0.0
2015-06-03,1748.5899658203125,1750.6800537109375,1743.1199951171875,1749.1700439453125,1749.1700439453125,140038900,0.0,0.0
2015-06-04,1742.02001953125,1749.199951171875,1739.9200439453125,1741.47998046875,1741.47998046875,114533700,0.0,0.0
2015-06-05,1743.1600341796875,1746.280029296875,1737.8800048828125,1745.3299560546875,1745.3299560546875,78044000,0.0,0.0
2015-06-08,1736.0699462890625,1741.1099853515625,1727.010009765625,1739.449951171875,1739.449951171875,86610500,0.0,0.0
2015-06-09,1737.530029296875,1738.760009765625,1729.050048828125,1729.050048828125,1729.050048828125,94292600,0.0,0.0
2015-06-10,1730.93994140625,1739.47998046875,1730.75,1735.6300048828125,1735.6300048828125,108781500,0.0,0.0
2015-06-11,1744.77001953125,1744.77001953125,1733.1700439453125,1734.760009765625,1734.760009765625,120346500,0.0,0.0
2015-06-12,1740.989990234375,1740.989990234375,1732.5899658203125,1734.3699951171875,1734.3699951171875,74602300,0.0,0.0
2015-06-15,1733.280029296875,1734.4000244140625,1722.1600341796875,1722.1600341796875,1722.1600341796875,126558200,0.0,0.0
2015-06-16,1721.1600341796875,1726.780029296875,1718.43994140625,1722.239990234375,1722.239990234375,91685000,0.0,0.0
2015-06-17,1722.7099609375,1728.06005859375,1721.22998046875,1726.8599853515625,1726.8599853515625,107186100,0.0,0.0
2015-06-18,1725.280029296875,1727.300048828125,1714.219970703125,1718.1199951171875,1718.1199951171875,117882100,0.0,0.0
2015-06-19,1718.7099609375,1726.97998046875,1715.8299560546875,1721.77001953125,1721.77001953125,183198100,0.0,0.0
2015-06-22,1721.6199951171875,1735.9000244140625,1720.8399658203125,1732.760009765625,1732.760009765625,114113300,0.0,0.0
2015-06-23,1734.56005859375,1734.969970703125,1726.8599853515625,1726.8599853515625,1726.8599853515625,104992400,0.0,0.0
2015-06-24,1727.5899658203125,1731.6800537109375,1724.469970703125,1731.6800537109375,1731.6800537109375,110894800,0.0,0.0
2015-06-25,1729.5799560546875,1729.6400146484375,1716.81005859375,1716.81005859375,1716.81005859375,134881200,0.0,0.0
2015-06-26,1716.6400146484375,1716.6400146484375,1709.8699951171875,1710.469970703125,1710.469970703125,84028600,0.0,0.0
2015-06-29,1709.3499755859375,1709.3499755859375,1688.43994140625,1691.9200439453125,1691.9200439453125,115419900,0.0,0.0
2015-06-30,1695.3599853515625,1708.3800048828125,1691.030029296875,1706.6400146484375,1706.6400146484375,171042600,0.0,0.0
2015-07-01,1709.77001953125,1737.6700439453125,1709.77001953125,1727.9599609375,1727.9599609375,143083700,0.0,0.0
2015-07-02,1729.56005859375,1738.6700439453125,1728.4300537109375,1733.8800048828125,1733.8800048828125,126592100,0.0,0.0
2015-07-03,1737.22998046875,1738.0899658203125,1724.5,1734.239990234375,1734.239990234375,82206800,0.0,0.0
2015-07-06,1728.4300537109375,1728.4300537109375,1706.5999755859375,1717.050048828125,1717.050048828125,91770500,0.0,0.0
2015-07-07,1714.27001953125,1718.030029296875,1708.6400146484375,1712.300048828125,1712.300048828125,112746300,0.0,0.0
2015-07-08,1706.469970703125,1706.699951171875,1693.3499755859375,1695.8299560546875,1695.8299560546875,132600500,0.0,0.0
2015-07-09,1687.260009765625,1704.8800048828125,1685.030029296875,1701.5400390625,1701.5400390625,107192300,0.0,0.0
2015-07-10,1698.260009765625,1720.8199462890625,1698.260009765625,1715.5799560546875,1715.5799560546875,83498500,0.0,0.0
2015-07-13,1710.75,1718.3900146484375,1707.0,1716.1099853515625,1716.1099853515625,69578700,0.0,0.0
2015-07-14,1720.06005859375,1727.0699462890625,1720.06005859375,1721.0999755859375,1721.0999755859375,91842100,0.0,0.0
2015-07-15,1698.260009765625,1720.8199462890625,1698.260009765625,1715.5799560546875,1715.5799560546875,131821800,0.0,0.0
2015-07-16,1722.0400390625,1727.5,1720.699951171875,1726.72998046875,1726.72998046875,74418900,0.0,0.0
2015-07-20,1733.2900390625,1735.75,1720.02001953125,1724.1300048828125,1724.1300048828125,89082700,0.0,0.0
2015-07-21,1725.4300537109375,1736.18994140625,1722.6099853515625,1736.18994140625,1736.18994140625,86252500,0.0,0.0
2015-07-22,1731.1199951171875,1732.5400390625,1725.52001953125,1729.530029296875,1729.530029296875,111393000,0.0,0.0
2015-07-23,1729.5699462890625,1731.1800537109375,1722.43994140625,1722.43994140625,1722.43994140625,78530800,0.0,0.0
2015-07-24,1720.010009765625,1721.449951171875,1712.489990234375,1720.760009765625,1720.760009765625,74377600,0.0,0.0
2015-07-27,1710.969970703125,1718.5999755859375,1709.760009765625,1709.760009765625,1709.760009765625,77096500,0.0,0.0
2015-07-28,1708.6199951171875,1713.06005859375,1699.699951171875,1699.699951171875,1699.699951171875,132816900,0.0,0.0
2015-07-29,1699.5999755859375,1702.3599853515625,1696.719970703125,1698.989990234375,1698.989990234375,118132600,0.0,0.0
2015-07-30,1696.739990234375,1706.260009765625,1695.6600341796875,1699.9200439453125,1699.9200439453125,86618200,0.0,0.0
2015-07-31,1701.31005859375,1723.1400146484375,1701.31005859375,1723.1400146484375,1723.1400146484375,131520200,0.0,0.0
2015-08-03,1716.989990234375,1744.18994140625,1714.8199462890625,1744.18994140625,1744.18994140625,67706700,0.0,0.0
2015-08-04,1730.0899658203125,1730.81005859375,1722.9100341796875,1723.72998046875,1723.72998046875,95571800,0.0,0.0
2015-08-05,1723.530029296875,1729.9100341796875,1723.219970703125,1725.56005859375,1725.56005859375,82196200,0.0,0.0
2015-08-06,1720.8499755859375,1722.300048828125,1694.6400146484375,1694.6400146484375,1694.6400146484375,151522600,0.0,0.0
2015-08-07,1692.3299560546875,1695.1800537109375,1677.219970703125,1682.6500244140625,1682.6500244140625,126264000,0.0,0.0
2015-08-10,1672.5699462890625,1672.5699462890625,1649.1199951171875,1654.3699951171875,1654.3699951171875,122089200,0.0,0.0
2015-08-11,1653.43994140625,1661.6199951171875,1635.77001953125,1636.7099609375,1636.7099609375,128582200,0.0,0.0
2015-08-12,1629.2099609375,1629.6300048828125,1603.260009765625,1609.9300537109375,1609.9300537109375,156556000,0.0,0.0
2015-08-13,1605.6300048828125,1626.8599853515625,1605.4599609375,1621.6199951171875,1621.6199951171875,147097400,0.0,0.0
2015-08-14,1623.9100341796875,1626.9000244140625,1590.5699462890625,1596.8199462890625,1596.8199462890625,194095800,0.0,0.0
2015-08-17,1590.81005859375,1594.4599609375,1569.18994140625,1572.5400390625,1572.5400390625,180392000,0.0,0.0
2015-08-18,1573.0899658203125,1584.050048828125,1562.8800048828125,1579.5999755859375,1579.5999755859375,165183700,0.0,0.0
2015-08-19,1594.6800537109375,1594.6800537109375,1580.25,1582.43994140625,1582.43994140625,136549000,0.0,0.0
2015-08-20,1574.510009765625,1579.6600341796875,1562.1099853515625,1577.4100341796875,1577.4100341796875,128277700,0.0,0.0
2015-08-21,1563.6500244140625,1583.3800048828125,1557.010009765625,1574.6700439453125,1574.6700439453125,174650100,0.0,0.0
2015-08-24,1553.25,1554.0799560546875,1532.1400146484375,1532.1400146484375,1532.1400146484375,200118300,0.0,0.0
2015-08-25,1515.72998046875,1568.4200439453125,1503.6800537109375,1563.93994140625,1563.93994140625,218974400,0.0,0.0
2015-08-26,1559.75,1585.5899658203125,1554.3699951171875,1580.3699951171875,1580.3699951171875,192820200,0.0,0.0
2015-08-27,1582.75,1601.699951171875,1579.97998046875,1601.699951171875,1601.699951171875,189934700,0.0,0.0
2015-08-28,1609.0400390625,1621.239990234375,1608.0400390625,1612.739990234375,1612.739990234375,211033200,0.0,0.0
2015-09-01,1655.469970703125,1660.219970703125,1603.25,1609.2099609375,1609.2099609375,252654300,0.0,0.0
2015-09-02,1602.5999755859375,1602.5999755859375,1583.6300048828125,1590.18994140625,1590.18994140625,188000600,0.0,0.0
2015-09-03,1597.510009765625,1605.72998046875,1592.6700439453125,1602.75,1602.75,113685300,0.0,0.0
2015-09-04,1602.050048828125,1602.3199462890625,1587.6099853515625,1589.1600341796875,1589.1600341796875,110276000,0.0,0.0
2015-09-07,1578.5,1582.8499755859375,1567.9100341796875,1582.8499755859375,1582.8499755859375,107149000,0.0,0.0
2015-09-08,1584.199951171875,1594.9100341796875,1576.9599609375,1587.1199951171875,1587.1199951171875,117940200,0.0,0.0
2015-09-09,1597.9000244140625,1605.7900390625,1596.6700439453125,1603.3599853515625,1603.3599853515625,190921000,0.0,0.0
2015-09-10,1592.1600341796875,1614.02001953125,1586.8399658203125,1614.02001953125,1614.02001953125,155384400,0.0,0.0
2015-09-11,1605.0899658203125,1612.3199462890625,1602.5400390625,1603.5999755859375,1603.5999755859375,118033100,0.0,0.0
2015-09-14,1605.1400146484375,1645.489990234375,1600.699951171875,1639.6300048828125,1639.6300048828125,160732400,0.0,0.0
2015-09-15,1648.0400390625,1656.0799560546875,1639.969970703125,1647.1500244140625,1647.1500244140625,165312000,0.0,0.0
2015-09-17,1670.9599609375,1691.9300537109375,1669.4000244140625,1681.5400390625,1681.5400390625,266058500,0.0,0.0
2015-09-18,1680.5799560546875,1684.4000244140625,1661.56005859375,1669.449951171875,1669.449951171875,188040800,0.0,0.0
2015-09-21,1661.5400390625,1661.949951171875,1638.8299560546875,1639.469970703125,1639.469970703125,147140100,0.0,0.0
2015-09-22,1640.5799560546875,1641.4100341796875,1628.239990234375,1635.3699951171875,1635.3699951171875,128272900,0.0,0.0
2015-09-23,1626.8599853515625,1626.9599609375,1609.8299560546875,1613.1700439453125,1613.1700439453125,165941300,0.0,0.0
2015-09-25,1604.1500244140625,1617.43994140625,1603.02001953125,1615.010009765625,1615.010009765625,146880900,0.0,0.0
2015-09-28,1612.52001953125,1613.9599609375,1600.27001953125,1608.4300537109375,1608.4300537109375,102324900,0.0,0.0
2015-09-29,1600.8900146484375,1604.93994140625,1595.219970703125,1603.3199462890625,1603.3199462890625,169217600,0.0,0.0
2015-09-30,1602.52001953125,1621.8599853515625,1601.5400390625,1621.0400390625,1621.0400390625,214255400,0.0,0.0
2015-10-01,1622.6099853515625,1635.1300048828125,1617.4200439453125,1633.9300537109375,1633.9300537109375,142136100,0.0,0.0
2015-10-02,1634.3299560546875,1634.8900146484375,1620.5799560546875,1628.800048828125,1628.800048828125,134979900,0.0,0.0
2015-10-05,1629.5899658203125,1647.5899658203125,1629.1500244140625,1647.5899658203125,1647.5899658203125,137529300,0.0,0.0
2015-10-06,1658.97998046875,1662.9599609375,1652.5,1662.510009765625,1662.510009765625,176442500,0.0,0.0
2015-10-07,1658.6500244140625,1690.7900390625,1657.72998046875,1689.25,1689.25,267171700,0.0,0.0
2015-10-08,1682.6700439453125,1701.2099609375,1681.780029296875,1692.199951171875,1692.199951171875,222987900,0.0,0.0
2015-10-09,1702.780029296875,1717.47998046875,1702.52001953125,1706.5400390625,1706.5400390625,235294400,0.0,0.0
2015-10-12,1703.239990234375,1719.9000244140625,1700.6500244140625,1709.8599853515625,1709.8599853515625,151884300,0.0,0.0
2015-10-13,1710.5,1716.75,1705.300048828125,1711.1400146484375,1711.1400146484375,160943100,0.0,0.0
2015-10-15,1709.02001953125,1721.3399658203125,1706.8699951171875,1713.25,1713.25,181049200,0.0,0.0
2015-10-16,1717.010009765625,1720.4200439453125,1713.6700439453125,1716.8199462890625,1716.8199462890625,137729100,0.0,0.0
2015-10-19,1712.0799560546875,1727.4100341796875,1708.31005859375,1718.199951171875,1718.199951171875,122119500,0.0,0.0
2015-10-20,1715.8800048828125,1716.4599609375,1702.8399658203125,1705.030029296875,1705.030029296875,119503400,0.0,0.0
2015-10-21,1700.3599853515625,1710.25,1695.3800048828125,1707.1099853515625,1707.1099853515625,122841200,0.0,0.0
2015-10-22,1701.68994140625,1711.3900146484375,1701.68994140625,1705.0899658203125,1705.0899658203125,103208800,0.0,0.0
2015-10-23,1716.97998046875,1717.489990234375,1709.56005859375,1710.9300537109375,1710.9300537109375,108239300,0.0,0.0
2015-10-26,1715.300048828125,1715.949951171875,1703.0899658203125,1706.7900390625,1706.7900390625,106307200,0.0,0.0
2015-10-27,1702.5699462890625,1703.75,1694.219970703125,1696.949951171875,1696.949951171875,131721300,0.0,0.0
2015-10-28,1694.6400146484375,1694.97998046875,1684.3599853515625,1686.510009765625,1686.510009765625,120900800,0.0,0.0
2015-10-29,1689.3399658203125,1691.280029296875,1666.97998046875,1666.97998046875,1666.97998046875,167476200,0.0,0.0
2015-10-30,1667.4200439453125,1673.260009765625,1663.760009765625,1665.7099609375,1665.7099609375,142785600,0.0,0.0
2015-11-02,1665.300048828125,1667.4300537109375,1658.97998046875,1664.0699462890625,1664.0699462890625,113560800,0.0,0.0
2015-11-03,1665.0699462890625,1677.56005859375,1665.0699462890625,1677.56005859375,1677.56005859375,127275700,0.0,0.0
2015-11-04,1681.6600341796875,1687.949951171875,1679.7900390625,1685.6199951171875,1685.6199951171875,172871500,0.0,0.0
2015-11-05,1683.4300537109375,1696.989990234375,1679.9100341796875,1688.5400390625,1688.5400390625,130943800,0.0,0.0
2015-11-06,1686.3499755859375,1693.0699462890625,1685.0799560546875,1685.699951171875,1685.699951171875,104942900,0.0,0.0
2015-11-09,1683.8800048828125,1686.3199462890625,1680.7900390625,1686.1099853515625,1686.1099853515625,79583400,0.0,0.0
2015-11-11,1673.0999755859375,1674.6800537109375,1657.8800048828125,1665.3199462890625,1665.3199462890625,154966900,0.0,0.0
2015-11-12,1663.47998046875,1670.030029296875,1657.77001953125,1663.199951171875,1663.199951171875,110752900,0.0,0.0
2015-11-13,1663.9300537109375,1664.5899658203125,1651.449951171875,1658.9100341796875,1658.9100341796875,134427000,0.0,0.0
2015-11-16,1651.31005859375,1658.800048828125,1644.2900390625,1656.0,1656.0,101158000,0.0,0.0
2015-11-17,1661.280029296875,1677.3699951171875,1660.0699462890625,1661.530029296875,1661.530029296875,125022700,0.0,0.0
2015-11-18,1661.4100341796875,1664.6400146484375,1656.27001953125,1656.5,1656.5,107855700,0.0,0.0
2015-11-19,1657.0899658203125,1664.300048828125,1655.989990234375,1660.06005859375,1660.06005859375,106337300,0.0,0.0
2015-11-20,1660.1700439453125,1663.47998046875,1657.1300048828125,1661.8900146484375,1661.8900146484375,101821000,0.0,0.0
2015-11-23,1661.5899658203125,1673.9200439453125,1661.5899658203125,1670.9000244140625,1670.9000244140625,102940500,0.0,0.0
2015-11-24,1678.6800537109375,1686.68994140625,1677.030029296875,1677.030029296875,1677.030029296875,138687000,0.0,0.0
2015-11-25,1672.6300048828125,1684.77001953125,1671.5799560546875,1684.4200439453125,1684.4200439453125,138458200,0.0,0.0
2015-11-26,1678.1500244140625,1688.7900390625,1674.6700439453125,1683.0899658203125,1683.0899658203125,139035200,0.0,0.0
2015-11-27,1676.9300537109375,1684.6300048828125,1674.8299560546875,1682.5899658203125,1682.5899658203125,128880000,0.0,0.0
2015-11-30,1675.4100341796875,1675.4100341796875,1663.030029296875,1672.1600341796875,1672.1600341796875,285485000,0.0,0.0
2015-12-01,1670.2900390625,1682.3699951171875,1667.1600341796875,1682.3699951171875,1682.3699951171875,173855000,0.0,0.0
2015-12-02,1682.530029296875,1686.3599853515625,1676.77001953125,1676.77001953125,1676.77001953125,107987000,0.0,0.0
2015-12-03,1671.989990234375,1677.0,1671.4300537109375,1673.9200439453125,1673.9200439453125,117665100,0.0,0.0
2015-12-04,1670.800048828125,1673.1099853515625,1667.1400146484375,1667.8699951171875,1667.8699951171875,103742900,0.0,0.0
2015-12-07,1670.25,1675.9599609375,1668.5899658203125,1672.0,1672.0,102348700,0.0,0.0
2015-12-08,1669.6700439453125,1672.0400390625,1665.969970703125,1669.239990234375,1669.239990234375,92898900,0.0,0.0
2015-12-09,1667.18994140625,1668.4599609375,1659.3599853515625,1659.3599853515625,1659.3599853515625,110462000,0.0,0.0
2015-12-10,1660.469970703125,1661.18994140625,1648.6500244140625,1648.6500244140625,1648.6500244140625,138649000,0.0,0.0
2015-12-11,1650.1099853515625,1650.1400146484375,1640.1400146484375,1640.1400146484375,1640.1400146484375,149964200,0.0,0.0
2015-12-14,1629.3199462890625,1635.280029296875,1625.1199951171875,1629.9599609375,1629.9599609375,117135400,0.0,0.0
2015-12-15,1631.0999755859375,1633.3499755859375,1622.8399658203125,1622.8399658203125,1622.8399658203125,123296800,0.0,0.0
2015-12-16,1637.8399658203125,1638.3699951171875,1628.760009765625,1634.1300048828125,1634.1300048828125,123298000,0.0,0.0
2015-12-17,1635.9599609375,1656.52001953125,1635.1199951171875,1656.52001953125,1656.52001953125,166589900,0.0,0.0
2015-12-18,1651.77001953125,1651.77001953125,1642.8299560546875,1643.9000244140625,1643.9000244140625,146115400,0.0,0.0
2015-12-21,1641.9200439453125,1641.9200439453125,1627.6300048828125,1629.0899658203125,1629.0899658203125,89683000,0.0,0.0
2015-12-22,1634.3399658203125,1643.260009765625,1630.969970703125,1643.260009765625,1643.260009765625,102153300,0.0,0.0
2015-12-23,1641.1800537109375,1663.510009765625,1641.1400146484375,1663.510009765625,1663.510009765625,110609400,0.0,0.0
2015-12-28,1659.5699462890625,1674.97998046875,1658.800048828125,1670.72998046875,1670.72998046875,118476500,0.0,0.0
2015-12-29,1674.8900146484375,1686.4000244140625,1674.8900146484375,1685.3599853515625,1685.3599853515625,122230100,0.0,0.0
2015-12-30,1686.949951171875,1706.25,1686.8499755859375,1693.1400146484375,1693.1400146484375,121707500,0.0,0.0
2015-12-31,1692.5,1697.4300537109375,1688.739990234375,1692.510009765625,1692.510009765625,81641200,0.0,0.0
2016-01-04,1686.8199462890625,1687.8900146484375,1653.3699951171875,1653.3699951171875,1653.3699951171875,101177800,0.0,0.0
2016-01-05,1655.030029296875,1673.1700439453125,1653.0,1665.699951171875,1665.699951171875,116744800,0.0,0.0
2016-01-06,1667.8699951171875,1675.3699951171875,1661.68994140625,1667.969970703125,1667.969970703125,130517600,0.0,0.0
2016-01-07,1663.3599853515625,1669.7900390625,1655.1300048828125,1655.1300048828125,1655.1300048828125,142925700,0.0,0.0
2016-01-08,1651.030029296875,1664.530029296875,1648.6600341796875,1657.6099853515625,1657.6099853515625,116570900,0.0,0.0
2016-01-11,1657.8900146484375,1657.8900146484375,1637.5899658203125,1637.5899658203125,1637.5899658203125,120979600,0.0,0.0
2016-01-12,1636.9300537109375,1648.4300537109375,1636.9300537109375,1641.3699951171875,1641.3699951171875,145140100,0.0,0.0
2016-01-13,1642.9000244140625,1646.47998046875,1640.6400146484375,1642.5400390625,1642.5400390625,114003400,0.0,0.0
2016-01-14,1639.300048828125,1639.300048828125,1632.3399658203125,1633.43994140625,1633.43994140625,123216900,0.0,0.0
2016-01-15,1635.030029296875,1639.1199951171875,1628.550048828125,1628.550048828125,1628.550048828125,110935100,0.0,0.0
2016-01-18,1624.47998046875,1625.4599609375,1608.81005859375,1622.6400146484375,1622.6400146484375,113417400,0.0,0.0
2016-01-19,1622.3699951171875,1632.5999755859375,1621.8599853515625,1629.219970703125,1629.219970703125,124174400,0.0,0.0
2016-01-20,1628.1600341796875,1628.6500244140625,1618.3199462890625,1618.8299560546875,1618.8299560546875,145272500,0.0,0.0
2016-01-21,1616.1199951171875,1618.06005859375,1600.9200439453125,1600.9200439453125,1600.9200439453125,138203300,0.0,0.0
2016-01-22,1609.4000244140625,1626.489990234375,1609.4000244140625,1625.2099609375,1625.2099609375,142797600,0.0,0.0
2016-01-26,1627.2900390625,1627.43994140625,1618.260009765625,1626.6600341796875,1626.6600341796875,123230900,0.0,0.0
2016-01-27,1627.300048828125,1640.8399658203125,1627.300048828125,1631.5400390625,1631.5400390625,120200600,0.0,0.0
2016-01-28,1631.47998046875,1639.030029296875,1626.4000244140625,1634.530029296875,1634.530029296875,228349900,0.0,0.0
2016-01-29,1635.3399658203125,1667.800048828125,1631.6199951171875,1667.800048828125,1667.800048828125,399912300,0.0,0.0
2016-02-02,1663.989990234375,1666.510009765625,1651.2900390625,1653.1800537109375,1653.1800537109375,216239600,0.0,0.0
2016-02-03,1636.6600341796875,1642.530029296875,1631.1099853515625,1633.300048828125,1633.300048828125,139017600,0.0,0.0
2016-02-04,1638.0899658203125,1656.8199462890625,1638.0899658203125,1656.77001953125,1656.77001953125,166349800,0.0,0.0
2016-02-05,1654.5999755859375,1663.77001953125,1653.6800537109375,1662.4599609375,1662.4599609375,134059600,0.0,0.0
2016-02-10,1670.9300537109375,1670.9300537109375,1644.4100341796875,1644.4100341796875,1644.4100341796875,89639000,0.0,0.0
2016-02-11,1644.5999755859375,1645.5,1638.8800048828125,1643.949951171875,1643.949951171875,103301900,0.0,0.0
2016-02-12,1643.6600341796875,1648.699951171875,1638.5,1643.739990234375,1643.739990234375,121512600,0.0,0.0
2016-02-15,1652.6500244140625,1661.3399658203125,1648.4599609375,1649.9599609375,1649.9599609375,115816700,0.0,0.0
2016-02-16,1651.4300537109375,1664.989990234375,1651.3499755859375,1664.989990234375,1664.989990234375,138283100,0.0,0.0
2016-02-17,1658.75,1669.02001953125,1658.27001953125,1664.3199462890625,1664.3199462890625,108651100,0.0,0.0
2016-02-18,1665.800048828125,1685.6500244140625,1665.800048828125,1680.02001953125,1680.02001953125,150990900,0.0,0.0
2016-02-19,1673.8399658203125,1685.22998046875,1673.8399658203125,1674.8800048828125,1674.8800048828125,118055500,0.0,0.0
2016-02-22,1671.4100341796875,1679.9599609375,1670.469970703125,1674.5899658203125,1674.5899658203125,107313400,0.0,0.0
2016-02-23,1674.8800048828125,1685.8800048828125,1674.199951171875,1677.280029296875,1677.280029296875,116696100,0.0,0.0
2016-02-24,1676.4300537109375,1677.239990234375,1664.1700439453125,1664.1700439453125,1664.1700439453125,107944800,0.0,0.0
2016-02-25,1664.969970703125,1672.56005859375,1658.1600341796875,1658.1600341796875,1658.1600341796875,144154300,0.0,0.0
2016-02-26,1664.8399658203125,1665.6400146484375,1658.3599853515625,1663.43994140625,1663.43994140625,149809500,0.0,0.0
2016-02-29,1661.97998046875,1664.1099853515625,1651.550048828125,1654.75,1654.75,189494400,0.0,0.0
2016-03-01,1658.4200439453125,1670.8199462890625,1655.469970703125,1670.8199462890625,1670.8199462890625,111815800,0.0,0.0
2016-03-02,1674.6500244140625,1691.030029296875,1674.6500244140625,1691.030029296875,1691.030029296875,187497000,0.0,0.0
2016-03-03,1694.0799560546875,1699.9599609375,1684.3199462890625,1688.199951171875,1688.199951171875,171759100,0.0,0.0
2016-03-04,1686.47998046875,1700.489990234375,1685.72998046875,1692.489990234375,1692.489990234375,164233700,0.0,0.0
2016-03-07,1696.1099853515625,1710.199951171875,1694.0899658203125,1697.9300537109375,1697.9300537109375,161612100,0.0,0.0
2016-03-08,1700.8199462890625,1706.0799560546875,1684.530029296875,1687.8599853515625,1687.8599853515625,127269500,0.0,0.0
2016-03-09,1681.31005859375,1686.3499755859375,1676.9300537109375,1686.3499755859375,1686.3499755859375,108762100,0.0,0.0
2016-03-10,1684.68994140625,1694.3299560546875,1684.0999755859375,1690.9100341796875,1690.9100341796875,116245200,0.0,0.0
2016-03-11,1688.800048828125,1698.1500244140625,1688.1099853515625,1696.5400390625,1696.5400390625,108724100,0.0,0.0
2016-03-14,1696.199951171875,1708.0999755859375,1695.949951171875,1700.31005859375,1700.31005859375,103802700,0.0,0.0
2016-03-15,1695.6099853515625,1699.43994140625,1689.3299560546875,1690.9200439453125,1690.9200439453125,106942400,0.0,0.0
2016-03-16,1692.1600341796875,1697.260009765625,1689.3499755859375,1693.4300537109375,1693.4300537109375,100591400,0.0,0.0
2016-03-17,1696.6199951171875,1708.6199951171875,1695.8599853515625,1703.18994140625,1703.18994140625,171764500,0.0,0.0
2016-03-18,1709.1300048828125,1716.3399658203125,1705.6199951171875,1716.3399658203125,1716.3399658203125,217216400,0.0,0.0
2016-03-21,1714.3599853515625,1718.3599853515625,1707.1099853515625,1718.3599853515625,1718.3599853515625,146206200,0.0,0.0
2016-03-22,1716.699951171875,1724.75,1715.7900390625,1724.75,1724.75,188592000,0.0,0.0
2016-03-23,1721.5,1726.550048828125,1716.4300537109375,1724.550048828125,1724.550048828125,185618700,0.0,0.0
2016-03-24,1715.3800048828125,1720.97998046875,1710.8699951171875,1715.530029296875,1715.530029296875,119858700,0.0,0.0
2016-03-25,1712.77001953125,1712.8900146484375,1699.760009765625,1703.7900390625,1703.7900390625,91898100,0.0,0.0
2016-03-28,1701.719970703125,1702.81005859375,1698.260009765625,1702.4100341796875,1702.4100341796875,75263500,0.0,0.0
2016-03-29,1700.6700439453125,1715.68994140625,1699.300048828125,1715.0400390625,1715.0400390625,143735200,0.0,0.0
2016-03-30,1720.5,1724.1300048828125,1716.3699951171875,1717.8199462890625,1717.8199462890625,163657700,0.0,0.0
2016-03-31,1718.0,1719.739990234375,1713.219970703125,1717.5799560546875,1717.5799560546875,198346600,0.0,0.0
2016-04-01,1715.3599853515625,1720.27001953125,1706.219970703125,1710.550048828125,1710.550048828125,134223100,0.0,0.0
2016-04-04,1709.0,1725.239990234375,1709.0,1725.239990234375,1725.239990234375,118110400,0.0,0.0
2016-04-05,1719.0,1722.1300048828125,1716.4200439453125,1718.0799560546875,1718.0799560546875,112923800,0.0,0.0
2016-04-06,1713.8299560546875,1722.75,1713.8299560546875,1717.010009765625,1717.010009765625,156942900,0.0,0.0
2016-04-07,1717.739990234375,1724.2900390625,1716.760009765625,1724.2900390625,1724.2900390625,156082100,0.0,0.0
2016-04-08,1718.43994140625,1721.1400146484375,1714.22998046875,1718.4000244140625,1718.4000244140625,127970400,0.0,0.0
2016-04-11,1716.18994140625,1716.18994140625,1709.4200439453125,1715.280029296875,1715.280029296875,93553500,0.0,0.0
2016-04-12,1713.989990234375,1716.6600341796875,1711.4100341796875,1715.0,1715.0,82797200,0.0,0.0
2016-04-13,1719.469970703125,1726.300048828125,1717.8599853515625,1723.1099853515625,1723.1099853515625,136581000,0.0,0.0
2016-04-14,1722.31005859375,1729.1300048828125,1721.0999755859375,1723.780029296875,1723.780029296875,126493000,0.0,0.0
2016-04-15,1722.4599609375,1727.989990234375,1721.0999755859375,1727.989990234375,1727.989990234375,117829500,0.0,0.0
2016-04-18,1719.7900390625,1721.3900146484375,1710.43994140625,1717.6800537109375,1717.6800537109375,117817800,0.0,0.0
2016-04-19,1713.8699951171875,1717.699951171875,1708.300048828125,1711.1500244140625,1711.1500244140625,115709800,0.0,0.0
2016-04-20,1713.3599853515625,1715.4300537109375,1704.699951171875,1708.9100341796875,1708.9100341796875,130411700,0.0,0.0
2016-04-21,1709.8800048828125,1721.469970703125,1709.1099853515625,1721.469970703125,1721.469970703125,123825300,0.0,0.0
2016-04-22,1719.6600341796875,1720.0799560546875,1715.1800537109375,1717.9599609375,1717.9599609375,91018800,0.0,0.0
2016-04-25,1714.3800048828125,1717.0,1709.18994140625,1714.510009765625,1714.510009765625,81986400,0.0,0.0
2016-04-26,1713.9000244140625,1714.0999755859375,1692.5,1692.5,1692.5,121692700,0.0,0.0
2016-04-27,1689.6500244140625,1694.9100341796875,1682.47998046875,1692.3399658203125,1692.3399658203125,115170200,0.0,0.0
2016-04-28,1688.699951171875,1695.72998046875,1671.2099609375,1674.760009765625,1674.760009765625,249538900,0.0,0.0
2016-04-29,1671.52001953125,1672.719970703125,1660.9200439453125,1672.719970703125,1672.719970703125,200520000,0.0,0.0
2016-05-03,1674.510009765625,1676.030029296875,1649.7900390625,1651.43994140625,1651.43994140625,144155700,0.0,0.0
2016-05-04,1644.77001953125,1659.43994140625,1636.050048828125,1657.5799560546875,1657.5799560546875,180539300,0.0,0.0
2016-05-05,1653.050048828125,1653.050048828125,1641.75,1645.0899658203125,1645.0899658203125,143744200,0.0,0.0
2016-05-06,1642.0899658203125,1651.4200439453125,1633.1800537109375,1649.3599853515625,1649.3599853515625,133942000,0.0,0.0
2016-05-09,1647.3699951171875,1651.6099853515625,1632.18994140625,1632.18994140625,1632.18994140625,123230300,0.0,0.0
2016-05-10,1628.9000244140625,1638.010009765625,1614.4000244140625,1635.8399658203125,1635.8399658203125,153300100,0.0,0.0
2016-05-11,1636.43994140625,1646.9599609375,1630.4200439453125,1644.5799560546875,1644.5799560546875,126770300,0.0,0.0
2016-05-12,1640.0899658203125,1652.0999755859375,1639.1700439453125,1648.97998046875,1648.97998046875,121973000,0.0,0.0
2016-05-13,1643.6600341796875,1645.1400146484375,1618.9300537109375,1628.260009765625,1628.260009765625,300531200,0.0,0.0
2016-05-16,1628.52001953125,1628.52001953125,1611.9100341796875,1621.2099609375,1621.2099609375,143948700,0.0,0.0
2016-05-17,1619.47998046875,1634.4100341796875,1619.47998046875,1633.3900146484375,1633.3900146484375,123553400,0.0,0.0
2016-05-18,1624.75,1637.6700439453125,1621.4599609375,1635.719970703125,1635.719970703125,152382000,0.0,0.0
2016-05-19,1621.0799560546875,1635.4300537109375,1621.0799560546875,1633.760009765625,1633.760009765625,154070400,0.0,0.0
2016-05-20,1634.8299560546875,1636.949951171875,1628.7900390625,1628.7900390625,1628.7900390625,125586600,0.0,0.0
2016-05-23,1628.8299560546875,1634.8900146484375,1621.4300537109375,1634.8900146484375,1634.8900146484375,93528500,0.0,0.0
2016-05-24,1631.27001953125,1631.760009765625,1625.81005859375,1625.8399658203125,1625.8399658203125,136478000,0.0,0.0
2016-05-25,1630.010009765625,1631.1199951171875,1623.5799560546875,1630.9599609375,1630.9599609375,122806500,0.0,0.0
2016-05-26,1628.780029296875,1638.1700439453125,1628.18994140625,1631.0899658203125,1631.0899658203125,109002700,0.0,0.0
2016-05-27,1631.1099853515625,1637.18994140625,1630.239990234375,1637.18994140625,1637.18994140625,136939300,0.0,0.0
2016-05-30,1632.6800537109375,1633.3599853515625,1623.9100341796875,1629.8699951171875,1629.8699951171875,135040200,0.0,0.0
2016-05-31,1628.77001953125,1633.0799560546875,1624.3399658203125,1626.0,1626.0,809176700,0.0,0.0
2016-06-01,1623.3299560546875,1629.1099853515625,1622.25,1626.5,1626.5,153573600,0.0,0.0
2016-06-02,1625.8299560546875,1635.0,1624.43994140625,1630.530029296875,1630.530029296875,147702700,0.0,0.0
2016-06-03,1633.75,1638.5699462890625,1632.1400146484375,1636.4599609375,1636.4599609375,130652100,0.0,0.0
2016-06-06,1633.3800048828125,1650.6300048828125,1633.3800048828125,1648.989990234375,1648.989990234375,97480000,0.0,0.0
2016-06-07,1650.260009765625,1660.6199951171875,1648.760009765625,1660.6199951171875,1660.6199951171875,193685400,0.0,0.0
2016-06-08,1658.5799560546875,1663.1600341796875,1653.25,1657.8499755859375,1657.8499755859375,139956000,0.0,0.0
2016-06-09,1657.530029296875,1664.0400390625,1650.3800048828125,1650.510009765625,1650.510009765625,103850900,0.0,0.0
2016-06-10,1651.6500244140625,1651.7900390625,1641.219970703125,1641.219970703125,1641.219970703125,127920600,0.0,0.0
2016-06-13,1634.5899658203125,1634.5899658203125,1622.8800048828125,1629.77001953125,1629.77001953125,114037800,0.0,0.0
2016-06-14,1629.68994140625,1629.68994140625,1619.47998046875,1626.1099853515625,1626.1099853515625,135801300,0.0,0.0
2016-06-15,1620.9200439453125,1629.050048828125,1619.780029296875,1627.9599609375,1627.9599609375,110712900,0.0,0.0
2016-06-16,1628.8900146484375,1629.469970703125,1613.7900390625,1614.9000244140625,1614.9000244140625,133455600,0.0,0.0
2016-06-17,1614.8399658203125,1624.31005859375,1614.2900390625,1624.1800537109375,1624.1800537109375,135297000,0.0,0.0
2016-06-20,1624.9300537109375,1635.510009765625,1624.5400390625,1634.22998046875,1634.22998046875,114523200,0.0,0.0
2016-06-21,1635.1600341796875,1637.68994140625,1630.300048828125,1637.68994140625,1637.68994140625,110018200,0.0,0.0
2016-06-23,1640.6700439453125,1642.1500244140625,1634.93994140625,1639.97998046875,1639.97998046875,116582300,0.0,0.0
2016-06-24,1639.8399658203125,1640.0699462890625,1611.8800048828125,1634.050048828125,1634.050048828125,174435200,0.0,0.0
2016-06-27,1627.68994140625,1632.030029296875,1618.25,1629.52001953125,1629.52001953125,109808000,0.0,0.0
2016-06-28,1624.3199462890625,1635.8599853515625,1620.93994140625,1634.0400390625,1634.0400390625,135100600,0.0,0.0
2016-06-29,1634.1600341796875,1643.3199462890625,1630.510009765625,1642.2099609375,1642.2099609375,119710700,0.0,0.0
2016-06-30,1644.68994140625,1654.1700439453125,1644.1099853515625,1654.0799560546875,1654.0799560546875,171848800,0.0,0.0
2016-07-01,1653.1600341796875,1654.280029296875,1644.6400146484375,1646.219970703125,1646.219970703125,76365000,0.0,0.0
2016-07-04,1649.3399658203125,1657.77001953125,1648.0,1654.8399658203125,1654.8399658203125,100141100,0.0,0.0
2016-07-05,1653.0,1655.719970703125,1647.449951171875,1650.7099609375,1650.7099609375,50223200,0.0,0.0
2016-07-08,1655.5999755859375,1656.030029296875,1640.6800537109375,1644.5400390625,1644.5400390625,119261600,0.0,0.0
2016-07-11,1645.8399658203125,1656.489990234375,1645.489990234375,1653.8699951171875,1653.8699951171875,123865600,0.0,0.0
2016-07-12,1653.5799560546875,1655.3499755859375,1647.8800048828125,1653.969970703125,1653.969970703125,116400500,0.0,0.0
2016-07-13,1653.510009765625,1660.3900146484375,1652.0699462890625,1660.3900146484375,1660.3900146484375,184278800,0.0,0.0
2016-07-14,1658.260009765625,1658.6099853515625,1652.22998046875,1654.780029296875,1654.780029296875,134728300,0.0,0.0
2016-07-15,1660.4599609375,1668.4000244140625,1659.4000244140625,1668.4000244140625,1668.4000244140625,133700000,0.0,0.0
2016-07-18,1664.9200439453125,1671.8699951171875,1662.93994140625,1670.8399658203125,1670.8399658203125,94162900,0.0,0.0
2016-07-19,1671.5999755859375,1674.5799560546875,1666.4300537109375,1670.550048828125,1670.550048828125,137590800,0.0,0.0
2016-07-20,1669.489990234375,1669.800048828125,1664.010009765625,1669.6099853515625,1669.6099853515625,95918100,0.0,0.0
2016-07-21,1661.3599853515625,1663.989990234375,1657.5400390625,1657.5400390625,1657.5400390625,112763900,0.0,0.0
2016-07-22,1656.1300048828125,1659.760009765625,1651.9000244140625,1657.4200439453125,1657.4200439453125,94126600,0.0,0.0
2016-07-25,1657.6400146484375,1668.260009765625,1657.469970703125,1668.260009765625,1668.260009765625,106918800,0.0,0.0
2016-07-26,1666.989990234375,1666.989990234375,1660.510009765625,1661.4200439453125,1661.4200439453125,102180000,0.0,0.0
2016-07-27,1661.800048828125,1664.760009765625,1659.239990234375,1663.56005859375,1663.56005859375,109402900,0.0,0.0
2016-07-28,1658.3900146484375,1659.550048828125,1652.8399658203125,1658.5,1658.5,123617900,0.0,0.0
2016-07-29,1657.989990234375,1662.06005859375,1653.260009765625,1653.260009765625,1653.260009765625,151156200,0.0,0.0
2016-08-01,1657.1800537109375,1666.5,1656.550048828125,1665.22998046875,1665.22998046875,140474100,0.0,0.0
2016-08-02,1664.31005859375,1665.1700439453125,1657.780029296875,1660.22998046875,1660.22998046875,120755200,0.0,0.0
2016-08-03,1657.43994140625,1659.550048828125,1648.449951171875,1648.5,1648.5,99303900,0.0,0.0
2016-08-04,1651.6500244140625,1655.2900390625,1651.3699951171875,1655.2900390625,1655.2900390625,86234800,0.0,0.0
2016-08-05,1655.239990234375,1664.0400390625,1653.4300537109375,1664.0400390625,1664.0400390625,126444400,0.0,0.0
2016-08-08,1666.3399658203125,1672.6800537109375,1664.5899658203125,1672.6800537109375,1672.6800537109375,113079900,0.0,0.0
2016-08-09,1674.489990234375,1674.489990234375,1667.75,1671.7099609375,1671.7099609375,122770300,0.0,0.0
2016-08-10,1668.8699951171875,1673.56005859375,1666.510009765625,1673.030029296875,1673.030029296875,101520200,0.0,0.0
2016-08-11,1675.030029296875,1678.800048828125,1670.6300048828125,1678.800048828125,1678.800048828125,102724300,0.0,0.0
2016-08-12,1681.1099853515625,1685.56005859375,1679.949951171875,1684.1500244140625,1684.1500244140625,146136200,0.0,0.0
2016-08-15,1681.050048828125,1690.3299560546875,1680.9200439453125,1690.3299560546875,1690.3299560546875,118747600,0.0,0.0
2016-08-16,1683.93994140625,1700.7099609375,1683.760009765625,1699.8900146484375,1699.8900146484375,176110700,0.0,0.0
2016-08-17,1695.5699462890625,1698.8499755859375,1692.199951171875,1694.3199462890625,1694.3199462890625,114346500,0.0,0.0
2016-08-18,1692.989990234375,1694.8699951171875,1690.43994140625,1694.8699951171875,1694.8699951171875,97039100,0.0,0.0
2016-08-19,1693.219970703125,1694.8800048828125,1686.43994140625,1687.6800537109375,1687.6800537109375,77658800,0.0,0.0
2016-08-22,1682.93994140625,1691.0699462890625,1682.5899658203125,1691.0699462890625,1691.0699462890625,72893800,0.0,0.0
2016-08-23,1684.75,1689.9599609375,1680.0,1683.0699462890625,1683.0699462890625,113579000,0.0,0.0
2016-08-24,1680.1700439453125,1684.3900146484375,1678.9300537109375,1682.06005859375,1682.06005859375,91047400,0.0,0.0
2016-08-25,1679.800048828125,1687.4300537109375,1678.27001953125,1680.300048828125,1680.300048828125,129700200,0.0,0.0
2016-08-26,1675.4100341796875,1683.3800048828125,1673.8699951171875,1683.0899658203125,1683.0899658203125,101754400,0.0,0.0
2016-08-29,1679.239990234375,1685.1800537109375,1677.699951171875,1681.5999755859375,1681.5999755859375,96973300,0.0,0.0
2016-08-30,1686.6199951171875,1688.0,1675.72998046875,1678.06005859375,1678.06005859375,199325200,0.0,0.0
2016-09-01,1682.3499755859375,1682.3499755859375,1668.699951171875,1670.550048828125,1670.550048828125,171621700,0.0,0.0
2016-09-02,1674.5999755859375,1675.3900146484375,1668.8699951171875,1671.7900390625,1671.7900390625,91430700,0.0,0.0
2016-09-05,1667.31005859375,1679.5699462890625,1667.31005859375,1678.0799560546875,1678.0799560546875,81356400,0.0,0.0
2016-09-06,1674.6800537109375,1689.9200439453125,1673.0999755859375,1689.9200439453125,1689.9200439453125,108535700,0.0,0.0
2016-09-07,1680.3499755859375,1691.6099853515625,1680.0899658203125,1689.5699462890625,1689.5699462890625,102852900,0.0,0.0
2016-09-08,1691.530029296875,1692.1199951171875,1686.3699951171875,1691.3800048828125,1691.3800048828125,99787600,0.0,0.0
2016-09-09,1691.1199951171875,1691.1199951171875,1682.6300048828125,1686.43994140625,1686.43994140625,83891300,0.0,0.0
2016-09-13,1680.27001953125,1682.4100341796875,1672.239990234375,1677.1800537109375,1677.1800537109375,115796400,0.0,0.0
2016-09-14,1674.6800537109375,1674.6800537109375,1659.199951171875,1661.3900146484375,1661.3900146484375,130680500,0.0,0.0
2016-09-15,1660.0899658203125,1663.3199462890625,1650.9000244140625,1652.989990234375,1652.989990234375,185080800,0.0,0.0
2016-09-19,1661.8699951171875,1661.8699951171875,1651.7099609375,1651.7099609375,1651.7099609375,100380900,0.0,0.0
2016-09-20,1656.9100341796875,1656.9100341796875,1645.1800537109375,1655.780029296875,1655.780029296875,102978800,0.0,0.0
2016-09-21,1653.719970703125,1659.2099609375,1652.72998046875,1658.72998046875,1658.72998046875,112989400,0.0,0.0
2016-09-22,1661.22998046875,1670.3399658203125,1661.2099609375,1669.6600341796875,1669.6600341796875,139306300,0.0,0.0
2016-09-23,1663.8499755859375,1672.280029296875,1662.8299560546875,1670.989990234375,1670.989990234375,113627600,0.0,0.0
2016-09-26,1669.52001953125,1671.4599609375,1665.4100341796875,1669.5,1669.5,78108400,0.0,0.0
2016-09-27,1665.31005859375,1666.68994140625,1661.5799560546875,1664.719970703125,1664.719970703125,121710600,0.0,0.0
2016-09-28,1664.77001953125,1671.0699462890625,1663.8800048828125,1664.9599609375,1664.9599609375,136113800,0.0,0.0
2016-09-29,1667.6300048828125,1671.3199462890625,1666.2099609375,1669.6400146484375,1669.6400146484375,116730200,0.0,0.0
2016-09-30,1667.22998046875,1669.8499755859375,1652.550048828125,1652.550048828125,1652.550048828125,170936200,0.0,0.0
2016-10-04,1658.3599853515625,1666.02001953125,1658.02001953125,1661.25,1661.25,153308900,0.0,0.0
2016-10-05,1663.4300537109375,1664.25,1656.280029296875,1662.9200439453125,1662.9200439453125,193390000,0.0,0.0
2016-10-06,1663.949951171875,1668.3199462890625,1662.719970703125,1666.72998046875,1666.72998046875,140215200,0.0,0.0
2016-10-07,1668.93994140625,1670.300048828125,1661.5899658203125,1665.3800048828125,1665.3800048828125,109487800,0.0,0.0
2016-10-10,1665.280029296875,1669.4599609375,1663.25,1665.3199462890625,1665.3199462890625,83173500,0.0,0.0
2016-10-11,1664.8900146484375,1672.3399658203125,1664.7900390625,1668.719970703125,1668.719970703125,142238100,0.0,0.0
2016-10-12,1665.47998046875,1668.3299560546875,1663.780029296875,1667.030029296875,1667.030029296875,115508400,0.0,0.0
2016-10-13,1667.300048828125,1669.3399658203125,1660.0400390625,1665.02001953125,1665.02001953125,141415000,0.0,0.0
2016-10-14,1665.1300048828125,1665.1300048828125,1658.969970703125,1658.969970703125,1658.969970703125,105502400,0.0,0.0
2016-10-17,1661.1300048828125,1661.1300048828125,1653.7099609375,1653.7099609375,1653.7099609375,107024100,0.0,0.0
2016-10-18,1655.56005859375,1667.5699462890625,1652.6300048828125,1667.5699462890625,1667.5699462890625,136872900,0.0,0.0
2016-10-19,1667.25,1670.9300537109375,1664.9100341796875,1668.27001953125,1668.27001953125,94819900,0.0,0.0
2016-10-20,1667.0899658203125,1671.489990234375,1666.949951171875,1667.1800537109375,1667.1800537109375,85700600,0.0,0.0
2016-10-21,1668.030029296875,1671.5699462890625,1663.969970703125,1669.97998046875,1669.97998046875,156315200,0.0,0.0
2016-10-24,1668.77001953125,1679.1099853515625,1667.550048828125,1677.760009765625,1677.760009765625,112109800,0.0,0.0
2016-10-25,1677.43994140625,1679.0,1673.1800537109375,1677.4300537109375,1677.4300537109375,125314900,0.0,0.0
2016-10-26,1675.1700439453125,1677.5,1672.3499755859375,1673.9200439453125,1673.9200439453125,109634900,0.0,0.0
2016-10-27,1673.949951171875,1674.199951171875,1666.25,1669.030029296875,1669.030029296875,99229100,0.0,0.0
2016-10-28,1669.6099853515625,1671.719970703125,1666.969970703125,1670.27001953125,1670.27001953125,103637000,0.0,0.0
2016-10-31,1676.8299560546875,1676.8299560546875,1664.739990234375,1672.4599609375,1672.4599609375,128941800,0.0,0.0
2016-11-01,1673.56005859375,1673.9000244140625,1670.8800048828125,1670.9300537109375,1670.9300537109375,94885800,0.0,0.0
2016-11-02,1669.81005859375,1669.81005859375,1656.5,1659.5999755859375,1659.5999755859375,126962400,0.0,0.0
2016-11-03,1658.18994140625,1661.6500244140625,1648.0799560546875,1648.0799560546875,1648.0799560546875,141404100,0.0,0.0
2016-11-04,1646.3399658203125,1651.3199462890625,1643.949951171875,1648.239990234375,1648.239990234375,129416800,0.0,0.0
2016-11-07,1643.449951171875,1654.3399658203125,1643.0699462890625,1650.5899658203125,1650.5899658203125,111883200,0.0,0.0
2016-11-08,1653.43994140625,1663.8199462890625,1653.0,1663.8199462890625,1663.8199462890625,125510700,0.0,0.0
2016-11-09,1664.1199951171875,1665.3599853515625,1640.3399658203125,1647.6199951171875,1647.6199951171875,171648100,0.0,0.0
2016-11-10,1652.3699951171875,1664.27001953125,1652.3699951171875,1652.739990234375,1652.739990234375,163106200,0.0,0.0
2016-11-11,1646.739990234375,1646.739990234375,1625.0999755859375,1634.18994140625,1634.18994140625,225367000,0.0,0.0
2016-11-14,1628.4300537109375,1629.050048828125,1614.1099853515625,1616.6400146484375,1616.6400146484375,163136200,0.0,0.0
2016-11-15,1617.3599853515625,1635.0400390625,1617.3299560546875,1630.56005859375,1630.56005859375,139166400,0.0,0.0
2016-11-16,1633.030029296875,1637.4000244140625,1624.31005859375,1627.6300048828125,1627.6300048828125,154177900,0.0,0.0
2016-11-17,1627.3699951171875,1629.81005859375,1620.93994140625,1626.77001953125,1626.77001953125,112692200,0.0,0.0
2016-11-18,1624.1600341796875,1626.52001953125,1617.699951171875,1623.800048828125,1623.800048828125,110258900,0.0,0.0
2016-11-21,1621.4200439453125,1627.5,1621.4200439453125,1627.280029296875,1627.280029296875,86557300,0.0,0.0
2016-11-22,1628.1500244140625,1632.7099609375,1627.5699462890625,1629.3199462890625,1629.3199462890625,131797000,0.0,0.0
2016-11-23,1631.300048828125,1631.6700439453125,1622.489990234375,1630.3800048828125,1630.3800048828125,119153900,0.0,0.0
2016-11-24,1629.3699951171875,1629.8800048828125,1623.6099853515625,1624.2099609375,1624.2099609375,84091100,0.0,0.0
2016-11-25,1625.18994140625,1627.4200439453125,1623.3499755859375,1627.260009765625,1627.260009765625,77694000,0.0,0.0
2016-11-28,1625.3699951171875,1630.6300048828125,1623.6199951171875,1628.6600341796875,1628.6600341796875,100750000,0.0,0.0
2016-11-29,1629.969970703125,1630.219970703125,1625.3900146484375,1626.9300537109375,1626.9300537109375,134976200,0.0,0.0
2016-11-30,1627.5699462890625,1628.5,1616.0799560546875,1619.1199951171875,1619.1199951171875,317186900,0.0,0.0
2016-12-01,1621.0999755859375,1628.6199951171875,1619.989990234375,1626.43994140625,1626.43994140625,141500800,0.0,0.0
2016-12-02,1627.510009765625,1632.22998046875,1626.3800048828125,1628.9599609375,1628.9599609375,114948700,0.0,0.0
2016-12-05,1630.56005859375,1631.4100341796875,1624.969970703125,1624.969970703125,1624.969970703125,100332900,0.0,0.0
2016-12-06,1624.1700439453125,1629.72998046875,1624.02001953125,1629.72998046875,1629.72998046875,118499900,0.0,0.0
2016-12-07,1633.1500244140625,1634.199951171875,1627.8599853515625,1632.469970703125,1632.469970703125,106359300,0.0,0.0
2016-12-08,1639.3900146484375,1643.75,1636.0899658203125,1643.75,1643.75,123075200,0.0,0.0
2016-12-09,1641.8499755859375,1641.8499755859375,1636.6099853515625,1641.4200439453125,1641.4200439453125,103797900,0.0,0.0
2016-12-13,1651.449951171875,1651.449951171875,1641.9300537109375,1645.280029296875,1645.280029296875,149375800,0.0,0.0
2016-12-14,1645.719970703125,1646.8800048828125,1639.9300537109375,1643.2900390625,1643.2900390625,128486700,0.0,0.0
2016-12-15,1635.739990234375,1638.7900390625,1629.8599853515625,1636.989990234375,1636.989990234375,116385300,0.0,0.0
2016-12-16,1634.31005859375,1637.7900390625,1632.4599609375,1637.7900390625,1637.7900390625,153267300,0.0,0.0
2016-12-19,1631.72998046875,1636.550048828125,1630.3399658203125,1634.300048828125,1634.300048828125,85847100,0.0,0.0
2016-12-20,1633.56005859375,1637.02001953125,1632.47998046875,1634.52001953125,1634.52001953125,85872600,0.0,0.0
2016-12-21,1638.8199462890625,1639.489990234375,1629.5899658203125,1629.5899658203125,1629.5899658203125,106117100,0.0,0.0
2016-12-22,1629.030029296875,1629.9000244140625,1622.5899658203125,1623.199951171875,1623.199951171875,77701900,0.0,0.0
2016-12-23,1622.0899658203125,1623.9300537109375,1616.5400390625,1617.1500244140625,1617.1500244140625,70339000,0.0,0.0
2016-12-27,1618.47998046875,1622.6600341796875,1616.68994140625,1619.6800537109375,1619.6800537109375,62653500,0.0,0.0
2016-12-28,1620.8900146484375,1630.300048828125,1619.0899658203125,1630.300048828125,1630.300048828125,96275200,0.0,0.0
2016-12-29,1629.8499755859375,1640.530029296875,1625.8199462890625,1637.9300537109375,1637.9300537109375,90801900,0.0,0.0
2016-12-30,1637.449951171875,1641.72998046875,1630.030029296875,1641.72998046875,1641.72998046875,134642900,0.0,0.0
2017-01-03,1636.93994140625,1637.56005859375,1630.6700439453125,1635.530029296875,1635.530029296875,59213100,0.0,0.0
2017-01-04,1638.97998046875,1647.469970703125,1637.1400146484375,1647.469970703125,1647.469970703125,101164700,0.0,0.0
2017-01-05,1647.989990234375,1659.8199462890625,1647.989990234375,1659.8199462890625,1659.8199462890625,112396200,0.0,0.0
2017-01-06,1658.4200439453125,1675.489990234375,1658.4200439453125,1675.489990234375,1675.489990234375,138317600,0.0,0.0
2017-01-09,1675.3299560546875,1675.68994140625,1667.9000244140625,1667.9000244140625,1667.9000244140625,82499300,0.0,0.0
2017-01-10,1668.3599853515625,1673.5699462890625,1665.93994140625,1672.050048828125,1672.050048828125,142156900,0.0,0.0
2017-01-11,1672.800048828125,1675.5899658203125,1671.22998046875,1675.2099609375,1675.2099609375,107994000,0.0,0.0
2017-01-12,1675.6400146484375,1682.739990234375,1673.43994140625,1677.760009765625,1677.760009765625,155581100,0.0,0.0
2017-01-13,1677.6800537109375,1679.6400146484375,1672.5,1672.5,1672.5,127270600,0.0,0.0
2017-01-16,1672.02001953125,1672.4200439453125,1658.8399658203125,1658.8399658203125,1658.8399658203125,117446200,0.0,0.0
2017-01-17,1660.300048828125,1664.9000244140625,1659.010009765625,1663.030029296875,1663.030029296875,97857700,0.0,0.0
2017-01-18,1663.3800048828125,1670.5899658203125,1663.3800048828125,1665.02001953125,1665.02001953125,91798300,0.0,0.0
2017-01-19,1666.9000244140625,1667.22998046875,1658.3599853515625,1666.510009765625,1666.510009765625,108728900,0.0,0.0
2017-01-20,1665.1600341796875,1667.9200439453125,1664.8900146484375,1664.8900146484375,1664.8900146484375,97085900,0.0,0.0
2017-01-23,1665.9200439453125,1674.6199951171875,1664.3499755859375,1671.31005859375,1671.31005859375,115006300,0.0,0.0
2017-01-24,1674.3699951171875,1680.68994140625,1670.530029296875,1680.68994140625,1680.68994140625,150024800,0.0,0.0
2017-01-25,1683.4599609375,1684.7900390625,1681.0999755859375,1683.9300537109375,1683.9300537109375,138223200,0.0,0.0
2017-01-26,1684.8499755859375,1692.219970703125,1684.1300048828125,1692.219970703125,1692.219970703125,133430800,0.0,0.0
2017-01-27,1695.6400146484375,1695.719970703125,1684.969970703125,1686.3599853515625,1686.3599853515625,96155000,0.0,0.0
2017-01-31,1686.449951171875,1686.8299560546875,1671.5400390625,1671.5400390625,1671.5400390625,125983400,0.0,0.0
2017-02-02,1670.4000244140625,1678.760009765625,1667.6800537109375,1673.47998046875,1673.47998046875,163820700,0.0,0.0
2017-02-03,1674.800048828125,1685.010009765625,1674.800048828125,1685.010009765625,1685.010009765625,131180600,0.0,0.0
2017-02-06,1686.0699462890625,1691.239990234375,1684.6300048828125,1691.239990234375,1691.239990234375,111417700,0.0,0.0
2017-02-07,1687.72998046875,1690.9100341796875,1684.8399658203125,1688.8399658203125,1688.8399658203125,109817600,0.0,0.0
2017-02-08,1687.1400146484375,1690.800048828125,1686.030029296875,1688.5,1688.5,147374200,0.0,0.0
2017-02-10,1699.72998046875,1702.27001953125,1695.3699951171875,1698.93994140625,1698.93994140625,170180600,0.0,0.0
2017-02-13,1701.1400146484375,1710.4100341796875,1700.969970703125,1710.239990234375,1710.239990234375,137985100,0.0,0.0
2017-02-14,1709.969970703125,1710.0799560546875,1703.5899658203125,1708.9000244140625,1708.9000244140625,147976400,0.0,0.0
2017-02-15,1708.0899658203125,1713.469970703125,1707.239990234375,1709.7900390625,1709.7900390625,149880800,0.0,0.0
2017-02-16,1707.6099853515625,1709.3599853515625,1705.699951171875,1707.5899658203125,1707.5899658203125,143469200,0.0,0.0
2017-02-17,1705.81005859375,1711.75,1705.7900390625,1707.6800537109375,1707.6800537109375,158163900,0.0,0.0
2017-02-20,1706.1700439453125,1713.6099853515625,1706.1700439453125,1712.5799560546875,1712.5799560546875,109312900,0.0,0.0
2017-02-21,1712.949951171875,1719.760009765625,1706.0899658203125,1706.550048828125,1706.550048828125,120071400,0.0,0.0
2017-02-22,1708.68994140625,1709.0999755859375,1704.4200439453125,1708.0799560546875,1708.0799560546875,161353800,0.0,0.0
2017-02-23,1709.5400390625,1710.0699462890625,1702.5400390625,1704.47998046875,1704.47998046875,143358400,0.0,0.0
2017-02-24,1706.47998046875,1707.31005859375,1696.47998046875,1698.3499755859375,1698.3499755859375,162820200,0.0,0.0
2017-02-27,1697.9000244140625,1705.489990234375,1693.8399658203125,1693.8399658203125,1693.8399658203125,120573700,0.0,0.0
2017-02-28,1691.0999755859375,1697.25,1690.6400146484375,1693.77001953125,1693.77001953125,194361900,0.0,0.0
2017-03-01,1694.6400146484375,1701.1300048828125,1692.3299560546875,1697.68994140625,1697.68994140625,129213300,0.0,0.0
2017-03-02,1701.1400146484375,1717.1400146484375,1701.1400146484375,1715.6700439453125,1715.6700439453125,165980200,0.0,0.0
2017-03-03,1714.530029296875,1716.030029296875,1704.3299560546875,1708.3800048828125,1708.3800048828125,141545700,0.0,0.0
2017-03-06,1706.5899658203125,1727.3599853515625,1706.2099609375,1727.3599853515625,1727.3599853515625,155635500,0.0,0.0
2017-03-07,1727.6500244140625,1734.0699462890625,1725.02001953125,1728.6600341796875,1728.6600341796875,147705300,0.0,0.0
2017-03-08,1725.780029296875,1730.1600341796875,1724.8399658203125,1725.5400390625,1725.5400390625,114215900,0.0,0.0
2017-03-09,1723.2099609375,1724.4000244140625,1717.4200439453125,1717.4200439453125,1717.4200439453125,118112100,0.0,0.0
2017-03-10,1716.3399658203125,1718.02001953125,1713.550048828125,1717.5799560546875,1717.5799560546875,133353600,0.0,0.0
2017-03-13,1716.75,1722.25,1715.3499755859375,1721.9200439453125,1721.9200439453125,117930400,0.0,0.0
2017-03-14,1722.449951171875,1727.3900146484375,1719.1199951171875,1722.469970703125,1722.469970703125,156115200,0.0,0.0
2017-03-15,1717.1700439453125,1719.27001953125,1713.9200439453125,1717.3599853515625,1717.3599853515625,102386300,0.0,0.0
2017-03-16,1726.3399658203125,1738.02001953125,1726.1199951171875,1737.1400146484375,1737.1400146484375,246177900,0.0,0.0
2017-03-17,1742.3800048828125,1752.0999755859375,1739.6500244140625,1745.199951171875,1745.199951171875,342009700,0.0,0.0
2017-03-20,1744.0699462890625,1755.260009765625,1744.0699462890625,1749.4100341796875,1749.4100341796875,142175300,0.0,0.0
2017-03-21,1749.4200439453125,1757.989990234375,1748.8199462890625,1754.6700439453125,1754.6700439453125,168795100,0.0,0.0
2017-03-22,1747.75,1748.300048828125,1738.4000244140625,1748.300048828125,1748.300048828125,169103100,0.0,0.0
2017-03-23,1750.6600341796875,1753.760009765625,1747.0,1747.0,1747.0,210526800,0.0,0.0
2017-03-24,1748.1500244140625,1749.6099853515625,1745.4300537109375,1745.75,1745.75,133980900,0.0,0.0
2017-03-27,1745.0799560546875,1750.3499755859375,1744.3299560546875,1744.949951171875,1744.949951171875,109115900,0.0,0.0
2017-03-28,1750.5999755859375,1756.27001953125,1748.6500244140625,1754.4200439453125,1754.4200439453125,133516200,0.0,0.0
2017-03-29,1757.4599609375,1759.760009765625,1747.1600341796875,1750.4100341796875,1750.4100341796875,144723300,0.0,0.0
2017-03-30,1750.68994140625,1751.0699462890625,1746.050048828125,1749.25,1749.25,140742200,0.0,0.0
2017-03-31,1746.9599609375,1748.18994140625,1740.0899658203125,1740.0899658203125,1740.0899658203125,144814000,0.0,0.0
2017-04-03,1742.3800048828125,1745.489990234375,1737.77001953125,1745.489990234375,1745.489990234375,106818000,0.0,0.0
2017-04-04,1745.030029296875,1747.18994140625,1742.8499755859375,1747.18994140625,1747.18994140625,124737000,0.0,0.0
2017-04-05,1745.6300048828125,1747.010009765625,1741.510009765625,1744.6700439453125,1744.6700439453125,137828500,0.0,0.0
2017-04-06,1744.81005859375,1744.81005859375,1738.8299560546875,1739.56005859375,1739.56005859375,133091200,0.0,0.0
2017-04-07,1740.8199462890625,1741.739990234375,1736.2099609375,1741.719970703125,1741.719970703125,172450400,0.0,0.0
2017-04-10,1739.72998046875,1741.6800537109375,1736.719970703125,1739.52001953125,1739.52001953125,97855600,0.0,0.0
2017-04-11,1739.3499755859375,1740.1300048828125,1733.7900390625,1735.8399658203125,1735.8399658203125,108773400,0.0,0.0
2017-04-12,1735.8299560546875,1744.0799560546875,1735.06005859375,1744.0799560546875,1744.0799560546875,109087700,0.0,0.0
2017-04-13,1743.3399658203125,1743.3399658203125,1735.68994140625,1738.1800537109375,1738.1800537109375,136756200,0.0,0.0
2017-04-14,1736.6500244140625,1736.8800048828125,1730.510009765625,1730.989990234375,1730.989990234375,71964200,0.0,0.0
2017-04-17,1731.1300048828125,1736.2900390625,1729.1300048828125,1733.9300537109375,1733.9300537109375,82111200,0.0,0.0
2017-04-18,1735.550048828125,1741.510009765625,1735.31005859375,1740.5999755859375,1740.5999755859375,125251400,0.0,0.0
2017-04-19,1740.260009765625,1741.469970703125,1735.72998046875,1738.949951171875,1738.949951171875,118873000,0.0,0.0
2017-04-20,1737.9000244140625,1743.56005859375,1736.4000244140625,1741.6099853515625,1741.6099853515625,128158700,0.0,0.0
2017-04-21,1742.22998046875,1756.050048828125,1742.22998046875,1756.050048828125,1756.050048828125,143512100,0.0,0.0
2017-04-25,1765.0799560546875,1765.93994140625,1758.469970703125,1765.800048828125,1765.800048828125,181749900,0.0,0.0
2017-04-26,1767.780029296875,1769.6800537109375,1764.6199951171875,1768.9200439453125,1768.9200439453125,174020500,0.0,0.0
2017-04-27,1768.18994140625,1770.9000244140625,1766.3800048828125,1767.9200439453125,1767.9200439453125,140567200,0.0,0.0
2017-04-28,1767.97998046875,1772.2099609375,1765.5699462890625,1768.06005859375,1768.06005859375,157934300,0.0,0.0
2017-05-02,1769.1600341796875,1781.550048828125,1769.1600341796875,1778.469970703125,1778.469970703125,170179400,0.0,0.0
2017-05-03,1778.8800048828125,1784.7900390625,1770.06005859375,1772.510009765625,1772.510009765625,141273600,0.0,0.0
2017-05-04,1767.9300537109375,1768.7099609375,1754.22998046875,1758.6700439453125,1758.6700439453125,121485600,0.0,0.0
2017-05-05,1758.8299560546875,1763.9200439453125,1757.5400390625,1762.739990234375,1762.739990234375,105637900,0.0,0.0
2017-05-08,1765.050048828125,1768.1500244140625,1763.2900390625,1768.1500244140625,1768.1500244140625,80398300,0.0,0.0
2017-05-09,1768.4599609375,1770.4300537109375,1765.1400146484375,1766.56005859375,1766.56005859375,92887400,0.0,0.0
2017-05-11,1776.2900390625,1780.489990234375,1774.5899658203125,1775.3900146484375,1775.3900146484375,192679200,0.0,0.0
2017-05-12,1776.9300537109375,1778.6400146484375,1773.1500244140625,1775.8699951171875,1775.8699951171875,107483300,0.0,0.0
2017-05-15,1775.4000244140625,1778.6500244140625,1771.8699951171875,1778.6500244140625,1778.6500244140625,109871400,0.0,0.0
2017-05-16,1785.030029296875,1787.5400390625,1773.0899658203125,1778.1500244140625,1778.1500244140625,151151500,0.0,0.0
2017-05-17,1779.739990234375,1779.93994140625,1770.219970703125,1775.6500244140625,1775.6500244140625,117607100,0.0,0.0
2017-05-18,1765.3800048828125,1769.800048828125,1762.0400390625,1767.1700439453125,1767.1700439453125,120330100,0.0,0.0
2017-05-19,1768.4000244140625,1771.5,1767.8900146484375,1768.280029296875,1768.280029296875,165598700,0.0,0.0
2017-05-22,1772.1500244140625,1774.949951171875,1768.97998046875,1774.949951171875,1774.949951171875,99922600,0.0,0.0
2017-05-23,1775.5799560546875,1777.0799560546875,1767.1700439453125,1767.1700439453125,1767.1700439453125,113057500,0.0,0.0
2017-05-24,1770.4599609375,1776.239990234375,1767.219970703125,1771.010009765625,1771.010009765625,128439700,0.0,0.0
2017-05-25,1774.300048828125,1782.5400390625,1773.219970703125,1773.9599609375,1773.9599609375,170177000,0.0,0.0
2017-05-26,1773.9000244140625,1778.1800537109375,1769.469970703125,1772.300048828125,1772.300048828125,128509300,0.0,0.0
2017-05-29,1774.25,1774.4300537109375,1764.8900146484375,1764.8900146484375,1764.8900146484375,91653300,0.0,0.0
2017-05-31,1766.4200439453125,1769.4599609375,1761.1099853515625,1765.8699951171875,1765.8699951171875,400141700,0.0,0.0
2017-06-01,1764.5699462890625,1765.8800048828125,1759.72998046875,1763.1099853515625,1763.1099853515625,126574900,0.0,0.0
2017-06-02,1767.5999755859375,1776.949951171875,1766.25,1776.949951171875,1776.949951171875,138214800,0.0,0.0
2017-06-05,1777.3699951171875,1790.22998046875,1775.02001953125,1787.949951171875,1787.949951171875,141895700,0.0,0.0
2017-06-06,1787.489990234375,1795.0,1783.0799560546875,1791.010009765625,1791.010009765625,132470400,0.0,0.0
2017-06-07,1789.6800537109375,1792.6500244140625,1785.9200439453125,1785.9200439453125,1785.9200439453125,134436600,0.0,0.0
2017-06-08,1784.75,1789.02001953125,1783.1300048828125,1785.5699462890625,1785.5699462890625,112503300,0.0,0.0
2017-06-09,1782.8599853515625,1790.6400146484375,1781.22998046875,1788.8900146484375,1788.8900146484375,114257900,0.0,0.0
2017-06-13,1789.699951171875,1793.010009765625,1784.31005859375,1784.43994140625,1784.43994140625,150882400,0.0,0.0
2017-06-14,1789.3299560546875,1793.0699462890625,1786.9200439453125,1792.3499755859375,1792.3499755859375,144176400,0.0,0.0
2017-06-15,1792.949951171875,1795.010009765625,1788.27001953125,1790.010009765625,1790.010009765625,121057900,0.0,0.0
2017-06-16,1791.31005859375,1796.75,1787.8399658203125,1791.31005859375,1791.31005859375,196078400,0.0,0.0
2017-06-19,1792.1300048828125,1793.3900146484375,1785.25,1788.9000244140625,1788.9000244140625,90553900,0.0,0.0
2017-06-20,1786.719970703125,1787.699951171875,1780.7099609375,1780.7099609375,1780.7099609375,130839600,0.0,0.0
2017-06-21,1780.31005859375,1782.0899658203125,1773.6600341796875,1775.5699462890625,1775.5699462890625,142079300,0.0,0.0
2017-06-22,1776.8900146484375,1778.6800537109375,1775.0699462890625,1777.4300537109375,1777.4300537109375,99536800,0.0,0.0
2017-06-23,1778.3499755859375,1780.06005859375,1775.739990234375,1779.449951171875,1779.449951171875,89543800,0.0,0.0
2017-06-28,1787.18994140625,1788.8699951171875,1770.780029296875,1771.22998046875,1771.22998046875,117464200,0.0,0.0
2017-06-29,1772.1800537109375,1775.8499755859375,1770.530029296875,1771.3599853515625,1771.3599853515625,77021400,0.0,0.0
2017-06-30,1770.3199462890625,1772.5899658203125,1755.6500244140625,1763.6700439453125,1763.6700439453125,172134200,0.0,0.0
2017-07-03,1761.72998046875,1768.6700439453125,1756.3699951171875,1768.6700439453125,1768.6700439453125,111131500,0.0,0.0
2017-07-04,1767.6500244140625,1768.300048828125,1762.0799560546875,1762.0799560546875,1762.0799560546875,106432100,0.0,0.0
2017-07-05,1761.530029296875,1768.1600341796875,1761.1700439453125,1768.1600341796875,1768.1600341796875,95226500,0.0,0.0
2017-07-06,1768.0,1770.530029296875,1765.75,1770.530029296875,1770.530029296875,106672200,0.0,0.0
2017-07-07,1768.0699462890625,1768.6099853515625,1759.4599609375,1759.9300537109375,1759.9300537109375,88116200,0.0,0.0
2017-07-10,1759.0999755859375,1760.43994140625,1754.5699462890625,1757.1300048828125,1757.1300048828125,83774000,0.0,0.0
2017-07-11,1754.6199951171875,1758.27001953125,1752.739990234375,1755.030029296875,1755.030029296875,94035100,0.0,0.0
2017-07-12,1755.93994140625,1757.239990234375,1751.5899658203125,1757.239990234375,1757.239990234375,107446600,0.0,0.0
2017-07-13,1759.010009765625,1760.6600341796875,1752.5899658203125,1753.780029296875,1753.780029296875,133283000,0.0,0.0
2017-07-14,1756.8199462890625,1757.239990234375,1751.68994140625,1755.0,1755.0,100337300,0.0,0.0
2017-07-17,1759.1199951171875,1759.52001953125,1752.780029296875,1755.18994140625,1755.18994140625,83293000,0.0,0.0
2017-07-18,1758.1400146484375,1758.1400146484375,1752.5699462890625,1754.9200439453125,1754.9200439453125,107236000,0.0,0.0
2017-07-19,1753.739990234375,1760.8199462890625,1753.739990234375,1757.27001953125,1757.27001953125,103329400,0.0,0.0
2017-07-20,1759.8499755859375,1759.8499755859375,1753.9599609375,1755.6300048828125,1755.6300048828125,114163100,0.0,0.0
2017-07-21,1756.550048828125,1759.1600341796875,1752.4000244140625,1759.1600341796875,1759.1600341796875,97941500,0.0,0.0
2017-07-24,1761.3499755859375,1761.989990234375,1757.219970703125,1761.989990234375,1761.989990234375,86804900,0.0,0.0
2017-07-25,1766.0,1766.469970703125,1761.1600341796875,1763.3399658203125,1763.3399658203125,85727300,0.0,0.0
2017-07-26,1766.0400390625,1766.699951171875,1760.8199462890625,1766.0,1766.0,74870400,0.0,0.0
2017-07-27,1765.969970703125,1772.030029296875,1765.8399658203125,1770.0699462890625,1770.0699462890625,104645300,0.0,0.0
2017-07-28,1769.489990234375,1772.300048828125,1767.0799560546875,1767.0799560546875,1767.0799560546875,142813400,0.0,0.0
2017-07-31,1767.9000244140625,1768.0999755859375,1760.030029296875,1760.030029296875,1760.030029296875,144648300,0.0,0.0
2017-08-01,1765.030029296875,1769.52001953125,1762.8800048828125,1765.1300048828125,1765.1300048828125,111385600,0.0,0.0
2017-08-02,1768.3800048828125,1771.3199462890625,1767.800048828125,1770.6099853515625,1770.6099853515625,78741500,0.0,0.0
2017-08-03,1770.81005859375,1772.5899658203125,1768.050048828125,1771.9000244140625,1771.9000244140625,67988400,0.0,0.0
2017-08-04,1772.4599609375,1774.530029296875,1770.1400146484375,1774.530029296875,1774.530029296875,64981900,0.0,0.0
2017-08-07,1775.52001953125,1778.47998046875,1771.9000244140625,1777.9100341796875,1777.9100341796875,75684800,0.0,0.0
2017-08-08,1778.550048828125,1782.6300048828125,1775.780029296875,1781.6500244140625,1781.6500244140625,106451200,0.0,0.0
2017-08-09,1777.300048828125,1779.77001953125,1775.989990234375,1777.93994140625,1777.93994140625,77814000,0.0,0.0
2017-08-10,1776.93994140625,1778.1800537109375,1773.6400146484375,1777.77001953125,1777.77001953125,63068000,0.0,0.0
2017-08-11,1774.8800048828125,1775.3399658203125,1766.9599609375,1766.9599609375,1766.9599609375,88842700,0.0,0.0
2017-08-14,1766.5,1772.56005859375,1766.3699951171875,1771.0799560546875,1771.0799560546875,81596300,0.0,0.0
2017-08-15,1772.8699951171875,1773.6600341796875,1768.760009765625,1772.3900146484375,1772.3900146484375,72445400,0.0,0.0
2017-08-16,1772.8900146484375,1774.6099853515625,1771.5999755859375,1773.75,1773.75,74358800,0.0,0.0
2017-08-17,1774.81005859375,1776.31005859375,1773.239990234375,1776.31005859375,1776.31005859375,73161800,0.0,0.0
2017-08-18,1772.3399658203125,1776.219970703125,1770.0400390625,1776.219970703125,1776.219970703125,68169500,0.0,0.0
2017-08-21,1774.719970703125,1775.800048828125,1771.6199951171875,1771.6199951171875,1771.6199951171875,88276900,0.0,0.0
2017-08-22,1771.469970703125,1775.800048828125,1771.3900146484375,1774.219970703125,1774.219970703125,96293000,0.0,0.0
2017-08-23,1775.3499755859375,1777.1800537109375,1770.949951171875,1772.93994140625,1772.93994140625,98323600,0.0,0.0
2017-08-24,1772.75,1775.760009765625,1768.52001953125,1775.5,1775.5,95776900,0.0,0.0
2017-08-25,1772.0999755859375,1773.68994140625,1764.0699462890625,1769.1700439453125,1769.1700439453125,95345200,0.0,0.0
2017-08-28,1766.5899658203125,1771.8499755859375,1765.6500244140625,1769.489990234375,1769.489990234375,74307300,0.0,0.0
2017-08-29,1766.8699951171875,1767.22998046875,1756.9200439453125,1761.1400146484375,1761.1400146484375,101802200,0.0,0.0
2017-08-30,1758.5899658203125,1773.1600341796875,1757.8900146484375,1773.1600341796875,1773.1600341796875,130793600,0.0,0.0
2017-09-05,1785.68994140625,1785.68994140625,1766.050048828125,1769.6300048828125,1769.6300048828125,124909900,0.0,0.0
2017-09-06,1768.8299560546875,1772.6199951171875,1767.0699462890625,1772.47998046875,1772.47998046875,90087500,0.0,0.0
2017-09-07,1775.06005859375,1782.97998046875,1772.5699462890625,1782.97998046875,1782.97998046875,129180600,0.0,0.0
2017-09-08,1781.0699462890625,1782.81005859375,1775.06005859375,1779.9000244140625,1779.9000244140625,109063500,0.0,0.0
2017-09-11,1780.27001953125,1784.25,1778.27001953125,1782.739990234375,1782.739990234375,98964900,0.0,0.0
2017-09-12,1782.2900390625,1789.8599853515625,1781.5400390625,1789.8599853515625,1789.8599853515625,105056000,0.0,0.0
2017-09-13,1789.3800048828125,1793.219970703125,1785.5,1786.0699462890625,1786.0699462890625,91932200,0.0,0.0
2017-09-14,1786.1400146484375,1788.469970703125,1780.7900390625,1781.3699951171875,1781.3699951171875,98234900,0.0,0.0
2017-09-15,1783.989990234375,1786.3299560546875,1776.8699951171875,1786.3299560546875,1786.3299560546875,176761100,0.0,0.0
2017-09-18,1782.9300537109375,1787.010009765625,1780.199951171875,1783.6600341796875,1783.6600341796875,69144300,0.0,0.0
2017-09-19,1783.6800537109375,1783.6800537109375,1775.300048828125,1776.6600341796875,1776.6600341796875,101769700,0.0,0.0
2017-09-20,1777.030029296875,1777.030029296875,1770.43994140625,1773.5799560546875,1773.5799560546875,133711700,0.0,0.0
2017-09-21,1775.449951171875,1776.31005859375,1770.699951171875,1771.0400390625,1771.0400390625,0,0.0,0.0
2017-09-25,1771.3900146484375,1772.18994140625,1768.1600341796875,1769.1400146484375,1769.1400146484375,142320900,0.0,0.0
2017-09-26,1768.550048828125,1769.1199951171875,1761.2099609375,1765.5899658203125,1765.5899658203125,145449600,0.0,0.0
2017-09-27,1767.6199951171875,1768.18994140625,1762.0899658203125,1764.239990234375,1764.239990234375,115484600,0.0,0.0
2017-09-28,1765.8299560546875,1767.1800537109375,1758.06005859375,1758.06005859375,1758.06005859375,125958800,0.0,0.0
2017-09-29,1760.25,1760.25,1753.0,1755.5799560546875,1755.5799560546875,127121800,0.0,0.0
2017-10-02,1755.219970703125,1758.1500244140625,1750.93994140625,1754.780029296875,1754.780029296875,98415100,0.0,0.0
2017-10-03,1756.510009765625,1759.780029296875,1754.72998046875,1759.6700439453125,1759.6700439453125,103808500,0.0,0.0
2017-10-04,1759.81005859375,1762.7099609375,1758.8199462890625,1761.8399658203125,1761.8399658203125,77042300,0.0,0.0
2017-10-05,1760.56005859375,1761.1600341796875,1757.6099853515625,1759.0899658203125,1759.0899658203125,77163600,0.0,0.0
2017-10-06,1758.02001953125,1764.0,1758.02001953125,1764.0,1764.0,89328200,0.0,0.0
2017-10-09,1763.6500244140625,1765.47998046875,1762.260009765625,1764.030029296875,1764.030029296875,75279900,0.0,0.0
2017-10-10,1760.68994140625,1762.6400146484375,1758.5400390625,1761.1300048828125,1761.1300048828125,75635700,0.0,0.0
2017-10-11,1761.1199951171875,1762.969970703125,1752.9000244140625,1757.2099609375,1757.2099609375,112021400,0.0,0.0
2017-10-12,1760.3199462890625,1760.3199462890625,1751.199951171875,1754.0,1754.0,106812000,0.0,0.0
2017-10-13,1756.0,1756.1700439453125,1751.6199951171875,1755.3199462890625,1755.3199462890625,86670200,0.0,0.0
2017-10-16,1759.1199951171875,1759.31005859375,1749.489990234375,1754.3699951171875,1754.3699951171875,87684100,0.0,0.0
2017-10-17,1753.43994140625,1755.4300537109375,1748.989990234375,1748.989990234375,1748.989990234375,117488400,0.0,0.0
2017-10-19,1749.8499755859375,1750.5899658203125,1741.6199951171875,1743.989990234375,1743.989990234375,129136400,0.0,0.0
2017-10-20,1745.030029296875,1745.4100341796875,1740.6500244140625,1740.6500244140625,1740.6500244140625,97023900,0.0,0.0
2017-10-23,1742.2900390625,1744.8599853515625,1741.3800048828125,1741.469970703125,1741.469970703125,87468500,0.0,0.0
2017-10-24,1742.43994140625,1745.47998046875,1736.0999755859375,1736.1400146484375,1736.1400146484375,100541600,0.0,0.0
2017-10-25,1737.030029296875,1740.510009765625,1733.6700439453125,1739.050048828125,1739.050048828125,88279300,0.0,0.0
2017-10-26,1740.2099609375,1740.8399658203125,1734.9300537109375,1736.800048828125,1736.800048828125,109206400,0.0,0.0
2017-10-27,1741.3399658203125,1751.5,1739.8900146484375,1746.1300048828125,1746.1300048828125,149751200,0.0,0.0
2017-10-30,1747.9100341796875,1750.8499755859375,1746.4599609375,1748.3499755859375,1748.3499755859375,83278200,0.0,0.0
2017-10-31,1747.4000244140625,1751.260009765625,1742.5999755859375,1747.9200439453125,1747.9200439453125,168713800,0.0,0.0
2017-11-01,1747.7900390625,1748.800048828125,1742.3499755859375,1743.9300537109375,1743.9300537109375,94731600,0.0,0.0
2017-11-02,1743.93994140625,1747.1700439453125,1739.800048828125,1741.050048828125,1741.050048828125,83790500,0.0,0.0
2017-11-03,1744.6800537109375,1744.7900390625,1739.5999755859375,1740.9300537109375,1740.9300537109375,79191000,0.0,0.0
2017-11-06,1743.25,1745.4100341796875,1741.4300537109375,1742.2900390625,1742.2900390625,84655000,0.0,0.0
2017-11-07,1742.68994140625,1750.93994140625,1742.43994140625,1750.93994140625,1750.93994140625,107784700,0.0,0.0
2017-11-08,1746.8800048828125,1749.8299560546875,1744.0899658203125,1744.199951171875,1744.199951171875,91586500,0.0,0.0
2017-11-09,1743.72998046875,1749.31005859375,1742.3199462890625,1746.81005859375,1746.81005859375,106910200,0.0,0.0
2017-11-10,1746.530029296875,1748.93994140625,1740.93994140625,1742.280029296875,1742.280029296875,90901000,0.0,0.0
2017-11-13,1743.1400146484375,1746.719970703125,1737.489990234375,1737.489990234375,1737.489990234375,98390000,0.0,0.0
2017-11-14,1743.27001953125,1744.6099853515625,1733.31005859375,1733.6099853515625,1733.6099853515625,126684100,0.0,0.0
2017-11-15,1733.9000244140625,1736.4000244140625,1722.989990234375,1722.989990234375,1722.989990234375,141698400,0.0,0.0
2017-11-16,1723.0400390625,1725.719970703125,1716.969970703125,1718.1099853515625,1718.1099853515625,145089800,0.0,0.0
2017-11-17,1720.81005859375,1725.68994140625,1719.8699951171875,1721.6600341796875,1721.6600341796875,107675900,0.0,0.0
2017-11-20,1723.77001953125,1725.3499755859375,1717.449951171875,1718.3599853515625,1718.3599853515625,105988100,0.0,0.0
2017-11-21,1718.8299560546875,1722.72998046875,1716.449951171875,1720.6800537109375,1720.6800537109375,106683300,0.0,0.0
2017-11-22,1724.5899658203125,1727.77001953125,1721.3599853515625,1723.5400390625,1723.5400390625,131412600,0.0,0.0
2017-11-23,1723.4200439453125,1728.1800537109375,1720.5899658203125,1721.27001953125,1721.27001953125,75245900,0.0,0.0
2017-11-24,1720.050048828125,1720.3800048828125,1713.260009765625,1717.22998046875,1717.22998046875,163591900,0.0,0.0
2017-11-27,1718.3699951171875,1719.8599853515625,1712.969970703125,1719.8599853515625,1719.8599853515625,93008200,0.0,0.0
2017-11-28,1716.1199951171875,1716.7900390625,1709.93994140625,1714.4200439453125,1714.4200439453125,110163100,0.0,0.0
2017-11-29,1716.280029296875,1720.5699462890625,1714.469970703125,1720.3800048828125,1720.3800048828125,132404400,0.0,0.0
2017-11-30,1719.6199951171875,1727.6199951171875,1716.760009765625,1717.8599853515625,1717.8599853515625,453406300,0.0,0.0
2017-12-01,1719.6199951171875,1727.6199951171875,1716.760009765625,1717.8599853515625,1717.8599853515625,0,0.0,0.0
2017-12-04,1717.97998046875,1717.989990234375,1709.1700439453125,1713.1300048828125,1713.1300048828125,178832000,0.0,0.0
2017-12-05,1708.47998046875,1724.8399658203125,1708.47998046875,1724.8399658203125,1724.8399658203125,129146400,0.0,0.0
2017-12-06,1720.72998046875,1722.949951171875,1715.0999755859375,1718.3299560546875,1718.3299560546875,170781200,0.0,0.0
2017-12-07,1721.7099609375,1723.4000244140625,1718.469970703125,1719.050048828125,1719.050048828125,175825000,0.0,0.0
2017-12-08,1721.280029296875,1724.5899658203125,1718.8800048828125,1721.25,1721.25,179728900,0.0,0.0
2017-12-11,1720.9300537109375,1725.739990234375,1718.300048828125,1719.469970703125,1719.469970703125,127972100,0.0,0.0
2017-12-12,1718.760009765625,1729.5699462890625,1717.3199462890625,1729.5699462890625,1729.5699462890625,149257100,0.0,0.0
2017-12-13,1728.8399658203125,1737.6600341796875,1725.949951171875,1737.6600341796875,1737.6600341796875,169940300,0.0,0.0
2017-12-14,1738.0799560546875,1759.75,1736.0699462890625,1759.0,1759.0,217130600,0.0,0.0
2017-12-15,1757.06005859375,1760.02001953125,1745.6500244140625,1753.0699462890625,1753.0699462890625,285488600,0.0,0.0
2017-12-18,1754.050048828125,1755.199951171875,1747.6199951171875,1751.6400146484375,1751.6400146484375,119461800,0.0,0.0
2017-12-19,1743.72998046875,1744.3900146484375,1732.9300537109375,1736.949951171875,1736.949951171875,190151500,0.0,0.0
2017-12-20,1735.9200439453125,1751.949951171875,1735.43994140625,1746.6300048828125,1746.6300048828125,131703500,0.0,0.0
2017-12-21,1750.5899658203125,1752.25,1744.2099609375,1751.2099609375,1751.2099609375,137785100,0.0,0.0
2017-12-22,1752.8499755859375,1760.239990234375,1748.489990234375,1760.239990234375,1760.239990234375,87122300,0.0,0.0
2017-12-26,1758.510009765625,1760.449951171875,1753.25,1759.989990234375,1759.989990234375,97936300,0.0,0.0
2017-12-27,1760.7099609375,1771.760009765625,1760.68994140625,1771.760009765625,1771.760009765625,100614600,0.0,0.0
2017-12-28,1771.949951171875,1781.8399658203125,1769.5999755859375,1779.0999755859375,1779.0999755859375,99103500,0.0,0.0
2017-12-29,1780.6500244140625,1796.81005859375,1776.93994140625,1796.81005859375,1796.81005859375,141068000,0.0,0.0
2018-01-02,1783.0999755859375,1783.47998046875,1772.0,1782.699951171875,1782.699951171875,82478600,0.0,0.0
2018-01-03,1785.7900390625,1795.8699951171875,1785.2099609375,1792.7900390625,1792.7900390625,167780400,0.0,0.0
2018-01-04,1795.56005859375,1803.449951171875,1795.56005859375,1803.449951171875,1803.449951171875,161150500,0.0,0.0
2018-01-05,1804.7900390625,1817.969970703125,1803.81005859375,1817.969970703125,1817.969970703125,180760700,0.0,0.0
2018-01-08,1819.739990234375,1832.1500244140625,1813.030029296875,1832.1500244140625,1832.1500244140625,176714600,0.0,0.0
2018-01-09,1837.260009765625,1840.3499755859375,1823.52001953125,1826.949951171875,1826.949951171875,179868700,0.0,0.0
2018-01-10,1828.9000244140625,1830.6300048828125,1821.27001953125,1822.9200439453125,1822.9200439453125,153210100,0.0,0.0
2018-01-11,1822.02001953125,1823.31005859375,1812.780029296875,1816.8800048828125,1816.8800048828125,142258600,0.0,0.0
2018-01-12,1825.010009765625,1825.81005859375,1818.780029296875,1822.6700439453125,1822.6700439453125,155170700,0.0,0.0
2018-01-15,1825.239990234375,1827.8499755859375,1824.56005859375,1825.9100341796875,1825.9100341796875,126978700,0.0,0.0
2018-01-16,1827.6800537109375,1827.6800537109375,1818.6400146484375,1826.030029296875,1826.030029296875,147124200,0.0,0.0
2018-01-17,1824.550048828125,1828.6300048828125,1821.5400390625,1828.6300048828125,1828.6300048828125,131056800,0.0,0.0
2018-01-18,1831.239990234375,1831.3199462890625,1821.2099609375,1821.5999755859375,1821.5999755859375,174454400,0.0,0.0
2018-01-19,1823.3900146484375,1828.8299560546875,1821.6800537109375,1828.8299560546875,1828.8299560546875,149331000,0.0,0.0
2018-01-22,1835.2099609375,1835.2099609375,1825.8599853515625,1833.1500244140625,1833.1500244140625,114853600,0.0,0.0
2018-01-23,1836.0999755859375,1838.0400390625,1830.97998046875,1838.0400390625,1838.0400390625,141070000,0.0,0.0
2018-01-24,1838.1199951171875,1838.3399658203125,1834.489990234375,1837.0400390625,1837.0400390625,115614700,0.0,0.0
2018-01-25,1836.550048828125,1845.8599853515625,1836.43994140625,1845.8599853515625,1845.8599853515625,161666800,0.0,0.0
2018-01-26,1843.949951171875,1853.9200439453125,1842.56005859375,1853.9200439453125,1853.9200439453125,120159700,0.0,0.0
2018-01-29,1855.0899658203125,1870.52001953125,1855.0899658203125,1870.52001953125,1870.52001953125,140095500,0.0,0.0
2018-01-30,1865.3499755859375,1872.699951171875,1861.5799560546875,1868.5799560546875,1868.5799560546875,155576300,0.0,0.0
2018-02-02,1875.3399658203125,1880.56005859375,1863.4300537109375,1870.47998046875,1870.47998046875,206468400,0.0,0.0
2018-02-05,1847.8499755859375,1857.3900146484375,1842.06005859375,1853.0699462890625,1853.0699462890625,168655800,0.0,0.0
2018-02-06,1814.4300537109375,1820.3699951171875,1795.8499755859375,1812.449951171875,1812.449951171875,324586800,0.0,0.0
2018-02-07,1827.1099853515625,1841.0799560546875,1825.800048828125,1836.6800537109375,1836.6800537109375,207526200,0.0,0.0
2018-02-08,1837.699951171875,1842.6500244140625,1834.8299560546875,1839.43994140625,1839.43994140625,113539200,0.0,0.0
2018-02-09,1806.81005859375,1824.22998046875,1806.25,1819.8199462890625,1819.8199462890625,159549500,0.0,0.0
2018-02-12,1825.4300537109375,1834.449951171875,1824.8900146484375,1830.1700439453125,1830.1700439453125,130669400,0.0,0.0
2018-02-13,1833.81005859375,1835.1700439453125,1830.280029296875,1833.02001953125,1833.02001953125,130717500,0.0,0.0
2018-02-14,1835.6500244140625,1837.800048828125,1829.7099609375,1834.9300537109375,1834.9300537109375,92511300,0.0,0.0
2018-02-15,1840.72998046875,1842.72998046875,1837.989990234375,1838.280029296875,1838.280029296875,58472000,0.0,0.0
2018-02-19,1843.02001953125,1858.22998046875,1841.780029296875,1857.3199462890625,1857.3199462890625,91870900,0.0,0.0
2018-02-20,1855.3800048828125,1861.0999755859375,1852.9599609375,1855.989990234375,1855.989990234375,114576800,0.0,0.0
2018-02-21,1853.510009765625,1860.4300537109375,1852.1400146484375,1858.1700439453125,1858.1700439453125,117562200,0.0,0.0
2018-02-22,1854.25,1860.010009765625,1854.030029296875,1855.0699462890625,1855.0699462890625,93900400,0.0,0.0
2018-02-23,1853.6600341796875,1864.949951171875,1853.6600341796875,1861.5,1861.5,140969400,0.0,0.0
2018-02-26,1864.2099609375,1867.97998046875,1859.97998046875,1860.0799560546875,1860.0799560546875,145499500,0.0,0.0
2018-02-27,1867.1500244140625,1872.3499755859375,1865.7900390625,1871.4599609375,1871.4599609375,164131900,0.0,0.0
2018-02-28,1871.4000244140625,1872.02001953125,1856.199951171875,1856.199951171875,1856.199951171875,235215000,0.0,0.0
2018-03-01,1852.56005859375,1862.81005859375,1851.510009765625,1860.8599853515625,1860.8599853515625,125927000,0.0,0.0
2018-03-02,1857.81005859375,1860.6400146484375,1854.25,1856.0699462890625,1856.0699462890625,139545600,0.0,0.0
2018-03-05,1853.75,1853.75,1840.0400390625,1842.6199951171875,1842.6199951171875,127342400,0.0,0.0
2018-03-06,1848.1800537109375,1850.1800537109375,1845.760009765625,1848.3699951171875,1848.3699951171875,150597000,0.0,0.0
2018-03-07,1847.02001953125,1848.8499755859375,1834.6600341796875,1837.9000244140625,1837.9000244140625,166805500,0.0,0.0
2018-03-08,1838.300048828125,1846.6700439453125,1838.300048828125,1839.6199951171875,1839.6199951171875,115620000,0.0,0.0
2018-03-09,1842.0999755859375,1844.97998046875,1840.1800537109375,1843.9200439453125,1843.9200439453125,94917800,0.0,0.0
2018-03-12,1851.6600341796875,1861.22998046875,1850.6199951171875,1861.219970703125,1861.219970703125,124343000,0.0,0.0
2018-03-13,1855.0799560546875,1864.31005859375,1853.969970703125,1864.030029296875,1864.030029296875,90459000,0.0,0.0
2018-03-14,1862.489990234375,1863.6700439453125,1855.1400146484375,1857.06005859375,1857.06005859375,85045900,0.0,0.0
2018-03-15,1854.1199951171875,1854.1199951171875,1845.27001953125,1845.27001953125,1845.27001953125,120354900,0.0,0.0
2018-03-16,1843.47998046875,1851.75,1838.4000244140625,1846.3900146484375,1846.3900146484375,259673900,0.0,0.0
2018-03-19,1846.9200439453125,1850.1600341796875,1845.449951171875,1847.93994140625,1847.93994140625,78126100,0.0,0.0
2018-03-20,1845.489990234375,1856.3900146484375,1841.469970703125,1856.3900146484375,1856.3900146484375,116434600,0.0,0.0
2018-03-21,1859.530029296875,1865.800048828125,1856.8399658203125,1865.800048828125,1865.800048828125,141070100,0.0,0.0
2018-03-22,1865.8299560546875,1876.8699951171875,1865.8299560546875,1876.8699951171875,1876.8699951171875,105038400,0.0,0.0
2018-03-23,1860.5799560546875,1867.1600341796875,1857.260009765625,1865.219970703125,1865.219970703125,116611300,0.0,0.0
2018-03-26,1860.8800048828125,1862.4100341796875,1852.550048828125,1859.9100341796875,1859.9100341796875,82974000,0.0,0.0
2018-03-27,1862.1500244140625,1867.1099853515625,1861.56005859375,1862.449951171875,1862.449951171875,92825300,0.0,0.0
2018-03-28,1858.530029296875,1861.25,1855.1199951171875,1857.8699951171875,1857.8699951171875,95934800,0.0,0.0
2018-03-29,1859.3399658203125,1860.56005859375,1854.5,1856.3499755859375,1856.3499755859375,119997300,0.0,0.0
2018-03-30,1859.3699951171875,1866.3499755859375,1856.300048828125,1863.4599609375,1863.4599609375,104821900,0.0,0.0
2018-04-02,1863.06005859375,1864.1700439453125,1857.43994140625,1858.3499755859375,1858.3499755859375,69649600,0.0,0.0
2018-04-03,1853.5,1858.780029296875,1849.0799560546875,1850.780029296875,1850.780029296875,78283400,0.0,0.0
2018-04-04,1846.77001953125,1851.739990234375,1811.56005859375,1815.93994140625,1815.93994140625,131704600,0.0,0.0
2018-04-05,1824.4599609375,1838.81005859375,1824.4200439453125,1836.1300048828125,1836.1300048828125,100232000,0.0,0.0
2018-04-06,1839.050048828125,1839.0699462890625,1826.3199462890625,1837.010009765625,1837.010009765625,87193000,0.0,0.0
2018-04-09,1837.6800537109375,1850.010009765625,1833.1400146484375,1849.7099609375,1849.7099609375,106154800,0.0,0.0
2018-04-10,1847.530029296875,1860.97998046875,1846.780029296875,1860.97998046875,1860.97998046875,131872300,0.0,0.0
2018-04-11,1863.300048828125,1871.72998046875,1863.300048828125,1869.8900146484375,1869.8900146484375,137018500,0.0,0.0
2018-04-12,1872.1300048828125,1873.6199951171875,1865.1400146484375,1873.6199951171875,1873.6199951171875,96906900,0.0,0.0
2018-04-13,1867.2900390625,1871.1300048828125,1866.02001953125,1868.469970703125,1868.469970703125,109125300,0.0,0.0
2018-04-16,1868.68994140625,1878.760009765625,1867.2099609375,1878.760009765625,1878.760009765625,97140800,0.0,0.0
2018-04-17,1874.1099853515625,1885.1199951171875,1873.0899658203125,1880.489990234375,1880.489990234375,149222800,0.0,0.0
2018-04-18,1883.989990234375,1884.8399658203125,1873.1099853515625,1879.3199462890625,1879.3199462890625,99554700,0.0,0.0
2018-04-19,1888.8299560546875,1895.1800537109375,1883.6500244140625,1895.1800537109375,1895.1800537109375,168730800,0.0,0.0
2018-04-20,1895.550048828125,1896.030029296875,1883.8199462890625,1887.75,1887.75,120100600,0.0,0.0
2018-04-23,1890.4599609375,1891.5899658203125,1878.3699951171875,1880.3599853515625,1880.3599853515625,81166400,0.0,0.0
2018-04-24,1883.75,1885.3199462890625,1865.3399658203125,1865.3399658203125,1865.3399658203125,128723900,0.0,0.0
2018-04-25,1863.47998046875,1863.75,1850.280029296875,1851.9300537109375,1851.9300537109375,109491300,0.0,0.0
2018-04-26,1856.18994140625,1863.5699462890625,1846.5400390625,1852.27001953125,1852.27001953125,116310300,0.0,0.0
2018-04-27,1864.239990234375,1866.8800048828125,1856.5899658203125,1863.469970703125,1863.469970703125,110407200,0.0,0.0
2018-04-30,1860.8399658203125,1873.3900146484375,1860.25,1870.3699951171875,1870.3699951171875,109653700,0.0,0.0
2018-05-02,1859.4599609375,1860.8199462890625,1842.56005859375,1852.030029296875,1852.030029296875,0,0.0,0.0
2018-05-03,1848.6300048828125,1856.9200439453125,1847.0999755859375,1851.800048828125,1851.800048828125,0,0.0,0.0
2018-05-04,1851.239990234375,1852.75,1841.8299560546875,1841.8299560546875,1841.8299560546875,143241200,0.0,0.0
2018-05-07,1842.56005859375,1842.56005859375,1821.7900390625,1828.199951171875,1828.199951171875,127609200,0.0,0.0
2018-05-08,1819.949951171875,1851.72998046875,1819.280029296875,1846.510009765625,1846.510009765625,179708900,0.0,0.0
2018-05-14,1814.449951171875,1876.6199951171875,1797.1400146484375,1850.4200439453125,1850.4200439453125,402485400,0.0,0.0
2018-05-15,1857.219970703125,1860.5899658203125,1848.199951171875,1848.199951171875,1848.199951171875,243343600,0.0,0.0
2018-05-16,1851.8299560546875,1862.3499755859375,1841.8299560546875,1858.260009765625,1858.260009765625,169340900,0.0,0.0
2018-05-17,1864.780029296875,1867.0899658203125,1854.43994140625,1854.43994140625,1854.43994140625,195599600,0.0,0.0
2018-05-18,1858.6199951171875,1862.18994140625,1853.5699462890625,1854.5,1854.5,185679600,0.0,0.0
2018-05-21,1858.31005859375,1864.93994140625,1851.6800537109375,1853.5799560546875,1853.5799560546875,193998500,0.0,0.0
2018-05-22,1854.6099853515625,1854.6099853515625,1844.0699462890625,1845.030029296875,1845.030029296875,154723700,0.0,0.0
2018-05-23,1843.4000244140625,1843.4000244140625,1804.25,1804.25,1804.25,225747400,0.0,0.0
2018-05-24,1808.3199462890625,1809.9000244140625,1768.1800537109375,1775.6600341796875,1775.6600341796875,270428400,0.0,0.0
2018-05-25,1792.800048828125,1797.81005859375,1785.1199951171875,1797.4000244140625,1797.4000244140625,216133800,0.0,0.0
2018-05-28,1793.449951171875,1793.5400390625,1774.4000244140625,1775.8399658203125,1775.8399658203125,158632200,0.0,0.0
2018-05-30,1759.56005859375,1759.56005859375,1709.510009765625,1719.280029296875,1719.280029296875,0,0.0,0.0
2018-05-31,1731.6500244140625,1754.43994140625,1725.1600341796875,1740.6199951171875,1740.6199951171875,0,0.0,0.0
2018-06-01,1739.9300537109375,1760.4599609375,1737.719970703125,1756.3800048828125,1756.3800048828125,191161600,0.0,0.0
2018-06-04,1761.6099853515625,1761.6099853515625,1745.75,1755.1700439453125,1755.1700439453125,0,0.0,0.0
2018-06-05,1754.18994140625,1756.77001953125,1747.760009765625,1755.1400146484375,1755.1400146484375,184442100,0.0,0.0
2018-06-06,1753.6600341796875,1778.469970703125,1751.030029296875,1777.1300048828125,1777.1300048828125,189426700,0.0,0.0
2018-06-07,1779.969970703125,1801.4200439453125,1778.22998046875,1785.81005859375,1785.81005859375,198144000,0.0,0.0
2018-06-08,1787.9000244140625,1789.199951171875,1772.9000244140625,1778.3199462890625,1778.3199462890625,132005100,0.0,0.0
2018-06-11,1774.4200439453125,1788.1600341796875,1770.8299560546875,1775.800048828125,1775.800048828125,123441200,0.0,0.0
2018-06-12,1774.8499755859375,1776.0999755859375,1764.1600341796875,1764.1600341796875,1764.1600341796875,129389900,0.0,0.0
2018-06-13,1761.56005859375,1764.5,1755.3800048828125,1763.5699462890625,1763.5699462890625,123385000,0.0,0.0
2018-06-14,1750.9100341796875,1762.219970703125,1745.449951171875,1761.780029296875,1761.780029296875,291401500,0.0,0.0
2018-06-18,1745.5799560546875,1748.6700439453125,1735.300048828125,1743.4300537109375,1743.4300537109375,144448400,0.0,0.0
2018-06-19,1738.199951171875,1739.25,1715.3599853515625,1715.3599853515625,1715.3599853515625,169545000,0.0,0.0
2018-06-20,1719.6600341796875,1728.68994140625,1709.75,1709.75,1709.75,130129700,0.0,0.0
2018-06-21,1710.43994140625,1710.7099609375,1681.8900146484375,1692.3199462890625,1692.3199462890625,223105800,0.0,0.0
2018-06-22,1682.969970703125,1699.949951171875,1678.030029296875,1694.1500244140625,1694.1500244140625,164542200,0.0,0.0
2018-06-25,1707.02001953125,1707.02001953125,1678.0999755859375,1678.0999755859375,1678.0999755859375,133576700,0.0,0.0
2018-06-26,1679.239990234375,1681.5400390625,1673.260009765625,1675.8599853515625,1675.8599853515625,131457100,0.0,0.0
2018-06-27,1674.239990234375,1681.43994140625,1666.0799560546875,1666.0799560546875,1666.0799560546875,131693700,0.0,0.0
2018-06-28,1659.1700439453125,1670.8499755859375,1657.780029296875,1665.6800537109375,1665.6800537109375,110544300,0.0,0.0
2018-06-29,1665.0400390625,1701.6500244140625,1664.68994140625,1691.5,1691.5,213370200,0.0,0.0
2018-07-02,1694.9300537109375,1697.1500244140625,1677.3299560546875,1685.050048828125,1685.050048828125,111616900,0.0,0.0
2018-07-03,1684.72998046875,1689.9100341796875,1674.1099853515625,1680.3699951171875,1680.3699951171875,116874000,0.0,0.0
2018-07-04,1682.9599609375,1690.56005859375,1680.6099853515625,1688.449951171875,1688.449951171875,114306000,0.0,0.0
2018-07-05,1690.219970703125,1691.6199951171875,1682.3499755859375,1690.6500244140625,1690.6500244140625,79773100,0.0,0.0
2018-07-06,1694.52001953125,1694.81005859375,1663.8599853515625,1663.8599853515625,1663.8599853515625,132523200,0.0,0.0
2018-07-09,1663.9599609375,1674.6099853515625,1662.5799560546875,1672.6300048828125,1672.6300048828125,101083300,0.0,0.0
2018-07-10,1675.050048828125,1687.1300048828125,1675.050048828125,1687.1300048828125,1687.1300048828125,101538100,0.0,0.0
2018-07-11,1683.050048828125,1689.3399658203125,1679.1800537109375,1688.77001953125,1688.77001953125,93739500,0.0,0.0
2018-07-12,1689.2900390625,1704.8699951171875,1686.1400146484375,1703.5699462890625,1703.5699462890625,133517800,0.0,0.0
2018-07-13,1710.6700439453125,1721.9300537109375,1706.6099853515625,1721.9300537109375,1721.9300537109375,149020300,0.0,0.0
2018-07-16,1722.6500244140625,1726.6700439453125,1717.1700439453125,1726.6700439453125,1726.6700439453125,110294300,0.0,0.0
2018-07-17,1727.0400390625,1737.280029296875,1726.0400390625,1737.280029296875,1737.280029296875,105144800,0.0,0.0
2018-07-18,1733.8900146484375,1753.0699462890625,1730.3800048828125,1753.0699462890625,1753.0699462890625,120257900,0.0,0.0
2018-07-19,1754.18994140625,1764.1500244140625,1754.1800537109375,1759.239990234375,1759.239990234375,148241800,0.0,0.0
2018-07-20,1758.510009765625,1758.6300048828125,1749.52001953125,1754.6700439453125,1754.6700439453125,108322000,0.0,0.0
2018-07-23,1753.1400146484375,1760.8399658203125,1749.949951171875,1757.9599609375,1757.9599609375,80128500,0.0,0.0
2018-07-24,1757.5400390625,1764.5699462890625,1756.9000244140625,1762.9300537109375,1762.9300537109375,109374600,0.0,0.0
2018-07-25,1760.949951171875,1766.050048828125,1760.77001953125,1763.780029296875,1763.780029296875,100181900,0.0,0.0
2018-07-26,1768.3199462890625,1769.219970703125,1762.1500244140625,1766.22998046875,1766.22998046875,139868700,0.0,0.0
2018-07-27,1764.06005859375,1769.1400146484375,1760.25,1769.1400146484375,1769.1400146484375,111728800,0.0,0.0
2018-07-30,1767.5899658203125,1770.469970703125,1764.280029296875,1770.260009765625,1770.260009765625,104899900,0.0,0.0
2018-07-31,1768.22998046875,1784.25,1764.2099609375,1784.25,1784.25,201494800,0.0,0.0
2018-08-01,1777.8499755859375,1788.31005859375,1777.5799560546875,1788.31005859375,1788.31005859375,104621800,0.0,0.0
2018-08-02,1788.31005859375,1788.31005859375,1775.8499755859375,1778.1300048828125,1778.1300048828125,106335700,0.0,0.0
2018-08-03,1782.739990234375,1782.77001953125,1773.8900146484375,1780.0899658203125,1780.0899658203125,90289700,0.0,0.0
2018-08-06,1781.760009765625,1782.18994140625,1777.780029296875,1779.75,1779.75,87316900,0.0,0.0
2018-08-07,1784.3399658203125,1791.97998046875,1782.219970703125,1791.0899658203125,1791.0899658203125,122538900,0.0,0.0
2018-08-08,1793.1600341796875,1804.72998046875,1793.1099853515625,1804.72998046875,1804.72998046875,140245700,0.0,0.0
2018-08-09,1803.5400390625,1811.2900390625,1803.0,1804.949951171875,1804.949951171875,113166900,0.0,0.0
2018-08-10,1804.27001953125,1812.68994140625,1804.0899658203125,1805.75,1805.75,117721300,0.0,0.0
2018-08-13,1803.6500244140625,1804.4100341796875,1782.699951171875,1783.3399658203125,1783.3399658203125,155601600,0.0,0.0
2018-08-14,1779.7900390625,1788.3399658203125,1778.199951171875,1783.780029296875,1783.780029296875,132179000,0.0,0.0
2018-08-15,1784.5799560546875,1789.050048828125,1783.5799560546875,1785.93994140625,1785.93994140625,104030200,0.0,0.0
2018-08-16,1782.1199951171875,1782.280029296875,1773.739990234375,1777.27001953125,1777.27001953125,100411300,0.0,0.0
2018-08-17,1780.6400146484375,1785.030029296875,1780.260009765625,1783.469970703125,1783.469970703125,103254000,0.0,0.0
2018-08-20,1784.4300537109375,1791.1400146484375,1782.739990234375,1787.5799560546875,1787.5799560546875,83745600,0.0,0.0
2018-08-21,1790.25,1798.1099853515625,1788.8599853515625,1798.1099853515625,1798.1099853515625,115693500,0.0,0.0
2018-08-24,1806.3499755859375,1808.5899658203125,1798.8399658203125,1808.5899658203125,1808.5899658203125,83634200,0.0,0.0
2018-08-27,1807.5999755859375,1814.780029296875,1804.8900146484375,1811.5999755859375,1811.5999755859375,104983400,0.0,0.0
2018-08-28,1811.3900146484375,1826.9000244140625,1811.1300048828125,1826.9000244140625,1826.9000244140625,127891000,0.0,0.0
2018-08-29,1821.8599853515625,1822.4300537109375,1815.739990234375,1820.6400146484375,1820.6400146484375,151407400,0.0,0.0
2018-08-30,1821.5400390625,1823.239990234375,1817.8299560546875,1819.6600341796875,1819.6600341796875,169479500,0.0,0.0
2018-09-03,1821.06005859375,1822.52001953125,1809.5699462890625,1813.5799560546875,1813.5799560546875,81803600,0.0,0.0
2018-09-04,1812.75,1813.93994140625,1809.239990234375,1812.760009765625,1812.760009765625,88125700,0.0,0.0
2018-09-05,1805.3399658203125,1807.9200439453125,1795.5,1795.5,1795.5,167730800,0.0,0.0
2018-09-06,1795.8199462890625,1802.5999755859375,1794.7900390625,1798.5699462890625,1798.5699462890625,114866200,0.0,0.0
2018-09-07,1801.280029296875,1802.1199951171875,1795.2900390625,1799.1700439453125,1799.1700439453125,96928500,0.0,0.0
2018-09-12,1810.18994140625,1822.6800537109375,1780.9100341796875,1785.25,1785.25,0,0.0,0.0
2018-09-13,1786.949951171875,1792.9599609375,1777.449951171875,1792.5999755859375,1792.5999755859375,0,0.0,0.0
2018-09-14,1790.56005859375,1804.8900146484375,1789.5999755859375,1803.760009765625,1803.760009765625,145847700,0.0,0.0
2018-09-18,1791.8599853515625,1797.969970703125,1788.52001953125,1792.93994140625,1792.93994140625,130734400,0.0,0.0
2018-09-19,1794.719970703125,1805.6500244140625,1794.6099853515625,1800.7099609375,1800.7099609375,115087000,0.0,0.0
2018-09-20,1804.010009765625,1810.2099609375,1803.06005859375,1803.699951171875,1803.699951171875,131592000,0.0,0.0
2018-09-21,1811.6800537109375,1813.530029296875,1809.43994140625,1810.6400146484375,1810.6400146484375,310386500,0.0,0.0
2018-09-24,1809.22998046875,1812.18994140625,1797.3499755859375,1800.1700439453125,1800.1700439453125,88640200,0.0,0.0
2018-09-25,1798.1400146484375,1800.8699951171875,1794.469970703125,1794.469970703125,1794.469970703125,103829100,0.0,0.0
2018-09-26,1789.0,1800.699951171875,1787.6199951171875,1798.719970703125,1798.719970703125,120384900,0.0,0.0
2018-09-27,1795.949951171875,1803.7099609375,1793.8299560546875,1798.6400146484375,1798.6400146484375,106939200,0.0,0.0
2018-09-28,1795.9100341796875,1798.6800537109375,1791.0999755859375,1793.1500244140625,1793.1500244140625,171645000,0.0,0.0
2018-10-01,1795.989990234375,1797.8499755859375,1792.1500244140625,1792.4599609375,1792.4599609375,69391200,0.0,0.0
2018-10-02,1792.72998046875,1798.1500244140625,1791.6700439453125,1798.1500244140625,1798.1500244140625,87150500,0.0,0.0
2018-10-03,1797.9000244140625,1799.800048828125,1794.22998046875,1796.300048828125,1796.300048828125,80921900,0.0,0.0
2018-10-04,1796.7900390625,1798.239990234375,1787.8800048828125,1790.1099853515625,1790.1099853515625,152987000,0.0,0.0
2018-10-05,1787.52001953125,1787.52001953125,1776.52001953125,1777.1500244140625,1777.1500244140625,113078800,0.0,0.0
2018-10-08,1773.510009765625,1778.18994140625,1769.719970703125,1775.75,1775.75,83178800,0.0,0.0
2018-10-09,1773.030029296875,1776.6800537109375,1771.1600341796875,1774.1500244140625,1774.1500244140625,74257100,0.0,0.0
2018-10-10,1781.719970703125,1781.7900390625,1732.5,1735.1800537109375,1735.1800537109375,201166900,0.0,0.0
2018-10-11,1699.760009765625,1708.77001953125,1682.97998046875,1708.489990234375,1708.489990234375,292382900,0.0,0.0
2018-10-12,1703.9200439453125,1732.1600341796875,1703.9200439453125,1730.739990234375,1730.739990234375,166778700,0.0,0.0
2018-10-15,1729.4000244140625,1739.3199462890625,1726.25,1728.739990234375,1728.739990234375,119495300,0.0,0.0
2018-10-16,1728.1700439453125,1736.8399658203125,1727.3399658203125,1736.8399658203125,1736.8399658203125,86675100,0.0,0.0
2018-10-17,1741.530029296875,1742.800048828125,1737.2900390625,1740.5899658203125,1740.5899658203125,121545800,0.0,0.0
2018-10-18,1738.4000244140625,1740.8299560546875,1735.0699462890625,1738.010009765625,1738.010009765625,123852600,0.0,0.0
2018-10-19,1733.7099609375,1733.7099609375,1718.1300048828125,1732.1400146484375,1732.1400146484375,121691000,0.0,0.0
2018-10-22,1730.260009765625,1730.27001953125,1722.1199951171875,1722.469970703125,1722.469970703125,88359400,0.0,0.0
2018-10-23,1721.5,1721.9100341796875,1697.5999755859375,1697.5999755859375,1697.5999755859375,129926500,0.0,0.0
2018-10-24,1697.0999755859375,1706.1800537109375,1689.530029296875,1690.0400390625,1690.0400390625,115076700,0.0,0.0
2018-10-25,1679.3599853515625,1686.5899658203125,1670.3399658203125,1686.5899658203125,1686.5899658203125,165681800,0.0,0.0
2018-10-26,1690.47998046875,1691.43994140625,1678.3499755859375,1683.06005859375,1683.06005859375,97064700,0.0,0.0
2018-10-29,1682.550048828125,1686.8299560546875,1680.5899658203125,1683.72998046875,1683.72998046875,70025000,0.0,0.0
2018-10-30,1688.1800537109375,1696.989990234375,1680.969970703125,1685.93994140625,1685.93994140625,93898200,0.0,0.0
2018-10-31,1691.3900146484375,1711.949951171875,1689.4300537109375,1709.27001953125,1709.27001953125,171184400,0.0,0.0
2018-11-01,1710.5899658203125,1711.3900146484375,1701.280029296875,1706.9200439453125,1706.9200439453125,92080900,0.0,0.0
2018-11-02,1710.97998046875,1720.1300048828125,1705.31005859375,1713.8699951171875,1713.8699951171875,152678800,0.0,0.0
2018-11-05,1720.0699462890625,1720.0699462890625,1699.5999755859375,1708.800048828125,1708.800048828125,516415800,0.0,0.0
2018-11-07,1712.7099609375,1715.97998046875,1704.9300537109375,1714.8800048828125,1714.8800048828125,220065600,0.0,0.0
2018-11-08,1725.9599609375,1726.0999755859375,1718.469970703125,1721.4200439453125,1721.4200439453125,167296900,0.0,0.0
2018-11-09,1719.280029296875,1719.72998046875,1705.0999755859375,1708.0899658203125,1708.0899658203125,114310200,0.0,0.0
2018-11-12,1704.0799560546875,1706.3399658203125,1696.1400146484375,1696.1400146484375,1696.1400146484375,78844500,0.0,0.0
2018-11-13,1686.6600341796875,1691.9100341796875,1680.0899658203125,1687.5699462890625,1687.5699462890625,126718900,0.0,0.0
2018-11-14,1685.68994140625,1688.4100341796875,1678.8199462890625,1688.4100341796875,1688.4100341796875,110701600,0.0,0.0
2018-11-15,1686.4300537109375,1698.1400146484375,1685.199951171875,1694.2099609375,1694.2099609375,113041000,0.0,0.0
2018-11-16,1705.81005859375,1708.9599609375,1701.9200439453125,1706.3800048828125,1706.3800048828125,102429800,0.0,0.0
2018-11-19,1712.81005859375,1712.969970703125,1698.510009765625,1710.7099609375,1710.7099609375,100932200,0.0,0.0
2018-11-21,1694.5699462890625,1698.6800537109375,1689.6800537109375,1695.3699951171875,1695.3699951171875,113547300,0.0,0.0
2018-11-22,1694.5899658203125,1701.739990234375,1689.030029296875,1695.6199951171875,1695.6199951171875,77520800,0.0,0.0
2018-11-23,1696.469970703125,1696.5400390625,1689.1400146484375,1695.8800048828125,1695.8800048828125,49402300,0.0,0.0
2018-11-26,1693.0400390625,1701.989990234375,1688.449951171875,1701.989990234375,1701.989990234375,87702600,0.0,0.0
2018-11-27,1698.719970703125,1699.0899658203125,1683.1500244140625,1684.969970703125,1684.969970703125,387026600,0.0,0.0
2018-11-28,1685.800048828125,1688.7099609375,1678.47998046875,1686.550048828125,1686.550048828125,219608000,0.0,0.0
2018-11-29,1694.8499755859375,1702.6300048828125,1694.8499755859375,1696.3399658203125,1696.3399658203125,239491000,0.0,0.0
2018-11-30,1701.56005859375,1702.97998046875,1677.449951171875,1679.8599853515625,1679.8599853515625,288367600,0.0,0.0
2018-12-03,1685.739990234375,1700.6700439453125,1685.739990234375,1699.719970703125,1699.719970703125,189416100,0.0,0.0
2018-12-04,1696.81005859375,1698.510009765625,1688.8800048828125,1694.989990234375,1694.989990234375,165117800,0.0,0.0
2018-12-05,1683.5799560546875,1688.5999755859375,1683.030029296875,1688.27001953125,1688.27001953125,100811100,0.0,0.0
2018-12-06,1683.3499755859375,1686.489990234375,1670.8800048828125,1683.3399658203125,1683.3399658203125,126784300,0.0,0.0
2018-12-07,1681.3699951171875,1684.3599853515625,1676.5999755859375,1680.5400390625,1680.5400390625,87826900,0.0,0.0
2018-12-10,1674.6700439453125,1674.6700439453125,1662.81005859375,1663.31005859375,1663.31005859375,86926600,0.0,0.0
2018-12-11,1656.550048828125,1665.68994140625,1652.6300048828125,1652.6300048828125,1652.6300048828125,109946500,0.0,0.0
2018-12-12,1657.0899658203125,1667.699951171875,1656.469970703125,1663.27001953125,1663.27001953125,133475300,0.0,0.0
2018-12-13,1671.1099853515625,1677.9100341796875,1670.1199951171875,1676.0,1676.0,121513500,0.0,0.0
2018-12-14,1670.050048828125,1671.72998046875,1661.300048828125,1661.9599609375,1661.9599609375,99035200,0.0,0.0
2018-12-17,1649.280029296875,1660.6600341796875,1641.6199951171875,1641.6199951171875,1641.6199951171875,68365600,0.0,0.0
2018-12-18,1628.469970703125,1643.8800048828125,1626.9300537109375,1635.31005859375,1635.31005859375,127769100,0.0,0.0
2018-12-19,1635.93994140625,1655.6600341796875,1634.550048828125,1655.6600341796875,1655.6600341796875,197735000,0.0,0.0
2018-12-20,1634.4100341796875,1651.6300048828125,1630.949951171875,1650.56005859375,1650.56005859375,136551300,0.0,0.0
2018-12-21,1645.3199462890625,1672.2099609375,1642.7900390625,1670.280029296875,1670.280029296875,158083300,0.0,0.0
2018-12-24,1669.989990234375,1683.8199462890625,1658.0999755859375,1683.8199462890625,1683.8199462890625,49717200,0.0,0.0
2018-12-26,1668.68994140625,1674.8499755859375,1660.800048828125,1672.5999755859375,1672.5999755859375,60187400,0.0,0.0
2018-12-27,1679.7099609375,1691.6500244140625,1677.3299560546875,1690.719970703125,1690.719970703125,59158000,0.0,0.0
2018-12-28,1687.9100341796875,1694.0799560546875,1684.469970703125,1692.0699462890625,1692.0699462890625,67519000,0.0,0.0
2018-12-31,1693.760009765625,1701.0999755859375,1689.0400390625,1690.5799560546875,1690.5799560546875,83199200,0.0,0.0
2019-01-02,1693.510009765625,1694.0999755859375,1666.0699462890625,1668.1099853515625,1668.1099853515625,47769800,0.0,0.0
2019-01-03,1675.1600341796875,1680.780029296875,1666.219970703125,1675.8299560546875,1675.8299560546875,69484500,0.0,0.0
2019-01-04,1672.5799560546875,1676.550048828125,1668.1500244140625,1669.780029296875,1669.780029296875,64869000,0.0,0.0
2019-01-07,1674.9200439453125,1687.1300048828125,1673.030029296875,1679.1700439453125,1679.1700439453125,144668500,0.0,0.0
2019-01-08,1685.719970703125,1686.3699951171875,1670.6700439453125,1672.760009765625,1672.760009765625,176071900,0.0,0.0
2019-01-09,1679.06005859375,1684.0799560546875,1667.8299560546875,1667.8299560546875,1667.8299560546875,176278400,0.0,0.0
2019-01-10,1677.3800048828125,1681.22998046875,1669.280029296875,1678.8800048828125,1678.8800048828125,156200700,0.0,0.0
2019-01-11,1684.989990234375,1684.989990234375,1676.75,1683.219970703125,1683.219970703125,139377800,0.0,0.0
2019-01-14,1683.050048828125,1684.18994140625,1672.27001953125,1676.1600341796875,1676.1600341796875,87794700,0.0,0.0
2019-01-15,1674.8299560546875,1679.4200439453125,1672.550048828125,1679.4200439453125,1679.4200439453125,136098300,0.0,0.0
2019-01-16,1675.780029296875,1676.3399658203125,1668.4300537109375,1673.0799560546875,1673.0799560546875,111608800,0.0,0.0
2019-01-17,1680.2099609375,1684.239990234375,1674.3599853515625,1682.969970703125,1682.969970703125,140150900,0.0,0.0
2019-01-18,1682.0799560546875,1692.219970703125,1681.8900146484375,1692.219970703125,1692.219970703125,133706000,0.0,0.0
2019-01-22,1698.8800048828125,1702.1199951171875,1688.18994140625,1702.1199951171875,1702.1199951171875,128811400,0.0,0.0
2019-01-23,1690.760009765625,1691.22998046875,1680.8399658203125,1688.1400146484375,1688.1400146484375,127894400,0.0,0.0
2019-01-24,1689.300048828125,1694.5899658203125,1686.8699951171875,1693.5899658203125,1693.5899658203125,153312500,0.0,0.0
2019-01-25,1699.5899658203125,1701.030029296875,1695.3800048828125,1701.030029296875,1701.030029296875,130046000,0.0,0.0
2019-01-28,1705.4100341796875,1705.5,1693.6300048828125,1697.5,1697.5,114151100,0.0,0.0
2019-01-29,1694.7099609375,1694.7099609375,1688.47998046875,1690.4100341796875,1690.4100341796875,145706700,0.0,0.0
2019-01-30,1689.68994140625,1691.22998046875,1681.5699462890625,1684.1099853515625,1684.1099853515625,111179200,0.0,0.0
2019-01-31,1694.8599853515625,1695.4000244140625,1683.530029296875,1683.530029296875,1683.530029296875,183261900,0.0,0.0
2019-02-04,1698.969970703125,1699.6600341796875,1683.6099853515625,1683.6099853515625,1683.6099853515625,55504500,0.0,0.0
2019-02-07,1688.0,1693.47998046875,1685.6600341796875,1693.3900146484375,1693.3900146484375,79976000,0.0,0.0
2019-02-08,1688.510009765625,1690.4300537109375,1683.7099609375,1686.52001953125,1686.52001953125,112074900,0.0,0.0
2019-02-11,1688.699951171875,1689.739990234375,1681.6400146484375,1688.56005859375,1688.56005859375,85843900,0.0,0.0
2019-02-12,1692.219970703125,1692.219970703125,1683.72998046875,1687.4100341796875,1687.4100341796875,109831900,0.0,0.0
2019-02-13,1687.72998046875,1688.4599609375,1683.6099853515625,1685.300048828125,1685.300048828125,101659700,0.0,0.0
2019-02-14,1684.489990234375,1689.06005859375,1682.81005859375,1689.06005859375,1689.06005859375,97867800,0.0,0.0
2019-02-15,1692.2900390625,1693.8499755859375,1687.1199951171875,1688.8299560546875,1688.8299560546875,113332100,0.0,0.0
2019-02-18,1693.9200439453125,1695.6099853515625,1690.18994140625,1692.739990234375,1692.739990234375,91243800,0.0,0.0
2019-02-19,1694.030029296875,1710.1400146484375,1693.3699951171875,1706.56005859375,1706.56005859375,155030200,0.0,0.0
2019-02-20,1712.8299560546875,1727.25,1711.43994140625,1726.1800537109375,1726.1800537109375,179676200,0.0,0.0
2019-02-21,1722.3699951171875,1730.6800537109375,1719.6700439453125,1730.6800537109375,1730.6800537109375,163806400,0.0,0.0
2019-02-22,1730.510009765625,1732.27001953125,1716.1700439453125,1721.4200439453125,1721.4200439453125,130778600,0.0,0.0
2019-02-25,1722.3399658203125,1724.5799560546875,1717.4100341796875,1724.5799560546875,1724.5799560546875,108306900,0.0,0.0
2019-02-26,1725.5699462890625,1726.0,1715.1500244140625,1719.0,1719.0,119649500,0.0,0.0
2019-02-27,1717.1400146484375,1717.5899658203125,1709.300048828125,1713.449951171875,1713.449951171875,116938100,0.0,0.0
2019-02-28,1715.3800048828125,1717.8800048828125,1706.9200439453125,1707.72998046875,1707.72998046875,208301100,0.0,0.0
2019-03-01,1700.449951171875,1701.050048828125,1696.7099609375,1700.760009765625,1700.760009765625,128892800,0.0,0.0
2019-03-04,1688.219970703125,1698.8699951171875,1688.219970703125,1693.989990234375,1693.989990234375,98568100,0.0,0.0
2019-03-05,1682.18994140625,1691.280029296875,1682.18994140625,1685.6199951171875,1685.6199951171875,106231900,0.0,0.0
2019-03-06,1684.97998046875,1688.3299560546875,1684.0799560546875,1686.8199462890625,1686.8199462890625,120497300,0.0,0.0
2019-03-07,1682.3299560546875,1690.22998046875,1682.3299560546875,1686.949951171875,1686.949951171875,107349800,0.0,0.0
2019-03-08,1686.1300048828125,1688.280029296875,1678.6600341796875,1679.9000244140625,1679.9000244140625,111301300,0.0,0.0
2019-03-11,1680.1400146484375,1680.1800537109375,1664.6300048828125,1664.6300048828125,1664.6300048828125,122405500,0.0,0.0
2019-03-12,1667.9599609375,1672.93994140625,1666.8399658203125,1671.280029296875,1671.280029296875,100522600,0.0,0.0
2019-03-13,1671.1300048828125,1678.239990234375,1669.9200439453125,1678.239990234375,1678.239990234375,106093600,0.0,0.0
2019-03-14,1675.6600341796875,1678.8800048828125,1673.469970703125,1674.52001953125,1674.52001953125,108432300,0.0,0.0
2019-03-15,1674.5899658203125,1683.25,1672.5999755859375,1680.5400390625,1680.5400390625,235527300,0.0,0.0
2019-03-18,1681.8299560546875,1690.93994140625,1681.3599853515625,1690.93994140625,1690.93994140625,87929700,0.0,0.0
2019-03-19,1692.47998046875,1694.8900146484375,1687.6800537109375,1687.6800537109375,1687.6800537109375,70723100,0.0,0.0
2019-03-20,1683.780029296875,1687.06005859375,1680.2900390625,1684.2099609375,1684.2099609375,93870500,0.0,0.0
2019-03-21,1687.6400146484375,1689.6099853515625,1663.6600341796875,1663.6600341796875,1663.6600341796875,118957800,0.0,0.0
2019-03-22,1669.5799560546875,1673.449951171875,1657.010009765625,1666.6600341796875,1666.6600341796875,96193500,0.0,0.0
2019-03-25,1652.1400146484375,1654.260009765625,1648.06005859375,1649.1500244140625,1649.1500244140625,87635300,0.0,0.0
2019-03-26,1647.8199462890625,1653.5799560546875,1647.1099853515625,1649.93994140625,1649.93994140625,103876000,0.0,0.0
2019-03-27,1649.1700439453125,1650.219970703125,1641.8900146484375,1642.72998046875,1642.72998046875,97583500,0.0,0.0
2019-03-28,1642.9000244140625,1645.2099609375,1638.68994140625,1641.3299560546875,1641.3299560546875,91661100,0.0,0.0
2019-03-29,1648.3599853515625,1649.5999755859375,1639.260009765625,1643.6300048828125,1643.6300048828125,142055400,0.0,0.0
2019-04-01,1646.4300537109375,1647.5899658203125,1628.43994140625,1628.6600341796875,1628.6600341796875,100896200,0.0,0.0
2019-04-02,1633.8299560546875,1639.3199462890625,1630.97998046875,1632.8299560546875,1632.8299560546875,101492100,0.0,0.0
2019-04-03,1638.27001953125,1645.5400390625,1635.800048828125,1643.2099609375,1643.2099609375,81246900,0.0,0.0
2019-04-04,1644.010009765625,1645.6099853515625,1637.5699462890625,1645.0699462890625,1645.0699462890625,106616000,0.0,0.0
2019-04-05,1645.0799560546875,1645.0899658203125,1640.300048828125,1641.81005859375,1641.81005859375,65502900,0.0,0.0
2019-04-08,1643.6700439453125,1645.719970703125,1640.3800048828125,1644.3499755859375,1644.3499755859375,83680300,0.0,0.0
2019-04-09,1645.18994140625,1645.56005859375,1639.2099609375,1641.93994140625,1641.93994140625,98177100,0.0,0.0
2019-04-10,1641.8299560546875,1642.1300048828125,1635.8900146484375,1639.4599609375,1639.4599609375,86807000,0.0,0.0
2019-04-11,1639.3299560546875,1639.3299560546875,1622.449951171875,1624.22998046875,1624.22998046875,105835100,0.0,0.0
2019-04-12,1624.530029296875,1631.0899658203125,1623.43994140625,1630.1700439453125,1630.1700439453125,100767200,0.0,0.0
2019-04-15,1634.949951171875,1638.8699951171875,1630.8299560546875,1631.3299560546875,1631.3299560546875,73256000,0.0,0.0
2019-04-16,1631.5799560546875,1635.469970703125,1626.989990234375,1629.4599609375,1629.4599609375,90054600,0.0,0.0
2019-04-17,1627.0699462890625,1627.77001953125,1615.530029296875,1620.9000244140625,1620.9000244140625,103910200,0.0,0.0
2019-04-18,1617.6700439453125,1620.550048828125,1609.8299560546875,1619.72998046875,1619.72998046875,138129600,0.0,0.0
2019-04-19,1620.6400146484375,1625.219970703125,1618.68994140625,1622.0699462890625,1622.0699462890625,75776100,0.0,0.0
2019-04-22,1622.56005859375,1630.9100341796875,1621.1600341796875,1622.06005859375,1622.06005859375,115059500,0.0,0.0
2019-04-23,1624.1199951171875,1629.4200439453125,1620.9300537109375,1627.43994140625,1627.43994140625,106178700,0.0,0.0
2019-04-24,1633.699951171875,1640.9599609375,1633.699951171875,1638.010009765625,1638.010009765625,134534900,0.0,0.0
2019-04-25,1637.3399658203125,1640.1300048828125,1632.510009765625,1635.6800537109375,1635.6800537109375,120413200,0.0,0.0
2019-04-26,1638.6600341796875,1639.1800537109375,1632.5799560546875,1638.3800048828125,1638.3800048828125,114937300,0.0,0.0
2019-04-29,1637.300048828125,1637.489990234375,1631.8299560546875,1637.4000244140625,1637.4000244140625,63429800,0.0,0.0
2019-04-30,1634.6199951171875,1643.449951171875,1634.5400390625,1642.2900390625,1642.2900390625,139943400,0.0,0.0
2019-05-02,1642.4599609375,1644.3499755859375,1631.27001953125,1632.239990234375,1632.239990234375,87894400,0.0,0.0
2019-05-03,1631.530029296875,1637.4100341796875,1625.56005859375,1637.300048828125,1637.300048828125,82569700,0.0,0.0
2019-05-06,1632.0400390625,1633.6600341796875,1623.6099853515625,1632.800048828125,1632.800048828125,64595700,0.0,0.0
2019-05-07,1626.77001953125,1641.8599853515625,1626.06005859375,1639.3699951171875,1639.3699951171875,165442400,0.0,0.0
2019-05-08,1635.56005859375,1635.56005859375,1627.3800048828125,1633.550048828125,1633.550048828125,147577400,0.0,0.0
2019-05-09,1629.6099853515625,1630.43994140625,1618.3299560546875,1618.530029296875,1618.530029296875,133418700,0.0,0.0
2019-05-10,1615.9100341796875,1620.4000244140625,1610.27001953125,1610.27001953125,1610.27001953125,98812400,0.0,0.0
2019-05-13,1610.550048828125,1611.469970703125,1598.5999755859375,1601.0899658203125,1601.0899658203125,107076500,0.0,0.0
2019-05-14,1580.8499755859375,1603.719970703125,1572.030029296875,1599.18994140625,1599.18994140625,173978800,0.0,0.0
2019-05-15,1601.4300537109375,1617.4300537109375,1601.0400390625,1611.4300537109375,1611.4300537109375,147144300,0.0,0.0
2019-05-16,1609.219970703125,1610.780029296875,1599.18994140625,1599.18994140625,1599.18994140625,95600000,0.0,0.0
2019-05-17,1599.3199462890625,1610.9599609375,1599.3199462890625,1605.3599853515625,1605.3599853515625,85616600,0.0,0.0
2019-05-21,1608.739990234375,1614.22998046875,1603.6500244140625,1603.739990234375,1603.739990234375,100448000,0.0,0.0
2019-05-23,1599.93994140625,1605.1300048828125,1589.7900390625,1601.8699951171875,1601.8699951171875,149289000,0.0,0.0
2019-05-24,1594.1600341796875,1606.8499755859375,1592.969970703125,1598.3199462890625,1598.3199462890625,99444600,0.0,0.0
2019-05-27,1604.43994140625,1604.43994140625,1597.25,1601.3499755859375,1601.3499755859375,71164500,0.0,0.0
2019-05-28,1604.260009765625,1614.5699462890625,1602.1500244140625,1614.5699462890625,1614.5699462890625,384159000,0.0,0.0
2019-05-29,1614.6800537109375,1626.6400146484375,1611.47998046875,1623.6700439453125,1623.6700439453125,116436500,0.0,0.0
2019-05-30,1620.97998046875,1639.4200439453125,1620.280029296875,1636.5,1636.5,130813400,0.0,0.0
2019-05-31,1639.760009765625,1650.760009765625,1634.1400146484375,1650.760009765625,1650.760009765625,159714600,0.0,0.0
2019-06-03,1649.9300537109375,1656.6800537109375,1642.6600341796875,1655.31005859375,1655.31005859375,105242100,0.0,0.0
2019-06-04,1654.02001953125,1655.8900146484375,1644.0899658203125,1644.0899658203125,1644.0899658203125,61533700,0.0,0.0
2019-06-07,1650.9300537109375,1651.989990234375,1646.800048828125,1649.3299560546875,1649.3299560546875,102539800,0.0,0.0
2019-06-10,1651.9300537109375,1656.0,1651.8499755859375,1655.469970703125,1655.469970703125,93023500,0.0,0.0
2019-06-11,1655.800048828125,1657.3599853515625,1649.81005859375,1651.199951171875,1651.199951171875,111042200,0.0,0.0
2019-06-12,1646.6700439453125,1650.739990234375,1642.1099853515625,1650.739990234375,1650.739990234375,90831900,0.0,0.0
2019-06-13,1644.0799560546875,1646.219970703125,1640.300048828125,1643.739990234375,1643.739990234375,96232000,0.0,0.0
2019-06-14,1649.4200439453125,1649.5699462890625,1636.3199462890625,1638.6300048828125,1638.6300048828125,83903000,0.0,0.0
2019-06-17,1638.9300537109375,1644.0400390625,1637.4599609375,1638.4000244140625,1638.4000244140625,84794700,0.0,0.0
2019-06-18,1636.6600341796875,1652.760009765625,1636.1800537109375,1652.760009765625,1652.760009765625,100923800,0.0,0.0
2019-06-19,1654.5699462890625,1666.9000244140625,1652.5799560546875,1666.5400390625,1666.5400390625,109775000,0.0,0.0
2019-06-20,1660.8299560546875,1675.4300537109375,1660.8299560546875,1675.4300537109375,1675.4300537109375,132199500,0.0,0.0
2019-06-21,1672.239990234375,1682.22998046875,1672.0899658203125,1682.22998046875,1682.22998046875,219305100,0.0,0.0
2019-06-24,1679.280029296875,1679.280029296875,1674.4000244140625,1676.1300048828125,1676.1300048828125,87859800,0.0,0.0
2019-06-25,1675.8199462890625,1677.760009765625,1672.4100341796875,1676.6099853515625,1676.6099853515625,111387800,0.0,0.0
2019-06-26,1674.22998046875,1677.1700439453125,1672.5899658203125,1674.489990234375,1674.489990234375,82354800,0.0,0.0
2019-06-27,1670.72998046875,1676.72998046875,1670.72998046875,1672.699951171875,1672.699951171875,118539600,0.0,0.0
2019-06-28,1671.4200439453125,1677.3399658203125,1670.81005859375,1672.1300048828125,1672.1300048828125,120364900,0.0,0.0
2019-07-01,1674.9100341796875,1683.6199951171875,1674.9100341796875,1683.6199951171875,1683.6199951171875,88667200,0.0,0.0
2019-07-02,1685.780029296875,1694.550048828125,1684.06005859375,1691.0,1691.0,182396400,0.0,0.0
2019-07-03,1689.25,1690.050048828125,1683.239990234375,1690.050048828125,1690.050048828125,102458400,0.0,0.0
2019-07-04,1688.6500244140625,1690.81005859375,1685.6400146484375,1687.47998046875,1687.47998046875,84268400,0.0,0.0
2019-07-05,1687.5999755859375,1687.5999755859375,1677.0799560546875,1682.530029296875,1682.530029296875,88226700,0.0,0.0
2019-07-08,1679.6500244140625,1679.6600341796875,1672.8800048828125,1677.6400146484375,1677.6400146484375,79839500,0.0,0.0
2019-07-09,1679.1500244140625,1682.8699951171875,1677.97998046875,1682.8699951171875,1682.8699951171875,88883400,0.0,0.0
2019-07-10,1682.68994140625,1683.68994140625,1674.1300048828125,1678.969970703125,1678.969970703125,87430200,0.0,0.0
2019-07-11,1681.219970703125,1681.780029296875,1674.699951171875,1679.260009765625,1679.260009765625,85988000,0.0,0.0
2019-07-12,1681.030029296875,1682.0400390625,1668.989990234375,1669.449951171875,1669.449951171875,126112400,0.0,0.0
2019-07-15,1670.4000244140625,1672.3699951171875,1664.3800048828125,1672.3699951171875,1672.3699951171875,75675700,0.0,0.0
2019-07-16,1671.489990234375,1672.469970703125,1666.3699951171875,1668.93994140625,1668.93994140625,93222700,0.0,0.0
2019-07-17,1667.5,1667.7900390625,1656.760009765625,1657.530029296875,1657.530029296875,88444600,0.0,0.0
2019-07-18,1657.800048828125,1659.93994140625,1648.9300537109375,1648.9300537109375,1648.9300537109375,101531000,0.0,0.0
2019-07-19,1649.550048828125,1658.93994140625,1649.550048828125,1658.18994140625,1658.18994140625,86279200,0.0,0.0
2019-07-22,1658.280029296875,1658.280029296875,1647.699951171875,1655.4000244140625,1655.4000244140625,73533400,0.0,0.0
2019-07-23,1654.72998046875,1658.3499755859375,1654.02001953125,1655.6700439453125,1655.6700439453125,108738200,0.0,0.0
2019-07-24,1653.8800048828125,1659.3800048828125,1651.3599853515625,1652.4100341796875,1652.4100341796875,154536400,0.0,0.0
2019-07-25,1653.739990234375,1656.5799560546875,1650.3199462890625,1656.5799560546875,1656.5799560546875,113375000,0.0,0.0
2019-07-26,1653.739990234375,1653.77001953125,1647.9599609375,1647.9599609375,1647.9599609375,141697300,0.0,0.0
2019-07-29,1647.9599609375,1648.7099609375,1637.25,1642.68994140625,1642.68994140625,78401400,0.0,0.0
2019-07-31,1640.9200439453125,1642.72998046875,1626.3199462890625,1634.8699951171875,1634.8699951171875,196276700,0.0,0.0
2019-08-01,1628.800048828125,1639.1300048828125,1627.949951171875,1639.0699462890625,1639.0699462890625,138091900,0.0,0.0
2019-08-02,1631.3900146484375,1631.4200439453125,1623.6600341796875,1626.760009765625,1626.760009765625,116380700,0.0,0.0
2019-08-05,1621.1199951171875,1621.6800537109375,1610.4100341796875,1610.4100341796875,1610.4100341796875,123498200,0.0,0.0
2019-08-06,1592.8399658203125,1617.219970703125,1588.97998046875,1611.7900390625,1611.7900390625,183727500,0.0,0.0
2019-08-07,1611.0999755859375,1611.47998046875,1602.800048828125,1604.699951171875,1604.699951171875,366237100,0.0,0.0
2019-08-08,1607.1800537109375,1620.6500244140625,1605.8399658203125,1616.02001953125,1616.02001953125,113077000,0.0,0.0
2019-08-09,1613.300048828125,1620.760009765625,1613.27001953125,1615.050048828125,1615.050048828125,94084900,0.0,0.0
2019-08-13,1615.239990234375,1615.239990234375,1591.2900390625,1592.8800048828125,1592.8800048828125,149253200,0.0,0.0
2019-08-14,1598.3599853515625,1603.0400390625,1596.8199462890625,1600.31005859375,1600.31005859375,110009700,0.0,0.0
2019-08-15,1584.9100341796875,1600.2900390625,1581.260009765625,1600.2900390625,1600.2900390625,129951400,0.0,0.0
2019-08-16,1598.06005859375,1600.1700439453125,1590.1800537109375,1599.219970703125,1599.219970703125,110266200,0.0,0.0
2019-08-19,1595.510009765625,1602.030029296875,1594.8399658203125,1596.449951171875,1596.449951171875,103561700,0.0,0.0
2019-08-20,1598.3699951171875,1603.4300537109375,1597.1300048828125,1602.75,1602.75,106942400,0.0,0.0
2019-08-21,1601.239990234375,1601.9000244140625,1594.5899658203125,1594.5899658203125,1594.5899658203125,96427600,0.0,0.0
2019-08-22,1596.260009765625,1605.530029296875,1594.1700439453125,1602.469970703125,1602.469970703125,113714400,0.0,0.0
2019-08-23,1595.77001953125,1609.3299560546875,1594.5899658203125,1609.3299560546875,1609.3299560546875,84127400,0.0,0.0
2019-08-26,1598.280029296875,1600.530029296875,1590.510009765625,1600.530029296875,1600.530029296875,89033000,0.0,0.0
2019-08-27,1601.4000244140625,1601.4000244140625,1590.8399658203125,1590.8399658203125,1590.8399658203125,210071500,0.0,0.0
2019-08-28,1590.3900146484375,1592.1300048828125,1585.6600341796875,1589.8199462890625,1589.8199462890625,92700600,0.0,0.0
2019-08-29,1593.3599853515625,1597.3900146484375,1584.8299560546875,1595.1800537109375,1595.1800537109375,92439100,0.0,0.0
2019-08-30,1602.239990234375,1612.1400146484375,1601.5899658203125,1612.1400146484375,1612.1400146484375,150191400,0.0,0.0
2019-09-03,1612.780029296875,1616.3399658203125,1591.52001953125,1591.52001953125,1591.52001953125,105352900,0.0,0.0
2019-09-04,1593.969970703125,1600.9100341796875,1591.1099853515625,1599.8900146484375,1599.8900146484375,95861600,0.0,0.0
2019-09-05,1598.1700439453125,1603.7900390625,1592.8399658203125,1599.75,1599.75,108502500,0.0,0.0
2019-09-06,1601.6600341796875,1606.4000244140625,1599.5799560546875,1604.469970703125,1604.469970703125,91206400,0.0,0.0
2019-09-10,1590.8299560546875,1597.780029296875,1589.780029296875,1595.8499755859375,1595.8499755859375,174806400,0.0,0.0
2019-09-11,1597.8800048828125,1602.300048828125,1595.280029296875,1602.300048828125,1602.300048828125,128033000,0.0,0.0
2019-09-12,1603.2099609375,1608.3900146484375,1601.0,1601.0,1601.0,120542700,0.0,0.0
2019-09-13,1600.68994140625,1603.6800537109375,1596.3299560546875,1601.25,1601.25,87804400,0.0,0.0
2019-09-17,1609.9200439453125,1609.969970703125,1597.0899658203125,1604.300048828125,1604.300048828125,140900100,0.0,0.0
2019-09-18,1599.5699462890625,1599.5699462890625,1594.0899658203125,1599.489990234375,1599.489990234375,102870800,0.0,0.0
2019-09-19,1598.6500244140625,1599.1700439453125,1592.6500244140625,1596.280029296875,1596.280029296875,82675500,0.0,0.0
2019-09-20,1597.6099853515625,1597.6099853515625,1590.02001953125,1597.4100341796875,1597.4100341796875,246858500,0.0,0.0
2019-09-23,1597.5899658203125,1597.5899658203125,1590.969970703125,1592.9300537109375,1592.9300537109375,83778400,0.0,0.0
2019-09-24,1593.5,1593.5,1585.5799560546875,1592.3299560546875,1592.3299560546875,100387100,0.0,0.0
2019-09-25,1592.52001953125,1593.989990234375,1586.1400146484375,1589.5799560546875,1589.5799560546875,74123200,0.0,0.0
2019-09-26,1589.47998046875,1593.050048828125,1589.2099609375,1593.0,1593.0,95044500,0.0,0.0
2019-09-27,1590.239990234375,1592.050048828125,1583.449951171875,1584.1400146484375,1584.1400146484375,73331700,0.0,0.0
2019-09-30,1584.260009765625,1586.68994140625,1578.530029296875,1583.9100341796875,1583.9100341796875,92489700,0.0,0.0
2019-10-01,1584.93994140625,1589.6400146484375,1583.8399658203125,1589.43994140625,1589.43994140625,71303900,0.0,0.0
2019-10-02,1588.8499755859375,1589.06005859375,1574.9000244140625,1574.9000244140625,1574.9000244140625,87431300,0.0,0.0
2019-10-03,1571.9599609375,1572.0400390625,1563.1300048828125,1564.1199951171875,1564.1199951171875,90318700,0.0,0.0
2019-10-04,1563.8900146484375,1564.7900390625,1551.9599609375,1557.6700439453125,1557.6700439453125,76431100,0.0,0.0
2019-10-07,1557.7900390625,1560.3699951171875,1555.550048828125,1559.0,1559.0,44082500,0.0,0.0
2019-10-08,1560.4599609375,1565.1600341796875,1556.2099609375,1558.7900390625,1558.7900390625,78376500,0.0,0.0
2019-10-09,1554.72998046875,1555.4200439453125,1548.6199951171875,1551.22998046875,1551.22998046875,87647500,0.0,0.0
2019-10-10,1550.699951171875,1553.1800537109375,1548.449951171875,1551.8699951171875,1551.8699951171875,69706900,0.0,0.0
2019-10-11,1550.9599609375,1558.260009765625,1550.9599609375,1556.8399658203125,1556.8399658203125,78630200,0.0,0.0
2019-10-14,1562.6500244140625,1568.9599609375,1562.6500244140625,1567.5899658203125,1567.5899658203125,67604000,0.0,0.0
2019-10-15,1567.030029296875,1568.239990234375,1563.1300048828125,1566.22998046875,1566.22998046875,84407300,0.0,0.0
2019-10-16,1568.0999755859375,1574.9000244140625,1567.8699951171875,1574.9000244140625,1574.9000244140625,104215600,0.0,0.0
2019-10-17,1573.0400390625,1577.0400390625,1569.2099609375,1574.5,1574.5,96261500,0.0,0.0
2019-10-18,1572.719970703125,1576.8699951171875,1567.719970703125,1571.1500244140625,1571.1500244140625,102591400,0.0,0.0
2019-10-21,1568.780029296875,1572.06005859375,1565.0799560546875,1570.9300537109375,1570.9300537109375,48984300,0.0,0.0
2019-10-22,1570.27001953125,1574.0899658203125,1567.699951171875,1574.0899658203125,1574.0899658203125,92716700,0.0,0.0
2019-10-23,1571.6600341796875,1573.22998046875,1564.0799560546875,1568.7900390625,1568.7900390625,81163100,0.0,0.0
2019-10-24,1569.469970703125,1571.4300537109375,1565.6400146484375,1571.1099853515625,1571.1099853515625,85709400,0.0,0.0
2019-10-25,1572.9200439453125,1573.1500244140625,1567.9000244140625,1570.0,1570.0,70214800,0.0,0.0
2019-10-29,1573.1600341796875,1577.97998046875,1570.1800537109375,1577.7900390625,1577.7900390625,136240000,0.0,0.0
2019-10-30,1583.0,1583.0,1575.3299560546875,1580.0,1580.0,103994200,0.0,0.0
2019-10-31,1579.1400146484375,1599.77001953125,1579.1400146484375,1597.97998046875,1597.97998046875,192718900,0.0,0.0
2019-11-01,1595.72998046875,1596.8399658203125,1583.0,1593.3399658203125,1593.3399658203125,88597000,0.0,0.0
2019-11-04,1598.280029296875,1603.56005859375,1595.199951171875,1603.56005859375,1603.56005859375,105488800,0.0,0.0
2019-11-05,1599.0699462890625,1606.739990234375,1597.760009765625,1606.739990234375,1606.739990234375,136828000,0.0,0.0
2019-11-06,1609.4300537109375,1609.6400146484375,1597.1800537109375,1603.25,1603.25,86576200,0.0,0.0
2019-11-07,1604.8499755859375,1609.3299560546875,1601.1800537109375,1609.3299560546875,1609.3299560546875,106440400,0.0,0.0
2019-11-08,1607.0899658203125,1614.18994140625,1606.02001953125,1609.72998046875,1609.72998046875,109606800,0.0,0.0
2019-11-11,1610.6600341796875,1611.4300537109375,1601.989990234375,1608.1500244140625,1608.1500244140625,87810000,0.0,0.0
2019-11-12,1612.1800537109375,1614.2099609375,1605.7099609375,1609.72998046875,1609.72998046875,102461500,0.0,0.0
2019-11-13,1610.8800048828125,1610.8800048828125,1593.9100341796875,1597.219970703125,1597.219970703125,120634300,0.0,0.0
2019-11-14,1595.4000244140625,1598.0899658203125,1592.6300048828125,1593.550048828125,1593.550048828125,83645300,0.0,0.0
2019-11-15,1593.7900390625,1596.8499755859375,1592.219970703125,1594.75,1594.75,77516500,0.0,0.0
2019-11-18,1593.0899658203125,1604.3599853515625,1592.469970703125,1604.3599853515625,1604.3599853515625,57599800,0.0,0.0
2019-11-19,1601.0899658203125,1605.31005859375,1595.1500244140625,1605.31005859375,1605.31005859375,80138500,0.0,0.0
2019-11-20,1601.4200439453125,1604.3800048828125,1598.3199462890625,1601.1400146484375,1601.1400146484375,87737000,0.0,0.0
2019-11-21,1601.3599853515625,1601.3599853515625,1587.0699462890625,1592.18994140625,1592.18994140625,97583900,0.0,0.0
2019-11-22,1589.8699951171875,1600.06005859375,1589.25,1596.8399658203125,1596.8399658203125,93254800,0.0,0.0
2019-11-25,1595.0799560546875,1596.300048828125,1588.719970703125,1591.3499755859375,1591.3499755859375,56368900,0.0,0.0
2019-11-26,1589.6400146484375,1595.9200439453125,1583.699951171875,1583.8699951171875,1583.8699951171875,255822800,0.0,0.0
2019-11-27,1587.6400146484375,1590.510009765625,1582.4599609375,1587.1800537109375,1587.1800537109375,72429300,0.0,0.0
2019-11-28,1588.0799560546875,1588.510009765625,1582.280029296875,1583.77001953125,1583.77001953125,68597800,0.0,0.0
2019-11-29,1585.699951171875,1585.699951171875,1560.719970703125,1561.739990234375,1561.739990234375,113618700,0.0,0.0
2019-12-02,1562.550048828125,1570.550048828125,1561.97998046875,1570.550048828125,1570.550048828125,75988700,0.0,0.0
2019-12-03,1568.8499755859375,1568.8499755859375,1556.1700439453125,1562.27001953125,1562.27001953125,85943900,0.0,0.0
2019-12-04,1553.989990234375,1560.9300537109375,1550.9200439453125,1560.9300537109375,1560.9300537109375,106194700,0.0,0.0
2019-12-05,1561.93994140625,1567.3399658203125,1560.1300048828125,1563.5799560546875,1563.5799560546875,102869400,0.0,0.0
2019-12-06,1561.5799560546875,1569.010009765625,1561.5799560546875,1568.43994140625,1568.43994140625,67750300,0.0,0.0
2019-12-09,1566.1800537109375,1567.780029296875,1560.02001953125,1562.7099609375,1562.7099609375,76676600,0.0,0.0
2019-12-10,1561.469970703125,1564.8199462890625,1559.22998046875,1561.7900390625,1561.7900390625,72435300,0.0,0.0
2019-12-11,1558.760009765625,1568.030029296875,1558.760009765625,1563.18994140625,1563.18994140625,94604400,0.0,0.0
2019-12-12,1559.8299560546875,1572.510009765625,1559.8299560546875,1567.3399658203125,1567.3399658203125,124138400,0.0,0.0
2019-12-13,1576.510009765625,1579.22998046875,1571.1600341796875,1571.1600341796875,1571.1600341796875,125142500,0.0,0.0
2019-12-16,1568.4300537109375,1573.4100341796875,1565.5899658203125,1569.3499755859375,1569.3499755859375,77939800,0.0,0.0
2019-12-17,1571.8699951171875,1576.949951171875,1564.25,1576.949951171875,1576.949951171875,105202000,0.0,0.0
2019-12-18,1599.1099853515625,1599.1099853515625,1599.1099853515625,1599.1099853515625,1599.1099853515625,0,0.0,0.0
2019-12-19,1587.1300048828125,1603.5899658203125,1585.760009765625,1596.010009765625,1596.010009765625,84325300,0.0,0.0
2019-12-20,1598.27001953125,1610.1800537109375,1591.949951171875,1610.1800537109375,1610.1800537109375,170098700,0.0,0.0
2019-12-23,1606.449951171875,1615.1099853515625,1601.22998046875,1614.1800537109375,1614.1800537109375,65777100,0.0,0.0
2019-12-24,1613.8299560546875,1613.8699951171875,1602.0999755859375,1604.22998046875,1604.22998046875,34847100,0.0,0.0
2019-12-26,1604.6800537109375,1607.1199951171875,1602.6600341796875,1603.550048828125,1603.550048828125,22687500,0.0,0.0
2019-12-27,1599.9300537109375,1610.9100341796875,1598.47998046875,1610.6099853515625,1610.6099853515625,63765200,0.0,0.0
2019-12-30,1609.449951171875,1617.4300537109375,1608.760009765625,1615.6700439453125,1615.6700439453125,82149800,0.0,0.0
2019-12-31,1609.3699951171875,1610.68994140625,1588.760009765625,1588.760009765625,1588.760009765625,104601300,0.0,0.0
2020-01-02,1590.97998046875,1603.719970703125,1590.97998046875,1602.5,1602.5,69876500,0.0,0.0
2020-01-03,1606.31005859375,1612.6199951171875,1604.3399658203125,1611.3800048828125,1611.3800048828125,109697200,0.0,0.0
2020-01-06,1611.1600341796875,1611.1600341796875,1593.0799560546875,1597.760009765625,1597.760009765625,57241400,0.0,0.0
2020-01-07,1596.56005859375,1612.5999755859375,1596.4200439453125,1611.0400390625,1611.0400390625,96579400,0.0,0.0
2020-01-08,1604.06005859375,1604.06005859375,1587.4300537109375,1589.0999755859375,1589.0999755859375,93682000,0.0,0.0
2020-01-09,1593.719970703125,1599.010009765625,1589.97998046875,1595.6500244140625,1595.6500244140625,97468500,0.0,0.0
2020-01-10,1596.6500244140625,1597.8499755859375,1589.0699462890625,1591.4599609375,1591.4599609375,77260800,0.0,0.0
2020-01-13,1593.0999755859375,1595.239990234375,1581.5699462890625,1584.72998046875,1584.72998046875,76066600,0.0,0.0
2020-01-14,1584.989990234375,1587.469970703125,1571.8900146484375,1580.5999755859375,1580.5999755859375,96081600,0.0,0.0
2020-01-15,1579.93994140625,1585.1400146484375,1573.9200439453125,1585.1400146484375,1585.1400146484375,84830800,0.0,0.0
2020-01-16,1582.1199951171875,1588.22998046875,1575.77001953125,1587.8800048828125,1587.8800048828125,95089400,0.0,0.0
2020-01-17,1586.93994140625,1595.81005859375,1586.760009765625,1595.81005859375,1595.81005859375,147653500,0.0,0.0
2020-01-20,1596.3900146484375,1596.3900146484375,1588.8800048828125,1588.8800048828125,1588.8800048828125,82673100,0.0,0.0
2020-01-21,1589.2900390625,1592.5899658203125,1587.0999755859375,1587.3299560546875,1587.3299560546875,113059900,0.0,0.0
2020-01-22,1584.6400146484375,1595.3800048828125,1576.9000244140625,1577.97998046875,1577.97998046875,169768500,0.0,0.0
2020-01-23,1575.27001953125,1577.7900390625,1571.5799560546875,1574.43994140625,1574.43994140625,109508300,0.0,0.0
2020-01-24,1573.5999755859375,1575.2099609375,1568.6400146484375,1572.81005859375,1572.81005859375,80187200,0.0,0.0
2020-01-28,1551.6400146484375,1551.6400146484375,1551.6400146484375,1551.6400146484375,1551.6400146484375,0,0.0,0.0
2020-01-29,1551.6300048828125,1554.4200439453125,1547.93994140625,1550.469970703125,1550.469970703125,173163500,0.0,0.0
2020-01-30,1545.5899658203125,1545.5899658203125,1545.5899658203125,1545.5899658203125,1545.5899658203125,0,0.0,0.0
2020-01-31,1544.25,1552.4599609375,1530.68994140625,1531.06005859375,1531.06005859375,232272000,0.0,0.0
2020-02-03,1522.1400146484375,1528.06005859375,1517.6099853515625,1521.949951171875,1521.949951171875,154060300,0.0,0.0
2020-02-04,1528.3199462890625,1542.5899658203125,1527.699951171875,1535.800048828125,1535.800048828125,167916100,0.0,0.0
2020-02-05,1539.6400146484375,1539.8900146484375,1529.0999755859375,1536.7900390625,1536.7900390625,192358700,0.0,0.0
2020-02-06,1540.8800048828125,1555.6300048828125,1540.8800048828125,1552.77001953125,1552.77001953125,154660000,0.0,0.0
2020-02-07,1554.2900390625,1554.9100341796875,1546.0799560546875,1554.489990234375,1554.489990234375,124357000,0.0,0.0
2020-02-10,1557.0699462890625,1557.0699462890625,1540.1099853515625,1542.800048828125,1542.800048828125,101850300,0.0,0.0
2020-02-11,1544.8900146484375,1554.6700439453125,1543.22998046875,1551.47998046875,1551.47998046875,103140000,0.0,0.0
2020-02-12,1551.02001953125,1555.6600341796875,1538.6600341796875,1542.93994140625,1542.93994140625,182740200,0.0,0.0
2020-02-13,1544.75,1545.9200439453125,1536.760009765625,1539.1600341796875,1539.1600341796875,98000800,0.0,0.0
2020-02-14,1538.719970703125,1544.4599609375,1534.969970703125,1544.4599609375,1544.4599609375,95266500,0.0,0.0
2020-02-17,1542.969970703125,1545.9200439453125,1537.1199951171875,1537.1199951171875,1537.1199951171875,75684400,0.0,0.0
2020-02-18,1536.510009765625,1537.8699951171875,1532.8900146484375,1537.0799560546875,1537.0799560546875,100882100,0.0,0.0
2020-02-19,1539.219970703125,1539.9000244140625,1530.8299560546875,1534.1600341796875,1534.1600341796875,100665400,0.0,0.0
2020-02-20,1537.0999755859375,1540.1800537109375,1531.1500244140625,1534.97998046875,1534.97998046875,125662200,0.0,0.0
2020-02-21,1529.010009765625,1533.9100341796875,1527.5699462890625,1531.199951171875,1531.199951171875,106739500,0.0,0.0
2020-02-24,1501.469970703125,1510.4200439453125,1486.7099609375,1490.06005859375,1490.06005859375,255636600,0.0,0.0
2020-02-25,1481.4599609375,1503.300048828125,1481.4599609375,1500.8800048828125,1500.8800048828125,174202800,0.0,0.0
2020-02-26,1489.3299560546875,1508.4300537109375,1485.239990234375,1495.18994140625,1495.18994140625,199950000,0.0,0.0
2020-02-27,1496.72998046875,1508.27001953125,1494.93994140625,1505.5899658203125,1505.5899658203125,133612600,0.0,0.0
2020-02-28,1484.9000244140625,1494.0899658203125,1473.77001953125,1482.6400146484375,1482.6400146484375,312195000,0.0,0.0
2020-03-02,1471.3399658203125,1478.6800537109375,1456.0799560546875,1466.93994140625,1466.93994140625,231463500,0.0,0.0
2020-03-03,1476.300048828125,1481.3599853515625,1466.9000244140625,1478.6400146484375,1478.6400146484375,179122500,0.0,0.0
2020-03-04,1478.3299560546875,1491.0699462890625,1474.949951171875,1489.949951171875,1489.949951171875,185113600,0.0,0.0
2020-03-05,1492.3599853515625,1497.31005859375,1486.3499755859375,1491.030029296875,1491.030029296875,140555700,0.0,0.0
2020-03-06,1486.8399658203125,1486.8399658203125,1479.739990234375,1483.0999755859375,1483.0999755859375,169355600,0.0,0.0
2020-03-09,1459.81005859375,1459.81005859375,1422.6500244140625,1424.1600341796875,1424.1600341796875,255462000,0.0,0.0
2020-03-10,1415.8599853515625,1446.72998046875,1414.949951171875,1430.469970703125,1430.469970703125,220291600,0.0,0.0
2020-03-11,1431.3499755859375,1454.0,1428.5899658203125,1443.8299560546875,1443.8299560546875,195734000,0.0,0.0
2020-03-12,1431.4100341796875,1432.699951171875,1419.4300537109375,1419.4300537109375,1419.4300537109375,232856800,0.0,0.0
2020-03-13,1363.760009765625,1369.0,1320.9599609375,1344.75,1344.75,442093200,0.0,0.0
2020-03-16,1319.3699951171875,1319.3699951171875,1278.47998046875,1280.6300048828125,1280.6300048828125,343898600,0.0,0.0
2020-03-17,1217.280029296875,1278.4300537109375,1211.949951171875,1256.5799560546875,1256.5799560546875,431606800,0.0,0.0
2020-03-18,1254.4300537109375,1275.22998046875,1226.260009765625,1239.010009765625,1239.010009765625,292176800,0.0,0.0
2020-03-19,1227.7099609375,1242.8199462890625,1207.800048828125,1219.719970703125,1219.719970703125,280828500,0.0,0.0
2020-03-20,1220.5400390625,1304.550048828125,1220.5400390625,1303.280029296875,1303.280029296875,396283500,0.0,0.0
2020-03-23,1259.8800048828125,1259.8800048828125,1259.8800048828125,1259.8800048828125,1259.8800048828125,0,0.0,0.0
2020-03-24,1271.3399658203125,1311.219970703125,1271.3399658203125,1291.1400146484375,1291.1400146484375,199940700,0.0,0.0
2020-03-25,1322.18994140625,1341.8599853515625,1304.969970703125,1324.5,1324.5,208580500,0.0,0.0
2020-03-26,1333.72998046875,1336.739990234375,1309.2099609375,1328.0899658203125,1328.0899658203125,173835400,0.0,0.0
2020-03-27,1335.5699462890625,1353.3499755859375,1335.5699462890625,1343.0899658203125,1343.0899658203125,194261000,0.0,0.0
2020-03-30,1336.22998046875,1336.22998046875,1317.3900146484375,1328.8800048828125,1328.8800048828125,144260500,0.0,0.0
2020-03-31,1336.5999755859375,1352.199951171875,1335.9100341796875,1350.8900146484375,1350.8900146484375,260583600,0.0,0.0
2020-04-01,1344.9000244140625,1344.9000244140625,1322.6600341796875,1322.6600341796875,1322.6600341796875,189037100,0.0,0.0
2020-04-02,1320.6199951171875,1332.6099853515625,1316.93994140625,1330.9000244140625,1330.9000244140625,154382300,0.0,0.0
2020-04-03,1331.56005859375,1333.8199462890625,1324.4100341796875,1330.6500244140625,1330.6500244140625,138072800,0.0,0.0
2020-04-06,1332.6099853515625,1343.050048828125,1324.4300537109375,1341.68994140625,1341.68994140625,150403500,0.0,0.0
2020-04-07,1355.510009765625,1369.9200439453125,1352.6300048828125,1369.9200439453125,1369.9200439453125,182160000,0.0,0.0
2020-04-08,1366.4599609375,1367.1600341796875,1358.199951171875,1361.3900146484375,1361.3900146484375,149272300,0.0,0.0
2020-04-09,1368.8900146484375,1371.3499755859375,1366.530029296875,1369.760009765625,1369.760009765625,131792500,0.0,0.0
2020-04-10,1361.6199951171875,1362.1600341796875,1354.280029296875,1357.5,1357.5,81993900,0.0,0.0
2020-04-13,1357.93994140625,1359.6800537109375,1352.780029296875,1356.030029296875,1356.030029296875,73131100,0.0,0.0
2020-04-14,1361.010009765625,1373.800048828125,1357.8299560546875,1371.6600341796875,1371.6600341796875,114404000,0.0,0.0
2020-04-15,1375.6199951171875,1394.6600341796875,1375.1199951171875,1387.7900390625,1387.7900390625,166219900,0.0,0.0
2020-04-16,1381.9599609375,1398.530029296875,1378.300048828125,1386.530029296875,1386.530029296875,162695500,0.0,0.0
2020-04-17,1395.550048828125,1414.6700439453125,1395.550048828125,1407.3399658203125,1407.3399658203125,161977100,0.0,0.0
2020-04-20,1411.68994140625,1428.949951171875,1411.68994140625,1413.1199951171875,1413.1199951171875,183669900,0.0,0.0
2020-04-21,1407.22998046875,1407.22998046875,1381.72998046875,1381.72998046875,1381.72998046875,166167900,0.0,0.0
2020-04-22,1366.4000244140625,1383.0899658203125,1359.5400390625,1381.8900146484375,1381.8900146484375,190817200,0.0,0.0
2020-04-23,1388.739990234375,1395.3399658203125,1378.780029296875,1381.6400146484375,1381.6400146484375,147390800,0.0,0.0
2020-04-24,1376.1700439453125,1377.7099609375,1367.489990234375,1369.8499755859375,1369.8499755859375,143980200,0.0,0.0
2020-04-27,1371.5999755859375,1378.4000244140625,1370.1600341796875,1370.1600341796875,1370.1600341796875,74707700,0.0,0.0
2020-04-28,1371.97998046875,1377.3699951171875,1367.43994140625,1372.199951171875,1372.199951171875,145151500,0.0,0.0
2020-04-29,1372.3900146484375,1386.22998046875,1372.1700439453125,1380.300048828125,1380.300048828125,122355200,0.0,0.0
2020-04-30,1383.9599609375,1418.4200439453125,1383.9599609375,1407.780029296875,1407.780029296875,189319500,0.0,0.0
2020-05-04,1388.8299560546875,1388.8299560546875,1375.3900146484375,1376.5899658203125,1376.5899658203125,116486800,0.0,0.0
2020-05-05,1378.75,1398.0699462890625,1378.75,1389.550048828125,1389.550048828125,79911100,0.0,0.0
2020-05-06,1387.75,1393.56005859375,1376.9300537109375,1376.9300537109375,1376.9300537109375,105301100,0.0,0.0
2020-05-08,1382.1199951171875,1392.22998046875,1382.02001953125,1382.31005859375,1382.31005859375,127071100,0.0,0.0
2020-05-12,1379.43994140625,1388.4100341796875,1377.56005859375,1379.9300537109375,1379.9300537109375,139615300,0.0,0.0
2020-05-13,1383.219970703125,1400.6700439453125,1379.0999755859375,1397.1300048828125,1397.1300048828125,186890100,0.0,0.0
2020-05-14,1400.3399658203125,1411.0799560546875,1388.800048828125,1397.25,1397.25,180103600,0.0,0.0
2020-05-15,1403.469970703125,1408.18994140625,1398.7099609375,1403.43994140625,1403.43994140625,114462900,0.0,0.0
2020-05-18,1409.3900146484375,1416.93994140625,1405.6500244140625,1410.1600341796875,1410.1600341796875,100010700,0.0,0.0
2020-05-19,1419.77001953125,1428.1199951171875,1418.760009765625,1423.969970703125,1423.969970703125,171866300,0.0,0.0
2020-05-20,1429.260009765625,1435.1199951171875,1420.1800537109375,1435.1199951171875,1435.1199951171875,101428000,0.0,0.0
2020-05-21,1437.489990234375,1455.1300048828125,1437.1300048828125,1452.1099853515625,1452.1099853515625,168060000,0.0,0.0
2020-05-22,1451.3699951171875,1451.43994140625,1435.22998046875,1436.760009765625,1436.760009765625,144048200,0.0,0.0
2020-05-27,1446.9100341796875,1458.239990234375,1446.4200439453125,1451.72998046875,1451.72998046875,189841100,0.0,0.0
2020-05-28,1453.530029296875,1458.72998046875,1449.25,1457.5,1457.5,189529500,0.0,0.0
2020-05-29,1450.5400390625,1473.77001953125,1448.8399658203125,1473.25,1473.25,595843500,0.0,0.0
2020-06-02,1484.510009765625,1509.739990234375,1480.1700439453125,1507.68994140625,1507.68994140625,225473000,0.0,0.0
2020-06-03,1515.6800537109375,1542.010009765625,1492.3399658203125,1538.530029296875,1538.530029296875,292940300,0.0,0.0
2020-06-04,1541.68994140625,1561.8399658203125,1541.5,1561.8399658203125,1561.8399658203125,261501300,0.0,0.0
2020-06-05,1561.1700439453125,1564.1300048828125,1547.5699462890625,1556.3299560546875,1556.3299560546875,189450200,0.0,0.0
2020-06-09,1572.800048828125,1590.8299560546875,1567.969970703125,1575.1600341796875,1575.1600341796875,290834700,0.0,0.0
2020-06-10,1576.260009765625,1578.0999755859375,1570.449951171875,1575.27001953125,1575.27001953125,165205700,0.0,0.0
2020-06-11,1577.6500244140625,1586.219970703125,1550.9000244140625,1557.25,1557.25,212285100,0.0,0.0
2020-06-12,1512.3900146484375,1546.02001953125,1509.1600341796875,1546.02001953125,1546.02001953125,186027200,0.0,0.0
2020-06-15,1548.050048828125,1548.050048828125,1490.43994140625,1498.8299560546875,1498.8299560546875,218572900,0.0,0.0
2020-06-16,1518.9200439453125,1528.760009765625,1517.469970703125,1517.7099609375,1517.7099609375,143663500,0.0,0.0
2020-06-17,1527.97998046875,1528.6300048828125,1510.7099609375,1526.3199462890625,1526.3199462890625,154681700,0.0,0.0
2020-06-18,1524.510009765625,1525.68994140625,1503.3499755859375,1504.9100341796875,1504.9100341796875,200979200,0.0,0.0
2020-06-19,1497.9599609375,1512.93994140625,1496.7900390625,1507.260009765625,1507.260009765625,254830200,0.0,0.0
2020-06-22,1505.949951171875,1511.6500244140625,1502.6400146484375,1511.239990234375,1511.239990234375,98222800,0.0,0.0
2020-06-23,1511.1500244140625,1511.5400390625,1492.3199462890625,1507.0400390625,1507.0400390625,109465200,0.0,0.0
2020-06-24,1507.3800048828125,1507.3800048828125,1496.989990234375,1502.6300048828125,1502.6300048828125,92440000,0.0,0.0
2020-06-25,1494.43994140625,1498.6099853515625,1484.4000244140625,1489.199951171875,1489.199951171875,93460100,0.0,0.0
2020-06-26,1491.969970703125,1495.5699462890625,1483.050048828125,1488.1400146484375,1488.1400146484375,94462100,0.0,0.0
2020-06-29,1485.18994140625,1494.969970703125,1476.280029296875,1494.4300537109375,1494.4300537109375,104824100,0.0,0.0
2020-06-30,1493.4100341796875,1509.1199951171875,1492.0699462890625,1500.969970703125,1500.969970703125,140817600,0.0,0.0
2020-07-01,1503.9300537109375,1517.010009765625,1497.5400390625,1514.4300537109375,1514.4300537109375,114831700,0.0,0.0
2020-07-02,1514.780029296875,1536.3599853515625,1513.2099609375,1536.280029296875,1536.280029296875,132430200,0.0,0.0
2020-07-03,1543.47998046875,1552.6500244140625,1538.1600341796875,1552.6500244140625,1552.6500244140625,85868800,0.0,0.0
2020-07-06,1553.7900390625,1577.8199462890625,1553.7900390625,1576.9000244140625,1576.9000244140625,120130400,0.0,0.0
2020-07-07,1582.030029296875,1587.6400146484375,1562.8800048828125,1566.719970703125,1566.719970703125,152251200,0.0,0.0
2020-07-08,1562.0799560546875,1584.6700439453125,1562.0799560546875,1583.5,1583.5,127417600,0.0,0.0
2020-07-09,1583.93994140625,1590.6300048828125,1579.9000244140625,1583.25,1583.25,164873700,0.0,0.0
2020-07-10,1578.9200439453125,1591.8399658203125,1574.0799560546875,1591.8399658203125,1591.8399658203125,145111600,0.0,0.0
2020-07-13,1596.4000244140625,1608.3399658203125,1595.75,1606.4300537109375,1606.4300537109375,136029500,0.0,0.0
2020-07-14,1608.280029296875,1617.3599853515625,1577.3299560546875,1598.75,1598.75,144740400,0.0,0.0
2020-07-15,1601.52001953125,1605.260009765625,1585.56005859375,1585.56005859375,1585.56005859375,133790000,0.0,0.0
2020-07-16,1583.3199462890625,1599.530029296875,1572.1099853515625,1573.47998046875,1573.47998046875,94192100,0.0,0.0
2020-07-17,1563.010009765625,1599.5899658203125,1563.010009765625,1596.3299560546875,1596.3299560546875,181775800,0.0,0.0
2020-07-20,1607.3499755859375,1609.02001953125,1580.3900146484375,1589.449951171875,1589.449951171875,136294000,0.0,0.0
2020-07-21,1588.4200439453125,1601.81005859375,1587.8599853515625,1595.9300537109375,1595.9300537109375,147303200,0.0,0.0
2020-07-22,1594.050048828125,1599.5699462890625,1586.27001953125,1586.97998046875,1586.97998046875,118174700,0.0,0.0
2020-07-23,1586.969970703125,1607.800048828125,1585.449951171875,1606.4200439453125,1606.4200439453125,104270000,0.0,0.0
2020-07-24,1603.300048828125,1605.2099609375,1585.1099853515625,1589.6099853515625,1589.6099853515625,117983500,0.0,0.0
2020-07-27,1594.6800537109375,1595.0,1585.239990234375,1591.47998046875,1591.47998046875,89988600,0.0,0.0
2020-07-28,1594.6400146484375,1609.93994140625,1593.239990234375,1609.93994140625,1609.93994140625,138510800,0.0,0.0
2020-07-29,1610.1300048828125,1618.010009765625,1589.97998046875,1611.4200439453125,1611.4200439453125,112190000,0.0,0.0
2020-07-30,1614.02001953125,1614.3499755859375,1584.949951171875,1603.75,1603.75,126475200,0.0,0.0
2020-08-03,1595.010009765625,1599.3399658203125,1570.1800537109375,1572.6099853515625,1572.6099853515625,148578200,0.0,0.0
2020-08-04,1578.239990234375,1580.8699951171875,1549.6199951171875,1575.93994140625,1575.93994140625,142530200,0.0,0.0
2020-08-05,1578.8199462890625,1579.9100341796875,1566.8699951171875,1568.1300048828125,1568.1300048828125,115800000,0.0,0.0
2020-08-06,1577.469970703125,1588.5699462890625,1575.4000244140625,1588.5699462890625,1588.5699462890625,88750000,0.0,0.0
2020-08-07,1590.5400390625,1591.0799560546875,1578.1400146484375,1578.1400146484375,1578.1400146484375,78209400,0.0,0.0
2020-08-10,1579.2900390625,1579.2900390625,1558.0699462890625,1571.6600341796875,1571.6600341796875,65970000,0.0,0.0
2020-08-11,1580.1700439453125,1581.9300537109375,1564.739990234375,1564.739990234375,1564.739990234375,80677300,0.0,0.0
2020-08-12,1558.8199462890625,1564.3800048828125,1539.6099853515625,1556.6400146484375,1556.6400146484375,147372000,0.0,0.0
2020-08-13,1564.1300048828125,1576.4200439453125,1561.1700439453125,1576.4200439453125,1576.4200439453125,103047400,0.0,0.0
2020-08-14,1578.7900390625,1579.6300048828125,1561.1800537109375,1564.5899658203125,1564.5899658203125,113661000,0.0,0.0
2020-08-17,1561.93994140625,1567.550048828125,1543.0400390625,1560.739990234375,1560.739990234375,102190000,0.0,0.0
2020-08-18,1559.6400146484375,1577.8499755859375,1557.25,1577.8499755859375,1577.8499755859375,122344500,0.0,0.0
2020-08-19,1576.3800048828125,1584.3599853515625,1570.699951171875,1575.3800048828125,1575.3800048828125,108285500,0.0,0.0
2020-08-21,1574.7900390625,1579.010009765625,1568.97998046875,1577.1199951171875,1577.1199951171875,194313500,0.0,0.0
2020-08-24,1578.550048828125,1581.27001953125,1567.0999755859375,1568.5799560546875,1568.5799560546875,119426200,0.0,0.0
2020-08-25,1563.3499755859375,1569.5799560546875,1552.9200439453125,1554.9599609375,1554.9599609375,125072300,0.0,0.0
2020-08-26,1554.75,1558.949951171875,1538.260009765625,1549.5799560546875,1549.5799560546875,129083600,0.0,0.0
2020-08-27,1548.2099609375,1554.780029296875,1544.1199951171875,1554.780029296875,1554.780029296875,132430100,0.0,0.0
2020-08-28,1555.050048828125,1558.2900390625,1525.2099609375,1525.2099609375,1525.2099609375,265628700,0.0,0.0
2020-09-01,1541.550048828125,1541.989990234375,1520.199951171875,1521.4300537109375,1521.4300537109375,215671500,0.0,0.0
2020-09-02,1525.1199951171875,1537.5400390625,1523.68994140625,1537.5400390625,1537.5400390625,146423000,0.0,0.0
2020-09-03,1540.6400146484375,1544.1800537109375,1507.5799560546875,1515.4000244140625,1515.4000244140625,227392200,0.0,0.0
2020-09-04,1504.6199951171875,1519.280029296875,1498.719970703125,1515.8599853515625,1515.8599853515625,123115500,0.0,0.0
2020-09-07,1514.6300048828125,1520.8900146484375,1507.5699462890625,1516.3800048828125,1516.3800048828125,94876900,0.0,0.0
2020-09-08,1518.5,1519.3199462890625,1494.18994140625,1519.3199462890625,1519.3199462890625,177379900,0.0,0.0
2020-09-09,1505.739990234375,1505.739990234375,1490.530029296875,1496.719970703125,1496.719970703125,233845100,0.0,0.0
2020-09-10,1502.219970703125,1504.030029296875,1474.22998046875,1490.1199951171875,1490.1199951171875,280828000,0.0,0.0
2020-09-11,1486.22998046875,1505.8900146484375,1477.469970703125,1504.8499755859375,1504.8499755859375,323100600,0.0,0.0
2020-09-14,1513.4300537109375,1515.6600341796875,1506.4100341796875,1511.3599853515625,1511.3599853515625,247327400,0.0,0.0
2020-09-15,1510.3599853515625,1532.0400390625,1503.18994140625,1531.280029296875,1531.280029296875,182127100,0.0,0.0
2020-09-17,1541.1400146484375,1541.1400146484375,1508.010009765625,1513.0699462890625,1513.0699462890625,314591800,0.0,0.0
2020-09-18,1511.780029296875,1524.0699462890625,1503.4300537109375,1506.6300048828125,1506.6300048828125,284135400,0.0,0.0
2020-09-21,1510.4200439453125,1511.77001953125,1496.969970703125,1499.4300537109375,1499.4300537109375,156236400,0.0,0.0
2020-09-22,1495.280029296875,1511.9000244140625,1494.9300537109375,1505.780029296875,1505.780029296875,135822100,0.0,0.0
2020-09-23,1507.2900390625,1509.1500244140625,1491.1700439453125,1496.47998046875,1496.47998046875,145529900,0.0,0.0
2020-09-24,1494.719970703125,1506.5999755859375,1492.97998046875,1500.800048828125,1500.800048828125,209154000,0.0,0.0
2020-09-25,1507.949951171875,1516.0,1505.050048828125,1509.1400146484375,1509.1400146484375,161816600,0.0,0.0
2020-09-28,1510.260009765625,1519.050048828125,1507.3499755859375,1511.6600341796875,1511.6600341796875,126847900,0.0,0.0
2020-09-29,1512.75,1517.3299560546875,1503.9000244140625,1503.9000244140625,1503.9000244140625,171248200,0.0,0.0
2020-09-30,1505.77001953125,1512.949951171875,1497.780029296875,1504.8199462890625,1504.8199462890625,110856400,0.0,0.0
2020-10-01,1501.5799560546875,1503.8599853515625,1491.1300048828125,1496.77001953125,1496.77001953125,84881100,0.0,0.0
2020-10-02,1494.8399658203125,1501.8499755859375,1489.6600341796875,1500.300048828125,1500.300048828125,122647500,0.0,0.0
2020-10-05,1501.0799560546875,1513.3699951171875,1498.81005859375,1512.4300537109375,1512.4300537109375,147917700,0.0,0.0
2020-10-06,1515.699951171875,1522.3199462890625,1508.1800537109375,1509.469970703125,1509.469970703125,114933600,0.0,0.0
2020-10-07,1509.239990234375,1510.3499755859375,1489.56005859375,1489.56005859375,1489.56005859375,136587800,0.0,0.0
2020-10-08,1495.52001953125,1519.4300537109375,1495.280029296875,1519.4300537109375,1519.4300537109375,89887800,0.0,0.0
2020-10-09,1516.93994140625,1532.530029296875,1512.739990234375,1530.3499755859375,1530.3499755859375,87613900,0.0,0.0
2020-10-12,1525.9200439453125,1526.02001953125,1512.739990234375,1518.4300537109375,1518.4300537109375,111076300,0.0,0.0
2020-10-13,1514.1800537109375,1527.0400390625,1512.4599609375,1525.199951171875,1525.199951171875,134541300,0.0,0.0
2020-10-14,1523.5699462890625,1524.22998046875,1516.0999755859375,1523.25,1523.25,217994300,0.0,0.0
2020-10-15,1521.43994140625,1524.030029296875,1512.9599609375,1513.949951171875,1513.949951171875,134270100,0.0,0.0
2020-10-16,1519.3299560546875,1520.31005859375,1503.8399658203125,1503.8399658203125,1503.8399658203125,152911800,0.0,0.0
2020-10-19,1507.2099609375,1521.9100341796875,1505.9200439453125,1518.1099853515625,1518.1099853515625,132510200,0.0,0.0
2020-10-20,1518.5,1520.969970703125,1510.68994140625,1510.969970703125,1510.969970703125,130512500,0.0,0.0
2020-10-21,1512.0400390625,1513.199951171875,1492.18994140625,1492.4000244140625,1492.4000244140625,183844000,0.0,0.0
2020-10-22,1492.949951171875,1500.050048828125,1485.77001953125,1498.800048828125,1498.800048828125,163496000,0.0,0.0
2020-10-23,1499.760009765625,1502.6700439453125,1489.8299560546875,1494.6400146484375,1494.6400146484375,130007200,0.0,0.0
2020-10-26,1495.56005859375,1497.5400390625,1482.1500244140625,1494.6099853515625,1494.6099853515625,102464600,0.0,0.0
2020-10-27,1492.1099853515625,1504.550048828125,1489.97998046875,1500.3499755859375,1500.3499755859375,140621900,0.0,0.0
2020-10-28,1505.47998046875,1505.6400146484375,1492.1099853515625,1495.199951171875,1495.199951171875,105403500,0.0,0.0
2020-10-30,1494.31005859375,1494.8699951171875,1461.050048828125,1466.8900146484375,1466.8900146484375,165737400,0.0,0.0
2020-11-02,1465.469970703125,1468.0899658203125,1452.1300048828125,1466.4599609375,1466.4599609375,114250300,0.0,0.0
2020-11-03,1469.1099853515625,1470.68994140625,1460.5999755859375,1461.449951171875,1461.449951171875,92265300,0.0,0.0
2020-11-04,1464.489990234375,1473.530029296875,1462.3699951171875,1464.6099853515625,1464.6099853515625,88912900,0.0,0.0
2020-11-05,1468.8599853515625,1501.489990234375,1467.8399658203125,1501.489990234375,1501.489990234375,128922500,0.0,0.0
2020-11-06,1500.800048828125,1519.6400146484375,1497.3199462890625,1519.6400146484375,1519.6400146484375,139420600,0.0,0.0
2020-11-09,1521.6300048828125,1533.050048828125,1513.2099609375,1524.3199462890625,1524.3199462890625,109245000,0.0,0.0
2020-11-10,1521.949951171875,1575.0699462890625,1516.5400390625,1575.0699462890625,1575.0699462890625,592756400,0.0,0.0
2020-11-11,1572.68994140625,1572.68994140625,1550.43994140625,1570.0799560546875,1570.0799560546875,242168200,0.0,0.0
2020-11-12,1565.989990234375,1592.280029296875,1558.7099609375,1590.780029296875,1590.780029296875,283572200,0.0,0.0
2020-11-13,1588.3800048828125,1592.18994140625,1572.0,1589.68994140625,1589.68994140625,178410200,0.0,0.0
2020-11-16,1593.3499755859375,1602.22998046875,1587.06005859375,1599.6600341796875,1599.6600341796875,328920300,0.0,0.0
2020-11-17,1599.6199951171875,1613.3399658203125,1593.02001953125,1610.1500244140625,1610.1500244140625,467715300,0.0,0.0
2020-11-18,1611.0799560546875,1611.5799560546875,1595.0899658203125,1604.75,1604.75,237706200,0.0,0.0
2020-11-19,1595.7900390625,1596.550048828125,1583.6800537109375,1583.6800537109375,1583.6800537109375,174677700,0.0,0.0
2020-11-20,1584.989990234375,1599.489990234375,1579.489990234375,1593.75,1593.75,192318500,0.0,0.0
2020-11-23,1593.260009765625,1600.5799560546875,1592.7099609375,1597.47998046875,1597.47998046875,139314000,0.0,0.0
2020-11-24,1588.530029296875,1599.97998046875,1578.3900146484375,1578.3900146484375,1578.3900146484375,186434400,0.0,0.0
2020-11-25,1582.31005859375,1600.199951171875,1582.31005859375,1597.5799560546875,1597.5799560546875,196393300,0.0,0.0
2020-11-26,1597.68994140625,1612.780029296875,1590.6500244140625,1612.1099853515625,1612.1099853515625,184343200,0.0,0.0
2020-11-27,1615.199951171875,1618.6800537109375,1605.6800537109375,1607.5899658203125,1607.5899658203125,204625000,0.0,0.0
2020-11-30,1606.77001953125,1614.77001953125,1562.7099609375,1562.7099609375,1562.7099609375,415540700,0.0,0.0
2020-12-01,1580.1700439453125,1604.5699462890625,1580.1700439453125,1602.260009765625,1602.260009765625,218992400,0.0,0.0
2020-12-02,1604.489990234375,1605.5999755859375,1592.9300537109375,1598.719970703125,1598.719970703125,221580800,0.0,0.0
2020-12-03,1601.1300048828125,1628.260009765625,1599.3599853515625,1628.260009765625,1628.260009765625,181778200,0.0,0.0
2020-12-04,1627.9100341796875,1628.8199462890625,1618.5400390625,1621.8499755859375,1621.8499755859375,156357300,0.0,0.0
2020-12-07,1624.0699462890625,1627.5899658203125,1618.97998046875,1622.8900146484375,1622.8900146484375,155252700,0.0,0.0
2020-12-08,1625.43994140625,1631.719970703125,1624.949951171875,1631.699951171875,1631.699951171875,202623800,0.0,0.0
2020-12-09,1640.989990234375,1654.1500244140625,1638.77001953125,1646.530029296875,1646.530029296875,246630400,0.0,0.0
2020-12-10,1651.6700439453125,1658.0699462890625,1647.6500244140625,1654.3900146484375,1654.3900146484375,173122000,0.0,0.0
2020-12-11,1660.760009765625,1689.77001953125,1660.489990234375,1684.5799560546875,1684.5799560546875,295540900,0.0,0.0
2020-12-14,1682.4599609375,1695.9599609375,1662.449951171875,1662.739990234375,1662.739990234375,361491200,0.0,0.0
2020-12-15,1661.5400390625,1679.0999755859375,1655.8800048828125,1674.02001953125,1674.02001953125,226532100,0.0,0.0
2020-12-16,1694.3299560546875,1695.8699951171875,1679.3900146484375,1681.4100341796875,1681.4100341796875,191726100,0.0,0.0
2020-12-17,1684.27001953125,1684.300048828125,1669.68994140625,1674.3499755859375,1674.3499755859375,149955400,0.0,0.0
2020-12-18,1676.8399658203125,1678.1099853515625,1644.800048828125,1652.489990234375,1652.489990234375,217881000,0.0,0.0
2020-12-21,1651.8599853515625,1657.8199462890625,1641.9200439453125,1647.8900146484375,1647.8900146484375,120517100,0.0,0.0
2020-12-22,1646.800048828125,1647.3599853515625,1625.3900146484375,1631.9200439453125,1631.9200439453125,170479700,0.0,0.0
2020-12-23,1631.550048828125,1652.5899658203125,1627.530029296875,1647.5,1647.5,115592000,0.0,0.0
2020-12-24,1649.0799560546875,1649.7099609375,1636.97998046875,1641.1700439453125,1641.1700439453125,70670800,0.0,0.0
2020-12-28,1642.22998046875,1655.9599609375,1639.9200439453125,1643.9000244140625,1643.9000244140625,97323000,0.0,0.0
2020-12-29,1644.3699951171875,1645.760009765625,1630.8299560546875,1634.989990234375,1634.989990234375,132040100,0.0,0.0
2020-12-30,1635.5999755859375,1645.31005859375,1631.77001953125,1644.4100341796875,1644.4100341796875,122722900,0.0,0.0
2020-12-31,1644.260009765625,1644.260009765625,1627.2099609375,1627.2099609375,1627.2099609375,122930600,0.0,0.0
2021-01-04,1629.010009765625,1629.1700439453125,1593.1199951171875,1602.5699462890625,1602.5699462890625,519385300,0.0,0.0
2021-01-05,1603.0699462890625,1608.3499755859375,1589.81005859375,1608.3499755859375,1608.3499755859375,214185500,0.0,0.0
2021-01-06,1610.780029296875,1610.780029296875,1586.25,1591.969970703125,1591.969970703125,177008600,0.0,0.0
2021-01-07,1589.530029296875,1602.949951171875,1572.6199951171875,1602.949951171875,1602.949951171875,344222000,0.0,0.0
2021-01-08,1601.949951171875,1633.18994140625,1595.1199951171875,1633.18994140625,1633.18994140625,419320700,0.0,0.0
2021-01-11,1627.219970703125,1627.219970703125,1607.530029296875,1617.25,1617.25,312214300,0.0,0.0
2021-01-12,1615.8399658203125,1621.0999755859375,1590.7099609375,1612.0400390625,1612.0400390625,294833700,0.0,0.0
2021-01-13,1617.6800537109375,1637.31005859375,1617.6800537109375,1636.68994140625,1636.68994140625,215713300,0.0,0.0
2021-01-14,1638.0,1646.239990234375,1632.199951171875,1635.7099609375,1635.7099609375,211876200,0.0,0.0
2021-01-15,1637.27001953125,1637.8800048828125,1626.25,1627.010009765625,1627.010009765625,135442000,0.0,0.0
2021-01-18,1625.3499755859375,1625.3499755859375,1608.6400146484375,1609.52001953125,1609.52001953125,108538700,0.0,0.0
2021-01-19,1611.06005859375,1618.4100341796875,1601.8800048828125,1601.8800048828125,1601.8800048828125,137672400,0.0,0.0
2021-01-20,1606.550048828125,1616.8399658203125,1601.5400390625,1601.5400390625,1601.5400390625,163315800,0.0,0.0
2021-01-21,1608.4300537109375,1615.219970703125,1594.31005859375,1594.800048828125,1594.800048828125,147155800,0.0,0.0
2021-01-22,1596.06005859375,1605.699951171875,1595.02001953125,1596.739990234375,1596.739990234375,218347800,0.0,0.0
2021-01-25,1600.5400390625,1601.5400390625,1575.8800048828125,1576.6199951171875,1576.6199951171875,273030500,0.0,0.0
2021-01-26,1590.5899658203125,1609.18994140625,1575.31005859375,1575.31005859375,1575.31005859375,342432600,0.0,0.0
2021-01-27,1585.06005859375,1593.0799560546875,1580.3699951171875,1580.6199951171875,1580.6199951171875,247946400,0.0,0.0
2021-01-29,1597.1600341796875,1597.52001953125,1560.5400390625,1566.4000244140625,1566.4000244140625,478916100,0.0,0.0
2021-02-02,1575.030029296875,1585.1800537109375,1571.300048828125,1580.489990234375,1580.489990234375,315294100,0.0,0.0
2021-02-03,1584.02001953125,1597.9300537109375,1582.5400390625,1582.989990234375,1582.989990234375,278473600,0.0,0.0
2021-02-04,1582.0999755859375,1586.550048828125,1576.3299560546875,1584.9000244140625,1584.9000244140625,187635200,0.0,0.0
2021-02-05,1587.699951171875,1590.469970703125,1574.68994140625,1578.6300048828125,1578.6300048828125,137659000,0.0,0.0
2021-02-08,1580.43994140625,1586.06005859375,1572.77001953125,1573.3299560546875,1573.3299560546875,184060700,0.0,0.0
2021-02-09,1574.6700439453125,1588.9599609375,1574.22998046875,1586.1300048828125,1586.1300048828125,196502000,0.0,0.0
2021-02-10,1586.93994140625,1596.8499755859375,1586.8699951171875,1596.8499755859375,1596.8499755859375,165986600,0.0,0.0
2021-02-11,1602.18994140625,1602.5,1594.52001953125,1599.4200439453125,1599.4200439453125,69045700,0.0,0.0
2021-02-15,1607.0,1614.9200439453125,1607.0,1608.0699462890625,1608.0699462890625,114171800,0.0,0.0
2021-02-16,1612.0400390625,1613.010009765625,1605.4000244140625,1606.1400146484375,1606.1400146484375,198115800,0.0,0.0
2021-02-17,1609.510009765625,1609.510009765625,1593.800048828125,1595.2900390625,1595.2900390625,194961500,0.0,0.0
2021-02-18,1599.31005859375,1599.31005859375,1575.8399658203125,1575.8399658203125,1575.8399658203125,192950300,0.0,0.0
2021-02-19,1580.1800537109375,1584.9300537109375,1573.8399658203125,1584.9300537109375,1584.9300537109375,186226900,0.0,0.0
2021-02-22,1587.510009765625,1587.510009765625,1570.4599609375,1570.4599609375,1570.4599609375,179953300,0.0,0.0
2021-02-23,1573.6700439453125,1580.6800537109375,1565.050048828125,1565.050048828125,1565.050048828125,235770800,0.0,0.0
2021-02-24,1571.010009765625,1581.550048828125,1557.550048828125,1557.550048828125,1557.550048828125,414859700,0.0,0.0
2021-02-25,1566.9000244140625,1587.1099853515625,1565.77001953125,1581.5400390625,1581.5400390625,349181300,0.0,0.0
2021-02-26,1580.969970703125,1586.22998046875,1563.56005859375,1577.75,1577.75,399365000,0.0,0.0
2021-03-01,1578.699951171875,1584.4599609375,1563.1800537109375,1567.1400146484375,1567.1400146484375,291083800,0.0,0.0
2021-03-02,1572.030029296875,1583.4300537109375,1568.6700439453125,1569.8699951171875,1569.8699951171875,311452100,0.0,0.0
2021-03-03,1576.9000244140625,1588.449951171875,1568.6500244140625,1588.449951171875,1588.449951171875,321230300,0.0,0.0
2021-03-04,1588.8900146484375,1590.4599609375,1577.3900146484375,1581.260009765625,1581.260009765625,246614300,0.0,0.0
2021-03-05,1582.6800537109375,1600.1199951171875,1579.739990234375,1600.1199951171875,1600.1199951171875,232875700,0.0,0.0
2021-03-08,1607.47998046875,1625.68994140625,1607.47998046875,1611.81005859375,1611.81005859375,257561700,0.0,0.0
2021-03-09,1615.989990234375,1625.219970703125,1612.2900390625,1624.780029296875,1624.780029296875,218665000,0.0,0.0
2021-03-10,1629.030029296875,1642.199951171875,1628.8199462890625,1639.8299560546875,1639.8299560546875,229133700,0.0,0.0
2021-03-11,1636.72998046875,1636.72998046875,1626.22998046875,1629.4100341796875,1629.4100341796875,185399900,0.0,0.0
2021-03-12,1630.5899658203125,1632.010009765625,1615.68994140625,1615.68994140625,1615.68994140625,166695300,0.0,0.0
2021-03-15,1619.6199951171875,1624.739990234375,1619.2099609375,1620.9200439453125,1620.9200439453125,151420400,0.0,0.0
2021-03-16,1623.800048828125,1625.52001953125,1617.9200439453125,1623.9599609375,1623.9599609375,154718200,0.0,0.0
2021-03-17,1625.6099853515625,1625.6700439453125,1616.9100341796875,1624.969970703125,1624.969970703125,201888500,0.0,0.0
2021-03-18,1626.1800537109375,1635.1500244140625,1626.1800537109375,1627.989990234375,1627.989990234375,174422500,0.0,0.0
2021-03-19,1631.0400390625,1631.0400390625,1615.1600341796875,1626.18994140625,1626.18994140625,323782900,0.0,0.0
2021-03-22,1628.469970703125,1628.469970703125,1616.72998046875,1616.72998046875,1616.72998046875,153698000,0.0,0.0
2021-03-23,1616.780029296875,1616.780029296875,1595.2900390625,1595.2900390625,1595.2900390625,164102600,0.0,0.0
2021-03-24,1591.6600341796875,1602.77001953125,1585.43994140625,1602.4000244140625,1602.4000244140625,124110000,0.0,0.0
2021-03-25,1607.8599853515625,1608.050048828125,1594.3299560546875,1597.72998046875,1597.72998046875,110480800,0.0,0.0
2021-03-26,1598.739990234375,1603.010009765625,1593.239990234375,1601.4200439453125,1601.4200439453125,98128000,0.0,0.0
2021-03-29,1603.5899658203125,1611.280029296875,1597.8299560546875,1611.280029296875,1611.280029296875,118893300,0.0,0.0
2021-03-30,1606.1500244140625,1610.6099853515625,1601.0799560546875,1609.18994140625,1609.18994140625,195281600,0.0,0.0
2021-03-31,1608.9599609375,1608.9599609375,1564.06005859375,1573.510009765625,1573.510009765625,282957300,0.0,0.0
2021-04-01,1579.969970703125,1586.260009765625,1576.3299560546875,1582.6400146484375,1582.6400146484375,129797600,0.0,0.0
2021-04-02,1586.510009765625,1588.719970703125,1582.6500244140625,1585.3499755859375,1585.3499755859375,71636100,0.0,0.0
2021-04-05,1584.8900146484375,1590.6700439453125,1582.199951171875,1584.239990234375,1584.239990234375,62205300,0.0,0.0
2021-04-06,1588.27001953125,1589.06005859375,1575.1800537109375,1578.9100341796875,1578.9100341796875,110036800,0.0,0.0
2021-04-07,1584.3800048828125,1600.5899658203125,1580.9000244140625,1600.5899658203125,1600.5899658203125,135168300,0.0,0.0
2021-04-08,1599.81005859375,1609.3900146484375,1596.6400146484375,1602.4000244140625,1602.4000244140625,270051300,0.0,0.0
2021-04-09,1614.949951171875,1615.489990234375,1605.3699951171875,1612.25,1612.25,286765100,0.0,0.0
2021-04-12,1613.9599609375,1613.9599609375,1603.3199462890625,1608.4200439453125,1608.4200439453125,148809600,0.0,0.0
2021-04-13,1608.7099609375,1608.7900390625,1594.8900146484375,1597.7099609375,1597.7099609375,118420400,0.0,0.0
2021-04-14,1600.18994140625,1601.3699951171875,1592.8699951171875,1598.280029296875,1598.280029296875,102835400,0.0,0.0
2021-04-15,1599.81005859375,1608.25,1597.780029296875,1608.25,1608.25,271930500,0.0,0.0
2021-04-16,1607.43994140625,1609.760009765625,1600.300048828125,1608.3800048828125,1608.3800048828125,247719600,0.0,0.0
2021-04-19,1608.1099853515625,1608.6199951171875,1596.050048828125,1600.2900390625,1600.2900390625,184998100,0.0,0.0
2021-04-20,1600.4300537109375,1607.5699462890625,1591.8299560546875,1607.5699462890625,1607.5699462890625,146388800,0.0,0.0
2021-04-21,1604.8699951171875,1605.72998046875,1596.5799560546875,1596.5799560546875,1596.5799560546875,141522500,0.0,0.0
2021-04-22,1599.8900146484375,1609.0999755859375,1598.18994140625,1607.72998046875,1607.72998046875,176049300,0.0,0.0
2021-04-23,1607.280029296875,1610.81005859375,1605.43994140625,1608.4300537109375,1608.4300537109375,153568100,0.0,0.0
2021-04-26,1610.739990234375,1623.469970703125,1609.43994140625,1623.469970703125,1623.469970703125,214928700,0.0,0.0
2021-04-27,1623.2099609375,1623.25,1603.8199462890625,1606.6800537109375,1606.6800537109375,191167600,0.0,0.0
2021-04-28,1606.52001953125,1608.5,1597.7900390625,1608.5,1608.5,140500200,0.0,0.0
2021-04-30,1615.2099609375,1615.5999755859375,1600.050048828125,1601.6500244140625,1601.6500244140625,218697900,0.0,0.0
2021-05-03,1602.0899658203125,1602.0899658203125,1588.8900146484375,1590.72998046875,1590.72998046875,130410800,0.0,0.0
2021-05-04,1591.6700439453125,1597.4200439453125,1587.8699951171875,1588.25,1588.25,121073200,0.0,0.0
2021-05-05,1591.97998046875,1592.1800537109375,1575.3800048828125,1575.6700439453125,1575.6700439453125,129302100,0.0,0.0
2021-05-06,1572.0899658203125,1578.3299560546875,1556.0,1578.3299560546875,1578.3299560546875,249623100,0.0,0.0
2021-05-07,1578.6700439453125,1590.0400390625,1573.4000244140625,1587.449951171875,1587.449951171875,135461200,0.0,0.0
2021-05-10,1587.47998046875,1591.52001953125,1580.0,1583.9200439453125,1583.9200439453125,120560600,0.0,0.0
2021-05-11,1579.31005859375,1581.260009765625,1571.9599609375,1577.6400146484375,1577.6400146484375,113321700,0.0,0.0
2021-05-12,1576.2900390625,1583.1300048828125,1572.989990234375,1582.52001953125,1582.52001953125,125837600,0.0,0.0
2021-05-17,1583.4599609375,1583.4599609375,1583.4599609375,1583.4599609375,1583.4599609375,0,0.0,0.0
2021-05-18,1583.25,1591.3199462890625,1580.25,1591.3199462890625,1591.3199462890625,133726000,0.0,0.0
2021-05-19,1591.219970703125,1591.3199462890625,1574.280029296875,1580.52001953125,1580.52001953125,183977300,0.0,0.0
2021-05-20,1577.8499755859375,1585.3199462890625,1570.3199462890625,1575.3199462890625,1575.3199462890625,185675800,0.0,0.0
2021-05-21,1569.4300537109375,1574.699951171875,1552.0699462890625,1562.1700439453125,1562.1700439453125,174750200,0.0,0.0
2021-05-24,1563.780029296875,1576.9599609375,1563.5699462890625,1571.8199462890625,1571.8199462890625,143036100,0.0,0.0
2021-05-25,1569.0,1577.8199462890625,1567.3699951171875,1577.8199462890625,1577.8199462890625,166737100,0.0,0.0
2021-05-27,1593.9000244140625,1593.9000244140625,1593.9000244140625,1593.9000244140625,1593.9000244140625,0,0.0,0.0
2021-05-28,1585.1700439453125,1594.6199951171875,1580.780029296875,1594.43994140625,1594.43994140625,171210500,0.0,0.0
2021-05-31,1571.0400390625,1585.969970703125,1568.469970703125,1583.550048828125,1583.550048828125,110858000,0.0,0.0
2021-06-01,1585.739990234375,1588.300048828125,1580.0999755859375,1585.9000244140625,1585.9000244140625,123977600,0.0,0.0
2021-06-02,1585.469970703125,1598.6099853515625,1585.469970703125,1597.93994140625,1597.93994140625,150289300,0.0,0.0
2021-06-03,1599.0799560546875,1599.719970703125,1586.6099853515625,1590.5699462890625,1590.5699462890625,125694200,0.0,0.0
2021-06-04,1590.300048828125,1590.31005859375,1573.3399658203125,1578.449951171875,1578.449951171875,151652300,0.0,0.0
2021-06-08,1581.43994140625,1591.550048828125,1577.1800537109375,1587.9599609375,1587.9599609375,189900000,0.0,0.0
2021-06-09,1589.510009765625,1590.77001953125,1581.47998046875,1581.47998046875,1581.47998046875,156299700,0.0,0.0
2021-06-10,1583.3499755859375,1586.280029296875,1579.9000244140625,1579.9000244140625,1579.9000244140625,116791600,0.0,0.0
2021-06-11,1583.27001953125,1584.0899658203125,1571.5799560546875,1575.1600341796875,1575.1600341796875,118198800,0.0,0.0
2021-06-14,1582.4599609375,1587.469970703125,1578.199951171875,1582.4599609375,1582.4599609375,146222800,0.0,0.0
2021-06-15,1586.0999755859375,1586.0999755859375,1578.6300048828125,1581.3699951171875,1581.3699951171875,144042400,0.0,0.0
2021-06-16,1582.9200439453125,1584.949951171875,1576.4599609375,1578.3199462890625,1578.3199462890625,156285700,0.0,0.0
2021-06-17,1578.75,1578.75,1568.6700439453125,1570.8599853515625,1570.8599853515625,139278200,0.0,0.0
2021-06-18,1571.0899658203125,1589.050048828125,1565.739990234375,1589.050048828125,1589.050048828125,301725900,0.0,0.0
2021-06-21,1580.510009765625,1580.6500244140625,1567.8399658203125,1572.239990234375,1572.239990234375,109189500,0.0,0.0
2021-06-22,1571.56005859375,1577.5699462890625,1571.2099609375,1574.02001953125,1574.02001953125,130993000,0.0,0.0
2021-06-23,1571.760009765625,1573.6600341796875,1564.5400390625,1564.760009765625,1564.760009765625,113746300,0.0,0.0
2021-06-24,1565.9599609375,1567.5899658203125,1554.1500244140625,1555.7099609375,1555.7099609375,155098200,0.0,0.0
2021-06-25,1556.1600341796875,1563.469970703125,1556.1600341796875,1559.6800537109375,1559.6800537109375,119037900,0.0,0.0
2021-06-28,1557.4599609375,1557.5799560546875,1539.5999755859375,1544.7099609375,1544.7099609375,115406200,0.0,0.0
2021-06-29,1542.3900146484375,1549.260009765625,1541.719970703125,1548.31005859375,1548.31005859375,106857400,0.0,0.0
2021-06-30,1547.300048828125,1551.949951171875,1531.6600341796875,1532.6300048828125,1532.6300048828125,146788700,0.0,0.0
2021-07-01,1533.3399658203125,1541.1099853515625,1531.8399658203125,1534.22998046875,1534.22998046875,104833600,0.0,0.0
2021-07-02,1533.699951171875,1536.0,1529.6800537109375,1533.3499755859375,1533.3499755859375,87817700,0.0,0.0
2021-07-05,1534.0400390625,1535.8800048828125,1525.4000244140625,1532.3599853515625,1532.3599853515625,87054900,0.0,0.0
2021-07-06,1531.9200439453125,1536.469970703125,1530.75,1531.6300048828125,1531.6300048828125,99833000,0.0,0.0
2021-07-07,1530.9599609375,1531.030029296875,1523.4200439453125,1530.1500244140625,1530.1500244140625,101657600,0.0,0.0
2021-07-08,1525.9000244140625,1525.9000244140625,1501.2099609375,1508.7099609375,1508.7099609375,190293600,0.0,0.0
2021-07-09,1508.3599853515625,1522.800048828125,1508.3599853515625,1520.5799560546875,1520.5799560546875,137225100,0.0,0.0
2021-07-12,1522.22998046875,1525.4200439453125,1509.25,1512.8900146484375,1512.8900146484375,70680200,0.0,0.0
2021-07-13,1513.8299560546875,1520.030029296875,1513.5400390625,1519.56005859375,1519.56005859375,97812800,0.0,0.0
2021-07-14,1520.77001953125,1522.8699951171875,1509.5699462890625,1512.3199462890625,1512.3199462890625,149335700,0.0,0.0
2021-07-15,1512.5699462890625,1523.949951171875,1511.5999755859375,1520.8199462890625,1520.8199462890625,130878500,0.0,0.0
2021-07-16,1523.9000244140625,1525.3699951171875,1511.780029296875,1522.47998046875,1522.47998046875,109839000,0.0,0.0
2021-07-19,1522.6700439453125,1533.800048828125,1518.72998046875,1519.969970703125,1519.969970703125,135999200,0.0,0.0
2021-07-21,1521.3699951171875,1521.5699462890625,1515.3399658203125,1516.52001953125,1516.52001953125,157913600,0.0,0.0
2021-07-22,1519.0,1527.6199951171875,1518.010009765625,1527.6199951171875,1527.6199951171875,115176100,0.0,0.0
2021-07-23,1528.2099609375,1529.6500244140625,1523.1600341796875,1523.43994140625,1523.43994140625,81841000,0.0,0.0
2021-07-26,1524.469970703125,1525.72998046875,1512.530029296875,1512.530029296875,1512.530029296875,88319400,0.0,0.0
2021-07-27,1515.72998046875,1517.3900146484375,1511.8499755859375,1514.5999755859375,1514.5999755859375,111563800,0.0,0.0
2021-07-28,1511.4599609375,1516.3499755859375,1509.81005859375,1515.3900146484375,1515.3900146484375,80066500,0.0,0.0
2021-07-29,1514.969970703125,1520.0400390625,1511.510009765625,1512.9300537109375,1512.9300537109375,112971300,0.0,0.0
2021-07-30,1511.97998046875,1512.010009765625,1494.5999755859375,1494.5999755859375,1494.5999755859375,166143200,0.0,0.0
2021-08-02,1497.3900146484375,1499.739990234375,1486.22998046875,1493.0,1493.0,102338600,0.0,0.0
2021-08-03,1493.1500244140625,1500.260009765625,1489.739990234375,1500.260009765625,1500.260009765625,139077200,0.0,0.0
2021-08-04,1497.280029296875,1497.8800048828125,1483.72998046875,1491.3299560546875,1491.3299560546875,133527200,0.0,0.0
2021-08-05,1493.6500244140625,1498.9200439453125,1491.010009765625,1495.780029296875,1495.780029296875,121413400,0.0,0.0
2021-08-06,1494.8599853515625,1498.5899658203125,1486.050048828125,1489.800048828125,1489.800048828125,114709800,0.0,0.0
2021-08-09,1491.760009765625,1497.199951171875,1491.760009765625,1496.72998046875,1496.72998046875,82638200,0.0,0.0
2021-08-11,1499.4300537109375,1514.52001953125,1498.530029296875,1504.43994140625,1504.43994140625,130603000,0.0,0.0
2021-08-12,1505.2900390625,1505.2900390625,1497.1800537109375,1501.969970703125,1501.969970703125,80529000,0.0,0.0
2021-08-13,1503.3599853515625,1507.5400390625,1498.800048828125,1505.1099853515625,1505.1099853515625,64811000,0.0,0.0
2021-08-16,1499.9200439453125,1502.9000244140625,1493.5999755859375,1502.9000244140625,1502.9000244140625,96664900,0.0,0.0
2021-08-17,1505.27001953125,1524.7099609375,1505.27001953125,1523.5899658203125,1523.5899658203125,143637800,0.0,0.0
2021-08-18,1524.97998046875,1526.3399658203125,1518.949951171875,1525.239990234375,1525.239990234375,98883800,0.0,0.0
2021-08-19,1524.6800537109375,1524.6800537109375,1513.780029296875,1514.949951171875,1514.949951171875,86339400,0.0,0.0
2021-08-20,1517.22998046875,1522.6800537109375,1515.7900390625,1518.030029296875,1518.030029296875,71866900,0.0,0.0
2021-08-23,1519.989990234375,1524.8599853515625,1519.530029296875,1522.4300537109375,1522.4300537109375,96734800,0.0,0.0
2021-08-24,1524.2099609375,1553.3699951171875,1522.81005859375,1553.3699951171875,1553.3699951171875,201073600,0.0,0.0
2021-08-25,1554.5799560546875,1569.800048828125,1554.5799560546875,1569.800048828125,1569.800048828125,171038200,0.0,0.0
2021-08-26,1570.719970703125,1590.9100341796875,1570.719970703125,1585.739990234375,1585.739990234375,221320600,0.0,0.0
2021-08-27,1582.9000244140625,1594.52001953125,1577.31005859375,1590.1600341796875,1590.1600341796875,183093000,0.0,0.0
2021-08-30,1593.18994140625,1604.9000244140625,1592.0999755859375,1601.3800048828125,1601.3800048828125,310815000,0.0,0.0
2021-09-01,1603.4300537109375,1604.97998046875,1586.8900146484375,1586.8900146484375,1586.8900146484375,239935300,0.0,0.0
2021-09-02,1588.31005859375,1593.5699462890625,1581.52001953125,1582.18994140625,1582.18994140625,147320300,0.0,0.0
2021-09-03,1585.1700439453125,1589.18994140625,1579.93994140625,1589.18994140625,1589.18994140625,140548700,0.0,0.0
2021-09-06,1590.6700439453125,1592.1600341796875,1577.7900390625,1581.5899658203125,1581.5899658203125,115666800,0.0,0.0
2021-09-07,1581.75,1586.3699951171875,1580.1400146484375,1583.47998046875,1583.47998046875,139656100,0.0,0.0
2021-09-08,1581.719970703125,1597.6300048828125,1579.1800537109375,1597.6300048828125,1597.6300048828125,180612500,0.0,0.0
2021-09-09,1592.1800537109375,1592.739990234375,1577.449951171875,1578.8900146484375,1578.8900146484375,192149900,0.0,0.0
2021-09-10,1576.1400146484375,1583.8399658203125,1572.6099853515625,1575.969970703125,1575.969970703125,173719400,0.0,0.0
2021-09-13,1573.780029296875,1573.780029296875,1562.1099853515625,1570.1300048828125,1570.1300048828125,130906600,0.0,0.0
2021-09-14,1569.550048828125,1573.1800537109375,1548.8900146484375,1555.510009765625,1555.510009765625,185018900,0.0,0.0
2021-09-15,1554.8599853515625,1560.56005859375,1549.6500244140625,1555.260009765625,1555.260009765625,205564200,0.0,0.0
2021-09-17,1556.3499755859375,1556.739990234375,1543.0799560546875,1548.510009765625,1548.510009765625,326712900,0.0,0.0
2021-09-20,1547.6199951171875,1547.6700439453125,1526.9000244140625,1527.8900146484375,1527.8900146484375,177366500,0.0,0.0
2021-09-21,1524.7099609375,1533.1099853515625,1521.43994140625,1530.43994140625,1530.43994140625,175388100,0.0,0.0
2021-09-22,1524.6300048828125,1529.7900390625,1520.7099609375,1529.02001953125,1529.02001953125,169897700,0.0,0.0
2021-09-23,1532.3299560546875,1539.72998046875,1531.1800537109375,1539.3399658203125,1539.3399658203125,165616300,0.0,0.0
2021-09-24,1542.4000244140625,1543.3499755859375,1525.6400146484375,1532.06005859375,1532.06005859375,137450600,0.0,0.0
2021-09-27,1532.8900146484375,1533.510009765625,1526.1400146484375,1533.050048828125,1533.050048828125,150078500,0.0,0.0
2021-09-28,1533.510009765625,1546.8199462890625,1526.280029296875,1546.8199462890625,1546.8199462890625,164396500,0.0,0.0
2021-09-29,1541.9599609375,1547.6500244140625,1528.68994140625,1547.6500244140625,1547.6500244140625,124104800,0.0,0.0
2021-09-30,1546.4300537109375,1549.3599853515625,1532.56005859375,1537.800048828125,1537.800048828125,231802200,0.0,0.0
2021-10-01,1536.489990234375,1539.469970703125,1521.0799560546875,1524.47998046875,1524.47998046875,144760700,0.0,0.0
2021-10-04,1529.0400390625,1532.72998046875,1519.6600341796875,1522.469970703125,1522.469970703125,119364900,0.0,0.0
2021-10-05,1522.239990234375,1530.4200439453125,1515.5400390625,1530.4200439453125,1530.4200439453125,115647300,0.0,0.0
2021-10-06,1531.3699951171875,1559.4200439453125,1531.1300048828125,1559.4200439453125,1559.4200439453125,211713700,0.0,0.0
2021-10-07,1558.239990234375,1561.2900390625,1551.97998046875,1561.2900390625,1561.2900390625,157809100,0.0,0.0
2021-10-08,1562.1500244140625,1567.300048828125,1558.56005859375,1563.9000244140625,1563.9000244140625,135219100,0.0,0.0
2021-10-11,1567.8800048828125,1575.6300048828125,1567.8800048828125,1570.8199462890625,1570.8199462890625,160435600,0.0,0.0
2021-10-12,1572.3399658203125,1583.9100341796875,1563.719970703125,1583.9100341796875,1583.9100341796875,194652300,0.0,0.0
2021-10-13,1582.8699951171875,1600.3800048828125,1581.81005859375,1600.3800048828125,1600.3800048828125,160913300,0.0,0.0
2021-10-14,1601.6600341796875,1601.6600341796875,1588.6300048828125,1592.52001953125,1592.52001953125,120281800,0.0,0.0
2021-10-15,1595.1700439453125,1599.760009765625,1592.6700439453125,1598.280029296875,1598.280029296875,132390000,0.0,0.0
2021-10-18,1602.8900146484375,1609.6199951171875,1602.7099609375,1605.969970703125,1605.969970703125,153516900,0.0,0.0
2021-10-20,1611.8299560546875,1613.3499755859375,1601.31005859375,1606.3199462890625,1606.3199462890625,155600800,0.0,0.0
2021-10-21,1608.4300537109375,1608.9200439453125,1590.3399658203125,1591.6199951171875,1591.6199951171875,180339300,0.0,0.0
2021-10-22,1591.719970703125,1591.9100341796875,1582.219970703125,1588.0799560546875,1588.0799560546875,87464300,0.0,0.0
2021-10-25,1586.77001953125,1593.3699951171875,1586.77001953125,1587.93994140625,1587.93994140625,75804200,0.0,0.0
2021-10-26,1588.0400390625,1589.1099853515625,1583.0699462890625,1584.199951171875,1584.199951171875,103545400,0.0,0.0
2021-10-27,1587.219970703125,1591.6400146484375,1581.760009765625,1583.0799560546875,1583.0799560546875,109028100,0.0,0.0
2021-10-28,1581.0799560546875,1581.489990234375,1566.8599853515625,1566.8599853515625,1566.8599853515625,126028300,0.0,0.0
2021-10-29,1568.8699951171875,1570.6500244140625,1559.6600341796875,1562.31005859375,1562.31005859375,144120400,0.0,0.0
2021-11-01,1545.989990234375,1545.989990234375,1526.0400390625,1530.9200439453125,1530.9200439453125,229544000,0.0,0.0
2021-11-02,1532.2099609375,1544.0,1532.2099609375,1537.6300048828125,1537.6300048828125,143617700,0.0,0.0
2021-11-03,1543.1500244140625,1543.8699951171875,1530.3499755859375,1531.3299560546875,1531.3299560546875,140157900,0.0,0.0
2021-11-05,1535.77001953125,1540.6099853515625,1525.449951171875,1531.72998046875,1531.72998046875,122048000,0.0,0.0
2021-11-08,1534.2099609375,1538.1199951171875,1531.4200439453125,1535.4100341796875,1535.4100341796875,96941100,0.0,0.0
2021-11-09,1535.550048828125,1536.1600341796875,1520.0799560546875,1524.030029296875,1524.030029296875,119440000,0.0,0.0
2021-11-10,1526.030029296875,1526.1500244140625,1516.75,1520.739990234375,1520.739990234375,100293300,0.0,0.0
2021-11-11,1520.47998046875,1522.719970703125,1517.739990234375,1518.8499755859375,1518.8499755859375,97057300,0.0,0.0
2021-11-12,1522.68994140625,1532.6400146484375,1520.6700439453125,1531.219970703125,1531.219970703125,136842900,0.0,0.0
2021-11-15,1531.3800048828125,1534.6600341796875,1520.27001953125,1522.3399658203125,1522.3399658203125,91980600,0.0,0.0
2021-11-16,1521.469970703125,1528.0999755859375,1518.9300537109375,1522.8900146484375,1522.8900146484375,105897000,0.0,0.0
2021-11-17,1522.4200439453125,1525.1300048828125,1519.0699462890625,1525.1300048828125,1525.1300048828125,119348000,0.0,0.0
2021-11-18,1524.5799560546875,1525.1199951171875,1519.9100341796875,1523.7900390625,1523.7900390625,110251600,0.0,0.0
2021-11-19,1525.3800048828125,1527.5,1523.1400146484375,1525.5400390625,1525.5400390625,109830900,0.0,0.0
2021-11-22,1526.760009765625,1529.260009765625,1522.7099609375,1526.8699951171875,1526.8699951171875,113642900,0.0,0.0
2021-11-23,1527.25,1531.72998046875,1521.510009765625,1522.8800048828125,1522.8800048828125,124348300,0.0,0.0
2021-11-24,1524.2099609375,1525.97998046875,1521.1199951171875,1522.27001953125,1522.27001953125,93203000,0.0,0.0
2021-11-25,1520.3199462890625,1523.1600341796875,1515.4300537109375,1517.5999755859375,1517.5999755859375,82655700,0.0,0.0
2021-11-26,1518.1700439453125,1518.43994140625,1508.969970703125,1512.219970703125,1512.219970703125,238900400,0.0,0.0
2021-11-29,1507.7900390625,1516.5999755859375,1501.510009765625,1510.5699462890625,1510.5699462890625,453704100,0.0,0.0
2021-11-30,1512.5799560546875,1519.6199951171875,1511.27001953125,1513.97998046875,1513.97998046875,684033900,0.0,0.0
2021-12-01,1507.47998046875,1509.9000244140625,1495.75,1496.9300537109375,1496.9300537109375,226840300,0.0,0.0
2021-12-02,1498.3399658203125,1501.739990234375,1491.8299560546875,1501.739990234375,1501.739990234375,211493000,0.0,0.0
2021-12-06,1503.6600341796875,1503.760009765625,1483.449951171875,1483.449951171875,1483.449951171875,210885300,0.0,0.0
2021-12-07,1484.93994140625,1497.969970703125,1484.3499755859375,1497.969970703125,1497.969970703125,177743200,0.0,0.0
2021-12-08,1500.5699462890625,1501.239990234375,1491.8800048828125,1494.030029296875,1494.030029296875,138474400,0.0,0.0
2021-12-09,1493.06005859375,1501.7900390625,1491.8199462890625,1501.7900390625,1501.7900390625,99381700,0.0,0.0
2021-12-10,1501.6500244140625,1505.4100341796875,1488.8800048828125,1488.8800048828125,1488.8800048828125,130085000,0.0,0.0
2021-12-13,1491.8800048828125,1501.8800048828125,1491.8499755859375,1494.8599853515625,1494.8599853515625,152423300,0.0,0.0
2021-12-14,1492.8900146484375,1492.8900146484375,1479.9200439453125,1480.9200439453125,1480.9200439453125,147863700,0.0,0.0
2021-12-15,1482.1199951171875,1484.6300048828125,1475.3699951171875,1482.81005859375,1482.81005859375,130742800,0.0,0.0
2021-12-16,1485.4599609375,1491.68994140625,1483.7900390625,1484.6400146484375,1484.6400146484375,145137700,0.0,0.0
2021-12-17,1485.4300537109375,1502.010009765625,1482.3900146484375,1502.010009765625,1502.010009765625,275103300,0.0,0.0
2021-12-20,1497.5699462890625,1502.6099853515625,1490.77001953125,1493.9000244140625,1493.9000244140625,144587300,0.0,0.0
2021-12-21,1492.800048828125,1496.239990234375,1490.010009765625,1492.5899658203125,1492.5899658203125,116475100,0.0,0.0
2021-12-22,1492.739990234375,1502.18994140625,1492.739990234375,1500.3199462890625,1500.3199462890625,116438200,0.0,0.0
2021-12-23,1499.81005859375,1516.4200439453125,1499.81005859375,1516.4200439453125,1516.4200439453125,123965700,0.0,0.0
2021-12-24,1516.6400146484375,1517.9599609375,1513.93994140625,1516.449951171875,1516.449951171875,51488600,0.0,0.0
2021-12-27,1517.3699951171875,1535.9300537109375,1515.0999755859375,1533.9100341796875,1533.9100341796875,110161500,0.0,0.0
2021-12-28,1535.97998046875,1542.199951171875,1535.8599853515625,1539.8900146484375,1539.8900146484375,115107800,0.0,0.0
2021-12-29,1540.3900146484375,1545.0400390625,1536.449951171875,1545.0400390625,1545.0400390625,115519200,0.0,0.0
2021-12-30,1544.72998046875,1547.75,1539.5699462890625,1543.6099853515625,1543.6099853515625,105401000,0.0,0.0
2021-12-31,1542.989990234375,1567.530029296875,1531.81005859375,1567.530029296875,1567.530029296875,165322800,0.0,0.0
2022-01-03,1553.6400146484375,1556.280029296875,1545.530029296875,1549.050048828125,1549.050048828125,65775200,0.0,0.0
2022-01-04,1550.9200439453125,1551.3299560546875,1536.52001953125,1541.9000244140625,1541.9000244140625,104133100,0.0,0.0
2022-01-05,1542.4100341796875,1549.530029296875,1540.239990234375,1547.949951171875,1547.949951171875,122004900,0.0,0.0
2022-01-06,1546.4599609375,1546.5,1532.5999755859375,1533.3599853515625,1533.3599853515625,126065800,0.0,0.0
2022-01-07,1534.81005859375,1543.1700439453125,1531.5400390625,1543.1099853515625,1543.1099853515625,108158900,0.0,0.0
2022-01-10,1543.3800048828125,1550.1700439453125,1540.31005859375,1550.1700439453125,1550.1700439453125,143108700,0.0,0.0
2022-01-11,1549.010009765625,1564.2900390625,1546.18994140625,1564.2900390625,1564.2900390625,209789300,0.0,0.0
2022-01-12,1564.3900146484375,1567.3499755859375,1555.699951171875,1563.199951171875,1563.199951171875,129352500,0.0,0.0
2022-01-13,1561.9599609375,1570.1400146484375,1560.2900390625,1569.510009765625,1569.510009765625,147237200,0.0,0.0
2022-01-14,1565.22998046875,1565.22998046875,1549.9300537109375,1555.3299560546875,1555.3299560546875,166786800,0.0,0.0
2022-01-17,1553.800048828125,1555.31005859375,1541.0699462890625,1542.9200439453125,1542.9200439453125,136687800,0.0,0.0
2022-01-19,1541.699951171875,1541.699951171875,1525.550048828125,1530.3299560546875,1530.3299560546875,187807400,0.0,0.0
2022-01-20,1529.43994140625,1532.8199462890625,1525.449951171875,1527.75,1527.75,151951800,0.0,0.0
2022-01-21,1528.81005859375,1531.25,1520.800048828125,1527.06005859375,1527.06005859375,132758900,0.0,0.0
2022-01-24,1521.719970703125,1525.8199462890625,1518.8199462890625,1521.8599853515625,1521.8599853515625,120098100,0.0,0.0
2022-01-25,1517.0899658203125,1517.0899658203125,1503.3399658203125,1508.9100341796875,1508.9100341796875,158204700,0.0,0.0
2022-01-26,1508.780029296875,1520.1500244140625,1508.780029296875,1515.760009765625,1515.760009765625,140010100,0.0,0.0
2022-01-27,1516.47998046875,1518.6099853515625,1510.6400146484375,1515.989990234375,1515.989990234375,120210600,0.0,0.0
2022-01-28,1518.25,1522.949951171875,1517.9599609375,1520.02001953125,1520.02001953125,103982800,0.0,0.0
2022-01-31,1519.719970703125,1523.6300048828125,1512.27001953125,1512.27001953125,1512.27001953125,101180600,0.0,0.0
2022-02-03,1515.9200439453125,1526.6199951171875,1515.25,1525.72998046875,1525.72998046875,129274700,0.0,0.0
2022-02-04,1526.300048828125,1526.800048828125,1518.8199462890625,1522.760009765625,1522.760009765625,94910600,0.0,0.0
2022-02-07,1525.22998046875,1535.1199951171875,1525.22998046875,1530.6500244140625,1530.6500244140625,197023100,0.0,0.0
2022-02-08,1533.3299560546875,1534.72998046875,1529.0999755859375,1530.0899658203125,1530.0899658203125,151107200,0.0,0.0
2022-02-09,1531.18994140625,1551.510009765625,1531.18994140625,1551.510009765625,1551.510009765625,221080100,0.0,0.0
2022-02-10,1550.4200439453125,1570.0999755859375,1550.4200439453125,1570.0999755859375,1570.0999755859375,201197900,0.0,0.0
2022-02-11,1564.300048828125,1578.8900146484375,1562.9100341796875,1578.8900146484375,1578.8900146484375,159819400,0.0,0.0
2022-02-14,1576.989990234375,1585.0799560546875,1575.0999755859375,1583.8399658203125,1583.8399658203125,168289300,0.0,0.0
2022-02-15,1585.9599609375,1599.6099853515625,1585.5400390625,1599.6099853515625,1599.6099853515625,221071000,0.0,0.0
2022-02-16,1606.6500244140625,1613.7099609375,1597.3499755859375,1603.199951171875,1603.199951171875,179739900,0.0,0.0
2022-02-17,1609.9200439453125,1614.8199462890625,1601.93994140625,1605.02001953125,1605.02001953125,201735200,0.0,0.0
2022-02-18,1601.739990234375,1607.4200439453125,1599.800048828125,1603.050048828125,1603.050048828125,178641400,0.0,0.0
2022-02-21,1601.6600341796875,1603.3800048828125,1578.6099853515625,1582.68994140625,1582.68994140625,189244500,0.0,0.0
2022-02-22,1579.93994140625,1581.050048828125,1567.18994140625,1576.9599609375,1576.9599609375,189714900,0.0,0.0
2022-02-23,1582.260009765625,1592.3399658203125,1579.93994140625,1586.1400146484375,1586.1400146484375,166551000,0.0,0.0
2022-02-24,1585.56005859375,1586.0699462890625,1565.239990234375,1573.8900146484375,1573.8900146484375,241575600,0.0,0.0
2022-02-25,1579.0699462890625,1600.489990234375,1579.0699462890625,1591.719970703125,1591.719970703125,213621200,0.0,0.0
2022-02-28,1595.739990234375,1613.489990234375,1595.739990234375,1608.280029296875,1608.280029296875,382513300,0.0,0.0
2022-03-01,1608.56005859375,1620.43994140625,1593.5699462890625,1596.43994140625,1596.43994140625,268878900,0.0,0.0
2022-03-02,1601.1300048828125,1606.3800048828125,1592.6199951171875,1598.0999755859375,1598.0999755859375,284332800,0.0,0.0
2022-03-03,1608.68994140625,1618.5400390625,1600.1800537109375,1618.5400390625,1618.5400390625,255937300,0.0,0.0
2022-03-04,1616.0,1616.280029296875,1598.1700439453125,1603.93994140625,1603.93994140625,237853300,0.0,0.0
2022-03-07,1606.27001953125,1606.56005859375,1565.5699462890625,1572.56005859375,1572.56005859375,280535900,0.0,0.0
2022-03-08,1566.449951171875,1566.8399658203125,1540.9000244140625,1546.8699951171875,1546.8699951171875,311082900,0.0,0.0
2022-03-09,1550.3199462890625,1568.0,1543.9100341796875,1562.3299560546875,1562.3299560546875,321135900,0.0,0.0
2022-03-10,1570.7099609375,1581.27001953125,1567.77001953125,1580.530029296875,1580.530029296875,324240800,0.0,0.0
2022-03-11,1575.1400146484375,1575.1400146484375,1560.6300048828125,1568.219970703125,1568.219970703125,178057100,0.0,0.0
2022-03-14,1570.699951171875,1572.5999755859375,1556.0999755859375,1567.43994140625,1567.43994140625,204245200,0.0,0.0
2022-03-15,1564.9000244140625,1566.739990234375,1554.1700439453125,1557.4100341796875,1557.4100341796875,243167000,0.0,0.0
2022-03-16,1554.260009765625,1571.3199462890625,1554.260009765625,1571.3199462890625,1571.3199462890625,228365200,0.0,0.0
2022-03-17,1577.56005859375,1592.9000244140625,1577.56005859375,1590.8800048828125,1590.8800048828125,348316600,0.0,0.0
2022-03-18,1593.6800537109375,1594.760009765625,1583.25,1591.260009765625,1591.260009765625,643455100,0.0,0.0
2022-03-21,1588.0699462890625,1589.489990234375,1579.31005859375,1587.1600341796875,1587.1600341796875,160876100,0.0,0.0
2022-03-22,1585.530029296875,1591.6700439453125,1583.969970703125,1585.81005859375,1585.81005859375,168581900,0.0,0.0
2022-03-23,1588.780029296875,1601.8299560546875,1588.780029296875,1597.8800048828125,1597.8800048828125,163151000,0.0,0.0
2022-03-24,1595.8499755859375,1601.1600341796875,1593.530029296875,1598.969970703125,1598.969970703125,139118600,0.0,0.0
2022-03-25,1596.6300048828125,1603.68994140625,1596.6300048828125,1603.300048828125,1603.300048828125,151106400,0.0,0.0
2022-03-28,1606.1400146484375,1606.1400146484375,1595.3699951171875,1597.949951171875,1597.949951171875,136648600,0.0,0.0
2022-03-29,1597.9300537109375,1598.2099609375,1579.27001953125,1583.4200439453125,1583.4200439453125,165623300,0.0,0.0
2022-03-30,1585.550048828125,1591.4000244140625,1580.8800048828125,1583.219970703125,1583.219970703125,151449700,0.0,0.0
2022-03-31,1585.1700439453125,1589.06005859375,1575.5400390625,1587.3599853515625,1587.3599853515625,220511000,0.0,0.0
2022-04-01,1588.2900390625,1602.4100341796875,1582.0899658203125,1602.4100341796875,1602.4100341796875,165218100,0.0,0.0
2022-04-04,1602.030029296875,1602.3199462890625,1594.77001953125,1598.9200439453125,1598.9200439453125,111270500,0.0,0.0
2022-04-05,1601.6600341796875,1601.6800537109375,1594.4100341796875,1596.7900390625,1596.7900390625,133372500,0.0,0.0
2022-04-06,1596.1199951171875,1605.5,1595.18994140625,1604.719970703125,1604.719970703125,144055900,0.0,0.0
2022-04-07,1605.510009765625,1606.1300048828125,1597.949951171875,1600.7900390625,1600.7900390625,183691800,0.0,0.0
2022-04-08,1603.72998046875,1608.1099853515625,1599.199951171875,1607.2900390625,1607.2900390625,121401200,0.0,0.0
2022-04-11,1607.949951171875,1613.4599609375,1603.219970703125,1604.6099853515625,1604.6099853515625,130839000,0.0,0.0
2022-04-12,1603.8699951171875,1603.97998046875,1597.1300048828125,1597.1300048828125,1597.1300048828125,171551400,0.0,0.0
2022-04-13,1599.6199951171875,1605.1099853515625,1596.1300048828125,1597.1800537109375,1597.1800537109375,170038600,0.0,0.0
2022-04-14,1601.0999755859375,1602.3800048828125,1595.699951171875,1595.699951171875,1595.699951171875,155439300,0.0,0.0
2022-04-15,1596.5799560546875,1596.6199951171875,1589.010009765625,1589.010009765625,1589.010009765625,88773900,0.0,0.0
2022-04-18,1591.6400146484375,1591.6400146484375,1581.1400146484375,1581.1400146484375,1581.1400146484375,100095100,0.0,0.0
2022-04-20,1585.8199462890625,1597.0699462890625,1584.8699951171875,1593.75,1593.75,217355100,0.0,0.0
2022-04-21,1598.3900146484375,1599.9100341796875,1594.1300048828125,1598.3199462890625,1598.3199462890625,157702500,0.0,0.0
2022-04-22,1598.0699462890625,1603.3199462890625,1594.719970703125,1601.969970703125,1601.969970703125,146615600,0.0,0.0
2022-04-25,1599.3800048828125,1599.3800048828125,1589.97998046875,1589.97998046875,1589.97998046875,178307100,0.0,0.0
2022-04-26,1599.719970703125,1602.68994140625,1592.469970703125,1596.6800537109375,1596.6800537109375,161400900,0.0,0.0
2022-04-27,1591.6500244140625,1593.3399658203125,1585.1700439453125,1585.97998046875,1585.97998046875,139713500,0.0,0.0
2022-04-28,1593.6199951171875,1600.5999755859375,1590.1700439453125,1597.31005859375,1597.31005859375,185350000,0.0,0.0
2022-04-29,1602.02001953125,1605.02001953125,1595.780029296875,1600.4300537109375,1600.4300537109375,154247500,0.0,0.0
2022-05-05,1614.3399658203125,1615.1700439453125,1576.8399658203125,1582.97998046875,1582.97998046875,226169700,0.0,0.0
2022-05-06,1574.1500244140625,1578.5400390625,1563.9300537109375,1564.3399658203125,1564.3399658203125,240641800,0.0,0.0
2022-05-09,1563.800048828125,1563.800048828125,1546.6400146484375,1549.1800537109375,1549.1800537109375,165661500,0.0,0.0
2022-05-10,1551.550048828125,1559.0400390625,1548.72998046875,1554.5799560546875,1554.5799560546875,204417900,0.0,0.0
2022-05-11,1555.47998046875,1559.4599609375,1552.93994140625,1555.9300537109375,1555.9300537109375,163931700,0.0,0.0
2022-05-12,1556.93994140625,1559.7099609375,1538.800048828125,1538.800048828125,1538.800048828125,207028200,0.0,0.0
2022-05-13,1545.97998046875,1551.3299560546875,1541.1500244140625,1544.4100341796875,1544.4100341796875,261766800,0.0,0.0
2022-05-17,1555.6800537109375,1558.1099853515625,1548.02001953125,1548.5999755859375,1548.5999755859375,247756000,0.0,0.0
2022-05-18,1554.1500244140625,1558.8900146484375,1547.469970703125,1554.9100341796875,1554.9100341796875,208475500,0.0,0.0
2022-05-19,1550.239990234375,1554.530029296875,1545.02001953125,1549.4100341796875,1549.4100341796875,222552600,0.0,0.0
2022-05-20,1552.3800048828125,1558.510009765625,1549.1199951171875,1549.1199951171875,1549.1199951171875,180829200,0.0,0.0
2022-05-23,1553.1500244140625,1556.4300537109375,1540.0899658203125,1542.530029296875,1542.530029296875,161612400,0.0,0.0
2022-05-24,1547.8399658203125,1547.8399658203125,1531.300048828125,1531.300048828125,1531.300048828125,185458500,0.0,0.0
2022-05-25,1531.77001953125,1538.8199462890625,1531.219970703125,1535.56005859375,1535.56005859375,145386500,0.0,0.0
2022-05-26,1539.719970703125,1541.75,1535.8900146484375,1541.1500244140625,1541.1500244140625,175471800,0.0,0.0
2022-05-27,1540.699951171875,1546.760009765625,1531.56005859375,1546.760009765625,1546.760009765625,171414000,0.0,0.0
2022-05-30,1546.3499755859375,1547.02001953125,1540.56005859375,1543.02001953125,1543.02001953125,143220900,0.0,0.0
2022-05-31,1544.3499755859375,1570.0999755859375,1537.949951171875,1570.0999755859375,1570.0999755859375,745939000,0.0,0.0
2022-06-01,1563.4000244140625,1563.8900146484375,1552.219970703125,1553.4100341796875,1553.4100341796875,276242600,0.0,0.0
2022-06-02,1554.719970703125,1555.5400390625,1546.2900390625,1549.9000244140625,1549.9000244140625,221159300,0.0,0.0
2022-06-03,1551.239990234375,1551.6700439453125,1537.510009765625,1537.8299560546875,1537.8299560546875,155523600,0.0,0.0
2022-06-07,1538.739990234375,1541.4300537109375,1525.9300537109375,1525.9300537109375,1525.9300537109375,170810900,0.0,0.0
2022-06-08,1525.9000244140625,1532.719970703125,1523.8599853515625,1523.8599853515625,1523.8599853515625,184381000,0.0,0.0
2022-06-09,1523.31005859375,1526.8299560546875,1508.0,1509.7099609375,1509.7099609375,218442900,0.0,0.0
2022-06-10,1505.6800537109375,1505.6800537109375,1493.3199462890625,1493.949951171875,1493.949951171875,201280200,0.0,0.0
2022-06-13,1483.760009765625,1483.760009765625,1458.8499755859375,1464.8299560546875,1464.8299560546875,260416300,0.0,0.0
2022-06-14,1457.8599853515625,1481.719970703125,1451.1800537109375,1481.280029296875,1481.280029296875,239619000,0.0,0.0
2022-06-15,1480.8800048828125,1480.9599609375,1453.18994140625,1459.050048828125,1459.050048828125,228046100,0.0,0.0
2022-06-16,1469.0999755859375,1476.02001953125,1461.93994140625,1472.77001953125,1472.77001953125,238653100,0.0,0.0
2022-06-17,1460.9300537109375,1461.030029296875,1445.6400146484375,1456.739990234375,1456.739990234375,422332000,0.0,0.0
2022-06-20,1454.4000244140625,1454.4000244140625,1437.22998046875,1441.239990234375,1441.239990234375,135252900,0.0,0.0
2022-06-21,1443.300048828125,1457.8800048828125,1443.260009765625,1457.8800048828125,1457.8800048828125,220812900,0.0,0.0
2022-06-22,1461.1300048828125,1461.530029296875,1431.0999755859375,1431.0999755859375,1431.0999755859375,213442200,0.0,0.0
2022-06-23,1434.5,1441.469970703125,1427.780029296875,1431.050048828125,1431.050048828125,138751900,0.0,0.0
2022-06-24,1431.300048828125,1440.72998046875,1431.300048828125,1436.699951171875,1436.699951171875,144218900,0.0,0.0
2022-06-27,1438.8199462890625,1441.030029296875,1431.6500244140625,1438.1199951171875,1438.1199951171875,112772600,0.0,0.0
2022-06-28,1438.97998046875,1455.4599609375,1431.3499755859375,1454.739990234375,1454.739990234375,141126700,0.0,0.0
2022-06-29,1450.449951171875,1459.8599853515625,1445.22998046875,1451.47998046875,1451.47998046875,252629700,0.0,0.0
2022-06-30,1455.5,1460.300048828125,1444.219970703125,1444.219970703125,1444.219970703125,298977000,0.0,0.0
2022-07-01,1441.6199951171875,1452.3199462890625,1441.6199951171875,1449.739990234375,1449.739990234375,124199100,0.0,0.0
2022-07-04,1449.5,1449.5,1437.52001953125,1437.52001953125,1437.52001953125,121107100,0.0,0.0
2022-07-05,1441.8699951171875,1444.6700439453125,1435.5799560546875,1440.81005859375,1440.81005859375,143105000,0.0,0.0
2022-07-06,1442.5699462890625,1448.0899658203125,1419.5,1420.8499755859375,1420.8499755859375,174436600,0.0,0.0
2022-07-07,1421.0400390625,1425.8499755859375,1418.68994140625,1418.68994140625,1418.68994140625,177874100,0.0,0.0
2022-07-08,1421.260009765625,1427.199951171875,1420.6300048828125,1425.7900390625,1425.7900390625,127603700,0.0,0.0
2022-07-12,1426.18994140625,1426.18994140625,1418.5,1426.0799560546875,1426.0799560546875,180406300,0.0,0.0
2022-07-13,1421.4300537109375,1421.4300537109375,1410.3299560546875,1411.3199462890625,1411.3199462890625,159991500,0.0,0.0
2022-07-14,1408.8299560546875,1420.06005859375,1408.8299560546875,1420.06005859375,1420.06005859375,137943400,0.0,0.0
2022-07-15,1420.06005859375,1420.06005859375,1415.4599609375,1418.43994140625,1418.43994140625,115312500,0.0,0.0
2022-07-18,1420.8900146484375,1429.5400390625,1416.7099609375,1429.5400390625,1429.5400390625,164058300,0.0,0.0
2022-07-19,1428.68994140625,1430.8599853515625,1417.1600341796875,1428.760009765625,1428.760009765625,120980400,0.0,0.0
2022-07-20,1430.02001953125,1438.3699951171875,1430.02001953125,1436.97998046875,1436.97998046875,150338100,0.0,0.0
2022-07-21,1441.1600341796875,1451.3299560546875,1440.050048828125,1450.3199462890625,1450.3199462890625,147979100,0.0,0.0
2022-07-22,1451.0899658203125,1468.47998046875,1450.72998046875,1465.800048828125,1465.800048828125,172149500,0.0,0.0
2022-07-25,1463.780029296875,1469.219970703125,1461.280029296875,1469.219970703125,1469.219970703125,151287500,0.0,0.0
2022-07-26,1466.489990234375,1466.489990234375,1459.1199951171875,1463.68994140625,1463.68994140625,129765300,0.0,0.0
2022-07-27,1464.1300048828125,1470.9599609375,1460.969970703125,1470.7099609375,1470.7099609375,131413600,0.0,0.0
2022-07-28,1472.3900146484375,1491.199951171875,1472.3900146484375,1491.199951171875,1491.199951171875,193900200,0.0,0.0
2022-07-29,1491.1700439453125,1497.530029296875,1488.0699462890625,1492.22998046875,1492.22998046875,196951200,0.0,0.0
2022-08-01,1492.6700439453125,1503.8299560546875,1490.68994140625,1502.0699462890625,1502.0699462890625,118037000,0.0,0.0
2022-08-02,1501.3299560546875,1503.0,1490.719970703125,1495.050048828125,1495.050048828125,159324800,0.0,0.0
2022-08-03,1488.5799560546875,1490.5699462890625,1483.010009765625,1490.5699462890625,1490.5699462890625,149070000,0.0,0.0
2022-08-04,1491.6600341796875,1507.7099609375,1491.6600341796875,1507.7099609375,1507.7099609375,190421100,0.0,0.0
2022-08-05,1505.0699462890625,1505.530029296875,1497.77001953125,1501.550048828125,1501.550048828125,174897900,0.0,0.0
2022-08-08,1501.5799560546875,1501.5799560546875,1490.4100341796875,1496.030029296875,1496.030029296875,122167900,0.0,0.0
2022-08-09,1498.52001953125,1501.030029296875,1495.0,1497.6800537109375,1497.6800537109375,102724400,0.0,0.0
2022-08-10,1495.719970703125,1496.25,1490.219970703125,1492.3299560546875,1492.3299560546875,266326400,0.0,0.0
2022-08-11,1497.81005859375,1505.56005859375,1497.81005859375,1505.56005859375,1505.56005859375,216126900,0.0,0.0
2022-08-12,1505.0699462890625,1511.800048828125,1504.2099609375,1506.18994140625,1506.18994140625,267605700,0.0,0.0
2022-08-15,1506.4200439453125,1510.1099853515625,1503.02001953125,1504.010009765625,1504.010009765625,316946800,0.0,0.0
2022-08-16,1504.0899658203125,1518.780029296875,1503.8599853515625,1518.780029296875,1518.780029296875,470904500,0.0,0.0
2022-08-17,1519.550048828125,1527.8399658203125,1516.5699462890625,1518.1600341796875,1518.1600341796875,341134600,0.0,0.0
2022-08-18,1516.780029296875,1522.52001953125,1514.6700439453125,1516.6199951171875,1516.6199951171875,235365700,0.0,0.0
2022-08-19,1516.8199462890625,1519.6800537109375,1502.9100341796875,1504.43994140625,1504.43994140625,168464900,0.0,0.0
2022-08-22,1501.6099853515625,1502.0699462890625,1486.3699951171875,1487.3699951171875,1487.3699951171875,169380000,0.0,0.0
2022-08-23,1484.9200439453125,1484.9200439453125,1477.5400390625,1482.5699462890625,1482.5699462890625,172621700,0.0,0.0
2022-08-24,1484.0999755859375,1487.969970703125,1464.8299560546875,1467.260009765625,1467.260009765625,152863500,0.0,0.0
2022-08-25,1470.3699951171875,1495.489990234375,1470.3699951171875,1495.489990234375,1495.489990234375,202206400,0.0,0.0
2022-08-26,1496.3800048828125,1507.489990234375,1495.6800537109375,1500.2900390625,1500.2900390625,175717000,0.0,0.0
2022-08-29,1486.52001953125,1506.550048828125,1481.7900390625,1501.5699462890625,1501.5699462890625,171238200,0.0,0.0
2022-08-30,1500.780029296875,1512.050048828125,1496.800048828125,1512.050048828125,1512.050048828125,380089300,0.0,0.0
2022-09-01,1498.010009765625,1503.489990234375,1490.7099609375,1491.949951171875,1491.949951171875,221522800,0.0,0.0
2022-09-02,1493.1199951171875,1498.6099853515625,1489.22998046875,1491.1800537109375,1491.1800537109375,158415100,0.0,0.0
2022-09-05,1492.030029296875,1494.81005859375,1486.7900390625,1489.800048828125,1489.800048828125,119861900,0.0,0.0
2022-09-06,1492.5799560546875,1497.0,1488.27001953125,1488.27001953125,1488.27001953125,163008800,0.0,0.0
2022-09-07,1485.9200439453125,1492.18994140625,1483.2900390625,1491.3499755859375,1491.3499755859375,162618300,0.0,0.0
2022-09-08,1490.8699951171875,1497.6600341796875,1486.97998046875,1494.72998046875,1494.72998046875,163489700,0.0,0.0
2022-09-09,1495.75,1498.3199462890625,1493.1500244140625,1496.530029296875,1496.530029296875,121606000,0.0,0.0
2022-09-12,1497.6600341796875,1501.8699951171875,1496.050048828125,1497.9599609375,1497.9599609375,139781400,0.0,0.0
2022-09-13,1497.4000244140625,1497.8800048828125,1482.3800048828125,1487.8399658203125,1487.8399658203125,168161200,0.0,0.0
2022-09-14,1475.239990234375,1480.550048828125,1468.43994140625,1468.43994140625,1468.43994140625,174111700,0.0,0.0
2022-09-15,1473.3599853515625,1478.5400390625,1466.3299560546875,1467.31005859375,1467.31005859375,311214100,0.0,0.0
2022-09-19,1459.510009765625,1460.9100341796875,1446.0400390625,1451.52001953125,1451.52001953125,304695900,0.0,0.0
2022-09-20,1454.4200439453125,1465.5799560546875,1454.4200439453125,1461.0999755859375,1461.0999755859375,260241500,0.0,0.0
2022-09-21,1459.449951171875,1459.8900146484375,1447.1800537109375,1447.1800537109375,1447.1800537109375,381229500,0.0,0.0
2022-09-22,1444.8699951171875,1448.510009765625,1435.760009765625,1439.1600341796875,1439.1600341796875,232744900,0.0,0.0
2022-09-23,1439.1099853515625,1440.2900390625,1424.97998046875,1424.97998046875,1424.97998046875,232715500,0.0,0.0
2022-09-26,1423.8299560546875,1423.8299560546875,1411.47998046875,1413.0400390625,1413.0400390625,269196600,0.0,0.0
2022-09-27,1412.8599853515625,1420.27001953125,1410.8699951171875,1410.8699951171875,1410.8699951171875,307257400,0.0,0.0
2022-09-28,1407.3199462890625,1409.1300048828125,1400.4100341796875,1401.8900146484375,1401.8900146484375,317186600,0.0,0.0
2022-09-29,1407.3900146484375,1410.760009765625,1395.81005859375,1397.5,1397.5,319309200,0.0,0.0
2022-09-30,1395.2900390625,1402.22998046875,1390.4100341796875,1394.6300048828125,1394.6300048828125,283725900,0.0,0.0
2022-10-03,1393.699951171875,1401.8199462890625,1384.8199462890625,1397.6199951171875,1397.6199951171875,205504800,0.0,0.0
2022-10-04,1403.760009765625,1411.550048828125,1402.9000244140625,1409.3599853515625,1409.3599853515625,171969900,0.0,0.0
2022-10-05,1413.6700439453125,1424.6500244140625,1413.6700439453125,1420.550048828125,1420.550048828125,202932700,0.0,0.0
2022-10-06,1424.75,1428.1300048828125,1420.4300537109375,1420.4300537109375,1420.4300537109375,61327800,0.0,0.0
2022-10-07,1421.7900390625,1421.9000244140625,1405.1800537109375,1406.0,1406.0,78281500,0.0,0.0
2022-10-11,1400.5799560546875,1400.5799560546875,1383.25,1386.8199462890625,1386.8199462890625,225392200,0.0,0.0
2022-10-12,1388.280029296875,1391.469970703125,1376.5400390625,1380.5699462890625,1380.5699462890625,208604100,0.0,0.0
2022-10-13,1384.8599853515625,1385.0699462890625,1372.5699462890625,1373.3599853515625,1373.3599853515625,305862900,0.0,0.0
2022-10-14,1381.6300048828125,1391.3800048828125,1381.3399658203125,1382.469970703125,1382.469970703125,271513000,0.0,0.0
2022-10-17,1383.5,1389.2099609375,1376.6800537109375,1386.27001953125,1386.27001953125,225972200,0.0,0.0
2022-10-18,1392.9200439453125,1400.3900146484375,1389.1600341796875,1400.3599853515625,1400.3599853515625,234389700,0.0,0.0
2022-10-19,1402.6800537109375,1415.0999755859375,1400.280029296875,1415.0999755859375,1415.0999755859375,216942000,0.0,0.0
2022-10-20,1414.719970703125,1437.719970703125,1411.739990234375,1437.719970703125,1437.719970703125,336728500,0.0,0.0
2022-10-21,1435.3900146484375,1446.4200439453125,1433.260009765625,1446.4200439453125,1446.4200439453125,167325000,0.0,0.0
2022-10-25,1449.1400146484375,1454.06005859375,1441.18994140625,1444.4100341796875,1444.4100341796875,205560800,0.0,0.0
2022-10-26,1447.5699462890625,1454.97998046875,1447.4100341796875,1454.97998046875,1454.97998046875,252568000,0.0,0.0
2022-10-27,1457.9599609375,1459.8599853515625,1452.280029296875,1454.0899658203125,1454.0899658203125,247414700,0.0,0.0
2022-10-28,1454.5400390625,1456.469970703125,1442.0400390625,1447.31005859375,1447.31005859375,232514400,0.0,0.0
2022-10-31,1450.93994140625,1468.4100341796875,1450.93994140625,1460.3800048828125,1460.3800048828125,349208000,0.0,0.0
2022-11-01,1457.6400146484375,1457.6400146484375,1443.5400390625,1445.9200439453125,1445.9200439453125,191406100,0.0,0.0
2022-11-02,1450.97998046875,1451.9200439453125,1442.8900146484375,1451.6099853515625,1451.6099853515625,176884200,0.0,0.0
2022-11-03,1448.3199462890625,1448.3199462890625,1420.3800048828125,1420.3800048828125,1420.3800048828125,312941100,0.0,0.0
2022-11-04,1425.52001953125,1438.280029296875,1422.0799560546875,1438.280029296875,1438.280029296875,215622500,0.0,0.0
2022-11-07,1441.1800537109375,1442.6600341796875,1435.3900146484375,1442.1199951171875,1442.1199951171875,174970300,0.0,0.0
2022-11-08,1447.1199951171875,1447.8499755859375,1433.2900390625,1441.3499755859375,1441.3499755859375,224557400,0.0,0.0
2022-11-09,1443.6199951171875,1447.1500244140625,1439.68994140625,1446.18994140625,1446.18994140625,251220400,0.0,0.0
2022-11-10,1442.31005859375,1453.27001953125,1440.760009765625,1449.739990234375,1449.739990234375,191907900,0.0,0.0
2022-11-11,1467.18994140625,1468.2099609375,1459.5400390625,1468.2099609375,1468.2099609375,370670700,0.0,0.0
2022-11-14,1468.989990234375,1468.989990234375,1459.050048828125,1464.0,1464.0,248453200,0.0,0.0
2022-11-15,1461.510009765625,1461.510009765625,1447.8699951171875,1450.5400390625,1450.5400390625,256705300,0.0,0.0
2022-11-16,1447.5,1448.3800048828125,1440.5899658203125,1448.3800048828125,1448.3800048828125,220514400,0.0,0.0
2022-11-17,1446.56005859375,1449.3199462890625,1441.5699462890625,1449.3199462890625,1449.3199462890625,234928400,0.0,0.0
2022-11-21,1434.550048828125,1447.9599609375,1427.75,1447.9599609375,1447.9599609375,332039800,0.0,0.0
2022-11-22,1446.719970703125,1451.31005859375,1435.02001953125,1441.2900390625,1441.2900390625,242609900,0.0,0.0
2022-11-23,1431.9000244140625,1443.5,1431.6099853515625,1443.5,1443.5,172539700,0.0,0.0
2022-11-24,1450.6800537109375,1502.1099853515625,1450.6800537109375,1501.8800048828125,1501.8800048828125,457068200,0.0,0.0
2022-11-25,1501.699951171875,1504.1600341796875,1481.3800048828125,1486.5400390625,1486.5400390625,337650300,0.0,0.0
2022-11-29,1483.77001953125,1486.6800537109375,1467.260009765625,1476.9599609375,1476.9599609375,297992100,0.0,0.0
2022-11-30,1476.219970703125,1489.780029296875,1464.81005859375,1488.800048828125,1488.800048828125,597872800,0.0,0.0
2022-12-01,1490.800048828125,1497.239990234375,1487.3399658203125,1491.510009765625,1491.510009765625,266128700,0.0,0.0
2022-12-02,1489.3599853515625,1489.3599853515625,1479.699951171875,1481.800048828125,1481.800048828125,206833400,0.0,0.0
2022-12-05,1482.0799560546875,1482.0799560546875,1470.3299560546875,1471.56005859375,1471.56005859375,163267400,0.0,0.0
2022-12-06,1468.989990234375,1473.52001953125,1467.1300048828125,1471.550048828125,1471.550048828125,225294700,0.0,0.0
2022-12-07,1471.4599609375,1477.8599853515625,1466.4599609375,1466.8800048828125,1466.8800048828125,218835400,0.0,0.0
2022-12-08,1467.3699951171875,1469.1199951171875,1461.780029296875,1465.9300537109375,1465.9300537109375,166059100,0.0,0.0
2022-12-09,1467.9000244140625,1477.4200439453125,1466.760009765625,1477.18994140625,1477.18994140625,166544000,0.0,0.0
2022-12-12,1475.6099853515625,1475.6099853515625,1468.8499755859375,1474.3800048828125,1474.3800048828125,129733800,0.0,0.0
2022-12-13,1476.530029296875,1477.2900390625,1469.469970703125,1470.1199951171875,1470.1199951171875,139788100,0.0,0.0
2022-12-14,1471.8900146484375,1483.1700439453125,1471.6400146484375,1483.1700439453125,1483.1700439453125,203191200,0.0,0.0
2022-12-15,1481.780029296875,1482.1099853515625,1466.25,1467.1300048828125,1467.1300048828125,190145800,0.0,0.0
2022-12-16,1461.760009765625,1478.5400390625,1459.31005859375,1478.5400390625,1478.5400390625,251764100,0.0,0.0
2022-12-19,1476.719970703125,1477.4100341796875,1471.5699462890625,1477.0899658203125,1477.0899658203125,103220400,0.0,0.0
2022-12-20,1473.72998046875,1476.22998046875,1464.8599853515625,1467.3199462890625,1467.3199462890625,93572900,0.0,0.0
2022-12-21,1467.010009765625,1469.4200439453125,1458.8199462890625,1462.550048828125,1462.550048828125,92165900,0.0,0.0
2022-12-22,1463.7900390625,1468.3499755859375,1462.4100341796875,1468.3499755859375,1468.3499755859375,67390900,0.0,0.0
2022-12-23,1469.1600341796875,1474.8699951171875,1460.5699462890625,1474.6800537109375,1474.6800537109375,48286800,0.0,0.0
2022-12-27,1474.3900146484375,1477.4300537109375,1468.1500244140625,1474.68994140625,1474.68994140625,114386800,0.0,0.0
2022-12-28,1473.550048828125,1480.1099853515625,1461.1800537109375,1480.1099853515625,1480.1099853515625,134741200,0.0,0.0
2022-12-29,1476.27001953125,1491.6300048828125,1472.5400390625,1491.6300048828125,1491.6300048828125,107605300,0.0,0.0
2022-12-30,1491.9300537109375,1503.3299560546875,1479.1300048828125,1495.489990234375,1495.489990234375,242921700,0.0,0.0
2023-01-03,1488.5400390625,1488.5400390625,1473.800048828125,1473.989990234375,1473.989990234375,59804600,0.0,0.0
2023-01-04,1472.8499755859375,1476.1400146484375,1469.550048828125,1469.550048828125,1469.550048828125,99239400,0.0,0.0
2023-01-05,1472.4599609375,1481.010009765625,1471.9100341796875,1480.9300537109375,1480.9300537109375,114428100,0.0,0.0
2023-01-06,1479.530029296875,1482.3900146484375,1474.47998046875,1480.550048828125,1480.550048828125,73345700,0.0,0.0
2023-01-09,1484.56005859375,1493.4200439453125,1483.9300537109375,1493.4200439453125,1493.4200439453125,107069100,0.0,0.0
2023-01-10,1490.4000244140625,1491.219970703125,1480.3699951171875,1485.1300048828125,1485.1300048828125,148942700,0.0,0.0
2023-01-11,1487.0400390625,1489.0,1484.2099609375,1487.8699951171875,1487.8699951171875,130154200,0.0,0.0
2023-01-12,1488.5699462890625,1491.3499755859375,1486.1500244140625,1488.6600341796875,1488.6600341796875,147707800,0.0,0.0
2023-01-13,1488.050048828125,1495.030029296875,1488.050048828125,1495.030029296875,1495.030029296875,120946200,0.0,0.0
2023-01-16,1494.81005859375,1496.050048828125,1489.0,1493.56005859375,1493.56005859375,118165300,0.0,0.0
2023-01-17,1492.530029296875,1499.3800048828125,1488.949951171875,1499.3800048828125,1499.3800048828125,109129200,0.0,0.0
2023-01-18,1495.31005859375,1496.6300048828125,1491.050048828125,1495.5,1495.5,112489800,0.0,0.0
2023-01-19,1494.800048828125,1501.7099609375,1493.4200439453125,1496.219970703125,1496.219970703125,132631400,0.0,0.0
2023-01-20,1496.8800048828125,1500.3299560546875,1495.800048828125,1500.3299560546875,1500.3299560546875,106940500,0.0,0.0
2023-01-25,1501.300048828125,1501.8599853515625,1494.72998046875,1499.449951171875,1499.449951171875,83468600,0.0,0.0
2023-01-26,1497.4100341796875,1498.3900146484375,1494.030029296875,1498.3900146484375,1498.3900146484375,94842000,0.0,0.0
2023-01-27,1499.969970703125,1500.9100341796875,1493.0699462890625,1497.550048828125,1497.550048828125,116233200,0.0,0.0
2023-01-30,1499.75,1500.949951171875,1494.1500244140625,1499.3900146484375,1499.3900146484375,154968600,0.0,0.0
2023-01-31,1493.7900390625,1493.8900146484375,1485.5,1485.5,1485.5,227210500,0.0,0.0
2023-02-02,1488.8199462890625,1493.2099609375,1485.9000244140625,1489.800048828125,1489.800048828125,190424300,0.0,0.0
2023-02-03,1490.56005859375,1493.3399658203125,1485.25,1490.469970703125,1490.469970703125,123555800,0.0,0.0
2023-02-07,1487.8199462890625,1487.989990234375,1471.7900390625,1476.3800048828125,1476.3800048828125,157016900,0.0,0.0
2023-02-08,1476.3900146484375,1479.949951171875,1469.010009765625,1470.75,1470.75,143187400,0.0,0.0
2023-02-09,1471.300048828125,1471.300048828125,1463.75,1464.6400146484375,1464.6400146484375,133461000,0.0,0.0
2023-02-10,1465.050048828125,1476.030029296875,1463.31005859375,1474.5899658203125,1474.5899658203125,105719000,0.0,0.0
2023-02-13,1474.719970703125,1475.1700439453125,1469.260009765625,1475.1700439453125,1475.1700439453125,110899900,0.0,0.0
2023-02-14,1477.1300048828125,1485.5799560546875,1476.06005859375,1483.969970703125,1483.969970703125,117992500,0.0,0.0
2023-02-15,1482.800048828125,1488.18994140625,1478.31005859375,1488.18994140625,1488.18994140625,95417000,0.0,0.0
2023-02-16,1487.8399658203125,1494.5400390625,1483.5400390625,1484.260009765625,1484.260009765625,128062600,0.0,0.0
2023-02-17,1484.030029296875,1484.760009765625,1473.1500244140625,1476.9000244140625,1476.9000244140625,153358600,0.0,0.0
2023-02-20,1474.25,1477.47998046875,1471.0699462890625,1473.4599609375,1473.4599609375,160268400,0.0,0.0
2023-02-21,1474.1099853515625,1477.3599853515625,1471.8499755859375,1474.010009765625,1474.010009765625,94234300,0.0,0.0
2023-02-22,1472.489990234375,1473.22998046875,1462.5999755859375,1464.0,1464.0,142969300,0.0,0.0
2023-02-23,1464.5799560546875,1467.6300048828125,1456.300048828125,1457.6500244140625,1457.6500244140625,138265300,0.0,0.0
2023-02-24,1458.6600341796875,1460.18994140625,1448.0899658203125,1456.800048828125,1456.800048828125,166737000,0.0,0.0
2023-02-27,1456.0400390625,1458.1800537109375,1447.550048828125,1455.5,1455.5,173142300,0.0,0.0
2023-02-28,1456.489990234375,1458.969970703125,1452.4300537109375,1454.18994140625,1454.18994140625,246842100,0.0,0.0
2023-03-01,1454.3800048828125,1454.3800048828125,1444.3900146484375,1450.199951171875,1450.199951171875,137107700,0.0,0.0
2023-03-02,1451.3399658203125,1457.02001953125,1447.06005859375,1455.489990234375,1455.489990234375,103775800,0.0,0.0
2023-03-03,1457.780029296875,1457.780029296875,1452.6199951171875,1453.550048828125,1453.550048828125,101759100,0.0,0.0
2023-03-06,1458.77001953125,1460.97998046875,1452.1199951171875,1452.6800537109375,1452.6800537109375,97343200,0.0,0.0
2023-03-07,1453.969970703125,1461.4200439453125,1452.6400146484375,1458.6700439453125,1458.6700439453125,114286600,0.0,0.0
2023-03-08,1455.469970703125,1458.6300048828125,1451.0799560546875,1454.6600341796875,1454.6600341796875,116583700,0.0,0.0
2023-03-09,1454.8199462890625,1455.1199951171875,1448.449951171875,1449.530029296875,1449.530029296875,112442800,0.0,0.0
2023-03-10,1445.800048828125,1445.800048828125,1433.0799560546875,1433.0799560546875,1433.0799560546875,118232000,0.0,0.0
2023-03-13,1419.4200439453125,1423.6600341796875,1409.9300537109375,1421.8299560546875,1421.8299560546875,130371500,0.0,0.0
2023-03-14,1416.9599609375,1416.9599609375,1393.8299560546875,1393.8299560546875,1393.8299560546875,208134800,0.0,0.0
2023-03-15,1400.0999755859375,1406.5699462890625,1399.800048828125,1403.9300537109375,1403.9300537109375,158859400,0.0,0.0
2023-03-16,1400.8199462890625,1403.9300537109375,1391.0400390625,1391.5999755859375,1391.5999755859375,123798800,0.0,0.0
2023-03-17,1397.280029296875,1416.9200439453125,1397.22998046875,1411.72998046875,1411.72998046875,281587900,0.0,0.0
2023-03-20,1408.1800537109375,1408.52001953125,1400.489990234375,1401.81005859375,1401.81005859375,95554800,0.0,0.0
2023-03-21,1407.1600341796875,1412.81005859375,1403.9599609375,1406.550048828125,1406.550048828125,89710500,0.0,0.0
2023-03-22,1408.5999755859375,1413.52001953125,1406.510009765625,1412.0400390625,1412.0400390625,104359400,0.0,0.0
2023-03-23,1406.969970703125,1410.97998046875,1403.550048828125,1410.97998046875,1410.97998046875,106373400,0.0,0.0
2023-03-24,1411.1300048828125,1411.6700439453125,1399.699951171875,1399.699951171875,1399.699951171875,116712200,0.0,0.0
2023-03-27,1400.949951171875,1404.6500244140625,1396.5999755859375,1396.5999755859375,1396.5999755859375,109243200,0.0,0.0
2023-03-28,1401.5999755859375,1409.22998046875,1398.4200439453125,1409.0899658203125,1409.0899658203125,89163800,0.0,0.0
2023-03-29,1407.47998046875,1422.68994140625,1407.47998046875,1420.3499755859375,1420.3499755859375,98993200,0.0,0.0
2023-03-30,1417.81005859375,1425.3699951171875,1415.0999755859375,1424.6099853515625,1424.6099853515625,105758500,0.0,0.0
2023-03-31,1424.7900390625,1429.47998046875,1421.3599853515625,1422.5899658203125,1422.5899658203125,138336300,0.0,0.0
2023-04-03,1426.77001953125,1433.3900146484375,1426.77001953125,1433.3900146484375,1433.3900146484375,96205600,0.0,0.0
2023-04-04,1432.239990234375,1432.8299560546875,1426.6300048828125,1429.6099853515625,1429.6099853515625,99190200,0.0,0.0
2023-04-05,1429.2900390625,1430.199951171875,1425.7099609375,1429.550048828125,1429.550048828125,54635100,0.0,0.0
2023-04-06,1431.3199462890625,1431.3199462890625,1416.6700439453125,1424.8900146484375,1424.8900146484375,101716000,0.0,0.0
2023-04-07,1424.8599853515625,1427.0799560546875,1421.6199951171875,1427.0400390625,1427.0400390625,76320400,0.0,0.0
2023-04-10,1427.8900146484375,1429.6500244140625,1425.18994140625,1428.1300048828125,1428.1300048828125,57424000,0.0,0.0
2023-04-11,1429.1199951171875,1435.8900146484375,1426.5,1435.8900146484375,1435.8900146484375,92736300,0.0,0.0
2023-04-12,1437.02001953125,1437.0799560546875,1429.0,1434.739990234375,1434.739990234375,92391900,0.0,0.0
2023-04-13,1433.8699951171875,1435.010009765625,1430.8900146484375,1434.219970703125,1434.219970703125,99529900,0.0,0.0
2023-04-14,1434.8399658203125,1438.280029296875,1431.81005859375,1435.1300048828125,1435.1300048828125,72150500,0.0,0.0
2023-04-17,1434.7900390625,1436.0400390625,1429.4300537109375,1434.9000244140625,1434.9000244140625,87631200,0.0,0.0
2023-04-18,1435.469970703125,1435.469970703125,1429.5899658203125,1432.3599853515625,1432.3599853515625,76820400,0.0,0.0
2023-04-19,1431.5699462890625,1431.5699462890625,1423.050048828125,1425.0699462890625,1425.0699462890625,97047400,0.0,0.0
2023-04-20,1428.6400146484375,1428.6400146484375,1418.8199462890625,1422.1099853515625,1422.1099853515625,79987200,0.0,0.0
2023-04-25,1422.27001953125,1427.0,1420.8399658203125,1425.18994140625,1425.18994140625,86166500,0.0,0.0
2023-04-26,1421.969970703125,1422.47998046875,1412.75,1414.25,1414.25,108165700,0.0,0.0
2023-04-27,1416.43994140625,1418.1700439453125,1413.4599609375,1418.050048828125,1418.050048828125,87781900,0.0,0.0
2023-04-28,1418.239990234375,1420.5,1412.8399658203125,1415.949951171875,1415.949951171875,92223200,0.0,0.0
2023-05-02,1416.2099609375,1428.3199462890625,1415.9200439453125,1426.1099853515625,1426.1099853515625,95430800,0.0,0.0
2023-05-03,1423.9000244140625,1425.989990234375,1415.469970703125,1425.989990234375,1425.989990234375,108563000,0.0,0.0
2023-05-05,1423.6099853515625,1431.22998046875,1421.780029296875,1431.0400390625,1431.0400390625,83059100,0.0,0.0
2023-05-08,1432.300048828125,1438.3299560546875,1430.8599853515625,1433.739990234375,1433.739990234375,79483400,0.0,0.0
2023-05-09,1431.5799560546875,1432.75,1428.52001953125,1432.6300048828125,1432.6300048828125,95374100,0.0,0.0
2023-05-10,1433.1099853515625,1433.6800537109375,1424.530029296875,1425.6800537109375,1425.6800537109375,90411500,0.0,0.0
2023-05-11,1425.5799560546875,1428.780029296875,1424.8199462890625,1425.1800537109375,1425.1800537109375,122493500,0.0,0.0
2023-05-12,1426.47998046875,1429.9200439453125,1422.9200439453125,1422.9200439453125,1422.9200439453125,153286800,0.0,0.0
2023-05-15,1423.530029296875,1427.3599853515625,1415.93994140625,1417.3699951171875,1417.3699951171875,92214400,0.0,0.0
2023-05-16,1417.9200439453125,1426.1199951171875,1417.9200439453125,1423.5,1423.5,93493100,0.0,0.0
2023-05-17,1422.010009765625,1427.4000244140625,1421.3399658203125,1424.3399658203125,1424.3399658203125,92504200,0.0,0.0
2023-05-18,1424.739990234375,1428.0400390625,1421.9200439453125,1428.0400390625,1428.0400390625,88484500,0.0,0.0
2023-05-19,1425.449951171875,1428.5400390625,1423.6500244140625,1428.5400390625,1428.5400390625,91861400,0.0,0.0
2023-05-22,1423.6199951171875,1425.6600341796875,1416.199951171875,1419.0,1419.0,116266900,0.0,0.0
2023-05-23,1418.3199462890625,1419.6099853515625,1409.510009765625,1411.5400390625,1411.5400390625,106577700,0.0,0.0
2023-05-24,1411.3599853515625,1414.6600341796875,1406.27001953125,1409.6199951171875,1409.6199951171875,122164200,0.0,0.0
2023-05-25,1408.93994140625,1411.4200439453125,1402.47998046875,1402.47998046875,1402.47998046875,116408900,0.0,0.0
2023-05-26,1402.9300537109375,1405.449951171875,1397.97998046875,1402.97998046875,1402.97998046875,149780100,0.0,0.0
2023-05-29,1405.469970703125,1406.530029296875,1401.9300537109375,1404.9300537109375,1404.9300537109375,130205600,0.0,0.0
2023-05-30,1406.0400390625,1406.0400390625,1396.9100341796875,1396.9100341796875,1396.9100341796875,152265400,0.0,0.0
2023-05-31,1396.6800537109375,1398.3800048828125,1380.9000244140625,1387.1199951171875,1387.1199951171875,657523800,0.0,0.0
2023-06-01,1383.300048828125,1386.4100341796875,1378.5799560546875,1383.010009765625,1383.010009765625,139957800,0.0,0.0
2023-06-02,1385.8199462890625,1385.8199462890625,1376.780029296875,1381.260009765625,1381.260009765625,128952300,0.0,0.0
2023-06-06,1382.0999755859375,1383.5799560546875,1377.3499755859375,1383.1700439453125,1383.1700439453125,120094000,0.0,0.0
2023-06-07,1382.0,1383.550048828125,1371.739990234375,1378.6500244140625,1378.6500244140625,118413400,0.0,0.0
2023-06-08,1375.7900390625,1376.6199951171875,1369.4100341796875,1374.6400146484375,1374.6400146484375,109443600,0.0,0.0
2023-06-09,1375.5799560546875,1381.260009765625,1373.0799560546875,1376.0799560546875,1376.0799560546875,92008800,0.0,0.0
2023-06-12,1377.6099853515625,1390.550048828125,1377.6099853515625,1386.77001953125,1386.77001953125,100957500,0.0,0.0
2023-06-13,1387.68994140625,1387.7900390625,1378.1500244140625,1380.6099853515625,1380.6099853515625,139291300,0.0,0.0
2023-06-14,1381.699951171875,1386.7900390625,1381.489990234375,1385.4200439453125,1385.4200439453125,134350100,0.0,0.0
2023-06-15,1382.9599609375,1382.9599609375,1378.8299560546875,1381.72998046875,1381.72998046875,109127300,0.0,0.0
2023-06-16,1382.4200439453125,1388.6099853515625,1373.1500244140625,1388.6099853515625,1388.6099853515625,305649700,0.0,0.0
2023-06-19,1383.8900146484375,1390.5,1379.8299560546875,1387.3299560546875,1387.3299560546875,75445100,0.0,0.0
2023-06-20,1387.239990234375,1388.75,1383.8599853515625,1388.3299560546875,1388.3299560546875,96573400,0.0,0.0
2023-06-21,1385.72998046875,1395.8499755859375,1383.8800048828125,1393.449951171875,1393.449951171875,118222400,0.0,0.0
2023-06-22,1392.1199951171875,1402.43994140625,1391.760009765625,1394.6700439453125,1394.6700439453125,116525600,0.0,0.0
2023-06-23,1395.699951171875,1397.5400390625,1389.699951171875,1390.8900146484375,1390.8900146484375,89365400,0.0,0.0
2023-06-26,1391.550048828125,1394.300048828125,1388.4100341796875,1389.8800048828125,1389.8800048828125,79124900,0.0,0.0
2023-06-27,1390.8699951171875,1393.3800048828125,1385.300048828125,1386.739990234375,1386.739990234375,85691700,0.0,0.0
2023-06-28,1387.6700439453125,1394.56005859375,1387.6700439453125,1388.3699951171875,1388.3699951171875,71393900,0.0,0.0
2023-06-30,1388.52001953125,1391.47998046875,1370.1500244140625,1376.6800537109375,1376.6800537109375,172513900,0.0,0.0
2023-07-03,1379.3900146484375,1397.3699951171875,1379.31005859375,1395.8900146484375,1395.8900146484375,70750600,0.0,0.0
2023-07-04,1393.56005859375,1396.3299560546875,1388.8499755859375,1392.489990234375,1392.489990234375,63595600,0.0,0.0
2023-07-05,1392.3800048828125,1395.8199462890625,1389.9000244140625,1389.9000244140625,1389.9000244140625,68297000,0.0,0.0
2023-07-06,1389.7099609375,1389.7099609375,1381.8599853515625,1385.949951171875,1385.949951171875,92373100,0.0,0.0
2023-07-07,1382.199951171875,1385.739990234375,1377.6700439453125,1377.6700439453125,1377.6700439453125,85665300,0.0,0.0
2023-07-10,1377.56005859375,1386.93994140625,1377.56005859375,1383.06005859375,1383.06005859375,77577500,0.0,0.0
2023-07-11,1386.0899658203125,1391.4599609375,1384.8399658203125,1391.4599609375,1391.4599609375,105063900,0.0,0.0
2023-07-12,1390.27001953125,1400.050048828125,1389.93994140625,1398.06005859375,1398.06005859375,81189300,0.0,0.0
2023-07-13,1401.0999755859375,1401.760009765625,1396.22998046875,1396.22998046875,1396.22998046875,71844700,0.0,0.0
2023-07-14,1399.530029296875,1414.219970703125,1399.3900146484375,1412.0899658203125,1412.0899658203125,160012400,0.0,0.0
2023-07-17,1411.77001953125,1412.0899658203125,1403.1199951171875,1406.0999755859375,1406.0999755859375,92626300,0.0,0.0
2023-07-18,1407.5400390625,1407.9000244140625,1399.469970703125,1403.030029296875,1403.030029296875,78504600,0.0,0.0
2023-07-20,1404.5699462890625,1409.3399658203125,1402.7099609375,1406.68994140625,1406.68994140625,100328400,0.0,0.0
2023-07-21,1407.47998046875,1413.52001953125,1405.6400146484375,1413.52001953125,1413.52001953125,86987100,0.0,0.0
2023-07-24,1412.6800537109375,1424.68994140625,1412.3800048828125,1424.68994140625,1424.68994140625,87448700,0.0,0.0
2023-07-25,1425.760009765625,1437.81005859375,1425.280029296875,1436.7900390625,1436.7900390625,135600500,0.0,0.0
2023-07-26,1436.699951171875,1449.2900390625,1436.699951171875,1449.2900390625,1449.2900390625,133082000,0.0,0.0
2023-07-27,1447.6600341796875,1456.3599853515625,1446.9200439453125,1451.27001953125,1451.27001953125,123234900,0.0,0.0
2023-07-28,1448.2099609375,1454.239990234375,1446.4599609375,1450.3499755859375,1450.3499755859375,101845900,0.0,0.0
2023-07-31,1451.0699462890625,1464.699951171875,1451.0699462890625,1459.4300537109375,1459.4300537109375,164867900,0.0,0.0
2023-08-01,1458.9000244140625,1462.56005859375,1449.02001953125,1451.239990234375,1451.239990234375,98171000,0.0,0.0
2023-08-02,1449.449951171875,1450.280029296875,1441.8499755859375,1444.56005859375,1444.56005859375,91589600,0.0,0.0
2023-08-03,1441.3699951171875,1442.780029296875,1433.0400390625,1441.8499755859375,1441.8499755859375,89240200,0.0,0.0
2023-08-04,1442.489990234375,1447.1300048828125,1442.22998046875,1445.2099609375,1445.2099609375,70523900,0.0,0.0
2023-08-07,1444.8900146484375,1449.3800048828125,1442.1300048828125,1445.81005859375,1445.81005859375,48138700,0.0,0.0
2023-08-08,1444.2099609375,1452.469970703125,1441.6300048828125,1451.0,1451.0,87847500,0.0,0.0
2023-08-09,1450.300048828125,1462.030029296875,1446.7099609375,1462.030029296875,1462.030029296875,140193500,0.0,0.0
2023-08-10,1460.3599853515625,1460.699951171875,1453.3699951171875,1458.9300537109375,1458.9300537109375,140203100,0.0,0.0
2023-08-11,1458.469970703125,1458.969970703125,1449.6700439453125,1457.1600341796875,1457.1600341796875,116246300,0.0,0.0
2023-08-14,1457.18994140625,1457.4300537109375,1452.1500244140625,1457.0,1457.0,83404700,0.0,0.0
2023-08-15,1456.8599853515625,1463.2900390625,1456.27001953125,1460.280029296875,1460.280029296875,84618900,0.0,0.0
2023-08-16,1459.030029296875,1464.27001953125,1458.3699951171875,1463.510009765625,1463.510009765625,120690800,0.0,0.0
2023-08-17,1460.6099853515625,1460.760009765625,1447.97998046875,1447.97998046875,1447.97998046875,154807600,0.0,0.0
2023-08-18,1449.22998046875,1449.22998046875,1442.260009765625,1446.0899658203125,1446.0899658203125,127832700,0.0,0.0
2023-08-21,1446.68994140625,1451.6800537109375,1445.0999755859375,1450.5699462890625,1450.5699462890625,121972100,0.0,0.0
2023-08-22,1450.8699951171875,1456.4000244140625,1449.18994140625,1451.530029296875,1451.530029296875,99704700,0.0,0.0
2023-08-23,1451.6300048828125,1451.719970703125,1439.1300048828125,1440.1099853515625,1440.1099853515625,101613400,0.0,0.0
2023-08-24,1441.52001953125,1446.75,1441.52001953125,1444.6700439453125,1444.6700439453125,87375800,0.0,0.0
2023-08-25,1444.2099609375,1444.81005859375,1438.510009765625,1444.489990234375,1444.489990234375,110374500,0.0,0.0
2023-08-28,1443.6700439453125,1445.31005859375,1441.780029296875,1444.06005859375,1444.06005859375,90966700,0.0,0.0
2023-08-29,1443.469970703125,1455.800048828125,1441.52001953125,1454.43994140625,1454.43994140625,124595100,0.0,0.0
2023-08-30,1456.22998046875,1462.800048828125,1451.93994140625,1451.93994140625,1451.93994140625,323180900,0.0,0.0
2023-09-01,1461.9100341796875,1463.4300537109375,1454.6700439453125,1463.4300537109375,1463.4300537109375,163156900,0.0,0.0
2023-09-04,1464.0699462890625,1465.9300537109375,1460.8399658203125,1462.719970703125,1462.719970703125,95591500,0.0,0.0
2023-09-05,1462.5799560546875,1462.5799560546875,1452.47998046875,1454.8299560546875,1454.8299560546875,112482000,0.0,0.0
2023-09-06,1455.010009765625,1463.0400390625,1454.25,1460.6199951171875,1460.6199951171875,106479500,0.0,0.0
2023-09-07,1458.969970703125,1463.300048828125,1458.27001953125,1460.0699462890625,1460.0699462890625,81318800,0.0,0.0
2023-09-08,1459.5400390625,1460.22998046875,1454.699951171875,1454.949951171875,1454.949951171875,82555700,0.0,0.0
2023-09-11,1453.719970703125,1455.56005859375,1450.6800537109375,1455.0400390625,1455.0400390625,69955700,0.0,0.0
2023-09-12,1454.2900390625,1454.3199462890625,1447.9599609375,1453.3900146484375,1453.3900146484375,98947900,0.0,0.0
2023-09-13,1447.030029296875,1453.5400390625,1444.81005859375,1453.5400390625,1453.5400390625,87516400,0.0,0.0
2023-09-14,1449.219970703125,1455.0899658203125,1445.31005859375,1449.5799560546875,1449.5799560546875,117849500,0.0,0.0
2023-09-15,1449.0899658203125,1459.030029296875,1448.75,1459.030029296875,1459.030029296875,318200600,0.0,0.0
2023-09-18,1456.9599609375,1458.4599609375,1452.8599853515625,1457.989990234375,1457.989990234375,83396200,0.0,0.0
2023-09-19,1456.719970703125,1459.0,1454.6099853515625,1457.6600341796875,1457.6600341796875,78288600,0.0,0.0
2023-09-20,1452.6300048828125,1456.77001953125,1450.3699951171875,1451.56005859375,1451.56005859375,103370600,0.0,0.0
2023-09-21,1452.77001953125,1453.969970703125,1446.800048828125,1448.2099609375,1448.2099609375,106609700,0.0,0.0
2023-09-22,1445.8800048828125,1450.68994140625,1441.5,1450.22998046875,1450.22998046875,85968500,0.0,0.0
2023-09-25,1449.8299560546875,1450.3199462890625,1441.1700439453125,1443.449951171875,1443.449951171875,85332300,0.0,0.0
2023-09-26,1442.7900390625,1447.050048828125,1441.8900146484375,1445.550048828125,1445.550048828125,87996700,0.0,0.0
2023-09-27,1440.8599853515625,1441.8699951171875,1436.75,1440.1099853515625,1440.1099853515625,100446200,0.0,0.0
2023-09-29,1436.3900146484375,1436.969970703125,1424.1700439453125,1424.1700439453125,1424.1700439453125,170332100,0.0,0.0
2023-10-02,1424.0699462890625,1428.0400390625,1418.760009765625,1418.760009765625,1418.760009765625,77411100,0.0,0.0
2023-10-03,1418.5799560546875,1424.1099853515625,1417.93994140625,1420.010009765625,1420.010009765625,119741100,0.0,0.0
2023-10-04,1417.9100341796875,1419.6600341796875,1412.699951171875,1415.8399658203125,1415.8399658203125,146327300,0.0,0.0
2023-10-05,1413.43994140625,1420.6099853515625,1412.1700439453125,1415.5999755859375,1415.5999755859375,147628100,0.0,0.0
2023-10-06,1415.2900390625,1419.9599609375,1415.280029296875,1416.8800048828125,1416.8800048828125,136679500,0.0,0.0
2023-10-09,1417.06005859375,1420.7099609375,1415.800048828125,1417.260009765625,1417.260009765625,85675400,0.0,0.0
2023-10-10,1419.3299560546875,1435.8900146484375,1419.3299560546875,1435.1700439453125,1435.1700439453125,99011700,0.0,0.0
2023-10-11,1434.75,1438.449951171875,1432.27001953125,1436.489990234375,1436.489990234375,147588000,0.0,0.0
2023-10-12,1437.9599609375,1446.06005859375,1437.9599609375,1443.8199462890625,1443.8199462890625,108247800,0.0,0.0
2023-10-13,1443.3699951171875,1444.969970703125,1440.489990234375,1444.1400146484375,1444.1400146484375,75517900,0.0,0.0
2023-10-16,1445.3599853515625,1446.1199951171875,1436.5,1438.9599609375,1438.9599609375,122051500,0.0,0.0
2023-10-17,1439.0400390625,1444.1300048828125,1438.949951171875,1444.1300048828125,1444.1300048828125,105407700,0.0,0.0
2023-10-18,1443.22998046875,1446.5400390625,1441.06005859375,1446.5400390625,1446.5400390625,146818700,0.0,0.0
2023-10-19,1443.260009765625,1445.18994140625,1441.3399658203125,1442.6600341796875,1442.6600341796875,118185700,0.0,0.0
2023-10-20,1443.3499755859375,1443.75,1438.3599853515625,1441.0400390625,1441.0400390625,113336900,0.0,0.0
2023-10-23,1441.72998046875,1443.8599853515625,1435.050048828125,1438.1199951171875,1438.1199951171875,100413700,0.0,0.0
2023-10-24,1438.280029296875,1440.280029296875,1430.1500244140625,1435.6500244140625,1435.6500244140625,112931800,0.0,0.0
2023-10-25,1437.969970703125,1444.530029296875,1437.8199462890625,1442.510009765625,1442.510009765625,80810800,0.0,0.0
2023-10-26,1443.030029296875,1445.1400146484375,1438.800048828125,1440.5999755859375,1440.5999755859375,107249600,0.0,0.0
2023-10-27,1440.7099609375,1444.1500244140625,1439.3299560546875,1441.9000244140625,1441.9000244140625,79766900,0.0,0.0
2023-10-30,1440.0400390625,1441.800048828125,1436.97998046875,1439.199951171875,1439.199951171875,66151800,0.0,0.0
2023-10-31,1438.75,1443.4599609375,1437.97998046875,1442.1400146484375,1442.1400146484375,99312300,0.0,0.0
2023-11-01,1441.1700439453125,1441.5899658203125,1434.9300537109375,1435.3299560546875,1435.3299560546875,97118400,0.0,0.0
2023-11-02,1435.93994140625,1441.3499755859375,1435.8599853515625,1439.77001953125,1439.77001953125,87395200,0.0,0.0
2023-11-03,1446.719970703125,1453.18994140625,1444.7900390625,1449.9300537109375,1449.9300537109375,115015400,0.0,0.0
2023-11-06,1452.3900146484375,1464.6700439453125,1452.2900390625,1464.6700439453125,1464.6700439453125,146756600,0.0,0.0
2023-11-07,1464.050048828125,1465.550048828125,1458.6600341796875,1463.3699951171875,1463.3699951171875,115794000,0.0,0.0
2023-11-08,1461.1300048828125,1462.010009765625,1454.4599609375,1457.5999755859375,1457.5999755859375,86519800,0.0,0.0
2023-11-09,1456.8399658203125,1457.8399658203125,1450.6400146484375,1452.27001953125,1452.27001953125,95897900,0.0,0.0
2023-11-10,1450.56005859375,1451.219970703125,1425.010009765625,1445.1800537109375,1445.1800537109375,67169000,0.0,0.0
2023-11-14,1444.9000244140625,1453.989990234375,1444.9000244140625,1451.719970703125,1451.719970703125,95686900,0.0,0.0
2023-11-15,1453.6099853515625,1466.8399658203125,1453.0699462890625,1466.8399658203125,1466.8399658203125,168947800,0.0,0.0
2023-11-16,1464.780029296875,1465.1600341796875,1460.4599609375,1464.6800537109375,1464.6800537109375,105484500,0.0,0.0
2023-11-17,1461.5899658203125,1462.31005859375,1458.530029296875,1460.6700439453125,1460.6700439453125,100760200,0.0,0.0
2023-11-20,1460.260009765625,1460.260009765625,1454.1199951171875,1456.9200439453125,1456.9200439453125,74149400,0.0,0.0
2023-11-21,1458.1300048828125,1463.4000244140625,1456.1600341796875,1463.4000244140625,1463.4000244140625,138326700,0.0,0.0
2023-11-22,1460.5899658203125,1460.5899658203125,1454.52001953125,1455.8900146484375,1455.8900146484375,97164200,0.0,0.0
2023-11-23,1456.6800537109375,1456.6800537109375,1451.3499755859375,1453.2900390625,1453.2900390625,93608000,0.0,0.0
2023-11-24,1455.780029296875,1456.050048828125,1451.0799560546875,1453.9200439453125,1453.9200439453125,136984500,0.0,0.0
2023-11-27,1453.1500244140625,1455.780029296875,1448.0,1448.1500244140625,1448.1500244140625,116835700,0.0,0.0
2023-11-28,1450.18994140625,1452.5999755859375,1444.5999755859375,1448.02001953125,1448.02001953125,156887400,0.0,0.0
2023-11-29,1448.6300048828125,1450.4200439453125,1445.6099853515625,1446.0699462890625,1446.0699462890625,128149700,0.0,0.0
2023-11-30,1444.3399658203125,1452.739990234375,1440.6199951171875,1452.739990234375,1452.739990234375,530926800,0.0,0.0
2023-12-01,1452.0,1456.52001953125,1450.0899658203125,1456.3800048828125,1456.3800048828125,165174800,0.0,0.0
2023-12-04,1454.969970703125,1457.02001953125,1448.1700439453125,1451.02001953125,1451.02001953125,106529100,0.0,0.0
2023-12-05,1451.1300048828125,1451.5899658203125,1444.5799560546875,1449.4599609375,1449.4599609375,101068000,0.0,0.0
2023-12-06,1450.9100341796875,1452.0699462890625,1444.6300048828125,1445.8199462890625,1445.8199462890625,92070800,0.0,0.0
2023-12-07,1442.8900146484375,1447.6600341796875,1441.02001953125,1442.8499755859375,1442.8499755859375,103661100,0.0,0.0
2023-12-08,1443.969970703125,1446.1300048828125,1441.0899658203125,1441.969970703125,1441.969970703125,84182800,0.0,0.0
2023-12-11,1441.3199462890625,1446.3900146484375,1440.4000244140625,1446.3900146484375,1446.3900146484375,102401500,0.0,0.0
2023-12-12,1446.1199951171875,1447.719970703125,1444.260009765625,1447.1199951171875,1447.1199951171875,127330900,0.0,0.0
2023-12-13,1446.0799560546875,1448.47998046875,1443.719970703125,1448.0400390625,1448.0400390625,130353700,0.0,0.0
2023-12-14,1448.8800048828125,1456.260009765625,1448.1400146484375,1456.260009765625,1456.260009765625,165231500,0.0,0.0
2023-12-15,1455.949951171875,1464.780029296875,1455.68994140625,1462.449951171875,1462.449951171875,284775700,0.0,0.0
2023-12-18,1461.56005859375,1468.739990234375,1460.4200439453125,1465.280029296875,1465.280029296875,216394300,0.0,0.0
2023-12-19,1466.56005859375,1467.6099853515625,1464.550048828125,1465.6700439453125,1465.6700439453125,162662200,0.0,0.0
2023-12-20,1466.4300537109375,1470.7900390625,1464.0899658203125,1464.56005859375,1464.56005859375,200419300,0.0,0.0
2023-12-21,1463.1700439453125,1463.1700439453125,1454.969970703125,1455.5799560546875,1455.5799560546875,157053500,0.0,0.0
2023-12-22,1456.760009765625,1457.8599853515625,1451.989990234375,1454.3800048828125,1454.3800048828125,127764000,0.0,0.0
2023-12-26,1454.0799560546875,1456.6600341796875,1450.780029296875,1450.780029296875,1450.780029296875,130077700,0.0,0.0
2023-12-27,1452.3699951171875,1455.43994140625,1452.0799560546875,1454.219970703125,1454.219970703125,158320100,0.0,0.0
2023-12-28,1453.8599853515625,1459.0999755859375,1453.06005859375,1457.4100341796875,1457.4100341796875,142538600,0.0,0.0
2023-12-29,1457.5699462890625,1461.4000244140625,1454.6600341796875,1454.6600341796875,1454.6600341796875,265621800,0.0,0.0
2024-01-02,1452.199951171875,1453.56005859375,1446.3599853515625,1453.0999755859375,1453.0999755859375,103277400,0.0,0.0
2024-01-03,1452.5400390625,1465.68994140625,1450.1700439453125,1462.3699951171875,1462.3699951171875,215534000,0.0,0.0
2024-01-04,1462.8499755859375,1477.56005859375,1461.030029296875,1477.260009765625,1477.260009765625,286041200,0.0,0.0
2024-01-05,1476.8900146484375,1487.6099853515625,1476.8499755859375,1487.6099853515625,1487.6099853515625,280921700,0.0,0.0
2024-01-08,1488.5999755859375,1498.52001953125,1488.5999755859375,1495.699951171875,1495.699951171875,301573200,0.0,0.0
2024-01-09,1497.1700439453125,1503.9300537109375,1496.8399658203125,1498.8299560546875,1498.8299560546875,311176200,0.0,0.0
2024-01-10,1497.800048828125,1497.800048828125,1486.719970703125,1486.8599853515625,1486.8599853515625,208376900,0.0,0.0
2024-01-11,1487.1500244140625,1492.43994140625,1483.0,1483.0,1483.0,232402500,0.0,0.0
2024-01-12,1483.239990234375,1487.3399658203125,1482.02001953125,1487.3399658203125,1487.3399658203125,225717600,0.0,0.0
2024-01-15,1488.280029296875,1501.8599853515625,1487.81005859375,1501.1099853515625,1501.1099853515625,196067000,0.0,0.0
2024-01-16,1500.3900146484375,1503.72998046875,1492.4000244140625,1493.8699951171875,1493.8699951171875,227111300,0.0,0.0
2024-01-17,1491.8900146484375,1494.3199462890625,1487.52001953125,1491.2099609375,1491.2099609375,216723800,0.0,0.0
2024-01-18,1488.489990234375,1492.530029296875,1478.030029296875,1479.1800537109375,1479.1800537109375,315341100,0.0,0.0
2024-01-19,1480.1800537109375,1486.3699951171875,1477.050048828125,1486.3699951171875,1486.3699951171875,199948900,0.0,0.0
2024-01-22,1487.3499755859375,1493.97998046875,1485.510009765625,1491.18994140625,1491.18994140625,234169100,0.0,0.0
2024-01-23,1492.56005859375,1500.3900146484375,1490.199951171875,1496.1099853515625,1496.1099853515625,202846800,0.0,0.0
2024-01-24,1497.1600341796875,1504.43994140625,1497.1600341796875,1504.0999755859375,1504.0999755859375,197527000,0.0,0.0
2024-01-26,1503.449951171875,1509.3900146484375,1502.8900146484375,1506.280029296875,1506.280029296875,238367000,0.0,0.0
2024-01-29,1508.1099853515625,1518.43994140625,1507.8800048828125,1515.3900146484375,1515.3900146484375,211720800,0.0,0.0
2024-01-30,1517.75,1520.31005859375,1511.8399658203125,1512.75,1512.75,213783400,0.0,0.0
2024-01-31,1512.5999755859375,1516.4000244140625,1509.550048828125,1512.97998046875,1512.97998046875,247472800,0.0,0.0
2024-02-02,1509.3499755859375,1521.22998046875,1508.5,1516.5799560546875,1516.5799560546875,290509400,0.0,0.0
2024-02-05,1515.9100341796875,1520.97998046875,1511.3399658203125,1511.3399658203125,1511.3399658203125,200808500,0.0,0.0
2024-02-06,1510.31005859375,1513.97998046875,1508.989990234375,1512.97998046875,1512.97998046875,186936700,0.0,0.0
2024-02-07,1512.510009765625,1514.050048828125,1510.199951171875,1513.1099853515625,1513.1099853515625,174829400,0.0,0.0
2024-02-08,1513.18994140625,1521.1800537109375,1512.3599853515625,1512.3599853515625,1512.3599853515625,171566000,0.0,0.0
2024-02-09,1513.8199462890625,1514.719970703125,1509.56005859375,1512.280029296875,1512.280029296875,79147200,0.0,0.0
2024-02-13,1512.6300048828125,1533.1600341796875,1512.6300048828125,1531.3699951171875,1531.3699951171875,181535700,0.0,0.0
2024-02-14,1527.7900390625,1530.949951171875,1521.7900390625,1529.3299560546875,1529.3299560546875,152259500,0.0,0.0
2024-02-15,1529.2900390625,1532.6600341796875,1525.3900146484375,1528.3800048828125,1528.3800048828125,172624700,0.0,0.0
2024-02-16,1530.6800537109375,1534.530029296875,1529.300048828125,1533.550048828125,1533.550048828125,192387100,0.0,0.0
2024-02-19,1533.3499755859375,1539.25,1530.5799560546875,1538.6099853515625,1538.6099853515625,160694400,0.0,0.0
2024-02-20,1538.719970703125,1555.5899658203125,1537.93994140625,1555.5899658203125,1555.5899658203125,268959800,0.0,0.0
2024-02-21,1554.0999755859375,1554.949951171875,1547.489990234375,1552.4000244140625,1552.4000244140625,241602800,0.0,0.0
2024-02-22,1550.7099609375,1551.969970703125,1542.719970703125,1545.489990234375,1545.489990234375,172375600,0.0,0.0
2024-02-23,1546.3499755859375,1551.1500244140625,1544.1800537109375,1549.1099853515625,1549.1099853515625,340781400,0.0,0.0
2024-02-26,1548.9300537109375,1553.9000244140625,1544.469970703125,1547.5999755859375,1547.5999755859375,314099700,0.0,0.0
2024-02-27,1545.52001953125,1559.02001953125,1545.1600341796875,1558.800048828125,1558.800048828125,309551300,0.0,0.0
2024-02-28,1556.300048828125,1556.68994140625,1545.5899658203125,1545.5899658203125,1545.5899658203125,298350600,0.0,0.0
2024-02-29,1547.6199951171875,1554.7900390625,1544.6700439453125,1551.43994140625,1551.43994140625,973066200,0.0,0.0
2024-03-01,1553.1600341796875,1556.219970703125,1537.1099853515625,1538.02001953125,1538.02001953125,304487800,0.0,0.0
2024-03-04,1539.0999755859375,1547.0999755859375,1537.030029296875,1539.27001953125,1539.27001953125,234915700,0.0,0.0
2024-03-05,1537.9200439453125,1537.9200439453125,1518.8399658203125,1536.97998046875,1536.97998046875,292974200,0.0,0.0
2024-03-06,1532.449951171875,1535.199951171875,1527.9200439453125,1531.510009765625,1531.510009765625,266505400,0.0,0.0
2024-03-07,1531.699951171875,1539.5999755859375,1531.699951171875,1535.8299560546875,1535.8299560546875,235394700,0.0,0.0
2024-03-08,1536.52001953125,1541.1500244140625,1535.3199462890625,1539.8599853515625,1539.8599853515625,334762200,0.0,0.0
2024-03-11,1542.010009765625,1547.47998046875,1540.77001953125,1544.7099609375,1544.7099609375,282742100,0.0,0.0
2024-03-12,1544.949951171875,1556.7099609375,1541.3599853515625,1554.56005859375,1554.56005859375,236872900,0.0,0.0
2024-03-13,1543.510009765625,1544.739990234375,1536.760009765625,1538.1300048828125,1538.1300048828125,230016100,0.0,0.0
2024-03-14,1535.5999755859375,1543.75,1533.800048828125,1543.75,1543.75,226515700,0.0,0.0
2024-03-15,1536.949951171875,1552.8299560546875,1535.469970703125,1552.8299560546875,1552.8299560546875,499854300,0.0,0.0
2024-03-18,1547.449951171875,1557.3299560546875,1544.3199462890625,1553.6400146484375,1553.6400146484375,263219400,0.0,0.0
2024-03-19,1551.5899658203125,1552.0999755859375,1544.9599609375,1544.9599609375,1544.9599609375,299513700,0.0,0.0
2024-03-20,1545.06005859375,1546.0,1535.77001953125,1535.7900390625,1535.7900390625,182483300,0.0,0.0
2024-03-21,1539.1199951171875,1542.3299560546875,1534.6600341796875,1541.4100341796875,1541.4100341796875,186197400,0.0,0.0
2024-03-22,1541.56005859375,1543.8399658203125,1537.9200439453125,1542.3900146484375,1542.3900146484375,153442100,0.0,0.0
2024-03-25,1540.22998046875,1540.22998046875,1532.72998046875,1537.5400390625,1537.5400390625,144717400,0.0,0.0
2024-03-26,1536.06005859375,1540.510009765625,1532.0699462890625,1538.4200439453125,1538.4200439453125,201823400,0.0,0.0
2024-03-27,1536.510009765625,1536.5799560546875,1528.52001953125,1530.5999755859375,1530.5999755859375,213452700,0.0,0.0
2024-03-29,1532.1099853515625,1542.0,1532.030029296875,1536.0699462890625,1536.0699462890625,197606300,0.0,0.0
2024-04-01,1537.5,1544.7099609375,1537.0699462890625,1544.02001953125,1544.02001953125,113539400,0.0,0.0
2024-04-02,1543.530029296875,1550.989990234375,1540.77001953125,1547.989990234375,1547.989990234375,188490400,0.0,0.0
2024-04-03,1547.2900390625,1548.4200439453125,1537.010009765625,1537.010009765625,1537.010009765625,185700600,0.0,0.0
2024-04-04,1538.97998046875,1554.3299560546875,1537.25,1553.239990234375,1553.239990234375,208034400,0.0,0.0
2024-04-05,1551.0699462890625,1555.969970703125,1547.9599609375,1555.25,1555.25,183477400,0.0,0.0
2024-04-08,1556.780029296875,1560.260009765625,1554.1500244140625,1559.97998046875,1559.97998046875,136336200,0.0,0.0
2024-04-09,1559.9100341796875,1565.5699462890625,1553.4300537109375,1553.510009765625,1553.510009765625,148751200,0.0,0.0
2024-04-12,1554.0899658203125,1556.6400146484375,1548.27001953125,1551.0400390625,1551.0400390625,225170600,0.0,0.0
2024-04-15,1545.449951171875,1548.3399658203125,1542.530029296875,1542.530029296875,1542.530029296875,242539900,0.0,0.0
2024-04-16,1541.0799560546875,1541.5899658203125,1532.489990234375,1535.0,1535.0,299007700,0.0,0.0
2024-04-17,1535.050048828125,1541.8800048828125,1532.949951171875,1540.4200439453125,1540.4200439453125,201296200,0.0,0.0
2024-04-18,1539.8399658203125,1548.4599609375,1538.6800537109375,1544.760009765625,1544.760009765625,192585300,0.0,0.0
2024-04-19,1546.300048828125,1552.449951171875,1545.9000244140625,1547.5699462890625,1547.5699462890625,217831000,0.0,0.0
2024-04-22,1548.5699462890625,1559.93994140625,1548.3800048828125,1559.5899658203125,1559.5899658203125,162909500,0.0,0.0
2024-04-23,1559.81005859375,1567.5699462890625,1559.81005859375,1561.6400146484375,1561.6400146484375,215225200,0.0,0.0
2024-04-24,1565.489990234375,1572.47998046875,1564.8900146484375,1571.47998046875,1571.47998046875,217218900,0.0,0.0
2024-04-25,1573.2900390625,1574.449951171875,1569.030029296875,1569.25,1569.25,229077400,0.0,0.0
2024-04-26,1567.6700439453125,1575.5699462890625,1566.3399658203125,1575.1600341796875,1575.1600341796875,249177600,0.0,0.0
2024-04-29,1576.300048828125,1583.3399658203125,1575.0,1582.6600341796875,1582.6600341796875,284290000,0.0,0.0
2024-04-30,1583.5799560546875,1589.06005859375,1575.969970703125,1575.969970703125,1575.969970703125,333275400,0.0,0.0
2024-05-02,1574.969970703125,1582.6800537109375,1574.27001953125,1580.300048828125,1580.300048828125,246289200,0.0,0.0
2024-05-03,1581.5899658203125,1590.56005859375,1581.5899658203125,1589.5899658203125,1589.5899658203125,262487200,0.0,0.0
2024-05-06,1591.800048828125,1598.260009765625,1591.1700439453125,1597.3900146484375,1597.3900146484375,201147700,0.0,0.0
2024-05-07,1600.8499755859375,1610.3199462890625,1600.6600341796875,1605.6800537109375,1605.6800537109375,265320400,0.0,0.0
2024-05-08,1606.9599609375,1610.25,1602.2900390625,1604.75,1604.75,216508600,0.0,0.0
2024-05-09,1606.2099609375,1607.3800048828125,1599.2900390625,1601.219970703125,1601.219970703125,168553600,0.0,0.0
2024-05-10,1603.4599609375,1604.0699462890625,1599.8399658203125,1600.6700439453125,1600.6700439453125,180639100,0.0,0.0
2024-05-13,1602.300048828125,1604.800048828125,1600.4300537109375,1602.9100341796875,1602.9100341796875,163107600,0.0,0.0
2024-05-14,1601.6199951171875,1607.4200439453125,1601.43994140625,1605.8800048828125,1605.8800048828125,208290100,0.0,0.0
2024-05-15,1605.75,1607.6400146484375,1603.22998046875,1603.22998046875,1603.22998046875,194095600,0.0,0.0
2024-05-16,1604.3800048828125,1611.5699462890625,1604.3800048828125,1611.1099853515625,1611.1099853515625,183263300,0.0,0.0
2024-05-17,1612.4200439453125,1619.449951171875,1611.9300537109375,1616.6199951171875,1616.6199951171875,219231700,0.0,0.0
2024-05-20,1618.280029296875,1629.81005859375,1618.280029296875,1627.5,1627.5,200289800,0.0,0.0
2024-05-21,1628.3800048828125,1628.3800048828125,1620.800048828125,1622.0899658203125,1622.0899658203125,230614000,0.0,0.0
2024-05-23,1620.6600341796875,1632.7900390625,1620.6600341796875,1629.1800537109375,1629.1800537109375,249478800,0.0,0.0
2024-05-24,1624.9599609375,1624.9599609375,1614.8299560546875,1619.4000244140625,1619.4000244140625,307419100,0.0,0.0
2024-05-27,1620.6700439453125,1622.4000244140625,1617.97998046875,1618.27001953125,1618.27001953125,177466500,0.0,0.0
2024-05-28,1620.6500244140625,1622.9300537109375,1612.9599609375,1615.8199462890625,1615.8199462890625,214978500,0.0,0.0
2024-05-29,1614.7099609375,1614.7099609375,1605.3499755859375,1605.3499755859375,1605.3499755859375,218199800,0.0,0.0
2024-05-30,1603.2099609375,1608.8399658203125,1602.3199462890625,1604.260009765625,1604.260009765625,219690300,0.0,0.0
2024-05-31,1608.8800048828125,1612.31005859375,1595.3599853515625,1596.6800537109375,1596.6800537109375,652449300,0.0,0.0
2024-06-04,1595.93994140625,1617.4100341796875,1595.3499755859375,1615.4000244140625,1615.4000244140625,280419400,0.0,0.0
2024-06-05,1614.81005859375,1622.6500244140625,1608.530029296875,1608.530029296875,1608.530029296875,197151900,0.0,0.0
2024-06-06,1611.8199462890625,1617.050048828125,1609.3399658203125,1614.72998046875,1614.72998046875,233096300,0.0,0.0
2024-06-07,1615.969970703125,1622.489990234375,1614.9300537109375,1617.8599853515625,1617.8599853515625,213524300,0.0,0.0
2024-06-10,1619.239990234375,1619.239990234375,1613.010009765625,1614.3699951171875,1614.3699951171875,158084400,0.0,0.0
2024-06-11,1617.0,1617.3699951171875,1609.260009765625,1611.489990234375,1611.489990234375,273386100,0.0,0.0
2024-06-12,1616.6300048828125,1618.989990234375,1608.949951171875,1608.949951171875,1608.949951171875,202814000,0.0,0.0
2024-06-13,1612.5799560546875,1616.8399658203125,1609.1300048828125,1610.1700439453125,1610.1700439453125,218593000,0.0,0.0
2024-06-14,1611.0,1611.9000244140625,1604.47998046875,1607.3199462890625,1607.3199462890625,225453600,0.0,0.0
2024-06-18,1609.3900146484375,1615.0899658203125,1606.1300048828125,1606.1300048828125,1606.1300048828125,232582800,0.0,0.0
2024-06-19,1608.469970703125,1609.219970703125,1599.7900390625,1599.7900390625,1599.7900390625,211950200,0.0,0.0
2024-06-20,1596.27001953125,1596.27001953125,1590.3699951171875,1592.68994140625,1592.68994140625,189841500,0.0,0.0
2024-06-21,1593.4100341796875,1598.1600341796875,1590.0,1590.3699951171875,1590.3699951171875,497243500,0.0,0.0
2024-06-24,1589.8699951171875,1594.0899658203125,1582.780029296875,1589.6600341796875,1589.6600341796875,218922400,0.0,0.0
2024-06-25,1589.7099609375,1594.7099609375,1582.3499755859375,1585.3800048828125,1585.3800048828125,229698100,0.0,0.0
2024-06-26,1586.3900146484375,1593.4200439453125,1581.760009765625,1590.949951171875,1590.949951171875,203208300,0.0,0.0
2024-06-27,1591.530029296875,1592.260009765625,1582.31005859375,1584.93994140625,1584.93994140625,198108200,0.0,0.0
2024-06-28,1583.530029296875,1590.0899658203125,1581.52001953125,1590.0899658203125,1590.0899658203125,213091600,0.0,0.0
2024-07-01,1590.260009765625,1598.3599853515625,1587.030029296875,1598.199951171875,1598.199951171875,163914800,0.0,0.0
2024-07-02,1598.5799560546875,1602.52001953125,1595.6199951171875,1597.9599609375,1597.9599609375,232831300,0.0,0.0
2024-07-03,1599.5999755859375,1615.3199462890625,1599.5999755859375,1615.3199462890625,1615.3199462890625,207024100,0.0,0.0
2024-07-04,1615.9599609375,1619.75,1614.7099609375,1616.75,1616.75,213023400,0.0,0.0
2024-07-05,1615.760009765625,1616.260009765625,1608.4100341796875,1611.02001953125,1611.02001953125,151108400,0.0,0.0
2024-07-09,1617.1400146484375,1618.02001953125,1613.1500244140625,1614.4200439453125,1614.4200439453125,251992400,0.0,0.0
2024-07-10,1613.7099609375,1620.8299560546875,1613.6500244140625,1618.3800048828125,1618.3800048828125,223438200,0.0,0.0
2024-07-11,1621.1600341796875,1628.3499755859375,1620.02001953125,1623.1199951171875,1623.1199951171875,266203500,0.0,0.0
2024-07-12,1622.72998046875,1622.969970703125,1616.219970703125,1619.06005859375,1619.06005859375,235110500,0.0,0.0
2024-07-15,1619.8599853515625,1632.68994140625,1619.18994140625,1629.8199462890625,1629.8199462890625,224771200,0.0,0.0
2024-07-16,1631.72998046875,1633.969970703125,1624.3900146484375,1625.9599609375,1625.9599609375,234839500,0.0,0.0
2024-07-17,1629.97998046875,1638.030029296875,1629.8900146484375,1633.5400390625,1633.5400390625,205720300,0.0,0.0
2024-07-18,1633.699951171875,1634.239990234375,1627.9300537109375,1633.81005859375,1633.81005859375,247984400,0.0,0.0
2024-07-19,1634.06005859375,1638.2900390625,1632.530029296875,1636.550048828125,1636.550048828125,209483800,0.0,0.0
2024-07-22,1637.1199951171875,1637.1199951171875,1616.739990234375,1622.0699462890625,1622.0699462890625,197940000,0.0,0.0
2024-07-23,1625.22998046875,1632.5,1625.22998046875,1629.6800537109375,1629.6800537109375,208960700,0.0,0.0
2024-07-24,1631.31005859375,1631.31005859375,1619.7099609375,1621.1400146484375,1621.1400146484375,167169600,0.0,0.0
2024-07-25,1617.0799560546875,1618.0,1610.5799560546875,1615.1800537109375,1615.1800537109375,161845600,0.0,0.0
2024-07-26,1613.989990234375,1616.8299560546875,1610.6500244140625,1612.8800048828125,1612.8800048828125,157390600,0.0,0.0
2024-07-29,1617.1600341796875,1625.550048828125,1616.3499755859375,1624.56005859375,1624.56005859375,169030700,0.0,0.0
2024-07-30,1624.780029296875,1629.3699951171875,1611.93994140625,1611.93994140625,1611.93994140625,188249200,0.0,0.0
2024-07-31,1613.3299560546875,1627.93994140625,1611.5999755859375,1625.5699462890625,1625.5699462890625,223534700,0.0,0.0
2024-08-01,1625.8699951171875,1626.3499755859375,1621.43994140625,1624.25,1624.25,176147500,0.0,0.0
2024-08-02,1619.31005859375,1619.31005859375,1607.75,1611.050048828125,1611.050048828125,244657700,0.0,0.0
2024-08-05,1593.3599853515625,1593.3599853515625,1532.239990234375,1536.47998046875,1536.47998046875,560210500,0.0,0.0
2024-08-06,1542.1400146484375,1574.3900146484375,1529.0899658203125,1574.3900146484375,1574.3900146484375,352168600,0.0,0.0
2024-08-07,1576.1199951171875,1596.5999755859375,1563.77001953125,1591.8699951171875,1591.8699951171875,240479600,0.0,0.0
2024-08-08,1585.9599609375,1593.239990234375,1579.68994140625,1590.3800048828125,1590.3800048828125,214625200,0.0,0.0
2024-08-09,1601.1600341796875,1604.06005859375,1591.75,1596.050048828125,1596.050048828125,170811600,0.0,0.0
2024-08-12,1598.530029296875,1609.5699462890625,1598.530029296875,1606.6600341796875,1606.6600341796875,161802300,0.0,0.0
2024-08-13,1605.8399658203125,1609.52001953125,1598.300048828125,1609.52001953125,1609.52001953125,165937700,0.0,0.0
2024-08-14,1611.7900390625,1613.6300048828125,1606.489990234375,1612.3499755859375,1612.3499755859375,168958900,0.0,0.0
2024-08-15,1614.6300048828125,1614.68994140625,1605.68994140625,1612.93994140625,1612.93994140625,168628700,0.0,0.0
2024-08-16,1622.199951171875,1624.7099609375,1617.1800537109375,1623.9000244140625,1623.9000244140625,192800500,0.0,0.0
2024-08-19,1625.1400146484375,1653.3499755859375,1624.5799560546875,1648.699951171875,1648.699951171875,400059100,0.0,0.0
2024-08-20,1649.56005859375,1660.2900390625,1637.449951171875,1642.77001953125,1642.77001953125,435814900,0.0,0.0
2024-08-21,1641.719970703125,1646.3800048828125,1633.6400146484375,1635.3199462890625,1635.3199462890625,229135100,0.0,0.0
2024-08-22,1640.3299560546875,1642.1400146484375,1634.68994140625,1641.6600341796875,1641.6600341796875,258146100,0.0,0.0
2024-08-23,1643.3299560546875,1644.43994140625,1633.31005859375,1635.739990234375,1635.739990234375,157513400,0.0,0.0
2024-08-26,1639.8199462890625,1643.949951171875,1634.719970703125,1638.9599609375,1638.9599609375,191621700,0.0,0.0
2024-08-27,1639.1600341796875,1653.1199951171875,1639.1600341796875,1652.2900390625,1652.2900390625,281615500,0.0,0.0
2024-08-28,1657.77001953125,1681.3699951171875,1657.77001953125,1675.239990234375,1675.239990234375,436809600,0.0,0.0
2024-08-29,1672.949951171875,1684.6800537109375,1651.72998046875,1653.550048828125,1653.550048828125,333067600,0.0,0.0
2024-08-30,1658.47998046875,1679.8499755859375,1651.0999755859375,1678.800048828125,1678.800048828125,713923400,0.0,0.0
2024-09-02,1680.3599853515625,1683.4300537109375,1671.9000244140625,1678.18994140625,1678.18994140625,207989000,0.0,0.0
2024-09-03,1677.8199462890625,1684.06005859375,1673.8599853515625,1676.6500244140625,1676.6500244140625,216652100,0.0,0.0
2024-09-04,1662.6500244140625,1675.530029296875,1662.219970703125,1670.239990234375,1670.239990234375,231641900,0.0,0.0
2024-09-05,1670.550048828125,1677.4599609375,1663.1800537109375,1664.8199462890625,1664.8199462890625,301092500,0.0,0.0
2024-09-06,1669.469970703125,1671.8299560546875,1648.4200439453125,1653.1199951171875,1653.1199951171875,338233700,0.0,0.0
2024-09-09,1647.199951171875,1659.1099853515625,1642.31005859375,1651.489990234375,1651.489990234375,344983500,0.0,0.0
2024-09-10,1653.800048828125,1661.0899658203125,1649.530029296875,1660.3499755859375,1660.3499755859375,343812800,0.0,0.0
2024-09-11,1653.5699462890625,1654.3800048828125,1638.9000244140625,1639.800048828125,1639.800048828125,289597400,0.0,0.0
2024-09-12,1644.0400390625,1649.8699951171875,1637.9100341796875,1638.31005859375,1638.31005859375,260029100,0.0,0.0
2024-09-13,1642.6300048828125,1652.25,1638.43994140625,1652.1500244140625,1652.1500244140625,234704000,0.0,0.0
2024-09-17,1654.31005859375,1664.989990234375,1651.550048828125,1664.280029296875,1664.280029296875,0,0.0,0.0
2024-09-18,1664.3299560546875,1664.780029296875,1654.0,1660.5899658203125,1660.5899658203125,174843900,0.0,0.0
2024-09-19,1663.27001953125,1665.8399658203125,1657.1300048828125,1665.6500244140625,1665.6500244140625,297365300,0.0,0.0
2024-09-20,1670.6800537109375,1674.0400390625,1668.47998046875,1668.8199462890625,1668.8199462890625,512720600,0.0,0.0
2024-09-23,1669.9100341796875,1671.6199951171875,1658.47998046875,1665.300048828125,1665.300048828125,234422400,0.0,0.0
2024-09-24,1667.25,1671.469970703125,1665.510009765625,1670.3699951171875,1670.3699951171875,209130800,0.0,0.0
2024-09-25,1674.06005859375,1675.72998046875,1665.18994140625,1673.3800048828125,1673.3800048828125,239938800,0.0,0.0
2024-09-26,1670.18994140625,1672.5999755859375,1666.18994140625,1671.3199462890625,1671.3199462890625,223455500,0.0,0.0
2024-09-27,1668.5899658203125,1668.5899658203125,1658.489990234375,1660.0899658203125,1660.0899658203125,204790600,0.0,0.0
2024-09-30,1661.8900146484375,1661.8900146484375,1647.280029296875,1648.9100341796875,1648.9100341796875,279911900,0.0,0.0
2024-10-01,1647.4200439453125,1657.3199462890625,1643.1099853515625,1656.3900146484375,1656.3900146484375,175516900,0.0,0.0
2024-10-02,1642.780029296875,1647.300048828125,1633.0799560546875,1639.31005859375,1639.31005859375,209417000,0.0,0.0
2024-10-03,1640.699951171875,1643.8199462890625,1630.449951171875,1641.550048828125,1641.550048828125,196807000,0.0,0.0
2024-10-04,1638.489990234375,1639.2900390625,1625.3499755859375,1629.969970703125,1629.969970703125,207710900,0.0,0.0
2024-10-07,1633.5799560546875,1637.2900390625,1628.1199951171875,1635.2900390625,1635.2900390625,204278000,0.0,0.0
2024-10-08,1631.6300048828125,1638.8699951171875,1629.219970703125,1635.6199951171875,1635.6199951171875,217848800,0.0,0.0
2024-10-09,1637.6600341796875,1642.2900390625,1634.9100341796875,1634.9100341796875,1634.9100341796875,157353300,0.0,0.0
2024-10-10,1639.75,1646.1400146484375,1638.6700439453125,1640.93994140625,1640.93994140625,146543200,0.0,0.0
2024-10-11,1635.7900390625,1643.0699462890625,1631.8900146484375,1633.550048828125,1633.550048828125,301967800,0.0,0.0
2024-10-14,1637.1700439453125,1642.56005859375,1632.3699951171875,1636.5400390625,1636.5400390625,208720300,0.0,0.0
2024-10-15,1638.56005859375,1643.6400146484375,1636.8900146484375,1641.969970703125,1641.969970703125,274146500,0.0,0.0
2024-10-16,1643.800048828125,1643.800048828125,1629.81005859375,1632.6300048828125,1632.6300048828125,272688900,0.0,0.0
2024-10-17,1634.469970703125,1642.9300537109375,1633.719970703125,1641.43994140625,1641.43994140625,178991000,0.0,0.0
2024-10-18,1643.2900390625,1649.31005859375,1641.7099609375,1645.989990234375,1645.989990234375,166904600,0.0,0.0
2024-10-21,1646.7099609375,1648.050048828125,1642.52001953125,1645.6800537109375,1645.6800537109375,130424800,0.0,0.0
2024-10-22,1647.4599609375,1648.31005859375,1642.3499755859375,1642.5400390625,1642.5400390625,166832000,0.0,0.0
2024-10-23,1644.2099609375,1645.9000244140625,1641.530029296875,1641.530029296875,1641.530029296875,157102800,0.0,0.0
2024-10-24,1639.050048828125,1643.0799560546875,1632.22998046875,1632.22998046875,1632.22998046875,183426400,0.0,0.0
2024-10-25,1633.02001953125,1635.280029296875,1617.5999755859375,1618.300048828125,1618.300048828125,187850900,0.0,0.0
2024-10-28,1622.3399658203125,1630.3900146484375,1609.8699951171875,1610.469970703125,1610.469970703125,165445500,0.0,0.0
2024-10-29,1612.3699951171875,1619.050048828125,1609.699951171875,1615.0799560546875,1615.0799560546875,191664000,0.0,0.0
2024-10-30,1614.9000244140625,1615.3599853515625,1601.449951171875,1601.8800048828125,1601.8800048828125,258086300,0.0,0.0
2024-11-01,1591.06005859375,1607.0400390625,1589.27001953125,1603.97998046875,1603.97998046875,200505300,0.0,0.0
2024-11-04,1607.75,1616.4300537109375,1607.75,1616.4300537109375,1616.4300537109375,149138400,0.0,0.0
2024-11-05,1618.199951171875,1620.699951171875,1613.9100341796875,1620.699951171875,1620.699951171875,165303900,0.0,0.0
2024-11-06,1624.4100341796875,1634.1700439453125,1623.52001953125,1634.1700439453125,1634.1700439453125,186223800,0.0,0.0
2024-11-07,1636.1400146484375,1639.550048828125,1622.75,1623.280029296875,1623.280029296875,248637300,0.0,0.0
2024-11-08,1627.6199951171875,1627.6199951171875,1621.239990234375,1621.239990234375,1621.239990234375,124916600,0.0,0.0
2024-11-11,1625.6300048828125,1627.22998046875,1609.239990234375,1609.260009765625,1609.260009765625,139228000,0.0,0.0
2024-11-12,1610.02001953125,1615.9599609375,1605.4300537109375,1608.4300537109375,1608.4300537109375,188480100,0.0,0.0
2024-11-13,1608.6099853515625,1611.5400390625,1602.7099609375,1611.5,1611.5,137174800,0.0,0.0
2024-11-14,1614.8900146484375,1615.8399658203125,1598.6400146484375,1600.6800537109375,1600.6800537109375,196289600,0.0,0.0
2024-11-15,1601.4300537109375,1604.510009765625,1592.43994140625,1592.43994140625,1592.43994140625,256533800,0.0,0.0
2024-11-18,1592.9100341796875,1605.4100341796875,1591.489990234375,1604.0400390625,1604.0400390625,173933200,0.0,0.0
2024-11-19,1603.1800537109375,1608.8800048828125,1601.02001953125,1602.3399658203125,1602.3399658203125,161534500,0.0,0.0
2024-11-20,1602.8800048828125,1606.280029296875,1594.510009765625,1598.1800537109375,1598.1800537109375,185770600,0.0,0.0
2024-11-21,1599.81005859375,1599.93994140625,1588.6800537109375,1588.6800537109375,1588.6800537109375,204393700,0.0,0.0
2024-11-22,1593.0400390625,1593.8499755859375,1587.739990234375,1589.780029296875,1589.780029296875,204266200,0.0,0.0
2024-11-25,1593.8699951171875,1609.2900390625,1588.4599609375,1597.449951171875,1597.449951171875,637394100,0.0,0.0
2024-11-26,1600.5,1607.760009765625,1596.030029296875,1603.1500244140625,1603.1500244140625,176537000,0.0,0.0
2024-11-27,1601.3399658203125,1609.4100341796875,1600.8299560546875,1604.25,1604.25,244744300,0.0,0.0
2024-11-28,1606.3199462890625,1608.010009765625,1597.489990234375,1597.489990234375,1597.489990234375,186825600,0.0,0.0
2024-11-29,1596.3599853515625,1603.5899658203125,1586.3900146484375,1594.2900390625,1594.2900390625,264216600,0.0,0.0
2024-12-02,1596.8399658203125,1603.93994140625,1593.3699951171875,1595.47998046875,1595.47998046875,169145800,0.0,0.0
2024-12-03,1599.3199462890625,1606.9599609375,1594.0699462890625,1606.9599609375,1606.9599609375,275533700,0.0,0.0
2024-12-04,1606.969970703125,1616.030029296875,1606.530029296875,1614.0899658203125,1614.0899658203125,231303800,0.0,0.0
2024-12-05,1616.1400146484375,1617.780029296875,1610.77001953125,1615.6400146484375,1615.6400146484375,190971200,0.0,0.0
2024-12-06,1615.8499755859375,1617.5699462890625,1611.25,1613.25,1613.25,219299100,0.0,0.0
2024-12-09,1610.6199951171875,1611.4300537109375,1602.93994140625,1611.4300537109375,1611.4300537109375,151300500,0.0,0.0
2024-12-10,1612.6500244140625,1615.9300537109375,1607.8800048828125,1608.969970703125,1608.969970703125,182557200,0.0,0.0
2024-12-11,1603.18994140625,1605.010009765625,1598.9300537109375,1603.199951171875,1603.199951171875,178589300,0.0,0.0
2024-12-12,1601.8299560546875,1605.949951171875,1597.1199951171875,1602.0799560546875,1602.0799560546875,160848300,0.0,0.0
2024-12-13,1603.8599853515625,1611.97998046875,1603.739990234375,1608.75,1608.75,145118100,0.0,0.0
2024-12-16,1608.8800048828125,1609.4300537109375,1603.2099609375,1606.8499755859375,1606.8499755859375,142536000,0.0,0.0
2024-12-17,1605.260009765625,1606.81005859375,1594.510009765625,1597.3299560546875,1597.3299560546875,179740700,0.0,0.0
2024-12-18,1597.3299560546875,1602.3800048828125,1594.75,1599.5799560546875,1599.5799560546875,145107900,0.0,0.0
2024-12-19,1595.1800537109375,1600.72998046875,1590.8299560546875,1600.0899658203125,1600.0899658203125,310879600,0.0,0.0
2024-12-20,1600.4100341796875,1606.280029296875,1591.4100341796875,1591.4100341796875,1591.4100341796875,419509500,0.0,0.0
2024-12-23,1594.0999755859375,1601.9000244140625,1592.5699462890625,1596.199951171875,1596.199951171875,164811900,0.0,0.0
2024-12-24,1596.6400146484375,1603.8900146484375,1596.6400146484375,1602.989990234375,1602.989990234375,95048400,0.0,0.0
2024-12-26,1603.5799560546875,1615.280029296875,1602.7900390625,1613.699951171875,1613.699951171875,120934600,0.0,0.0
2024-12-27,1617.56005859375,1632.6300048828125,1616.68994140625,1628.1400146484375,1628.1400146484375,130614200,0.0,0.0
2024-12-30,1626.1400146484375,1638.56005859375,1624.9200439453125,1637.6800537109375,1637.6800537109375,134711300,0.0,0.0
2024-12-31,1638.4300537109375,1644.5400390625,1632.8499755859375,1642.3299560546875,1642.3299560546875,161319700,0.0,0.0
2025-01-02,1641.3199462890625,1641.3199462890625,1629.22998046875,1632.8699951171875,1632.8699951171875,105628200,0.0,0.0
2025-01-03,1634.93994140625,1636.0799560546875,1626.0400390625,1629.4599609375,1629.4599609375,165072500,0.0,0.0
2025-01-06,1629.739990234375,1631.7099609375,1623.6400146484375,1625.469970703125,1625.469970703125,152866300,0.0,0.0
2025-01-07,1624.5,1634.27001953125,1624.5,1629.7900390625,1629.7900390625,264411300,0.0,0.0
2025-01-08,1628.9200439453125,1631.1500244140625,1614.8299560546875,1614.8299560546875,1614.8299560546875,235170400,0.0,0.0
2025-01-09,1618.1700439453125,1618.1700439453125,1600.75,1600.81005859375,1600.81005859375,237734300,0.0,0.0
2025-01-10,1603.5400390625,1605.739990234375,1599.7099609375,1602.4100341796875,1602.4100341796875,183779800,0.0,0.0
2025-01-13,1598.9599609375,1599.3599853515625,1578.969970703125,1585.5899658203125,1585.5899658203125,225808500,0.0,0.0
2025-01-14,1592.969970703125,1599.4300537109375,1576.4599609375,1576.4599609375,1576.4599609375,258188800,0.0,0.0
2025-01-15,1582.3299560546875,1586.2099609375,1558.5999755859375,1562.1199951171875,1562.1199951171875,291412300,0.0,0.0
2025-01-16,1572.6099853515625,1576.5699462890625,1555.5400390625,1555.5400390625,1555.5400390625,262005600,0.0,0.0
2025-01-17,1553.4300537109375,1569.4300537109375,1545.6700439453125,1566.719970703125,1566.719970703125,319234200,0.0,0.0
2025-01-20,1571.1400146484375,1575.1099853515625,1563.47998046875,1572.3399658203125,1572.3399658203125,206696900,0.0,0.0
2025-01-21,1574.9100341796875,1582.3199462890625,1570.969970703125,1580.4599609375,1580.4599609375,207221800,0.0,0.0
2025-01-22,1583.219970703125,1590.81005859375,1581.4000244140625,1587.800048828125,1587.800048828125,175761600,0.0,0.0
2025-01-23,1586.52001953125,1586.52001953125,1575.6700439453125,1577.199951171875,1577.199951171875,174593300,0.0,0.0
2025-01-24,1577.5,1577.5,1566.8399658203125,1573.72998046875,1573.72998046875,364513300,0.0,0.0
2025-01-27,1573.31005859375,1573.31005859375,1558.969970703125,1558.969970703125,1558.969970703125,249788000,0.0,0.0
2025-01-28,1557.43994140625,1557.43994140625,1544.8699951171875,1552.68994140625,1552.68994140625,252246900,0.0,0.0
2025-01-31,1553.780029296875,1563.030029296875,1545.8399658203125,1556.9200439453125,1556.9200439453125,244494100,0.0,0.0
2025-02-03,1547.56005859375,1556.739990234375,1546.6800537109375,1553.6300048828125,1553.6300048828125,143945600,0.0,0.0
2025-02-04,1557.030029296875,1564.969970703125,1554.5899658203125,1564.56005859375,1564.56005859375,172653100,0.0,0.0
2025-02-05,1565.6300048828125,1576.449951171875,1564.4300537109375,1574.510009765625,1574.510009765625,215008500,0.0,0.0
2025-02-06,1576.4300537109375,1585.1700439453125,1573.9000244140625,1585.1700439453125,1585.1700439453125,150941600,0.0,0.0
2025-02-07,1583.6199951171875,1591.489990234375,1582.9200439453125,1590.9100341796875,1590.9100341796875,181303100,0.0,0.0
2025-02-10,1587.6500244140625,1590.489990234375,1584.199951171875,1589.949951171875,1589.949951171875,152037700,0.0,0.0
2025-02-12,1592.3199462890625,1603.050048828125,1592.3199462890625,1603.050048828125,1603.050048828125,231113400,0.0,0.0
2025-02-13,1601.97998046875,1605.47998046875,1592.199951171875,1592.280029296875,1592.280029296875,162305100,0.0,0.0
2025-02-14,1592.9100341796875,1595.010009765625,1587.5799560546875,1591.5999755859375,1591.5999755859375,155369300,0.0,0.0
2025-02-17,1592.47998046875,1592.47998046875,1580.93994140625,1582.760009765625,1582.760009765625,133784600,0.0,0.0
2025-02-18,1580.219970703125,1584.8399658203125,1575.6800537109375,1584.8399658203125,1584.8399658203125,164129600,0.0,0.0
2025-02-19,1583.219970703125,1583.75,1578.8900146484375,1580.8800048828125,1580.8800048828125,162777600,0.0,0.0
2025-02-20,1580.6199951171875,1581.489990234375,1572.510009765625,1577.6700439453125,1577.6700439453125,185999400,0.0,0.0
2025-02-21,1579.9200439453125,1591.030029296875,1578.1400146484375,1591.030029296875,1591.030029296875,228060300,0.0,0.0
2025-02-24,1586.3900146484375,1586.3900146484375,1577.949951171875,1584.25,1584.25,181639400,0.0,0.0
2025-02-25,1582.72998046875,1583.739990234375,1564.3199462890625,1568.030029296875,1568.030029296875,207845600,0.0,0.0
2025-02-26,1566.27001953125,1588.7099609375,1565.4599609375,1588.7099609375,1588.7099609375,187285900,0.0,0.0
2025-02-27,1587.989990234375,1588.2900390625,1583.449951171875,1586.5999755859375,1586.5999755859375,199594400,0.0,0.0
2025-02-28,1581.969970703125,1581.969970703125,1573.8199462890625,1574.699951171875,1574.699951171875,587048700,0.0,0.0
2025-03-03,1572.27001953125,1580.800048828125,1568.5899658203125,1571.3900146484375,1571.3900146484375,170194100,0.0,0.0
2025-03-04,1561.699951171875,1564.260009765625,1555.0400390625,1555.6600341796875,1555.6600341796875,219136200,0.0,0.0
2025-03-05,1560.56005859375,1569.6099853515625,1560.56005859375,1564.4200439453125,1564.4200439453125,241461300,0.0,0.0
2025-03-06,1568.949951171875,1569.4300537109375,1554.8499755859375,1558.9100341796875,1558.9100341796875,221145000,0.0,0.0
2025-03-07,1555.75,1556.4599609375,1543.2099609375,1547.27001953125,1547.27001953125,202245800,0.0,0.0
2025-03-10,1545.5799560546875,1550.0,1536.4599609375,1536.4599609375,1536.4599609375,190074000,0.0,0.0
2025-03-11,1526.010009765625,1527.18994140625,1514.47998046875,1520.1500244140625,1520.1500244140625,275241700,0.0,0.0
2025-03-12,1504.7099609375,1505.3299560546875,1478.8399658203125,1484.8299560546875,1484.8299560546875,411940800,0.0,0.0
2025-03-13,1488.7900390625,1513.969970703125,1487.0,1510.030029296875,1510.030029296875,298233900,0.0,0.0
2025-03-14,1499.949951171875,1516.25,1493.2900390625,1512.1500244140625,1512.1500244140625,244594300,0.0,0.0
2025-03-17,1517.5799560546875,1531.6300048828125,1517.5799560546875,1527.81005859375,1527.81005859375,228162100,0.0,0.0
2025-03-19,1513.2900390625,1523.3900146484375,1512.2099609375,1517.6600341796875,1517.6600341796875,293983100,0.0,0.0
2025-03-20,1522.4000244140625,1524.22998046875,1504.1400146484375,1504.1600341796875,1504.1600341796875,260956200,0.0,0.0
2025-03-21,1503.8699951171875,1513.22998046875,1503.7099609375,1505.449951171875,1505.449951171875,463348500,0.0,0.0
2025-03-24,1506.5,1508.9000244140625,1502.97998046875,1503.8199462890625,1503.8199462890625,143484800,0.0,0.0
2025-03-25,1510.0699462890625,1515.8699951171875,1509.4000244140625,1513.5999755859375,1513.5999755859375,234960900,0.0,0.0
2025-03-26,1516.6099853515625,1525.72998046875,1514.6500244140625,1518.050048828125,1518.050048828125,227859000,0.0,0.0
2025-03-27,1513.0799560546875,1535.72998046875,1512.81005859375,1535.72998046875,1535.72998046875,251004300,0.0,0.0
2025-03-28,1531.5699462890625,1533.52001953125,1513.6500244140625,1513.6500244140625,1513.6500244140625,214329300,0.0,0.0
2025-04-02,1517.1400146484375,1526.52001953125,1514.0799560546875,1526.52001953125,1526.52001953125,192846200,0.0,0.0
2025-04-03,1517.300048828125,1524.4100341796875,1512.3199462890625,1518.9100341796875,1518.9100341796875,135519700,0.0,0.0
2025-04-04,1509.010009765625,1515.739990234375,1500.9000244140625,1504.1400146484375,1504.1400146484375,167969200,0.0,0.0
2025-04-07,1475.31005859375,1475.31005859375,1419.050048828125,1443.800048828125,1443.800048828125,433196400,0.0,0.0
2025-04-08,1451.4300537109375,1454.5799560546875,1440.8900146484375,1443.56005859375,1443.56005859375,270115200,0.0,0.0
2025-04-09,1437.010009765625,1438.989990234375,1386.6300048828125,1400.5899658203125,1400.5899658203125,388230000,0.0,0.0
2025-04-10,1464.300048828125,1473.3599853515625,1453.1300048828125,1463.1300048828125,1463.1300048828125,329775100,0.0,0.0
2025-04-11,1441.6600341796875,1462.1500244140625,1434.9200439453125,1454.760009765625,1454.760009765625,222545200,0.0,0.0
2025-04-14,1474.050048828125,1480.8599853515625,1472.1400146484375,1480.8599853515625,1480.8599853515625,170780900,0.0,0.0
2025-04-15,1484.010009765625,1489.9000244140625,1480.02001953125,1486.4300537109375,1486.4300537109375,160107300,0.0,0.0
2025-04-16,1486.449951171875,1487.5,1472.8399658203125,1476.9200439453125,1476.9200439453125,127491300,0.0,0.0
2025-04-17,1475.1700439453125,1487.27001953125,1473.2099609375,1483.27001953125,1483.27001953125,147707100,0.0,0.0
2025-04-18,1481.6400146484375,1499.4000244140625,1480.52001953125,1499.4000244140625,1499.4000244140625,92423500,0.0,0.0
2025-04-21,1502.0799560546875,1502.0799560546875,1494.27001953125,1499.469970703125,1499.469970703125,90688500,0.0,0.0
2025-04-22,1492.43994140625,1492.43994140625,1482.699951171875,1486.25,1486.25,146820900,0.0,0.0
2025-04-23,1497.3599853515625,1501.18994140625,1493.260009765625,1501.18994140625,1501.18994140625,185262000,0.0,0.0
2025-04-24,1500.550048828125,1507.449951171875,1500.4000244140625,1506.52001953125,1506.52001953125,177143300,0.0,0.0
2025-04-25,1511.6400146484375,1512.2900390625,1505.6800537109375,1509.199951171875,1509.199951171875,144754400,0.0,0.0
2025-04-28,1511.8299560546875,1521.5899658203125,1511.47998046875,1521.5899658203125,1521.5899658203125,115127200,0.0,0.0
2025-04-29,1520.97998046875,1524.5,1515.56005859375,1515.56005859375,1515.56005859375,124750500,0.0,0.0
2025-04-30,1518.0699462890625,1540.219970703125,1518.0699462890625,1540.219970703125,1540.219970703125,193655400,0.0,0.0
2025-05-02,1537.4200439453125,1542.489990234375,1532.22998046875,1542.489990234375,1542.489990234375,197063700,0.0,0.0
2025-05-05,1541.780029296875,1548.949951171875,1534.52001953125,1539.5400390625,1539.5400390625,165133400,0.0,0.0
2025-05-06,1540.6400146484375,1544.97998046875,1533.1500244140625,1536.800048828125,1536.800048828125,156487400,0.0,0.0
2025-05-07,1536.56005859375,1549.9000244140625,1536.56005859375,1549.9000244140625,1549.9000244140625,227016800,0.0,0.0
2025-05-08,1550.2099609375,1551.5899658203125,1541.449951171875,1542.739990234375,1542.739990234375,224050100,0.0,0.0
2025-05-09,1544.989990234375,1547.739990234375,1542.739990234375,1546.5,1546.5,135391100,0.0,0.0
2025-05-13,1561.3900146484375,1582.550048828125,1561.3900146484375,1582.3900146484375,1582.3900146484375,386090800,0.0,0.0
2025-05-14,1583.22998046875,1583.6700439453125,1573.43994140625,1583.510009765625,1583.510009765625,230706300,0.0,0.0
2025-05-15,1582.75,1586.8499755859375,1572.27001953125,1573.02001953125,1573.02001953125,182969300,0.0,0.0
2025-05-16,1575.5999755859375,1580.06005859375,1568.699951171875,1571.75,1571.75,176460500,0.0,0.0
2025-05-19,1566.5699462890625,1566.5699462890625,1550.9300537109375,1556.1400146484375,1556.1400146484375,183818900,0.0,0.0
2025-05-20,1556.9200439453125,1561.0999755859375,1545.77001953125,1548.8699951171875,1548.8699951171875,191012100,0.0,0.0
2025-05-21,1552.93994140625,1553.8399658203125,1542.469970703125,1544.800048828125,1544.800048828125,197463300,0.0,0.0
2025-05-22,1541.4599609375,1541.4599609375,1527.02001953125,1527.02001953125,1527.02001953125,202422700,0.0,0.0
2025-05-23,1531.9300537109375,1536.75,1531.760009765625,1535.3800048828125,1535.3800048828125,199840200,0.0,0.0
2025-05-26,1536.3299560546875,1537.27001953125,1528.9300537109375,1534.300048828125,1534.300048828125,121986000,0.0,0.0
2025-05-27,1535.239990234375,1535.4100341796875,1521.9300537109375,1526.1600341796875,1526.1600341796875,186428700,0.0,0.0
2025-05-28,1530.1400146484375,1532.800048828125,1523.47998046875,1523.47998046875,1523.47998046875,194154500,0.0,0.0
2025-05-29,1525.5999755859375,1526.93994140625,1518.3800048828125,1518.97998046875,1518.97998046875,174288200,0.0,0.0
2025-05-30,1521.219970703125,1522.06005859375,1508.3499755859375,1508.3499755859375,1508.3499755859375,518591100,0.0,0.0
2025-06-03,1512.719970703125,1514.1199951171875,1497.4200439453125,1503.25,1503.25,185951100,0.0,0.0
2025-06-04,1507.0999755859375,1507.969970703125,1501.1099853515625,1507.969970703125,1507.969970703125,216742500,0.0,0.0
2025-06-05,1510.699951171875,1520.3399658203125,1509.25,1518.1199951171875,1518.1199951171875,253379700,0.0,0.0
2025-06-06,1516.9100341796875,1518.7099609375,1513.3900146484375,1516.7900390625,1516.7900390625,152100800,0.0,0.0
2025-06-09,1518.06005859375,1521.6400146484375,1518.030029296875,1519.4100341796875,1519.4100341796875,144419200,0.0,0.0
2025-06-10,1519.7099609375,1522.4300537109375,1516.22998046875,1516.949951171875,1516.949951171875,173082800,0.0,0.0
2025-06-11,1520.8599853515625,1530.8499755859375,1520.8599853515625,1523.8399658203125,1523.8399658203125,275860200,0.0,0.0
2025-06-12,1527.7099609375,1528.719970703125,1523.219970703125,1526.6199951171875,1526.6199951171875,189752800,0.0,0.0
2025-06-13,1522.469970703125,1522.699951171875,1515.0999755859375,1518.1099853515625,1518.1099853515625,160097400,0.0,0.0
2025-06-16,1517.8699951171875,1521.3800048828125,1512.260009765625,1519.989990234375,1519.989990234375,166021000,0.0,0.0
2025-06-17,1518.8199462890625,1520.8900146484375,1510.9200439453125,1511.6400146484375,1511.6400146484375,147877300,0.0,0.0
2025-06-18,1511.8900146484375,1512.9599609375,1509.4200439453125,1511.949951171875,1511.949951171875,153701600,0.0,0.0
2025-06-19,1512.93994140625,1512.93994140625,1501.3800048828125,1501.43994140625,1501.43994140625,123664800,0.0,0.0
2025-06-20,1500.93994140625,1507.969970703125,1500.0400390625,1502.739990234375,1502.739990234375,404511300,0.0,0.0
2025-06-23,1493.18994140625,1516.6099853515625,1488.8900146484375,1516.6099853515625,1516.6099853515625,152617200,0.0,0.0
2025-06-24,1514.25,1519.06005859375,1511.0899658203125,1514.2900390625,1514.2900390625,166304200,0.0,0.0
2025-06-25,1518.6700439453125,1524.7099609375,1515.8599853515625,1519.7900390625,1519.7900390625,180417200,0.0,0.0
2025-06-26,1520.239990234375,1528.1600341796875,1520.239990234375,1528.1600341796875,1528.1600341796875,214545600,0.0,0.0
2025-06-30,1533.4100341796875,1538.0999755859375,1526.300048828125,1532.9599609375,1532.9599609375,275196200,0.0,0.0
2025-07-01,1533.989990234375,1541.530029296875,1532.2900390625,1541.530029296875,1541.530029296875,210974600,0.0,0.0
2025-07-02,1539.72998046875,1550.2099609375,1539.1800537109375,1550.2099609375,1550.2099609375,227442000,0.0,0.0
2025-07-03,1546.1400146484375,1548.989990234375,1540.3499755859375,1548.989990234375,1548.989990234375,246417400,0.0,0.0
2025-07-04,1550.739990234375,1551.780029296875,1547.699951171875,1550.18994140625,1550.18994140625,213981000,0.0,0.0
2025-07-07,1544.739990234375,1544.739990234375,1534.6700439453125,1537.5400390625,1537.5400390625,239519500,0.0,0.0
2025-07-08,1529.68994140625,1531.1400146484375,1526.27001953125,1530.1400146484375,1530.1400146484375,175341200,0.0,0.0
2025-07-09,1529.0,1532.6199951171875,1523.2099609375,1529.239990234375,1529.239990234375,164963400,0.0,0.0
2025-07-10,1531.4300537109375,1536.52001953125,1523.25,1536.52001953125,1536.52001953125,204036900,0.0,0.0
2025-07-11,1537.8800048828125,1541.93994140625,1530.77001953125,1536.0699462890625,1536.0699462890625,195392700,0.0,0.0
2025-07-14,1535.56005859375,1538.3299560546875,1533.9300537109375,1537.510009765625,1537.510009765625,115095900,0.0,0.0
2025-07-15,1536.06005859375,1538.56005859375,1525.4000244140625,1525.4000244140625,1525.4000244140625,165557600,0.0,0.0
2025-07-16,1523.77001953125,1526.2900390625,1510.1400146484375,1511.5,1511.5,178459700,0.0,0.0
2025-07-17,1511.8900146484375,1521.1500244140625,1511.6400146484375,1520.93994140625,1520.93994140625,197536400,0.0,0.0
2025-07-18,1522.969970703125,1529.52001953125,1522.969970703125,1525.8599853515625,1525.8599853515625,231202000,0.0,0.0
2025-07-21,1526.4599609375,1526.699951171875,1520.02001953125,1524.5899658203125,1524.5899658203125,160470400,0.0,0.0
2025-07-22,1526.2900390625,1527.9000244140625,1518.75,1519.4000244140625,1519.4000244140625,123201100,0.0,0.0
2025-07-23,1519.47998046875,1529.7900390625,1519.47998046875,1529.7900390625,1529.7900390625,163155000,0.0,0.0
2025-07-24,1531.050048828125,1540.3199462890625,1529.7099609375,1540.3199462890625,1540.3199462890625,171355500,0.0,0.0
2025-07-25,1538.6600341796875,1539.8199462890625,1525.97998046875,1533.760009765625,1533.760009765625,156077500,0.0,0.0
2025-07-28,1538.050048828125,1539.3800048828125,1528.3399658203125,1529.3800048828125,1529.3800048828125,180890200,0.0,0.0
2025-07-29,1529.5799560546875,1537.6199951171875,1523.8199462890625,1523.8199462890625,1523.8199462890625,177935200,0.0,0.0
2025-07-30,1524.0999755859375,1524.5,1516.9599609375,1524.5,1524.5,164771700,0.0,0.0
2025-07-31,1523.989990234375,1524.050048828125,1513.25,1513.25,1513.25,275598100,0.0,0.0
2025-08-01,1519.8699951171875,1534.47998046875,1519.1700439453125,1533.3499755859375,1533.3499755859375,146055100,0.0,0.0
2025-08-04,1530.280029296875,1530.280029296875,1522.9599609375,1526.97998046875,1526.97998046875,127162100,0.0,0.0
2025-08-05,1528.6300048828125,1538.6400146484375,1528.6300048828125,1538.6400146484375,1538.6400146484375,239523700,0.0,0.0
2025-08-06,1537.9200439453125,1542.8900146484375,1533.06005859375,1541.47998046875,1541.47998046875,186087600,0.0,0.0
2025-08-07,1540.5,1549.1099853515625,1537.739990234375,1549.1099853515625,1549.1099853515625,177650300,0.0,0.0
2025-08-08,1549.0,1556.97998046875,1546.4100341796875,1556.97998046875,1556.97998046875,215176600,0.0,0.0
2025-08-11,1557.739990234375,1565.43994140625,1554.949951171875,1563.239990234375,1563.239990234375,186306900,0.0,0.0
2025-08-12,1561.8299560546875,1572.969970703125,1561.8299560546875,1567.9000244140625,1567.9000244140625,168959000,0.0,0.0
2025-08-13,1569.0699462890625,1590.6099853515625,1569.0699462890625,1586.5999755859375,1586.5999755859375,308045100,0.0,0.0
2025-08-14,1586.9100341796875,1595.31005859375,1575.7900390625,1581.050048828125,1581.050048828125,279484200,0.0,0.0
2025-08-15,1581.75,1581.7900390625,1571.18994140625,1576.3399658203125,1576.3399658203125,180941100,0.0,0.0
2025-08-18,1578.260009765625,1588.6099853515625,1575.47998046875,1584.9599609375,1584.9599609375,291643200,0.0,0.0
2025-08-19,1587.4300537109375,1594.4000244140625,1584.6199951171875,1590.239990234375,1590.239990234375,255717800,0.0,0.0
2025-08-20,1588.030029296875,1591.0400390625,1583.4000244140625,1588.2099609375,1588.2099609375,273827300,0.0,0.0
2025-08-21,1591.9200439453125,1596.02001953125,1589.8800048828125,1592.8699951171875,1592.8699951171875,305189800,0.0,0.0
2025-08-22,1593.800048828125,1603.18994140625,1593.4200439453125,1597.469970703125,1597.469970703125,244636700,0.0,0.0
2025-08-25,1602.8199462890625,1609.6500244140625,1599.5899658203125,1602.449951171875,1602.449951171875,298785900,0.0,0.0
2025-08-26,1602.9000244140625,1604.52001953125,1581.5899658203125,1581.5899658203125,1581.5899658203125,922433700,0.0,0.0
2025-08-27,1581.77001953125,1587.9100341796875,1576.75,1587.9100341796875,1587.9100341796875,292236900,0.0,0.0
2025-08-28,1589.260009765625,1596.1600341796875,1587.0699462890625,1587.0699462890625,1587.0699462890625,307603100,0.0,0.0
2025-08-29,1586.8299560546875,1587.300048828125,1572.239990234375,1575.1199951171875,1575.1199951171875,323883300,0.0,0.0
2025-09-02,1576.8599853515625,1576.9100341796875,1561.3599853515625,1576.699951171875,1576.699951171875,261521800,0.0,0.0
2025-09-03,1575.22998046875,1582.3399658203125,1573.949951171875,1578.52001953125,1578.52001953125,270878800,0.0,0.0
2025-09-04,1579.9200439453125,1581.8900146484375,1575.989990234375,1578.1500244140625,1578.1500244140625,219533800,0.0,0.0
2025-09-08,1581.219970703125,1587.1600341796875,1579.5699462890625,1585.5899658203125,1585.5899658203125,168392900,0.0,0.0
2025-09-09,1586.97998046875,1587.530029296875,1581.8900146484375,1586.81005859375,1586.81005859375,242971400,0.0,0.0
2025-09-10,1588.0400390625,1590.800048828125,1585.2099609375,1590.75,1590.75,202912700,0.0,0.0
2025-09-11,1582.8299560546875,1583.8199462890625,1580.1600341796875,1582.8499755859375,1582.8499755859375,205392000,0.0,0.0
2025-09-12,1588.0400390625,1600.1300048828125,1585.06005859375,1600.1300048828125,1600.1300048828125,156386900,0.0,0.0
2025-09-17,1602.219970703125,1611.699951171875,1599.6099853515625,1611.699951171875,1611.699951171875,271473600,0.0,0.0
2025-09-18,1606.8599853515625,1606.8599853515625,1597.4100341796875,1598.9300537109375,1598.9300537109375,197844300,0.0,0.0
2025-09-19,1598.989990234375,1600.4000244140625,1595.6800537109375,1598.22998046875,1598.22998046875,315299300,0.0,0.0
2025-09-22,1599.780029296875,1604.31005859375,1596.4599609375,1603.3399658203125,1603.3399658203125,164779800,0.0,0.0
2025-09-23,1604.9000244140625,1608.489990234375,1602.030029296875,1603.550048828125,1603.550048828125,163967500,0.0,0.0
2025-09-24,1602.81005859375,1602.81005859375,1597.800048828125,1599.6600341796875,1599.6600341796875,236874400,0.0,0.0
2025-09-25,1599.5699462890625,1600.8900146484375,1595.0400390625,1598.469970703125,1598.469970703125,210716300,0.0,0.0
2025-09-26,1597.010009765625,1611.3199462890625,1595.3199462890625,1609.050048828125,1609.050048828125,231477100,0.0,0.0
2025-09-29,1609.75,1613.530029296875,1606.760009765625,1610.949951171875,1610.949951171875,184578100,0.0,0.0
2025-09-30,1611.8199462890625,1619.1099853515625,1608.68994140625,1611.8800048828125,1611.8800048828125,299730100,0.0,0.0
2025-10-01,1612.6199951171875,1624.0400390625,1612.6199951171875,1620.8699951171875,1620.8699951171875,175175200,0.0,0.0
2025-10-02,1621.6800537109375,1640.1700439453125,1621.6800537109375,1637.800048828125,1637.800048828125,269241100,0.0,0.0
2025-10-03,1658.72998046875,1658.72998046875,1631.4300537109375,1635.06005859375,1635.06005859375,163922700,0.0,0.0
2025-10-06,1636.1400146484375,1638.0899658203125,1629.9300537109375,1638.0899658203125,1638.0899658203125,180593900,0.0,0.0
2025-10-07,1636.06005859375,1636.5,1624.3499755859375,1630.030029296875,1630.030029296875,203738200,0.0,0.0
2025-10-08,1628.1500244140625,1628.1500244140625,1621.1700439453125,1627.5,1627.5,190616300,0.0,0.0
2025-10-09,1628.8699951171875,1632.530029296875,1626.6700439453125,1629.6700439453125,1629.6700439453125,254565400,0.0,0.0
2025-10-10,1628.1600341796875,1628.2099609375,1621.739990234375,1622.25,1622.25,208692800,0.0,0.0
2025-10-13,1601.75,1618.1300048828125,1601.75,1615.18994140625,1615.18994140625,182977700,0.0,0.0
2025-10-14,1617.2900390625,1622.75,1610.050048828125,1611.4599609375,1611.4599609375,230412700,0.0,0.0
2025-10-15,1615.0699462890625,1619.5799560546875,1611.1199951171875,1611.550048828125,1611.550048828125,251767500,0.0,0.0
2025-10-16,1611.3900146484375,1617.280029296875,1611.280029296875,1612.2900390625,1612.2900390625,149365700,0.0,0.0
2025-10-17,1613.68994140625,1616.3599853515625,1604.719970703125,1607.1800537109375,1607.1800537109375,185412200,0.0,0.0
2025-10-21,1611.780029296875,1617.1500244140625,1609.02001953125,1616.8299560546875,1616.8299560546875,183064200,0.0,0.0
2025-10-22,1617.56005859375,1617.56005859375,1602.06005859375,1602.68994140625,1602.68994140625,146927500,0.0,0.0
2025-10-23,1601.260009765625,1608.0,1601.260009765625,1608.0,1608.0,190152300,0.0,0.0
2025-10-24,1607.030029296875,1615.300048828125,1607.030029296875,1613.27001953125,1613.27001953125,172155600,0.0,0.0
2025-10-27,1620.1099853515625,1623.22998046875,1617.449951171875,1618.3800048828125,1618.3800048828125,192924600,0.0,0.0
2025-10-28,1620.22998046875,1620.22998046875,1610.1800537109375,1613.56005859375,1613.56005859375,218172100,0.0,0.0
2025-10-29,1614.5699462890625,1617.02001953125,1606.43994140625,1611.5400390625,1611.5400390625,131280300,0.0,0.0
2025-10-30,1614.1600341796875,1615.1800537109375,1611.6199951171875,1614.199951171875,1614.199951171875,193579600,0.0,0.0
2025-10-31,1609.8900146484375,1615.0999755859375,1607.6600341796875,1609.1500244140625,1609.1500244140625,180138900,0.0,0.0
2025-11-03,1610.7900390625,1622.4200439453125,1608.8499755859375,1622.4200439453125,1622.4200439453125,81104400,0.0,0.0
2025-11-04,1621.219970703125,1630.9100341796875,1621.219970703125,1623.5,1623.5,167092600,0.0,0.0
2025-11-05,1622.239990234375,1623.1600341796875,1614.300048828125,1621.550048828125,1621.550048828125,166965600,0.0,0.0
2025-11-06,1621.489990234375,1624.2900390625,1618.93994140625,1618.93994140625,1618.93994140625,177591400,0.0,0.0
2025-11-07,1617.6300048828125,1621.18994140625,1616.5,1619.1300048828125,1619.1300048828125,176091000,0.0,0.0
2025-11-10,1621.530029296875,1633.52001953125,1620.489990234375,1627.3800048828125,1627.3800048828125,156713600,0.0,0.0
2025-11-11,1631.52001953125,1642.9000244140625,1630.77001953125,1634.8299560546875,1634.8299560546875,248402700,0.0,0.0
2025-11-12,1636.739990234375,1641.27001953125,1630.1199951171875,1631.6099853515625,1631.6099853515625,251510200,0.0,0.0
2025-11-13,1633.7900390625,1635.27001953125,1631.1500244140625,1632.27001953125,1632.27001953125,209492900,0.0,0.0
2025-11-14,1630.81005859375,1630.9599609375,1623.81005859375,1625.6700439453125,1625.6700439453125,199969600,0.0,0.0
2025-11-17,1627.469970703125,1633.8399658203125,1626.22998046875,1627.4300537109375,1627.4300537109375,188900100,0.0,0.0
2025-11-18,1627.0,1627.3199462890625,1613.760009765625,1614.06005859375,1614.06005859375,234678400,0.0,0.0
2025-11-19,1613.43994140625,1623.8900146484375,1613.050048828125,1623.8900146484375,1623.8900146484375,201224100,0.0,0.0
2025-11-20,1628.43994140625,1629.68994140625,1619.260009765625,1619.9599609375,1619.9599609375,185279400,0.0,0.0
2025-11-21,1617.719970703125,1618.8599853515625,1614.5999755859375,1617.5699462890625,1617.5699462890625,203131600,0.0,0.0
2025-11-24,1620.1400146484375,1621.260009765625,1609.8800048828125,1618.780029296875,1618.780029296875,489576500,0.0,0.0
2025-11-25,1619.5400390625,1620.989990234375,1611.25,1611.739990234375,1611.739990234375,181857200,0.0,0.0
2025-11-26,1616.1300048828125,1624.969970703125,1614.4100341796875,1624.5,1624.5,224037400,0.0,0.0
2025-11-27,1627.1600341796875,1629.260009765625,1615.969970703125,1617.4599609375,1617.4599609375,207334000,0.0,0.0
2025-11-28,1616.75,1617.260009765625,1597.6800537109375,1604.469970703125,1604.469970703125,277401500,0.0,0.0
2025-12-01,1608.260009765625,1625.4200439453125,1608.260009765625,1624.5699462890625,1624.5699462890625,197661800,0.0,0.0
2025-12-02,1627.0699462890625,1634.3499755859375,1624.469970703125,1630.5999755859375,1630.5999755859375,262521100,0.0,0.0
2025-12-03,1631.4599609375,1632.949951171875,1617.7900390625,1622.8399658203125,1622.8399658203125,151137200,0.0,0.0
2025-12-04,1624.6300048828125,1625.989990234375,1616.489990234375,1621.0699462890625,1621.0699462890625,182264300,0.0,0.0
2025-12-05,1620.699951171875,1621.25,1609.6700439453125,1616.52001953125,1616.52001953125,159772100,0.0,0.0
2025-12-08,1616.030029296875,1616.489990234375,1601.5,1612.780029296875,1612.780029296875,151561400,0.0,0.0
2025-12-09,1619.1400146484375,1620.72998046875,1606.22998046875,1614.1700439453125,1614.1700439453125,176320100,0.0,0.0
2025-12-10,1611.0400390625,1612.5,1606.1099853515625,1611.0,1611.0,134862500,0.0,0.0
2025-12-11,1612.8599853515625,1625.3900146484375,1609.9599609375,1625.3900146484375,1625.3900146484375,203357400,0.0,0.0
2025-12-12,1622.56005859375,1640.3599853515625,1622.030029296875,1637.81005859375,1637.81005859375,202172000,0.0,0.0
2025-12-15,1635.0799560546875,1644.050048828125,1632.5400390625,1643.719970703125,1643.719970703125,166903100,0.0,0.0
2025-12-16,1642.77001953125,1648.7099609375,1636.5,1648.31005859375,1648.31005859375,180710600,0.0,0.0
2025-12-17,1645.3199462890625,1646.6600341796875,1639.1300048828125,1641.43994140625,1641.43994140625,190602200,0.0,0.0
2025-12-18,1640.22998046875,1647.800048828125,1636.6099853515625,1646.9000244140625,1646.9000244140625,202204600,0.0,0.0
2025-12-19,1648.050048828125,1668.1500244140625,1647.5999755859375,1665.9000244140625,1665.9000244140625,290716800,0.0,0.0
2025-12-22,1664.280029296875,1671.2900390625,1663.1199951171875,1671.2900390625,1671.2900390625,151411900,0.0,0.0
2025-12-23,1668.780029296875,1676.6400146484375,1666.9599609375,1676.6400146484375,1676.6400146484375,137369300,0.0,0.0
2025-12-24,1676.0,1678.8499755859375,1673.6400146484375,1678.31005859375,1678.31005859375,154290900,0.0,0.0
2025-12-26,1677.5,1678.2900390625,1670.8299560546875,1677.0999755859375,1677.0999755859375,95594100,0.0,0.0
2025-12-29,1677.31005859375,1680.989990234375,1668.47998046875,1680.989990234375,1680.989990234375,130192300,0.0,0.0
2025-12-30,1677.6600341796875,1684.530029296875,1673.8699951171875,1684.530029296875,1684.530029296875,150847100,0.0,0.0
2025-12-31,1681.780029296875,1681.780029296875,1671.5899658203125,1680.1099853515625,1680.1099853515625,196453800,0.0,0.0
2026-01-02,1675.199951171875,1675.199951171875,1666.1700439453125,1669.760009765625,1669.760009765625,147526000,0.0,0.0
2026-01-05,1669.0799560546875,1681.93994140625,1669.0799560546875,1680.3199462890625,1680.3199462890625,163418100,0.0,0.0
2026-01-06,1678.4100341796875,1679.260009765625,1667.8199462890625,1672.3499755859375,1672.3499755859375,204528000,0.0,0.0
2026-01-07,1671.469970703125,1676.8299560546875,1665.93994140625,1676.8299560546875,1676.8299560546875,212686900,0.0,0.0
2026-01-08,1674.219970703125,1674.43994140625,1666.3399658203125,1669.5699462890625,1669.5699462890625,219763300,0.0,0.0
2026-01-09,1670.43994140625,1686.5400390625,1670.280029296875,1686.5400390625,1686.5400390625,217589200,0.0,0.0
2026-01-12,1687.0699462890625,1697.780029296875,1686.5699462890625,1695.43994140625,1695.43994140625,199132700,0.0,0.0
2026-01-13,1700.739990234375,1708.199951171875,1698.7900390625,1708.199951171875,1708.199951171875,272751600,0.0,0.0
2026-01-14,1705.8800048828125,1711.6600341796875,1704.030029296875,1710.9100341796875,1710.9100341796875,252430200,0.0,0.0
2026-01-15,1710.3499755859375,1715.1600341796875,1701.8299560546875,1715.1600341796875,1715.1600341796875,262232600,0.0,0.0
2026-01-16,1717.6300048828125,1721.47998046875,1708.030029296875,1712.739990234375,1712.739990234375,243266500,0.0,0.0
2026-01-19,1710.5699462890625,1712.3299560546875,1704.6400146484375,1712.3299560546875,1712.3299560546875,178366700,0.0,0.0
2026-01-20,1711.02001953125,1711.02001953125,1695.81005859375,1699.06005859375,1699.06005859375,232590500,0.0,0.0
2026-01-21,1694.81005859375,1708.6199951171875,1693.949951171875,1705.81005859375,1705.81005859375,279431400,0.0,0.0
2026-01-22,1713.8900146484375,1717.6600341796875,1711.2900390625,1717.1400146484375,1717.1400146484375,304214800,0.0,0.0
2026-01-23,1715.8399658203125,1723.4100341796875,1711.8900146484375,1719.989990234375,1719.989990234375,276287400,0.0,0.0
2026-01-26,1721.6300048828125,1746.97998046875,1721.6300048828125,1744.0699462890625,1744.0699462890625,332534800,0.0,0.0
2026-01-27,1749.25,1771.25,1749.0999755859375,1771.25,1771.25,408884100,0.0,0.0
2026-01-28,1769.7900390625,1769.9000244140625,1750.050048828125,1756.489990234375,1756.489990234375,330710700,0.0,0.0
2026-01-29,1753.31005859375,1753.31005859375,1719.52001953125,1730.8900146484375,1730.8900146484375,332793600,0.0,0.0
2026-01-30,1732.6199951171875,1744.8199462890625,1732.6199951171875,1740.8800048828125,1740.8800048828125,302487600,0.0,0.0
2026-02-03,1756.0899658203125,1757.510009765625,1742.6800537109375,1748.260009765625,1748.260009765625,302018600,0.0,0.0
2026-02-04,1746.4200439453125,1751.219970703125,1740.489990234375,1742.8199462890625,1742.8199462890625,234761100,0.0,0.0
2026-02-05,1745.8199462890625,1747.1800537109375,1731.02001953125,1731.02001953125,1731.02001953125,269677200,0.0,0.0
2026-02-06,1729.22998046875,1732.8299560546875,1723.9100341796875,1732.8299560546875,1732.8299560546875,248870100,0.0,0.0
2026-02-09,1744.739990234375,1752.1300048828125,1736.3199462890625,1751.300048828125,1751.300048828125,241030100,0.0,0.0
2026-02-10,1755.4599609375,1761.5699462890625,1745.1600341796875,1747.5400390625,1747.5400390625,246506700,0.0,0.0
2026-02-11,1751.22998046875,1757.1500244140625,1745.510009765625,1756.3900146484375,1756.3900146484375,298514000,0.0,0.0
2026-02-12,1755.0899658203125,1758.06005859375,1748.300048828125,1750.8499755859375,1750.8499755859375,231397800,0.0,0.0
2026-02-13,1747.8900146484375,1751.3800048828125,1738.93994140625,1739.5400390625,1739.5400390625,248850300,0.0,0.0
2026-02-16,1740.6600341796875,1743.010009765625,1733.06005859375,1741.260009765625,1741.260009765625,160013300,0.0,0.0
2026-02-19,1748.0799560546875,1755.0799560546875,1743.6300048828125,1752.1099853515625,1752.1099853515625,232446000,0.0,0.0
2026-02-20,1752.7900390625,1754.199951171875,1746.0799560546875,1752.8299560546875,1752.8299560546875,194450300,0.0,0.0
2026-02-23,1756.969970703125,1760.030029296875,1752.47998046875,1757.97998046875,1757.97998046875,234145400,0.0,0.0
2026-02-24,1755.989990234375,1756.0,1746.9100341796875,1754.010009765625,1754.010009765625,282172700,0.0,0.0
2026-02-25,1755.3599853515625,1755.3599853515625,1744.4599609375,1747.81005859375,1747.81005859375,270707000,0.0,0.0
2026-02-26,1749.4300537109375,1749.4300537109375,1726.9200439453125,1740.93994140625,1740.93994140625,369947200,0.0,0.0
2026-02-27,1737.06005859375,1737.06005859375,1714.0899658203125,1716.6099853515625,1716.6099853515625,585591100,0.0,0.0
2026-03-02,1688.6400146484375,1703.9000244140625,1684.280029296875,1700.2099609375,1700.2099609375,300128000,0.0,0.0
2026-03-03,1704.22998046875,1715.9300537109375,1704.22998046875,1711.949951171875,1711.949951171875,305002300,0.0,0.0
2026-03-04,1711.4300537109375,1713.18994140625,1694.75,1698.219970703125,1698.219970703125,314172300,0.0,0.0
2026-03-05,1706.25,1713.199951171875,1701.8299560546875,1713.199951171875,1713.199951171875,268423000,0.0,0.0
2026-03-06,1712.5999755859375,1719.949951171875,1708.47998046875,1718.06005859375,1718.06005859375,352875300,0.0,0.0
2026-03-09,1699.1300048828125,1702.77001953125,1664.0699462890625,1674.1700439453125,1674.1700439453125,463924500,0.0,0.0
2026-03-10,1684.8499755859375,1703.6099853515625,1684.8499755859375,1701.6800537109375,1701.6800537109375,310624300,0.0,0.0
2026-03-11,1700.0999755859375,1709.9300537109375,1699.02001953125,1708.780029296875,1708.780029296875,220185500,0.0,0.0
2026-03-12,1700.68994140625,1711.010009765625,1694.800048828125,1711.010009765625,1711.010009765625,312402100,0.0,0.0
2026-03-13,1701.93994140625,1709.050048828125,1696.0400390625,1698.8499755859375,1698.8499755859375,306252100,0.0,0.0
2026-03-16,1696.4100341796875,1701.1800537109375,1688.4599609375,1696.56005859375,1696.56005859375,224550900,0.0,0.0
2026-03-17,1703.1600341796875,1713.25,1701.18994140625,1710.989990234375,1710.989990234375,261486200,0.0,0.0
2026-03-18,1713.969970703125,1730.719970703125,1713.4200439453125,1729.81005859375,1729.81005859375,280433200,0.0,0.0
2026-03-19,1723.2900390625,1737.1199951171875,1719.9300537109375,1720.7099609375,1720.7099609375,427059000,0.0,0.0
2026-03-24,1732.0899658203125,1732.0899658203125,1704.06005859375,1708.760009765625,1708.760009765625,427164700,0.0,0.0
2026-03-25,1722.5,1725.9300537109375,1711.9000244140625,1716.6800537109375,1716.6800537109375,381157400,0.0,0.0
2026-03-26,1719.4599609375,1719.8900146484375,1710.8900146484375,1710.8900146484375,1710.8900146484375,368016900,0.0,0.0
2026-03-27,1712.72998046875,1716.280029296875,1708.449951171875,1712.6500244140625,1712.6500244140625,408697800,0.0,0.0
2026-03-30,1702.0799560546875,1702.3800048828125,1682.7900390625,1687.9000244140625,1687.9000244140625,588450600,0.0,0.0
2026-03-31,1694.2900390625,1695.77001953125,1683.97998046875,1690.3599853515625,1690.3599853515625,460982100,0.0,0.0
2026-04-01,1715.93994140625,1715.93994140625,1700.199951171875,1708.9000244140625,1708.9000244140625,351033100,0.0,0.0
2026-04-02,1712.0400390625,1712.800048828125,1688.8900146484375,1698.300048828125,1698.300048828125,355567800,0.0,0.0
2026-04-03,1704.1199951171875,1708.1199951171875,1693.6500244140625,1695.5,1695.5,307479000,0.0,0.0
2026-04-06,1694.3199462890625,1697.8800048828125,1677.780029296875,1680.8299560546875,1680.8299560546875,302919300,0.0,0.0
2026-04-07,1684.050048828125,1687.5999755859375,1673.1400146484375,1676.8599853515625,1676.8599853515625,251437900,0.0,0.0
2026-04-08,1688.510009765625,1696.31005859375,1683.5799560546875,1696.31005859375,1696.31005859375,336574200,0.0,0.0
2026-04-09,1692.6500244140625,1692.6500244140625,1680.010009765625,1686.239990234375,1686.239990234375,272166600,0.0,0.0
2026-04-10,1691.469970703125,1692.969970703125,1685.6600341796875,1691.31005859375,1691.31005859375,271090100,0.0,0.0
2026-04-13,1682.4300537109375,1685.52001953125,1675.6400146484375,1680.52001953125,1680.52001953125,242099900,0.0,0.0
2026-04-14,1690.9599609375,1694.1600341796875,1686.06005859375,1688.1199951171875,1688.1199951171875,242078200,0.0,0.0
2026-04-15,1691.4200439453125,1695.6800537109375,1680.4599609375,1683.4200439453125,1683.4200439453125,266750200,0.0,0.0
2026-04-16,1684.8599853515625,1690.8299560546875,1682.81005859375,1689.7099609375,1689.7099609375,292753700,0.0,0.0
2026-04-17,1689.0699462890625,1696.3900146484375,1682.8800048828125,1695.2099609375,1695.2099609375,269384300,0.0,0.0
2026-04-20,1693.5,1703.6400146484375,1689.0,1702.300048828125,1702.300048828125,234380500,0.0,0.0
2026-04-21,1702.6099853515625,1716.6400146484375,1700.5400390625,1715.3299560546875,1715.3299560546875,255418100,0.0,0.0
2026-04-22,1718.0,1720.4599609375,1705.1099853515625,1710.3900146484375,1710.3900146484375,202099800,0.0,0.0
2026-04-23,1715.550048828125,1723.510009765625,1714.4100341796875,1721.699951171875,1721.699951171875,243313000,0.0,0.0
2026-04-24,1723.25,1724.300048828125,1719.72998046875,1720.3399658203125,1720.3399658203125,234305600,0.0,0.0
2026-04-27,1724.469970703125,1731.7900390625,1717.27001953125,1717.27001953125,1717.27001953125,203342400,0.0,0.0
2026-04-28,1721.4000244140625,1729.5999755859375,1714.1199951171875,1729.5999755859375,1729.5999755859375,234894500,0.0,0.0
2026-04-29,1731.6500244140625,1733.8399658203125,1718.449951171875,1720.4200439453125,1720.4200439453125,218878100,0.0,0.0
2026-04-30,1720.22998046875,1722.030029296875,1712.1400146484375,1722.02001953125,1722.02001953125,255549000,0.0,0.0
2026-05-04,1728.739990234375,1739.77001953125,1725.010009765625,1739.77001953125,1739.77001953125,175441600,0.0,0.0
2026-05-05,1737.800048828125,1747.8199462890625,1732.6400146484375,1747.4300537109375,1747.4300537109375,181688100,0.0,0.0
2026-05-06,1749.0799560546875,1760.300048828125,1746.800048828125,1756.8699951171875,1756.8699951171875,338686500,0.0,0.0
2026-05-07,1762.81005859375,1768.4599609375,1758.4200439453125,1758.8499755859375,1758.8499755859375,366627200,0.0,0.0
2026-05-08,1758.0699462890625,1760.18994140625,1748.06005859375,1748.06005859375,1748.06005859375,200609300,0.0,0.0
2026-05-11,1754.0,1754.0,1744.989990234375,1745.31005859375,1745.31005859375,208709200,0.0,0.0
2026-05-12,1748.449951171875,1755.5400390625,1748.449951171875,1750.56005859375,1750.56005859375,188430600,0.0,0.0
2026-05-13,1750.6600341796875,1752.6400146484375,1742.4100341796875,1746.31005859375,1746.31005859375,260399300,0.0,0.0
2026-05-14,1749.0999755859375,1750.6300048828125,1740.3499755859375,1745.5799560546875,1745.5799560546875,204773300,0.0,0.0
2026-05-15,1747.68994140625,1748.8499755859375,1735.510009765625,1740.219970703125,1740.219970703125,238475000,0.0,0.0
2026-05-18,1741.93994140625,1742.5999755859375,1727.7099609375,1727.7099609375,1727.7099609375,162894000,0.0,0.0
2026-05-19,1732.8800048828125,1734.3199462890625,1726.1300048828125,1727.27001953125,1727.27001953125,216543600,0.0,0.0
2026-05-20,1726.93994140625,1727.5,1716.469970703125,1717.68994140625,1717.68994140625,263063300,0.0,0.0
2026-05-21,1721.4300537109375,1722.5,1708.3599853515625,1708.3599853515625,1708.3599853515625,266698400,0.0,0.0
2026-05-22,1711.7099609375,1715.7099609375,1710.300048828125,1712.6700439453125,1712.6700439453125,237529500,0.0,0.0
2026-05-25,1711.4300537109375,1713.5,1705.93994140625,1708.5,1708.5,268009400,0.0,0.0
2026-05-26,1706.77001953125,1707.52001953125,1696.1400146484375,1699.02001953125,1699.02001953125,302403900,0.0,0.0
2026-05-28,1706.8299560546875,1707.9100341796875,1683.0799560546875,1684.9300537109375,1684.9300537109375,372644800,0.0,0.0
2026-05-29,1688.1800537109375,1694.6500244140625,1680.5899658203125,1683.0699462890625,1683.0699462890625,1664465000,0.0,0.0
2026-06-01,1688.1800537109375,1694.6500244140625,1680.5899658203125,1683.0699462890625,1683.0699462890625,1664465000,0.0,0.0
2026-06-02,1688.1800537109375,1694.6500244140625,1680.5899658203125,1683.0699462890625,1683.0699462890625,1664465000,0.0,0.0
2026-06-03,1687.1300048828125,1693.0899658203125,1672.739990234375,1672.739990234375,1672.739990234375,416284100,0.0,0.0
2026-06-04,1674.489990234375,1689.8299560546875,1673.699951171875,1683.260009765625,1683.260009765625,276628500,0.0,0.0
2026-06-05,1686.449951171875,1698.530029296875,1684.3599853515625,1693.4300537109375,1693.4300537109375,238758500,0.0,0.0
2026-06-08,1683.5400390625,1684.1400146484375,1676.949951171875,1679.52001953125,1679.52001953125,179400500,0.0,0.0
2026-06-09,1687.9300537109375,1687.9300537109375,1675.0400390625,1675.5,1675.5,202763800,0.0,0.0
2026-06-10,1676.050048828125,1684.219970703125,1673.6400146484375,1678.9599609375,1678.9599609375,209712400,0.0,0.0
2026-06-11,1677.3800048828125,1680.530029296875,1674.6500244140625,1679.530029296875,1679.530029296875,221709700,0.0,0.0
2026-06-12,1684.8699951171875,1685.3900146484375,1679.719970703125,1683.6300048828125,1683.6300048828125,132982400,0.0,0.0
2026-06-15,1690.3900146484375,1697.47998046875,1688.0400390625,1691.3900146484375,1691.3900146484375,286494100,0.0,0.0
2026-06-16,1691.3199462890625,1711.199951171875,1685.5699462890625,1709.989990234375,1709.989990234375,290148200,0.0,0.0
2026-06-18,1722.3499755859375,1722.6300048828125,1711.31005859375,1711.3900146484375,1711.3900146484375,275773000,0.0,0.0
2026-06-19,1704.0400390625,1712.030029296875,1699.1800537109375,1712.030029296875,1712.030029296875,324539100,0.0,0.0
2026-06-22,1710.469970703125,1712.3199462890625,1699.93994140625,1700.8399658203125,1700.8399658203125,151899100,0.0,0.0
2026-06-23,1703.0999755859375,1703.0999755859375,1679.9200439453125,1679.9200439453125,1679.9200439453125,225825300,0.0,0.0
2026-06-24,1682.030029296875,1690.6600341796875,1680.489990234375,1682.1300048828125,1682.1300048828125,154710400,0.0,0.0
2026-06-25,1684.449951171875,1685.1700439453125,1663.8199462890625,1663.8199462890625,1663.8199462890625,216714100,0.0,0.0
2026-06-26,1664.5,1668.75,1659.739990234375,1667.739990234375,1667.739990234375,173707600,0.0,0.0
2026-06-29,1668.780029296875,1669.2099609375,1655.280029296875,1665.9100341796875,1665.9100341796875,154504400,0.0,0.0
2026-06-30,1667.280029296875,1669.8800048828125,1661.800048828125,1664.06005859375,1664.06005859375,240522700,0.0,0.0
2026-07-01,1665.3499755859375,1670.989990234375,1656.8299560546875,1656.8299560546875,1656.8299560546875,183116100,0.0,0.0
2026-07-02,1658.8199462890625,1666.260009765625,1657.77001953125,1661.8299560546875,1661.8299560546875,148273400,0.0,0.0
2026-07-03,1665.72998046875,1682.6199951171875,1662.9100341796875,1679.050048828125,1679.050048828125,165190600,0.0,0.0
2026-07-06,1682.4000244140625,1685.489990234375,1678.3699951171875,1683.530029296875,1683.530029296875,111882100,0.0,0.0
2026-07-07,1683.4200439453125,1684.18994140625,1676.93994140625,1682.9300537109375,1682.9300537109375,130880900,0.0,0.0
2026-07-08,1685.97998046875,1690.5699462890625,1679.300048828125,1683.6099853515625,1683.6099853515625,158043700,0.0,0.0
2026-07-09,1680.989990234375,1683.800048828125,1676.1800537109375,1677.6400146484375,1677.6400146484375,169270300,0.0,0.0
2026-07-10,1682.780029296875,1696.25,1682.780029296875,1691.489990234375,1691.489990234375,173519000,0.0,0.0
2026-07-13,1693.300048828125,1703.0999755859375,1685.739990234375,1698.43994140625,1698.43994140625,167312200,0.0,0.0
2026-07-14,1699.68994140625,1719.93994140625,1698.2099609375,1719.93994140625,1719.93994140625,202644700,0.0,0.0
2026-07-15,1720.6600341796875,1724.8299560546875,1712.8800048828125,1713.760009765625,1713.760009765625,175219300,0.0,0.0
2026-07-16,1716.760009765625,1726.75,1716.760009765625,1722.18994140625,1722.18994140625,195577300,0.0,0.0
2026-07-17,1719.8599853515625,1735.6700439453125,1719.56005859375,1731.449951171875,1731.449951171875,217428700,0.0,0.0
2026-07-20,1732.6500244140625,1733.760009765625,1720.050048828125,1722.2900390625,1722.2900390625,128070000,0.0,0.0
2026-07-21,1725.6199951171875,1726.8800048828125,1712.6600341796875,1720.3699951171875,1720.3699951171875,137841400,0.0,0.0
2026-07-22,1719.8399658203125,1721.31005859375,1709.1500244140625,1711.3699951171875,1711.3699951171875,164288900,0.0,0.0
2026-07-23,1714.3800048828125,1716.4300537109375,1709.050048828125,1714.5899658203125,1714.5899658203125,145824600,0.0,0.0
2026-07-24,1710.449951171875,1710.800048828125,1697.760009765625,1701.02001953125,1701.02001953125,177175300,0.0,0.0
2026-07-27,1703.6500244140625,1718.31005859375,1702.3499755859375,1713.0899658203125,1713.0899658203125,147159100,0.0,0.0
2026-07-28,1711.949951171875,1715.02001953125,1703.8299560546875,1712.47998046875,1712.47998046875,179145100,0.0,0.0
2026-07-29,1714.3900146484375,1720.5899658203125,1710.7900390625,1715.56005859375,1715.56005859375,169118100,0.0,0.0
2026-07-30,1714.4200439453125,1720.4000244140625,1710.68994140625,1720.4000244140625,1720.4000244140625,160367000,0.0,0.0
2026-07-31,1721.22998046875,1730.1199951171875,1715.6700439453125,1724.9000244140625,1724.9000244140625,259179700,0.0,0.0
2026-08-03,1725.260009765625,1729.719970703125,1719.469970703125,1725.72998046875,1725.72998046875,165737800,0.0,0.0
2026-08-04,1725.93994140625,1732.6600341796875,1722.780029296875,1732.6600341796875,1732.6600341796875,202130300,0.0,0.0
2026-08-05,1736.3599853515625,1750.4100341796875,1732.6800537109375,1748.1700439453125,1748.1700439453125,230534900,0.0,0.0
2026-08-06,1749.6500244140625,1749.6500244140625,1733.3800048828125,1737.1500244140625,1737.1500244140625,194527100,0.0,0.0
2026-08-07,1735.219970703125,1739.1400146484375,1729.3399658203125,1735.75,1735.75,273603000,0.0,0.0
2026-08-10,1735.8499755859375,1738.969970703125,1730.3499755859375,1735.3699951171875,1735.3699951171875,146489400,0.0,0.0
2026-08-11,1735.4100341796875,1738.2099609375,1725.47998046875,1731.4599609375,1731.4599609375,218536000,0.0,0.0
2026-08-12,1731.469970703125,1741.6099853515625,1728.6400146484375,1741.6099853515625,1741.6099853515625,261319500,0.0,0.0
2026-08-13,1742.7900390625,1742.7900390625,1732.8299560546875,1734.7099609375,1734.7099609375,213599500,0.0,0.0
2026-08-14,1734.719970703125,1734.719970703125,1726.77001953125,1727.3900146484375,1727.3900146484375,192296600,0.0,0.0
2026-08-17,1726.93994140625,1731.449951171875,1722.1600341796875,1725.8900146484375,1725.8900146484375,203394100,0.0,0.0
2026-08-18,1727.52001953125,1734.530029296875,1723.5999755859375,1733.3599853515625,1733.3599853515625,195809400,0.0,0.0
2026-08-19,1731.969970703125,1733.43994140625,1725.949951171875,1731.3199462890625,1731.3199462890625,179345200,0.0,0.0
2026-08-20,1732.1099853515625,1739.1300048828125,1732.1099853515625,1736.7099609375,1736.7099609375,305493900,0.0,0.0
2026-08-21,1736.0799560546875,1738.300048828125,1733.1300048828125,1736.47998046875,1736.47998046875,247093100,0.0,0.0
2026-08-24,1738.31005859375,1739.469970703125,1733.0699462890625,1736.3299560546875,1736.3299560546875,157036700,0.0,0.0
2026-08-26,1739.4000244140625,1753.219970703125,1735.699951171875,1748.5400390625,1748.5400390625,293766700,0.0,0.0
2026-08-27,1752.6600341796875,1752.81005859375,1739.760009765625,1741.719970703125,1741.719970703125,230943400,0.0,0.0
2026-08-28,1743.699951171875,1745.06005859375,1715.9100341796875,1725.8800048828125,1725.8800048828125,499594000,0.0,0.0
2026-09-01,1727.489990234375,1729.1700439453125,1697.8299560546875,1700.5400390625,1700.5400390625,319729100,0.0,0.0
2026-09-02,1700.9599609375,1709.7099609375,1695.8900146484375,1708.739990234375,1708.739990234375,222213900,0.0,0.0
2026-09-03,1711.1600341796875,1716.22998046875,1708.469970703125,1715.1300048828125,1715.1300048828125,233790100,0.0,0.0
2026-09-04,1713.739990234375,1715.199951171875,1704.8599853515625,1708.0999755859375,1708.0999755859375,171258000,0.0,0.0
2026-09-07,1709.699951171875,1715.2900390625,1708.260009765625,1714.7900390625,1714.7900390625,141165000,0.0,0.0
2026-09-08,1713.1400146484375,1714.5,1710.43994140625,1714.4000244140625,1714.4000244140625,195511200,0.0,0.0
2026-09-09,1715.4599609375,1718.52001953125,1710.3599853515625,1714.3399658203125,1714.3399658203125,273403100,0.0,0.0
2026-09-10,1712.699951171875,1713.0799560546875,1701.6800537109375,1705.52001953125,1705.52001953125,230008400,0.0,0.0
2026-09-11,1705.2900390625,1705.68994140625,1682.56005859375,1686.739990234375,1686.739990234375,215995700,0.0,0.0
2026-09-14,1686.6500244140625,1698.010009765625,1682.489990234375,1698.010009765625,1698.010009765625,187856300,0.0,0.0
2026-09-15,1694.9100341796875,1694.9100341796875,1678.06005859375,1679.2099609375,1679.2099609375,249030900,0.0,0.0
2026-09-17,1677.5,1684.9200439453125,1670.75,1674.739990234375,1674.739990234375,252843400,0.0,0.0
2026-09-18,1676.719970703125,1677.8299560546875,1661.7900390625,1665.56005859375,1665.56005859375,408080600,0.0,0.0
2026-09-21,1664.199951171875,1674.739990234375,1661.219970703125,1666.93994140625,1666.93994140625,185319800,0.0,0.0
2026-09-22,1669.739990234375,1684.3399658203125,1665.22998046875,1683.5,1683.5,250225500,0.0,0.0
2026-09-23,1682.18994140625,1685.3699951171875,1675.1500244140625,1676.4300537109375,1676.4300537109375,233555500,0.0,0.0
2026-09-24,1674.449951171875,1679.469970703125,1671.47998046875,1672.31005859375,1672.31005859375,230817500,0.0,0.0
2026-09-25,1674.8699951171875,1675.469970703125,1666.989990234375,1671.6199951171875,1671.6199951171875,174864300,0.0,0.0
2026-09-28,1672.550048828125,1674.1099853515625,1668.6099853515625,1670.02001953125,1670.02001953125,141231900,0.0,0.0
2026-09-29,1664.1099853515625,1665.3199462890625,1643.3599853515625,1643.9599609375,1643.9599609375,206047200,0.0,0.0
2026-09-30,1646.489990234375,1656.8699951171875,1645.030029296875,1656.4300537109375,1656.4300537109375,0,0.0,0.0
