Date,Open,High,Low,Close,Adj Close,Volume,Dividends,Stock Splits
2011-08-23,0.9075390100479126,0.9284819960594177,0.8377280235290527,0.869143009185791,0.5523515343666077,28743426,0.0,0.0
2011-08-24,0.8796150088310242,0.8831049799919128,0.8342379927635193,0.8377280235290527,0.5323867797851562,13028940,0.0,0.0
2011-08-25,0.8447089791297913,0.8482000231742859,0.7853699922561646,0.7993329763412476,0.5079861283302307,7205767,0.0,0.0
2011-08-26,0.7958419919013977,0.7993329763412476,0.7539560198783875,0.7574459910392761,0.48136651515960693,10911787,0.0,0.0
2011-08-29,0.760936975479126,0.802823007106781,0.7539560198783875,0.7853699922561646,0.4991125762462616,4000816,0.0,0.0
2011-09-02,0.7993329763412476,0.8063139915466309,0.7888609766960144,0.7958419919013977,0.5057675838470459,3881350,0.0,0.0
2011-09-05,0.7888609766960144,0.7958419919013977,0.7714080214500427,0.7818800210952759,0.49689456820487976,5703706,0.0,0.0
2011-09-06,0.7714080214500427,0.7748990058898926,0.7644270062446594,0.7679179906845093,0.48802146315574646,5268816,0.0,0.0
2011-09-07,0.7714080214500427,0.7783889770507812,0.7644270062446594,0.7644270062446594,0.4858029782772064,2734822,0.0,0.0
2011-09-08,0.7748990058898926,0.7923510074615479,0.7748990058898926,0.7853699922561646,0.4991125762462616,8042888,0.0,0.0
2011-09-09,0.7923510074615479,0.7958419919013977,0.7679179906845093,0.7714080214500427,0.49023962020874023,9183973,0.0,0.0
2011-09-12,0.7679179906845093,0.7714080214500427,0.746973991394043,0.746973991394043,0.47471144795417786,4407631,0.0,0.0
2011-09-13,0.7574459910392761,0.7644270062446594,0.7504649758338928,0.7539560198783875,0.4791485369205475,2650021,0.0,0.0
2011-09-14,0.760936975479126,0.760936975479126,0.7120689749717712,0.7190499901771545,0.45696529746055603,9831151,0.0,0.0
2011-09-15,0.7260310053825378,0.7295219898223877,0.6946160197257996,0.7120689749717712,0.4525289237499237,6956808,0.0,0.0
2011-09-20,0.6946160197257996,0.7015969753265381,0.6771640181541443,0.6841449737548828,0.43478265404701233,3879632,0.0,0.0
2011-09-21,0.6841449737548828,0.6981070041656494,0.6771640181541443,0.6841449737548828,0.43478265404701233,2001411,0.0,0.0
2011-09-22,0.6771640181541443,0.6771640181541443,0.6422579884529114,0.6422579884529114,0.4081629812717438,3751858,0.0,0.0
2011-09-23,0.6282960176467896,0.6282960176467896,0.614333987236023,0.6213150024414062,0.39485353231430054,5080306,0.0,0.0
2011-09-26,0.6213150024414062,0.6248059868812561,0.5829190015792847,0.5829190015792847,0.370452344417572,3842102,0.0,0.0
2011-09-27,0.6003720164299011,0.6422579884529114,0.5968809723854065,0.6422579884529114,0.4081629812717438,7258195,0.0,0.0
2011-09-28,0.6457489728927612,0.6492390036582947,0.6248059868812561,0.6282960176467896,0.3992900848388672,3702295,0.0,0.0
2011-09-29,0.6213150024414062,0.6457489728927612,0.6108440160751343,0.6457489728927612,0.4103815257549286,4050952,0.0,0.0
2011-09-30,0.6457489728927612,0.6736729741096497,0.6457489728927612,0.6597110033035278,0.4192546308040619,7333541,0.0,0.0
2011-10-03,0.6597110033035278,0.6597110033035278,0.6422579884529114,0.6422579884529114,0.4081629812717438,1241069,0.0,0.0
2011-10-04,0.6422579884529114,0.6597110033035278,0.6352769732475281,0.6527299880981445,0.4148182272911072,1828658,0.0,0.0
2011-10-05,0.6632019877433777,0.7120689749717712,0.656220018863678,0.7085790038108826,0.4503108859062195,4453469,0.0,0.0
2011-10-06,0.7085790038108826,0.7434840202331543,0.7050880193710327,0.7155600190162659,0.4547473192214966,5429250,0.0,0.0
2011-10-07,0.7330120205879211,0.7330120205879211,0.6876350045204163,0.6911259889602661,0.43921932578086853,2488728,0.0,0.0
2011-10-10,0.6946160197257996,0.7050880193710327,0.6911259889602661,0.6946160197257996,0.4414372444152832,588448,0.0,0.0
2011-10-11,0.7085790038108826,0.7295219898223877,0.7085790038108826,0.7190499901771545,0.45696529746055603,3329286,0.0,0.0
2011-10-12,0.7155600190162659,0.7644270062446594,0.7155600190162659,0.7644270062446594,0.4858029782772064,6237435,0.0,0.0
2011-10-13,0.7679179906845093,0.802823007106781,0.7679179906845093,0.802823007106781,0.510204017162323,11983542,0.0,0.0
2011-10-14,0.7958419919013977,0.7958419919013977,0.7783889770507812,0.7853699922561646,0.4991125762462616,3457347,0.0,0.0
2011-10-17,0.7993329763412476,0.8237659931182861,0.7958419919013977,0.8237659931182861,0.5235137939453125,4296473,0.0,0.0
2011-10-18,0.802823007106781,0.8063139915466309,0.7783889770507812,0.7853699922561646,0.4991125762462616,3775063,0.0,0.0
2011-10-19,0.7993329763412476,0.8098040223121643,0.7923510074615479,0.802823007106781,0.510204017162323,1664786,0.0,0.0
2011-10-20,0.7993329763412476,0.7993329763412476,0.7818800210952759,0.7888609766960144,0.5013312101364136,1139939,0.0,0.0
2011-10-21,0.7958419919013977,0.8063139915466309,0.7888609766960144,0.7888609766960144,0.5013312101364136,1521255,0.0,0.0
2011-10-24,0.7993329763412476,0.8167849779129028,0.7993329763412476,0.8098040223121643,0.5146405696868896,1575688,0.0,0.0
2011-10-25,0.8132950067520142,0.8132950067520142,0.7923510074615479,0.7993329763412476,0.5079861283302307,1013024,0.0,0.0
2011-10-27,0.7993329763412476,0.8412190079689026,0.7993329763412476,0.8377280235290527,0.5323867797851562,4568924,0.0,0.0
2011-10-28,0.8551809787750244,0.8621619939804077,0.827256977558136,0.8307470083236694,0.5279502868652344,2975473,0.0,0.0
2011-10-31,0.8202760219573975,0.827256977558136,0.8132950067520142,0.8132950067520142,0.5168593525886536,1314697,0.0,0.0
2011-11-01,0.802823007106781,0.8167849779129028,0.7993329763412476,0.8167849779129028,0.5190770626068115,3780220,0.0,0.0
2011-11-02,0.7958419919013977,0.8063139915466309,0.7818800210952759,0.7993329763412476,0.5079861283302307,3466515,0.0,0.0
2011-11-03,0.802823007106781,0.802823007106781,0.7783889770507812,0.7818800210952759,0.49689456820487976,1984794,0.0,0.0
2011-11-04,0.7923510074615479,0.8098040223121643,0.7923510074615479,0.7958419919013977,0.5057675838470459,1564802,0.0,0.0
2011-11-08,0.7958419919013977,0.7993329763412476,0.7818800210952759,0.7888609766960144,0.5013312101364136,1372854,0.0,0.0
2011-11-09,0.7818800210952759,0.7993329763412476,0.7818800210952759,0.7818800210952759,0.49689456820487976,650043,0.0,0.0
2011-11-10,0.7714080214500427,0.7783889770507812,0.7574459910392761,0.7574459910392761,0.48136651515960693,2955705,0.0,0.0
2011-11-11,0.7644270062446594,0.7818800210952759,0.7574459910392761,0.7574459910392761,0.48136651515960693,719660,0.0,0.0
2011-11-14,0.7644270062446594,0.7853699922561646,0.7644270062446594,0.7818800210952759,0.49689456820487976,910175,0.0,0.0
2011-11-15,0.7818800210952759,0.8098040223121643,0.7748990058898926,0.8063139915466309,0.5124227404594421,3166561,0.0,0.0
2011-11-16,0.802823007106781,0.8342379927635193,0.7958419919013977,0.827256977558136,0.525732159614563,7984730,0.0,0.0
2011-11-17,0.827256977558136,0.8377280235290527,0.8167849779129028,0.827256977558136,0.525732159614563,1249950,0.0,0.0
2011-11-18,0.8237659931182861,0.8342379927635193,0.8202760219573975,0.8202760219573975,0.5212957262992859,779822,0.0,0.0
2011-11-21,0.8202760219573975,0.8237659931182861,0.7888609766960144,0.802823007106781,0.510204017162323,791855,0.0,0.0
2011-11-22,0.7923510074615479,0.7958419919013977,0.7818800210952759,0.7958419919013977,0.5057675838470459,1231902,0.0,0.0
2011-11-23,0.7958419919013977,0.7958419919013977,0.7679179906845093,0.7853699922561646,0.4991125762462616,1060008,0.0,0.0
2011-11-24,0.7783889770507812,0.7783889770507812,0.7679179906845093,0.7748990058898926,0.4924579858779907,757476,0.0,0.0
2011-11-25,0.7818800210952759,0.7923510074615479,0.7748990058898926,0.7888609766960144,0.5013312101364136,1265134,0.0,0.0
2011-11-29,0.7923510074615479,0.802823007106781,0.7888609766960144,0.802823007106781,0.510204017162323,1111003,0.0,0.0
2011-11-30,0.802823007106781,0.8237659931182861,0.7923510074615479,0.8237659931182861,0.5235137939453125,3558478,0.0,0.0
2011-12-01,0.827256977558136,0.827256977558136,0.8098040223121643,0.8167849779129028,0.5190770626068115,2903278,0.0,0.0
2011-12-02,0.8132950067520142,0.8167849779129028,0.802823007106781,0.8167849779129028,0.5190770626068115,1028208,0.0,0.0
2011-12-05,0.802823007106781,0.8202760219573975,0.7993329763412476,0.8167849779129028,0.5190770626068115,774379,0.0,0.0
2011-12-06,0.8167849779129028,0.8237659931182861,0.8132950067520142,0.8237659931182861,0.5235137939453125,1007008,0.0,0.0
2011-12-07,0.8202760219573975,0.8377280235290527,0.8132950067520142,0.8377280235290527,0.5323867797851562,2133196,0.0,0.0
2011-12-08,0.8342379927635193,0.8412190079689026,0.8237659931182861,0.8307470083236694,0.5279502868652344,1768209,0.0,0.0
2011-12-09,0.8237659931182861,0.8307470083236694,0.8237659931182861,0.8307470083236694,0.5279502868652344,978072,0.0,0.0
2011-12-12,0.827256977558136,0.827256977558136,0.8167849779129028,0.8167849779129028,0.5190770626068115,937678,0.0,0.0
2011-12-13,0.8202760219573975,0.8307470083236694,0.8098040223121643,0.8202760219573975,0.5212957262992859,494193,0.0,0.0
2011-12-14,0.8202760219573975,0.827256977558136,0.8167849779129028,0.8167849779129028,0.5190770626068115,830531,0.0,0.0
2011-12-15,0.8098040223121643,0.8237659931182861,0.8098040223121643,0.8167849779129028,0.5190770626068115,869780,0.0,0.0
2011-12-16,0.8307470083236694,0.8412190079689026,0.8167849779129028,0.8202760219573975,0.5212957262992859,2501047,0.0,0.0
2011-12-19,0.8237659931182861,0.827256977558136,0.8202760219573975,0.827256977558136,0.525732159614563,438900,0.0,0.0
2011-12-20,0.827256977558136,0.8516910076141357,0.827256977558136,0.8482000231742859,0.5390417575836182,2872050,0.0,0.0
2011-12-21,0.8482000231742859,0.869143009185791,0.8482000231742859,0.869143009185791,0.5523515343666077,2555194,0.0,0.0
2011-12-22,0.858672022819519,0.869143009185791,0.8551809787750244,0.8656529784202576,0.5501333475112915,817352,0.0,0.0
2011-12-23,0.858672022819519,0.8621619939804077,0.8551809787750244,0.858672022819519,0.5456967949867249,865196,0.0,0.0
2011-12-27,0.8621619939804077,0.8796150088310242,0.8621619939804077,0.8726339936256409,0.5545700192451477,2835380,0.0,0.0
2011-12-28,0.8726339936256409,0.8796150088310242,0.8656529784202576,0.8796150088310242,0.55900639295578,1363973,0.0,0.0
2011-12-29,0.8796150088310242,0.8900859951972961,0.869143009185791,0.8796150088310242,0.55900639295578,1056857,0.0,0.0
2011-12-30,0.8726339936256409,0.8900859951972961,0.8726339936256409,0.8900859951972961,0.565660834312439,1306389,0.0,0.0
2012-01-03,0.8831049799919128,0.8865960240364075,0.8796150088310242,0.8865960240364075,0.5634428858757019,589594,0.0,0.0
2012-01-04,0.8865960240364075,0.893576979637146,0.869143009185791,0.8831049799919128,0.5612243413925171,1484012,0.0,0.0
2012-01-05,0.8726339936256409,0.8831049799919128,0.8656529784202576,0.869143009185791,0.5523515343666077,137514,0.0,0.0
2012-01-06,0.869143009185791,0.869143009185791,0.858672022819519,0.858672022819519,0.5456967949867249,522842,0.0,0.0
2012-01-09,0.858672022819519,0.8726339936256409,0.858672022819519,0.869143009185791,0.5523515343666077,712497,0.0,0.0
2012-01-10,0.8621619939804077,0.8726339936256409,0.8621619939804077,0.8726339936256409,0.5545700192451477,334046,0.0,0.0
2012-01-11,0.8726339936256409,0.8900859951972961,0.8656529784202576,0.8796150088310242,0.55900639295578,1497477,0.0,0.0
2012-01-12,0.8796150088310242,0.8796150088310242,0.8621619939804077,0.8761240243911743,0.5567878484725952,281045,0.0,0.0
2012-01-13,0.8796150088310242,0.8796150088310242,0.8621619939804077,0.8656529784202576,0.5501333475112915,195098,0.0,0.0
2012-01-16,0.858672022819519,0.858672022819519,0.8482000231742859,0.8482000231742859,0.5390417575836182,432025,0.0,0.0
2012-01-17,0.8516910076141357,0.8656529784202576,0.8482000231742859,0.8516910076141357,0.5412602424621582,1198096,0.0,0.0
2012-01-18,0.8551809787750244,0.8656529784202576,0.8482000231742859,0.8656529784202576,0.5501333475112915,540890,0.0,0.0
2012-01-19,0.858672022819519,0.8761240243911743,0.8482000231742859,0.8761240243911743,0.5567878484725952,1236199,0.0,0.0
2012-01-20,0.8726339936256409,0.8796150088310242,0.869143009185791,0.8796150088310242,0.55900639295578,1280032,0.0,0.0
2012-01-25,0.8796150088310242,0.8796150088310242,0.869143009185791,0.869143009185791,0.5523515343666077,417414,0.0,0.0
2012-01-26,0.8761240243911743,0.8761240243911743,0.869143009185791,0.8726339936256409,0.5545700192451477,979218,0.0,0.0
2012-01-27,0.869143009185791,0.8831049799919128,0.869143009185791,0.8831049799919128,0.5612243413925171,1874496,0.0,0.0
2012-01-30,0.8831049799919128,0.8831049799919128,0.869143009185791,0.8761240243911743,0.5567878484725952,122903,0.0,0.0
2012-01-31,0.8726339936256409,0.8796150088310242,0.858672022819519,0.8726339936256409,0.5545700192451477,790995,0.0,0.0
2012-02-02,0.8831049799919128,0.9215009808540344,0.8761240243911743,0.9215009808540344,0.5856255292892456,6826169,0.0,0.0
2012-02-03,0.9215009808540344,0.9424449801445007,0.9075390100479126,0.9389539957046509,0.5967170596122742,3915156,0.0,0.0
2012-02-08,0.949425995349884,0.949425995349884,0.935463011264801,0.9459350109100342,0.6011536717414856,11308861,0.0,0.0
2012-02-09,0.9459350109100342,0.949425995349884,0.9389539957046509,0.9459350109100342,0.6011536717414856,3107544,0.0,0.0
2012-02-10,0.9459350109100342,0.9529160261154175,0.935463011264801,0.9529160261154175,0.6055900454521179,5566478,0.0,0.0
2012-02-13,0.9529160261154175,0.9529160261154175,0.9180110096931458,0.9284819960594177,0.5900619626045227,1793420,0.0,0.0
2012-02-14,0.9319729804992676,0.959896981716156,0.9075390100479126,0.9389539957046509,0.5967170596122742,4876613,0.0,0.0
2012-02-15,0.9319729804992676,0.9459350109100342,0.9319729804992676,0.9424449801445007,0.598935604095459,323159,0.0,0.0
2012-02-16,0.9284819960594177,0.9319729804992676,0.9110299944877625,0.9110299944877625,0.5789712071418762,728541,0.0,0.0
2012-02-17,0.9215009808540344,0.935463011264801,0.9040489792823792,0.9110299944877625,0.5789712071418762,2295635,0.0,0.0
2012-02-20,0.9145200252532959,0.935463011264801,0.9075390100479126,0.9110299944877625,0.5789712071418762,709632,0.0,0.0
2012-02-21,0.9180110096931458,0.9180110096931458,0.9040489792823792,0.9075390100479126,0.5767524242401123,960597,0.0,0.0
2012-02-22,0.9075390100479126,0.9145200252532959,0.9005579948425293,0.9145200252532959,0.581188976764679,2819909,0.0,0.0
2012-02-23,0.9145200252532959,0.9215009808540344,0.8970680236816406,0.9040489792823792,0.57453453540802,2818477,0.0,0.0
2012-02-24,0.9005579948425293,0.9040489792823792,0.8970680236816406,0.8970680236816406,0.5700980424880981,1471979,0.0,0.0
2012-02-27,0.8970680236816406,0.9075390100479126,0.8865960240364075,0.9075390100479126,0.5767524242401123,908456,0.0,0.0
2012-02-28,0.9075390100479126,0.9180110096931458,0.9075390100479126,0.9110299944877625,0.5789712071418762,703903,0.0,0.0
2012-02-29,0.9110299944877625,0.9110299944877625,0.9075390100479126,0.9110299944877625,0.5789712071418762,783260,0.0,0.0
2012-03-01,0.9145200252532959,0.924992024898529,0.9110299944877625,0.9110299944877625,0.5789712071418762,663508,0.0,0.0
2012-03-02,0.9110299944877625,0.959896981716156,0.9110299944877625,0.959896981716156,0.6100265979766846,8539659,0.0,0.0
2012-03-05,0.959896981716156,0.959896981716156,0.9389539957046509,0.9389539957046509,0.5967170596122742,422857,0.0,0.0
2012-03-06,0.9319729804992676,0.935463011264801,0.9180110096931458,0.935463011264801,0.5944984555244446,1718646,0.0,0.0
2012-03-07,0.924992024898529,0.924992024898529,0.9145200252532959,0.9180110096931458,0.5834075212478638,394781,0.0,0.0
2012-03-08,0.935463011264801,0.935463011264801,0.9110299944877625,0.9145200252532959,0.581188976764679,820790,0.0,0.0
2012-03-09,0.924992024898529,0.924992024898529,0.9005579948425293,0.9075390100479126,0.5767524242401123,711065,0.0,0.0
2012-03-12,0.9180110096931458,0.9180110096931458,0.9040489792823792,0.9075390100479126,0.5767524242401123,3722349,0.0,0.0
2012-03-13,0.9075390100479126,0.9110299944877625,0.9005579948425293,0.9040489792823792,0.57453453540802,1410671,0.0,0.0
2012-03-14,0.9075390100479126,0.9284819960594177,0.9075390100479126,0.9284819960594177,0.5900619626045227,1137074,0.0,0.0
2012-03-15,0.9284819960594177,0.9284819960594177,0.9040489792823792,0.9180110096931458,0.5834075212478638,799876,0.0,0.0
2012-03-16,0.9180110096931458,0.9284819960594177,0.9180110096931458,0.9284819960594177,0.5900619626045227,973489,0.0,0.0
2012-03-19,0.9284819960594177,0.9319729804992676,0.924992024898529,0.9284819960594177,0.5900619626045227,864909,0.0,0.0
2012-03-20,0.9284819960594177,0.9389539957046509,0.9180110096931458,0.9215009808540344,0.5856255292892456,544901,0.0,0.0
2012-03-21,0.924992024898529,0.9459350109100342,0.924992024898529,0.9424449801445007,0.598935604095459,1548185,0.0,0.0
2012-03-22,0.9389539957046509,0.9459350109100342,0.9389539957046509,0.9424449801445007,0.598935604095459,744584,0.0,0.0
2012-03-23,0.9529160261154175,0.9529160261154175,0.924992024898529,0.9284819960594177,0.5900619626045227,914185,0.0,0.0
2012-03-26,0.9319729804992676,0.9459350109100342,0.9319729804992676,0.9459350109100342,0.6011536717414856,2011151,0.0,0.0
2012-03-27,0.9389539957046509,0.9389539957046509,0.9075390100479126,0.9145200252532959,0.581188976764679,1926637,0.0,0.0
2012-03-28,0.9110299944877625,0.9215009808540344,0.9110299944877625,0.9180110096931458,0.5834075212478638,302245,0.0,0.0
2012-03-29,0.9110299944877625,0.9180110096931458,0.9075390100479126,0.9180110096931458,0.5834075212478638,795866,0.0,0.0
2012-03-30,0.9145200252532959,0.9215009808540344,0.9110299944877625,0.9180110096931458,0.5834075212478638,631994,0.0,0.0
2012-04-02,0.9145200252532959,0.924992024898529,0.9145200252532959,0.9180110096931458,0.5834075212478638,377019,0.0,0.0
2012-04-03,0.9180110096931458,0.924992024898529,0.9110299944877625,0.9110299944877625,0.5789712071418762,528285,0.0,0.0
2012-04-04,0.9075390100479126,0.924992024898529,0.9075390100479126,0.9180110096931458,0.5834075212478638,2446614,0.0,0.0
2012-04-05,0.9110299944877625,0.9145200252532959,0.9040489792823792,0.9040489792823792,0.57453453540802,405381,0.0,0.0
2012-04-06,0.9075390100479126,0.9145200252532959,0.9040489792823792,0.9145200252532959,0.581188976764679,760627,0.0,0.0
2012-04-09,0.9180110096931458,0.9180110096931458,0.8970680236816406,0.9005579948425293,0.5723159313201904,712211,0.0,0.0
2012-04-10,0.9005579948425293,0.924992024898529,0.9005579948425293,0.9040489792823792,0.57453453540802,913039,0.0,0.0
2012-04-12,0.9040489792823792,0.9075390100479126,0.9005579948425293,0.9005579948425293,0.5723159313201904,313418,0.0,0.0
2012-04-13,0.9110299944877625,0.9110299944877625,0.9005579948425293,0.9040489792823792,0.57453453540802,595896,0.0,0.0
2012-04-16,0.9005579948425293,0.9005579948425293,0.893576979637146,0.9005579948425293,0.5723159313201904,207990,0.0,0.0
2012-04-17,0.9075390100479126,0.9075390100479126,0.893576979637146,0.8970680236816406,0.5700980424880981,368424,0.0,0.0
2012-04-18,0.8970680236816406,0.9110299944877625,0.893576979637146,0.893576979637146,0.5678794384002686,661216,0.0,0.0
2012-04-19,0.8970680236816406,0.8970680236816406,0.8900859951972961,0.893576979637146,0.5678794384002686,1611499,0.0,0.0
2012-04-20,0.8900859951972961,0.8900859951972961,0.8726339936256409,0.8796150088310242,0.55900639295578,802455,0.0,0.0
2012-04-23,0.8761240243911743,0.8761240243911743,0.8656529784202576,0.8656529784202576,0.5501333475112915,393349,0.0,0.0
2012-04-24,0.8656529784202576,0.8656529784202576,0.8377280235290527,0.8412190079689026,0.5346053242683411,2100822,0.0,0.0
2012-04-25,0.8377280235290527,0.8551809787750244,0.827256977558136,0.8307470083236694,0.5279502868652344,1774225,0.0,0.0
2012-04-26,0.8307470083236694,0.8307470083236694,0.7958419919013977,0.802823007106781,0.510204017162323,2568372,0.0,0.0
2012-04-27,0.802823007106781,0.8377280235290527,0.802823007106781,0.8342379927635193,0.5301686525344849,892699,0.0,0.0
2012-04-30,0.8342379927635193,0.8412190079689026,0.8307470083236694,0.8377280235290527,0.5323867797851562,343213,0.0,0.0
2012-05-02,0.8377280235290527,0.8447089791297913,0.8202760219573975,0.8237659931182861,0.5235137939453125,416554,0.0,0.0
2012-05-03,0.8237659931182861,0.8237659931182861,0.8167849779129028,0.8167849779129028,0.5190770626068115,337197,0.0,0.0
2012-05-04,0.8167849779129028,0.827256977558136,0.8063139915466309,0.8063139915466309,0.5124227404594421,2022611,0.0,0.0
2012-05-07,0.8063139915466309,0.8063139915466309,0.7923510074615479,0.7993329763412476,0.5079861283302307,1318421,0.0,0.0
2012-05-08,0.7958419919013977,0.8063139915466309,0.7958419919013977,0.802823007106781,0.510204017162323,216872,0.0,0.0
2012-05-09,0.802823007106781,0.858672022819519,0.802823007106781,0.827256977558136,0.525732159614563,6783769,0.0,0.0
2012-05-10,0.8447089791297913,0.8447089791297913,0.802823007106781,0.8098040223121643,0.5146405696868896,2075898,0.0,0.0
2012-05-11,0.8098040223121643,0.8237659931182861,0.8098040223121643,0.8132950067520142,0.5168593525886536,1131630,0.0,0.0
2012-05-14,0.8132950067520142,0.8132950067520142,0.7958419919013977,0.7993329763412476,0.5079861283302307,2371841,0.0,0.0
2012-05-15,0.7993329763412476,0.802823007106781,0.7818800210952759,0.7923510074615479,0.5035489797592163,898142,0.0,0.0
2012-05-16,0.7783889770507812,0.7853699922561646,0.7679179906845093,0.7679179906845093,0.48802146315574646,1843555,0.0,0.0
2012-05-17,0.7679179906845093,0.7714080214500427,0.7644270062446594,0.7679179906845093,0.48802146315574646,1539018,0.0,0.0
2012-05-18,0.7679179906845093,0.7679179906845093,0.7574459910392761,0.7574459910392761,0.48136651515960693,2279591,0.0,0.0
2012-05-21,0.7714080214500427,0.7714080214500427,0.746973991394043,0.7574459910392761,0.48136651515960693,1402362,0.0,0.0
2012-05-22,0.760936975479126,0.760936975479126,0.7504649758338928,0.7539560198783875,0.4791485369205475,2543734,0.0,0.0
2012-05-23,0.7539560198783875,0.7644270062446594,0.7399929761886597,0.7574459910392761,0.48136651515960693,3070301,0.0,0.0
2012-05-24,0.7574459910392761,0.7644270062446594,0.746973991394043,0.7504649758338928,0.4769299030303955,3931200,0.0,0.0
2012-05-25,0.7539560198783875,0.7714080214500427,0.746973991394043,0.7644270062446594,0.4858029782772064,10070369,0.0,0.0
2012-05-28,0.7714080214500427,0.8098040223121643,0.7679179906845093,0.802823007106781,0.510204017162323,6275538,0.0,0.0
2012-05-29,0.802823007106781,0.802823007106781,0.7923510074615479,0.7993329763412476,0.5079861283302307,786984,0.0,0.0
2012-05-30,0.7888609766960144,0.7923510074615479,0.7748990058898926,0.7888609766960144,0.5013312101364136,2063865,0.0,0.0
2012-05-31,0.7853699922561646,0.827256977558136,0.7853699922561646,0.7923510074615479,0.5035489797592163,10643633,0.0,0.0
2012-06-01,0.7923510074615479,0.7993329763412476,0.7888609766960144,0.7958419919013977,0.5057675838470459,6090753,0.0,0.0
2012-06-04,0.7853699922561646,0.7993329763412476,0.7748990058898926,0.7923510074615479,0.5035489797592163,1252242,0.0,0.0
2012-06-05,0.7923510074615479,0.8063139915466309,0.7923510074615479,0.802823007106781,0.510204017162323,663221,0.0,0.0
2012-06-06,0.802823007106781,0.8098040223121643,0.7958419919013977,0.8063139915466309,0.5124227404594421,561804,0.0,0.0
2012-06-07,0.8098040223121643,0.8447089791297913,0.8098040223121643,0.8377280235290527,0.5323867797851562,7828594,0.0,0.0
2012-06-08,0.8377280235290527,0.8447089791297913,0.8342379927635193,0.8447089791297913,0.5368231534957886,3599732,0.0,0.0
2012-06-11,0.8447089791297913,0.8621619939804077,0.8377280235290527,0.8377280235290527,0.5323867797851562,2362387,0.0,0.0
2012-06-12,0.8377280235290527,0.8412190079689026,0.827256977558136,0.8412190079689026,0.5346053242683411,114882,0.0,0.0
2012-06-13,0.8202760219573975,0.8412190079689026,0.8202760219573975,0.8377280235290527,0.5323867797851562,1873350,0.0,0.0
2012-06-14,0.827256977558136,0.827256977558136,0.8063139915466309,0.8063139915466309,0.5124227404594421,519404,0.0,0.0
2012-06-15,0.8098040223121643,0.8098040223121643,0.7679179906845093,0.7679179906845093,0.48802146315574646,9704523,0.0,0.0
2012-06-18,0.7888609766960144,0.8098040223121643,0.7818800210952759,0.7993329763412476,0.5079861283302307,3481412,0.0,0.0
2012-06-19,0.7993329763412476,0.7993329763412476,0.7888609766960144,0.7923510074615479,0.5035489797592163,690151,0.0,0.0
2012-06-20,0.7923510074615479,0.7958419919013977,0.7853699922561646,0.7923510074615479,0.5035489797592163,1881658,0.0,0.0
2012-06-21,0.7993329763412476,0.7993329763412476,0.7888609766960144,0.7888609766960144,0.5013312101364136,9678452,0.0,0.0
2012-06-22,0.7853699922561646,0.7958419919013977,0.7853699922561646,0.7923510074615479,0.5035489797592163,1523834,0.0,0.0
2012-06-25,0.802823007106781,0.8167849779129028,0.802823007106781,0.8098040223121643,0.5146405696868896,1068316,0.0,0.0
2012-06-26,0.802823007106781,0.8132950067520142,0.7993329763412476,0.8063139915466309,0.5124227404594421,199396,0.0,0.0
2012-06-27,0.8063139915466309,0.8132950067520142,0.802823007106781,0.8063139915466309,0.5124227404594421,431165,0.0,0.0
2012-06-28,0.8063139915466309,0.8098040223121643,0.802823007106781,0.802823007106781,0.510204017162323,1596029,0.0,0.0
2012-06-29,0.802823007106781,0.8202760219573975,0.802823007106781,0.802823007106781,0.510204017162323,2560637,0.0,0.0
2012-07-02,0.802823007106781,0.8098040223121643,0.7993329763412476,0.8063139915466309,0.5124227404594421,1012451,0.0,0.0
2012-07-03,0.7993329763412476,0.8063139915466309,0.7993329763412476,0.802823007106781,0.510204017162323,1177469,0.0,0.0
2012-07-04,0.802823007106781,0.8063139915466309,0.7888609766960144,0.7958419919013977,0.5057675838470459,3261675,0.0,0.0
2012-07-05,0.7923510074615479,0.7993329763412476,0.7923510074615479,0.7993329763412476,0.5079861283302307,2131190,0.0,0.0
2012-07-06,0.7993329763412476,0.8098040223121643,0.7958419919013977,0.8098040223121643,0.5146405696868896,2004849,0.0,0.0
2012-07-09,0.7993329763412476,0.7993329763412476,0.7923510074615479,0.7923510074615479,0.5035489797592163,1073760,0.0,0.0
2012-07-10,0.7923510074615479,0.7923510074615479,0.7853699922561646,0.7888609766960144,0.5013312101364136,2850277,0.0,0.0
2012-07-11,0.7888609766960144,0.8098040223121643,0.7888609766960144,0.802823007106781,0.510204017162323,1726095,0.0,0.0
2012-07-12,0.802823007106781,0.8063139915466309,0.7993329763412476,0.802823007106781,0.510204017162323,1671948,0.0,0.0
2012-07-13,0.7958419919013977,0.8098040223121643,0.7923510074615479,0.8063139915466309,0.5124227404594421,830531,0.0,0.0
2012-07-16,0.8063139915466309,0.8063139915466309,0.7993329763412476,0.802823007106781,0.510204017162323,3227010,0.0,0.0
2012-07-17,0.802823007106781,0.8063139915466309,0.802823007106781,0.802823007106781,0.510204017162323,2211120,0.0,0.0
2012-07-18,0.7993329763412476,0.802823007106781,0.7958419919013977,0.802823007106781,0.510204017162323,1237058,0.0,0.0
2012-07-19,0.7958419919013977,0.8063139915466309,0.7958419919013977,0.802823007106781,0.510204017162323,216585,0.0,0.0
2012-07-20,0.802823007106781,0.8098040223121643,0.802823007106781,0.8098040223121643,0.5146405696868896,1582564,0.0,0.0
2012-07-23,0.8063139915466309,0.8063139915466309,0.802823007106781,0.802823007106781,0.510204017162323,724243,0.0,0.0
2012-07-24,0.7958419919013977,0.8098040223121643,0.7818800210952759,0.7993329763412476,0.5079861283302307,2493598,0.0,0.0
2012-07-25,0.7993329763412476,0.8063139915466309,0.7993329763412476,0.8063139915466309,0.5124227404594421,742292,0.0,0.0
2012-07-26,0.8063139915466309,0.8063139915466309,0.7888609766960144,0.7888609766960144,0.5013312101364136,994689,0.0,0.0
2012-07-27,0.7888609766960144,0.802823007106781,0.7888609766960144,0.7923510074615479,0.5035489797592163,211142,0.0,0.0
2012-07-30,0.7958419919013977,0.802823007106781,0.7888609766960144,0.802823007106781,0.510204017162323,1235053,0.0,0.0
2012-07-31,0.802823007106781,0.8063139915466309,0.7888609766960144,0.7888609766960144,0.5013312101364136,1636424,0.0,0.0
2012-08-01,0.7888609766960144,0.7888609766960144,0.7818800210952759,0.7818800210952759,0.49689456820487976,5637241,0.0,0.0
2012-08-02,0.7818800210952759,0.7818800210952759,0.7783889770507812,0.7818800210952759,0.49689456820487976,1029354,0.0,0.0
2012-08-03,0.7783889770507812,0.7818800210952759,0.7644270062446594,0.7679179906845093,0.48802146315574646,3558478,0.0,0.0
2012-08-06,0.7748990058898926,0.7748990058898926,0.7679179906845093,0.7748990058898926,0.4924579858779907,6257489,0.0,0.0
2012-08-07,0.7679179906845093,0.7818800210952759,0.7644270062446594,0.7714080214500427,0.49023962020874023,11027242,0.0,0.0
2012-08-08,0.7679179906845093,0.7818800210952759,0.760936975479126,0.7679179906845093,0.48802146315574646,13658069,0.0,0.0
2012-08-09,0.7679179906845093,0.7888609766960144,0.7679179906845093,0.7888609766960144,0.5013312101364136,696740,0.0,0.0
2012-08-10,0.7853699922561646,0.7853699922561646,0.7748990058898926,0.7748990058898926,0.4924579858779907,1507790,0.0,0.0
2012-08-13,0.7783889770507812,0.7783889770507812,0.7714080214500427,0.7714080214500427,0.49023962020874023,1129625,0.0,0.0
2012-08-14,0.7679179906845093,0.7783889770507812,0.7679179906845093,0.7714080214500427,0.49023962020874023,1179188,0.0,0.0
2012-08-15,0.7714080214500427,0.7783889770507812,0.7679179906845093,0.7679179906845093,0.48802146315574646,1329021,0.0,0.0
2012-08-16,0.7679179906845093,0.7818800210952759,0.7679179906845093,0.7783889770507812,0.49467599391937256,637437,0.0,0.0
2012-08-17,0.7748990058898926,0.7748990058898926,0.7679179906845093,0.7679179906845093,0.48802146315574646,2646297,0.0,0.0
2012-08-22,0.7644270062446594,0.7714080214500427,0.7644270062446594,0.7714080214500427,0.49023962020874023,34951,0.0,0.0
2012-08-23,0.7783889770507812,0.7783889770507812,0.7679179906845093,0.7748990058898926,0.4924579858779907,1267140,0.0,0.0
2012-08-24,0.7748990058898926,0.7783889770507812,0.7748990058898926,0.7783889770507812,0.49467599391937256,489036,0.0,0.0
2012-08-27,0.7818800210952759,0.7923510074615479,0.7783889770507812,0.7888609766960144,0.5013312101364136,1963021,0.0,0.0
2012-08-28,0.7783889770507812,0.7888609766960144,0.7783889770507812,0.7853699922561646,0.4991125762462616,956586,0.0,0.0
2012-08-29,0.7818800210952759,0.7853699922561646,0.7748990058898926,0.7748990058898926,0.4924579858779907,1785398,0.0,0.0
2012-08-30,0.7783889770507812,0.7888609766960144,0.7748990058898926,0.7748990058898926,0.4924579858779907,285056,0.0,0.0
2012-09-03,0.7818800210952759,0.7818800210952759,0.7748990058898926,0.7783889770507812,0.49467599391937256,469841,0.0,0.0
2012-09-04,0.7783889770507812,0.7853699922561646,0.7783889770507812,0.7818800210952759,0.49689456820487976,262137,0.0,0.0
2012-09-05,0.7818800210952759,0.7818800210952759,0.7783889770507812,0.7818800210952759,0.49689456820487976,1377151,0.0,0.0
2012-09-06,0.7748990058898926,0.7818800210952759,0.7714080214500427,0.7818800210952759,0.49689456820487976,1783393,0.0,0.0
2012-09-07,0.7818800210952759,0.7888609766960144,0.7783889770507812,0.7888609766960144,0.5013312101364136,731119,0.0,0.0
2012-09-10,0.7888609766960144,0.7888609766960144,0.760936975479126,0.760936975479126,0.48358502984046936,1414681,0.0,0.0
2012-09-11,0.7679179906845093,0.7748990058898926,0.7574459910392761,0.7679179906845093,0.48802146315574646,2187628,0.0,0.0
2012-09-12,0.7679179906845093,0.7748990058898926,0.7644270062446594,0.7748990058898926,0.4924579858779907,1422130,0.0,0.0
2012-09-13,0.7714080214500427,0.7888609766960144,0.7714080214500427,0.7853699922561646,0.4991125762462616,1764484,0.0,0.0
2012-09-14,0.7783889770507812,0.7923510074615479,0.7783889770507812,0.7783889770507812,0.49467599391937256,57297,0.0,0.0
2012-09-18,0.7748990058898926,0.7888609766960144,0.7748990058898926,0.7888609766960144,0.5013312101364136,1875642,0.0,0.0
2012-09-19,0.7888609766960144,0.7923510074615479,0.7783889770507812,0.7888609766960144,0.5013312101364136,1998259,0.0,0.0
2012-09-20,0.7888609766960144,0.7993329763412476,0.7853699922561646,0.7923510074615479,0.5035489797592163,2238623,0.0,0.0
2012-09-21,0.7923510074615479,0.7993329763412476,0.7853699922561646,0.7923510074615479,0.5035489797592163,1201534,0.0,0.0
2012-09-24,0.7748990058898926,0.7923510074615479,0.7748990058898926,0.7923510074615479,0.5035489797592163,360116,0.0,0.0
2012-09-25,0.7853699922561646,0.7923510074615479,0.7853699922561646,0.7923510074615479,0.5035489797592163,1445909,0.0,0.0
2012-09-26,0.7958419919013977,0.7958419919013977,0.7923510074615479,0.7923510074615479,0.5035489797592163,259272,0.0,0.0
2012-09-27,0.7923510074615479,0.7923510074615479,0.7853699922561646,0.7923510074615479,0.5035489797592163,1466536,0.0,0.0
2012-09-28,0.7888609766960144,0.802823007106781,0.7888609766960144,0.802823007106781,0.510204017162323,2308527,0.0,0.0
2012-10-01,0.7923510074615479,0.7923510074615479,0.7923510074615479,0.7923510074615479,0.5035489797592163,22632,0.0,0.0
2012-10-02,0.7993329763412476,0.7993329763412476,0.7923510074615479,0.7923510074615479,0.5035489797592163,706481,0.0,0.0
2012-10-03,0.7923510074615479,0.7958419919013977,0.7923510074615479,0.7923510074615479,0.5035489797592163,350375,0.0,0.0
2012-10-04,0.7888609766960144,0.7958419919013977,0.7853699922561646,0.7853699922561646,0.4991125762462616,996981,0.0,0.0
2012-10-05,0.7888609766960144,0.7993329763412476,0.7888609766960144,0.7993329763412476,0.5079861283302307,1193226,0.0,0.0
2012-10-08,0.7993329763412476,0.8063139915466309,0.7923510074615479,0.802823007106781,0.510204017162323,2254667,0.0,0.0
2012-10-09,0.7993329763412476,0.8063139915466309,0.7993329763412476,0.8063139915466309,0.5124227404594421,535447,0.0,0.0
2012-10-10,0.802823007106781,0.8063139915466309,0.802823007106781,0.802823007106781,0.510204017162323,616237,0.0,0.0
2012-10-11,0.802823007106781,0.8098040223121643,0.802823007106781,0.8063139915466309,0.5124227404594421,786411,0.0,0.0
2012-10-12,0.8063139915466309,0.8063139915466309,0.802823007106781,0.8063139915466309,0.5124227404594421,191088,0.0,0.0
2012-10-15,0.8063139915466309,0.8063139915466309,0.7993329763412476,0.802823007106781,0.510204017162323,395354,0.0,0.0
2012-10-16,0.802823007106781,0.8132950067520142,0.802823007106781,0.8063139915466309,0.5124227404594421,438614,0.0,0.0
2012-10-17,0.8063139915466309,0.8132950067520142,0.8063139915466309,0.8098040223121643,0.5146405696868896,177909,0.0,0.0
2012-10-18,0.802823007106781,0.8098040223121643,0.802823007106781,0.8098040223121643,0.5146405696868896,424289,0.0,0.0
2012-10-19,0.8098040223121643,0.8098040223121643,0.8063139915466309,0.8098040223121643,0.5146405696868896,229191,0.0,0.0
2012-10-22,0.802823007106781,0.8098040223121643,0.802823007106781,0.8063139915466309,0.5124227404594421,627410,0.0,0.0
2012-10-23,0.802823007106781,0.8063139915466309,0.802823007106781,0.8063139915466309,0.5124227404594421,514533,0.0,0.0
2012-10-24,0.802823007106781,0.8726339936256409,0.802823007106781,0.8726339936256409,0.5545700192451477,1209842,0.0,0.0
2012-10-25,0.8656529784202576,0.8656529784202576,0.8202760219573975,0.8377280235290527,0.5323867797851562,1389470,0.0,0.0
2012-10-29,0.8377280235290527,0.8412190079689026,0.8342379927635193,0.8377280235290527,0.5323867797851562,834542,0.0,0.0
2012-10-30,0.8342379927635193,0.8377280235290527,0.8307470083236694,0.8342379927635193,0.5301686525344849,1884523,0.0,0.0
2012-10-31,0.8342379927635193,0.8342379927635193,0.8202760219573975,0.8237659931182861,0.5235137939453125,180201,0.0,0.0
2012-11-01,0.8202760219573975,0.8202760219573975,0.8132950067520142,0.8167849779129028,0.5190770626068115,511955,0.0,0.0
2012-11-02,0.8167849779129028,0.8377280235290527,0.8098040223121643,0.8342379927635193,0.5301686525344849,537453,0.0,0.0
2012-11-05,0.8202760219573975,0.8342379927635193,0.8132950067520142,0.8307470083236694,0.5279502868652344,339489,0.0,0.0
2012-11-06,0.8237659931182861,0.8237659931182861,0.8132950067520142,0.8132950067520142,0.5168593525886536,927364,0.0,0.0
2012-11-07,0.8132950067520142,0.8237659931182861,0.8063139915466309,0.8132950067520142,0.5168593525886536,1051414,0.0,0.0
2012-11-08,0.8132950067520142,0.8132950067520142,0.8098040223121643,0.8098040223121643,0.5146405696868896,332900,0.0,0.0
2012-11-09,0.8098040223121643,0.8132950067520142,0.8098040223121643,0.8132950067520142,0.5168593525886536,109438,0.0,0.0
2012-11-12,0.8098040223121643,0.8132950067520142,0.8098040223121643,0.8132950067520142,0.5168593525886536,286488,0.0,0.0
2012-11-14,0.8132950067520142,0.8167849779129028,0.8098040223121643,0.8132950067520142,0.5168593525886536,749168,0.0,0.0
2012-11-16,0.802823007106781,0.8063139915466309,0.7888609766960144,0.7888609766960144,0.5013312101364136,461820,0.0,0.0
2012-11-19,0.7888609766960144,0.802823007106781,0.7888609766960144,0.802823007106781,0.510204017162323,1138793,0.0,0.0
2012-11-20,0.802823007106781,0.8063139915466309,0.7993329763412476,0.802823007106781,0.510204017162323,426295,0.0,0.0
2012-11-21,0.802823007106781,0.802823007106781,0.7993329763412476,0.802823007106781,0.510204017162323,1384600,0.0,0.0
2012-11-22,0.7958419919013977,0.802823007106781,0.7958419919013977,0.802823007106781,0.510204017162323,981510,0.0,0.0
2012-11-23,0.802823007106781,0.8063139915466309,0.7888609766960144,0.7888609766960144,0.5013312101364136,2003130,0.0,0.0
2012-11-26,0.7923510074615479,0.802823007106781,0.7923510074615479,0.802823007106781,0.510204017162323,1433590,0.0,0.0
2012-11-27,0.7888609766960144,0.8098040223121643,0.7888609766960144,0.7888609766960144,0.5013312101364136,3726360,0.0,0.0
2012-11-28,0.7888609766960144,0.802823007106781,0.7888609766960144,0.802823007106781,0.510204017162323,2378430,0.0,0.0
2012-11-29,0.802823007106781,0.802823007106781,0.802823007106781,0.802823007106781,0.510204017162323,2687838,0.0,0.0
2012-11-30,0.802823007106781,0.8063139915466309,0.802823007106781,0.802823007106781,0.510204017162323,617956,0.0,0.0
2012-12-03,0.7888609766960144,0.8063139915466309,0.7888609766960144,0.802823007106781,0.510204017162323,625691,0.0,0.0
2012-12-04,0.802823007106781,0.8063139915466309,0.802823007106781,0.802823007106781,0.510204017162323,863190,0.0,0.0
2012-12-05,0.8063139915466309,0.8132950067520142,0.802823007106781,0.8063139915466309,0.5124227404594421,1673667,0.0,0.0
2012-12-06,0.8132950067520142,0.8167849779129028,0.8098040223121643,0.8132950067520142,0.5168593525886536,1174031,0.0,0.0
2012-12-07,0.8132950067520142,0.8167849779129028,0.8098040223121643,0.8167849779129028,0.5190770626068115,585583,0.0,0.0
2012-12-10,0.8167849779129028,0.8202760219573975,0.8167849779129028,0.8167849779129028,0.5190770626068115,1138793,0.0,0.0
2012-12-11,0.8132950067520142,0.8237659931182861,0.8132950067520142,0.8202760219573975,0.5212957262992859,1522115,0.0,0.0
2012-12-12,0.8202760219573975,0.8237659931182861,0.8202760219573975,0.8202760219573975,0.5212957262992859,1854155,0.0,0.0
2012-12-13,0.8202760219573975,0.8237659931182861,0.8167849779129028,0.8202760219573975,0.5212957262992859,1734117,0.0,0.0
2012-12-14,0.8202760219573975,0.8237659931182861,0.8202760219573975,0.8202760219573975,0.5212957262992859,1699165,0.0,0.0
2012-12-17,0.8098040223121643,0.8132950067520142,0.802823007106781,0.8098040223121643,0.5146405696868896,1871345,0.0,0.0
2012-12-18,0.8098040223121643,0.8132950067520142,0.8063139915466309,0.8098040223121643,0.5146405696868896,1217864,0.0,0.0
2012-12-19,0.802823007106781,0.8202760219573975,0.802823007106781,0.8132950067520142,0.5168593525886536,2528264,0.0,0.0
2012-12-20,0.8132950067520142,0.8167849779129028,0.8132950067520142,0.8167849779129028,0.5190770626068115,1548472,0.0,0.0
2012-12-21,0.8132950067520142,0.8167849779129028,0.8132950067520142,0.8167849779129028,0.5190770626068115,1007294,0.0,0.0
2012-12-24,0.802823007106781,0.8167849779129028,0.7888609766960144,0.8167849779129028,0.5190770626068115,1686559,0.0,0.0
2012-12-26,0.8132950067520142,0.8167849779129028,0.8132950067520142,0.8167849779129028,0.5190770626068115,2023757,0.0,0.0
2012-12-27,0.8098040223121643,0.8202760219573975,0.8098040223121643,0.8167849779129028,0.5190770626068115,1968464,0.0,0.0
2012-12-28,0.8167849779129028,0.8167849779129028,0.8132950067520142,0.8167849779129028,0.5190770626068115,934813,0.0,0.0
2012-12-31,0.8098040223121643,0.8307470083236694,0.8098040223121643,0.8307470083236694,0.5279502868652344,1586861,0.0,0.0
2013-01-02,0.8098040223121643,0.8237659931182861,0.8098040223121643,0.8202760219573975,0.5212957262992859,649183,0.0,0.0
2013-01-03,0.8132950067520142,0.8342379927635193,0.8132950067520142,0.8342379927635193,0.5301686525344849,1008154,0.0,0.0
2013-01-04,0.8342379927635193,0.8377280235290527,0.8307470083236694,0.8377280235290527,0.5323867797851562,2659189,0.0,0.0
2013-01-07,0.8377280235290527,0.8551809787750244,0.8377280235290527,0.8482000231742859,0.5390417575836182,1341627,0.0,0.0
2013-01-08,0.8482000231742859,0.8516910076141357,0.8447089791297913,0.8482000231742859,0.5390417575836182,1519250,0.0,0.0
2013-01-09,0.8482000231742859,0.8516910076141357,0.8447089791297913,0.8482000231742859,0.5390417575836182,1738987,0.0,0.0
2013-01-10,0.8482000231742859,0.8482000231742859,0.8377280235290527,0.8447089791297913,0.5368231534957886,1131344,0.0,0.0
2013-01-11,0.8447089791297913,0.8447089791297913,0.8307470083236694,0.8342379927635193,0.5301686525344849,1391762,0.0,0.0
2013-01-14,0.8342379927635193,0.8377280235290527,0.8202760219573975,0.827256977558136,0.525732159614563,65032,0.0,0.0
2013-01-15,0.827256977558136,0.827256977558136,0.8237659931182861,0.8237659931182861,0.5235137939453125,173325,0.0,0.0
2013-01-16,0.8237659931182861,0.8342379927635193,0.8237659931182861,0.8342379927635193,0.5301686525344849,768363,0.0,0.0
2013-01-17,0.8237659931182861,0.8412190079689026,0.8237659931182861,0.827256977558136,0.525732159614563,3023603,0.0,0.0
2013-01-18,0.8237659931182861,0.8342379927635193,0.8237659931182861,0.8307470083236694,0.5279502868652344,493047,0.0,0.0
2013-01-21,0.8307470083236694,0.8342379927635193,0.802823007106781,0.8098040223121643,0.5146405696868896,1823501,0.0,0.0
2013-01-22,0.7958419919013977,0.8098040223121643,0.7853699922561646,0.8098040223121643,0.5146405696868896,1452784,0.0,0.0
2013-01-23,0.8098040223121643,0.827256977558136,0.8098040223121643,0.827256977558136,0.525732159614563,1806885,0.0,0.0
2013-01-25,0.8307470083236694,0.8342379927635193,0.827256977558136,0.8342379927635193,0.5301686525344849,1201534,0.0,0.0
2013-01-29,0.8307470083236694,0.8342379927635193,0.8237659931182861,0.8307470083236694,0.5279502868652344,3339314,0.0,0.0
2013-01-30,0.827256977558136,0.8377280235290527,0.827256977558136,0.8377280235290527,0.5323867797851562,4437139,0.0,0.0
2013-01-31,0.8377280235290527,0.8377280235290527,0.8307470083236694,0.8377280235290527,0.5323867797851562,2574388,0.0,0.0
2013-02-04,0.8377280235290527,0.8447089791297913,0.8307470083236694,0.8377280235290527,0.5323867797851562,8859094,0.0,0.0
2013-02-05,0.8307470083236694,0.8377280235290527,0.827256977558136,0.8342379927635193,0.5301686525344849,5897086,0.0,0.0
2013-02-06,0.8237659931182861,0.8447089791297913,0.8237659931182861,0.8447089791297913,0.5368231534957886,4011416,0.0,0.0
2013-02-07,0.827256977558136,0.827256977558136,0.8202760219573975,0.827256977558136,0.525732159614563,2060141,0.0,0.0
2013-02-08,0.8307470083236694,0.8377280235290527,0.8237659931182861,0.8377280235290527,0.5323867797851562,1392622,0.0,0.0
2013-02-13,0.8377280235290527,0.8412190079689026,0.8377280235290527,0.8412190079689026,0.5346053242683411,2580118,0.0,0.0
2013-02-14,0.8377280235290527,0.8447089791297913,0.8377280235290527,0.8412190079689026,0.5346053242683411,3018446,0.0,0.0
2013-02-15,0.8412190079689026,0.8447089791297913,0.8377280235290527,0.8447089791297913,0.5368231534957886,5581662,0.0,0.0
2013-02-18,0.8307470083236694,0.8447089791297913,0.8307470083236694,0.8447089791297913,0.5368231534957886,735416,0.0,0.0
2013-02-19,0.8447089791297913,0.858672022819519,0.8447089791297913,0.858672022819519,0.5456967949867249,3636976,0.0,0.0
2013-02-20,0.8551809787750244,0.8796150088310242,0.8551809787750244,0.8796150088310242,0.55900639295578,7184853,0.0,0.0
2013-02-21,0.8831049799919128,0.8970680236816406,0.8726339936256409,0.8900859951972961,0.565660834312439,7400866,0.0,0.0
2013-02-22,0.8865960240364075,0.8865960240364075,0.8726339936256409,0.8865960240364075,0.5634428858757019,4819601,0.0,0.0
2013-02-25,0.8831049799919128,0.8831049799919128,0.8761240243911743,0.8796150088310242,0.55900639295578,3146793,0.0,0.0
2013-02-26,0.8761240243911743,0.8761240243911743,0.869143009185791,0.8726339936256409,0.5545700192451477,1825506,0.0,0.0
2013-02-27,0.8726339936256409,0.893576979637146,0.869143009185791,0.8900859951972961,0.565660834312439,3196356,0.0,0.0
2013-02-28,0.8900859951972961,0.8970680236816406,0.869143009185791,0.869143009185791,0.5523515343666077,5012122,0.0,0.0
2013-03-01,0.8796150088310242,0.8970680236816406,0.8796150088310242,0.8900859951972961,0.565660834312439,1118165,0.0,0.0
2013-03-04,0.8900859951972961,0.9110299944877625,0.8900859951972961,0.9075390100479126,0.5767524242401123,3163123,0.0,0.0
2013-03-05,0.9075390100479126,0.9110299944877625,0.9040489792823792,0.9075390100479126,0.5767524242401123,1573683,0.0,0.0
2013-03-06,0.9075390100479126,0.9389539957046509,0.9075390100479126,0.9284819960594177,0.5900619626045227,6549708,0.0,0.0
2013-03-07,0.9319729804992676,0.949425995349884,0.9319729804992676,0.9389539957046509,0.5967170596122742,6757126,0.0,0.0
2013-03-08,0.9459350109100342,0.9808400273323059,0.9459350109100342,0.9738590121269226,0.6188995838165283,7640657,0.0,0.0
2013-03-11,0.9703689813613892,0.9843310117721558,0.959896981716156,0.9633880257606506,0.6122452616691589,1740419,0.0,0.0
2013-03-12,0.9738590121269226,0.9738590121269226,0.959896981716156,0.9633880257606506,0.6122452616691589,4486415,0.0,0.0
2013-03-13,0.9633880257606506,0.9633880257606506,0.949425995349884,0.949425995349884,0.6033720970153809,6388128,0.0,0.0
2013-03-14,0.949425995349884,0.9633880257606506,0.949425995349884,0.9529160261154175,0.6055900454521179,2853428,0.0,0.0
2013-03-15,0.959896981716156,0.9633880257606506,0.9529160261154175,0.959896981716156,0.6100265979766846,978932,0.0,0.0
2013-03-18,0.959896981716156,0.959896981716156,0.9424449801445007,0.9529160261154175,0.6055900454521179,1341627,0.0,0.0
2013-03-19,0.9529160261154175,0.9564070105552673,0.949425995349884,0.9564070105552673,0.6078087091445923,753752,0.0,0.0
2013-03-20,0.9529160261154175,0.9878219962120056,0.949425995349884,0.9878219962120056,0.6277733445167542,2134341,0.0,0.0
2013-03-21,0.9878219962120056,0.9948030114173889,0.9808400273323059,0.9843310117721558,0.6255545616149902,3200080,0.0,0.0
2013-03-22,0.9843310117721558,0.9843310117721558,0.9668779969215393,0.9843310117721558,0.6255545616149902,2696433,0.0,0.0
2013-03-25,0.9843310117721558,0.9843310117721558,0.9703689813613892,0.9703689813613892,0.6166818141937256,1741852,0.0,0.0
2013-03-26,0.9703689813613892,0.9738590121269226,0.9633880257606506,0.9738590121269226,0.6188995838165283,3692268,0.0,0.0
2013-03-27,0.9773499965667725,0.9948030114173889,0.9738590121269226,0.9913120269775391,0.6299912929534912,6739363,0.0,0.0
2013-03-28,0.9913120269775391,1.0436700582504272,0.9878219962120056,1.0297080278396606,0.6543923616409302,7564451,0.0,0.0
2013-03-29,1.0297080278396606,1.0471609830856323,1.0122549533843994,1.036689043045044,0.6588290333747864,2349208,0.0,0.0
2013-04-01,1.036689043045044,1.036689043045044,1.0087649822235107,1.015745997428894,0.6455193758010864,2109990,0.0,0.0
2013-04-02,1.015745997428894,1.0471609830856323,1.015745997428894,1.0471609830856323,0.6654840707778931,2743417,0.0,0.0
2013-04-03,1.0471609830856323,1.0646129846572876,1.015745997428894,1.036689043045044,0.6588290333747864,7822578,0.0,0.0
2013-04-04,1.0297080278396606,1.071593999862671,1.0297080278396606,1.0681040287017822,0.678793728351593,6863413,0.0,0.0
2013-04-05,1.0681040287017822,1.1030089855194092,1.0681040287017822,1.1030089855194092,0.7009760737419128,8855656,0.0,0.0
2013-04-08,1.0785750150680542,1.0995190143585205,1.050650954246521,1.0890469551086426,0.7059799432754517,9306303,0.021681,0.0
2013-04-09,1.085556983947754,1.085556983947754,1.0471609830856323,1.0750850439071655,0.6969290971755981,5076582,0.0,0.0
2013-04-10,1.0646129846572876,1.0646129846572876,1.040179967880249,1.040179967880249,0.6743017435073853,4564626,0.0,0.0
2013-04-11,1.040179967880249,1.040179967880249,1.0297080278396606,1.0297080278396606,0.6675131320953369,3905989,0.0,0.0
2013-04-12,1.0331989526748657,1.0331989526748657,1.026216983795166,1.0297080278396606,0.6675131320953369,3215837,0.0,0.0
2013-04-15,1.0297080278396606,1.0297080278396606,1.0122549533843994,1.0122549533843994,0.6561990976333618,2543161,0.0,0.0
2013-04-16,1.0017839670181274,1.0192359685897827,0.9982929825782776,1.0122549533843994,0.6561990976333618,3560483,0.0,0.0
2013-04-17,1.026216983795166,1.040179967880249,1.0192359685897827,1.0331989526748657,0.6697763204574585,4034049,0.0,0.0
2013-04-18,1.026216983795166,1.036689043045044,1.0227270126342773,1.036689043045044,0.672038733959198,2449766,0.0,0.0
2013-04-19,1.036689043045044,1.0436700582504272,1.026216983795166,1.0331989526748657,0.6697763204574585,3445601,0.0,0.0
2013-04-22,1.0331989526748657,1.0331989526748657,1.0192359685897827,1.0331989526748657,0.6697763204574585,2199947,0.0,0.0
2013-04-23,1.026216983795166,1.0297080278396606,1.0122549533843994,1.0122549533843994,0.6561990976333618,2293343,0.0,0.0
2013-04-24,1.0052740573883057,1.040179967880249,1.0052740573883057,1.040179967880249,0.6743017435073853,2188488,0.0,0.0
2013-04-25,1.036689043045044,1.0436700582504272,1.015745997428894,1.040179967880249,0.6743017435073853,1798863,0.0,0.0
2013-04-26,1.036689043045044,1.040179967880249,1.026216983795166,1.0297080278396606,0.6675131320953369,1354519,0.0,0.0
2013-04-29,1.0297080278396606,1.0297080278396606,1.015745997428894,1.0192359685897827,0.6607246398925781,317716,0.0,0.0
2013-04-30,1.0192359685897827,1.0192359685897827,1.0087649822235107,1.0122549533843994,0.6561990976333618,1060008,0.0,0.0
2013-05-02,1.0122549533843994,1.0192359685897827,0.9982929825782776,0.9982929825782776,0.6471483111381531,7559867,0.0,0.0
2013-05-03,0.9982929825782776,1.015745997428894,0.9878219962120056,1.0087649822235107,0.6539368629455566,3847258,0.0,0.0
2013-05-06,1.0297080278396606,1.1518770456314087,1.0297080278396606,1.0995190143585205,0.7127685546875,22165356,0.0,0.0
2013-05-07,1.1030089855194092,1.1902730464935303,1.1030089855194092,1.1798009872436523,0.7648117542266846,15917034,0.0,0.0
2013-05-08,1.1867820024490356,1.1867820024490356,1.1344239711761475,1.172819972038269,0.760286271572113,6620757,0.0,0.0
2013-05-09,1.172819972038269,1.193763017654419,1.172819972038269,1.172819972038269,0.760286271572113,9886443,0.0,0.0
2013-05-10,1.1798009872436523,1.2007440328598022,1.1798009872436523,1.1902730464935303,0.7716004252433777,11478462,0.0,0.0
2013-05-13,1.197253942489624,1.3264039754867554,1.197253942489624,1.3089510202407837,0.848534107208252,6527648,0.0,0.0
2013-05-14,1.3089510202407837,1.340366005897522,1.2600829601287842,1.2740459442138672,0.8259064555168152,6674617,0.0,0.0
2013-05-15,1.2775360345840454,1.3857430219650269,1.2775360345840454,1.3857430219650269,0.8983148336410522,7635214,0.0,0.0
2013-05-16,1.3857430219650269,1.3857430219650269,1.319422960281372,1.319422960281372,0.8553222417831421,7895919,0.0,0.0
2013-05-17,1.3264039754867554,1.3368749618530273,1.3124409914016724,1.3368749618530273,0.866635799407959,2447760,0.0,0.0
2013-05-20,1.3368749618530273,1.3717809915542603,1.3368749618530273,1.3682899475097656,0.887000322341919,799017,0.0,0.0
2013-05-21,1.3682899475097656,1.4241390228271484,1.3578180074691772,1.3682899475097656,0.887000322341919,4643984,0.0,0.0
2013-05-22,1.3717809915542603,1.3822519779205322,1.3019700050354004,1.3333849906921387,0.8643733859062195,3115279,0.0,0.0
2013-05-23,1.3368749618530273,1.3543280363082886,1.2740459442138672,1.2914979457855225,0.8372198939323425,7544397,0.0,0.0
2013-05-27,1.3089510202407837,1.3717809915542603,1.305459976196289,1.3682899475097656,0.887000322341919,2542588,0.0,0.0
2013-05-28,1.3717809915542603,1.4031950235366821,1.3578180074691772,1.3962140083312988,0.9051023125648499,2791260,0.0,0.0
2013-05-29,1.3717809915542603,1.4031950235366821,1.3717809915542603,1.3962140083312988,0.9051023125648499,2476696,0.0,0.0
2013-05-30,1.3962140083312988,1.3962140083312988,1.3543280363082886,1.3543280363082886,0.8779498338699341,2715054,0.0,0.0
2013-05-31,1.364799976348877,1.452062964439392,1.364799976348877,1.452062964439392,0.9413068890571594,13563528,0.0,0.0
2013-06-03,1.3962140083312988,1.3997050523757935,1.375270962715149,1.3892329931259155,0.9005769491195679,2959143,0.0,0.0
2013-06-04,1.3892329931259155,1.3892329931259155,1.3578180074691772,1.3613090515136719,0.8824751973152161,5615754,0.0,0.0
2013-06-05,1.3613090515136719,1.3613090515136719,1.3473470211029053,1.3578180074691772,0.8802122473716736,1942394,0.0,0.0
2013-06-06,1.3578180074691772,1.3578180074691772,1.3124409914016724,1.315932035446167,0.8530591130256653,1671662,0.0,0.0
2013-06-07,1.3229130506515503,1.3682899475097656,1.315932035446167,1.3613090515136719,0.8824751973152161,2664919,0.0,0.0
2013-06-10,1.375270962715149,1.3892329931259155,1.375270962715149,1.3822519779205322,0.8960517048835754,591885,0.0,0.0
2013-06-11,1.3857430219650269,1.3857430219650269,1.3368749618530273,1.3578180074691772,0.8802122473716736,435463,0.0,0.0
2013-06-12,1.3578180074691772,1.3822519779205322,1.350836992263794,1.3543280363082886,0.8779498338699341,3345616,0.0,0.0
2013-06-13,1.3473470211029053,1.3543280363082886,1.2740459442138672,1.2914979457855225,0.8372198939323425,11132383,0.0,0.0
2013-06-14,1.3089510202407837,1.3264039754867554,1.2565929889678955,1.2600829601287842,0.8168550133705139,6018844,0.0,0.0
2013-06-17,1.2740459442138672,1.3019700050354004,1.2740459442138672,1.294988989830017,0.8394829034805298,1773079,0.0,0.0
2013-06-18,1.3089510202407837,1.3229130506515503,1.2914979457855225,1.315932035446167,0.8530591130256653,977499,0.0,0.0
2013-06-19,1.315932035446167,1.3368749618530273,1.315932035446167,1.329893946647644,0.8621100783348083,2354651,0.0,0.0
2013-06-20,1.3264039754867554,1.329893946647644,1.2775360345840454,1.329893946647644,0.8621100783348083,3215550,0.0,0.0
2013-06-21,1.294988989830017,1.294988989830017,1.2740459442138672,1.2810269594192505,0.8304317593574524,14545039,0.0,0.0
2013-06-24,1.2880079746246338,1.2880079746246338,1.2007440328598022,1.2216880321502686,0.7919651865959167,9255881,0.0,0.0
2013-06-25,1.1902730464935303,1.2042349576950073,1.1658389568328857,1.193763017654419,0.7738629579544067,16008137,0.0,0.0
2013-06-26,1.2007440328598022,1.2042349576950073,1.1798009872436523,1.1867820024490356,0.7693371176719666,4108536,0.0,0.0
2013-06-27,1.1902730464935303,1.2251780033111572,1.1867820024490356,1.2077250480651855,0.7829136252403259,3094079,0.0,0.0
2013-06-28,1.2147059440612793,1.2496119737625122,1.2147059440612793,1.2356499433517456,0.801016092300415,3430704,0.0,0.0
2013-07-01,1.2216880321502686,1.2321590185165405,1.218196988105774,1.2216880321502686,0.7919651865959167,1885383,0.0,0.0
2013-07-02,1.2251780033111572,1.2391400337219238,1.2216880321502686,1.2286690473556519,0.7964906096458435,2217710,0.0,0.0
2013-07-03,1.2286690473556519,1.2286690473556519,1.218196988105774,1.2216880321502686,0.7919651865959167,1740419,0.0,0.0
2013-07-04,1.2286690473556519,1.2286690473556519,1.2112159729003906,1.2112159729003906,0.7851766347885132,1719792,0.0,0.0
2013-07-05,1.218196988105774,1.2531019449234009,1.218196988105774,1.2286690473556519,0.7964906096458435,2737401,0.0,0.0
2013-07-08,1.2391400337219238,1.2670639753341675,1.2321590185165405,1.2461210489273071,0.8078040480613708,2388171,0.0,0.0
2013-07-09,1.2531019449234009,1.2635740041732788,1.2461210489273071,1.2531019449234009,0.8123294115066528,2757741,0.0,0.0
2013-07-10,1.2531019449234009,1.2635740041732788,1.2391400337219238,1.2496119737625122,0.8100669980049133,5079733,0.0,0.0
2013-07-11,1.2857739925384521,1.2857739925384521,1.2455929517745972,1.2656840085983276,0.8204857707023621,2964128,0.0,0.0
2013-07-12,1.2777379751205444,1.3058639764785767,1.2697019577026367,1.297827959060669,0.8413232564926147,855391,0.0,0.0
2013-07-15,1.2857739925384521,1.3380080461502075,1.2857739925384521,1.3299720287322998,0.862160861492157,1893209,0.0,0.0
2013-07-16,1.3259539604187012,1.3500620126724243,1.3058639764785767,1.3500620126724243,0.8751844763755798,5532541,0.0,0.0
2013-07-17,1.3339899778366089,1.3420259952545166,1.3339899778366089,1.3339899778366089,0.864765465259552,1887236,0.0,0.0
2013-07-18,1.3299720287322998,1.3299720287322998,1.3138999938964844,1.3259539604187012,0.8595561981201172,1788929,0.0,0.0
2013-07-19,1.3259539604187012,1.3259539604187012,1.3058639764785767,1.3058639764785767,0.8465327620506287,654049,0.0,0.0
2013-07-22,1.3058639764785767,1.3259539604187012,1.3058639764785767,1.321936011314392,0.8569515347480774,2281955,0.0,0.0
2013-07-23,1.3098820447921753,1.3942610025405884,1.3098820447921753,1.3380080461502075,0.8673700094223022,1865832,0.0,0.0
2013-07-24,1.3380080461502075,1.3580989837646484,1.3179179430007935,1.3580989837646484,0.8803943395614624,2743374,0.0,0.0
2013-07-25,1.3380080461502075,1.3580989837646484,1.3259539604187012,1.3299720287322998,0.862160861492157,1139111,0.0,0.0
2013-07-26,1.3299720287322998,1.3420259952545166,1.3179179430007935,1.3259539604187012,0.8595561981201172,1420093,0.0,0.0
2013-07-29,1.3380080461502075,1.3380080461502075,1.3259539604187012,1.3259539604187012,0.8595561981201172,669230,0.0,0.0
2013-07-30,1.3299720287322998,1.3299720287322998,1.3138999938964844,1.3138999938964844,0.851742148399353,1230698,0.0,0.0
2013-07-31,1.3138999938964844,1.3259539604187012,1.2857739925384521,1.3259539604187012,0.8595561981201172,1409143,0.0,0.0
2013-08-01,1.321936011314392,1.3299720287322998,1.2897919416427612,1.3259539604187012,0.8595561981201172,811837,0.0,0.0
2013-08-02,1.297827959060669,1.3259539604187012,1.2938100099563599,1.2938100099563599,0.838718593120575,816566,0.0,0.0
2013-08-05,1.2938100099563599,1.3138999938964844,1.2938100099563599,1.3098820447921753,0.849137544631958,572168,0.0,0.0
2013-08-06,1.3098820447921753,1.3299720287322998,1.3098820447921753,1.3259539604187012,0.8595561981201172,1538310,0.0,0.0
2013-08-12,1.321936011314392,1.321936011314392,1.3018460273742676,1.3018460273742676,0.8439279198646545,394470,0.0,0.0
2013-08-13,1.3018460273742676,1.3058639764785767,1.2616660594940186,1.2656840085983276,0.8204857707023621,5434733,0.0,0.0
2013-08-14,1.2777379751205444,1.2777379751205444,1.2576470375061035,1.2616660594940186,0.8178813457489014,2437752,0.0,0.0
2013-08-15,1.2697019577026367,1.2697019577026367,1.2335389852523804,1.241575002670288,0.8048570156097412,2359107,0.0,0.0
2013-08-16,1.241575002670288,1.2576470375061035,1.2335389852523804,1.2536289691925049,0.8126710057258606,1365340,0.0,0.0
2013-08-19,1.2536289691925049,1.2737200260162354,1.2536289691925049,1.2616660594940186,0.8178813457489014,2038802,0.0,0.0
2013-08-20,1.2536289691925049,1.2536289691925049,1.2094310522079468,1.2214850187301636,0.7918335199356079,2371551,0.0,0.0
2013-08-21,1.2214850187301636,1.2335389852523804,1.217466950416565,1.2214850187301636,0.7918335199356079,4987749,0.0,0.0
2013-08-22,1.2214850187301636,1.2255029678344727,1.1973769664764404,1.217466950416565,0.7892289161682129,3947442,0.0,0.0
2013-08-23,1.2295210361480713,1.2295210361480713,1.1893409490585327,1.1893409490585327,0.7709960341453552,2268267,0.0,0.0
2013-08-26,1.2214850187301636,1.2214850187301636,1.1893409490585327,1.1933590173721313,0.7736008763313293,1007704,0.0,0.0
2013-08-27,1.1933590173721313,1.2054129838943481,1.0848720073699951,1.0929080247879028,0.7084829807281494,6920032,0.0,0.0
2013-08-28,1.0848720073699951,1.1009440422058105,1.0326370000839233,1.1009440422058105,0.7136924266815186,6369765,0.0,0.0
2013-08-29,1.1089799404144287,1.1250519752502441,1.1009440422058105,1.1049619913101196,0.7162970304489136,4222202,0.0,0.0
2013-08-30,1.121034026145935,1.137105941772461,1.1129980087280273,1.137105941772461,0.7371344566345215,3635599,0.0,0.0
2013-09-02,1.137105941772461,1.1411240100860596,1.1290700435638428,1.137105941772461,0.7371344566345215,826023,0.0,0.0
2013-09-03,1.1411240100860596,1.177286982536316,1.1411240100860596,1.1732690334320068,0.760577380657196,3757300,0.0,0.0
2013-09-04,1.177286982536316,1.177286982536316,1.157196044921875,1.1732690334320068,0.760577380657196,2561196,0.0,0.0
2013-09-05,1.177286982536316,1.2094310522079468,1.1732690334320068,1.1973769664764404,0.7762054800987244,2125660,0.0,0.0
2013-09-06,1.2255029678344727,1.2295210361480713,1.177286982536316,1.1973769664764404,0.7762054800987244,1824270,0.0,0.0
2013-09-09,1.2134490013122559,1.2134490013122559,1.201395034790039,1.2054129838943481,0.7814148664474487,2810073,0.0,0.0
2013-09-10,1.2134490013122559,1.217466950416565,1.1933590173721313,1.2094310522079468,0.7840197086334229,2232180,0.0,0.0
2013-09-11,1.2255029678344727,1.237557053565979,1.1973769664764404,1.217466950416565,0.7892289161682129,2955666,0.0,0.0
2013-09-12,1.2255029678344727,1.2656840085983276,1.2094310522079468,1.2255029678344727,0.7944380640983582,5606458,0.0,0.0
2013-09-13,1.237557053565979,1.2455929517745972,1.2094310522079468,1.2455929517745972,0.807461678981781,455196,0.0,0.0
2013-09-17,1.2255029678344727,1.2496110200881958,1.2134490013122559,1.2455929517745972,0.807461678981781,2823512,0.0,0.0
2013-09-18,1.237557053565979,1.2496110200881958,1.2134490013122559,1.2255029678344727,0.8079284429550171,2620428,0.020798,0.0
2013-09-19,1.237557053565979,1.2656840085983276,1.2295210361480713,1.2656840085983276,0.8344182968139648,1516409,0.0,0.0
2013-09-20,1.2455929517745972,1.2938100099563599,1.241575002670288,1.281756043434143,0.845014214515686,4724437,0.0,0.0
2013-09-23,1.281756043434143,1.297827959060669,1.2697019577026367,1.2897919416427612,0.8503117561340332,1397943,0.0,0.0
2013-09-24,1.2697019577026367,1.2938100099563599,1.2697019577026367,1.2897919416427612,0.8503117561340332,2175436,0.0,0.0
2013-09-25,1.297827959060669,1.297827959060669,1.281756043434143,1.297827959060669,0.8556095957756042,4650769,0.0,0.0
2013-09-26,1.2857739925384521,1.2938100099563599,1.2857739925384521,1.2857739925384521,0.8476629257202148,353405,0.0,0.0
2013-09-27,1.281756043434143,1.297827959060669,1.281756043434143,1.2857739925384521,0.8476629257202148,5031551,0.0,0.0
2013-09-30,1.2737200260162354,1.297827959060669,1.2737200260162354,1.2897919416427612,0.8503117561340332,3346154,0.0,0.0
2013-10-01,1.2897919416427612,1.2897919416427612,1.2255029678344727,1.237557053565979,0.8158753514289856,4686856,0.0,0.0
2013-10-02,1.2536289691925049,1.2536289691925049,1.2255029678344727,1.2455929517745972,0.8211731910705566,4365058,0.0,0.0
2013-10-03,1.2295210361480713,1.2455929517745972,1.2214850187301636,1.2214850187301636,0.8052794933319092,5469327,0.0,0.0
2013-10-04,1.2214850187301636,1.2214850187301636,1.177286982536316,1.1813050508499146,0.7787904739379883,4067650,0.0,0.0
2013-10-07,1.1813050508499146,1.1813050508499146,1.157196044921875,1.1652319431304932,0.7681939601898193,4562915,0.0,0.0
2013-10-08,1.1652319431304932,1.1813050508499146,1.157196044921875,1.177286982536316,0.7761415839195251,2371551,0.0,0.0
2013-10-09,1.1893409490585327,1.201395034790039,1.157196044921875,1.1652319431304932,0.7681939601898193,6485990,0.0,0.0
2013-10-10,1.1732690334320068,1.1732690334320068,1.161213994026184,1.1652319431304932,0.7681939601898193,1703067,0.0,0.0
2013-10-11,1.1813050508499146,1.1813050508499146,1.1491600275039673,1.1652319431304932,0.7681939601898193,4556694,0.0,0.0
2013-10-14,1.1692500114440918,1.1853229999542236,1.1692500114440918,1.1732690334320068,0.7734925746917725,1302374,0.0,0.0
2013-10-16,1.1692500114440918,1.1853229999542236,1.161213994026184,1.1652319431304932,0.7681939601898193,4181884,0.0,0.0
2013-10-17,1.1692500114440918,1.177286982536316,1.1692500114440918,1.1732690334320068,0.7734925746917725,3092051,0.0,0.0
2013-10-18,1.1732690334320068,1.177286982536316,1.1652319431304932,1.177286982536316,0.7761415839195251,3910359,0.0,0.0
2013-10-21,1.177286982536316,1.1893409490585327,1.1732690334320068,1.1813050508499146,0.7787904739379883,3988009,0.0,0.0
2013-10-22,1.1813050508499146,1.1973769664764404,1.1732690334320068,1.1933590173721313,0.7867371439933777,5112934,0.0,0.0
2013-10-23,1.201395034790039,1.201395034790039,1.1853229999542236,1.1933590173721313,0.7867371439933777,2501963,0.0,0.0
2013-10-24,1.1933590173721313,1.1933590173721313,1.1813050508499146,1.1893409490585327,0.7840882539749146,1667477,0.0,0.0
2013-10-25,1.1933590173721313,1.1933590173721313,1.1813050508499146,1.1853229999542236,0.7814394235610962,1376540,0.0,0.0
2013-10-28,1.1732690334320068,1.1732690334320068,1.1531779766082764,1.157196044921875,0.7628962397575378,2371053,0.0,0.0
2013-10-29,1.1531779766082764,1.157196044921875,1.1290700435638428,1.1330879926681519,0.7470026016235352,2192111,0.0,0.0
2013-10-30,1.1451419591903687,1.1531779766082764,1.1250519752502441,1.1250519752502441,0.7417048811912537,1607498,0.0,0.0
2013-10-31,1.1250519752502441,1.1491600275039673,1.121034026145935,1.121034026145935,0.739055871963501,1041053,0.0,0.0
2013-11-01,1.137105941772461,1.137105941772461,1.1250519752502441,1.1290700435638428,0.7443536520004272,421846,0.0,0.0
2013-11-04,1.1330879926681519,1.1491600275039673,1.1290700435638428,1.1451419591903687,0.7549494504928589,341708,0.0,0.0
2013-11-06,1.1491600275039673,1.1491600275039673,1.1330879926681519,1.1330879926681519,0.7470026016235352,1844180,0.0,0.0
2013-11-07,1.1451419591903687,1.1451419591903687,1.1250519752502441,1.1250519752502441,0.7417048811912537,2805095,0.0,0.0
2013-11-08,1.1411240100860596,1.1411240100860596,1.121034026145935,1.1250519752502441,0.7417048811912537,410896,0.0,0.0
2013-11-11,1.1451419591903687,1.1451419591903687,1.121034026145935,1.1330879926681519,0.7470026016235352,989784,0.0,0.0
2013-11-12,1.1290700435638428,1.137105941772461,1.096925973892212,1.1009440422058105,0.7258113026618958,4031065,0.0,0.0
2013-11-13,1.1049619913101196,1.1049619913101196,1.0687990188598633,1.0687990188598633,0.7046195268630981,3599263,0.0,0.0
2013-11-14,1.076835036277771,1.0888899564743042,1.0728169679641724,1.0728169679641724,0.7072683572769165,1048271,0.0,0.0
2013-11-15,1.0848720073699951,1.0929080247879028,1.076835036277771,1.0888899564743042,0.7178647518157959,658529,0.0,0.0
2013-11-18,1.0929080247879028,1.1049619913101196,1.0848720073699951,1.1009440422058105,0.7258113026618958,843196,0.0,0.0
2013-11-19,1.1049619913101196,1.1250519752502441,1.0929080247879028,1.1250519752502441,0.7417048811912537,1065194,0.0,0.0
2013-11-20,1.1170159578323364,1.1330879926681519,1.096925973892212,1.1009440422058105,0.7258113026618958,893469,0.0,0.0
2013-11-21,1.096925973892212,1.1009440422058105,1.0848720073699951,1.0848720073699951,0.715215802192688,913130,0.0,0.0
2013-11-22,1.1089799404144287,1.1089799404144287,1.0687990188598633,1.0687990188598633,0.7046195268630981,2051744,0.0,0.0
2013-11-25,1.0728169679641724,1.080854058265686,1.0567450523376465,1.0567450523376465,0.6966727375984192,1564691,0.0,0.0
2013-11-26,1.0647809505462646,1.076835036277771,1.0607630014419556,1.0687990188598633,0.7046195268630981,1393214,0.0,0.0
2013-11-27,1.0687990188598633,1.0687990188598633,1.0607630014419556,1.0687990188598633,0.7046195268630981,852653,0.0,0.0
2013-11-28,1.0647809505462646,1.076835036277771,1.0607630014419556,1.0687990188598633,0.7046195268630981,598052,0.0,0.0
2013-11-29,1.0687990188598633,1.080854058265686,1.0567450523376465,1.0647809505462646,0.7019705176353455,910641,0.0,0.0
2013-12-02,1.0647809505462646,1.0647809505462646,1.0246009826660156,1.0246009826660156,0.6754812002182007,2769008,0.0,0.0
2013-12-03,1.0246009826660156,1.0607630014419556,1.0246009826660156,1.0567450523376465,0.6966727375984192,2478568,0.0,0.0
2013-12-04,1.0848720073699951,1.2054129838943481,1.0607630014419556,1.0687990188598633,0.7046195268630981,1662251,0.0,0.0
2013-12-05,1.0687990188598633,1.0728169679641724,0.9884380102157593,0.9884380102157593,0.6516404151916504,1688239,0.0,0.0
2013-12-06,1.076835036277771,1.076835036277771,1.0647809505462646,1.0687990188598633,0.7046195268630981,162019,0.0,0.0
2013-12-09,1.080854058265686,1.080854058265686,1.0687990188598633,1.076835036277771,0.7099171876907349,1344435,0.0,0.0
2013-12-10,1.0848720073699951,1.0848720073699951,1.0728169679641724,1.0728169679641724,0.7072683572769165,1461656,0.0,0.0
2013-12-11,1.080854058265686,1.0929080247879028,1.0728169679641724,1.0929080247879028,0.7205135226249695,1001979,0.0,0.0
2013-12-12,1.0848720073699951,1.0929080247879028,1.0848720073699951,1.0848720073699951,0.715215802192688,909148,0.0,0.0
2013-12-13,1.0848720073699951,1.0888899564743042,1.076835036277771,1.0848720073699951,0.715215802192688,322296,0.0,0.0
2013-12-16,1.0848720073699951,1.0848720073699951,1.0607630014419556,1.0687990188598633,0.7046195268630981,1800627,0.0,0.0
2013-12-17,1.0687990188598633,1.0687990188598633,1.0567450523376465,1.0607630014419556,0.6993215680122375,1767526,0.0,0.0
2013-12-18,1.080854058265686,1.080854058265686,1.040673017501831,1.040673017501831,0.6860769391059875,1578877,0.0,0.0
2013-12-19,1.0446909666061401,1.0567450523376465,1.0326370000839233,1.0366549491882324,0.6834278702735901,2257565,0.0,0.0
2013-12-20,1.0446909666061401,1.0607630014419556,1.0366549491882324,1.0446909666061401,0.6887257099151611,1267531,0.0,0.0
2013-12-23,1.0446909666061401,1.0446909666061401,1.0205830335617065,1.040673017501831,0.6860769391059875,1889227,0.0,0.0
2013-12-24,1.0246009826660156,1.0446909666061401,1.0246009826660156,1.0326370000839233,0.6807789206504822,999740,0.0,0.0
2013-12-26,1.0326370000839233,1.0487090349197388,1.0326370000839233,1.0487090349197388,0.6913749575614929,865097,0.0,0.0
2013-12-27,1.0567450523376465,1.0567450523376465,1.0446909666061401,1.0487090349197388,0.6913749575614929,400692,0.0,0.0
2013-12-30,1.0487090349197388,1.0647809505462646,1.0446909666061401,1.0647809505462646,0.7019705176353455,262565,0.0,0.0
2013-12-31,1.0647809505462646,1.096925973892212,1.0487090349197388,1.0929080247879028,0.7205135226249695,5123387,0.0,0.0
2014-01-02,1.0888899564743042,1.0929080247879028,1.076835036277771,1.0929080247879028,0.7205135226249695,670226,0.0,0.0
2014-01-03,1.096925973892212,1.1049619913101196,1.0929080247879028,1.1049619913101196,0.7284602522850037,2727197,0.0,0.0
2014-01-06,1.1129980087280273,1.137105941772461,1.1089799404144287,1.1250519752502441,0.7417048811912537,2538299,0.0,0.0
2014-01-07,1.1250519752502441,1.1451419591903687,1.1170159578323364,1.137105941772461,0.7496516704559326,982567,0.0,0.0
2014-01-08,1.1411240100860596,1.1451419591903687,1.1170159578323364,1.1170159578323364,0.7364070415496826,1192619,0.0,0.0
2014-01-09,1.1170159578323364,1.1250519752502441,1.1089799404144287,1.121034026145935,0.739055871963501,779234,0.0,0.0
2014-01-10,1.121034026145935,1.1330879926681519,1.080854058265686,1.0848720073699951,0.715215802192688,2468115,0.0,0.0
2014-01-13,1.0929080247879028,1.1009440422058105,1.0607630014419556,1.0647809505462646,0.7019705176353455,4380737,0.0,0.0
2014-01-15,1.0687990188598633,1.0687990188598633,1.0607630014419556,1.0607630014419556,0.6993215680122375,1829745,0.0,0.0
2014-01-16,1.0607630014419556,1.0647809505462646,1.0366549491882324,1.0487090349197388,0.6913749575614929,4009164,0.0,0.0
2014-01-20,1.0366549491882324,1.0848720073699951,1.0366549491882324,1.080854058265686,0.7125667929649353,1221489,0.0,0.0
2014-01-21,1.0848720073699951,1.0888899564743042,1.076835036277771,1.0888899564743042,0.7178647518157959,1478331,0.0,0.0
2014-01-22,1.0848720073699951,1.0929080247879028,1.076835036277771,1.0848720073699951,0.715215802192688,738667,0.0,0.0
2014-01-23,1.0848720073699951,1.1049619913101196,1.0848720073699951,1.1049619913101196,0.7284602522850037,1179678,0.0,0.0
2014-01-24,1.0848720073699951,1.1089799404144287,1.0848720073699951,1.1089799404144287,0.7311092019081116,2828987,0.0,0.0
2014-01-27,1.0848720073699951,1.096925973892212,1.0647809505462646,1.096925973892212,0.7231624722480774,2762288,0.0,0.0
2014-01-28,1.076835036277771,1.096925973892212,1.0728169679641724,1.0888899564743042,0.7178647518157959,187404,0.0,0.0
2014-01-29,1.076835036277771,1.0929080247879028,1.0728169679641724,1.0848720073699951,0.715215802192688,343699,0.0,0.0
2014-01-30,1.080854058265686,1.0929080247879028,1.080854058265686,1.0848720073699951,0.715215802192688,117718,0.0,0.0
2014-02-03,1.0848720073699951,1.0848720073699951,1.0848720073699951,1.0848720073699951,0.715215802192688,0,0.0,0.0
2014-02-04,1.080854058265686,1.080854058265686,1.0567450523376465,1.0567450523376465,0.6966727375984192,1996742,0.0,0.0
2014-02-05,1.076835036277771,1.0848720073699951,1.0567450523376465,1.0567450523376465,0.6966727375984192,851409,0.0,0.0
2014-02-06,1.0567450523376465,1.0728169679641724,1.0487090349197388,1.0527269840240479,0.6940236687660217,1566682,0.0,0.0
2014-02-07,1.0687990188598633,1.0687990188598633,1.0527269840240479,1.0607630014419556,0.6993215680122375,1288686,0.0,0.0
2014-02-10,1.0728169679641724,1.080854058265686,1.0607630014419556,1.080854058265686,0.7125667929649353,780728,0.0,0.0
2014-02-11,1.080854058265686,1.0929080247879028,1.080854058265686,1.0888899564743042,0.7178647518157959,805366,0.0,0.0
2014-02-12,1.0929080247879028,1.096925973892212,1.0888899564743042,1.096925973892212,0.7231624722480774,320305,0.0,0.0
2014-02-13,1.096925973892212,1.1049619913101196,1.0848720073699951,1.1049619913101196,0.7284602522850037,781723,0.0,0.0
2014-02-14,1.1089799404144287,1.1089799404144287,1.1009440422058105,1.1049619913101196,0.7284602522850037,1173954,0.0,0.0
2014-02-17,1.1170159578323364,1.1170159578323364,1.1009440422058105,1.1089799404144287,0.7311092019081116,461169,0.0,0.0
2014-02-18,1.1089799404144287,1.1170159578323364,1.1009440422058105,1.1009440422058105,0.7258113026618958,920099,0.0,0.0
2014-02-19,1.1009440422058105,1.1129980087280273,1.1009440422058105,1.1129980087280273,0.7337580323219299,387999,0.0,0.0
2014-02-20,1.1129980087280273,1.1170159578323364,1.096925973892212,1.1170159578323364,0.7364070415496826,828014,0.0,0.0
2014-02-21,1.121034026145935,1.1330879926681519,1.1129980087280273,1.1330879926681519,0.7470026016235352,875301,0.0,0.0
2014-02-24,1.137105941772461,1.137105941772461,1.1290700435638428,1.137105941772461,0.7496516704559326,580381,0.0,0.0
2014-02-25,1.137105941772461,1.1491600275039673,1.137105941772461,1.1451419591903687,0.7549494504928589,1159270,0.0,0.0
2014-02-26,1.1451419591903687,1.157196044921875,1.1451419591903687,1.157196044921875,0.7628962397575378,2127402,0.0,0.0
2014-02-27,1.161213994026184,1.161213994026184,1.1330879926681519,1.1491600275039673,0.7575984001159668,352659,0.0,0.0
2014-02-28,1.1652319431304932,1.1973769664764404,1.1451419591903687,1.1692500114440918,0.7708432078361511,7383691,0.0,0.0
2014-03-03,1.1732690334320068,1.1853229999542236,1.157196044921875,1.1732690334320068,0.7734925746917725,1226218,0.0,0.0
2014-03-04,1.1491600275039673,1.177286982536316,1.1290700435638428,1.1290700435638428,0.7443536520004272,1975090,0.0,0.0
2014-03-05,1.1290700435638428,1.1531779766082764,1.1089799404144287,1.1129980087280273,0.7337580323219299,1820786,0.0,0.0
2014-03-06,1.1330879926681519,1.1451419591903687,1.121034026145935,1.1330879926681519,0.7470026016235352,4006924,0.0,0.0
2014-03-07,1.1330879926681519,1.1491600275039673,1.1290700435638428,1.1411240100860596,0.7523007392883301,3263776,0.0,0.0
2014-03-10,1.1250519752502441,1.1451419591903687,1.1170159578323364,1.1170159578323364,0.7364070415496826,877541,0.0,0.0
2014-03-11,1.1250519752502441,1.1451419591903687,1.1250519752502441,1.137105941772461,0.7496516704559326,3012659,0.0,0.0
2014-03-12,1.1290700435638428,1.1330879926681519,1.121034026145935,1.1330879926681519,0.7470026016235352,1766779,0.0,0.0
2014-03-13,1.137105941772461,1.137105941772461,1.1170159578323364,1.1170159578323364,0.7364070415496826,1020396,0.0,0.0
2014-03-14,1.1170159578323364,1.1330879926681519,1.1170159578323364,1.1330879926681519,0.7470026016235352,889985,0.0,0.0
2014-03-17,1.1451419591903687,1.1451419591903687,1.1290700435638428,1.1290700435638428,0.7443536520004272,476102,0.0,0.0
2014-03-18,1.1411240100860596,1.161213994026184,1.1290700435638428,1.1531779766082764,0.7602471113204956,2735161,0.0,0.0
2014-03-19,1.157196044921875,1.161213994026184,1.1491600275039673,1.161213994026184,0.765545129776001,945235,0.0,0.0
2014-03-20,1.157196044921875,1.161213994026184,1.137105941772461,1.161213994026184,0.765545129776001,1135129,0.0,0.0
2014-03-21,1.1652319431304932,1.1692500114440918,1.1330879926681519,1.161213994026184,0.765545129776001,6904602,0.0,0.0
2014-03-24,1.1692500114440918,1.1732690334320068,1.161213994026184,1.1652319431304932,0.7681939601898193,1306356,0.0,0.0
2014-03-25,1.1652319431304932,1.1933590173721313,1.157196044921875,1.1893409490585327,0.7840882539749146,3133364,0.0,0.0
2014-03-26,1.1813050508499146,1.1853229999542236,1.177286982536316,1.1813050508499146,0.7787904739379883,1502969,0.0,0.0
2014-03-27,1.1853229999542236,1.2255029678344727,1.177286982536316,1.2134490013122559,0.7999816536903381,5343892,0.0,0.0
2014-03-28,1.2094310522079468,1.217466950416565,1.1893409490585327,1.217466950416565,0.8166274428367615,4949671,0.020798,0.0
2014-03-31,1.2214850187301636,1.2214850187301636,1.1973769664764404,1.217466950416565,0.8166274428367615,3276718,0.0,0.0
2014-04-01,1.2134490013122559,1.2255029678344727,1.1893409490585327,1.1973769664764404,0.8031517863273621,1314320,0.0,0.0
2014-04-02,1.1973769664764404,1.2134490013122559,1.1893409490585327,1.201395034790039,0.8058469295501709,1652047,0.0,0.0
2014-04-03,1.201395034790039,1.201395034790039,1.177286982536316,1.1933590173721313,0.8004565834999084,4961866,0.0,0.0
2014-04-04,1.1933590173721313,1.1973769664764404,1.1853229999542236,1.1893409490585327,0.7977614998817444,990780,0.0,0.0
2014-04-07,1.1933590173721313,1.201395034790039,1.1893409490585327,1.1933590173721313,0.8004565834999084,855142,0.0,0.0
2014-04-08,1.201395034790039,1.201395034790039,1.1652319431304932,1.177286982536316,0.7896762490272522,1063203,0.0,0.0
2014-04-09,1.1813050508499146,1.1933590173721313,1.1732690334320068,1.1893409490585327,0.7977614998817444,4536534,0.0,0.0
2014-04-10,1.1893409490585327,1.2094310522079468,1.1893409490585327,1.2054129838943481,0.8085418939590454,2137358,0.0,0.0
2014-04-11,1.2054129838943481,1.2134490013122559,1.1933590173721313,1.2134490013122559,0.8139320611953735,1377535,0.0,0.0
2014-04-14,1.2054129838943481,1.217466950416565,1.201395034790039,1.217466950416565,0.8166274428367615,1713768,0.0,0.0
2014-04-15,1.217466950416565,1.2455929517745972,1.2134490013122559,1.2455929517745972,0.8354931473731995,2118692,0.0,0.0
2014-04-16,1.2455929517745972,1.297827959060669,1.237557053565979,1.281756043434143,0.8597498536109924,5329706,0.0,0.0
2014-04-17,1.281756043434143,1.281756043434143,1.2455929517745972,1.2656840085983276,0.8489692807197571,886749,0.0,0.0
2014-04-18,1.2656840085983276,1.2656840085983276,1.237557053565979,1.2455929517745972,0.8354931473731995,1793409,0.0,0.0
2014-04-21,1.2455929517745972,1.2496110200881958,1.2295210361480713,1.2295210361480713,0.8247126340866089,1905902,0.0,0.0
2014-04-22,1.2455929517745972,1.2455929517745972,1.2214850187301636,1.2255029678344727,0.8220174908638,3220720,0.0,0.0
2014-04-23,1.2335389852523804,1.2335389852523804,1.217466950416565,1.2255029678344727,0.8220174908638,1293912,0.0,0.0
2014-04-24,1.2656840085983276,1.2656840085983276,1.2335389852523804,1.2455929517745972,0.8354931473731995,9947126,0.0,0.0
2014-04-25,1.237557053565979,1.2576470375061035,1.237557053565979,1.2576470375061035,0.8435783982276917,1053248,0.0,0.0
2014-04-28,1.2576470375061035,1.2656840085983276,1.2455929517745972,1.2656840085983276,0.8489692807197571,4875505,0.0,0.0
2014-04-29,1.2656840085983276,1.2656840085983276,1.241575002670288,1.2455929517745972,0.8354931473731995,3943709,0.0,0.0
2014-04-30,1.2455929517745972,1.2496110200881958,1.237557053565979,1.2455929517745972,0.8354931473731995,4317771,0.0,0.0
2014-05-02,1.241575002670288,1.2455929517745972,1.2134490013122559,1.2214850187301636,0.8193222880363464,1277735,0.0,0.0
2014-05-05,1.241575002670288,1.241575002670288,1.217466950416565,1.237557053565979,0.8301029801368713,1184904,0.0,0.0
2014-05-06,1.2455929517745972,1.2455929517745972,1.2094310522079468,1.237557053565979,0.8301029801368713,2781203,0.0,0.0
2014-05-07,1.2455929517745972,1.2455929517745972,1.217466950416565,1.217466950416565,0.8166274428367615,1261558,0.0,0.0
2014-05-08,1.2134490013122559,1.237557053565979,1.201395034790039,1.2054129838943481,0.8085418939590454,8750525,0.0,0.0
2014-05-09,1.2054129838943481,1.2054129838943481,1.201395034790039,1.2054129838943481,0.8085418939590454,1793160,0.0,0.0
2014-05-12,1.201395034790039,1.201395034790039,1.1973769664764404,1.1973769664764404,0.8031517863273621,1728452,0.0,0.0
2014-05-14,1.2054129838943481,1.2214850187301636,1.201395034790039,1.2054129838943481,0.8085418939590454,5882961,0.0,0.0
2014-05-15,1.2255029678344727,1.2335389852523804,1.201395034790039,1.2335389852523804,0.8274077773094177,9333395,0.0,0.0
2014-05-16,1.237557053565979,1.241575002670288,1.2295210361480713,1.2335389852523804,0.8274077773094177,2211523,0.0,0.0
2014-05-19,1.2335389852523804,1.2335389852523804,1.2214850187301636,1.2255029678344727,0.8220174908638,717264,0.0,0.0
2014-05-20,1.2255029678344727,1.2335389852523804,1.2214850187301636,1.2255029678344727,0.8220174908638,1262056,0.0,0.0
2014-05-21,1.2255029678344727,1.2496110200881958,1.2255029678344727,1.2455929517745972,0.8354931473731995,1260314,0.0,0.0
2014-05-22,1.2496110200881958,1.281756043434143,1.2496110200881958,1.281756043434143,0.8597498536109924,3856602,0.0,0.0
2014-05-23,1.281756043434143,1.3018460273742676,1.281756043434143,1.2857739925384521,0.8624448776245117,6264738,0.0,0.0
2014-05-26,1.281756043434143,1.281756043434143,1.2536289691925049,1.2536289691925049,0.840883195400238,1167981,0.0,0.0
2014-05-27,1.2576470375061035,1.2656840085983276,1.2455929517745972,1.2536289691925049,0.840883195400238,616966,0.0,0.0
2014-05-28,1.2536289691925049,1.2697019577026367,1.2536289691925049,1.2656840085983276,0.8489692807197571,1596547,0.0,0.0
2014-05-29,1.2697019577026367,1.2857739925384521,1.2616660594940186,1.281756043434143,0.8597498536109924,1326267,0.0,0.0
2014-05-30,1.281756043434143,1.281756043434143,1.2054129838943481,1.2496110200881958,0.8381880521774292,5949909,0.0,0.0
2014-06-02,1.2295210361480713,1.2496110200881958,1.217466950416565,1.241575002670288,0.8327980637550354,1827754,0.0,0.0
2014-06-03,1.2496110200881958,1.2616660594940186,1.2455929517745972,1.2616660594940186,0.846274197101593,1101779,0.0,0.0
2014-06-04,1.2656840085983276,1.2938100099563599,1.2536289691925049,1.2897919416427612,0.865139901638031,1375793,0.0,0.0
2014-06-05,1.2938100099563599,1.2938100099563599,1.2737200260162354,1.281756043434143,0.8597498536109924,1151057,0.0,0.0
2014-06-06,1.281756043434143,1.2897919416427612,1.2656840085983276,1.2656840085983276,0.8489692807197571,1118703,0.0,0.0
2014-06-09,1.281756043434143,1.281756043434143,1.2576470375061035,1.2616660594940186,0.846274197101593,526126,0.0,0.0
2014-06-10,1.2737200260162354,1.2737200260162354,1.2496110200881958,1.2496110200881958,0.8381880521774292,964399,0.0,0.0
2014-06-11,1.2697019577026367,1.2777379751205444,1.2576470375061035,1.2576470375061035,0.8435783982276917,1200335,0.0,0.0
2014-06-12,1.2656840085983276,1.2656840085983276,1.241575002670288,1.241575002670288,0.8327980637550354,1044786,0.0,0.0
2014-06-13,1.237557053565979,1.2576470375061035,1.2295210361480713,1.2335389852523804,0.8274077773094177,1209294,0.0,0.0
2014-06-16,1.2255029678344727,1.2576470375061035,1.2255029678344727,1.2536289691925049,0.840883195400238,488794,0.0,0.0
2014-06-17,1.2455929517745972,1.2455929517745972,1.2295210361480713,1.237557053565979,0.8301029801368713,1883254,0.0,0.0
2014-06-18,1.237557053565979,1.2455929517745972,1.2255029678344727,1.237557053565979,0.8301029801368713,977341,0.0,0.0
2014-06-19,1.237557053565979,1.2455929517745972,1.217466950416565,1.237557053565979,0.8301029801368713,1204068,0.0,0.0
2014-06-20,1.237557053565979,1.2455929517745972,1.2214850187301636,1.2214850187301636,0.8193222880363464,847178,0.0,0.0
2014-06-23,1.2255029678344727,1.2455929517745972,1.2255029678344727,1.237557053565979,0.8301029801368713,945733,0.0,0.0
2014-06-24,1.241575002670288,1.2455929517745972,1.237557053565979,1.241575002670288,0.8327980637550354,1458669,0.0,0.0
2014-06-25,1.2496110200881958,1.2536289691925049,1.2295210361480713,1.237557053565979,0.8301029801368713,1412129,0.0,0.0
2014-06-26,1.2255029678344727,1.2455929517745972,1.217466950416565,1.2255029678344727,0.8220174908638,2406394,0.0,0.0
2014-06-27,1.2255029678344727,1.2496110200881958,1.2255029678344727,1.2496110200881958,0.8381880521774292,623935,0.0,0.0
2014-06-30,1.2536289691925049,1.2536289691925049,1.2214850187301636,1.2214850187301636,0.8193222880363464,461418,0.0,0.0
2014-07-01,1.2255029678344727,1.2255029678344727,1.217466950416565,1.217466950416565,0.8166274428367615,1049017,0.0,0.0
2014-07-02,1.2134490013122559,1.217466950416565,1.2054129838943481,1.2094310522079468,0.811237096786499,4302092,0.0,0.0
2014-07-03,1.217466950416565,1.217466950416565,1.2054129838943481,1.2054129838943481,0.8085418939590454,5354594,0.0,0.0
2014-07-04,1.2094310522079468,1.2455929517745972,1.2054129838943481,1.2455929517745972,0.8354931473731995,1045284,0.0,0.0
2014-07-07,1.2455929517745972,1.2455929517745972,1.2295210361480713,1.237557053565979,0.8301029801368713,1418351,0.0,0.0
2014-07-08,1.237557053565979,1.2656840085983276,1.2335389852523804,1.2656840085983276,0.8489692807197571,2312318,0.0,0.0
2014-07-09,1.2656840085983276,1.281756043434143,1.2536289691925049,1.2777379751205444,0.8570547103881836,2047762,0.0,0.0
2014-07-10,1.2777379751205444,1.2857739925384521,1.2697019577026367,1.281756043434143,0.8597498536109924,3574624,0.0,0.0
2014-07-11,1.2616660594940186,1.2857739925384521,1.2616660594940186,1.281756043434143,0.8597498536109924,1091326,0.0,0.0
2014-07-14,1.281756043434143,1.281756043434143,1.2656840085983276,1.2737200260162354,0.8543592691421509,683914,0.0,0.0
2014-07-16,1.2737200260162354,1.281756043434143,1.2656840085983276,1.2777379751205444,0.8570547103881836,1248119,0.0,0.0
2014-07-17,1.281756043434143,1.2938100099563599,1.2737200260162354,1.2938100099563599,0.8678349852561951,3968597,0.0,0.0
2014-07-18,1.2536289691925049,1.2897919416427612,1.2536289691925049,1.2777379751205444,0.8570547103881836,1617453,0.0,0.0
2014-07-21,1.281756043434143,1.2857739925384521,1.2737200260162354,1.281756043434143,0.8597498536109924,1264296,0.0,0.0
2014-07-22,1.2777379751205444,1.2777379751205444,1.2697019577026367,1.2777379751205444,0.8570547103881836,700838,0.0,0.0
2014-07-23,1.2777379751205444,1.2777379751205444,1.2616660594940186,1.2777379751205444,0.8570547103881836,337726,0.0,0.0
2014-07-24,1.2697019577026367,1.2777379751205444,1.2536289691925049,1.2656840085983276,0.8489692807197571,208310,0.0,0.0
2014-07-25,1.2777379751205444,1.2777379751205444,1.2616660594940186,1.2656840085983276,0.8489692807197571,191635,0.0,0.0
2014-07-30,1.2777379751205444,1.2938100099563599,1.2656840085983276,1.281756043434143,0.8597498536109924,1405907,0.0,0.0
2014-07-31,1.2897919416427612,1.2897919416427612,1.2777379751205444,1.2897919416427612,0.865139901638031,3942216,0.0,0.0
2014-08-01,1.281756043434143,1.281756043434143,1.2737200260162354,1.2777379751205444,0.8570547103881836,819055,0.0,0.0
2014-08-04,1.2777379751205444,1.281756043434143,1.2777379751205444,1.2777379751205444,0.8570547103881836,1572904,0.0,0.0
2014-08-05,1.281756043434143,1.281756043434143,1.2697019577026367,1.2737200260162354,0.8543592691421509,1850900,0.0,0.0
2014-08-06,1.2737200260162354,1.2737200260162354,1.2656840085983276,1.2697019577026367,0.8516644239425659,464404,0.0,0.0
2014-08-07,1.2576470375061035,1.2697019577026367,1.2576470375061035,1.2656840085983276,0.8489692807197571,1027365,0.0,0.0
2014-08-08,1.2496110200881958,1.2616660594940186,1.2455929517745972,1.2576470375061035,0.8435783982276917,3183638,0.0,0.0
2014-08-11,1.2616660594940186,1.2616660594940186,1.241575002670288,1.2576470375061035,0.8435783982276917,353903,0.0,0.0
2014-08-12,1.2455929517745972,1.2496110200881958,1.241575002670288,1.2455929517745972,0.8354931473731995,726721,0.0,0.0
2014-08-13,1.237557053565979,1.2616660594940186,1.237557053565979,1.2616660594940186,0.846274197101593,676199,0.0,0.0
2014-08-14,1.2777379751205444,1.2777379751205444,1.241575002670288,1.2737200260162354,0.8543592691421509,1703564,0.0,0.0
2014-08-15,1.2455929517745972,1.2697019577026367,1.2455929517745972,1.2656840085983276,0.8489692807197571,320056,0.0,0.0
2014-08-18,1.2496110200881958,1.2697019577026367,1.2496110200881958,1.2697019577026367,0.8516644239425659,2192857,0.0,0.0
2014-08-19,1.2737200260162354,1.2737200260162354,1.2536289691925049,1.2616660594940186,0.846274197101593,1076145,0.0,0.0
2014-08-20,1.2737200260162354,1.2777379751205444,1.2536289691925049,1.2737200260162354,0.8543592691421509,1139111,0.0,0.0
2014-08-21,1.2737200260162354,1.2777379751205444,1.2616660594940186,1.2656840085983276,0.8489692807197571,595812,0.0,0.0
2014-08-22,1.2656840085983276,1.281756043434143,1.2656840085983276,1.2737200260162354,0.8543592691421509,1362105,0.0,0.0
2014-08-25,1.281756043434143,1.281756043434143,1.2616660594940186,1.2777379751205444,0.8570547103881836,939760,0.0,0.0
2014-08-26,1.2656840085983276,1.281756043434143,1.2616660594940186,1.2777379751205444,0.8570547103881836,2619931,0.0,0.0
2014-08-27,1.281756043434143,1.2857739925384521,1.2777379751205444,1.2777379751205444,0.8570547103881836,1550505,0.0,0.0
2014-08-28,1.2616660594940186,1.2656840085983276,1.2496110200881958,1.2576470375061035,0.8435783982276917,1214023,0.0,0.0
2014-08-29,1.2656840085983276,1.2656840085983276,1.2054129838943481,1.2054129838943481,0.8085418939590454,710046,0.0,0.0
2014-09-02,1.217466950416565,1.2455929517745972,1.217466950416565,1.2295210361480713,0.8247126340866089,457436,0.0,0.0
2014-09-03,1.2295210361480713,1.2938100099563599,1.2295210361480713,1.2777379751205444,0.8570547103881836,1434279,0.0,0.0
2014-09-04,1.2777379751205444,1.2777379751205444,1.2496110200881958,1.2697019577026367,0.8516644239425659,636876,0.0,0.0
2014-09-05,1.2697019577026367,1.2737200260162354,1.2576470375061035,1.2656840085983276,0.8489692807197571,429562,0.0,0.0
2014-09-08,1.2656840085983276,1.2897919416427612,1.2656840085983276,1.2857739925384521,0.8624448776245117,1935020,0.0,0.0
2014-09-09,1.2857739925384521,1.2938100099563599,1.2737200260162354,1.2938100099563599,0.8678349852561951,3416836,0.0,0.0
2014-09-10,1.2897919416427612,1.2938100099563599,1.2777379751205444,1.281756043434143,0.8597498536109924,1742887,0.0,0.0
2014-09-11,1.281756043434143,1.2897919416427612,1.281756043434143,1.2897919416427612,0.865139901638031,972363,0.0,0.0
2014-09-12,1.2897919416427612,1.297827959060669,1.2857739925384521,1.2857739925384521,0.8624448776245117,938018,0.0,0.0
2014-09-15,1.2857739925384521,1.3018460273742676,1.281756043434143,1.3018460273742676,0.8732253313064575,1478082,0.0,0.0
2014-09-17,1.2938100099563599,1.3580989837646484,1.2897919416427612,1.3380080461502075,0.8974810838699341,7063634,0.0,0.0
2014-09-18,1.3259539604187012,1.3460439443588257,1.3098820447921753,1.3259539604187012,0.8893960118293762,3467358,0.0,0.0
2014-09-19,1.3259539604187012,1.3580989837646484,1.3259539604187012,1.3500620126724243,0.9055668115615845,4153263,0.0,0.0
2014-09-22,1.362117052078247,1.4183690547943115,1.3580989837646484,1.414350986480713,0.9635324478149414,8237340,0.020798,0.0
2014-09-23,1.4264049530029297,1.4746220111846924,1.414350986480713,1.4183690547943115,0.9662697911262512,4973812,0.0,0.0
2014-09-24,1.4264049530029297,1.4264049530029297,1.4103330373764038,1.4223870038986206,0.9690069556236267,2083351,0.0,0.0
2014-09-25,1.4264049530029297,1.4304230213165283,1.414350986480713,1.4183690547943115,0.9662697911262512,1116463,0.0,0.0
2014-09-26,1.414350986480713,1.414350986480713,1.3862249851226807,1.4063149690628052,0.9580577611923218,1298641,0.0,0.0
2014-09-29,1.4103330373764038,1.414350986480713,1.3902430534362793,1.4063149690628052,0.9580577611923218,3096033,0.0,0.0
2014-09-30,1.4063149690628052,1.4063149690628052,1.3580989837646484,1.3822070360183716,0.9416342973709106,4097764,0.0,0.0
2014-10-01,1.3822070360183716,1.3822070360183716,1.3500620126724243,1.3500620126724243,0.9197353720664978,1862348,0.0,0.0
2014-10-02,1.3500620126724243,1.3540810346603394,1.3380080461502075,1.3540810346603394,0.9224733710289001,1169225,0.0,0.0
2014-10-03,1.3460439443588257,1.3741710186004639,1.3420259952545166,1.362117052078247,0.9279480576515198,1388984,0.0,0.0
2014-10-07,1.378188967704773,1.378188967704773,1.3259539604187012,1.3460439443588257,0.916998028755188,1946469,0.0,0.0
2014-10-08,1.3460439443588257,1.3460439443588257,1.3179179430007935,1.3179179430007935,0.8978371024131775,1699582,0.0,0.0
2014-10-09,1.3179179430007935,1.3380080461502075,1.3179179430007935,1.3339899778366089,0.9087861776351929,2357365,0.0,0.0
2014-10-10,1.3420259952545166,1.3420259952545166,1.321936011314392,1.3299720287322998,0.9060490131378174,4037536,0.0,0.0
2014-10-13,1.3058639764785767,1.3299720287322998,1.3058639764785767,1.321936011314392,0.9005745053291321,2318540,0.0,0.0
2014-10-14,1.3138999938964844,1.3299720287322998,1.3058639764785767,1.3259539604187012,0.9033116102218628,3635599,0.0,0.0
2014-10-15,1.321936011314392,1.3299720287322998,1.321936011314392,1.3259539604187012,0.9033116102218628,2581603,0.0,0.0
2014-10-16,1.3179179430007935,1.3179179430007935,1.2777379751205444,1.281756043434143,0.8732016682624817,5005170,0.0,0.0
2014-10-17,1.281756043434143,1.2938100099563599,1.2656840085983276,1.2777379751205444,0.8704640865325928,4596514,0.0,0.0
2014-10-20,1.2857739925384521,1.3259539604187012,1.2857739925384521,1.3259539604187012,0.9033116102218628,1665237,0.0,0.0
2014-10-21,1.297827959060669,1.3339899778366089,1.297827959060669,1.3339899778366089,0.9087861776351929,614229,0.0,0.0
2014-10-22,1.3339899778366089,1.3339899778366089,1.3339899778366089,1.3339899778366089,0.9087861776351929,0,0.0,0.0
2014-10-24,1.3339899778366089,1.3661350011825562,1.3339899778366089,1.362117052078247,0.9279480576515198,2682648,0.0,0.0
2014-10-27,1.3701529502868652,1.378188967704773,1.362117052078247,1.378188967704773,0.9388971924781799,1118205,0.0,0.0
2014-10-28,1.362117052078247,1.3661350011825562,1.3339899778366089,1.3339899778366089,0.9087861776351929,1616706,0.0,0.0
2014-10-29,1.3339899778366089,1.3540810346603394,1.3299720287322998,1.3460439443588257,0.916998028755188,1247870,0.0,0.0
2014-10-30,1.3500620126724243,1.3661350011825562,1.3380080461502075,1.362117052078247,0.9279480576515198,2471351,0.0,0.0
2014-10-31,1.362117052078247,1.3862249851226807,1.362117052078247,1.3862249851226807,0.9443715810775757,1562451,0.0,0.0
2014-11-03,1.3661350011825562,1.3942610025405884,1.3661350011825562,1.3942610025405884,0.9498462677001953,3076372,0.0,0.0
2014-11-04,1.3942610025405884,1.3942610025405884,1.3460439443588257,1.3460439443588257,0.916998028755188,11488672,0.0,0.0
2014-11-05,1.3500620126724243,1.3500620126724243,1.297827959060669,1.297827959060669,0.8841505646705627,4149779,0.0,0.0
2014-11-06,1.297827959060669,1.297827959060669,1.2616660594940186,1.281756043434143,0.8732016682624817,24622424,0.0,0.0
2014-11-07,1.281756043434143,1.2897919416427612,1.2777379751205444,1.2777379751205444,0.8704640865325928,9875450,0.0,0.0
2014-11-10,1.2857739925384521,1.297827959060669,1.2777379751205444,1.2857739925384521,0.875938892364502,9327422,0.0,0.0
2014-11-11,1.2857739925384521,1.2897919416427612,1.2697019577026367,1.2777379751205444,0.8704640865325928,10232838,0.0,0.0
2014-11-12,1.2857739925384521,1.2857739925384521,1.2697019577026367,1.2737200260162354,0.8677270412445068,4681879,0.0,0.0
2014-11-13,1.281756043434143,1.3138999938964844,1.281756043434143,1.297827959060669,0.8841505646705627,2974830,0.0,0.0
2014-11-14,1.3018460273742676,1.3138999938964844,1.297827959060669,1.3138999938964844,0.895099937915802,4787901,0.0,0.0
2014-11-17,1.3098820447921753,1.3138999938964844,1.2938100099563599,1.3018460273742676,0.8868877291679382,4367796,0.0,0.0
2014-11-18,1.3018460273742676,1.3018460273742676,1.297827959060669,1.297827959060669,0.8841505646705627,1156781,0.0,0.0
2014-11-19,1.3058639764785767,1.3138999938964844,1.3058639764785767,1.3098820447921753,0.8923625946044922,6518842,0.0,0.0
2014-11-20,1.3098820447921753,1.3179179430007935,1.3098820447921753,1.3138999938964844,0.895099937915802,3518378,0.0,0.0
2014-11-21,1.3138999938964844,1.321936011314392,1.3138999938964844,1.3179179430007935,0.8978371024131775,5940700,0.0,0.0
2014-11-24,1.321936011314392,1.3259539604187012,1.3179179430007935,1.321936011314392,0.9005745053291321,5282171,0.0,0.0
2014-11-25,1.3299720287322998,1.3661350011825562,1.321936011314392,1.3580989837646484,0.9252105355262756,10049913,0.0,0.0
2014-11-26,1.3580989837646484,1.3580989837646484,1.3460439443588257,1.3460439443588257,0.916998028755188,7510618,0.0,0.0
2014-11-27,1.3339899778366089,1.3902430534362793,1.3299720287322998,1.378188967704773,0.9388971924781799,10735570,0.0,0.0
2014-11-28,1.3701529502868652,1.3741710186004639,1.3580989837646484,1.362117052078247,0.9279480576515198,992273,0.0,0.0
2014-12-01,1.3500620126724243,1.362117052078247,1.297827959060669,1.3058639764785767,0.8896253705024719,6563391,0.0,0.0
2014-12-02,1.3018460273742676,1.3339899778366089,1.3018460273742676,1.3058639764785767,0.8896253705024719,2600518,0.0,0.0
2014-12-03,1.3299720287322998,1.3380080461502075,1.3179179430007935,1.3259539604187012,0.9033116102218628,2610224,0.0,0.0
2014-12-04,1.3339899778366089,1.3380080461502075,1.3058639764785767,1.3259539604187012,0.9033116102218628,3096779,0.0,0.0
2014-12-05,1.3420259952545166,1.3580989837646484,1.321936011314392,1.3500620126724243,0.9197353720664978,5337422,0.0,0.0
2014-12-08,1.3420259952545166,1.3540810346603394,1.3259539604187012,1.3299720287322998,0.9060490131378174,1611729,0.0,0.0
2014-12-09,1.3420259952545166,1.3500620126724243,1.3380080461502075,1.3420259952545166,0.9142608642578125,5570371,0.0,0.0
2014-12-10,1.3460439443588257,1.3460439443588257,1.321936011314392,1.3259539604187012,0.9033116102218628,1514169,0.0,0.0
2014-12-11,1.3339899778366089,1.3460439443588257,1.3339899778366089,1.3420259952545166,0.9142608642578125,866092,0.0,0.0
2014-12-12,1.3460439443588257,1.3500620126724243,1.3299720287322998,1.3380080461502075,0.9115234613418579,3931514,0.0,0.0
2014-12-15,1.3259539604187012,1.3380080461502075,1.3138999938964844,1.3259539604187012,0.9033116102218628,6771452,0.0,0.0
2014-12-16,1.297827959060669,1.3259539604187012,1.297827959060669,1.3018460273742676,0.8868877291679382,4411598,0.0,0.0
2014-12-17,1.297827959060669,1.297827959060669,1.2576470375061035,1.2777379751205444,0.8704640865325928,4394426,0.0,0.0
2014-12-18,1.3098820447921753,1.3138999938964844,1.3018460273742676,1.3058639764785767,0.8896253705024719,816068,0.0,0.0
2014-12-19,1.3098820447921753,1.3540810346603394,1.3098820447921753,1.3299720287322998,0.9060490131378174,2936751,0.0,0.0
2014-12-22,1.3339899778366089,1.3420259952545166,1.3179179430007935,1.321936011314392,0.9005745053291321,797900,0.0,0.0
2014-12-23,1.3339899778366089,1.3339899778366089,1.3018460273742676,1.3259539604187012,0.9033116102218628,3039040,0.0,0.0
2014-12-24,1.3299720287322998,1.3299720287322998,1.321936011314392,1.321936011314392,0.9005745053291321,1213774,0.0,0.0
2014-12-26,1.3179179430007935,1.321936011314392,1.3179179430007935,1.321936011314392,0.9005745053291321,3614693,0.0,0.0
2014-12-29,1.3058639764785767,1.3299720287322998,1.3058639764785767,1.3259539604187012,0.9033116102218628,3238888,0.0,0.0
2014-12-30,1.3259539604187012,1.3259539604187012,1.3179179430007935,1.3259539604187012,0.9033116102218628,5028316,0.0,0.0
2014-12-31,1.3299720287322998,1.3580989837646484,1.321936011314392,1.321936011314392,0.9005745053291321,8549183,0.0,0.0
2015-01-02,1.3058639764785767,1.321936011314392,1.297827959060669,1.3018460273742676,0.8868877291679382,623188,0.0,0.0
2015-01-05,1.321936011314392,1.321936011314392,1.2857739925384521,1.3018460273742676,0.8868877291679382,2280711,0.0,0.0
2015-01-06,1.2857739925384521,1.3259539604187012,1.2857739925384521,1.3259539604187012,0.9033116102218628,3675419,0.0,0.0
2015-01-07,1.3179179430007935,1.3299720287322998,1.2938100099563599,1.321936011314392,0.9005745053291321,3590303,0.0,0.0
2015-01-08,1.3259539604187012,1.3339899778366089,1.321936011314392,1.3339899778366089,0.9087861776351929,5944682,0.0,0.0
2015-01-09,1.3259539604187012,1.3259539604187012,1.321936011314392,1.321936011314392,0.9005745053291321,2256321,0.0,0.0
2015-01-12,1.3299720287322998,1.3380080461502075,1.3299720287322998,1.3380080461502075,0.9115234613418579,2926796,0.0,0.0
2015-01-13,1.3339899778366089,1.3380080461502075,1.321936011314392,1.3339899778366089,0.9087861776351929,4924285,0.0,0.0
2015-01-14,1.3339899778366089,1.3339899778366089,1.321936011314392,1.321936011314392,0.9005745053291321,1843682,0.0,0.0
2015-01-15,1.3179179430007935,1.321936011314392,1.2777379751205444,1.2938100099563599,0.8814132213592529,9522791,0.0,0.0
2015-01-16,1.2938100099563599,1.3098820447921753,1.2857739925384521,1.3018460273742676,0.8868877291679382,3918821,0.0,0.0
2015-01-19,1.2938100099563599,1.3058639764785767,1.2897919416427612,1.3058639764785767,0.8896253705024719,328269,0.0,0.0
2015-01-20,1.297827959060669,1.3179179430007935,1.2857739925384521,1.3018460273742676,0.8868877291679382,1691867,0.0,0.0
2015-01-21,1.3018460273742676,1.3299720287322998,1.2938100099563599,1.3259539604187012,0.9033116102218628,3685125,0.0,0.0
2015-01-22,1.3259539604187012,1.3420259952545166,1.321936011314392,1.3420259952545166,0.9142608642578125,4285168,0.0,0.0
2015-01-23,1.3420259952545166,1.3420259952545166,1.3098820447921753,1.3138999938964844,0.895099937915802,3375771,0.0,0.0
2015-01-26,1.3259539604187012,1.3299720287322998,1.321936011314392,1.3299720287322998,0.9060490131378174,381031,0.0,0.0
2015-01-27,1.3299720287322998,1.3661350011825562,1.321936011314392,1.3500620126724243,0.9197353720664978,3467358,0.0,0.0
2015-01-28,1.3500620126724243,1.3540810346603394,1.3179179430007935,1.3259539604187012,0.9033116102218628,1357625,0.0,0.0
2015-01-29,1.3259539604187012,1.3299720287322998,1.3018460273742676,1.3098820447921753,0.8923625946044922,1862099,0.0,0.0
2015-01-30,1.321936011314392,1.3380080461502075,1.3098820447921753,1.3380080461502075,0.9115234613418579,2478319,0.0,0.0
2015-02-04,1.3420259952545166,1.3661350011825562,1.3299720287322998,1.3299720287322998,0.9060490131378174,5109450,0.0,0.0
2015-02-05,1.3420259952545166,1.3460439443588257,1.3339899778366089,1.3380080461502075,0.9115234613418579,3073634,0.0,0.0
2015-02-06,1.3460439443588257,1.3500620126724243,1.3339899778366089,1.3380080461502075,0.9115234613418579,4335691,0.0,0.0
2015-02-09,1.3500620126724243,1.3500620126724243,1.3259539604187012,1.3299720287322998,0.9060490131378174,1587090,0.0,0.0
2015-02-10,1.3259539604187012,1.3420259952545166,1.321936011314392,1.321936011314392,0.9005745053291321,1175447,0.0,0.0
2015-02-11,1.3420259952545166,1.3500620126724243,1.3259539604187012,1.3460439443588257,0.916998028755188,2077876,0.0,0.0
2015-02-12,1.3420259952545166,1.3500620126724243,1.3138999938964844,1.3138999938964844,0.895099937915802,2340939,0.0,0.0
2015-02-13,1.321936011314392,1.3339899778366089,1.3179179430007935,1.321936011314392,0.9005745053291321,1841442,0.0,0.0
2015-02-16,1.321936011314392,1.3259539604187012,1.3179179430007935,1.321936011314392,0.9005745053291321,1987036,0.0,0.0
2015-02-17,1.3179179430007935,1.321936011314392,1.3098820447921753,1.3098820447921753,0.8923625946044922,683914,0.0,0.0
2015-02-18,1.3058639764785767,1.3098820447921753,1.3058639764785767,1.3058639764785767,0.8896253705024719,994015,0.0,0.0
2015-02-23,1.3098820447921753,1.3098820447921753,1.3058639764785767,1.3058639764785767,0.8896253705024719,1337715,0.0,0.0
2015-02-24,1.3058639764785767,1.3580989837646484,1.3058639764785767,1.3460439443588257,0.916998028755188,5851851,0.0,0.0
2015-02-25,1.3540810346603394,1.3540810346603394,1.3339899778366089,1.3339899778366089,0.9087861776351929,4034798,0.0,0.0
2015-02-26,1.3259539604187012,1.362117052078247,1.3259539604187012,1.3540810346603394,0.9224733710289001,4376009,0.0,0.0
2015-02-27,1.3540810346603394,1.3661350011825562,1.3540810346603394,1.3580989837646484,0.9252105355262756,2746609,0.0,0.0
2015-03-02,1.3580989837646484,1.378188967704773,1.3580989837646484,1.3701529502868652,0.9334223866462708,2670950,0.0,0.0
2015-03-03,1.3741710186004639,1.3942610025405884,1.3701529502868652,1.3862249851226807,0.9443715810775757,7400365,0.0,0.0
2015-03-04,1.3862249851226807,1.3982789516448975,1.3822070360183716,1.3982789516448975,0.9525834918022156,5612182,0.0,0.0
2015-03-05,1.3942610025405884,1.3942610025405884,1.3661350011825562,1.3701529502868652,0.9334223866462708,2896433,0.0,0.0
2015-03-06,1.3701529502868652,1.3862249851226807,1.3701529502868652,1.3701529502868652,0.9334223866462708,3627884,0.0,0.0
2015-03-09,1.378188967704773,1.3862249851226807,1.362117052078247,1.3822070360183716,0.9416342973709106,713780,0.0,0.0
2015-03-10,1.3862249851226807,1.3982789516448975,1.378188967704773,1.3982789516448975,0.9525834918022156,3523106,0.0,0.0
2015-03-11,1.3942610025405884,1.4063149690628052,1.3862249851226807,1.3982789516448975,0.9525834918022156,8071338,0.0,0.0
2015-03-12,1.4063149690628052,1.4103330373764038,1.3942610025405884,1.4063149690628052,0.9580577611923218,4036042,0.0,0.0
2015-03-13,1.4063149690628052,1.4063149690628052,1.3982789516448975,1.402297019958496,0.9553207755088806,10466533,0.0,0.0
2015-03-16,1.3982789516448975,1.402297019958496,1.3942610025405884,1.402297019958496,0.9553207755088806,1883503,0.0,0.0
2015-03-17,1.402297019958496,1.4063149690628052,1.3982789516448975,1.402297019958496,0.9553207755088806,4256796,0.0,0.0
2015-03-18,1.4063149690628052,1.4063149690628052,1.3982789516448975,1.402297019958496,0.9553207755088806,5322987,0.0,0.0
2015-03-19,1.4063149690628052,1.4223870038986206,1.402297019958496,1.414350986480713,0.9635324478149414,6711224,0.0,0.0
2015-03-20,1.414350986480713,1.4183690547943115,1.402297019958496,1.402297019958496,0.9553207755088806,2950688,0.0,0.0
2015-03-23,1.402297019958496,1.4625680446624756,1.402297019958496,1.4464960098266602,0.9854313731193542,7361540,0.0,0.0
2015-03-24,1.4464960098266602,1.4545320272445679,1.438459038734436,1.4464960098266602,0.9854313731193542,3147550,0.0,0.0
2015-03-25,1.4464960098266602,1.4625680446624756,1.4424779415130615,1.4545320272445679,0.9909061789512634,3150288,0.0,0.0
2015-03-26,1.4505139589309692,1.4625680446624756,1.4464960098266602,1.458549976348877,0.9936434030532837,5786645,0.0,0.0
2015-03-27,1.458549976348877,1.4746220111846924,1.4545320272445679,1.4706039428710938,1.0018552541732788,6507891,0.0,0.0
2015-03-30,1.4505139589309692,1.4826580286026,1.438459038734436,1.4786399602890015,1.0247204303741455,10253992,0.024958,0.0
2015-03-31,1.4746220111846924,1.4786399602890015,1.4625680446624756,1.4665859937667847,1.016366958618164,7183344,0.0,0.0
2015-04-01,1.4625680446624756,1.5067659616470337,1.4625680446624756,1.498729944229126,1.03864324092865,3751078,0.0,0.0
2015-04-02,1.4545320272445679,1.498729944229126,1.4545320272445679,1.498729944229126,1.03864324092865,2046517,0.0,0.0
2015-04-03,1.5027480125427246,1.5228379964828491,1.5027480125427246,1.51882004737854,1.0525656938552856,2120932,0.0,0.0
2015-04-06,1.5268559455871582,1.5268559455871582,1.498729944229126,1.5027480125427246,1.041427493095398,2177178,0.0,0.0
2015-04-07,1.51882004737854,1.51882004737854,1.4906940460205078,1.4906940460205078,1.033073902130127,4334446,0.0,0.0
2015-04-08,1.4906940460205078,1.5107840299606323,1.4906940460205078,1.5107840299606323,1.0469969511032104,4216727,0.0,0.0
2015-04-09,1.5107840299606323,1.5148019790649414,1.5067659616470337,1.5107840299606323,1.0469969511032104,2480062,0.0,0.0
2015-04-10,1.5107840299606323,1.5148019790649414,1.494711995124817,1.5107840299606323,1.0469969511032104,4315283,0.0,0.0
2015-04-13,1.5107840299606323,1.5107840299606323,1.5027480125427246,1.5027480125427246,1.041427493095398,2035069,0.0,0.0
2015-04-14,1.5027480125427246,1.5067659616470337,1.498729944229126,1.5067659616470337,1.0442123413085938,5854340,0.0,0.0
2015-04-15,1.5027480125427246,1.5067659616470337,1.498729944229126,1.5067659616470337,1.0442123413085938,564702,0.0,0.0
2015-04-16,1.5067659616470337,1.5067659616470337,1.5027480125427246,1.5067659616470337,1.0442123413085938,4048486,0.0,0.0
2015-04-17,1.5067659616470337,1.51882004737854,1.498729944229126,1.5027480125427246,1.041427493095398,6720930,0.0,0.0
2015-04-20,1.5027480125427246,1.5067659616470337,1.498729944229126,1.5067659616470337,1.0442123413085938,6523073,0.0,0.0
2015-04-21,1.5027480125427246,1.5067659616470337,1.498729944229126,1.5027480125427246,1.041427493095398,12014052,0.0,0.0
2015-04-22,1.5027480125427246,1.51882004737854,1.498729944229126,1.51882004737854,1.0525656938552856,5352354,0.0,0.0
2015-04-23,1.51882004737854,1.5509649515151978,1.51882004737854,1.538910984992981,1.0664891004562378,3871286,0.0,0.0
2015-04-24,1.538910984992981,1.538910984992981,1.5268559455871582,1.538910984992981,1.0664891004562378,782470,0.0,0.0
2015-04-27,1.538910984992981,1.5590009689331055,1.5348930358886719,1.5429290533065796,1.069273829460144,4213243,0.0,0.0
2015-04-28,1.5469470024108887,1.57909095287323,1.5429290533065796,1.5590009689331055,1.0804115533828735,11899569,0.0,0.0
2015-04-29,1.5590009689331055,1.563019037246704,1.51882004737854,1.5469470024108887,1.0720582008361816,6759009,0.0,0.0
2015-04-30,1.5509649515151978,1.5509649515151978,1.5228379964828491,1.5228379964828491,1.055350422859192,14537170,0.0,0.0
2015-05-05,1.5268559455871582,1.5308749675750732,1.494711995124817,1.498729944229126,1.03864324092865,9235835,0.0,0.0
2015-05-06,1.4850029945373535,1.4891619682312012,1.430927038192749,1.4766830205917358,1.0233641862869263,6816161,0.0,0.0
2015-05-07,1.4683640003204346,1.4808429479599,1.3851699829101562,1.3976500034332275,0.9685930609703064,9249045,0.0,0.0
2015-05-08,1.4018089771270752,1.4766830205917358,1.393489956855774,1.4558850526809692,1.0089514255523682,11889637,0.0,0.0
2015-05-11,1.4558850526809692,1.4558850526809692,1.4018089771270752,1.41428804397583,0.9801236987113953,4673925,0.0,0.0
2015-05-12,1.4184479713439941,1.435086965560913,1.4101289510726929,1.4226080179214478,0.9858890771865845,3160585,0.0,0.0
2015-05-13,1.4267669916152954,1.4434059858322144,1.4101289510726929,1.41428804397583,0.9801236987113953,8010966,0.0,0.0
2015-05-14,1.4184479713439941,1.464203953742981,1.41428804397583,1.464203953742981,1.0147161483764648,5305465,0.0,0.0
2015-05-15,1.4558850526809692,1.4683640003204346,1.4558850526809692,1.464203953742981,1.0147161483764648,2627851,0.0,0.0
2015-05-18,1.4558850526809692,1.4766830205917358,1.4558850526809692,1.4766830205917358,1.0233641862869263,2641073,0.0,0.0
2015-05-19,1.4766830205917358,1.501641035079956,1.4725240468978882,1.4974819421768188,1.0377781391143799,3621198,0.0,0.0
2015-05-20,1.4974819421768188,1.5099610090255737,1.4808429479599,1.5099610090255737,1.0464264154434204,4184944,0.0,0.0
2015-05-21,1.5058009624481201,1.5099610090255737,1.4974819421768188,1.4974819421768188,1.0377781391143799,4557570,0.0,0.0
2015-05-22,1.4933220148086548,1.5058009624481201,1.447566032409668,1.4558850526809692,1.0089514255523682,5519424,0.0,0.0
2015-05-25,1.4558850526809692,1.4558850526809692,1.430927038192749,1.435086965560913,0.9945375919342041,6458681,0.0,0.0
2015-05-26,1.435086965560913,1.4683640003204346,1.435086965560913,1.464203953742981,1.0147161483764648,5155694,0.0,0.0
2015-05-27,1.464203953742981,1.464203953742981,1.430927038192749,1.435086965560913,0.9945375919342041,8732658,0.0,0.0
2015-05-28,1.435086965560913,1.447566032409668,1.4226080179214478,1.4267669916152954,0.9887714982032776,3210829,0.0,0.0
2015-05-29,1.4184479713439941,1.430927038192749,1.4018089771270752,1.4018089771270752,0.9714754819869995,4334956,0.0,0.0
2015-06-01,1.4059690237045288,1.430927038192749,1.4018089771270752,1.4101289510726929,0.9772411584854126,3815204,0.0,0.0
2015-06-02,1.4226080179214478,1.447566032409668,1.41428804397583,1.435086965560913,0.9945375919342041,1972991,0.0,0.0
2015-06-03,1.447566032409668,1.4600449800491333,1.435086965560913,1.4434059858322144,1.0003026723861694,2983407,0.0,0.0
2015-06-04,1.4558850526809692,1.4725240468978882,1.4517250061035156,1.464203953742981,1.0147161483764648,4229659,0.0,0.0
2015-06-05,1.464203953742981,1.4683640003204346,1.4517250061035156,1.464203953742981,1.0147161483764648,3227657,0.0,0.0
2015-06-08,1.4683640003204346,1.4683640003204346,1.4184479713439941,1.4267669916152954,0.9887714982032776,4112823,0.0,0.0
2015-06-09,1.447566032409668,1.447566032409668,1.4184479713439941,1.435086965560913,0.9945375919342041,3583455,0.0,0.0
2015-06-10,1.4392460584640503,1.4392460584640503,1.4059690237045288,1.4059690237045288,0.9743582010269165,3399305,0.0,0.0
2015-06-11,1.41428804397583,1.41428804397583,1.4018089771270752,1.4059690237045288,0.9743582010269165,4340245,0.0,0.0
2015-06-12,1.4059690237045288,1.430927038192749,1.4059690237045288,1.4059690237045288,0.9743582010269165,2899026,0.0,0.0
2015-06-15,1.4059690237045288,1.430927038192749,1.4059690237045288,1.4267669916152954,0.9887714982032776,3640430,0.0,0.0
2015-06-16,1.4226080179214478,1.4226080179214478,1.4018089771270752,1.4101289510726929,0.9772411584854126,8671115,0.0,0.0
2015-06-17,1.41428804397583,1.447566032409668,1.4018089771270752,1.430927038192749,0.9916545152664185,3624804,0.0,0.0
2015-06-18,1.4226080179214478,1.435086965560913,1.4184479713439941,1.435086965560913,0.9945375919342041,7970579,0.0,0.0
2015-06-19,1.4226080179214478,1.4267669916152954,1.4059690237045288,1.4059690237045288,0.9743582010269165,2950472,0.0,0.0
2015-06-22,1.41428804397583,1.4226080179214478,1.4018089771270752,1.4059690237045288,0.9743582010269165,2807432,0.0,0.0
2015-06-23,1.4059690237045288,1.4184479713439941,1.4059690237045288,1.41428804397583,0.9801236987113953,3146401,0.0,0.0
2015-06-24,1.41428804397583,1.4392460584640503,1.41428804397583,1.4226080179214478,0.9858890771865845,7047910,0.0,0.0
2015-06-25,1.4226080179214478,1.4226080179214478,1.4101289510726929,1.41428804397583,0.9801236987113953,4571753,0.0,0.0
2015-06-26,1.4226080179214478,1.447566032409668,1.4226080179214478,1.435086965560913,0.9945375919342041,5608614,0.0,0.0
2015-06-29,1.447566032409668,1.4517250061035156,1.4059690237045288,1.435086965560913,0.9945375919342041,8447780,0.0,0.0
2015-06-30,1.4267669916152954,1.4766830205917358,1.4267669916152954,1.430927038192749,0.9916545152664185,12445450,0.0,0.0
2015-07-01,1.4392460584640503,1.4808429479599,1.435086965560913,1.4600449800491333,1.011833906173706,7754215,0.0,0.0
2015-07-02,1.4766830205917358,1.4766830205917358,1.4517250061035156,1.4558850526809692,1.0089514255523682,4673685,0.0,0.0
2015-07-03,1.4558850526809692,1.464203953742981,1.4392460584640503,1.4392460584640503,0.9974199533462524,625049,0.0,0.0
2015-07-06,1.4392460584640503,1.4558850526809692,1.4267669916152954,1.4517250061035156,1.0060678720474243,1683065,0.0,0.0
2015-07-07,1.4434059858322144,1.4558850526809692,1.4059690237045288,1.4101289510726929,0.9772411584854126,6106730,0.0,0.0
2015-07-08,1.41428804397583,1.435086965560913,1.4101289510726929,1.41428804397583,0.9801236987113953,9967611,0.0,0.0
2015-07-09,1.41428804397583,1.4392460584640503,1.41428804397583,1.435086965560913,0.9945375919342041,4485208,0.0,0.0
2015-07-10,1.435086965560913,1.447566032409668,1.41428804397583,1.4434059858322144,1.0003026723861694,1475596,0.0,0.0
2015-07-13,1.4434059858322144,1.4517250061035156,1.4184479713439941,1.447566032409668,1.003185749053955,1397225,0.0,0.0
2015-07-14,1.4517250061035156,1.4517250061035156,1.430927038192749,1.4517250061035156,1.0060678720474243,2594194,0.0,0.0
2015-07-15,1.4558850526809692,1.4600449800491333,1.4226080179214478,1.4558850526809692,1.0089514255523682,2061700,0.0,0.0
2015-07-16,1.4600449800491333,1.464203953742981,1.4392460584640503,1.4434059858322144,1.0003026723861694,766646,0.0,0.0
2015-07-20,1.4434059858322144,1.4600449800491333,1.4392460584640503,1.4434059858322144,1.0003026723861694,3234869,0.0,0.0
2015-07-21,1.4517250061035156,1.4600449800491333,1.4392460584640503,1.4434059858322144,1.0003026723861694,3165393,0.0,0.0
2015-07-22,1.4600449800491333,1.4683640003204346,1.4434059858322144,1.464203953742981,1.0147161483764648,3281989,0.0,0.0
2015-07-23,1.4683640003204346,1.501641035079956,1.464203953742981,1.4891619682312012,1.0320122241973877,3893816,0.0,0.0
2015-07-24,1.4850029945373535,1.501641035079956,1.4766830205917358,1.4974819421768188,1.0377781391143799,1462374,0.0,0.0
2015-07-27,1.5099610090255737,1.5099610090255737,1.4766830205917358,1.4933220148086548,1.034895420074463,6987569,0.0,0.0
2015-07-28,1.4974819421768188,1.4974819421768188,1.4600449800491333,1.464203953742981,1.0147161483764648,6976510,0.0,0.0
2015-07-29,1.4725240468978882,1.4725240468978882,1.435086965560913,1.4558850526809692,1.0089514255523682,6437766,0.0,0.0
2015-07-30,1.4392460584640503,1.4558850526809692,1.4392460584640503,1.447566032409668,1.003185749053955,4932840,0.0,0.0
2015-07-31,1.435086965560913,1.4558850526809692,1.435086965560913,1.4434059858322144,1.0003026723861694,1125088,0.0,0.0
2015-08-03,1.4392460584640503,1.4600449800491333,1.4392460584640503,1.4600449800491333,1.011833906173706,2130936,0.0,0.0
2015-08-04,1.4600449800491333,1.4600449800491333,1.41428804397583,1.41428804397583,0.9801236987113953,4404192,0.0,0.0
2015-08-05,1.41428804397583,1.4558850526809692,1.41428804397583,1.4558850526809692,1.0089514255523682,2118195,0.0,0.0
2015-08-06,1.4434059858322144,1.4600449800491333,1.435086965560913,1.4600449800491333,1.011833906173706,7497945,0.0,0.0
2015-08-07,1.4558850526809692,1.4558850526809692,1.4226080179214478,1.4392460584640503,0.9974199533462524,727461,0.0,0.0
2015-08-10,1.430927038192749,1.430927038192749,1.4101289510726929,1.41428804397583,0.9801236987113953,4115708,0.0,0.0
2015-08-11,1.4101289510726929,1.4226080179214478,1.4101289510726929,1.41428804397583,0.9801236987113953,5689630,0.0,0.0
2015-08-12,1.4101289510726929,1.4184479713439941,1.4018089771270752,1.41428804397583,0.9801236987113953,7385436,0.0,0.0
2015-08-13,1.4059690237045288,1.4184479713439941,1.4059690237045288,1.41428804397583,0.9801236987113953,4872017,0.0,0.0
2015-08-14,1.4184479713439941,1.4184479713439941,1.4059690237045288,1.4059690237045288,0.9743582010269165,5633616,0.0,0.0
2015-08-17,1.4059690237045288,1.4059690237045288,1.3851699829101562,1.4059690237045288,0.9743582010269165,6432477,0.0,0.0
2015-08-18,1.4018089771270752,1.4101289510726929,1.4018089771270752,1.4059690237045288,0.9743582010269165,6459883,0.0,0.0
2015-08-19,1.4018089771270752,1.4101289510726929,1.4018089771270752,1.4059690237045288,0.9743582010269165,1466701,0.0,0.0
2015-08-20,1.4018089771270752,1.4018089771270752,1.3810110092163086,1.4018089771270752,0.9714754819869995,3647402,0.0,0.0
2015-08-21,1.3851699829101562,1.4184479713439941,1.3810110092163086,1.41428804397583,0.9801236987113953,7787872,0.0,0.0
2015-08-24,1.3851699829101562,1.4018089771270752,1.3810110092163086,1.3976500034332275,0.9685930609703064,9963043,0.0,0.0
2015-08-25,1.3810110092163086,1.3976500034332275,1.3810110092163086,1.3893300294876099,0.9628271460533142,6181496,0.0,0.0
2015-08-26,1.3893300294876099,1.41428804397583,1.3851699829101562,1.41428804397583,0.9801236987113953,3970985,0.0,0.0
2015-08-27,1.4267669916152954,1.4267669916152954,1.4059690237045288,1.41428804397583,0.9801236987113953,2173247,0.0,0.0
2015-08-28,1.4184479713439941,1.4184479713439941,1.3976500034332275,1.41428804397583,0.9801236987113953,2912969,0.0,0.0
2015-09-01,1.3976500034332275,1.4184479713439941,1.3976500034332275,1.4101289510726929,0.9772411584854126,2988696,0.0,0.0
2015-09-02,1.4059690237045288,1.41428804397583,1.4018089771270752,1.4059690237045288,0.9743582010269165,575285,0.0,0.0
2015-09-03,1.4517250061035156,1.4766830205917358,1.435086965560913,1.435086965560913,0.9945375919342041,3157700,0.0,0.0
2015-09-04,1.4392460584640503,1.447566032409668,1.4101289510726929,1.4101289510726929,0.9772411584854126,3642113,0.0,0.0
2015-09-07,1.4184479713439941,1.4184479713439941,1.4018089771270752,1.4059690237045288,0.9743582010269165,5583852,0.0,0.0
2015-09-08,1.4101289510726929,1.41428804397583,1.4059690237045288,1.4101289510726929,0.9772411584854126,2265803,0.0,0.0
2015-09-09,1.4101289510726929,1.4226080179214478,1.4101289510726929,1.41428804397583,0.9801236987113953,5676889,0.0,0.0
2015-09-10,1.41428804397583,1.4184479713439941,1.4018089771270752,1.4184479713439941,0.9830064177513123,6728414,0.0,0.0
2015-09-11,1.4184479713439941,1.4434059858322144,1.41428804397583,1.4434059858322144,1.0003026723861694,5459083,0.0,0.0
2015-09-14,1.430927038192749,1.4558850526809692,1.4184479713439941,1.4558850526809692,1.0089514255523682,4477034,0.0,0.0
2015-09-15,1.4558850526809692,1.464203953742981,1.4392460584640503,1.4600449800491333,1.011833906173706,2385524,0.0,0.0
2015-09-17,1.4600449800491333,1.4600449800491333,1.447566032409668,1.4558850526809692,1.0089514255523682,2994947,0.0,0.0
2015-09-18,1.4558850526809692,1.4600449800491333,1.4517250061035156,1.4558850526809692,1.0089514255523682,5660060,0.0,0.0
2015-09-21,1.4558850526809692,1.4725240468978882,1.4517250061035156,1.4683640003204346,1.0175988674163818,6659899,0.0,0.0
2015-09-22,1.4725240468978882,1.4766830205917358,1.4558850526809692,1.464203953742981,1.0147161483764648,7071469,0.0,0.0
2015-09-23,1.4558850526809692,1.464203953742981,1.4517250061035156,1.4558850526809692,1.0089514255523682,6250491,0.0,0.0
2015-09-25,1.4558850526809692,1.4600449800491333,1.447566032409668,1.4558850526809692,1.0089514255523682,3784913,0.0,0.0
2015-09-28,1.4558850526809692,1.4600449800491333,1.4434059858322144,1.4517250061035156,1.0060678720474243,5580246,0.0,0.0
2015-09-29,1.447566032409668,1.447566032409668,1.435086965560913,1.435086965560913,0.9945375919342041,12777207,0.0,0.0
2015-09-30,1.3310949802398682,1.3310949802398682,1.289497971534729,1.3102960586547852,0.9820655584335327,6620713,0.108151,0.0
2015-10-01,1.3102960586547852,1.3102960586547852,1.2936580181121826,1.2936580181121826,0.969595730304718,1413332,0.0,0.0
2015-10-02,1.306136965751648,1.3102960586547852,1.2936580181121826,1.2978169918060303,0.9727128148078918,1294092,0.0,0.0
2015-10-05,1.2978169918060303,1.3019770383834839,1.289497971534729,1.2936580181121826,0.969595730304718,1103933,0.0,0.0
2015-10-06,1.2936580181121826,1.2936580181121826,1.2811789512634277,1.289497971534729,0.9664776921272278,1705422,0.0,0.0
2015-10-07,1.289497971534729,1.289497971534729,1.27285897731781,1.289497971534729,0.9664776921272278,3011294,0.0,0.0
2015-10-08,1.289497971534729,1.289497971534729,1.2770190238952637,1.2811789512634277,0.9602425694465637,3997429,0.0,0.0
2015-10-09,1.2770190238952637,1.285338044166565,1.2770190238952637,1.2811789512634277,0.9602425694465637,3313001,0.0,0.0
2015-10-12,1.2811789512634277,1.289497971534729,1.2811789512634277,1.289497971534729,0.9664776921272278,2278304,0.0,0.0
2015-10-13,1.289497971534729,1.289497971534729,1.2811789512634277,1.2811789512634277,0.9602425694465637,2648525,0.0,0.0
2015-10-15,1.2520610094070435,1.27285897731781,1.2520610094070435,1.2645399570465088,0.963411271572113,5680254,0.020798,0.0
2015-10-16,1.2687000036239624,1.2811789512634277,1.256221055984497,1.2811789512634277,0.9760878086090088,2394659,0.0,0.0
2015-10-19,1.2811789512634277,1.289497971534729,1.2645399570465088,1.27285897731781,0.9697490334510803,4074359,0.0,0.0
2015-10-20,1.2687000036239624,1.27285897731781,1.256221055984497,1.2645399570465088,0.963411271572113,4583052,0.0,0.0
2015-10-21,1.2603800296783447,1.2770190238952637,1.2603800296783447,1.2687000036239624,0.9665809273719788,4941494,0.0,0.0
2015-10-22,1.2687000036239624,1.27285897731781,1.2603800296783447,1.2645399570465088,0.963411271572113,1994147,0.0,0.0
2015-10-23,1.2687000036239624,1.27285897731781,1.2645399570465088,1.2687000036239624,0.9665809273719788,865452,0.0,0.0
2015-10-26,1.2687000036239624,1.27285897731781,1.2603800296783447,1.2603800296783447,0.9602417945861816,1743646,0.0,0.0
2015-10-27,1.2687000036239624,1.2687000036239624,1.2603800296783447,1.2645399570465088,0.963411271572113,2032131,0.0,0.0
2015-10-28,1.2645399570465088,1.285338044166565,1.2645399570465088,1.285338044166565,0.979256808757782,2022274,0.0,0.0
2015-10-29,1.2770190238952637,1.2936580181121826,1.2770190238952637,1.2936580181121826,0.9855953454971313,4663588,0.0,0.0
2015-10-30,1.285338044166565,1.2936580181121826,1.285338044166565,1.289497971534729,0.9824259877204895,1528966,0.0,0.0
2015-11-02,1.289497971534729,1.289497971534729,1.2811789512634277,1.289497971534729,0.9824259877204895,1332075,0.0,0.0
2015-11-03,1.289497971534729,1.2978169918060303,1.2811789512634277,1.2978169918060303,0.9887639880180359,4111381,0.0,0.0
2015-11-04,1.2936580181121826,1.2936580181121826,1.2811789512634277,1.285338044166565,0.979256808757782,241845,0.0,0.0
2015-11-05,1.285338044166565,1.285338044166565,1.27285897731781,1.2770190238952637,0.9729184508323669,586103,0.0,0.0
2015-11-06,1.2811789512634277,1.2811789512634277,1.2687000036239624,1.2687000036239624,0.9665809273719788,262280,0.0,0.0
2015-11-09,1.27285897731781,1.2811789512634277,1.27285897731781,1.27285897731781,0.9697490334510803,245452,0.0,0.0
2015-11-11,1.27285897731781,1.2770190238952637,1.2687000036239624,1.2770190238952637,0.9729184508323669,1305631,0.0,0.0
2015-11-12,1.2687000036239624,1.27285897731781,1.2645399570465088,1.2687000036239624,0.9665809273719788,2486734,0.0,0.0
2015-11-13,1.2687000036239624,1.2687000036239624,1.2603800296783447,1.2645399570465088,0.963411271572113,838767,0.0,0.0
2015-11-16,1.2645399570465088,1.285338044166565,1.2645399570465088,1.27285897731781,0.9697490334510803,1531610,0.0,0.0
2015-11-17,1.2687000036239624,1.2811789512634277,1.2687000036239624,1.27285897731781,0.9697490334510803,1245290,0.0,0.0
2015-11-18,1.2770190238952637,1.2770190238952637,1.2603800296783447,1.2687000036239624,0.9665809273719788,603412,0.0,0.0
2015-11-19,1.2687000036239624,1.27285897731781,1.2645399570465088,1.2687000036239624,0.9665809273719788,4128449,0.0,0.0
2015-11-20,1.2687000036239624,1.27285897731781,1.2645399570465088,1.2687000036239624,0.9665809273719788,6596192,0.0,0.0
2015-11-23,1.2687000036239624,1.2687000036239624,1.2645399570465088,1.2687000036239624,0.9665809273719788,307716,0.0,0.0
2015-11-24,1.2687000036239624,1.27285897731781,1.2645399570465088,1.2687000036239624,0.9665809273719788,6093267,0.0,0.0
2015-11-25,1.2645399570465088,1.27285897731781,1.2645399570465088,1.27285897731781,0.9697490334510803,4330388,0.0,0.0
2015-11-26,1.2687000036239624,1.27285897731781,1.2687000036239624,1.27285897731781,0.9697490334510803,1883321,0.0,0.0
2015-11-27,1.2770190238952637,1.2770190238952637,1.2687000036239624,1.2770190238952637,0.9729184508323669,4813359,0.0,0.0
2015-11-30,1.2770190238952637,1.2770190238952637,1.256221055984497,1.256221055984497,0.9570733308792114,3835878,0.0,0.0
2015-12-01,1.2645399570465088,1.2687000036239624,1.2603800296783447,1.2645399570465088,0.963411271572113,956325,0.0,0.0
2015-12-02,1.27285897731781,1.27285897731781,1.2603800296783447,1.2645399570465088,0.963411271572113,1665034,0.0,0.0
2015-12-03,1.2603800296783447,1.27285897731781,1.2603800296783447,1.2645399570465088,0.963411271572113,726739,0.0,0.0
2015-12-04,1.2687000036239624,1.2770190238952637,1.2645399570465088,1.2770190238952637,0.9729184508323669,2710790,0.0,0.0
2015-12-07,1.27285897731781,1.2770190238952637,1.2687000036239624,1.27285897731781,0.9697490334510803,1582576,0.0,0.0
2015-12-08,1.2687000036239624,1.27285897731781,1.2645399570465088,1.2687000036239624,0.9665809273719788,894060,0.0,0.0
2015-12-09,1.2687000036239624,1.27285897731781,1.2645399570465088,1.27285897731781,0.9697490334510803,2997591,0.0,0.0
2015-12-10,1.27285897731781,1.27285897731781,1.2645399570465088,1.2687000036239624,0.9665809273719788,3857034,0.0,0.0
2015-12-11,1.2687000036239624,1.2687000036239624,1.2395819425582886,1.2645399570465088,0.963411271572113,3691877,0.0,0.0
2015-12-14,1.2645399570465088,1.2645399570465088,1.2479009628295898,1.2520610094070435,0.9539037942886353,7697240,0.0,0.0
2015-12-15,1.256221055984497,1.2687000036239624,1.2520610094070435,1.2687000036239624,0.9665809273719788,1408283,0.0,0.0
2015-12-16,1.2687000036239624,1.27285897731781,1.2603800296783447,1.2687000036239624,0.9665809273719788,2948789,0.0,0.0
2015-12-17,1.2603800296783447,1.27285897731781,1.2520610094070435,1.256221055984497,0.9570733308792114,4138546,0.0,0.0
2015-12-18,1.256221055984497,1.2645399570465088,1.2520610094070435,1.2520610094070435,0.9539037942886353,2038621,0.0,0.0
2015-12-21,1.256221055984497,1.256221055984497,1.2229429483413696,1.2437419891357422,0.9475660920143127,4939571,0.0,0.0
2015-12-22,1.2437419891357422,1.27285897731781,1.2437419891357422,1.27285897731781,0.9697490334510803,2809355,0.0,0.0
2015-12-23,1.27285897731781,1.27285897731781,1.2687000036239624,1.2687000036239624,0.9665809273719788,388972,0.0,0.0
2015-12-28,1.2687000036239624,1.285338044166565,1.256221055984497,1.2687000036239624,0.9665809273719788,2579289,0.0,0.0
2015-12-29,1.27285897731781,1.27285897731781,1.2687000036239624,1.27285897731781,0.9697490334510803,1576806,0.0,0.0
2015-12-30,1.2687000036239624,1.27285897731781,1.2603800296783447,1.27285897731781,0.9697490334510803,4567186,0.0,0.0
2015-12-31,1.27285897731781,1.2811789512634277,1.2479009628295898,1.2811789512634277,0.9760878086090088,9777452,0.0,0.0
2016-01-04,1.2770190238952637,1.2770190238952637,1.2479009628295898,1.2479009628295898,0.9507346153259277,2015302,0.0,0.0
2016-01-05,1.256221055984497,1.2603800296783447,1.2479009628295898,1.256221055984497,0.9570733308792114,2771852,0.0,0.0
2016-01-06,1.2687000036239624,1.2770190238952637,1.2603800296783447,1.2687000036239624,0.9665809273719788,2788440,0.0,0.0
2016-01-07,1.2687000036239624,1.27285897731781,1.2645399570465088,1.27285897731781,0.9697490334510803,2142716,0.0,0.0
2016-01-08,1.2687000036239624,1.2770190238952637,1.2603800296783447,1.2770190238952637,0.9729184508323669,1382560,0.0,0.0
2016-01-11,1.2687000036239624,1.2687000036239624,1.2437419891357422,1.2479009628295898,0.9507346153259277,3724571,0.0,0.0
2016-01-12,1.256221055984497,1.2603800296783447,1.2479009628295898,1.256221055984497,0.9570733308792114,2166516,0.0,0.0
2016-01-13,1.2479009628295898,1.2603800296783447,1.2479009628295898,1.2603800296783447,0.9602417945861816,3037258,0.0,0.0
2016-01-14,1.2603800296783447,1.27285897731781,1.2520610094070435,1.2645399570465088,0.963411271572113,2379033,0.0,0.0
2016-01-15,1.2645399570465088,1.2687000036239624,1.2603800296783447,1.2645399570465088,0.963411271572113,1484011,0.0,0.0
2016-01-18,1.2479009628295898,1.2520610094070435,1.2354220151901245,1.2395819425582886,0.9443967342376709,912812,0.0,0.0
2016-01-19,1.2479009628295898,1.2479009628295898,1.2354220151901245,1.2479009628295898,0.9507346153259277,2166276,0.0,0.0
2016-01-20,1.2479009628295898,1.2479009628295898,1.2354220151901245,1.2437419891357422,0.9475660920143127,1599404,0.0,0.0
2016-01-21,1.2437419891357422,1.2437419891357422,1.2354220151901245,1.2395819425582886,0.9443967342376709,3294009,0.0,0.0
2016-01-22,1.2354220151901245,1.2479009628295898,1.2354220151901245,1.2437419891357422,0.9475660920143127,1792929,0.0,0.0
2016-01-26,1.2437419891357422,1.2437419891357422,1.214624047279358,1.2229429483413696,0.9317197799682617,1666236,0.0,0.0
2016-01-27,1.2271029949188232,1.2312630414962769,1.2229429483413696,1.2271029949188232,0.9348891973495483,996472,0.0,0.0
2016-01-28,1.2271029949188232,1.2395819425582886,1.218783974647522,1.2271029949188232,0.9348891973495483,2529766,0.0,0.0
2016-01-29,1.2271029949188232,1.2312630414962769,1.2229429483413696,1.2271029949188232,0.9348891973495483,3752699,0.0,0.0
2016-02-02,1.2312630414962769,1.2312630414962769,1.2229429483413696,1.2312630414962769,0.9380586743354797,639232,0.0,0.0
2016-02-03,1.2271029949188232,1.2312630414962769,1.202144980430603,1.2271029949188232,0.9348891973495483,5896858,0.0,0.0
2016-02-04,1.2271029949188232,1.2312630414962769,1.214624047279358,1.2312630414962769,0.9380586743354797,3526719,0.0,0.0
2016-02-05,1.2354220151901245,1.2354220151901245,1.2063050270080566,1.2229429483413696,0.9317197799682617,2401871,0.0,0.0
2016-02-08,1.2229429483413696,1.2229429483413696,1.2229429483413696,1.2229429483413696,0.9317197799682617,0,0.0,0.0
2016-02-09,1.2229429483413696,1.2229429483413696,1.2229429483413696,1.2229429483413696,0.9317197799682617,0,0.0,0.0
2016-02-10,1.2312630414962769,1.2312630414962769,1.218783974647522,1.2271029949188232,0.9348891973495483,715681,0.0,0.0
2016-02-11,1.2312630414962769,1.2312630414962769,1.214624047279358,1.218783974647522,0.9285513758659363,1022676,0.0,0.0
2016-02-12,1.218783974647522,1.2229429483413696,1.2104640007019043,1.214624047279358,0.9253819584846497,1712634,0.0,0.0
2016-02-15,1.214624047279358,1.2229429483413696,1.2104640007019043,1.2229429483413696,0.9317197799682617,1354193,0.0,0.0
2016-02-16,1.218783974647522,1.2229429483413696,1.214624047279358,1.214624047279358,0.9253819584846497,492586,0.0,0.0
2016-02-17,1.214624047279358,1.2271029949188232,1.214624047279358,1.2229429483413696,0.9317197799682617,643079,0.0,0.0
2016-02-18,1.2271029949188232,1.2312630414962769,1.2229429483413696,1.2229429483413696,0.9317197799682617,3999833,0.0,0.0
2016-02-19,1.2271029949188232,1.2312630414962769,1.2271029949188232,1.2312630414962769,0.9380586743354797,1126290,0.0,0.0
2016-02-22,1.2312630414962769,1.2354220151901245,1.2229429483413696,1.2354220151901245,0.941227376461029,319255,0.0,0.0
2016-02-23,1.2354220151901245,1.2520610094070435,1.2354220151901245,1.2437419891357422,0.9475660920143127,996953,0.0,0.0
2016-02-24,1.2520610094070435,1.2520610094070435,1.2479009628295898,1.2479009628295898,0.9507346153259277,134625,0.0,0.0
2016-02-25,1.2479009628295898,1.2520610094070435,1.2354220151901245,1.2520610094070435,0.9539037942886353,533215,0.0,0.0
2016-02-26,1.2354220151901245,1.2520610094070435,1.2312630414962769,1.2520610094070435,0.9539037942886353,1454681,0.0,0.0
2016-02-29,1.2395819425582886,1.2520610094070435,1.2229429483413696,1.2479009628295898,0.9507346153259277,3028603,0.0,0.0
2016-03-01,1.2312630414962769,1.2520610094070435,1.2312630414962769,1.2479009628295898,0.9507346153259277,8648997,0.0,0.0
2016-03-02,1.2479009628295898,1.2603800296783447,1.2395819425582886,1.256221055984497,0.9570733308792114,1100567,0.0,0.0
2016-03-03,1.256221055984497,1.256221055984497,1.2479009628295898,1.256221055984497,0.9570733308792114,1088547,0.0,0.0
2016-03-04,1.256221055984497,1.256221055984497,1.2437419891357422,1.2479009628295898,0.9507346153259277,783475,0.0,0.0
2016-03-07,1.2479009628295898,1.2687000036239624,1.2437419891357422,1.2687000036239624,0.9665809273719788,2094876,0.0,0.0
2016-03-08,1.2645399570465088,1.2645399570465088,1.2479009628295898,1.2520610094070435,0.9539037942886353,148809,0.0,0.0
2016-03-09,1.2479009628295898,1.2645399570465088,1.2479009628295898,1.2520610094070435,0.9539037942886353,619760,0.0,0.0
2016-03-10,1.2520610094070435,1.2645399570465088,1.2479009628295898,1.2603800296783447,0.9602417945861816,395944,0.0,0.0
2016-03-11,1.2520610094070435,1.2811789512634277,1.2479009628295898,1.2770190238952637,0.9729184508323669,1346500,0.0,0.0
2016-03-14,1.27285897731781,1.285338044166565,1.2687000036239624,1.27285897731781,0.9697490334510803,1481126,0.0,0.0
2016-03-15,1.2687000036239624,1.2770190238952637,1.2687000036239624,1.2687000036239624,0.9665809273719788,937092,0.0,0.0
2016-03-16,1.2687000036239624,1.2978169918060303,1.2687000036239624,1.289497971534729,0.9824259877204895,7349135,0.0,0.0
2016-03-17,1.2978169918060303,1.3310949802398682,1.2978169918060303,1.3227750062942505,1.007778525352478,8018900,0.0,0.0
2016-03-18,1.3186160326004028,1.3394140005111694,1.3144559860229492,1.3310949802398682,1.0141173601150513,5698765,0.0,0.0
2016-03-21,1.3310949802398682,1.3310949802398682,1.3144559860229492,1.3144559860229492,1.001440405845642,249058,0.0,0.0
2016-03-22,1.3227750062942505,1.3227750062942505,1.3019770383834839,1.3019770383834839,0.9919333457946777,589229,0.0,0.0
2016-03-23,1.2936580181121826,1.3144559860229492,1.2936580181121826,1.306136965751648,0.9951028227806091,429120,0.0,0.0
2016-03-24,1.306136965751648,1.3102960586547852,1.2978169918060303,1.306136965751648,0.9951028227806091,458689,0.0,0.0
2016-03-25,1.3019770383834839,1.3102960586547852,1.3019770383834839,1.3019770383834839,0.9919333457946777,498596,0.0,0.0
2016-03-28,1.2978169918060303,1.3144559860229492,1.2978169918060303,1.306136965751648,0.9951028227806091,2866812,0.0,0.0
2016-03-29,1.306136965751648,1.3352539539337158,1.306136965751648,1.3310949802398682,1.0141173601150513,7776813,0.0,0.0
2016-03-30,1.3102960586547852,1.3186160326004028,1.306136965751648,1.3102960586547852,1.017346739768982,11134289,0.024958,0.0
2016-03-31,1.3102960586547852,1.3102960586547852,1.3019770383834839,1.306136965751648,1.0141174793243408,912091,0.0,0.0
2016-04-01,1.306136965751648,1.3102960586547852,1.3019770383834839,1.3102960586547852,1.017346739768982,3813521,0.0,0.0
2016-04-04,1.3019770383834839,1.3144559860229492,1.2936580181121826,1.3144559860229492,1.0205762386322021,971230,0.0,0.0
2016-04-05,1.3144559860229492,1.3186160326004028,1.306136965751648,1.3102960586547852,1.017346739768982,1610222,0.0,0.0
2016-04-06,1.3102960586547852,1.3144559860229492,1.306136965751648,1.3102960586547852,1.017346739768982,3919298,0.0,0.0
2016-04-07,1.3102960586547852,1.3477330207824707,1.306136965751648,1.3477330207824707,1.0464134216308594,5600440,0.0,0.0
2016-04-08,1.3310949802398682,1.3477330207824707,1.3227750062942505,1.3477330207824707,1.0464134216308594,2683865,0.0,0.0
2016-04-11,1.3310949802398682,1.343574047088623,1.326935052871704,1.3394140005111694,1.039954423904419,3788759,0.0,0.0
2016-04-12,1.3352539539337158,1.343574047088623,1.3227750062942505,1.3352539539337158,1.0367244482040405,4447946,0.0,0.0
2016-04-13,1.326935052871704,1.3394140005111694,1.326935052871704,1.3310949802398682,1.033495545387268,595960,0.0,0.0
2016-04-14,1.3310949802398682,1.3394140005111694,1.326935052871704,1.3310949802398682,1.033495545387268,2654295,0.0,0.0
2016-04-15,1.3310949802398682,1.3352539539337158,1.3310949802398682,1.3310949802398682,1.033495545387268,1098644,0.0,0.0
2016-04-18,1.3310949802398682,1.3310949802398682,1.3144559860229492,1.326935052871704,1.0302653312683105,95680,0.0,0.0
2016-04-19,1.3144559860229492,1.3310949802398682,1.3144559860229492,1.3310949802398682,1.033495545387268,667600,0.0,0.0
2016-04-20,1.3144559860229492,1.326935052871704,1.2936580181121826,1.2978169918060303,1.0076576471328735,663754,0.0,0.0
2016-04-21,1.3019770383834839,1.3144559860229492,1.289497971534729,1.3102960586547852,1.017346739768982,687313,0.0,0.0
2016-04-22,1.2936580181121826,1.3144559860229492,1.2936580181121826,1.3102960586547852,1.017346739768982,502443,0.0,0.0
2016-04-25,1.2978169918060303,1.306136965751648,1.2936580181121826,1.3019770383834839,1.0108873844146729,552206,0.0,0.0
2016-04-26,1.3019770383834839,1.306136965751648,1.2936580181121826,1.3019770383834839,1.0108873844146729,1021474,0.0,0.0
2016-04-27,1.3019770383834839,1.3102960586547852,1.2978169918060303,1.306136965751648,1.0141174793243408,2209789,0.0,0.0
2016-04-28,1.306136965751648,1.3102960586547852,1.2978169918060303,1.3019770383834839,1.0108873844146729,2948549,0.0,0.0
2016-04-29,1.2978169918060303,1.3019770383834839,1.289497971534729,1.3019770383834839,1.0108873844146729,576968,0.0,0.0
2016-05-03,1.306136965751648,1.306136965751648,1.2936580181121826,1.3019770383834839,1.0108873844146729,2536257,0.0,0.0
2016-05-04,1.3019770383834839,1.3144559860229492,1.2936580181121826,1.3019770383834839,1.0108873844146729,1354673,0.0,0.0
2016-05-05,1.3019770383834839,1.3102960586547852,1.2936580181121826,1.3102960586547852,1.017346739768982,1557574,0.0,0.0
2016-05-06,1.3102960586547852,1.3102960586547852,1.2936580181121826,1.2936580181121826,1.0044282674789429,246894,0.0,0.0
2016-05-09,1.2936580181121826,1.3019770383834839,1.2811789512634277,1.285338044166565,0.9979685544967651,118278,0.0,0.0
2016-05-10,1.2811789512634277,1.289497971534729,1.2479009628295898,1.2645399570465088,0.9818205833435059,2488416,0.0,0.0
2016-05-11,1.2603800296783447,1.2770190238952637,1.2603800296783447,1.2770190238952637,0.9915093779563904,182706,0.0,0.0
2016-05-12,1.2770190238952637,1.2936580181121826,1.27285897731781,1.289497971534729,1.001198410987854,2333597,0.0,0.0
2016-05-13,1.289497971534729,1.2936580181121826,1.2811789512634277,1.2936580181121826,1.0044282674789429,2432883,0.0,0.0
2016-05-16,1.2811789512634277,1.2978169918060303,1.2811789512634277,1.285338044166565,0.9979685544967651,603653,0.0,0.0
2016-05-17,1.285338044166565,1.2978169918060303,1.285338044166565,1.2936580181121826,1.0044282674789429,1071959,0.0,0.0
2016-05-18,1.2936580181121826,1.2936580181121826,1.2811789512634277,1.289497971534729,1.001198410987854,792370,0.0,0.0
2016-05-19,1.289497971534729,1.289497971534729,1.285338044166565,1.289497971534729,1.001198410987854,3660864,0.0,0.0
2016-05-20,1.289497971534729,1.2936580181121826,1.2395819425582886,1.2437419891357422,0.9656722545623779,7681133,0.0,0.0
2016-05-23,1.2520610094070435,1.27285897731781,1.2479009628295898,1.27285897731781,0.9882792234420776,523598,0.0,0.0
2016-05-24,1.2687000036239624,1.2770190238952637,1.2520610094070435,1.2520610094070435,0.9721310138702393,614471,0.0,0.0
2016-05-25,1.2520610094070435,1.2603800296783447,1.2437419891357422,1.2603800296783447,0.9785906076431274,1514542,0.0,0.0
2016-05-26,1.2520610094070435,1.256221055984497,1.2479009628295898,1.256221055984497,0.9753612279891968,248577,0.0,0.0
2016-05-27,1.2479009628295898,1.2603800296783447,1.2479009628295898,1.2603800296783447,0.9785906076431274,941901,0.0,0.0
2016-05-30,1.2479009628295898,1.256221055984497,1.2437419891357422,1.2520610094070435,0.9721310138702393,1093114,0.0,0.0
2016-05-31,1.2520610094070435,1.2603800296783447,1.2479009628295898,1.2520610094070435,0.9721310138702393,3085098,0.0,0.0
2016-06-01,1.256221055984497,1.2603800296783447,1.2479009628295898,1.2603800296783447,0.9785906076431274,1844375,0.0,0.0
2016-06-02,1.256221055984497,1.2603800296783447,1.2520610094070435,1.256221055984497,0.9753612279891968,1040706,0.0,0.0
2016-06-03,1.2479009628295898,1.256221055984497,1.2479009628295898,1.2520610094070435,0.9721310138702393,719768,0.0,0.0
2016-06-06,1.2479009628295898,1.2520610094070435,1.2479009628295898,1.2479009628295898,0.9689013361930847,532974,0.0,0.0
2016-06-07,1.2479009628295898,1.2645399570465088,1.2479009628295898,1.2603800296783447,0.9785906076431274,1007531,0.0,0.0
2016-06-08,1.2603800296783447,1.2603800296783447,1.2479009628295898,1.2520610094070435,0.9721310138702393,1787400,0.0,0.0
2016-06-09,1.2603800296783447,1.2603800296783447,1.256221055984497,1.2603800296783447,0.9785906076431274,1079171,0.0,0.0
2016-06-10,1.256221055984497,1.2603800296783447,1.256221055984497,1.256221055984497,0.9753612279891968,234874,0.0,0.0
2016-06-13,1.2520610094070435,1.256221055984497,1.2520610094070435,1.2520610094070435,0.9721310138702393,262520,0.0,0.0
2016-06-14,1.2520610094070435,1.256221055984497,1.2479009628295898,1.2520610094070435,0.9721310138702393,2570875,0.0,0.0
2016-06-15,1.2520610094070435,1.256221055984497,1.2479009628295898,1.2479009628295898,0.9689013361930847,3173326,0.0,0.0
2016-06-16,1.2479009628295898,1.2520610094070435,1.2479009628295898,1.2520610094070435,0.9721310138702393,2631937,0.0,0.0
2016-06-17,1.2520610094070435,1.256221055984497,1.2479009628295898,1.2520610094070435,0.9721310138702393,9194713,0.0,0.0
2016-06-20,1.2687000036239624,1.2687000036239624,1.2437419891357422,1.2437419891357422,0.9656722545623779,2226617,0.0,0.0
2016-06-21,1.2479009628295898,1.256221055984497,1.2354220151901245,1.256221055984497,0.9753612279891968,2537699,0.0,0.0
2016-06-23,1.2520610094070435,1.256221055984497,1.2479009628295898,1.256221055984497,0.9753612279891968,3590907,0.0,0.0
2016-06-24,1.2520610094070435,1.2520610094070435,1.2354220151901245,1.2520610094070435,0.9721310138702393,3414210,0.0,0.0
2016-06-27,1.2395819425582886,1.2479009628295898,1.2395819425582886,1.2479009628295898,0.9689013361930847,5690832,0.0,0.0
2016-06-28,1.2479009628295898,1.2479009628295898,1.2395819425582886,1.2479009628295898,0.9689013361930847,1316690,0.0,0.0
2016-06-29,1.2437419891357422,1.2479009628295898,1.2395819425582886,1.2479009628295898,0.9689013361930847,3325982,0.0,0.0
2016-06-30,1.2479009628295898,1.2520610094070435,1.2395819425582886,1.2479009628295898,0.9689013361930847,3166114,0.0,0.0
2016-07-01,1.2479009628295898,1.2479009628295898,1.2395819425582886,1.2437419891357422,0.9656722545623779,3645479,0.0,0.0
2016-07-04,1.2437419891357422,1.2479009628295898,1.2395819425582886,1.2479009628295898,0.9689013361930847,647647,0.0,0.0
2016-07-05,1.2479009628295898,1.2479009628295898,1.2395819425582886,1.2437419891357422,0.9656722545623779,1397706,0.0,0.0
2016-07-06,1.2437419891357422,1.2437419891357422,1.2437419891357422,1.2437419891357422,0.9656722545623779,0,0.0,0.0
2016-07-07,1.2437419891357422,1.2437419891357422,1.2437419891357422,1.2437419891357422,0.9656722545623779,0,0.0,0.0
2016-07-08,1.2395819425582886,1.2437419891357422,1.2354220151901245,1.2354220151901245,0.9592123627662659,601970,0.0,0.0
2016-07-11,1.2395819425582886,1.2437419891357422,1.2354220151901245,1.2395819425582886,0.96244215965271,4272211,0.0,0.0
2016-07-12,1.2395819425582886,1.2395819425582886,1.2312630414962769,1.2312630414962769,0.9559834003448486,915697,0.0,0.0
2016-07-13,1.2395819425582886,1.2395819425582886,1.2271029949188232,1.2354220151901245,0.9592123627662659,2385524,0.0,0.0
2016-07-14,1.2354220151901245,1.2603800296783447,1.2312630414962769,1.2479009628295898,0.9689013361930847,7198643,0.0,0.0
2016-07-15,1.256221055984497,1.2603800296783447,1.2354220151901245,1.2395819425582886,0.96244215965271,1765523,0.0,0.0
2016-07-18,1.2437419891357422,1.2437419891357422,1.2312630414962769,1.2395819425582886,0.96244215965271,3958244,0.0,0.0
2016-07-19,1.2354220151901245,1.2437419891357422,1.2312630414962769,1.2395819425582886,0.96244215965271,3654854,0.0,0.0
2016-07-20,1.2395819425582886,1.2437419891357422,1.2354220151901245,1.2354220151901245,0.9592123627662659,3554606,0.0,0.0
2016-07-21,1.2395819425582886,1.2437419891357422,1.2354220151901245,1.2395819425582886,0.96244215965271,4996066,0.0,0.0
2016-07-22,1.2354220151901245,1.2437419891357422,1.2354220151901245,1.2437419891357422,0.9656722545623779,3754381,0.0,0.0
2016-07-25,1.2395819425582886,1.2437419891357422,1.2354220151901245,1.2395819425582886,0.96244215965271,2339366,0.0,0.0
2016-07-26,1.2354220151901245,1.2437419891357422,1.2354220151901245,1.2354220151901245,0.9592123627662659,1316690,0.0,0.0
2016-07-27,1.2312630414962769,1.2354220151901245,1.2271029949188232,1.2312630414962769,0.9559834003448486,2321336,0.0,0.0
2016-07-28,1.2271029949188232,1.2271029949188232,1.218783974647522,1.2271029949188232,0.9527531266212463,3466618,0.0,0.0
2016-07-29,1.2271029949188232,1.2271029949188232,1.218783974647522,1.218783974647522,0.9462940692901611,615433,0.0,0.0
2016-08-01,1.2229429483413696,1.2312630414962769,1.2104640007019043,1.2229429483413696,0.949523389339447,3122361,0.0,0.0
2016-08-02,1.2271029949188232,1.2271029949188232,1.2229429483413696,1.2271029949188232,0.9527531266212463,1342413,0.0,0.0
2016-08-03,1.2271029949188232,1.2312630414962769,1.2229429483413696,1.2271029949188232,0.9527531266212463,2305469,0.0,0.0
2016-08-04,1.2271029949188232,1.2271029949188232,1.2229429483413696,1.2271029949188232,0.9527531266212463,206025,0.0,0.0
2016-08-05,1.2271029949188232,1.2312630414962769,1.2229429483413696,1.2271029949188232,0.9527531266212463,1470308,0.0,0.0
2016-08-08,1.2271029949188232,1.2271029949188232,1.218783974647522,1.218783974647522,0.9462940692901611,593556,0.0,0.0
2016-08-09,1.2229429483413696,1.2229429483413696,1.214624047279358,1.2229429483413696,0.949523389339447,643560,0.0,0.0
2016-08-10,1.2229429483413696,1.2271029949188232,1.218783974647522,1.2229429483413696,0.949523389339447,319977,0.0,0.0
2016-08-11,1.2229429483413696,1.2229429483413696,1.1938259601593018,1.1938259601593018,0.9269161224365234,2553806,0.0,0.0
2016-08-12,1.202144980430603,1.214624047279358,1.197985053062439,1.197985053062439,0.9301454424858093,1761436,0.0,0.0
2016-08-15,1.2104640007019043,1.2312630414962769,1.2063050270080566,1.2271029949188232,0.9527531266212463,10289030,0.0,0.0
2016-08-16,1.2229429483413696,1.2312630414962769,1.218783974647522,1.2271029949188232,0.9527531266212463,2876428,0.0,0.0
2016-08-17,1.2271029949188232,1.2354220151901245,1.2229429483413696,1.2312630414962769,0.9559834003448486,15957505,0.0,0.0
2016-08-18,1.2229429483413696,1.2271029949188232,1.2229429483413696,1.2229429483413696,0.949523389339447,1139031,0.0,0.0
2016-08-19,1.218783974647522,1.2395819425582886,1.218783974647522,1.2312630414962769,0.9559834003448486,6088219,0.0,0.0
2016-08-22,1.2354220151901245,1.2603800296783447,1.2271029949188232,1.256221055984497,0.9753612279891968,4101043,0.0,0.0
2016-08-23,1.2395819425582886,1.256221055984497,1.2354220151901245,1.256221055984497,0.9753612279891968,1713836,0.0,0.0
2016-08-24,1.2479009628295898,1.2520610094070435,1.2479009628295898,1.2520610094070435,0.9721310138702393,764483,0.0,0.0
2016-08-25,1.2479009628295898,1.256221055984497,1.2437419891357422,1.2520610094070435,0.9721310138702393,1112587,0.0,0.0
2016-08-26,1.2437419891357422,1.2520610094070435,1.2354220151901245,1.2520610094070435,0.9721310138702393,963296,0.0,0.0
2016-08-29,1.2479009628295898,1.256221055984497,1.2437419891357422,1.2479009628295898,0.9689013361930847,2368455,0.0,0.0
2016-08-30,1.2479009628295898,1.2687000036239624,1.2437419891357422,1.2687000036239624,0.9850504994392395,3019227,0.0,0.0
2016-09-01,1.2687000036239624,1.27285897731781,1.2479009628295898,1.2687000036239624,0.9850504994392395,2337203,0.0,0.0
2016-09-02,1.2645399570465088,1.285338044166565,1.2520610094070435,1.285338044166565,0.9979685544967651,758473,0.0,0.0
2016-09-05,1.2687000036239624,1.2811789512634277,1.2645399570465088,1.2811789512634277,0.9947393536567688,2383601,0.0,0.0
2016-09-06,1.2811789512634277,1.289497971534729,1.2687000036239624,1.289497971534729,1.001198410987854,4825620,0.0,0.0
2016-09-07,1.2936580181121826,1.306136965751648,1.2811789512634277,1.2936580181121826,1.0044282674789429,7154168,0.0,0.0
2016-09-08,1.2936580181121826,1.3019770383834839,1.285338044166565,1.2978169918060303,1.0076576471328735,1723693,0.0,0.0
2016-09-09,1.2978169918060303,1.2978169918060303,1.2811789512634277,1.289497971534729,1.001198410987854,1217403,0.0,0.0
2016-09-13,1.285338044166565,1.289497971534729,1.2811789512634277,1.285338044166565,0.9979685544967651,896464,0.0,0.0
2016-09-14,1.2770190238952637,1.306136965751648,1.2770190238952637,1.3019770383834839,1.0108873844146729,1078209,0.0,0.0
2016-09-15,1.289497971534729,1.3102960586547852,1.289497971534729,1.3102960586547852,1.017346739768982,2513178,0.0,0.0
2016-09-19,1.3102960586547852,1.3102960586547852,1.289497971534729,1.289497971534729,1.001198410987854,820016,0.0,0.0
2016-09-20,1.289497971534729,1.3019770383834839,1.285338044166565,1.289497971534729,1.001198410987854,1427516,0.0,0.0
2016-09-21,1.285338044166565,1.2978169918060303,1.285338044166565,1.289497971534729,1.001198410987854,994068,0.0,0.0
2016-09-22,1.289497971534729,1.3144559860229492,1.289497971534729,1.3144559860229492,1.0205762386322021,2153775,0.0,0.0
2016-09-23,1.3102960586547852,1.326935052871704,1.3019770383834839,1.326935052871704,1.0302653312683105,3282469,0.0,0.0
2016-09-26,1.3144559860229492,1.3144559860229492,1.3019770383834839,1.3102960586547852,1.017346739768982,1271494,0.0,0.0
2016-09-27,1.3019770383834839,1.326935052871704,1.3019770383834839,1.3144559860229492,1.0205762386322021,3237033,0.0,0.0
2016-09-28,1.3144559860229492,1.3227750062942505,1.306136965751648,1.306136965751648,1.0141174793243408,2144880,0.0,0.0
2016-09-29,1.3227750062942505,1.3227750062942505,1.2936580181121826,1.3019770383834839,1.0108873844146729,3841167,0.0,0.0
2016-09-30,1.2936580181121826,1.3144559860229492,1.285338044166565,1.289497971534729,1.001198410987854,8143669,0.0,0.0
2016-10-04,1.289497971534729,1.3019770383834839,1.2770190238952637,1.285338044166565,0.9979685544967651,4402750,0.0,0.0
2016-10-05,1.2811789512634277,1.3019770383834839,1.2770190238952637,1.2811789512634277,0.9947393536567688,2201375,0.0,0.0
2016-10-06,1.2770190238952637,1.289497971534729,1.2687000036239624,1.27285897731781,0.9882792234420776,2884121,0.0,0.0
2016-10-07,1.27285897731781,1.2811789512634277,1.27285897731781,1.2770190238952637,0.9915093779563904,3787076,0.0,0.0
2016-10-10,1.2770190238952637,1.2936580181121826,1.2687000036239624,1.285338044166565,0.9979685544967651,4691955,0.0,0.0
2016-10-11,1.2770190238952637,1.289497971534729,1.2770190238952637,1.289497971534729,1.001198410987854,755588,0.0,0.0
2016-10-12,1.2603800296783447,1.2811789512634277,1.2603800296783447,1.2687000036239624,1.0011985301971436,1785957,0.020798,0.0
2016-10-13,1.2770190238952637,1.2770190238952637,1.2687000036239624,1.27285897731781,1.0044808387756348,7419574,0.0,0.0
2016-10-14,1.2520610094070435,1.2770190238952637,1.2520610094070435,1.27285897731781,1.0044808387756348,1614069,0.0,0.0
2016-10-17,1.27285897731781,1.2770190238952637,1.2645399570465088,1.27285897731781,1.0044808387756348,2881717,0.0,0.0
2016-10-18,1.27285897731781,1.2770190238952637,1.2687000036239624,1.27285897731781,1.0044808387756348,8207616,0.0,0.0
2016-10-19,1.27285897731781,1.2770190238952637,1.2687000036239624,1.2687000036239624,1.0011985301971436,3101686,0.0,0.0
2016-10-20,1.2687000036239624,1.2687000036239624,1.256221055984497,1.256221055984497,0.9913507103919983,3512295,0.0,0.0
2016-10-21,1.2603800296783447,1.27285897731781,1.256221055984497,1.2645399570465088,0.9979154467582703,5127086,0.0,0.0
2016-10-24,1.2645399570465088,1.2687000036239624,1.256221055984497,1.2603800296783447,0.9946325421333313,1511417,0.0,0.0
2016-10-25,1.256221055984497,1.2603800296783447,1.2520610094070435,1.2603800296783447,0.9946325421333313,2845175,0.0,0.0
2016-10-26,1.256221055984497,1.2645399570465088,1.256221055984497,1.2603800296783447,0.9946325421333313,1958086,0.0,0.0
2016-10-27,1.256221055984497,1.2687000036239624,1.256221055984497,1.2645399570465088,0.9979154467582703,1645081,0.0,0.0
2016-10-28,1.2645399570465088,1.2978169918060303,1.2645399570465088,1.2936580181121826,1.020894169807434,2747812,0.0,0.0
2016-10-31,1.289497971534729,1.3102960586547852,1.2811789512634277,1.2978169918060303,1.0241761207580566,6308909,0.0,0.0
2016-11-01,1.3019770383834839,1.3019770383834839,1.289497971534729,1.2936580181121826,1.020894169807434,4367170,0.0,0.0
2016-11-02,1.289497971534729,1.2936580181121826,1.27285897731781,1.27285897731781,1.0044808387756348,2518707,0.0,0.0
2016-11-03,1.2687000036239624,1.289497971534729,1.2687000036239624,1.27285897731781,1.0044808387756348,2537940,0.0,0.0
2016-11-04,1.2645399570465088,1.2687000036239624,1.2603800296783447,1.2687000036239624,1.0011985301971436,489461,0.0,0.0
2016-11-07,1.2687000036239624,1.27285897731781,1.2520610094070435,1.256221055984497,0.9913507103919983,1788602,0.0,0.0
2016-11-08,1.2687000036239624,1.2687000036239624,1.2479009628295898,1.2520610094070435,0.9880678057670593,2769929,0.0,0.0
2016-11-09,1.2520610094070435,1.2687000036239624,1.2520610094070435,1.2687000036239624,1.0011985301971436,765685,0.0,0.0
2016-11-10,1.2603800296783447,1.2811789512634277,1.2603800296783447,1.2687000036239624,1.0011985301971436,1950393,0.0,0.0
2016-11-11,1.2645399570465088,1.27285897731781,1.256221055984497,1.2687000036239624,1.0011985301971436,1672006,0.0,0.0
2016-11-14,1.2603800296783447,1.2603800296783447,1.2437419891357422,1.256221055984497,0.9913507103919983,4398663,0.0,0.0
2016-11-15,1.256221055984497,1.2603800296783447,1.2437419891357422,1.2479009628295898,0.9847849011421204,3031969,0.0,0.0
2016-11-16,1.2479009628295898,1.2520610094070435,1.2437419891357422,1.2479009628295898,0.9847849011421204,1527283,0.0,0.0
2016-11-17,1.2520610094070435,1.2603800296783447,1.2437419891357422,1.2479009628295898,0.9847849011421204,1416217,0.0,0.0
2016-11-18,1.256221055984497,1.2645399570465088,1.2437419891357422,1.2645399570465088,0.9979154467582703,5219160,0.0,0.0
2016-11-21,1.2645399570465088,1.2687000036239624,1.2520610094070435,1.2687000036239624,1.0011985301971436,139914,0.0,0.0
2016-11-22,1.2687000036239624,1.27285897731781,1.2520610094070435,1.2687000036239624,1.0011985301971436,591392,0.0,0.0
2016-11-23,1.256221055984497,1.2687000036239624,1.2479009628295898,1.2479009628295898,0.9847849011421204,220930,0.0,0.0
2016-11-24,1.256221055984497,1.2603800296783447,1.2520610094070435,1.2603800296783447,0.9946325421333313,63466,0.0,0.0
2016-11-25,1.2603800296783447,1.2645399570465088,1.2354220151901245,1.2479009628295898,0.9847849011421204,3068751,0.0,0.0
2016-11-28,1.2479009628295898,1.256221055984497,1.2437419891357422,1.2479009628295898,0.9847849011421204,4558531,0.0,0.0
2016-11-29,1.2603800296783447,1.2603800296783447,1.2271029949188232,1.2312630414962769,0.9716549515724182,6115385,0.0,0.0
2016-11-30,1.2354220151901245,1.2395819425582886,1.2229429483413696,1.2271029949188232,0.9683722257614136,5865846,0.0,0.0
2016-12-01,1.2271029949188232,1.2271029949188232,1.214624047279358,1.214624047279358,0.9585242867469788,2816086,0.0,0.0
2016-12-02,1.218783974647522,1.2229429483413696,1.214624047279358,1.218783974647522,0.9618068933486938,7308267,0.0,0.0
2016-12-05,1.2271029949188232,1.2354220151901245,1.214624047279358,1.218783974647522,0.9618068933486938,6104807,0.0,0.0
2016-12-06,1.218783974647522,1.2271029949188232,1.218783974647522,1.2271029949188232,0.9683722257614136,4327263,0.0,0.0
2016-12-07,1.2312630414962769,1.2395819425582886,1.2271029949188232,1.2312630414962769,0.9716549515724182,4057530,0.0,0.0
2016-12-08,1.2271029949188232,1.2479009628295898,1.2271029949188232,1.2479009628295898,0.9847849011421204,844297,0.0,0.0
2016-12-09,1.2437419891357422,1.2811789512634277,1.2437419891357422,1.2811789512634277,1.011046051979065,1025321,0.0,0.0
2016-12-13,1.256221055984497,1.2770190238952637,1.256221055984497,1.2645399570465088,0.9979154467582703,2657420,0.0,0.0
2016-12-14,1.2645399570465088,1.27285897731781,1.2603800296783447,1.2645399570465088,0.9979154467582703,2074201,0.0,0.0
2016-12-15,1.2479009628295898,1.256221055984497,1.2479009628295898,1.2479009628295898,0.9847849011421204,1075084,0.0,0.0
2016-12-16,1.256221055984497,1.2645399570465088,1.2479009628295898,1.2645399570465088,0.9979154467582703,2035496,0.0,0.0
2016-12-19,1.2603800296783447,1.2687000036239624,1.256221055984497,1.2645399570465088,0.9979154467582703,332958,0.0,0.0
2016-12-20,1.2687000036239624,1.2687000036239624,1.2312630414962769,1.2354220151901245,0.9749369025230408,4126045,0.0,0.0
2016-12-21,1.2395819425582886,1.2437419891357422,1.2271029949188232,1.2354220151901245,0.9749369025230408,10277251,0.0,0.0
2016-12-22,1.2395819425582886,1.2603800296783447,1.2354220151901245,1.2603800296783447,0.9946325421333313,540186,0.0,0.0
2016-12-23,1.2479009628295898,1.2520610094070435,1.2395819425582886,1.2479009628295898,0.9847849011421204,699333,0.0,0.0
2016-12-27,1.2479009628295898,1.2645399570465088,1.2437419891357422,1.2645399570465088,0.9979154467582703,308197,0.0,0.0
2016-12-28,1.2520610094070435,1.2645399570465088,1.2479009628295898,1.2645399570465088,0.9979154467582703,383203,0.0,0.0
2016-12-29,1.2520610094070435,1.2645399570465088,1.2520610094070435,1.2603800296783447,0.9946325421333313,886127,0.0,0.0
2016-12-30,1.2603800296783447,1.2645399570465088,1.256221055984497,1.2603800296783447,0.9946325421333313,740683,0.0,0.0
2017-01-02,1.2603800296783447,1.2603800296783447,1.2603800296783447,1.2603800296783447,0.9946325421333313,0,0.0,0.0
2017-01-03,1.2520610094070435,1.2645399570465088,1.2520610094070435,1.2645399570465088,0.9979154467582703,231749,0.0,0.0
2017-01-04,1.2645399570465088,1.2645399570465088,1.2520610094070435,1.2520610094070435,0.9880678057670593,233431,0.0,0.0
2017-01-05,1.2520610094070435,1.2645399570465088,1.2520610094070435,1.2520610094070435,0.9880678057670593,1986454,0.0,0.0
2017-01-06,1.2520610094070435,1.2645399570465088,1.2479009628295898,1.2479009628295898,0.9847849011421204,353633,0.0,0.0
2017-01-09,1.2520610094070435,1.2520610094070435,1.2437419891357422,1.2437419891357422,0.9815028309822083,194005,0.0,0.0
2017-01-10,1.2437419891357422,1.2645399570465088,1.2437419891357422,1.2645399570465088,0.9979154467582703,706065,0.0,0.0
2017-01-11,1.2645399570465088,1.2687000036239624,1.2479009628295898,1.2479009628295898,0.9847849011421204,2420142,0.0,0.0
2017-01-12,1.256221055984497,1.2645399570465088,1.2479009628295898,1.2645399570465088,0.9979154467582703,2603089,0.0,0.0
2017-01-13,1.256221055984497,1.2687000036239624,1.2520610094070435,1.256221055984497,0.9913507103919983,3122361,0.0,0.0
2017-01-16,1.256221055984497,1.256221055984497,1.2479009628295898,1.256221055984497,0.9913507103919983,1399148,0.0,0.0
2017-01-17,1.256221055984497,1.2645399570465088,1.2520610094070435,1.2603800296783447,0.9946325421333313,4554444,0.0,0.0
2017-01-18,1.2603800296783447,1.2687000036239624,1.256221055984497,1.2645399570465088,0.9979154467582703,976278,0.0,0.0
2017-01-19,1.2645399570465088,1.2687000036239624,1.2603800296783447,1.2603800296783447,0.9946325421333313,2812240,0.0,0.0
2017-01-20,1.2603800296783447,1.2687000036239624,1.2603800296783447,1.2603800296783447,0.9946325421333313,1358520,0.0,0.0
2017-01-23,1.2603800296783447,1.2687000036239624,1.2603800296783447,1.2603800296783447,0.9946325421333313,2555008,0.0,0.0
2017-01-24,1.2645399570465088,1.2687000036239624,1.2603800296783447,1.2645399570465088,0.9979154467582703,1983809,0.0,0.0
2017-01-25,1.2603800296783447,1.2645399570465088,1.2603800296783447,1.2645399570465088,0.9979154467582703,1593635,0.0,0.0
2017-01-26,1.256221055984497,1.2687000036239624,1.256221055984497,1.2687000036239624,1.0011985301971436,492586,0.0,0.0
2017-01-27,1.2687000036239624,1.2687000036239624,1.2603800296783447,1.2603800296783447,0.9946325421333313,567833,0.0,0.0
2017-01-31,1.2603800296783447,1.2687000036239624,1.2603800296783447,1.2645399570465088,0.9979154467582703,3040864,0.0,0.0
2017-02-02,1.27285897731781,1.2811789512634277,1.2687000036239624,1.2811789512634277,1.011046051979065,1815767,0.0,0.0
2017-02-03,1.2811789512634277,1.285338044166565,1.2687000036239624,1.2770190238952637,1.0077636241912842,3379352,0.0,0.0
2017-02-06,1.2811789512634277,1.289497971534729,1.27285897731781,1.289497971534729,1.0176111459732056,2912729,0.0,0.0
2017-02-07,1.289497971534729,1.289497971534729,1.285338044166565,1.289497971534729,1.0176111459732056,4356112,0.0,0.0
2017-02-08,1.289497971534729,1.3019770383834839,1.285338044166565,1.3019770383834839,1.0274590253829956,2198490,0.0,0.0
2017-02-10,1.3019770383834839,1.306136965751648,1.2978169918060303,1.306136965751648,1.030741810798645,348104,0.0,0.0
2017-02-13,1.3102960586547852,1.3144559860229492,1.3019770383834839,1.3144559860229492,1.037306785583496,6558689,0.0,0.0
2017-02-14,1.3102960586547852,1.3102960586547852,1.306136965751648,1.306136965751648,1.030741810798645,4611660,0.0,0.0
2017-02-15,1.306136965751648,1.3102960586547852,1.3019770383834839,1.306136965751648,1.030741810798645,3056490,0.0,0.0
2017-02-16,1.306136965751648,1.3144559860229492,1.3019770383834839,1.3144559860229492,1.037306785583496,1694844,0.0,0.0
2017-02-17,1.306136965751648,1.3102960586547852,1.306136965751648,1.306136965751648,1.030741810798645,390415,0.0,0.0
2017-02-20,1.289497971534729,1.3102960586547852,1.289497971534729,1.3019770383834839,1.0274590253829956,795976,0.0,0.0
2017-02-21,1.306136965751648,1.306136965751648,1.2978169918060303,1.306136965751648,1.030741810798645,1591471,0.0,0.0
2017-02-22,1.306136965751648,1.306136965751648,1.2978169918060303,1.306136965751648,1.030741810798645,171888,0.0,0.0
2017-02-23,1.2978169918060303,1.3102960586547852,1.2978169918060303,1.3102960586547852,1.0340240001678467,1947028,0.0,0.0
2017-02-24,1.306136965751648,1.3144559860229492,1.306136965751648,1.3144559860229492,1.037306785583496,812804,0.0,0.0
2017-02-27,1.3102960586547852,1.3144559860229492,1.306136965751648,1.3144559860229492,1.037306785583496,683226,0.0,0.0
2017-02-28,1.3144559860229492,1.343574047088623,1.285338044166565,1.343574047088623,1.0602854490280151,3779143,0.0,0.0
2017-03-01,1.3310949802398682,1.3310949802398682,1.306136965751648,1.3186160326004028,1.040589690208435,190880,0.0,0.0
2017-03-02,1.3186160326004028,1.3227750062942505,1.3102960586547852,1.3144559860229492,1.037306785583496,171648,0.0,0.0
2017-03-03,1.3102960586547852,1.3227750062942505,1.2978169918060303,1.306136965751648,1.030741810798645,1567190,0.0,0.0
2017-03-06,1.2978169918060303,1.3144559860229492,1.2978169918060303,1.306136965751648,1.030741810798645,150492,0.0,0.0
2017-03-07,1.3144559860229492,1.3186160326004028,1.3019770383834839,1.3144559860229492,1.037306785583496,1522715,0.0,0.0
2017-03-08,1.3102960586547852,1.3144559860229492,1.306136965751648,1.3144559860229492,1.037306785583496,68995,0.0,0.0
2017-03-09,1.3019770383834839,1.3144559860229492,1.3019770383834839,1.3102960586547852,1.0340240001678467,1209950,0.0,0.0
2017-03-10,1.3102960586547852,1.3144559860229492,1.2978169918060303,1.3102960586547852,1.0340240001678467,331997,0.0,0.0
2017-03-13,1.3102960586547852,1.3144559860229492,1.306136965751648,1.3144559860229492,1.037306785583496,4341206,0.0,0.0
2017-03-14,1.3102960586547852,1.3144559860229492,1.3102960586547852,1.3144559860229492,1.037306785583496,685630,0.0,0.0
2017-03-15,1.3102960586547852,1.3144559860229492,1.3102960586547852,1.3102960586547852,1.0340240001678467,140636,0.0,0.0
2017-03-16,1.3102960586547852,1.3144559860229492,1.3102960586547852,1.3144559860229492,1.037306785583496,4709505,0.0,0.0
2017-03-17,1.3144559860229492,1.3518929481506348,1.3144559860229492,1.3518929481506348,1.0668503046035767,8552596,0.0,0.0
2017-03-20,1.3352539539337158,1.343574047088623,1.3102960586547852,1.3310949802398682,1.0504374504089355,2391293,0.0,0.0
2017-03-21,1.3310949802398682,1.3394140005111694,1.3227750062942505,1.3352539539337158,1.0537195205688477,3429115,0.0,0.0
2017-03-22,1.3310949802398682,1.3352539539337158,1.3227750062942505,1.3352539539337158,1.0537195205688477,3246649,0.0,0.0
2017-03-23,1.3352539539337158,1.3643720149993896,1.3352539539337158,1.3560529947280884,1.0701333284378052,3444261,0.0,0.0
2017-03-24,1.3560529947280884,1.3643720149993896,1.3352539539337158,1.3518929481506348,1.0668503046035767,2911046,0.0,0.0
2017-03-27,1.3477330207824707,1.3643720149993896,1.3477330207824707,1.3518929481506348,1.0668503046035767,4795088,0.0,0.0
2017-03-28,1.3477330207824707,1.3560529947280884,1.343574047088623,1.3518929481506348,1.0668503046035767,4527760,0.0,0.0
2017-03-29,1.3477330207824707,1.3560529947280884,1.3477330207824707,1.3518929481506348,1.0668503046035767,4780183,0.0,0.0
2017-03-30,1.3518929481506348,1.3560529947280884,1.343574047088623,1.3518929481506348,1.0668503046035767,6163946,0.0,0.0
2017-03-31,1.3477330207824707,1.3518929481506348,1.3477330207824707,1.3518929481506348,1.0668503046035767,1844135,0.0,0.0
2017-04-03,1.3518929481506348,1.3685319423675537,1.3518929481506348,1.360211968421936,1.0734150409698486,7019061,0.0,0.0
2017-04-04,1.3560529947280884,1.3560529947280884,1.3394140005111694,1.3477330207824707,1.076738953590393,3280065,0.016639,0.0
2017-04-05,1.3477330207824707,1.3893300294876099,1.3477330207824707,1.360211968421936,1.086708664894104,4465736,0.0,0.0
2017-04-06,1.3310949802398682,1.376850962638855,1.3310949802398682,1.3643720149993896,1.0900321006774902,5163867,0.0,0.0
2017-04-07,1.3643720149993896,1.3810110092163086,1.3643720149993896,1.376850962638855,1.1000021696090698,4227976,0.0,0.0
2017-04-10,1.3810110092163086,1.393489956855774,1.376850962638855,1.393489956855774,1.1132951974868774,2238878,0.0,0.0
2017-04-11,1.394821047782898,1.394821047782898,1.3780159950256348,1.3864179849624634,1.1076453924179077,1772559,0.0,1.01
2017-04-12,1.3780159950256348,1.3864179849624634,1.3696130514144897,1.3822170495986938,1.104288935661316,1295084,0.0,0.0
2017-04-13,1.3696130514144897,1.3864179849624634,1.3696130514144897,1.3864179849624634,1.1076453924179077,1504783,0.0,0.0
2017-04-14,1.3822170495986938,1.3822170495986938,1.3612109422683716,1.3822170495986938,1.104288935661316,1030640,0.0,0.0
2017-04-17,1.3654119968414307,1.3822170495986938,1.357010006904602,1.3822170495986938,1.104288935661316,1381011,0.0,0.0
2017-04-18,1.3822170495986938,1.394821047782898,1.3780159950256348,1.394821047782898,1.114358901977539,4403669,0.0,0.0
2017-04-19,1.3864179849624634,1.3990219831466675,1.3822170495986938,1.3990219831466675,1.1177151203155518,795473,0.0,0.0
2017-04-20,1.394821047782898,1.4158270359039307,1.394821047782898,1.407425045967102,1.124428629875183,3015279,0.0,0.0
2017-04-21,1.4032230377197266,1.4578399658203125,1.3990219831466675,1.4284310340881348,1.1412105560302734,3968562,0.0,0.0
2017-04-24,1.4242299795150757,1.4242299795150757,1.4242299795150757,1.4242299795150757,1.1378544569015503,0,0.0,0.0
2017-04-25,1.4368339776992798,1.4704439640045166,1.4368339776992798,1.453639030456543,1.161350131034851,7246381,0.0,0.0
2017-04-26,1.4578399658203125,1.4578399658203125,1.4284310340881348,1.4494370222091675,1.1579928398132324,1276756,0.0,0.0
2017-04-27,1.4452359676361084,1.4578399658203125,1.4368339776992798,1.4452359676361084,1.1546363830566406,5527853,0.0,0.0
2017-04-28,1.4494370222091675,1.4620410203933716,1.4368339776992798,1.4578399658203125,1.1647061109542847,5560224,0.0,0.0
2017-05-02,1.4578399658203125,1.4578399658203125,1.4410350322723389,1.4452359676361084,1.1546363830566406,5102029,0.0,0.0
2017-05-03,1.4452359676361084,1.453639030456543,1.4368339776992798,1.4452359676361084,1.1546363830566406,6889584,0.0,0.0
2017-05-04,1.4452359676361084,1.466243028640747,1.4368339776992798,1.4494370222091675,1.1579928398132324,22118553,0.0,0.0
2017-05-05,1.4494370222091675,1.4704439640045166,1.4452359676361084,1.4704439640045166,1.1747759580612183,8619061,0.0,0.0
2017-05-08,1.4704439640045166,1.5292619466781616,1.4704439640045166,1.5124560594558716,1.2083404064178467,18641270,0.0,0.0
2017-05-09,1.5124560594558716,1.5376640558242798,1.5124560594558716,1.5208590030670166,1.2150537967681885,18822406,0.0,0.0
2017-05-11,1.5208590030670166,1.5334630012512207,1.4998530149459839,1.5124560594558716,1.2083404064178467,7859291,0.0,0.0
2017-05-12,1.5124560594558716,1.5166579484939575,1.4914499521255493,1.4956510066986084,1.1949143409729004,5414554,0.0,0.0
2017-05-15,1.4956510066986084,1.4956510066986084,1.4452359676361084,1.466243028640747,1.1714197397232056,5322438,0.0,0.0
2017-05-16,1.466243028640747,1.4830479621887207,1.466243028640747,1.4830479621887207,1.1848456859588623,11312057,0.0,0.0
2017-05-17,1.4830479621887207,1.4830479621887207,1.466243028640747,1.4704439640045166,1.1747759580612183,9036554,0.0,0.0
2017-05-18,1.466243028640747,1.5208590030670166,1.4620410203933716,1.5124560594558716,1.2083404064178467,9779663,0.0,0.0
2017-05-19,1.5124560594558716,1.5460669994354248,1.5082550048828125,1.5124560594558716,1.2083404064178467,9841787,0.0,0.0
2017-05-22,1.5124560594558716,1.5418649911880493,1.5082550048828125,1.5208590030670166,1.2150537967681885,12082300,0.0,0.0
2017-05-23,1.5166579484939575,1.5292619466781616,1.5082550048828125,1.5208590030670166,1.2150537967681885,10488972,0.0,0.0
2017-05-24,1.5250600576400757,1.5460669994354248,1.5166579484939575,1.5250600576400757,1.2184101343154907,13688719,0.0,0.0
2017-05-25,1.5292619466781616,1.5292619466781616,1.5040539503097534,1.5124560594558716,1.2083404064178467,12140854,0.0,0.0
2017-05-26,1.5208590030670166,1.5208590030670166,1.5082550048828125,1.5124560594558716,1.2083404064178467,8188715,0.0,0.0
2017-05-29,1.5082550048828125,1.5250600576400757,1.4998530149459839,1.5082550048828125,1.204984188079834,2953869,0.0,0.0
2017-05-31,1.4704439640045166,1.4914499521255493,1.4704439640045166,1.4914499521255493,1.1915582418441772,11010005,0.0,0.0
2017-06-01,1.4914499521255493,1.4914499521255493,1.4830479621887207,1.4872490167617798,1.1882017850875854,2385231,0.0,0.0
2017-06-02,1.4830479621887207,1.5082550048828125,1.4746450185775757,1.5082550048828125,1.204984188079834,4856389,0.0,0.0
2017-06-05,1.4914499521255493,1.5040539503097534,1.4872490167617798,1.4998530149459839,1.198271632194519,5732315,0.0,0.0
2017-06-06,1.4956510066986084,1.4998530149459839,1.4914499521255493,1.4914499521255493,1.1915582418441772,2360239,0.0,0.0
2017-06-07,1.4956510066986084,1.4998530149459839,1.4788459539413452,1.4788459539413452,1.1814885139465332,9167943,0.0,0.0
2017-06-08,1.4830479621887207,1.5040539503097534,1.4830479621887207,1.5040539503097534,1.2016277313232422,10202154,0.0,0.0
2017-06-09,1.5040539503097534,1.5040539503097534,1.4872490167617798,1.4998530149459839,1.198271632194519,6127909,0.0,0.0
2017-06-13,1.4872490167617798,1.5250600576400757,1.4872490167617798,1.5166579484939575,1.2116975784301758,15821170,0.0,0.0
2017-06-14,1.5250600576400757,1.5670729875564575,1.5250600576400757,1.5670729875564575,1.251975417137146,12329130,0.0,0.0
2017-06-15,1.6258909702301025,1.7015140056610107,1.621688961982727,1.6847089529037476,1.3459577560424805,28513049,0.0,0.0
2017-06-16,1.6847089529037476,1.7015140056610107,1.680506944656372,1.680506944656372,1.3426004648208618,8375801,0.0,0.0
2017-06-19,1.680506944656372,1.6847089529037476,1.6300920248031616,1.6342929601669312,1.3056793212890625,4610987,0.0,0.0
2017-06-20,1.6384949684143066,1.667902946472168,1.6300920248031616,1.6384949684143066,1.3090362548828125,10036014,0.0,0.0
2017-06-21,1.6426960229873657,1.6468969583511353,1.6342929601669312,1.6426960229873657,1.3123924732208252,10269277,0.0,0.0
2017-06-22,1.6384949684143066,1.6468969583511353,1.6300920248031616,1.6300920248031616,1.3023228645324707,3334706,0.0,0.0
2017-06-23,1.6384949684143066,1.6468969583511353,1.6300920248031616,1.6426960229873657,1.3123924732208252,6143857,0.0,0.0
2017-06-26,1.6426960229873657,1.6426960229873657,1.6426960229873657,1.6426960229873657,1.3123924732208252,0,0.0,0.0
2017-06-27,1.6384949684143066,1.6384949684143066,1.6384949684143066,1.6384949684143066,1.3090362548828125,0,0.0,0.0
2017-06-28,1.6468969583511353,1.6468969583511353,1.6300920248031616,1.6342929601669312,1.3056793212890625,3693407,0.0,0.0
2017-06-29,1.6384949684143066,1.6721049547195435,1.6342929601669312,1.6510980129241943,1.3191052675247192,7660779,0.0,0.0
2017-06-30,1.6426960229873657,1.6510980129241943,1.6300920248031616,1.6468969583511353,1.3157488107681274,4597182,0.0,0.0
2017-07-03,1.6426960229873657,1.6468969583511353,1.6258909702301025,1.6384949684143066,1.3090362548828125,5386467,0.0,0.0
2017-07-04,1.6300920248031616,1.6426960229873657,1.6258909702301025,1.6384949684143066,1.3090362548828125,9055120,0.0,0.0
2017-07-05,1.6342929601669312,1.6637020111083984,1.6342929601669312,1.6510980129241943,1.3191052675247192,8281068,0.0,0.0
2017-07-06,1.6426960229873657,1.6510980129241943,1.6342929601669312,1.6384949684143066,1.3090362548828125,5316726,0.0,0.0
2017-07-07,1.6384949684143066,1.6468969583511353,1.6342929601669312,1.6384949684143066,1.3090362548828125,8548368,0.0,0.0
2017-07-10,1.6426960229873657,1.6510980129241943,1.6384949684143066,1.6510980129241943,1.3191052675247192,5784680,0.0,0.0
2017-07-11,1.6426960229873657,1.6553000211715698,1.6342929601669312,1.6384949684143066,1.3090362548828125,7166643,0.0,0.0
2017-07-12,1.6426960229873657,1.6595009565353394,1.6426960229873657,1.6510980129241943,1.3191052675247192,7800975,0.0,0.0
2017-07-13,1.6553000211715698,1.6637020111083984,1.6510980129241943,1.6510980129241943,1.3191052675247192,6964323,0.0,0.0
2017-07-14,1.6510980129241943,1.6721049547195435,1.6510980129241943,1.6637020111083984,1.3291747570037842,10613934,0.0,0.0
2017-07-17,1.6721049547195435,1.7141170501708984,1.667902946472168,1.7057149410247803,1.36273992061615,13598747,0.0,0.0
2017-07-18,1.7141170501708984,1.718319058418274,1.6931109428405762,1.718319058418274,1.3728097677230835,11272069,0.0,0.0
2017-07-19,1.7141170501708984,1.7603310346603394,1.7141170501708984,1.7561299800872803,1.4030178785324097,15653602,0.0,0.0
2017-07-20,1.7519290447235107,1.7645330429077148,1.7351239919662476,1.7393250465393066,1.3895920515060425,10035538,0.0,0.0
2017-07-21,1.7351239919662476,1.7393250465393066,1.730921983718872,1.730921983718872,1.3828785419464111,9234113,0.0,0.0
2017-07-24,1.7267210483551025,1.7477279901504517,1.7267210483551025,1.7435259819030762,1.3929482698440552,10890518,0.0,0.0
2017-07-25,1.7561299800872803,1.8107470273971558,1.7561299800872803,1.789739966392517,1.4298696517944336,10966685,0.0,0.0
2017-07-26,1.7939419746398926,1.8149479627609253,1.789739966392517,1.8023439645767212,1.4399393796920776,10006023,0.0,0.0
2017-07-27,1.8065450191497803,1.8107470273971558,1.7939419746398926,1.7939419746398926,1.4332268238067627,9932236,0.0,0.0
2017-07-28,1.789739966392517,1.7981430292129517,1.7855390310287476,1.789739966392517,1.4298696517944336,4980637,0.0,0.0
2017-07-31,1.789739966392517,1.8023439645767212,1.789739966392517,1.7981430292129517,1.436583161354065,7318740,0.0,0.0
2017-08-01,1.8065450191497803,1.848557949066162,1.8023439645767212,1.8275519609451294,1.460078477859497,9362408,0.0,0.0
2017-08-02,1.8275519609451294,1.848557949066162,1.8275519609451294,1.835953950881958,1.4667912721633911,3245923,0.0,0.0
2017-08-03,1.835953950881958,1.848557949066162,1.7981430292129517,1.8149479627609253,1.4500088691711426,7126417,0.0,0.0
2017-08-04,1.8023439645767212,1.8275519609451294,1.8023439645767212,1.823349952697754,1.4567216634750366,6606812,0.0,0.0
2017-08-07,1.823349952697754,1.8317530155181885,1.8023439645767212,1.8065450191497803,1.4432957172393799,7363726,0.0,0.0
2017-08-08,1.8065450191497803,1.8149479627609253,1.789739966392517,1.7981430292129517,1.436583161354065,4297510,0.0,0.0
2017-08-09,1.7939419746398926,1.7939419746398926,1.7645330429077148,1.777135968208313,1.4197999238967896,7192588,0.0,0.0
2017-08-10,1.7729350328445435,1.7729350328445435,1.7561299800872803,1.7645330429077148,1.4097312688827515,2559464,0.0,0.0
2017-08-11,1.7645330429077148,1.7645330429077148,1.7267210483551025,1.7351239919662476,1.3862358331680298,3004806,0.0,0.0
2017-08-14,1.7351239919662476,1.7603310346603394,1.7351239919662476,1.7603310346603394,1.4063739776611328,2279787,0.0,0.0
2017-08-15,1.7477279901504517,1.7687339782714844,1.7393250465393066,1.7561299800872803,1.4030178785324097,3712925,0.0,0.0
2017-08-16,1.7561299800872803,1.7603310346603394,1.7435259819030762,1.7435259819030762,1.3929482698440552,2679428,0.0,0.0
2017-08-17,1.7435259819030762,1.7645330429077148,1.7435259819030762,1.7603310346603394,1.4063739776611328,13267180,0.0,0.0
2017-08-18,1.7519290447235107,1.7603310346603394,1.7477279901504517,1.7519290447235107,1.3996615409851074,2647533,0.0,0.0
2017-08-21,1.7519290447235107,1.7561299800872803,1.730921983718872,1.7351239919662476,1.3862358331680298,1319125,0.0,0.0
2017-08-22,1.7351239919662476,1.7519290447235107,1.730921983718872,1.7477279901504517,1.3963052034378052,9552113,0.0,0.0
2017-08-23,1.7519290447235107,1.7729350328445435,1.7477279901504517,1.7645330429077148,1.4097312688827515,9379784,0.0,0.0
2017-08-24,1.7603310346603394,1.8149479627609253,1.7561299800872803,1.8149479627609253,1.4500088691711426,9025843,0.0,0.0
2017-08-25,1.7855390310287476,1.848557949066162,1.7729350328445435,1.840155005455017,1.470147728919983,7790978,0.0,0.0
2017-08-28,1.8275519609451294,1.8443570137023926,1.8065450191497803,1.8065450191497803,1.4432957172393799,1701866,0.0,0.0
2017-08-29,1.789739966392517,1.848557949066162,1.789739966392517,1.8275519609451294,1.460078477859497,12632372,0.0,0.0
2017-08-30,1.8275519609451294,1.840155005455017,1.823349952697754,1.823349952697754,1.4567216634750366,9963179,0.0,0.0
2017-08-31,1.823349952697754,1.823349952697754,1.823349952697754,1.823349952697754,1.4567216634750366,0,0.0,0.0
2017-09-01,1.823349952697754,1.823349952697754,1.823349952697754,1.823349952697754,1.4567216634750366,0,0.0,0.0
2017-09-05,1.8275519609451294,1.835953950881958,1.7981430292129517,1.8065450191497803,1.4432957172393799,7035016,0.0,0.0
2017-09-06,1.8107470273971558,1.8191490173339844,1.7981430292129517,1.8065450191497803,1.4432957172393799,3422298,0.0,0.0
2017-09-07,1.8065450191497803,1.8653630018234253,1.8065450191497803,1.848557949066162,1.4768611192703247,7450605,0.0,0.0
2017-09-08,1.8569610118865967,1.898972988128662,1.8569610118865967,1.8695640563964844,1.4936431646347046,9290287,0.0,0.0
2017-09-11,1.8695640563964844,1.8905709981918335,1.8695640563964844,1.8779670000076294,1.500356912612915,5462634,0.0,0.0
2017-09-12,1.8821680545806885,1.8905709981918335,1.8779670000076294,1.8821680545806885,1.5037130117416382,7831680,0.0,0.0
2017-09-13,1.8821680545806885,1.886368989944458,1.8653630018234253,1.8695640563964844,1.4936431646347046,2068898,0.0,0.0
2017-09-14,1.8695640563964844,1.8779670000076294,1.8611619472503662,1.8653630018234253,1.490286946296692,7828348,0.0,0.0
2017-09-15,1.8653630018234253,1.9199800491333008,1.8569610118865967,1.9199800491333008,1.5339218378067017,6178846,0.0,0.0
2017-09-18,1.9073760509490967,1.9073760509490967,1.8695640563964844,1.8695640563964844,1.4936431646347046,12301282,0.0,0.0
2017-09-19,1.8737659454345703,1.8821680545806885,1.8443570137023926,1.848557949066162,1.4768611192703247,4000695,0.0,0.0
2017-09-20,1.8569610118865967,1.8611619472503662,1.8317530155181885,1.835953950881958,1.4667912721633911,7265423,0.0,0.0
2017-09-21,1.8443570137023926,1.8527590036392212,1.823349952697754,1.8527590036392212,1.4802175760269165,4911848,0.0,0.0
2017-09-22,1.8527590036392212,1.8527590036392212,1.8527590036392212,1.8527590036392212,1.4802175760269165,0,0.0,0.0
2017-09-25,1.8611619472503662,1.886368989944458,1.840155005455017,1.848557949066162,1.4768611192703247,18220921,0.0,0.0
2017-09-26,1.8527590036392212,1.8695640563964844,1.835953950881958,1.840155005455017,1.470147728919983,11212325,0.0,0.0
2017-09-27,1.6959120035171509,1.8135470151901245,1.6959120035171509,1.7939410209655762,1.4332261085510254,5128246,0.0,2.3333333333333335
2017-09-28,1.8135470151901245,1.8135470151901245,1.7547290325164795,1.7547290325164795,1.401898741722107,4499661,0.0,0.0
2017-09-29,1.7547290325164795,1.8135470151901245,1.7547290325164795,1.8037439584732056,1.4410580396652222,17408618,0.0,0.0
2017-10-02,1.823349952697754,1.823349952697754,1.7351239919662476,1.7449259757995605,1.3940664529800415,6616878,0.0,0.0
2017-10-03,1.7645319700241089,1.7841379642486572,1.7351239919662476,1.7645319700241089,1.4097304344177246,7616576,0.0,0.0
2017-10-04,1.7743350267410278,1.7743350267410278,1.7547290325164795,1.7645319700241089,1.4097304344177246,1854133,0.0,0.0
2017-10-05,1.7645319700241089,1.7645319700241089,1.7547290325164795,1.7547290325164795,1.401898741722107,959404,0.0,0.0
2017-10-06,1.7449259757995605,1.8037439584732056,1.7057149410247803,1.7841379642486572,1.425394058227539,7933623,0.0,0.0
2017-10-09,1.7841379642486572,1.7939410209655762,1.7645319700241089,1.7743350267410278,1.4175623655319214,5091115,0.0,0.0
2017-10-10,1.7743350267410278,1.7939410209655762,1.7547290325164795,1.7841379642486572,1.425394058227539,5217199,0.0,0.0
2017-10-11,1.7841379642486572,1.7939410209655762,1.7645319700241089,1.7645319700241089,1.4097304344177246,9305862,0.0,0.0
2017-10-12,1.7645319700241089,1.7743350267410278,1.7547290325164795,1.7547290325164795,1.401898741722107,5837318,0.0,0.0
2017-10-13,1.7547290325164795,1.7547290325164795,1.6665029525756836,1.686108946800232,1.3700377941131592,7676252,0.029409,0.0
2017-10-16,1.686108946800232,1.6959120035171509,1.6468969583511353,1.6665029525756836,1.3541072607040405,6979320,0.0,0.0
2017-10-17,1.6665029525756836,1.6665029525756836,1.5978820323944092,1.6076849699020386,1.3063150644302368,10105620,0.0,0.0
2017-10-18,1.6076849699020386,1.6076849699020386,1.6076849699020386,1.6076849699020386,1.3063150644302368,0,0.0,0.0
2017-10-19,1.6174880266189575,1.6567000150680542,1.6174880266189575,1.6567000150680542,1.3461421728134155,7121012,0.0,0.0
2017-10-20,1.6665029525756836,1.7057149410247803,1.6174880266189575,1.6174880266189575,1.314280390739441,11948635,0.0,0.0
2017-10-23,1.6468969583511353,1.6763060092926025,1.627290964126587,1.6468969583511353,1.3381764888763428,7326766,0.0,0.0
2017-10-24,1.6468969583511353,1.686108946800232,1.6468969583511353,1.6567000150680542,1.3461421728134155,5707357,0.0,0.0
2017-10-25,1.6665029525756836,1.6763060092926025,1.6174880266189575,1.6468969583511353,1.3381764888763428,5764075,0.0,0.0
2017-10-26,1.6567000150680542,1.686108946800232,1.6370940208435059,1.6567000150680542,1.3461421728134155,13018924,0.0,0.0
2017-10-27,1.6665029525756836,1.686108946800232,1.6567000150680542,1.6567000150680542,1.3461421728134155,7117135,0.0,0.0
2017-10-30,1.6665029525756836,1.6763060092926025,1.6567000150680542,1.6665029525756836,1.3541072607040405,7484167,0.0,0.0
2017-10-31,1.6665029525756836,1.6959120035171509,1.6567000150680542,1.6959120035171509,1.3780032396316528,3593200,0.0,0.0
2017-11-01,1.686108946800232,1.6959120035171509,1.6567000150680542,1.6665029525756836,1.3541072607040405,7408272,0.0,0.0
2017-11-02,1.6665029525756836,1.6763060092926025,1.6567000150680542,1.6665029525756836,1.3541072607040405,8166920,0.0,0.0
2017-11-03,1.6665029525756836,1.6665029525756836,1.6468969583511353,1.6665029525756836,1.3541072607040405,2617780,0.0,0.0
2017-11-06,1.6665029525756836,1.6665029525756836,1.627290964126587,1.6370940208435059,1.3302110433578491,3686335,0.0,0.0
2017-11-07,1.6468969583511353,1.6468969583511353,1.627290964126587,1.6370940208435059,1.3302110433578491,4645127,0.0,0.0
2017-11-08,1.6370940208435059,1.6468969583511353,1.627290964126587,1.6370940208435059,1.3302110433578491,9913331,0.0,0.0
2017-11-09,1.6370940208435059,1.6468969583511353,1.627290964126587,1.6370940208435059,1.3302110433578491,4921778,0.0,0.0
2017-11-10,1.6370940208435059,1.6468969583511353,1.6370940208435059,1.6468969583511353,1.3381764888763428,2400601,0.0,0.0
2017-11-13,1.6468969583511353,1.6567000150680542,1.627290964126587,1.6370940208435059,1.3302110433578491,4299823,0.0,0.0
2017-11-14,1.6370940208435059,1.6468969583511353,1.627290964126587,1.6370940208435059,1.3302110433578491,4823644,0.0,0.0
2017-11-15,1.6370940208435059,1.6370940208435059,1.6076849699020386,1.627290964126587,1.3222458362579346,5458249,0.0,0.0
2017-11-16,1.6174880266189575,1.627290964126587,1.6076849699020386,1.6174880266189575,1.314280390739441,3319099,0.0,0.0
2017-11-17,1.6174880266189575,1.6567000150680542,1.6174880266189575,1.6370940208435059,1.3302110433578491,4822318,0.0,0.0
2017-11-20,1.6468969583511353,1.6468969583511353,1.5880789756774902,1.5978820323944092,1.2983494997024536,6107644,0.0,0.0
2017-11-21,1.6076849699020386,1.6076849699020386,1.5390640497207642,1.5880789756774902,1.29038405418396,6685327,0.0,0.0
2017-11-22,1.5880789756774902,1.5880789756774902,1.568472981452942,1.5782760381698608,1.282418966293335,3345825,0.0,0.0
2017-11-23,1.5782760381698608,1.627290964126587,1.5782760381698608,1.6174880266189575,1.314280390739441,4310534,0.0,0.0
2017-11-24,1.6174880266189575,1.6174880266189575,1.5782760381698608,1.5782760381698608,1.282418966293335,1615532,0.0,0.0
2017-11-27,1.5880789756774902,1.6174880266189575,1.5782760381698608,1.6076849699020386,1.3063150644302368,5085912,0.0,0.0
2017-11-28,1.627290964126587,1.627290964126587,1.5978820323944092,1.6174880266189575,1.314280390739441,4248818,0.0,0.0
2017-11-29,1.6174880266189575,1.627290964126587,1.5978820323944092,1.6174880266189575,1.314280390739441,2666133,0.0,0.0
2017-11-30,1.6076849699020386,1.6076849699020386,1.5782760381698608,1.5978820323944092,1.2983494997024536,4888115,0.0,0.0
2017-12-01,1.5978820323944092,1.5978820323944092,1.5978820323944092,1.5978820323944092,1.2983494997024536,0,0.0,0.0
2017-12-04,1.5978820323944092,1.5978820323944092,1.5782760381698608,1.5782760381698608,1.282418966293335,3549948,0.0,0.0
2017-12-05,1.5880789756774902,1.5978820323944092,1.5782760381698608,1.5880789756774902,1.29038405418396,5688587,0.0,0.0
2017-12-06,1.5880789756774902,1.5880789756774902,1.5586700439453125,1.5782760381698608,1.282418966293335,9301169,0.0,0.0
2017-12-07,1.5782760381698608,1.5978820323944092,1.568472981452942,1.5880789756774902,1.29038405418396,3256363,0.0,0.0
2017-12-08,1.5880789756774902,1.6076849699020386,1.5782760381698608,1.5880789756774902,1.29038405418396,2898920,0.0,0.0
2017-12-11,1.5880789756774902,1.6174880266189575,1.5880789756774902,1.5978820323944092,1.2983494997024536,2079167,0.0,0.0
2017-12-12,1.5978820323944092,1.6076849699020386,1.5488669872283936,1.568472981452942,1.2744534015655518,6653908,0.0,0.0
2017-12-13,1.568472981452942,1.5782760381698608,1.5488669872283936,1.5586700439453125,1.2664881944656372,8413580,0.0,0.0
2017-12-14,1.568472981452942,1.5880789756774902,1.5586700439453125,1.568472981452942,1.2744534015655518,6260251,0.0,0.0
2017-12-15,1.5782760381698608,1.6665029525756836,1.5782760381698608,1.6665029525756836,1.3541072607040405,9026966,0.0,0.0
2017-12-18,1.6665029525756836,1.6665029525756836,1.6468969583511353,1.6468969583511353,1.3381764888763428,4379799,0.0,0.0
2017-12-19,1.6567000150680542,1.6665029525756836,1.6370940208435059,1.6370940208435059,1.3302110433578491,1541371,0.0,0.0
2017-12-20,1.6468969583511353,1.6567000150680542,1.627290964126587,1.6567000150680542,1.3461421728134155,2604723,0.0,0.0
2017-12-21,1.6567000150680542,1.6665029525756836,1.6370940208435059,1.6567000150680542,1.3461421728134155,3519242,0.0,0.0
2017-12-22,1.6567000150680542,1.6665029525756836,1.627290964126587,1.6468969583511353,1.3381764888763428,1279715,0.0,0.0
2017-12-25,1.6468969583511353,1.6468969583511353,1.6468969583511353,1.6468969583511353,1.3381764888763428,0,0.0,0.0
2017-12-26,1.6567000150680542,1.6665029525756836,1.6370940208435059,1.6468969583511353,1.3381764888763428,1883716,0.0,0.0
2017-12-27,1.6468969583511353,1.6567000150680542,1.6370940208435059,1.6567000150680542,1.3461421728134155,2788239,0.0,0.0
2017-12-28,1.6567000150680542,1.6665029525756836,1.6370940208435059,1.6468969583511353,1.3381764888763428,5018892,0.0,0.0
2017-12-29,1.6567000150680542,1.6567000150680542,1.5978820323944092,1.5978820323944092,1.2983494997024536,10234663,0.0,0.0
2018-01-02,1.6174880266189575,1.6763060092926025,1.5978820323944092,1.6665029525756836,1.3541072607040405,3929935,0.0,0.0
2018-01-03,1.6665029525756836,1.7743350267410278,1.6665029525756836,1.7449259757995605,1.417829155921936,8117649,0.0,0.0
2018-01-04,1.7449259757995605,1.7841379642486572,1.7155179977416992,1.7645319700241089,1.4337600469589233,5091829,0.0,0.0
2018-01-05,1.7645319700241089,1.7743350267410278,1.7155179977416992,1.7351239919662476,1.409864902496338,2763960,0.0,0.0
2018-01-08,1.7351239919662476,1.7743350267410278,1.7155179977416992,1.7743350267410278,1.441725492477417,5461819,0.0,0.0
2018-01-09,1.7743350267410278,1.7743350267410278,1.7253210544586182,1.7351239919662476,1.409864902496338,2722952,0.0,0.0
2018-01-10,1.7645319700241089,1.7645319700241089,1.6959120035171509,1.6959120035171509,1.3780032396316528,3680622,0.0,0.0
2018-01-11,1.7155179977416992,1.7449259757995605,1.7057149410247803,1.7253210544586182,1.4018995761871338,4237087,0.0,0.0
2018-01-12,1.7351239919662476,1.7351239919662476,1.686108946800232,1.686108946800232,1.3700377941131592,4179655,0.0,0.0
2018-01-15,1.6959120035171509,1.7057149410247803,1.6567000150680542,1.6567000150680542,1.3461421728134155,2343577,0.0,0.0
2018-01-16,1.6567000150680542,1.6763060092926025,1.627290964126587,1.6468969583511353,1.3381764888763428,4204444,0.0,0.0
2018-01-17,1.6468969583511353,1.6468969583511353,1.6174880266189575,1.6370940208435059,1.3302110433578491,2404885,0.0,0.0
2018-01-18,1.6468969583511353,1.6763060092926025,1.6370940208435059,1.6665029525756836,1.3541072607040405,2780282,0.0,0.0
2018-01-19,1.6665029525756836,1.6665029525756836,1.6370940208435059,1.6567000150680542,1.3461421728134155,5819160,0.0,0.0
2018-01-22,1.6567000150680542,1.7057149410247803,1.627290964126587,1.6959120035171509,1.3780032396316528,4074177,0.0,0.0
2018-01-23,1.6959120035171509,1.6959120035171509,1.6468969583511353,1.6763060092926025,1.3620725870132446,2985628,0.0,0.0
2018-01-24,1.6763060092926025,1.686108946800232,1.6567000150680542,1.6665029525756836,1.3541072607040405,3105286,0.0,0.0
2018-01-25,1.6665029525756836,1.6959120035171509,1.6567000150680542,1.6959120035171509,1.3780032396316528,3932587,0.0,0.0
2018-01-26,1.7057149410247803,1.7547290325164795,1.686108946800232,1.6959120035171509,1.3780032396316528,7898430,0.0,0.0
2018-01-29,1.7057149410247803,1.7351239919662476,1.6665029525756836,1.7057149410247803,1.3859686851501465,4365313,0.0,0.0
2018-01-30,1.7057149410247803,1.7351239919662476,1.686108946800232,1.7351239919662476,1.409864902496338,5155483,0.0,0.0
2018-02-02,1.7351239919662476,1.7351239919662476,1.686108946800232,1.686108946800232,1.3700377941131592,2289818,0.0,0.0
2018-02-05,1.6665029525756836,1.686108946800232,1.6567000150680542,1.6763060092926025,1.3620725870132446,3425903,0.0,0.0
2018-02-06,1.6468969583511353,1.6468969583511353,1.6174880266189575,1.627290964126587,1.3222458362579346,3295025,0.0,0.0
2018-02-07,1.6468969583511353,1.6665029525756836,1.6370940208435059,1.6567000150680542,1.3461421728134155,2877192,0.0,0.0
2018-02-08,1.6567000150680542,1.6665029525756836,1.6468969583511353,1.6665029525756836,1.3541072607040405,1913503,0.0,0.0
2018-02-09,1.627290964126587,1.6468969583511353,1.5978820323944092,1.6174880266189575,1.314280390739441,4461713,0.0,0.0
2018-02-12,1.627290964126587,1.6468969583511353,1.5978820323944092,1.6076849699020386,1.3063150644302368,3217191,0.0,0.0
2018-02-13,1.6174880266189575,1.6370940208435059,1.6174880266189575,1.6174880266189575,1.314280390739441,2596766,0.0,0.0
2018-02-14,1.627290964126587,1.6370940208435059,1.6174880266189575,1.627290964126587,1.3222458362579346,963382,0.0,0.0
2018-02-15,1.6174880266189575,1.6370940208435059,1.6174880266189575,1.6174880266189575,1.314280390739441,945122,0.0,0.0
2018-02-19,1.6370940208435059,1.6763060092926025,1.6370940208435059,1.6665029525756836,1.3541072607040405,1603495,0.0,0.0
2018-02-20,1.6665029525756836,1.6665029525756836,1.6370940208435059,1.6567000150680542,1.3461421728134155,2448546,0.0,0.0
2018-02-21,1.6567000150680542,1.6567000150680542,1.5880789756774902,1.5978820323944092,1.2983494997024536,8178651,0.0,0.0
2018-02-22,1.6076849699020386,1.6076849699020386,1.5880789756774902,1.5978820323944092,1.2983494997024536,3797016,0.0,0.0
2018-02-23,1.6076849699020386,1.627290964126587,1.5978820323944092,1.5978820323944092,1.2983494997024536,4139259,0.0,0.0
2018-02-26,1.6076849699020386,1.6174880266189575,1.568472981452942,1.568472981452942,1.2744534015655518,3147008,0.0,0.0
2018-02-27,1.5782760381698608,1.6174880266189575,1.568472981452942,1.5978820323944092,1.2983494997024536,4875669,0.0,0.0
2018-02-28,1.5978820323944092,1.627290964126587,1.5880789756774902,1.6174880266189575,1.314280390739441,5555770,0.0,0.0
2018-03-01,1.6174880266189575,1.6174880266189575,1.5488669872283936,1.5880789756774902,1.29038405418396,7489574,0.0,0.0
2018-03-02,1.5782760381698608,1.6174880266189575,1.568472981452942,1.5978820323944092,1.2983494997024536,3234839,0.0,0.0
2018-03-05,1.5978820323944092,1.5978820323944092,1.5488669872283936,1.568472981452942,1.2744534015655518,4146502,0.0,0.0
2018-03-06,1.5782760381698608,1.5880789756774902,1.5390640497207642,1.5390640497207642,1.25055730342865,3413662,0.0,0.0
2018-03-07,1.5488669872283936,1.568472981452942,1.5292609930038452,1.568472981452942,1.2744534015655518,4990431,0.0,0.0
2018-03-08,1.568472981452942,1.5782760381698608,1.5586700439453125,1.5586700439453125,1.2664881944656372,2904326,0.0,0.0
2018-03-09,1.5586700439453125,1.5782760381698608,1.5292609930038452,1.5586700439453125,1.2664881944656372,5080506,0.0,0.0
2018-03-12,1.5586700439453125,1.5880789756774902,1.5586700439453125,1.5880789756774902,1.29038405418396,3288088,0.0,0.0
2018-03-13,1.5880789756774902,1.5880789756774902,1.5586700439453125,1.5586700439453125,1.2664881944656372,2040302,0.0,0.0
2018-03-14,1.5586700439453125,1.5782760381698608,1.5586700439453125,1.568472981452942,1.2744534015655518,1581359,0.0,0.0
2018-03-15,1.568472981452942,1.568472981452942,1.5488669872283936,1.5586700439453125,1.2664881944656372,2737132,0.0,0.0
2018-03-16,1.5586700439453125,1.5782760381698608,1.5390640497207642,1.5390640497207642,1.25055730342865,5360727,0.0,0.0
2018-03-19,1.5488669872283936,1.5586700439453125,1.5292609930038452,1.5292609930038452,1.2425919771194458,2669601,0.0,0.0
2018-03-20,1.5292609930038452,1.5390640497207642,1.4900490045547485,1.5096549987792969,1.2266614437103271,2970735,0.0,0.0
2018-03-21,1.5096549987792969,1.5194580554962158,1.4900490045547485,1.5096549987792969,1.2266614437103271,3242693,0.0,0.0
2018-03-22,1.5096549987792969,1.5194580554962158,1.4704439640045166,1.4704439640045166,1.1948007345199585,1833221,0.0,0.0
2018-03-23,1.4802470207214355,1.499851942062378,1.4704439640045166,1.4900490045547485,1.2107305526733398,2868011,0.0,0.0
2018-03-26,1.499851942062378,1.5194580554962158,1.4900490045547485,1.5194580554962158,1.2346266508102417,1364893,0.0,0.0
2018-03-27,1.5292609930038452,1.5488669872283936,1.499851942062378,1.5194580554962158,1.2346266508102417,3560046,0.0,0.0
2018-03-28,1.5096549987792969,1.5390640497207642,1.5096549987792969,1.5390640497207642,1.25055730342865,1677248,0.0,0.0
2018-03-29,1.5390640497207642,1.5586700439453125,1.5292609930038452,1.5488669872283936,1.2585229873657227,2845058,0.0,0.0
2018-03-30,1.5292609930038452,1.5390640497207642,1.4410350322723389,1.4900490045547485,1.2341641187667847,6364607,0.029409,0.0
2018-04-02,1.499851942062378,1.499851942062378,1.4606410264968872,1.4900490045547485,1.2341641187667847,1407840,0.0,0.0
2018-04-03,1.4802470207214355,1.5096549987792969,1.4704439640045166,1.5096549987792969,1.2504034042358398,1042950,0.0,0.0
2018-04-04,1.499851942062378,1.499851942062378,1.43123197555542,1.43123197555542,1.1854478120803833,3550356,0.0,0.0
2018-04-05,1.4508379697799683,1.4704439640045166,1.4410350322723389,1.4508379697799683,1.2016867399215698,1883002,0.0,0.0
2018-04-06,1.4508379697799683,1.4606410264968872,1.43123197555542,1.4508379697799683,1.2016867399215698,1394068,0.0,0.0
2018-04-09,1.4508379697799683,1.4802470207214355,1.4508379697799683,1.4704439640045166,1.217926025390625,986538,0.0,0.0
2018-04-10,1.4704439640045166,1.5390640497207642,1.4606410264968872,1.5292609930038452,1.2666422128677368,3643185,0.0,0.0
2018-04-11,1.5390640497207642,1.5782760381698608,1.5292609930038452,1.5488669872283936,1.2828816175460815,3477418,0.0,0.0
2018-04-12,1.5586700439453125,1.5978820323944092,1.5390640497207642,1.5880789756774902,1.315359354019165,2901368,0.0,0.0
2018-04-13,1.5880789756774902,1.5978820323944092,1.568472981452942,1.5782760381698608,1.3072401285171509,2279515,0.0,0.0
2018-04-16,1.5782760381698608,1.5782760381698608,1.5488669872283936,1.5488669872283936,1.2828816175460815,524841,0.0,0.0
2018-04-17,1.5488669872283936,1.5586700439453125,1.5390640497207642,1.5390640497207642,1.27476167678833,2388870,0.0,0.0
2018-04-18,1.5390640497207642,1.568472981452942,1.5292609930038452,1.5586700439453125,1.2910009622573853,1834037,0.0,0.0
2018-04-19,1.5488669872283936,1.568472981452942,1.5390640497207642,1.568472981452942,1.299120306968689,2337049,0.0,0.0
2018-04-20,1.5488669872283936,1.5488669872283936,1.5194580554962158,1.5390640497207642,1.27476167678833,2312056,0.0,0.0
2018-04-23,1.5292609930038452,1.5390640497207642,1.499851942062378,1.5096549987792969,1.2504034042358398,780274,0.0,0.0
2018-04-24,1.5096549987792969,1.5096549987792969,1.4508379697799683,1.4802470207214355,1.2260452508926392,5602899,0.0,0.0
2018-04-25,1.4802470207214355,1.4900490045547485,1.4508379697799683,1.4900490045547485,1.2341641187667847,1084876,0.0,0.0
2018-04-26,1.4900490045547485,1.4900490045547485,1.4606410264968872,1.4900490045547485,1.2341641187667847,1298281,0.0,0.0
2018-04-27,1.4900490045547485,1.4900490045547485,1.4704439640045166,1.4802470207214355,1.2260452508926392,516782,0.0,0.0
2018-04-30,1.4802470207214355,1.499851942062378,1.4704439640045166,1.4802470207214355,1.2260452508926392,2046014,0.0,0.0
2018-05-02,1.4802470207214355,1.4802470207214355,1.4410350322723389,1.4802470207214355,1.2260452508926392,3512000,0.0,0.0
2018-05-03,1.4900490045547485,1.4900490045547485,1.4606410264968872,1.4802470207214355,1.2260452508926392,1053865,0.0,0.0
2018-05-04,1.4802470207214355,1.5292609930038452,1.4606410264968872,1.5194580554962158,1.2585227489471436,1558304,0.0,0.0
2018-05-07,1.5194580554962158,1.5194580554962158,1.4802470207214355,1.499851942062378,1.242283821105957,748243,0.0,0.0
2018-05-08,1.4802470207214355,1.5194580554962158,1.4802470207214355,1.5096549987792969,1.2504034042358398,2099671,0.0,0.0
2018-05-14,1.5096549987792969,1.5292609930038452,1.4802470207214355,1.4900490045547485,1.2341641187667847,6434892,0.0,0.0
2018-05-15,1.4900490045547485,1.5194580554962158,1.4802470207214355,1.4900490045547485,1.2341641187667847,5631666,0.0,0.0
2018-05-16,1.499851942062378,1.5096549987792969,1.4704439640045166,1.4704439640045166,1.217926025390625,5488750,0.0,0.0
2018-05-17,1.4704439640045166,1.4802470207214355,1.4704439640045166,1.4704439640045166,1.217926025390625,4278197,0.0,0.0
2018-05-18,1.4802470207214355,1.4802470207214355,1.4606410264968872,1.4606410264968872,1.2098064422607422,8058177,0.0,0.0
2018-05-21,1.4704439640045166,1.4802470207214355,1.4606410264968872,1.4802470207214355,1.2260452508926392,1988276,0.0,0.0
2018-05-22,1.4900490045547485,1.499851942062378,1.4802470207214355,1.4900490045547485,1.2341641187667847,1890245,0.0,0.0
2018-05-23,1.4900490045547485,1.4900490045547485,1.4802470207214355,1.4900490045547485,1.2341641187667847,4422541,0.0,0.0
2018-05-24,1.4900490045547485,1.4900490045547485,1.4606410264968872,1.4704439640045166,1.217926025390625,3266054,0.0,0.0
2018-05-25,1.4704439640045166,1.4802470207214355,1.4704439640045166,1.4704439640045166,1.217926025390625,358871,0.0,0.0
2018-05-28,1.4802470207214355,1.4802470207214355,1.4704439640045166,1.4704439640045166,1.217926025390625,908909,0.0,0.0
2018-05-30,1.4704439640045166,1.4704439640045166,1.4704439640045166,1.4704439640045166,1.217926025390625,0,0.0,0.0
2018-05-31,1.4214290380477905,1.4214290380477905,1.4214290380477905,1.4214290380477905,1.1773282289505005,0,0.0,0.0
2018-06-01,1.43123197555542,1.4802470207214355,1.4214290380477905,1.4704439640045166,1.217926025390625,1459661,0.0,0.0
2018-06-04,1.4802470207214355,1.4900490045547485,1.4606410264968872,1.4900490045547485,1.2341641187667847,1077021,0.0,0.0
2018-06-05,1.4802470207214355,1.4900490045547485,1.4704439640045166,1.4802470207214355,1.2260452508926392,1804964,0.0,0.0
2018-06-06,1.4802470207214355,1.499851942062378,1.4704439640045166,1.499851942062378,1.242283821105957,1758754,0.0,0.0
2018-06-07,1.5096549987792969,1.5782760381698608,1.499851942062378,1.5488669872283936,1.2828816175460815,2725401,0.0,0.0
2018-06-08,1.5488669872283936,1.568472981452942,1.5390640497207642,1.5586700439453125,1.2910009622573853,1110378,0.0,0.0
2018-06-11,1.5586700439453125,1.568472981452942,1.5488669872283936,1.568472981452942,1.299120306968689,516578,0.0,0.0
2018-06-12,1.568472981452942,1.568472981452942,1.5390640497207642,1.5586700439453125,1.2910009622573853,1652868,0.0,0.0
2018-06-13,1.568472981452942,1.568472981452942,1.5488669872283936,1.568472981452942,1.299120306968689,251148,0.0,0.0
2018-06-14,1.5586700439453125,1.5782760381698608,1.5488669872283936,1.5782760381698608,1.3072401285171509,1210858,0.0,0.0
2018-06-18,1.568472981452942,1.5880789756774902,1.5586700439453125,1.5880789756774902,1.315359354019165,1203003,0.0,0.0
2018-06-19,1.5880789756774902,1.5880789756774902,1.568472981452942,1.5880789756774902,1.315359354019165,1174951,0.0,0.0
2018-06-20,1.5782760381698608,1.5880789756774902,1.568472981452942,1.568472981452942,1.299120306968689,1510666,0.0,0.0
2018-06-21,1.568472981452942,1.5782760381698608,1.5488669872283936,1.5782760381698608,1.3072401285171509,1302667,0.0,0.0
2018-06-22,1.568472981452942,1.5880789756774902,1.5586700439453125,1.5782760381698608,1.3072401285171509,894321,0.0,0.0
2018-06-25,1.5782760381698608,1.5782760381698608,1.568472981452942,1.568472981452942,1.299120306968689,1325925,0.0,0.0
2018-06-26,1.568472981452942,1.568472981452942,1.499851942062378,1.5096549987792969,1.2504034042358398,4523225,0.0,0.0
2018-06-27,1.5194580554962158,1.5194580554962158,1.499851942062378,1.5194580554962158,1.2585227489471436,1601046,0.0,0.0
2018-06-28,1.5194580554962158,1.5488669872283936,1.5096549987792969,1.5488669872283936,1.2828816175460815,1780686,0.0,0.0
2018-06-29,1.5390640497207642,1.5488669872283936,1.499851942062378,1.5194580554962158,1.2585227489471436,3734382,0.0,0.0
2018-07-02,1.5194580554962158,1.5292609930038452,1.5096549987792969,1.5194580554962158,1.2585227489471436,2470988,0.0,0.0
2018-07-03,1.5292609930038452,1.5390640497207642,1.5096549987792969,1.5194580554962158,1.2585227489471436,1210246,0.0,0.0
2018-07-04,1.5194580554962158,1.5292609930038452,1.5096549987792969,1.5194580554962158,1.2585227489471436,1467617,0.0,0.0
2018-07-05,1.5096549987792969,1.5194580554962158,1.499851942062378,1.5096549987792969,1.2504034042358398,2194133,0.0,0.0
2018-07-06,1.5194580554962158,1.5194580554962158,1.4704439640045166,1.4704439640045166,1.217926025390625,3301043,0.0,0.0
2018-07-09,1.4802470207214355,1.4900490045547485,1.4508379697799683,1.4704439640045166,1.217926025390625,4026232,0.0,0.0
2018-07-10,1.4704439640045166,1.4802470207214355,1.4606410264968872,1.4704439640045166,1.217926025390625,1176889,0.0,0.0
2018-07-11,1.4704439640045166,1.4704439640045166,1.4508379697799683,1.4704439640045166,1.217926025390625,2985730,0.0,0.0
2018-07-12,1.4704439640045166,1.4802470207214355,1.4508379697799683,1.4704439640045166,1.217926025390625,4141503,0.0,0.0
2018-07-13,1.4704439640045166,1.499851942062378,1.4606410264968872,1.4704439640045166,1.217926025390625,6604229,0.0,0.0
2018-07-16,1.4704439640045166,1.499851942062378,1.4704439640045166,1.4802470207214355,1.2260452508926392,3163840,0.0,0.0
2018-07-17,1.4802470207214355,1.5194580554962158,1.4802470207214355,1.5096549987792969,1.2504034042358398,1711829,0.0,0.0
2018-07-18,1.5096549987792969,1.5194580554962158,1.499851942062378,1.5096549987792969,1.2504034042358398,555648,0.0,0.0
2018-07-19,1.5096549987792969,1.5390640497207642,1.499851942062378,1.5292609930038452,1.2666422128677368,1816492,0.0,0.0
2018-07-20,1.5194580554962158,1.5390640497207642,1.5096549987792969,1.5292609930038452,1.2666422128677368,2268600,0.0,0.0
2018-07-23,1.5292609930038452,1.5390640497207642,1.5096549987792969,1.5096549987792969,1.2504034042358398,1950533,0.0,0.0
2018-07-24,1.5194580554962158,1.5488669872283936,1.5096549987792969,1.5096549987792969,1.2504034042358398,1985930,0.0,0.0
2018-07-25,1.5194580554962158,1.5586700439453125,1.5194580554962158,1.5586700439453125,1.2910009622573853,2678170,0.0,0.0
2018-07-26,1.5586700439453125,1.568472981452942,1.5292609930038452,1.5292609930038452,1.2666422128677368,7226082,0.0,0.0
2018-07-27,1.5390640497207642,1.5586700439453125,1.5194580554962158,1.5292609930038452,1.2666422128677368,4111309,0.0,0.0
2018-07-30,1.5488669872283936,1.5586700439453125,1.5194580554962158,1.5194580554962158,1.2585227489471436,4163640,0.0,0.0
2018-07-31,1.5194580554962158,1.5292609930038452,1.499851942062378,1.499851942062378,1.242283821105957,6129168,0.0,0.0
2018-08-01,1.5096549987792969,1.5292609930038452,1.5096549987792969,1.5194580554962158,1.2585227489471436,2285840,0.0,0.0
2018-08-02,1.5194580554962158,1.5390640497207642,1.5096549987792969,1.5194580554962158,1.2585227489471436,2282269,0.0,0.0
2018-08-03,1.5194580554962158,1.5488669872283936,1.5194580554962158,1.5488669872283936,1.2828816175460815,690709,0.0,0.0
2018-08-06,1.5390640497207642,1.5488669872283936,1.5194580554962158,1.5194580554962158,1.2585227489471436,1038461,0.0,0.0
2018-08-07,1.5292609930038452,1.5292609930038452,1.5096549987792969,1.5194580554962158,1.2585227489471436,2406823,0.0,0.0
2018-08-08,1.5194580554962158,1.5390640497207642,1.5096549987792969,1.5194580554962158,1.2585227489471436,2543109,0.0,0.0
2018-08-09,1.5194580554962158,1.5292609930038452,1.5194580554962158,1.5194580554962158,1.2585227489471436,1394782,0.0,0.0
2018-08-10,1.5194580554962158,1.5292609930038452,1.5096549987792969,1.5194580554962158,1.2585227489471436,1528211,0.0,0.0
2018-08-13,1.5194580554962158,1.5292609930038452,1.5096549987792969,1.5292609930038452,1.2666422128677368,259105,0.0,0.0
2018-08-14,1.5194580554962158,1.5292609930038452,1.5194580554962158,1.5194580554962158,1.2585227489471436,803736,0.0,0.0
2018-08-15,1.5194580554962158,1.5390640497207642,1.5096549987792969,1.5292609930038452,1.2666422128677368,954201,0.0,0.0
2018-08-16,1.5292609930038452,1.5292609930038452,1.5194580554962158,1.5194580554962158,1.2585227489471436,651741,0.0,0.0
2018-08-17,1.5292609930038452,1.5292609930038452,1.5096549987792969,1.5096549987792969,1.2504034042358398,1173829,0.0,0.0
2018-08-20,1.5194580554962158,1.5292609930038452,1.5096549987792969,1.5292609930038452,1.2666422128677368,652251,0.0,0.0
2018-08-21,1.5292609930038452,1.5292609930038452,1.5194580554962158,1.5292609930038452,1.2666422128677368,2798848,0.0,0.0
2018-08-23,1.5390640497207642,1.5586700439453125,1.5390640497207642,1.5488669872283936,1.2828816175460815,2210148,0.0,0.0
2018-08-24,1.5488669872283936,1.5488669872283936,1.5292609930038452,1.5390640497207642,1.27476167678833,1001840,0.0,0.0
2018-08-27,1.5488669872283936,1.5488669872283936,1.5194580554962158,1.5292609930038452,1.2666422128677368,1641850,0.0,0.0
2018-08-28,1.5292609930038452,1.5292609930038452,1.5194580554962158,1.5194580554962158,1.2585227489471436,1256355,0.0,0.0
2018-08-29,1.5292609930038452,1.5390640497207642,1.5194580554962158,1.5390640497207642,1.27476167678833,1520255,0.0,0.0
2018-08-30,1.5390640497207642,1.5390640497207642,1.5194580554962158,1.5292609930038452,1.2666422128677368,2285738,0.0,0.0
2018-09-03,1.5292609930038452,1.5292609930038452,1.5194580554962158,1.5194580554962158,1.2585227489471436,2555656,0.0,0.0
2018-09-04,1.5194580554962158,1.5292609930038452,1.5194580554962158,1.5292609930038452,1.2666422128677368,3026126,0.0,0.0
2018-09-05,1.5194580554962158,1.5292609930038452,1.5194580554962158,1.5292609930038452,1.2666422128677368,2407844,0.0,0.0
2018-09-06,1.5194580554962158,1.5292609930038452,1.5194580554962158,1.5292609930038452,1.2666422128677368,2311852,0.0,0.0
2018-09-07,1.5292609930038452,1.5292609930038452,1.5096549987792969,1.5292609930038452,1.2666422128677368,2533214,0.0,0.0
2018-09-12,1.5292609930038452,1.5292609930038452,1.4606410264968872,1.4704439640045166,1.217926025390625,4607383,0.0,0.0
2018-09-13,1.4802470207214355,1.499851942062378,1.4704439640045166,1.499851942062378,1.242283821105957,3306144,0.0,0.0
2018-09-14,1.499851942062378,1.5096549987792969,1.4900490045547485,1.4900490045547485,1.2341641187667847,593392,0.0,0.0
2018-09-18,1.4900490045547485,1.4900490045547485,1.4704439640045166,1.4802470207214355,1.2260452508926392,3608909,0.0,0.0
2018-09-19,1.4900490045547485,1.4900490045547485,1.4704439640045166,1.4900490045547485,1.2341641187667847,3563209,0.0,0.0
2018-09-20,1.4802470207214355,1.4900490045547485,1.4802470207214355,1.4900490045547485,1.2341641187667847,2833735,0.0,0.0
2018-09-21,1.499851942062378,1.5096549987792969,1.4900490045547485,1.4900490045547485,1.2341641187667847,7690227,0.0,0.0
2018-09-24,1.4704439640045166,1.499851942062378,1.4704439640045166,1.4900490045547485,1.2632519006729126,1090078,0.03431,0.0
2018-09-25,1.499851942062378,1.499851942062378,1.4802470207214355,1.4900490045547485,1.2632519006729126,2958290,0.0,0.0
2018-09-26,1.4900490045547485,1.499851942062378,1.4900490045547485,1.4900490045547485,1.2632519006729126,199225,0.0,0.0
2018-09-27,1.499851942062378,1.499851942062378,1.4508379697799683,1.4704439640045166,1.2466309070587158,2046524,0.0,0.0
2018-09-28,1.4704439640045166,1.4802470207214355,1.4606410264968872,1.4802470207214355,1.2549419403076172,953079,0.0,0.0
2018-10-01,1.4900490045547485,1.4900490045547485,1.4606410264968872,1.4704439640045166,1.2466309070587158,1294200,0.0,0.0
2018-10-02,1.4704439640045166,1.4704439640045166,1.4508379697799683,1.4606410264968872,1.2383201122283936,2107628,0.0,0.0
2018-10-03,1.4606410264968872,1.4704439640045166,1.43123197555542,1.4410350322723389,1.22169828414917,4547707,0.0,0.0
2018-10-04,1.4410350322723389,1.4508379697799683,1.4116259813308716,1.4116259813308716,1.196765422821045,4303801,0.0,0.0
2018-10-05,1.4116259813308716,1.4214290380477905,1.3920199871063232,1.4018230438232422,1.1884546279907227,4074279,0.0,0.0
2018-10-08,1.4018230438232422,1.4116259813308716,1.3822170495986938,1.4018230438232422,1.1884546279907227,3188730,0.0,0.0
2018-10-09,1.4018230438232422,1.4410350322723389,1.4018230438232422,1.43123197555542,1.2133874893188477,450884,0.0,0.0
2018-10-10,1.4410350322723389,1.4410350322723389,1.3430049419403076,1.3626110553741455,1.1552109718322754,5259533,0.0,0.0
2018-10-11,1.3332020044326782,1.372413992881775,1.3233989477157593,1.372413992881775,1.1635218858718872,3139255,0.0,0.0
2018-10-12,1.372413992881775,1.3920199871063232,1.372413992881775,1.372413992881775,1.1635218858718872,1600128,0.0,0.0
2018-10-15,1.3822170495986938,1.3920199871063232,1.3626110553741455,1.3626110553741455,1.1552109718322754,1822102,0.0,0.0
2018-10-16,1.3626110553741455,1.3920199871063232,1.3626110553741455,1.3920199871063232,1.1801438331604004,1786909,0.0,0.0
2018-10-17,1.4018230438232422,1.4018230438232422,1.3822170495986938,1.3920199871063232,1.1801438331604004,1053253,0.0,0.0
2018-10-18,1.3920199871063232,1.3920199871063232,1.3822170495986938,1.3920199871063232,1.1801438331604004,1483123,0.0,0.0
2018-10-19,1.3920199871063232,1.4116259813308716,1.372413992881775,1.3920199871063232,1.1801438331604004,8178447,0.0,0.0
2018-10-22,1.3920199871063232,1.4018230438232422,1.3822170495986938,1.4018230438232422,1.1884546279907227,329798,0.0,0.0
2018-10-23,1.3920199871063232,1.4018230438232422,1.3430049419403076,1.3430049419403076,1.1385890245437622,2752025,0.0,0.0
2018-10-24,1.3528079986572266,1.372413992881775,1.3332020044326782,1.372413992881775,1.1635218858718872,1481491,0.0,0.0
2018-10-25,1.3528079986572266,1.372413992881775,1.3332020044326782,1.3626110553741455,1.1552109718322754,888099,0.0,0.0
2018-10-26,1.3626110553741455,1.3626110553741455,1.3430049419403076,1.3528079986572266,1.1469000577926636,1522091,0.0,0.0
2018-10-29,1.3528079986572266,1.3528079986572266,1.3332020044326782,1.3430049419403076,1.1385890245437622,395900,0.0,0.0
2018-10-30,1.3430049419403076,1.3528079986572266,1.3332020044326782,1.3430049419403076,1.1385890245437622,276141,0.0,0.0
2018-10-31,1.3528079986572266,1.3626110553741455,1.3233989477157593,1.3430049419403076,1.1385890245437622,4447125,0.0,0.0
2018-11-01,1.3430049419403076,1.3822170495986938,1.3430049419403076,1.3822170495986938,1.171832799911499,1680716,0.0,0.0
2018-11-02,1.372413992881775,1.4018230438232422,1.3626110553741455,1.4018230438232422,1.1884546279907227,1064270,0.0,0.0
2018-11-05,1.4116259813308716,1.43123197555542,1.3822170495986938,1.3920199871063232,1.1801438331604004,521679,0.0,0.0
2018-11-07,1.4018230438232422,1.4214290380477905,1.3822170495986938,1.4214290380477905,1.2050762176513672,4479871,0.0,0.0
2018-11-08,1.4214290380477905,1.4704439640045166,1.4214290380477905,1.4704439640045166,1.2466309070587158,873001,0.0,0.0
2018-11-09,1.4704439640045166,1.4704439640045166,1.4018230438232422,1.4214290380477905,1.2050762176513672,4574536,0.0,0.0
2018-11-12,1.4214290380477905,1.4214290380477905,1.4018230438232422,1.4116259813308716,1.196765422821045,2353268,0.0,0.0
2018-11-13,1.4018230438232422,1.4214290380477905,1.3822170495986938,1.4214290380477905,1.2050762176513672,274202,0.0,0.0
2018-11-14,1.4214290380477905,1.4214290380477905,1.4018230438232422,1.4214290380477905,1.2050762176513672,366317,0.0,0.0
2018-11-15,1.4214290380477905,1.4214290380477905,1.4116259813308716,1.4214290380477905,1.2050762176513672,447517,0.0,0.0
2018-11-16,1.4116259813308716,1.4508379697799683,1.4116259813308716,1.4410350322723389,1.22169828414917,1795784,0.0,0.0
2018-11-19,1.4606410264968872,1.4606410264968872,1.4410350322723389,1.4508379697799683,1.2300091981887817,1395088,0.0,0.0
2018-11-21,1.4410350322723389,1.4410350322723389,1.4018230438232422,1.4214290380477905,1.2050762176513672,1035299,0.0,0.0
2018-11-22,1.4214290380477905,1.4508379697799683,1.4214290380477905,1.4508379697799683,1.2300091981887817,923904,0.0,0.0
2018-11-23,1.43123197555542,1.4410350322723389,1.4214290380477905,1.43123197555542,1.2133874893188477,971135,0.0,0.0
2018-11-26,1.43123197555542,1.43123197555542,1.4116259813308716,1.4214290380477905,1.2050762176513672,2053359,0.0,0.0
2018-11-27,1.4214290380477905,1.43123197555542,1.3822170495986938,1.4018230438232422,1.1884546279907227,1626753,0.0,0.0
2018-11-28,1.4018230438232422,1.4214290380477905,1.3920199871063232,1.4116259813308716,1.196765422821045,1128536,0.0,0.0
2018-11-29,1.43123197555542,1.43123197555542,1.4018230438232422,1.4214290380477905,1.2050762176513672,1678268,0.0,0.0
2018-11-30,1.4214290380477905,1.43123197555542,1.4116259813308716,1.43123197555542,1.2133874893188477,960526,0.0,0.0
2018-12-03,1.4410350322723389,1.4508379697799683,1.4116259813308716,1.4410350322723389,1.22169828414917,1986950,0.0,0.0
2018-12-04,1.4214290380477905,1.4508379697799683,1.4214290380477905,1.4508379697799683,1.2300091981887817,675510,0.0,0.0
2018-12-05,1.4410350322723389,1.4508379697799683,1.4214290380477905,1.4508379697799683,1.2300091981887817,764768,0.0,0.0
2018-12-06,1.43123197555542,1.4410350322723389,1.4018230438232422,1.4214290380477905,1.2050762176513672,1991745,0.0,0.0
2018-12-07,1.4214290380477905,1.4410350322723389,1.4214290380477905,1.43123197555542,1.2133874893188477,240437,0.0,0.0
2018-12-10,1.4214290380477905,1.43123197555542,1.4116259813308716,1.43123197555542,1.2133874893188477,549119,0.0,0.0
2018-12-11,1.4214290380477905,1.43123197555542,1.4214290380477905,1.4214290380477905,1.2050762176513672,476284,0.0,0.0
2018-12-12,1.4214290380477905,1.4214290380477905,1.4018230438232422,1.4214290380477905,1.2050762176513672,2129560,0.0,0.0
2018-12-13,1.4214290380477905,1.4410350322723389,1.4018230438232422,1.4018230438232422,1.1884546279907227,1553408,0.0,0.0
2018-12-14,1.4116259813308716,1.4116259813308716,1.3822170495986938,1.4018230438232422,1.1884546279907227,1155773,0.0,0.0
2018-12-17,1.4018230438232422,1.4018230438232422,1.3528079986572266,1.372413992881775,1.1635218858718872,2441201,0.0,0.0
2018-12-18,1.3626110553741455,1.3626110553741455,1.3332020044326782,1.3528079986572266,1.1469000577926636,1919930,0.0,0.0
2018-12-19,1.3626110553741455,1.3920199871063232,1.3528079986572266,1.372413992881775,1.1635218858718872,572888,0.0,0.0
2018-12-20,1.372413992881775,1.372413992881775,1.3528079986572266,1.372413992881775,1.1635218858718872,520251,0.0,0.0
2018-12-21,1.3626110553741455,1.4018230438232422,1.3626110553741455,1.372413992881775,1.1635218858718872,828627,0.0,0.0
2018-12-24,1.3626110553741455,1.372413992881775,1.3332020044326782,1.372413992881775,1.1635218858718872,2144556,0.0,0.0
2018-12-26,1.3626110553741455,1.372413992881775,1.3626110553741455,1.372413992881775,1.1635218858718872,501787,0.0,0.0
2018-12-27,1.4018230438232422,1.4018230438232422,1.3822170495986938,1.4018230438232422,1.1884546279907227,936043,0.0,0.0
2018-12-28,1.3920199871063232,1.4606410264968872,1.3920199871063232,1.4606410264968872,1.2383201122283936,2394378,0.0,0.0
2018-12-31,1.4508379697799683,1.4606410264968872,1.4410350322723389,1.4410350322723389,1.22169828414917,6631058,0.0,0.0
2019-01-02,1.43123197555542,1.4410350322723389,1.4214290380477905,1.4410350322723389,1.22169828414917,252882,0.0,0.0
2019-01-03,1.4410350322723389,1.4802470207214355,1.43123197555542,1.4802470207214355,1.2549419403076172,2535764,0.0,0.0
2019-01-04,1.4704439640045166,1.4704439640045166,1.4606410264968872,1.4704439640045166,1.2466309070587158,134857,0.0,0.0
2019-01-07,1.4704439640045166,1.4900490045547485,1.4606410264968872,1.4704439640045166,1.2466309070587158,2943294,0.0,0.0
2019-01-08,1.4802470207214355,1.4802470207214355,1.4606410264968872,1.4704439640045166,1.2466309070587158,2348168,0.0,0.0
2019-01-09,1.4704439640045166,1.499851942062378,1.4704439640045166,1.499851942062378,1.2715626955032349,1095791,0.0,0.0
2019-01-10,1.5096549987792969,1.5194580554962158,1.4606410264968872,1.4802470207214355,1.2549419403076172,1982258,0.0,0.0
2019-01-11,1.4900490045547485,1.499851942062378,1.4606410264968872,1.4704439640045166,1.2466309070587158,2589421,0.0,0.0
2019-01-14,1.4802470207214355,1.4802470207214355,1.4606410264968872,1.4704439640045166,1.2466309070587158,1370606,0.0,0.0
2019-01-15,1.4900490045547485,1.4900490045547485,1.4606410264968872,1.4704439640045166,1.2466309070587158,617874,0.0,0.0
2019-01-16,1.4704439640045166,1.4802470207214355,1.4508379697799683,1.4606410264968872,1.2383201122283936,2446811,0.0,0.0
2019-01-17,1.4606410264968872,1.4802470207214355,1.4508379697799683,1.4606410264968872,1.2383201122283936,1628793,0.0,0.0
2019-01-18,1.4704439640045166,1.4802470207214355,1.4606410264968872,1.4704439640045166,1.2466309070587158,2377649,0.0,0.0
2019-01-22,1.4704439640045166,1.5194580554962158,1.4606410264968872,1.5194580554962158,1.2881845235824585,916253,0.0,0.0
2019-01-23,1.5096549987792969,1.5096549987792969,1.4900490045547485,1.499851942062378,1.2715626955032349,3668993,0.0,0.0
2019-01-24,1.5096549987792969,1.5390640497207642,1.499851942062378,1.5390640497207642,1.3048063516616821,3316243,0.0,0.0
2019-01-25,1.5390640497207642,1.568472981452942,1.5194580554962158,1.568472981452942,1.329738974571228,3926364,0.0,0.0
2019-01-28,1.568472981452942,1.5880789756774902,1.5586700439453125,1.568472981452942,1.329738974571228,1530456,0.0,0.0
2019-01-29,1.568472981452942,1.5978820323944092,1.5586700439453125,1.5880789756774902,1.3463609218597412,2704081,0.0,0.0
2019-01-30,1.5782760381698608,1.6174880266189575,1.5782760381698608,1.6174880266189575,1.3712936639785767,3938810,0.0,0.0
2019-01-31,1.6076849699020386,1.6174880266189575,1.568472981452942,1.5880789756774902,1.3463609218597412,3803748,0.0,0.0
2019-02-04,1.5880789756774902,1.6076849699020386,1.5782760381698608,1.6076849699020386,1.3629827499389648,975521,0.0,0.0
2019-02-07,1.6076849699020386,1.6174880266189575,1.5880789756774902,1.6076849699020386,1.3629827499389648,913193,0.0,0.0
2019-02-08,1.5978820323944092,1.5978820323944092,1.5586700439453125,1.568472981452942,1.329738974571228,1382031,0.0,0.0
2019-02-11,1.568472981452942,1.5782760381698608,1.5292609930038452,1.5488669872283936,1.313117504119873,3149150,0.0,0.0
2019-02-12,1.5488669872283936,1.5488669872283936,1.5194580554962158,1.5292609930038452,1.2964955568313599,1285326,0.0,0.0
2019-02-13,1.5390640497207642,1.5586700439453125,1.5292609930038452,1.5488669872283936,1.313117504119873,1049172,0.0,0.0
2019-02-14,1.5586700439453125,1.568472981452942,1.5292609930038452,1.568472981452942,1.329738974571228,2139251,0.0,0.0
2019-02-15,1.5782760381698608,1.5978820323944092,1.5586700439453125,1.568472981452942,1.329738974571228,1244113,0.0,0.0
2019-02-18,1.568472981452942,1.5880789756774902,1.5586700439453125,1.5880789756774902,1.3463609218597412,1893101,0.0,0.0
2019-02-19,1.5880789756774902,1.6370940208435059,1.5880789756774902,1.6370940208435059,1.3879154920578003,2209128,0.0,0.0
2019-02-20,1.6370940208435059,1.6567000150680542,1.627290964126587,1.6468969583511353,1.3962265253067017,2768551,0.0,0.0
2019-02-21,1.6468969583511353,1.6567000150680542,1.6076849699020386,1.6468969583511353,1.3962265253067017,2161693,0.0,0.0
2019-02-22,1.6370940208435059,1.6370940208435059,1.6174880266189575,1.627290964126587,1.379604458808899,1292160,0.0,0.0
2019-02-25,1.627290964126587,1.6370940208435059,1.6174880266189575,1.627290964126587,1.379604458808899,1542085,0.0,0.0
2019-02-26,1.627290964126587,1.6370940208435059,1.6174880266189575,1.627290964126587,1.379604458808899,564523,0.0,0.0
2019-02-27,1.627290964126587,1.627290964126587,1.6076849699020386,1.6174880266189575,1.3712936639785767,792413,0.0,0.0
2019-02-28,1.6174880266189575,1.627290964126587,1.5880789756774902,1.5880789756774902,1.3463609218597412,1868517,0.0,0.0
2019-03-01,1.6076849699020386,1.6174880266189575,1.5880789756774902,1.6174880266189575,1.3712936639785767,1621550,0.0,0.0
2019-03-04,1.627290964126587,1.627290964126587,1.6076849699020386,1.6174880266189575,1.3712936639785767,1577278,0.0,0.0
2019-03-05,1.6076849699020386,1.6174880266189575,1.6076849699020386,1.6174880266189575,1.3712936639785767,886976,0.0,0.0
2019-03-06,1.6174880266189575,1.627290964126587,1.5880789756774902,1.6076849699020386,1.3629827499389648,2200967,0.0,0.0
2019-03-07,1.6076849699020386,1.6174880266189575,1.5978820323944092,1.6076849699020386,1.3629827499389648,560748,0.0,0.0
2019-03-08,1.6076849699020386,1.6076849699020386,1.5880789756774902,1.5880789756774902,1.3463609218597412,1282673,0.0,0.0
2019-03-11,1.5978820323944092,1.6370940208435059,1.5880789756774902,1.6174880266189575,1.3712936639785767,1656948,0.0,0.0
2019-03-12,1.6174880266189575,1.6174880266189575,1.6076849699020386,1.6174880266189575,1.3712936639785767,480365,0.0,0.0
2019-03-13,1.6174880266189575,1.6174880266189575,1.6076849699020386,1.6174880266189575,1.3712936639785767,670715,0.0,0.0
2019-03-14,1.6174880266189575,1.6468969583511353,1.6076849699020386,1.6468969583511353,1.3962265253067017,1057639,0.0,0.0
2019-03-15,1.627290964126587,1.6468969583511353,1.627290964126587,1.627290964126587,1.379604458808899,532390,0.0,0.0
2019-03-18,1.6370940208435059,1.6567000150680542,1.627290964126587,1.6468969583511353,1.3962265253067017,2175159,0.0,0.0
2019-03-19,1.6468969583511353,1.6567000150680542,1.6370940208435059,1.6468969583511353,1.3962265253067017,2665929,0.0,0.0
2019-03-20,1.6468969583511353,1.6567000150680542,1.6370940208435059,1.6468969583511353,1.3962265253067017,3169858,0.0,0.0
2019-03-21,1.6468969583511353,1.6468969583511353,1.6076849699020386,1.6174880266189575,1.3712936639785767,6661457,0.0,0.0
2019-03-22,1.627290964126587,1.6468969583511353,1.6174880266189575,1.6468969583511353,1.3962265253067017,2604009,0.0,0.0
2019-03-25,1.6468969583511353,1.6468969583511353,1.6174880266189575,1.6468969583511353,1.3962265253067017,909827,0.0,0.0
2019-03-26,1.6370940208435059,1.6468969583511353,1.627290964126587,1.6468969583511353,1.3962265253067017,3850061,0.0,0.0
2019-03-27,1.627290964126587,1.6567000150680542,1.627290964126587,1.6468969583511353,1.4130487442016602,3969923,0.019606,0.0
2019-03-28,1.6468969583511353,1.6567000150680542,1.6370940208435059,1.6567000150680542,1.4214595556259155,611855,0.0,0.0
2019-03-29,1.6468969583511353,1.686108946800232,1.6370940208435059,1.6468969583511353,1.4130487442016602,7844569,0.0,0.0
2019-04-01,1.6534650325775146,1.6831680536270142,1.643563985824585,1.6732670068740845,1.4356741905212402,5008792,0.0,1.01
2019-04-02,1.6831680536270142,1.6831680536270142,1.643563985824585,1.6633659601211548,1.427179217338562,3568128,0.0,0.0
2019-04-03,1.6534650325775146,1.6732670068740845,1.6534650325775146,1.6633659601211548,1.427179217338562,3979299,0.0,0.0
2019-04-04,1.6633659601211548,1.6732670068740845,1.6534650325775146,1.6633659601211548,1.427179217338562,1735584,0.0,0.0
2019-04-05,1.6633659601211548,1.6831680536270142,1.6633659601211548,1.6633659601211548,1.427179217338562,3290883,0.0,0.0
2019-04-08,1.6633659601211548,1.6930689811706543,1.6633659601211548,1.6831680536270142,1.4441694021224976,5976675,0.0,0.0
2019-04-09,1.6831680536270142,1.702970027923584,1.6732670068740845,1.6831680536270142,1.4441694021224976,7747710,0.0,0.0
2019-04-10,1.6732670068740845,1.6831680536270142,1.6732670068740845,1.6831680536270142,1.4441694021224976,1486821,0.0,0.0
2019-04-11,1.6732670068740845,1.6831680536270142,1.6732670068740845,1.6831680536270142,1.4441694021224976,3541666,0.0,0.0
2019-04-12,1.6831680536270142,1.6930689811706543,1.6732670068740845,1.6831680536270142,1.4441694021224976,3307649,0.0,0.0
2019-04-15,1.6831680536270142,1.6930689811706543,1.6831680536270142,1.6831680536270142,1.4441694021224976,5125043,0.0,0.0
2019-04-16,1.6930689811706543,1.6930689811706543,1.6732670068740845,1.6831680536270142,1.4441694021224976,3113729,0.0,0.0
2019-04-17,1.6831680536270142,1.6930689811706543,1.6732670068740845,1.6831680536270142,1.4441694021224976,2312496,0.0,0.0
2019-04-18,1.6732670068740845,1.6930689811706543,1.6732670068740845,1.6831680536270142,1.4441694021224976,1994144,0.0,0.0
2019-04-19,1.6831680536270142,1.702970027923584,1.6831680536270142,1.6930689811706543,1.4526644945144653,2911931,0.0,0.0
2019-04-22,1.6930689811706543,1.702970027923584,1.6831680536270142,1.702970027923584,1.461159586906433,4901429,0.0,0.0
2019-04-23,1.702970027923584,1.702970027923584,1.6732670068740845,1.6831680536270142,1.4441694021224976,3722456,0.0,0.0
2019-04-24,1.6831680536270142,1.702970027923584,1.6831680536270142,1.6831680536270142,1.4441694021224976,2110799,0.0,0.0
2019-04-25,1.6831680536270142,1.6930689811706543,1.6732670068740845,1.6831680536270142,1.4441694021224976,1155844,0.0,0.0
2019-04-26,1.6831680536270142,1.6930689811706543,1.6831680536270142,1.6831680536270142,1.4441694021224976,613575,0.0,0.0
2019-04-29,1.6831680536270142,1.702970027923584,1.6732670068740845,1.6831680536270142,1.4441694021224976,1643876,0.0,0.0
2019-04-30,1.6831680536270142,1.6930689811706543,1.6534650325775146,1.6534650325775146,1.4186838865280151,2262804,0.0,0.0
2019-05-02,1.6534650325775146,1.6534650325775146,1.6336630582809448,1.6534650325775146,1.4186838865280151,1619333,0.0,0.0
2019-05-03,1.6633659601211548,1.6633659601211548,1.643563985824585,1.6633659601211548,1.427179217338562,1400264,0.0,0.0
2019-05-06,1.6633659601211548,1.6732670068740845,1.5940589904785156,1.6732670068740845,1.4356741905212402,6190896,0.0,0.0
2019-05-07,1.6732670068740845,1.6732670068740845,1.6237620115280151,1.6633659601211548,1.427179217338562,5728417,0.0,0.0
2019-05-08,1.6534650325775146,1.6633659601211548,1.6336630582809448,1.6633659601211548,1.427179217338562,3598933,0.0,0.0
2019-05-09,1.643563985824585,1.6633659601211548,1.643563985824585,1.6633659601211548,1.427179217338562,1409960,0.0,0.0
2019-05-10,1.6534650325775146,1.6633659601211548,1.6138609647750854,1.6534650325775146,1.4186838865280151,5131608,0.0,0.0
2019-05-13,1.6336630582809448,1.6336630582809448,1.5940589904785156,1.6336630582809448,1.4016937017440796,6028690,0.0,0.0
2019-05-14,1.6039600372314453,1.643563985824585,1.5643559694290161,1.6138609647750854,1.3847033977508545,3617921,0.0,0.0
2019-05-15,1.6237620115280151,1.643563985824585,1.6039600372314453,1.6336630582809448,1.4016937017440796,4161402,0.0,0.0
2019-05-16,1.6336630582809448,1.6633659601211548,1.6237620115280151,1.6633659601211548,1.427179217338562,800930,0.0,0.0
2019-05-17,1.6633659601211548,1.6732670068740845,1.6534650325775146,1.6732670068740845,1.4356741905212402,2701952,0.0,0.0
2019-05-21,1.6633659601211548,1.6732670068740845,1.6534650325775146,1.6732670068740845,1.4356741905212402,490557,0.0,0.0
2019-05-23,1.6732670068740845,1.6732670068740845,1.6237620115280151,1.6633659601211548,1.427179217338562,2439958,0.0,0.0
2019-05-24,1.643563985824585,1.6633659601211548,1.643563985824585,1.6633659601211548,1.427179217338562,2855876,0.0,0.0
2019-05-27,1.6534650325775146,1.6831680536270142,1.6534650325775146,1.6633659601211548,1.427179217338562,4662160,0.0,0.0
2019-05-28,1.6732670068740845,1.6930689811706543,1.6336630582809448,1.6336630582809448,1.4016937017440796,6705491,0.0,0.0
2019-05-29,1.6336630582809448,1.6930689811706543,1.6237620115280151,1.6831680536270142,1.4441694021224976,5384613,0.0,0.0
2019-05-30,1.6831680536270142,1.6831680536270142,1.6633659601211548,1.6732670068740845,1.4356741905212402,2812143,0.0,0.0
2019-05-31,1.6732670068740845,1.6732670068740845,1.6633659601211548,1.6732670068740845,1.4356741905212402,3535808,0.0,0.0
2019-06-03,1.6732670068740845,1.6732670068740845,1.6633659601211548,1.6732670068740845,1.4356741905212402,1359157,0.0,0.0
2019-06-04,1.6633659601211548,1.6831680536270142,1.643563985824585,1.6633659601211548,1.427179217338562,3529849,0.0,0.0
2019-06-05,1.6633659601211548,1.6633659601211548,1.6633659601211548,1.6633659601211548,1.427179217338562,0,0.0,0.0
2019-06-06,1.6633659601211548,1.6633659601211548,1.6633659601211548,1.6633659601211548,1.427179217338562,0,0.0,0.0
2019-06-07,1.6633659601211548,1.6633659601211548,1.6534650325775146,1.6633659601211548,1.427179217338562,885568,0.0,0.0
2019-06-10,1.6633659601211548,1.6732670068740845,1.6534650325775146,1.6633659601211548,1.427179217338562,4270785,0.0,0.0
2019-06-11,1.6633659601211548,1.6732670068740845,1.6633659601211548,1.6633659601211548,1.427179217338562,2361279,0.0,0.0
2019-06-12,1.6633659601211548,1.702970027923584,1.6534650325775146,1.6930689811706543,1.4526644945144653,5312398,0.0,0.0
2019-06-13,1.6831680536270142,1.6930689811706543,1.6732670068740845,1.6831680536270142,1.4441694021224976,3052119,0.0,0.0
2019-06-14,1.6831680536270142,1.6831680536270142,1.6633659601211548,1.6633659601211548,1.427179217338562,2545705,0.0,0.0
2019-06-17,1.6732670068740845,1.6831680536270142,1.6534650325775146,1.6633659601211548,1.427179217338562,4403499,0.0,0.0
2019-06-18,1.6633659601211548,1.6633659601211548,1.6336630582809448,1.6633659601211548,1.427179217338562,3961018,0.0,0.0
2019-06-19,1.6633659601211548,1.6732670068740845,1.643563985824585,1.6534650325775146,1.4186838865280151,4221295,0.0,0.0
2019-06-20,1.6534650325775146,1.6633659601211548,1.6534650325775146,1.6633659601211548,1.427179217338562,3047473,0.0,0.0
2019-06-21,1.6633659601211548,1.6633659601211548,1.643563985824585,1.643563985824585,1.410188913345337,8083131,0.0,0.0
2019-06-24,1.643563985824585,1.6534650325775146,1.6336630582809448,1.6534650325775146,1.4186838865280151,3935465,0.0,0.0
2019-06-25,1.6534650325775146,1.6831680536270142,1.6534650325775146,1.6633659601211548,1.427179217338562,5126053,0.0,0.0
2019-06-26,1.6633659601211548,1.6831680536270142,1.6534650325775146,1.6732670068740845,1.4356741905212402,6607622,0.0,0.0
2019-06-27,1.6732670068740845,1.702970027923584,1.6633659601211548,1.6930689811706543,1.4526644945144653,4293510,0.0,0.0
2019-06-28,1.6930689811706543,1.6930689811706543,1.643563985824585,1.6633659601211548,1.427179217338562,24554817,0.0,0.0
2019-07-01,1.6732670068740845,1.6831680536270142,1.6534650325775146,1.6633659601211548,1.427179217338562,2734373,0.0,0.0
2019-07-02,1.6633659601211548,1.6732670068740845,1.643563985824585,1.6534650325775146,1.4186838865280151,2759421,0.0,0.0
2019-07-03,1.6534650325775146,1.6633659601211548,1.643563985824585,1.6534650325775146,1.4186838865280151,3374006,0.0,0.0
2019-07-04,1.6534650325775146,1.6633659601211548,1.6534650325775146,1.6534650325775146,1.4186838865280151,2779924,0.0,0.0
2019-07-05,1.6534650325775146,1.6732670068740845,1.6534650325775146,1.6732670068740845,1.4356741905212402,4846990,0.0,0.0
2019-07-08,1.6732670068740845,1.6732670068740845,1.6534650325775146,1.6633659601211548,1.427179217338562,4310175,0.0,0.0
2019-07-09,1.6633659601211548,1.6831680536270142,1.6534650325775146,1.6633659601211548,1.427179217338562,5861030,0.0,0.0
2019-07-10,1.6633659601211548,1.6732670068740845,1.6534650325775146,1.6633659601211548,1.427179217338562,5112923,0.0,0.0
2019-07-11,1.6534650325775146,1.6633659601211548,1.6534650325775146,1.6534650325775146,1.4186838865280151,3478440,0.0,0.0
2019-07-12,1.6534650325775146,1.6633659601211548,1.643563985824585,1.6534650325775146,1.4186838865280151,6283210,0.0,0.0
2019-07-15,1.6534650325775146,1.6633659601211548,1.6534650325775146,1.6633659601211548,1.427179217338562,2652765,0.0,0.0
2019-07-16,1.6633659601211548,1.6633659601211548,1.643563985824585,1.6633659601211548,1.427179217338562,3688722,0.0,0.0
2019-07-17,1.6633659601211548,1.6633659601211548,1.643563985824585,1.6534650325775146,1.4186838865280151,4003842,0.0,0.0
2019-07-18,1.6534650325775146,1.6633659601211548,1.643563985824585,1.6633659601211548,1.427179217338562,4705893,0.0,0.0
2019-07-19,1.6633659601211548,1.6633659601211548,1.6534650325775146,1.6534650325775146,1.4186838865280151,1698214,0.0,0.0
2019-07-22,1.6534650325775146,1.6633659601211548,1.6336630582809448,1.6336630582809448,1.4016937017440796,4378148,0.0,0.0
2019-07-23,1.643563985824585,1.643563985824585,1.6237620115280151,1.6336630582809448,1.4016937017440796,4227961,0.0,0.0
2019-07-24,1.6336630582809448,1.643563985824585,1.6237620115280151,1.6336630582809448,1.4016937017440796,6311288,0.0,0.0
2019-07-25,1.6336630582809448,1.643563985824585,1.6336630582809448,1.643563985824585,1.410188913345337,3821436,0.0,0.0
2019-07-26,1.643563985824585,1.6633659601211548,1.643563985824585,1.6633659601211548,1.427179217338562,4176249,0.0,0.0
2019-07-29,1.6633659601211548,1.6633659601211548,1.643563985824585,1.643563985824585,1.410188913345337,3648625,0.0,0.0
2019-07-31,1.643563985824585,1.6534650325775146,1.6237620115280151,1.643563985824585,1.410188913345337,5652263,0.0,0.0
2019-08-01,1.643563985824585,1.6534650325775146,1.6237620115280151,1.6336630582809448,1.4016937017440796,6976373,0.0,0.0
2019-08-02,1.6336630582809448,1.6336630582809448,1.6039600372314453,1.6138609647750854,1.3847033977508545,3402084,0.0,0.0
2019-08-05,1.6039600372314453,1.6138609647750854,1.5742570161819458,1.5742570161819458,1.3507229089736938,4284218,0.0,0.0
2019-08-06,1.5643559694290161,1.6039600372314453,1.5346529483795166,1.6039600372314453,1.3762083053588867,5102116,0.0,0.0
2019-08-07,1.6039600372314453,1.6039600372314453,1.5940589904785156,1.5940589904785156,1.3677129745483398,1406021,0.0,0.0
2019-08-08,1.6039600372314453,1.6138609647750854,1.5940589904785156,1.6039600372314453,1.3762083053588867,2229171,0.0,0.0
2019-08-09,1.6039600372314453,1.6237620115280151,1.584157943725586,1.584157943725586,1.3592180013656616,7861133,0.0,0.0
2019-08-13,1.584157943725586,1.6237620115280151,1.554455041885376,1.6237620115280151,1.3931986093521118,3169784,0.0,0.0
2019-08-14,1.6138609647750854,1.6237620115280151,1.5742570161819458,1.5742570161819458,1.3507229089736938,5327548,0.0,0.0
2019-08-15,1.5445539951324463,1.584157943725586,1.5445539951324463,1.5643559694290161,1.342227816581726,3421981,0.0,0.0
2019-08-16,1.5742570161819458,1.584157943725586,1.5742570161819458,1.584157943725586,1.3592180013656616,2901023,0.0,0.0
2019-08-19,1.584157943725586,1.5940589904785156,1.554455041885376,1.584157943725586,1.3592180013656616,7154739,0.0,0.0
2019-08-20,1.5742570161819458,1.5940589904785156,1.5742570161819458,1.584157943725586,1.3592180013656616,2015152,0.0,0.0
2019-08-21,1.5742570161819458,1.5940589904785156,1.5742570161819458,1.584157943725586,1.3592180013656616,1322999,0.0,0.0
2019-08-22,1.584157943725586,1.5940589904785156,1.5742570161819458,1.5940589904785156,1.3677129745483398,2948695,0.0,0.0
2019-08-23,1.584157943725586,1.6336630582809448,1.5742570161819458,1.6237620115280151,1.3931986093521118,2578934,0.0,0.0
2019-08-26,1.6039600372314453,1.6039600372314453,1.5940589904785156,1.6039600372314453,1.3762083053588867,1001617,0.0,0.0
2019-08-27,1.5940589904785156,1.6039600372314453,1.554455041885376,1.554455041885376,1.3337326049804688,4285329,0.0,0.0
2019-08-28,1.5742570161819458,1.6039600372314453,1.5742570161819458,1.5940589904785156,1.3677129745483398,5235638,0.0,0.0
2019-08-29,1.6039600372314453,1.6138609647750854,1.584157943725586,1.6039600372314453,1.3762083053588867,3772956,0.0,0.0
2019-08-30,1.6039600372314453,1.6336630582809448,1.5940589904785156,1.6336630582809448,1.4016937017440796,1367843,0.0,0.0
2019-09-03,1.6138609647750854,1.6336630582809448,1.5940589904785156,1.6138609647750854,1.3847033977508545,4629234,0.0,0.0
2019-09-04,1.6138609647750854,1.6336630582809448,1.5940589904785156,1.5940589904785156,1.3677129745483398,2095043,0.0,0.0
2019-09-05,1.5940589904785156,1.6138609647750854,1.5940589904785156,1.6138609647750854,1.3847033977508545,3721446,0.0,0.0
2019-09-06,1.6237620115280151,1.6237620115280151,1.6039600372314453,1.6237620115280151,1.3931986093521118,3645292,0.0,0.0
2019-09-10,1.6138609647750854,1.6336630582809448,1.6039600372314453,1.6237620115280151,1.3931986093521118,4332597,0.0,0.0
2019-09-11,1.6138609647750854,1.6237620115280151,1.5940589904785156,1.6138609647750854,1.3847033977508545,4594086,0.0,0.0
2019-09-12,1.6138609647750854,1.6336630582809448,1.6039600372314453,1.6237620115280151,1.3931986093521118,2906679,0.0,0.0
2019-09-13,1.6237620115280151,1.6336630582809448,1.6138609647750854,1.6237620115280151,1.3931986093521118,1471570,0.0,0.0
2019-09-17,1.6237620115280151,1.6336630582809448,1.6039600372314453,1.6336630582809448,1.4016937017440796,4028688,0.0,0.0
2019-09-18,1.6237620115280151,1.6336630582809448,1.6138609647750854,1.6237620115280151,1.3931986093521118,4448343,0.0,0.0
2019-09-19,1.6237620115280151,1.6336630582809448,1.6138609647750854,1.6336630582809448,1.4016937017440796,3863149,0.0,0.0
2019-09-20,1.6336630582809448,1.6732670068740845,1.6237620115280151,1.6732670068740845,1.4356741905212402,6060202,0.0,0.0
2019-09-23,1.6633659601211548,1.6732670068740845,1.643563985824585,1.6732670068740845,1.4356741905212402,1964854,0.0,0.0
2019-09-24,1.6732670068740845,1.6930689811706543,1.6633659601211548,1.6732670068740845,1.4356741905212402,3242706,0.0,0.0
2019-09-25,1.6732670068740845,1.7227720022201538,1.6633659601211548,1.7227720022201538,1.4781497716903687,3835778,0.0,0.0
2019-09-26,1.702970027923584,1.702970027923584,1.6732670068740845,1.6831680536270142,1.4695056676864624,3609033,0.029703,0.0
2019-09-27,1.6831680536270142,1.6930689811706543,1.6633659601211548,1.6633659601211548,1.4522172212600708,2902841,0.0,0.0
2019-09-30,1.6633659601211548,1.702970027923584,1.6534650325775146,1.702970027923584,1.486793875694275,3494760,0.0,0.0
2019-10-01,1.7000000476837158,1.7100000381469727,1.6799999475479126,1.7000000476837158,1.4842010736465454,5265000,0.0,1.01
2019-10-02,1.7000000476837158,1.7200000286102295,1.690000057220459,1.7000000476837158,1.4842010736465454,3686300,0.0,0.0
2019-10-03,1.690000057220459,1.7100000381469727,1.6799999475479126,1.690000057220459,1.4754704236984253,2335500,0.0,0.0
2019-10-04,1.690000057220459,1.690000057220459,1.6799999475479126,1.690000057220459,1.4754704236984253,6251800,0.0,0.0
2019-10-07,1.690000057220459,1.690000057220459,1.6799999475479126,1.690000057220459,1.4754704236984253,2059700,0.0,0.0
2019-10-08,1.6799999475479126,1.690000057220459,1.6699999570846558,1.6799999475479126,1.4667396545410156,5024900,0.0,0.0
2019-10-09,1.6799999475479126,1.7000000476837158,1.6699999570846558,1.690000057220459,1.4754704236984253,4543300,0.0,0.0
2019-10-10,1.7000000476837158,1.7000000476837158,1.6799999475479126,1.690000057220459,1.4754704236984253,3094200,0.0,0.0
2019-10-11,1.7000000476837158,1.7000000476837158,1.6699999570846558,1.6799999475479126,1.4667396545410156,5410700,0.0,0.0
2019-10-14,1.690000057220459,1.7000000476837158,1.6799999475479126,1.6799999475479126,1.4667396545410156,4513700,0.0,0.0
2019-10-15,1.6799999475479126,1.690000057220459,1.6699999570846558,1.690000057220459,1.4754704236984253,3819900,0.0,0.0
2019-10-16,1.690000057220459,1.7000000476837158,1.6799999475479126,1.690000057220459,1.4754704236984253,4628900,0.0,0.0
2019-10-17,1.690000057220459,1.7200000286102295,1.6799999475479126,1.690000057220459,1.4754704236984253,10198100,0.0,0.0
2019-10-18,1.7000000476837158,1.7100000381469727,1.6799999475479126,1.7100000381469727,1.492931604385376,4191600,0.0,0.0
2019-10-21,1.7000000476837158,1.7100000381469727,1.6799999475479126,1.690000057220459,1.4754704236984253,3634100,0.0,0.0
2019-10-22,1.6799999475479126,1.7000000476837158,1.6799999475479126,1.690000057220459,1.4754704236984253,1960700,0.0,0.0
2019-10-23,1.690000057220459,1.690000057220459,1.6699999570846558,1.6699999570846558,1.4580093622207642,2388300,0.0,0.0
2019-10-24,1.6799999475479126,1.690000057220459,1.6699999570846558,1.690000057220459,1.4754704236984253,7909400,0.0,0.0
2019-10-25,1.690000057220459,1.7200000286102295,1.6699999570846558,1.690000057220459,1.4754704236984253,5820000,0.0,0.0
2019-10-29,1.690000057220459,1.7200000286102295,1.690000057220459,1.7000000476837158,1.4842010736465454,2373200,0.0,0.0
2019-10-30,1.690000057220459,1.7100000381469727,1.690000057220459,1.690000057220459,1.4754704236984253,667100,0.0,0.0
2019-10-31,1.7000000476837158,1.7100000381469727,1.690000057220459,1.7000000476837158,1.4842010736465454,6329600,0.0,0.0
2019-11-01,1.7000000476837158,1.7000000476837158,1.690000057220459,1.690000057220459,1.4754704236984253,1203100,0.0,0.0
2019-11-04,1.7000000476837158,1.7100000381469727,1.690000057220459,1.690000057220459,1.4754704236984253,3096100,0.0,0.0
2019-11-05,1.7000000476837158,1.7100000381469727,1.690000057220459,1.7000000476837158,1.4842010736465454,3607300,0.0,0.0
2019-11-06,1.7000000476837158,1.7999999523162842,1.7000000476837158,1.7999999523162842,1.5715069770812988,5338900,0.0,0.0
2019-11-07,1.7899999618530273,1.809999942779541,1.7599999904632568,1.7999999523162842,1.5715069770812988,5239600,0.0,0.0
2019-11-08,1.7999999523162842,1.7999999523162842,1.7599999904632568,1.7599999904632568,1.536584734916687,3560600,0.0,0.0
2019-11-11,1.7599999904632568,1.7999999523162842,1.7599999904632568,1.7999999523162842,1.5715069770812988,3068900,0.0,0.0
2019-11-12,1.7999999523162842,1.840000033378601,1.7999999523162842,1.8200000524520874,1.5889681577682495,3443600,0.0,0.0
2019-11-13,1.8200000524520874,1.8300000429153442,1.7799999713897705,1.7899999618530273,1.5627764463424683,1833300,0.0,0.0
2019-11-14,1.7899999618530273,1.7999999523162842,1.7699999809265137,1.7799999713897705,1.5540456771850586,2941900,0.0,0.0
2019-11-15,1.7799999713897705,1.7999999523162842,1.7699999809265137,1.7699999809265137,1.5453150272369385,3105200,0.0,0.0
2019-11-18,1.7799999713897705,1.7899999618530273,1.7599999904632568,1.7599999904632568,1.536584734916687,1739500,0.0,0.0
2019-11-19,1.75,1.7699999809265137,1.7400000095367432,1.75,1.527854084968567,3171700,0.0,0.0
2019-11-20,1.75,1.7799999713897705,1.7400000095367432,1.7799999713897705,1.5540456771850586,608700,0.0,0.0
2019-11-21,1.7799999713897705,1.7799999713897705,1.7599999904632568,1.7699999809265137,1.5453150272369385,1701400,0.0,0.0
2019-11-22,1.7799999713897705,1.7899999618530273,1.7699999809265137,1.7799999713897705,1.5540456771850586,2823200,0.0,0.0
2019-11-25,1.7799999713897705,1.7899999618530273,1.7599999904632568,1.7699999809265137,1.5453150272369385,915400,0.0,0.0
2019-11-26,1.7699999809265137,1.7899999618530273,1.75,1.7899999618530273,1.5627764463424683,5326300,0.0,0.0
2019-11-27,1.7899999618530273,1.7899999618530273,1.75,1.7799999713897705,1.5540456771850586,2611200,0.0,0.0
2019-11-28,1.7699999809265137,1.7799999713897705,1.7599999904632568,1.7699999809265137,1.5453150272369385,1914700,0.0,0.0
2019-11-29,1.7699999809265137,1.7799999713897705,1.7300000190734863,1.7599999904632568,1.536584734916687,2142900,0.0,0.0
2019-12-02,1.7599999904632568,1.7699999809265137,1.7599999904632568,1.7699999809265137,1.5453150272369385,424500,0.0,0.0
2019-12-03,1.7599999904632568,1.7699999809265137,1.75,1.7599999904632568,1.536584734916687,2317800,0.0,0.0
2019-12-04,1.7599999904632568,1.7799999713897705,1.75,1.7599999904632568,1.536584734916687,1649400,0.0,0.0
2019-12-05,1.7699999809265137,1.7799999713897705,1.7599999904632568,1.7799999713897705,1.5540456771850586,1542300,0.0,0.0
2019-12-06,1.7799999713897705,1.7899999618530273,1.7699999809265137,1.7699999809265137,1.5453150272369385,1677600,0.0,0.0
2019-12-09,1.7799999713897705,1.7799999713897705,1.75,1.7599999904632568,1.536584734916687,3469800,0.0,0.0
2019-12-10,1.7599999904632568,1.7699999809265137,1.7400000095367432,1.7599999904632568,1.536584734916687,4325500,0.0,0.0
2019-12-11,1.7599999904632568,1.7799999713897705,1.75,1.7599999904632568,1.536584734916687,3417000,0.0,0.0
2019-12-12,1.7599999904632568,1.7799999713897705,1.7599999904632568,1.7699999809265137,1.5453150272369385,3836800,0.0,0.0
2019-12-13,1.7799999713897705,1.7899999618530273,1.7699999809265137,1.7899999618530273,1.5627764463424683,3684400,0.0,0.0
2019-12-16,1.7899999618530273,1.8200000524520874,1.7899999618530273,1.8200000524520874,1.5889681577682495,1882200,0.0,0.0
2019-12-17,1.8300000429153442,1.8300000429153442,1.7599999904632568,1.7999999523162842,1.5715069770812988,5777700,0.0,0.0
2019-12-18,1.7999999523162842,1.7999999523162842,1.7899999618530273,1.7999999523162842,1.5715069770812988,1287000,0.0,0.0
2019-12-19,1.7999999523162842,1.7999999523162842,1.7799999713897705,1.7899999618530273,1.5627764463424683,1906000,0.0,0.0
2019-12-20,1.7899999618530273,1.809999942779541,1.7799999713897705,1.7999999523162842,1.5715069770812988,3743000,0.0,0.0
2019-12-23,1.7999999523162842,1.809999942779541,1.7899999618530273,1.7999999523162842,1.5715069770812988,3255300,0.0,0.0
2019-12-24,1.7899999618530273,1.809999942779541,1.7899999618530273,1.809999942779541,1.5802375078201294,1644400,0.0,0.0
2019-12-26,1.7999999523162842,1.8200000524520874,1.7899999618530273,1.8200000524520874,1.5889681577682495,1628400,0.0,0.0
2019-12-27,1.8200000524520874,1.8200000524520874,1.7899999618530273,1.809999942779541,1.5802375078201294,3420400,0.0,0.0
2019-12-30,1.809999942779541,1.8200000524520874,1.7899999618530273,1.7999999523162842,1.5715069770812988,2223500,0.0,0.0
2019-12-31,1.7899999618530273,1.809999942779541,1.7899999618530273,1.7999999523162842,1.5715069770812988,5052400,0.0,0.0
2020-01-02,1.7999999523162842,1.8200000524520874,1.7999999523162842,1.8200000524520874,1.5889681577682495,2795300,0.0,0.0
2020-01-03,1.809999942779541,1.840000033378601,1.7999999523162842,1.8300000429153442,1.59769868850708,1740500,0.0,0.0
2020-01-06,1.8300000429153442,1.850000023841858,1.809999942779541,1.840000033378601,1.6064293384552002,2099600,0.0,0.0
2020-01-07,1.850000023841858,1.8700000047683716,1.840000033378601,1.850000023841858,1.6151599884033203,3456600,0.0,0.0
2020-01-08,1.8600000143051147,1.8600000143051147,1.809999942779541,1.8300000429153442,1.59769868850708,3459000,0.0,0.0
2020-01-09,1.840000033378601,1.850000023841858,1.8300000429153442,1.8300000429153442,1.59769868850708,1943100,0.0,0.0
2020-01-10,1.8200000524520874,1.8300000429153442,1.809999942779541,1.8300000429153442,1.59769868850708,2284300,0.0,0.0
2020-01-13,1.8300000429153442,1.8300000429153442,1.8200000524520874,1.8200000524520874,1.5889681577682495,1785600,0.0,0.0
2020-01-14,1.8300000429153442,1.8300000429153442,1.7999999523162842,1.809999942779541,1.5802375078201294,2747900,0.0,0.0
2020-01-15,1.8200000524520874,1.8300000429153442,1.7999999523162842,1.7999999523162842,1.5715069770812988,2504600,0.0,0.0
2020-01-16,1.7999999523162842,1.8300000429153442,1.7899999618530273,1.8200000524520874,1.5889681577682495,2682600,0.0,0.0
2020-01-17,1.8300000429153442,1.8300000429153442,1.7999999523162842,1.7999999523162842,1.5715069770812988,1899700,0.0,0.0
2020-01-20,1.7999999523162842,1.809999942779541,1.7899999618530273,1.7999999523162842,1.5715069770812988,3272400,0.0,0.0
2020-01-21,1.7999999523162842,1.809999942779541,1.7899999618530273,1.7999999523162842,1.5715069770812988,2178500,0.0,0.0
2020-01-22,1.7999999523162842,1.809999942779541,1.7899999618530273,1.7999999523162842,1.5715069770812988,3235500,0.0,0.0
2020-01-23,1.7999999523162842,1.7999999523162842,1.7799999713897705,1.7999999523162842,1.5715069770812988,2834500,0.0,0.0
2020-01-24,1.7899999618530273,1.7999999523162842,1.7699999809265137,1.7999999523162842,1.5715069770812988,1403200,0.0,0.0
2020-01-28,1.7799999713897705,1.7899999618530273,1.75,1.75,1.527854084968567,2866100,0.0,0.0
2020-01-29,1.7599999904632568,1.7999999523162842,1.75,1.7999999523162842,1.5715069770812988,5285700,0.0,0.0
2020-01-30,1.7999999523162842,1.7999999523162842,1.7699999809265137,1.7999999523162842,1.5715069770812988,3098700,0.0,0.0
2020-01-31,1.7999999523162842,1.7999999523162842,1.7799999713897705,1.7999999523162842,1.5715069770812988,3158100,0.0,0.0
2020-02-03,1.7799999713897705,1.7899999618530273,1.7699999809265137,1.7899999618530273,1.5627764463424683,6468900,0.0,0.0
2020-02-04,1.7899999618530273,1.7999999523162842,1.7699999809265137,1.7799999713897705,1.5540456771850586,3931100,0.0,0.0
2020-02-05,1.7799999713897705,1.809999942779541,1.7699999809265137,1.7999999523162842,1.5715069770812988,3522400,0.0,0.0
2020-02-06,1.7999999523162842,1.7999999523162842,1.7799999713897705,1.7799999713897705,1.5540456771850586,1567900,0.0,0.0
2020-02-07,1.7799999713897705,1.7999999523162842,1.7799999713897705,1.7799999713897705,1.5540456771850586,2078900,0.0,0.0
2020-02-10,1.7799999713897705,1.7999999523162842,1.7599999904632568,1.7599999904632568,1.536584734916687,4080000,0.0,0.0
2020-02-11,1.7599999904632568,1.7799999713897705,1.75,1.7799999713897705,1.5540456771850586,4356200,0.0,0.0
2020-02-12,1.7799999713897705,1.7899999618530273,1.7699999809265137,1.7699999809265137,1.5453150272369385,9364400,0.0,0.0
2020-02-13,1.7599999904632568,1.7999999523162842,1.7599999904632568,1.7899999618530273,1.5627764463424683,8172300,0.0,0.0
2020-02-14,1.7999999523162842,1.809999942779541,1.7899999618530273,1.7999999523162842,1.5715069770812988,3714700,0.0,0.0
2020-02-17,1.7999999523162842,1.8300000429153442,1.7899999618530273,1.7999999523162842,1.5715069770812988,4976200,0.0,0.0
2020-02-18,1.7999999523162842,1.809999942779541,1.7899999618530273,1.7899999618530273,1.5627764463424683,2448500,0.0,0.0
2020-02-19,1.7899999618530273,1.809999942779541,1.7799999713897705,1.7899999618530273,1.5627764463424683,1947400,0.0,0.0
2020-02-20,1.7999999523162842,1.8300000429153442,1.7899999618530273,1.809999942779541,1.5802375078201294,4829500,0.0,0.0
2020-02-21,1.8200000524520874,1.8300000429153442,1.7899999618530273,1.8300000429153442,1.59769868850708,2905500,0.0,0.0
2020-02-24,1.809999942779541,1.809999942779541,1.7400000095367432,1.75,1.527854084968567,8685700,0.0,0.0
2020-02-25,1.7300000190734863,1.7799999713897705,1.7300000190734863,1.7799999713897705,1.5540456771850586,3841300,0.0,0.0
2020-02-26,1.7699999809265137,1.7999999523162842,1.7599999904632568,1.7899999618530273,1.5627764463424683,4027500,0.0,0.0
2020-02-27,1.7899999618530273,1.7999999523162842,1.7899999618530273,1.7899999618530273,1.5627764463424683,1384700,0.0,0.0
2020-02-28,1.7799999713897705,1.7899999618530273,1.75,1.7699999809265137,1.5453150272369385,7335900,0.0,0.0
2020-03-02,1.75,1.75,1.7100000381469727,1.7100000381469727,1.492931604385376,6498800,0.0,0.0
2020-03-03,1.7300000190734863,1.7400000095367432,1.7100000381469727,1.7200000286102295,1.501662254333496,7946400,0.0,0.0
2020-03-04,1.7100000381469727,1.7799999713897705,1.7100000381469727,1.75,1.527854084968567,3155200,0.0,0.0
2020-03-05,1.75,1.7799999713897705,1.75,1.7699999809265137,1.5453150272369385,2754100,0.0,0.0
2020-03-06,1.7699999809265137,1.7799999713897705,1.7599999904632568,1.7699999809265137,1.5453150272369385,2139200,0.0,0.0
2020-03-09,1.75,1.7599999904632568,1.7200000286102295,1.7400000095367432,1.5191233158111572,5770200,0.0,0.0
2020-03-10,1.7200000286102295,1.75,1.7100000381469727,1.7400000095367432,1.5191233158111572,6336900,0.0,0.0
2020-03-11,1.7400000095367432,1.7599999904632568,1.7300000190734863,1.75,1.527854084968567,2781600,0.0,0.0
2020-03-12,1.7400000095367432,1.7400000095367432,1.600000023841858,1.6200000047683716,1.4143563508987427,9942800,0.0,0.0
2020-03-13,1.5099999904632568,1.5099999904632568,1.399999976158142,1.4500000476837158,1.2659361362457275,22568600,0.0,0.0
2020-03-16,1.4500000476837158,1.4600000381469727,1.399999976158142,1.409999966621399,1.2310138940811157,4611000,0.0,0.0
2020-03-17,1.350000023841858,1.5399999618530273,1.2999999523162842,1.4199999570846558,1.2397443056106567,5450200,0.0,0.0
2020-03-18,1.440000057220459,1.4600000381469727,1.3600000143051147,1.3899999856948853,1.2135525941848755,5793400,0.0,0.0
2020-03-19,1.3700000047683716,1.3700000047683716,1.25,1.2999999523162842,1.1349772214889526,13203500,0.0,0.0
2020-03-20,1.2899999618530273,1.4299999475479126,1.2899999618530273,1.4299999475479126,1.2484749555587769,10028200,0.0,0.0
2020-03-23,1.350000023841858,1.4700000286102295,1.3300000429153442,1.409999966621399,1.2310138940811157,3825600,0.0,0.0
2020-03-24,1.4199999570846558,1.4600000381469727,1.409999966621399,1.440000057220459,1.257205605506897,1701300,0.0,0.0
2020-03-25,1.4500000476837158,1.5299999713897705,1.440000057220459,1.5199999809265137,1.3698583841323853,7481200,0.045,0.0
2020-03-26,1.5099999904632568,1.600000023841858,1.4800000190734863,1.5800000429153442,1.4239317178726196,3634300,0.0,0.0
2020-03-27,1.590000033378601,1.6200000047683716,1.5499999523162842,1.559999942779541,1.4059070348739624,5075600,0.0,0.0
2020-03-30,1.5199999809265137,1.6100000143051147,1.5,1.5700000524520874,1.4149194955825806,3602400,0.0,0.0
2020-03-31,1.5800000429153442,1.590000033378601,1.5499999523162842,1.5499999523162842,1.396895170211792,3356400,0.0,0.0
2020-04-01,1.5499999523162842,1.5800000429153442,1.5299999713897705,1.559999942779541,1.4059070348739624,2332900,0.0,0.0
2020-04-02,1.5700000524520874,1.5800000429153442,1.5499999523162842,1.559999942779541,1.4059070348739624,1504800,0.0,0.0
2020-04-03,1.559999942779541,1.5800000429153442,1.5499999523162842,1.559999942779541,1.4059070348739624,1602900,0.0,0.0
2020-04-06,1.5700000524520874,1.590000033378601,1.559999942779541,1.5800000429153442,1.4239317178726196,1048100,0.0,0.0
2020-04-07,1.5800000429153442,1.600000023841858,1.5700000524520874,1.5700000524520874,1.4149194955825806,2688000,0.0,0.0
2020-04-08,1.559999942779541,1.5800000429153442,1.559999942779541,1.5700000524520874,1.4149194955825806,1965900,0.0,0.0
2020-04-09,1.5800000429153442,1.590000033378601,1.559999942779541,1.5700000524520874,1.4149194955825806,1992700,0.0,0.0
2020-04-10,1.5800000429153442,1.5800000429153442,1.559999942779541,1.5700000524520874,1.4149194955825806,646400,0.0,0.0
2020-04-13,1.5700000524520874,1.5800000429153442,1.559999942779541,1.5700000524520874,1.4149194955825806,1041100,0.0,0.0
2020-04-14,1.5800000429153442,1.600000023841858,1.5700000524520874,1.5800000429153442,1.4239317178726196,4801600,0.0,0.0
2020-04-15,1.600000023841858,1.6100000143051147,1.590000033378601,1.600000023841858,1.4419561624526978,2382100,0.0,0.0
2020-04-16,1.590000033378601,1.6200000047683716,1.590000033378601,1.600000023841858,1.4419561624526978,4256700,0.0,0.0
2020-04-17,1.6100000143051147,1.649999976158142,1.600000023841858,1.6100000143051147,1.4509683847427368,2428500,0.0,0.0
2020-04-20,1.6200000047683716,1.659999966621399,1.6100000143051147,1.6200000047683716,1.4599806070327759,4894300,0.0,0.0
2020-04-21,1.6200000047683716,1.6200000047683716,1.5800000429153442,1.5800000429153442,1.4239317178726196,3894100,0.0,0.0
2020-04-22,1.5800000429153442,1.600000023841858,1.5399999618530273,1.600000023841858,1.4419561624526978,3750600,0.0,0.0
2020-04-23,1.600000023841858,1.6100000143051147,1.5800000429153442,1.5800000429153442,1.4239317178726196,2675100,0.0,0.0
2020-04-24,1.590000033378601,1.600000023841858,1.559999942779541,1.590000033378601,1.4329440593719482,7389000,0.0,0.0
2020-04-27,1.6200000047683716,1.6200000047683716,1.5299999713897705,1.5499999523162842,1.396895170211792,10261100,0.0,0.0
2020-04-28,1.5499999523162842,1.5800000429153442,1.5399999618530273,1.559999942779541,1.4059070348739624,5243700,0.0,0.0
2020-04-29,1.559999942779541,1.5700000524520874,1.5399999618530273,1.5499999523162842,1.396895170211792,3299300,0.0,0.0
2020-04-30,1.5700000524520874,1.590000033378601,1.559999942779541,1.5700000524520874,1.4149194955825806,5229200,0.0,0.0
2020-05-04,1.559999942779541,1.5700000524520874,1.5399999618530273,1.559999942779541,1.4059070348739624,2543900,0.0,0.0
2020-05-05,1.5700000524520874,1.5700000524520874,1.5399999618530273,1.5499999523162842,1.396895170211792,8378400,0.0,0.0
2020-05-06,1.559999942779541,1.5700000524520874,1.5499999523162842,1.5499999523162842,1.396895170211792,2009400,0.0,0.0
2020-05-08,1.559999942779541,1.600000023841858,1.559999942779541,1.5800000429153442,1.4239317178726196,3792600,0.0,0.0
2020-05-12,1.590000033378601,1.590000033378601,1.5700000524520874,1.5700000524520874,1.4149194955825806,1009100,0.0,0.0
2020-05-13,1.5700000524520874,1.5800000429153442,1.5399999618530273,1.5800000429153442,1.4239317178726196,3968400,0.0,0.0
2020-05-14,1.559999942779541,1.590000033378601,1.5499999523162842,1.5700000524520874,1.4149194955825806,1667500,0.0,0.0
2020-05-15,1.5800000429153442,1.5800000429153442,1.559999942779541,1.559999942779541,1.4059070348739624,3505100,0.0,0.0
2020-05-18,1.5499999523162842,1.5800000429153442,1.5499999523162842,1.559999942779541,1.4059070348739624,8617000,0.0,0.0
2020-05-19,1.5700000524520874,1.6100000143051147,1.5700000524520874,1.590000033378601,1.4329440593719482,1960300,0.0,0.0
2020-05-20,1.600000023841858,1.6200000047683716,1.5800000429153442,1.5800000429153442,1.4239317178726196,6341300,0.0,0.0
2020-05-21,1.590000033378601,1.590000033378601,1.5499999523162842,1.559999942779541,1.4059070348739624,6544200,0.0,0.0
2020-05-22,1.559999942779541,1.5700000524520874,1.5,1.5299999713897705,1.3788706064224243,7200700,0.0,0.0
2020-05-27,1.5299999713897705,1.5399999618530273,1.5,1.5099999904632568,1.3608460426330566,7224900,0.0,0.0
2020-05-28,1.4800000190734863,1.4900000095367432,1.4299999475479126,1.4299999475479126,1.2887482643127441,7633100,0.0,0.0
2020-05-29,1.4299999475479126,1.440000057220459,1.340000033378601,1.340000033378601,1.2076382637023926,33526000,0.0,0.0
2020-06-02,1.340000033378601,1.340000033378601,1.340000033378601,1.340000033378601,1.2076382637023926,0,0.0,0.0
2020-06-03,1.4700000286102295,1.5,1.4299999475479126,1.4600000381469727,1.3157850503921509,6202600,0.0,0.0
2020-06-04,1.4600000381469727,1.5099999904632568,1.4299999475479126,1.4299999475479126,1.2887482643127441,9985600,0.0,0.0
2020-06-05,1.440000057220459,1.440000057220459,1.409999966621399,1.4199999570846558,1.2797361612319946,6918400,0.0,0.0
2020-06-09,1.440000057220459,1.4700000286102295,1.399999976158142,1.399999976158142,1.261711597442627,12132500,0.0,0.0
2020-06-10,1.409999966621399,1.4500000476837158,1.409999966621399,1.4199999570846558,1.2797361612319946,7205000,0.0,0.0
2020-06-11,1.4299999475479126,1.4500000476837158,1.4199999570846558,1.4199999570846558,1.2797361612319946,7750800,0.0,0.0
2020-06-12,1.399999976158142,1.4299999475479126,1.3799999952316284,1.409999966621399,1.270723819732666,4839400,0.0,0.0
2020-06-15,1.4199999570846558,1.4199999570846558,1.3799999952316284,1.3899999856948853,1.2526991367340088,4622800,0.0,0.0
2020-06-16,1.399999976158142,1.4199999570846558,1.3899999856948853,1.3899999856948853,1.2526991367340088,4331100,0.0,0.0
2020-06-17,1.3899999856948853,1.399999976158142,1.3799999952316284,1.399999976158142,1.261711597442627,2885600,0.0,0.0
2020-06-18,1.399999976158142,1.399999976158142,1.3799999952316284,1.3799999952316284,1.243687391281128,1562800,0.0,0.0
2020-06-19,1.3899999856948853,1.409999966621399,1.3700000047683716,1.3700000047683716,1.2346750497817993,6238600,0.0,0.0
2020-06-22,1.3799999952316284,1.3899999856948853,1.3700000047683716,1.3799999952316284,1.243687391281128,1497800,0.0,0.0
2020-06-23,1.3899999856948853,1.3899999856948853,1.3700000047683716,1.3899999856948853,1.2526991367340088,2796900,0.0,0.0
2020-06-24,1.3899999856948853,1.409999966621399,1.3799999952316284,1.3799999952316284,1.243687391281128,7718500,0.0,0.0
2020-06-25,1.3899999856948853,1.3899999856948853,1.350000023841858,1.350000023841858,1.2166507244110107,15594400,0.0,0.0
2020-06-26,1.3600000143051147,1.3799999952316284,1.350000023841858,1.3600000143051147,1.2256627082824707,2299600,0.0,0.0
2020-06-29,1.3700000047683716,1.3799999952316284,1.350000023841858,1.3600000143051147,1.2256627082824707,3608300,0.0,0.0
2020-06-30,1.3700000047683716,1.4199999570846558,1.3600000143051147,1.3700000047683716,1.2346750497817993,16589100,0.0,0.0
2020-07-01,1.3799999952316284,1.399999976158142,1.3700000047683716,1.399999976158142,1.261711597442627,7600900,0.0,0.0
2020-07-02,1.399999976158142,1.4199999570846558,1.3899999856948853,1.399999976158142,1.261711597442627,3725500,0.0,0.0
2020-07-03,1.399999976158142,1.4299999475479126,1.3899999856948853,1.4299999475479126,1.2887482643127441,2579000,0.0,0.0
2020-07-06,1.4299999475479126,1.4700000286102295,1.4199999570846558,1.4500000476837158,1.3067729473114014,5525200,0.0,0.0
2020-07-07,1.4500000476837158,1.4500000476837158,1.399999976158142,1.399999976158142,1.261711597442627,3664800,0.0,0.0
2020-07-08,1.399999976158142,1.4199999570846558,1.3899999856948853,1.3899999856948853,1.2526991367340088,3009900,0.0,0.0
2020-07-09,1.399999976158142,1.409999966621399,1.3799999952316284,1.3799999952316284,1.243687391281128,2413600,0.0,0.0
2020-07-10,1.399999976158142,1.409999966621399,1.3799999952316284,1.3799999952316284,1.243687391281128,3948600,0.0,0.0
2020-07-13,1.399999976158142,1.399999976158142,1.3799999952316284,1.3899999856948853,1.2526991367340088,1827300,0.0,0.0
2020-07-14,1.3899999856948853,1.399999976158142,1.3700000047683716,1.3799999952316284,1.243687391281128,4892400,0.0,0.0
2020-07-15,1.3899999856948853,1.3899999856948853,1.3700000047683716,1.3700000047683716,1.2346750497817993,2469600,0.0,0.0
2020-07-16,1.3799999952316284,1.3799999952316284,1.3600000143051147,1.3600000143051147,1.2256627082824707,3193900,0.0,0.0
2020-07-17,1.3700000047683716,1.3799999952316284,1.3600000143051147,1.3600000143051147,1.2256627082824707,2845300,0.0,0.0
2020-07-20,1.3700000047683716,1.3700000047683716,1.350000023841858,1.3600000143051147,1.2256627082824707,4980600,0.0,0.0
2020-07-21,1.3700000047683716,1.3799999952316284,1.350000023841858,1.3700000047683716,1.2346750497817993,3664500,0.0,0.0
2020-07-22,1.3700000047683716,1.3700000047683716,1.3600000143051147,1.3600000143051147,1.2256627082824707,2642700,0.0,0.0
2020-07-23,1.3700000047683716,1.3700000047683716,1.3600000143051147,1.3700000047683716,1.2346750497817993,3807500,0.0,0.0
2020-07-24,1.3700000047683716,1.3700000047683716,1.3600000143051147,1.3600000143051147,1.2256627082824707,2402500,0.0,0.0
2020-07-27,1.3600000143051147,1.3799999952316284,1.350000023841858,1.3700000047683716,1.2346750497817993,3059800,0.0,0.0
2020-07-28,1.3700000047683716,1.3700000047683716,1.350000023841858,1.350000023841858,1.2166507244110107,5280100,0.0,0.0
2020-07-29,1.3600000143051147,1.3700000047683716,1.350000023841858,1.3600000143051147,1.2256627082824707,7375000,0.0,0.0
2020-07-30,1.3700000047683716,1.3700000047683716,1.350000023841858,1.350000023841858,1.2166507244110107,4275000,0.0,0.0
2020-08-03,1.3600000143051147,1.3600000143051147,1.3300000429153442,1.3300000429153442,1.198625922203064,4764400,0.0,0.0
2020-08-04,1.340000033378601,1.350000023841858,1.3300000429153442,1.340000033378601,1.2076382637023926,1132100,0.0,0.0
2020-08-05,1.340000033378601,1.340000033378601,1.2999999523162842,1.309999942779541,1.180601716041565,5261100,0.0,0.0
2020-08-06,1.309999942779541,1.309999942779541,1.2899999618530273,1.2999999523162842,1.1715893745422363,5810800,0.0,0.0
2020-08-07,1.309999942779541,1.3300000429153442,1.2999999523162842,1.2999999523162842,1.1715893745422363,2113200,0.0,0.0
2020-08-10,1.309999942779541,1.3200000524520874,1.2799999713897705,1.2899999618530273,1.1625770330429077,5281400,0.0,0.0
2020-08-11,1.2899999618530273,1.309999942779541,1.2899999618530273,1.2899999618530273,1.1625770330429077,2494600,0.0,0.0
2020-08-12,1.2999999523162842,1.2999999523162842,1.2799999713897705,1.2899999618530273,1.1625770330429077,3276400,0.0,0.0
2020-08-13,1.2999999523162842,1.3300000429153442,1.2999999523162842,1.3200000524520874,1.189613938331604,5059700,0.0,0.0
2020-08-14,1.3200000524520874,1.3300000429153442,1.2999999523162842,1.2999999523162842,1.1715893745422363,2781100,0.0,0.0
2020-08-17,1.309999942779541,1.3300000429153442,1.2999999523162842,1.2999999523162842,1.1715893745422363,2361800,0.0,0.0
2020-08-18,1.309999942779541,1.3300000429153442,1.2999999523162842,1.309999942779541,1.180601716041565,2677000,0.0,0.0
2020-08-19,1.3200000524520874,1.3300000429153442,1.309999942779541,1.309999942779541,1.180601716041565,1997100,0.0,0.0
2020-08-21,1.3200000524520874,1.350000023841858,1.3200000524520874,1.340000033378601,1.2076382637023926,1140400,0.0,0.0
2020-08-24,1.350000023841858,1.350000023841858,1.340000033378601,1.350000023841858,1.2166507244110107,2691900,0.0,0.0
2020-08-25,1.350000023841858,1.350000023841858,1.3300000429153442,1.340000033378601,1.2076382637023926,3094200,0.0,0.0
2020-08-26,1.340000033378601,1.3899999856948853,1.3300000429153442,1.3700000047683716,1.2346750497817993,5642000,0.0,0.0
2020-08-27,1.3700000047683716,1.409999966621399,1.3700000047683716,1.3899999856948853,1.2526991367340088,3857500,0.0,0.0
2020-08-28,1.399999976158142,1.4199999570846558,1.3899999856948853,1.399999976158142,1.261711597442627,2553800,0.0,0.0
2020-09-01,1.399999976158142,1.4299999475479126,1.399999976158142,1.4299999475479126,1.2887482643127441,3126500,0.0,0.0
2020-09-02,1.4299999475479126,1.4500000476837158,1.409999966621399,1.4299999475479126,1.2887482643127441,1842700,0.0,0.0
2020-09-03,1.4299999475479126,1.4299999475479126,1.3700000047683716,1.399999976158142,1.261711597442627,8839200,0.0,0.0
2020-09-04,1.3899999856948853,1.409999966621399,1.3799999952316284,1.3899999856948853,1.2526991367340088,2843600,0.0,0.0
2020-09-07,1.3899999856948853,1.4199999570846558,1.3799999952316284,1.4199999570846558,1.2797361612319946,1755400,0.0,0.0
2020-09-08,1.4199999570846558,1.4199999570846558,1.399999976158142,1.409999966621399,1.270723819732666,1374600,0.0,0.0
2020-09-09,1.399999976158142,1.409999966621399,1.3899999856948853,1.409999966621399,1.270723819732666,1556800,0.0,0.0
2020-09-10,1.399999976158142,1.4199999570846558,1.3899999856948853,1.3899999856948853,1.2526991367340088,2659400,0.0,0.0
2020-09-11,1.399999976158142,1.409999966621399,1.3899999856948853,1.409999966621399,1.270723819732666,1584100,0.0,0.0
2020-09-14,1.409999966621399,1.4199999570846558,1.399999976158142,1.409999966621399,1.270723819732666,1562500,0.0,0.0
2020-09-15,1.4199999570846558,1.4500000476837158,1.409999966621399,1.440000057220459,1.2977607250213623,3069900,0.0,0.0
2020-09-17,1.440000057220459,1.4500000476837158,1.399999976158142,1.399999976158142,1.261711597442627,2542600,0.0,0.0
2020-09-18,1.399999976158142,1.440000057220459,1.3899999856948853,1.4199999570846558,1.2797361612319946,2974400,0.0,0.0
2020-09-21,1.4199999570846558,1.4299999475479126,1.409999966621399,1.4199999570846558,1.2797361612319946,1838400,0.0,0.0
2020-09-22,1.4199999570846558,1.4299999475479126,1.399999976158142,1.409999966621399,1.270723819732666,2363100,0.0,0.0
2020-09-23,1.409999966621399,1.4299999475479126,1.399999976158142,1.409999966621399,1.270723819732666,5197800,0.0,0.0
2020-09-24,1.399999976158142,1.409999966621399,1.3700000047683716,1.3799999952316284,1.243687391281128,6164400,0.0,0.0
2020-09-25,1.3899999856948853,1.3899999856948853,1.3700000047683716,1.3899999856948853,1.2526991367340088,917000,0.0,0.0
2020-09-28,1.3799999952316284,1.3899999856948853,1.3700000047683716,1.3700000047683716,1.2346750497817993,1388000,0.0,0.0
2020-09-29,1.3799999952316284,1.3899999856948853,1.350000023841858,1.3899999856948853,1.2526991367340088,3501800,0.0,0.0
2020-09-30,1.3899999856948853,1.3899999856948853,1.3600000143051147,1.3700000047683716,1.2346750497817993,1704200,0.0,0.0
2020-10-01,1.3799999952316284,1.3799999952316284,1.3600000143051147,1.3700000047683716,1.2346750497817993,1905700,0.0,0.0
2020-10-02,1.3700000047683716,1.3799999952316284,1.350000023841858,1.3700000047683716,1.2346750497817993,2957100,0.0,0.0
2020-10-05,1.3799999952316284,1.3799999952316284,1.3600000143051147,1.3799999952316284,1.243687391281128,1529700,0.0,0.0
2020-10-06,1.3799999952316284,1.3799999952316284,1.3600000143051147,1.3799999952316284,1.243687391281128,2056800,0.0,0.0
2020-10-07,1.3799999952316284,1.399999976158142,1.3700000047683716,1.399999976158142,1.261711597442627,1448300,0.0,0.0
2020-10-08,1.399999976158142,1.399999976158142,1.3799999952316284,1.399999976158142,1.261711597442627,1049100,0.0,0.0
2020-10-09,1.399999976158142,1.399999976158142,1.3899999856948853,1.3899999856948853,1.2526991367340088,1729000,0.0,0.0
2020-10-12,1.3899999856948853,1.3899999856948853,1.3799999952316284,1.3899999856948853,1.2526991367340088,649600,0.0,0.0
2020-10-13,1.3799999952316284,1.3799999952316284,1.3700000047683716,1.3700000047683716,1.2346750497817993,1765500,0.0,0.0
2020-10-14,1.3799999952316284,1.3799999952316284,1.3600000143051147,1.3700000047683716,1.2346750497817993,3123100,0.0,0.0
2020-10-15,1.3700000047683716,1.3700000047683716,1.3600000143051147,1.3700000047683716,1.2346750497817993,2023700,0.0,0.0
2020-10-16,1.3700000047683716,1.3799999952316284,1.3600000143051147,1.3700000047683716,1.2346750497817993,945300,0.0,0.0
2020-10-19,1.3700000047683716,1.3799999952316284,1.3600000143051147,1.3799999952316284,1.243687391281128,4013400,0.0,0.0
2020-10-20,1.3799999952316284,1.3899999856948853,1.3700000047683716,1.3799999952316284,1.243687391281128,2630600,0.0,0.0
2020-10-21,1.3799999952316284,1.3799999952316284,1.3600000143051147,1.3799999952316284,1.243687391281128,2298400,0.0,0.0
2020-10-22,1.3799999952316284,1.3899999856948853,1.3700000047683716,1.3799999952316284,1.243687391281128,1620400,0.0,0.0
2020-10-23,1.3799999952316284,1.3799999952316284,1.3600000143051147,1.3799999952316284,1.243687391281128,3878000,0.0,0.0
2020-10-26,1.3799999952316284,1.3799999952316284,1.3600000143051147,1.3799999952316284,1.243687391281128,1637100,0.0,0.0
2020-10-27,1.3799999952316284,1.3799999952316284,1.350000023841858,1.350000023841858,1.2166507244110107,6940900,0.0,0.0
2020-10-28,1.350000023841858,1.3600000143051147,1.340000033378601,1.350000023841858,1.2166507244110107,3579700,0.0,0.0
2020-10-30,1.350000023841858,1.350000023841858,1.3300000429153442,1.340000033378601,1.2076382637023926,2200500,0.0,0.0
2020-11-02,1.350000023841858,1.350000023841858,1.3300000429153442,1.340000033378601,1.2076382637023926,2637500,0.0,0.0
2020-11-03,1.3300000429153442,1.350000023841858,1.3300000429153442,1.340000033378601,1.2076382637023926,1545700,0.0,0.0
2020-11-04,1.3300000429153442,1.350000023841858,1.309999942779541,1.3200000524520874,1.189613938331604,3943200,0.0,0.0
2020-11-05,1.2699999809265137,1.2899999618530273,1.25,1.25,1.1265283823013306,4804400,0.0,0.0
2020-11-06,1.2599999904632568,1.2899999618530273,1.2599999904632568,1.2799999713897705,1.1535648107528687,1901200,0.0,0.0
2020-11-09,1.2799999713897705,1.2899999618530273,1.2400000095367432,1.2400000095367432,1.1175158023834229,5261500,0.0,0.0
2020-11-10,1.25,1.2699999809265137,1.2400000095367432,1.2599999904632568,1.1355407238006592,4077700,0.0,0.0
2020-11-11,1.2699999809265137,1.2799999713897705,1.2300000190734863,1.2300000190734863,1.108503818511963,7048000,0.0,0.0
2020-11-12,1.2400000095367432,1.2699999809265137,1.2200000286102295,1.2599999904632568,1.1355407238006592,5839300,0.0,0.0
2020-11-13,1.2599999904632568,1.2699999809265137,1.2400000095367432,1.2400000095367432,1.1175158023834229,4539700,0.0,0.0
2020-11-16,1.25,1.2799999713897705,1.25,1.2699999809265137,1.1445527076721191,5123000,0.0,0.0
2020-11-17,1.2699999809265137,1.350000023841858,1.2699999809265137,1.350000023841858,1.2166507244110107,10808100,0.0,0.0
2020-11-18,1.350000023841858,1.350000023841858,1.2999999523162842,1.3200000524520874,1.189613938331604,7792200,0.0,0.0
2020-11-19,1.3200000524520874,1.3200000524520874,1.2999999523162842,1.3200000524520874,1.189613938331604,6354000,0.0,0.0
2020-11-20,1.3200000524520874,1.3300000429153442,1.309999942779541,1.3300000429153442,1.198625922203064,4442400,0.0,0.0
2020-11-23,1.3300000429153442,1.3600000143051147,1.3200000524520874,1.350000023841858,1.2166507244110107,4023600,0.0,0.0
2020-11-24,1.3600000143051147,1.3600000143051147,1.3300000429153442,1.3300000429153442,1.198625922203064,2506000,0.0,0.0
2020-11-25,1.340000033378601,1.350000023841858,1.2999999523162842,1.2999999523162842,1.1715893745422363,2826000,0.0,0.0
2020-11-26,1.2999999523162842,1.3300000429153442,1.2999999523162842,1.3300000429153442,1.198625922203064,1126200,0.0,0.0
2020-11-27,1.3200000524520874,1.3600000143051147,1.3200000524520874,1.3600000143051147,1.2256627082824707,1155100,0.0,0.0
2020-11-30,1.3600000143051147,1.4199999570846558,1.3600000143051147,1.4199999570846558,1.2797361612319946,4516700,0.0,0.0
2020-12-01,1.409999966621399,1.4199999570846558,1.399999976158142,1.4199999570846558,1.2797361612319946,1813900,0.0,0.0
2020-12-02,1.409999966621399,1.4299999475479126,1.409999966621399,1.409999966621399,1.270723819732666,1409800,0.0,0.0
2020-12-03,1.409999966621399,1.4299999475479126,1.409999966621399,1.4199999570846558,1.2797361612319946,2480500,0.0,0.0
2020-12-04,1.4199999570846558,1.4199999570846558,1.409999966621399,1.409999966621399,1.270723819732666,1068000,0.0,0.0
2020-12-07,1.409999966621399,1.4700000286102295,1.409999966621399,1.4700000286102295,1.3247971534729004,3002100,0.0,0.0
2020-12-08,1.4500000476837158,1.4700000286102295,1.4500000476837158,1.4700000286102295,1.3247971534729004,2934500,0.0,0.0
2020-12-09,1.4600000381469727,1.4700000286102295,1.4500000476837158,1.4600000381469727,1.3157850503921509,1529900,0.0,0.0
2020-12-10,1.4500000476837158,1.5399999618530273,1.440000057220459,1.5399999618530273,1.3878828287124634,4432100,0.0,0.0
2020-12-11,1.5399999618530273,1.5800000429153442,1.5199999809265137,1.5700000524520874,1.4149194955825806,4316400,0.0,0.0
2020-12-14,1.559999942779541,1.600000023841858,1.5499999523162842,1.600000023841858,1.4419561624526978,4643400,0.0,0.0
2020-12-15,1.600000023841858,1.6200000047683716,1.5700000524520874,1.600000023841858,1.4419561624526978,2963000,0.0,0.0
2020-12-16,1.600000023841858,1.6200000047683716,1.5800000429153442,1.590000033378601,1.4329440593719482,4318600,0.0,0.0
2020-12-17,1.590000033378601,1.590000033378601,1.559999942779541,1.5800000429153442,1.4239317178726196,1815700,0.0,0.0
2020-12-18,1.5700000524520874,1.5800000429153442,1.5499999523162842,1.5800000429153442,1.4239317178726196,2489300,0.0,0.0
2020-12-21,1.5800000429153442,1.590000033378601,1.5700000524520874,1.5800000429153442,1.4239317178726196,1515500,0.0,0.0
2020-12-22,1.5700000524520874,1.5800000429153442,1.4900000095367432,1.5499999523162842,1.396895170211792,6023100,0.0,0.0
2020-12-23,1.5499999523162842,1.590000033378601,1.5399999618530273,1.5800000429153442,1.4239317178726196,1587500,0.0,0.0
2020-12-24,1.5800000429153442,1.590000033378601,1.5499999523162842,1.559999942779541,1.4059070348739624,1400800,0.0,0.0
2020-12-28,1.5499999523162842,1.6100000143051147,1.5499999523162842,1.6100000143051147,1.4509683847427368,2728700,0.0,0.0
2020-12-29,1.600000023841858,1.600000023841858,1.5499999523162842,1.5800000429153442,1.4239317178726196,2646900,0.0,0.0
2020-12-30,1.5700000524520874,1.590000033378601,1.559999942779541,1.590000033378601,1.4329440593719482,2138100,0.0,0.0
2020-12-31,1.5800000429153442,1.6100000143051147,1.5800000429153442,1.6100000143051147,1.4509683847427368,2628500,0.0,0.0
2021-01-04,1.600000023841858,1.600000023841858,1.5700000524520874,1.5800000429153442,1.4239317178726196,1482200,0.0,0.0
2021-01-05,1.5700000524520874,1.5700000524520874,1.5399999618530273,1.559999942779541,1.4059070348739624,1583100,0.0,0.0
2021-01-06,1.5700000524520874,1.5700000524520874,1.5199999809265137,1.5499999523162842,1.396895170211792,2591400,0.0,0.0
2021-01-07,1.5299999713897705,1.5499999523162842,1.4800000190734863,1.5499999523162842,1.396895170211792,8609300,0.0,0.0
2021-01-08,1.5499999523162842,1.5499999523162842,1.4700000286102295,1.4900000095367432,1.3428218364715576,5734500,0.0,0.0
2021-01-11,1.4700000286102295,1.5,1.4500000476837158,1.5,1.3518338203430176,2670000,0.0,0.0
2021-01-12,1.4500000476837158,1.5099999904632568,1.4199999570846558,1.5,1.3518338203430176,3170800,0.0,0.0
2021-01-13,1.5,1.5499999523162842,1.5,1.5299999713897705,1.3788706064224243,3721400,0.0,0.0
2021-01-14,1.5399999618530273,1.5399999618530273,1.4900000095367432,1.5099999904632568,1.3608460426330566,3207200,0.0,0.0
2021-01-15,1.5099999904632568,1.5099999904632568,1.4900000095367432,1.5,1.3518338203430176,1770900,0.0,0.0
2021-01-18,1.5,1.5399999618530273,1.4700000286102295,1.5,1.3518338203430176,3380300,0.0,0.0
2021-01-19,1.4900000095367432,1.5099999904632568,1.4800000190734863,1.5,1.3518338203430176,1837500,0.0,0.0
2021-01-20,1.5,1.5,1.4900000095367432,1.5,1.3518338203430176,832100,0.0,0.0
2021-01-21,1.4900000095367432,1.5,1.4700000286102295,1.5,1.3518338203430176,1998400,0.0,0.0
2021-01-22,1.5,1.5199999809265137,1.4900000095367432,1.5199999809265137,1.3698583841323853,2521500,0.0,0.0
2021-01-25,1.5,1.5099999904632568,1.4500000476837158,1.5099999904632568,1.3608460426330566,4702700,0.0,0.0
2021-01-26,1.5,1.5099999904632568,1.4900000095367432,1.5099999904632568,1.3608460426330566,1203900,0.0,0.0
2021-01-27,1.5099999904632568,1.5299999713897705,1.5,1.5199999809265137,1.3698583841323853,2470900,0.0,0.0
2021-01-29,1.5199999809265137,1.5199999809265137,1.4900000095367432,1.5,1.3518338203430176,2261900,0.0,0.0
2021-02-02,1.5,1.5,1.4800000190734863,1.5,1.3518338203430176,2389000,0.0,0.0
2021-02-03,1.5,1.5,1.4900000095367432,1.5,1.3518338203430176,943200,0.0,0.0
2021-02-04,1.5,1.5299999713897705,1.4900000095367432,1.4900000095367432,1.3428218364715576,1911700,0.0,0.0
2021-02-05,1.5,1.5,1.4900000095367432,1.4900000095367432,1.3428218364715576,1093100,0.0,0.0
2021-02-08,1.4900000095367432,1.5,1.4700000286102295,1.4900000095367432,1.3428218364715576,1911300,0.0,0.0
2021-02-09,1.4900000095367432,1.5,1.4800000190734863,1.4900000095367432,1.3428218364715576,366300,0.0,0.0
2021-02-10,1.5,1.5099999904632568,1.4900000095367432,1.5,1.3518338203430176,875100,0.0,0.0
2021-02-11,1.5,1.5,1.4900000095367432,1.4900000095367432,1.3428218364715576,357200,0.0,0.0
2021-02-15,1.5,1.5099999904632568,1.4900000095367432,1.4900000095367432,1.3428218364715576,920000,0.0,0.0
2021-02-16,1.4900000095367432,1.5,1.4800000190734863,1.4900000095367432,1.3428218364715576,1296700,0.0,0.0
2021-02-17,1.4900000095367432,1.5,1.4800000190734863,1.4800000190734863,1.333809494972229,2277300,0.0,0.0
2021-02-18,1.4900000095367432,1.5,1.4700000286102295,1.4800000190734863,1.333809494972229,820500,0.0,0.0
2021-02-19,1.4800000190734863,1.4800000190734863,1.4700000286102295,1.4800000190734863,1.333809494972229,533500,0.0,0.0
2021-02-22,1.4800000190734863,1.5,1.4800000190734863,1.5,1.3518338203430176,2323100,0.0,0.0
2021-02-23,1.5,1.5,1.4800000190734863,1.4900000095367432,1.3428218364715576,911500,0.0,0.0
2021-02-24,1.4900000095367432,1.5,1.4800000190734863,1.4900000095367432,1.3428218364715576,1132500,0.0,0.0
2021-02-25,1.4800000190734863,1.5,1.4800000190734863,1.4900000095367432,1.3428218364715576,1124600,0.0,0.0
2021-02-26,1.4800000190734863,1.5,1.4700000286102295,1.5,1.3518338203430176,3269100,0.0,0.0
2021-03-01,1.5,1.5,1.4700000286102295,1.4800000190734863,1.333809494972229,2094100,0.0,0.0
2021-03-02,1.4800000190734863,1.5,1.4700000286102295,1.4800000190734863,1.333809494972229,1154600,0.0,0.0
2021-03-03,1.4800000190734863,1.5199999809265137,1.4700000286102295,1.5,1.3518338203430176,3031000,0.0,0.0
2021-03-04,1.5,1.5700000524520874,1.5,1.5499999523162842,1.396895170211792,3288500,0.0,0.0
2021-03-05,1.5499999523162842,1.5499999523162842,1.5299999713897705,1.5399999618530273,1.3878828287124634,1847000,0.0,0.0
2021-03-08,1.5399999618530273,1.5700000524520874,1.5399999618530273,1.5499999523162842,1.396895170211792,2974900,0.0,0.0
2021-03-09,1.559999942779541,1.6200000047683716,1.559999942779541,1.6100000143051147,1.4509683847427368,4503600,0.0,0.0
2021-03-10,1.6100000143051147,1.7200000286102295,1.6100000143051147,1.7000000476837158,1.532078504562378,9078600,0.0,0.0
2021-03-11,1.7100000381469727,1.7400000095367432,1.6799999475479126,1.7000000476837158,1.532078504562378,4002100,0.0,0.0
2021-03-12,1.7000000476837158,1.7000000476837158,1.659999966621399,1.690000057220459,1.5230662822723389,4595500,0.0,0.0
2021-03-15,1.690000057220459,1.7200000286102295,1.6799999475479126,1.6799999475479126,1.5140539407730103,5400200,0.0,0.0
2021-03-16,1.6799999475479126,1.690000057220459,1.6299999952316284,1.649999976158142,1.4870171546936035,2707400,0.0,0.0
2021-03-17,1.649999976158142,1.659999966621399,1.6399999856948853,1.659999966621399,1.4960296154022217,1304300,0.0,0.0
2021-03-18,1.649999976158142,1.690000057220459,1.649999976158142,1.6699999570846558,1.5050418376922607,1499300,0.0,0.0
2021-03-19,1.6699999570846558,1.690000057220459,1.6200000047683716,1.6299999952316284,1.4689929485321045,3213400,0.0,0.0
2021-03-22,1.6299999952316284,1.659999966621399,1.6200000047683716,1.649999976158142,1.4870171546936035,3093800,0.0,0.0
2021-03-23,1.6699999570846558,1.6699999570846558,1.6399999856948853,1.649999976158142,1.4870171546936035,1358600,0.0,0.0
2021-03-24,1.659999966621399,1.659999966621399,1.6100000143051147,1.6200000047683716,1.4599806070327759,1777800,0.0,0.0
2021-03-25,1.6200000047683716,1.690000057220459,1.6100000143051147,1.649999976158142,1.4870171546936035,2430000,0.0,0.0
2021-03-26,1.659999966621399,1.7200000286102295,1.659999966621399,1.7000000476837158,1.532078504562378,2910800,0.0,0.0
2021-03-29,1.7000000476837158,1.7100000381469727,1.6799999475479126,1.7000000476837158,1.532078504562378,2332400,0.0,0.0
2021-03-30,1.7100000381469727,1.7100000381469727,1.6799999475479126,1.7000000476837158,1.532078504562378,2389600,0.0,0.0
2021-03-31,1.7000000476837158,1.7100000381469727,1.6799999475479126,1.7000000476837158,1.532078504562378,2507700,0.0,0.0
2021-04-01,1.7100000381469727,1.7300000190734863,1.690000057220459,1.690000057220459,1.5230662822723389,2048000,0.0,0.0
2021-04-02,1.7000000476837158,1.7100000381469727,1.6799999475479126,1.690000057220459,1.5230662822723389,2171500,0.0,0.0
2021-04-05,1.690000057220459,1.75,1.690000057220459,1.75,1.5771394968032837,3759500,0.0,0.0
2021-04-06,1.75,1.7599999904632568,1.690000057220459,1.7000000476837158,1.532078504562378,2701400,0.0,0.0
2021-04-07,1.7000000476837158,1.7300000190734863,1.7000000476837158,1.7100000381469727,1.541090726852417,2153300,0.0,0.0
2021-04-08,1.7100000381469727,1.7200000286102295,1.690000057220459,1.7100000381469727,1.541090726852417,1450100,0.0,0.0
2021-04-09,1.7300000190734863,1.7300000190734863,1.649999976158142,1.6699999570846558,1.5050418376922607,4869300,0.0,0.0
2021-04-12,1.6699999570846558,1.7100000381469727,1.659999966621399,1.7000000476837158,1.532078504562378,2630200,0.0,0.0
2021-04-13,1.7000000476837158,1.7100000381469727,1.690000057220459,1.7000000476837158,1.532078504562378,2415500,0.0,0.0
2021-04-14,1.7000000476837158,1.7200000286102295,1.6799999475479126,1.7100000381469727,1.5548096895217896,2805000,0.015,0.0
2021-04-15,1.7100000381469727,1.7200000286102295,1.6299999952316284,1.659999966621399,1.5093473196029663,3467000,0.0,0.0
2021-04-16,1.649999976158142,1.7100000381469727,1.6399999856948853,1.6799999475479126,1.5275322198867798,3492600,0.0,0.0
2021-04-19,1.6799999475479126,1.7000000476837158,1.6399999856948853,1.6399999856948853,1.491162657737732,2054100,0.0,0.0
2021-04-20,1.6399999856948853,1.659999966621399,1.6299999952316284,1.6399999856948853,1.491162657737732,2758400,0.0,0.0
2021-04-21,1.6299999952316284,1.649999976158142,1.6100000143051147,1.6200000047683716,1.4729773998260498,1939200,0.0,0.0
2021-04-22,1.6100000143051147,1.690000057220459,1.6100000143051147,1.659999966621399,1.5093473196029663,2984200,0.0,0.0
2021-04-23,1.659999966621399,1.659999966621399,1.6299999952316284,1.6399999856948853,1.491162657737732,1124600,0.0,0.0
2021-04-26,1.6399999856948853,1.659999966621399,1.6299999952316284,1.649999976158142,1.5002546310424805,1078300,0.0,0.0
2021-04-27,1.649999976158142,1.649999976158142,1.6200000047683716,1.6200000047683716,1.4729773998260498,1250600,0.0,0.0
2021-04-28,1.6200000047683716,1.649999976158142,1.6200000047683716,1.6299999952316284,1.4820698499679565,1365000,0.0,0.0
2021-04-30,1.6200000047683716,1.6299999952316284,1.600000023841858,1.6200000047683716,1.4729773998260498,2966600,0.0,0.0
2021-05-03,1.6100000143051147,1.6200000047683716,1.5800000429153442,1.590000033378601,1.4457001686096191,1769600,0.0,0.0
2021-05-04,1.590000033378601,1.6100000143051147,1.590000033378601,1.600000023841858,1.4547924995422363,761400,0.0,0.0
2021-05-05,1.600000023841858,1.6100000143051147,1.5800000429153442,1.600000023841858,1.4547924995422363,779700,0.0,0.0
2021-05-06,1.590000033378601,1.600000023841858,1.5700000524520874,1.5800000429153442,1.4366077184677124,876000,0.0,0.0
2021-05-07,1.5800000429153442,1.6299999952316284,1.5800000429153442,1.6100000143051147,1.4638853073120117,3371800,0.0,0.0
2021-05-10,1.6100000143051147,1.6200000047683716,1.600000023841858,1.6100000143051147,1.4638853073120117,1549300,0.0,0.0
2021-05-11,1.6100000143051147,1.6299999952316284,1.600000023841858,1.6299999952316284,1.4820698499679565,2767500,0.0,0.0
2021-05-12,1.6299999952316284,1.659999966621399,1.6100000143051147,1.6299999952316284,1.4820698499679565,2916900,0.0,0.0
2021-05-17,1.6299999952316284,1.649999976158142,1.6100000143051147,1.6200000047683716,1.4729773998260498,2908200,0.0,0.0
2021-05-18,1.6200000047683716,1.6799999475479126,1.6200000047683716,1.6799999475479126,1.5275322198867798,3670200,0.0,0.0
2021-05-19,1.6799999475479126,1.7000000476837158,1.649999976158142,1.6799999475479126,1.5275322198867798,2997300,0.0,0.0
2021-05-20,1.659999966621399,1.6799999475479126,1.6299999952316284,1.659999966621399,1.5093473196029663,2890800,0.0,0.0
2021-05-21,1.649999976158142,1.659999966621399,1.6299999952316284,1.659999966621399,1.5093473196029663,4730300,0.0,0.0
2021-05-24,1.659999966621399,1.7000000476837158,1.649999976158142,1.7000000476837158,1.5457171201705933,3794200,0.0,0.0
2021-05-25,1.7000000476837158,1.7100000381469727,1.659999966621399,1.659999966621399,1.5093473196029663,5275300,0.0,0.0
2021-05-27,1.659999966621399,1.659999966621399,1.5399999618530273,1.5399999618530273,1.4002379179000854,23699700,0.0,0.0
2021-05-28,1.559999942779541,1.600000023841858,1.5499999523162842,1.590000033378601,1.4457001686096191,10820300,0.0,0.0
2021-05-31,1.5499999523162842,1.5800000429153442,1.5299999713897705,1.5700000524520874,1.4275152683258057,2275900,0.0,0.0
2021-06-01,1.5700000524520874,1.590000033378601,1.559999942779541,1.590000033378601,1.4457001686096191,1557600,0.0,0.0
2021-06-02,1.5800000429153442,1.6100000143051147,1.559999942779541,1.600000023841858,1.4547924995422363,4586200,0.0,0.0
2021-06-03,1.600000023841858,1.6200000047683716,1.5700000524520874,1.5700000524520874,1.4275152683258057,3616500,0.0,0.0
2021-06-04,1.5800000429153442,1.600000023841858,1.5700000524520874,1.5700000524520874,1.4275152683258057,4631100,0.0,0.0
2021-06-08,1.5800000429153442,1.6299999952316284,1.5800000429153442,1.6200000047683716,1.4729773998260498,3464500,0.0,0.0
2021-06-09,1.6200000047683716,1.6699999570846558,1.600000023841858,1.6699999570846558,1.5184398889541626,2723000,0.0,0.0
2021-06-10,1.659999966621399,1.6699999570846558,1.600000023841858,1.600000023841858,1.4547924995422363,3238300,0.0,0.0
2021-06-11,1.6100000143051147,1.6399999856948853,1.600000023841858,1.6399999856948853,1.491162657737732,2944200,0.0,0.0
2021-06-14,1.6399999856948853,1.649999976158142,1.6299999952316284,1.649999976158142,1.5002546310424805,604400,0.0,0.0
2021-06-15,1.649999976158142,1.649999976158142,1.6200000047683716,1.6200000047683716,1.4729773998260498,2649000,0.0,0.0
2021-06-16,1.6200000047683716,1.659999966621399,1.6200000047683716,1.649999976158142,1.5002546310424805,3582700,0.0,0.0
2021-06-17,1.659999966621399,1.7899999618530273,1.649999976158142,1.7699999809265137,1.6093642711639404,7454300,0.0,0.0
2021-06-18,1.75,1.75,1.6799999475479126,1.690000057220459,1.536624789237976,10892000,0.0,0.0
2021-06-21,1.7200000286102295,1.7699999809265137,1.690000057220459,1.7400000095367432,1.5820870399475098,15374200,0.0,0.0
2021-06-22,1.75,1.7799999713897705,1.7200000286102295,1.7799999713897705,1.6184566020965576,5905300,0.0,0.0
2021-06-23,1.7799999713897705,1.7799999713897705,1.7799999713897705,1.7799999713897705,1.6184566020965576,0,0.0,0.0
2021-06-24,1.809999942779541,1.809999942779541,1.6799999475479126,1.7300000190734863,1.572994351387024,17261900,0.0,0.0
2021-06-25,1.7300000190734863,1.75,1.7100000381469727,1.75,1.5911792516708374,4999300,0.0,0.0
2021-06-28,1.75,1.75,1.690000057220459,1.7100000381469727,1.5548096895217896,3316300,0.0,0.0
2021-06-29,1.7200000286102295,1.7599999904632568,1.7100000381469727,1.7300000190734863,1.572994351387024,5474000,0.0,0.0
2021-06-30,1.7400000095367432,1.7699999809265137,1.7200000286102295,1.7400000095367432,1.5820870399475098,3476100,0.0,0.0
2021-07-01,1.75,1.7599999904632568,1.7400000095367432,1.7599999904632568,1.6002718210220337,2807900,0.0,0.0
2021-07-02,1.75,1.75,1.7300000190734863,1.75,1.5911792516708374,2145300,0.0,0.0
2021-07-05,1.75,1.75,1.7200000286102295,1.7200000286102295,1.5639021396636963,1517500,0.0,0.0
2021-07-06,1.7200000286102295,1.7300000190734863,1.7200000286102295,1.7300000190734863,1.572994351387024,920200,0.0,0.0
2021-07-07,1.7200000286102295,1.7599999904632568,1.7200000286102295,1.75,1.5911792516708374,3112200,0.0,0.0
2021-07-08,1.7300000190734863,1.7400000095367432,1.7000000476837158,1.7100000381469727,1.5548096895217896,2292700,0.0,0.0
2021-07-09,1.7200000286102295,1.7300000190734863,1.7000000476837158,1.7100000381469727,1.5548096895217896,890600,0.0,0.0
2021-07-12,1.7100000381469727,1.7200000286102295,1.690000057220459,1.7100000381469727,1.5548096895217896,1292500,0.0,0.0
2021-07-13,1.7100000381469727,1.7100000381469727,1.690000057220459,1.7100000381469727,1.5548096895217896,1642500,0.0,0.0
2021-07-14,1.7100000381469727,1.7300000190734863,1.7000000476837158,1.7200000286102295,1.5639021396636963,3290800,0.0,0.0
2021-07-15,1.7200000286102295,1.7400000095367432,1.7100000381469727,1.7400000095367432,1.5820870399475098,1920600,0.0,0.0
2021-07-16,1.7400000095367432,1.75,1.7200000286102295,1.75,1.5911792516708374,2568800,0.0,0.0
2021-07-19,1.75,1.75,1.7200000286102295,1.7300000190734863,1.572994351387024,1825000,0.0,0.0
2021-07-21,1.7300000190734863,1.75,1.7200000286102295,1.7400000095367432,1.5820870399475098,1206500,0.0,0.0
2021-07-22,1.7400000095367432,1.7400000095367432,1.7100000381469727,1.7300000190734863,1.572994351387024,2214800,0.0,0.0
2021-07-23,1.7200000286102295,1.7400000095367432,1.7200000286102295,1.7200000286102295,1.5639021396636963,588500,0.0,0.0
2021-07-26,1.7200000286102295,1.7200000286102295,1.690000057220459,1.690000057220459,1.536624789237976,1678400,0.0,0.0
2021-07-27,1.690000057220459,1.7200000286102295,1.690000057220459,1.7200000286102295,1.5639021396636963,1133700,0.0,0.0
2021-07-28,1.7200000286102295,1.7200000286102295,1.690000057220459,1.7000000476837158,1.5457171201705933,404300,0.0,0.0
2021-07-29,1.7000000476837158,1.7300000190734863,1.690000057220459,1.7200000286102295,1.5639021396636963,2510600,0.0,0.0
2021-07-30,1.7300000190734863,1.7300000190734863,1.690000057220459,1.7000000476837158,1.5457171201705933,1910800,0.0,0.0
2021-08-02,1.7000000476837158,1.7100000381469727,1.6699999570846558,1.6799999475479126,1.5275322198867798,1926100,0.0,0.0
2021-08-03,1.6799999475479126,1.7000000476837158,1.6699999570846558,1.690000057220459,1.536624789237976,931600,0.0,0.0
2021-08-04,1.6799999475479126,1.690000057220459,1.6699999570846558,1.690000057220459,1.536624789237976,484800,0.0,0.0
2021-08-05,1.690000057220459,1.7300000190734863,1.6799999475479126,1.6799999475479126,1.5275322198867798,1324600,0.0,0.0
2021-08-06,1.6799999475479126,1.7599999904632568,1.6799999475479126,1.7400000095367432,1.5820870399475098,4323300,0.0,0.0
2021-08-09,1.7400000095367432,1.7599999904632568,1.7300000190734863,1.7599999904632568,1.6002718210220337,1532900,0.0,0.0
2021-08-11,1.7599999904632568,1.7599999904632568,1.7200000286102295,1.7400000095367432,1.5820870399475098,1881000,0.0,0.0
2021-08-12,1.7400000095367432,1.75,1.7400000095367432,1.7400000095367432,1.5820870399475098,901200,0.0,0.0
2021-08-13,1.7400000095367432,1.7599999904632568,1.7300000190734863,1.75,1.5911792516708374,1487300,0.0,0.0
2021-08-16,1.7300000190734863,1.7300000190734863,1.690000057220459,1.690000057220459,1.536624789237976,3865700,0.0,0.0
2021-08-17,1.690000057220459,1.75,1.690000057220459,1.7300000190734863,1.572994351387024,3685500,0.0,0.0
2021-08-18,1.7400000095367432,1.7699999809265137,1.7300000190734863,1.7599999904632568,1.6002718210220337,2742100,0.0,0.0
2021-08-19,1.75,1.7999999523162842,1.75,1.7799999713897705,1.6184566020965576,5439700,0.0,0.0
2021-08-20,1.7699999809265137,1.809999942779541,1.7699999809265137,1.7899999618530273,1.627549171447754,3997800,0.0,0.0
2021-08-23,1.7999999523162842,1.8200000524520874,1.7899999618530273,1.7999999523162842,1.636641502380371,598500,0.0,0.0
2021-08-24,1.7999999523162842,1.809999942779541,1.7699999809265137,1.7999999523162842,1.636641502380371,3104300,0.0,0.0
2021-08-25,1.809999942779541,1.809999942779541,1.7599999904632568,1.7699999809265137,1.6093642711639404,545100,0.0,0.0
2021-08-26,1.7699999809265137,1.7799999713897705,1.75,1.7699999809265137,1.6093642711639404,2130500,0.0,0.0
2021-08-27,1.7699999809265137,1.7799999713897705,1.7400000095367432,1.7400000095367432,1.5820870399475098,769300,0.0,0.0
2021-08-30,1.7400000095367432,1.7799999713897705,1.7300000190734863,1.7799999713897705,1.6184566020965576,3026900,0.0,0.0
2021-09-01,1.7599999904632568,1.7799999713897705,1.75,1.75,1.5911792516708374,2000100,0.0,0.0
2021-09-02,1.75,1.7699999809265137,1.75,1.75,1.5911792516708374,1219100,0.0,0.0
2021-09-03,1.75,1.7699999809265137,1.75,1.7599999904632568,1.6002718210220337,1600200,0.0,0.0
2021-09-06,1.7699999809265137,1.7799999713897705,1.75,1.7599999904632568,1.6002718210220337,416600,0.0,0.0
2021-09-07,1.7599999904632568,1.7699999809265137,1.75,1.7599999904632568,1.6002718210220337,2192000,0.0,0.0
2021-09-08,1.7599999904632568,1.7899999618530273,1.7300000190734863,1.7699999809265137,1.6093642711639404,2190700,0.0,0.0
2021-09-09,1.7899999618530273,1.7899999618530273,1.7400000095367432,1.75,1.5911792516708374,1671000,0.0,0.0
2021-09-10,1.75,1.7599999904632568,1.7400000095367432,1.7599999904632568,1.6002718210220337,670300,0.0,0.0
2021-09-13,1.7699999809265137,1.7699999809265137,1.7400000095367432,1.75,1.5911792516708374,992900,0.0,0.0
2021-09-14,1.7599999904632568,1.7599999904632568,1.7400000095367432,1.75,1.5911792516708374,315500,0.0,0.0
2021-09-15,1.7400000095367432,1.75,1.7400000095367432,1.75,1.5911792516708374,990500,0.0,0.0
2021-09-17,1.75,1.7599999904632568,1.7400000095367432,1.75,1.5911792516708374,1564600,0.0,0.0
2021-09-20,1.75,1.75,1.7300000190734863,1.7300000190734863,1.572994351387024,796800,0.0,0.0
2021-09-21,1.7300000190734863,1.7400000095367432,1.7200000286102295,1.7200000286102295,1.5639021396636963,1124700,0.0,0.0
2021-09-22,1.7200000286102295,1.7300000190734863,1.690000057220459,1.7000000476837158,1.5457171201705933,2260500,0.0,0.0
2021-09-23,1.7000000476837158,1.7200000286102295,1.690000057220459,1.690000057220459,1.536624789237976,3039500,0.0,0.0
2021-09-24,1.690000057220459,1.7000000476837158,1.6799999475479126,1.690000057220459,1.536624789237976,2798300,0.0,0.0
2021-09-27,1.690000057220459,1.7000000476837158,1.6799999475479126,1.6799999475479126,1.5275322198867798,798700,0.0,0.0
2021-09-28,1.6799999475479126,1.690000057220459,1.6399999856948853,1.659999966621399,1.5093473196029663,2435000,0.0,0.0
2021-09-29,1.649999976158142,1.7000000476837158,1.6399999856948853,1.690000057220459,1.536624789237976,1141100,0.0,0.0
2021-09-30,1.7100000381469727,1.7300000190734863,1.690000057220459,1.690000057220459,1.5457712411880493,1724700,0.01,0.0
2021-10-01,1.7000000476837158,1.7200000286102295,1.7000000476837158,1.7200000286102295,1.5732109546661377,525900,0.0,0.0
2021-10-04,1.7200000286102295,1.7400000095367432,1.7200000286102295,1.7400000095367432,1.5915040969848633,767800,0.0,0.0
2021-10-05,1.7300000190734863,1.7300000190734863,1.7000000476837158,1.7100000381469727,1.564064383506775,1805600,0.0,0.0
2021-10-06,1.7100000381469727,1.7599999904632568,1.690000057220459,1.7599999904632568,1.6097971200942993,2080000,0.0,0.0
2021-10-07,1.7599999904632568,1.7599999904632568,1.7300000190734863,1.7400000095367432,1.5915040969848633,102200,0.0,0.0
2021-10-08,1.7300000190734863,1.7400000095367432,1.7100000381469727,1.7200000286102295,1.5732109546661377,1308800,0.0,0.0
2021-10-11,1.7300000190734863,1.7599999904632568,1.7300000190734863,1.75,1.600650668144226,860400,0.0,0.0
2021-10-12,1.75,1.7899999618530273,1.75,1.7899999618530273,1.6372369527816772,1750100,0.0,0.0
2021-10-13,1.7899999618530273,1.7999999523162842,1.7799999713897705,1.7999999523162842,1.6463834047317505,940800,0.0,0.0
2021-10-14,1.7999999523162842,1.809999942779541,1.7599999904632568,1.7899999618530273,1.6372369527816772,2918200,0.0,0.0
2021-10-15,1.7799999713897705,1.7999999523162842,1.7799999713897705,1.7999999523162842,1.6463834047317505,1484100,0.0,0.0
2021-10-18,1.7999999523162842,1.8200000524520874,1.7999999523162842,1.809999942779541,1.6555300951004028,3498100,0.0,0.0
2021-10-20,1.8200000524520874,1.8200000524520874,1.7899999618530273,1.809999942779541,1.6555300951004028,548700,0.0,0.0
2021-10-21,1.809999942779541,1.8200000524520874,1.7899999618530273,1.809999942779541,1.6555300951004028,4554100,0.0,0.0
2021-10-22,1.809999942779541,1.809999942779541,1.7699999809265137,1.7699999809265137,1.6189438104629517,866100,0.0,0.0
2021-10-25,1.7699999809265137,1.7999999523162842,1.75,1.7999999523162842,1.6463834047317505,1390500,0.0,0.0
2021-10-26,1.7999999523162842,1.7999999523162842,1.7699999809265137,1.7899999618530273,1.6372369527816772,319600,0.0,0.0
2021-10-27,1.7799999713897705,1.7899999618530273,1.7599999904632568,1.7699999809265137,1.6189438104629517,1300000,0.0,0.0
2021-10-28,1.7599999904632568,1.7899999618530273,1.7599999904632568,1.7799999713897705,1.628090262413025,571200,0.0,0.0
2021-10-29,1.7699999809265137,1.7799999713897705,1.7599999904632568,1.7799999713897705,1.628090262413025,272000,0.0,0.0
2021-11-01,1.7400000095367432,1.7699999809265137,1.7300000190734863,1.7300000190734863,1.5823572874069214,1249900,0.0,0.0
2021-11-02,1.7400000095367432,1.7599999904632568,1.7300000190734863,1.7300000190734863,1.5823572874069214,637100,0.0,0.0
2021-11-03,1.7400000095367432,1.75,1.7300000190734863,1.75,1.600650668144226,1510300,0.0,0.0
2021-11-05,1.75,1.75,1.7300000190734863,1.7300000190734863,1.5823572874069214,578000,0.0,0.0
2021-11-08,1.7400000095367432,1.7599999904632568,1.7200000286102295,1.7400000095367432,1.5915040969848633,1464100,0.0,0.0
2021-11-09,1.7300000190734863,1.7400000095367432,1.7300000190734863,1.7300000190734863,1.5823572874069214,925000,0.0,0.0
2021-11-10,1.7300000190734863,1.7400000095367432,1.7300000190734863,1.7400000095367432,1.5915040969848633,1451500,0.0,0.0
2021-11-11,1.7400000095367432,1.75,1.7300000190734863,1.7400000095367432,1.5915040969848633,1654100,0.0,0.0
2021-11-12,1.75,1.75,1.7300000190734863,1.7400000095367432,1.5915040969848633,1119000,0.0,0.0
2021-11-15,1.7400000095367432,1.7400000095367432,1.7200000286102295,1.7200000286102295,1.5732109546661377,479200,0.0,0.0
2021-11-16,1.7200000286102295,1.7400000095367432,1.7200000286102295,1.7300000190734863,1.5823572874069214,2052400,0.0,0.0
2021-11-17,1.7200000286102295,1.7300000190734863,1.7000000476837158,1.7000000476837158,1.554917812347412,492400,0.0,0.0
2021-11-18,1.7000000476837158,1.7000000476837158,1.690000057220459,1.7000000476837158,1.554917812347412,812300,0.0,0.0
2021-11-19,1.7000000476837158,1.7100000381469727,1.6699999570846558,1.7000000476837158,1.554917812347412,2029900,0.0,0.0
2021-11-22,1.7000000476837158,1.7100000381469727,1.6799999475479126,1.7000000476837158,1.554917812347412,1274500,0.0,0.0
2021-11-23,1.7000000476837158,1.7100000381469727,1.6799999475479126,1.690000057220459,1.5457712411880493,951100,0.0,0.0
2021-11-24,1.690000057220459,1.7000000476837158,1.6799999475479126,1.6799999475479126,1.536624550819397,899200,0.0,0.0
2021-11-25,1.690000057220459,1.690000057220459,1.6799999475479126,1.6799999475479126,1.536624550819397,1982000,0.0,0.0
2021-11-26,1.6799999475479126,1.7100000381469727,1.6799999475479126,1.6799999475479126,1.536624550819397,2481300,0.0,0.0
2021-11-29,1.659999966621399,1.6799999475479126,1.659999966621399,1.6799999475479126,1.536624550819397,414700,0.0,0.0
2021-11-30,1.6799999475479126,1.7100000381469727,1.6699999570846558,1.690000057220459,1.5457712411880493,2344000,0.0,0.0
2021-12-01,1.690000057220459,1.690000057220459,1.6799999475479126,1.6799999475479126,1.536624550819397,936200,0.0,0.0
2021-12-02,1.6799999475479126,1.690000057220459,1.6699999570846558,1.6799999475479126,1.536624550819397,448900,0.0,0.0
2021-12-06,1.6799999475479126,1.690000057220459,1.649999976158142,1.649999976158142,1.5091848373413086,1131400,0.0,0.0
2021-12-07,1.649999976158142,1.6699999570846558,1.6399999856948853,1.6699999570846558,1.5274780988693237,832900,0.0,0.0
2021-12-08,1.6699999570846558,1.690000057220459,1.6699999570846558,1.690000057220459,1.5457712411880493,1573300,0.0,0.0
2021-12-09,1.690000057220459,1.690000057220459,1.6799999475479126,1.690000057220459,1.5457712411880493,57900,0.0,0.0
2021-12-10,1.6799999475479126,1.690000057220459,1.6699999570846558,1.6699999570846558,1.5274780988693237,1313100,0.0,0.0
2021-12-13,1.6699999570846558,1.6799999475479126,1.6399999856948853,1.649999976158142,1.5091848373413086,1881500,0.0,0.0
2021-12-14,1.649999976158142,1.659999966621399,1.649999976158142,1.649999976158142,1.5091848373413086,367900,0.0,0.0
2021-12-15,1.649999976158142,1.649999976158142,1.6399999856948853,1.6399999856948853,1.500038504600525,552300,0.0,0.0
2021-12-16,1.6399999856948853,1.6399999856948853,1.600000023841858,1.600000023841858,1.463451862335205,2617700,0.0,0.0
2021-12-17,1.6100000143051147,1.6399999856948853,1.590000033378601,1.6399999856948853,1.500038504600525,2671600,0.0,0.0
2021-12-20,1.6200000047683716,1.6699999570846558,1.6200000047683716,1.6299999952316284,1.4908915758132935,309300,0.0,0.0
2021-12-21,1.6299999952316284,1.659999966621399,1.6299999952316284,1.659999966621399,1.518331527709961,401300,0.0,0.0
2021-12-22,1.659999966621399,1.659999966621399,1.649999976158142,1.659999966621399,1.518331527709961,42700,0.0,0.0
2021-12-23,1.659999966621399,1.6699999570846558,1.649999976158142,1.6699999570846558,1.5274780988693237,116900,0.0,0.0
2021-12-24,1.659999966621399,1.659999966621399,1.6399999856948853,1.649999976158142,1.5091848373413086,318600,0.0,0.0
2021-12-27,1.649999976158142,1.659999966621399,1.649999976158142,1.649999976158142,1.5091848373413086,1698300,0.0,0.0
2021-12-28,1.659999966621399,1.6799999475479126,1.649999976158142,1.6699999570846558,1.5274780988693237,158500,0.0,0.0
2021-12-29,1.659999966621399,1.690000057220459,1.659999966621399,1.6699999570846558,1.5274780988693237,686200,0.0,0.0
2021-12-30,1.6799999475479126,1.7200000286102295,1.6799999475479126,1.7100000381469727,1.564064383506775,717400,0.0,0.0
2021-12-31,1.7100000381469727,1.7300000190734863,1.7000000476837158,1.7200000286102295,1.5732109546661377,547900,0.0,0.0
2022-01-03,1.7400000095367432,1.7400000095367432,1.690000057220459,1.690000057220459,1.5457712411880493,334300,0.0,0.0
2022-01-04,1.690000057220459,1.7100000381469727,1.690000057220459,1.7100000381469727,1.564064383506775,172900,0.0,0.0
2022-01-05,1.7000000476837158,1.7300000190734863,1.690000057220459,1.7100000381469727,1.564064383506775,792300,0.0,0.0
2022-01-06,1.7100000381469727,1.7200000286102295,1.7000000476837158,1.7100000381469727,1.564064383506775,136700,0.0,0.0
2022-01-07,1.7100000381469727,1.7300000190734863,1.7000000476837158,1.7000000476837158,1.554917812347412,746300,0.0,0.0
2022-01-10,1.7000000476837158,1.7300000190734863,1.7000000476837158,1.7200000286102295,1.5732109546661377,254000,0.0,0.0
2022-01-11,1.7200000286102295,1.7799999713897705,1.7100000381469727,1.75,1.600650668144226,2565100,0.0,0.0
2022-01-12,1.7599999904632568,1.7799999713897705,1.7200000286102295,1.7300000190734863,1.5823572874069214,1023700,0.0,0.0
2022-01-13,1.7300000190734863,1.7400000095367432,1.690000057220459,1.7000000476837158,1.554917812347412,3438500,0.0,0.0
2022-01-14,1.7000000476837158,1.7300000190734863,1.6699999570846558,1.7200000286102295,1.5732109546661377,2556800,0.0,0.0
2022-01-17,1.7100000381469727,1.7599999904632568,1.7100000381469727,1.7300000190734863,1.5823572874069214,729800,0.0,0.0
2022-01-19,1.7300000190734863,1.7300000190734863,1.7000000476837158,1.7100000381469727,1.564064383506775,360000,0.0,0.0
2022-01-20,1.7000000476837158,1.7400000095367432,1.7000000476837158,1.7200000286102295,1.5732109546661377,288500,0.0,0.0
2022-01-21,1.7200000286102295,1.7200000286102295,1.690000057220459,1.690000057220459,1.5457712411880493,197700,0.0,0.0
2022-01-24,1.7000000476837158,1.7200000286102295,1.690000057220459,1.690000057220459,1.5457712411880493,179100,0.0,0.0
2022-01-25,1.690000057220459,1.7100000381469727,1.690000057220459,1.7000000476837158,1.554917812347412,686900,0.0,0.0
2022-01-26,1.690000057220459,1.7300000190734863,1.690000057220459,1.7000000476837158,1.554917812347412,263100,0.0,0.0
2022-01-27,1.7000000476837158,1.7000000476837158,1.659999966621399,1.6699999570846558,1.5274780988693237,1169300,0.0,0.0
2022-01-28,1.6699999570846558,1.7100000381469727,1.6699999570846558,1.7100000381469727,1.564064383506775,490000,0.0,0.0
2022-01-31,1.7100000381469727,1.7100000381469727,1.690000057220459,1.7100000381469727,1.564064383506775,226700,0.0,0.0
2022-02-03,1.690000057220459,1.7100000381469727,1.690000057220459,1.7100000381469727,1.564064383506775,51400,0.0,0.0
2022-02-04,1.7100000381469727,1.7200000286102295,1.690000057220459,1.7100000381469727,1.564064383506775,154100,0.0,0.0
2022-02-07,1.7100000381469727,1.7100000381469727,1.690000057220459,1.7000000476837158,1.554917812347412,133800,0.0,0.0
2022-02-08,1.7000000476837158,1.7000000476837158,1.659999966621399,1.690000057220459,1.5457712411880493,1330900,0.0,0.0
2022-02-09,1.690000057220459,1.7100000381469727,1.690000057220459,1.7000000476837158,1.554917812347412,458000,0.0,0.0
2022-02-10,1.7000000476837158,1.7100000381469727,1.7000000476837158,1.7100000381469727,1.564064383506775,144200,0.0,0.0
2022-02-11,1.7000000476837158,1.7100000381469727,1.6799999475479126,1.690000057220459,1.5457712411880493,2226200,0.0,0.0
2022-02-14,1.690000057220459,1.7000000476837158,1.6799999475479126,1.7000000476837158,1.554917812347412,1579000,0.0,0.0
2022-02-15,1.7000000476837158,1.7100000381469727,1.6799999475479126,1.7100000381469727,1.564064383506775,584200,0.0,0.0
2022-02-16,1.7000000476837158,1.7100000381469727,1.6799999475479126,1.7000000476837158,1.554917812347412,775400,0.0,0.0
2022-02-17,1.7000000476837158,1.7000000476837158,1.6699999570846558,1.6799999475479126,1.536624550819397,1903400,0.0,0.0
2022-02-18,1.6799999475479126,1.7100000381469727,1.659999966621399,1.6799999475479126,1.536624550819397,2593500,0.0,0.0
2022-02-21,1.6799999475479126,1.7000000476837158,1.6699999570846558,1.690000057220459,1.5457712411880493,1137500,0.0,0.0
2022-02-22,1.690000057220459,1.7000000476837158,1.659999966621399,1.6799999475479126,1.536624550819397,2994300,0.0,0.0
2022-02-23,1.690000057220459,1.7000000476837158,1.6799999475479126,1.6799999475479126,1.536624550819397,382400,0.0,0.0
2022-02-24,1.690000057220459,1.7000000476837158,1.659999966621399,1.6799999475479126,1.536624550819397,1369100,0.0,0.0
2022-02-25,1.6799999475479126,1.7000000476837158,1.6699999570846558,1.6799999475479126,1.536624550819397,1221200,0.0,0.0
2022-02-28,1.690000057220459,1.75,1.6799999475479126,1.7000000476837158,1.554917812347412,5602000,0.0,0.0
2022-03-01,1.7300000190734863,1.7300000190734863,1.690000057220459,1.7000000476837158,1.554917812347412,433100,0.0,0.0
2022-03-02,1.7000000476837158,1.7000000476837158,1.6799999475479126,1.7000000476837158,1.554917812347412,370500,0.0,0.0
2022-03-03,1.7000000476837158,1.7100000381469727,1.6799999475479126,1.690000057220459,1.5457712411880493,865200,0.0,0.0
2022-03-04,1.690000057220459,1.7000000476837158,1.6799999475479126,1.690000057220459,1.5457712411880493,2311800,0.0,0.0
2022-03-07,1.690000057220459,1.7000000476837158,1.6699999570846558,1.690000057220459,1.5457712411880493,1587100,0.0,0.0
2022-03-08,1.690000057220459,1.690000057220459,1.6299999952316284,1.690000057220459,1.5457712411880493,3892600,0.0,0.0
2022-03-09,1.6699999570846558,1.6799999475479126,1.649999976158142,1.6699999570846558,1.5274780988693237,2221600,0.0,0.0
2022-03-10,1.6699999570846558,1.7000000476837158,1.659999966621399,1.690000057220459,1.5457712411880493,2075600,0.0,0.0
2022-03-11,1.690000057220459,1.7000000476837158,1.6799999475479126,1.7000000476837158,1.554917812347412,213300,0.0,0.0
2022-03-14,1.7000000476837158,1.7100000381469727,1.6399999856948853,1.659999966621399,1.518331527709961,3751300,0.0,0.0
2022-03-15,1.659999966621399,1.6699999570846558,1.659999966621399,1.6699999570846558,1.5274780988693237,2021500,0.0,0.0
2022-03-16,1.6699999570846558,1.6799999475479126,1.659999966621399,1.6699999570846558,1.5274780988693237,1774100,0.0,0.0
2022-03-17,1.6799999475479126,1.7100000381469727,1.6699999570846558,1.7100000381469727,1.564064383506775,3235400,0.0,0.0
2022-03-18,1.7000000476837158,1.7200000286102295,1.7000000476837158,1.7200000286102295,1.5732109546661377,4087500,0.0,0.0
2022-03-21,1.7200000286102295,1.7200000286102295,1.7000000476837158,1.7100000381469727,1.577824592590332,1136200,0.015,0.0
2022-03-22,1.7100000381469727,1.7100000381469727,1.690000057220459,1.7000000476837158,1.568597435951233,5494400,0.0,0.0
2022-03-23,1.7000000476837158,1.7100000381469727,1.7000000476837158,1.7000000476837158,1.568597435951233,1883000,0.0,0.0
2022-03-24,1.7000000476837158,1.7200000286102295,1.690000057220459,1.7000000476837158,1.568597435951233,3313800,0.0,0.0
2022-03-25,1.7000000476837158,1.7000000476837158,1.690000057220459,1.7000000476837158,1.568597435951233,1285200,0.0,0.0
2022-03-28,1.7100000381469727,1.75,1.690000057220459,1.7000000476837158,1.568597435951233,2501900,0.0,0.0
2022-03-29,1.7100000381469727,1.7400000095367432,1.7000000476837158,1.7400000095367432,1.6055057048797607,5097400,0.0,0.0
2022-03-30,1.7400000095367432,1.75,1.7100000381469727,1.7200000286102295,1.5870516300201416,2151400,0.0,0.0
2022-03-31,1.7300000190734863,1.7699999809265137,1.7300000190734863,1.75,1.6147327423095703,5653700,0.0,0.0
2022-04-01,1.75,1.7599999904632568,1.7400000095367432,1.75,1.6147327423095703,735500,0.0,0.0
2022-04-04,1.7599999904632568,1.7699999809265137,1.7400000095367432,1.75,1.6147327423095703,1141700,0.0,0.0
2022-04-05,1.7599999904632568,1.7799999713897705,1.75,1.7799999713897705,1.6424137353897095,1826900,0.0,0.0
2022-04-06,1.7799999713897705,1.850000023841858,1.7699999809265137,1.8200000524520874,1.6793220043182373,4999300,0.0,0.0
2022-04-07,1.809999942779541,1.8300000429153442,1.7999999523162842,1.8200000524520874,1.6793220043182373,4185700,0.0,0.0
2022-04-08,1.8200000524520874,1.8200000524520874,1.7899999618530273,1.7899999618530273,1.651640772819519,989500,0.0,0.0
2022-04-11,1.7899999618530273,1.840000033378601,1.7899999618530273,1.8300000429153442,1.6885489225387573,2909400,0.0,0.0
2022-04-12,1.8200000524520874,1.8300000429153442,1.7999999523162842,1.8200000524520874,1.6793220043182373,2166900,0.0,0.0
2022-04-13,1.809999942779541,1.8300000429153442,1.7899999618530273,1.7999999523162842,1.6608679294586182,1259000,0.0,0.0
2022-04-14,1.7999999523162842,1.840000033378601,1.7599999904632568,1.7999999523162842,1.6608679294586182,2730700,0.0,0.0
2022-04-15,1.7999999523162842,1.809999942779541,1.7899999618530273,1.809999942779541,1.6700947284698486,400800,0.0,0.0
2022-04-18,1.7999999523162842,1.809999942779541,1.7899999618530273,1.809999942779541,1.6700947284698486,1080800,0.0,0.0
2022-04-20,1.7999999523162842,1.809999942779541,1.7899999618530273,1.7899999618530273,1.651640772819519,189100,0.0,0.0
2022-04-21,1.7899999618530273,1.7999999523162842,1.7899999618530273,1.7899999618530273,1.651640772819519,1685700,0.0,0.0
2022-04-22,1.7899999618530273,1.809999942779541,1.7899999618530273,1.809999942779541,1.6700947284698486,1465300,0.0,0.0
2022-04-25,1.7899999618530273,1.8200000524520874,1.7899999618530273,1.809999942779541,1.6700947284698486,1053000,0.0,0.0
2022-04-26,1.809999942779541,1.8300000429153442,1.7899999618530273,1.8200000524520874,1.6793220043182373,1338100,0.0,0.0
2022-04-27,1.809999942779541,1.809999942779541,1.7899999618530273,1.7999999523162842,1.6608679294586182,528700,0.0,0.0
2022-04-28,1.7999999523162842,1.8200000524520874,1.7999999523162842,1.8200000524520874,1.6793220043182373,822200,0.0,0.0
2022-04-29,1.809999942779541,1.850000023841858,1.7999999523162842,1.8200000524520874,1.6793220043182373,3977100,0.0,0.0
2022-05-05,1.8200000524520874,1.8300000429153442,1.75,1.75,1.6147327423095703,949100,0.0,0.0
2022-05-06,1.7400000095367432,1.7799999713897705,1.7400000095367432,1.7699999809265137,1.6331866979599,709700,0.0,0.0
2022-05-09,1.7699999809265137,1.7699999809265137,1.75,1.7599999904632568,1.6239594221115112,593500,0.0,0.0
2022-05-10,1.75,1.7799999713897705,1.75,1.7599999904632568,1.6239594221115112,1890700,0.0,0.0
2022-05-11,1.75,1.7699999809265137,1.7400000095367432,1.75,1.6147327423095703,1476000,0.0,0.0
2022-05-12,1.7400000095367432,1.7599999904632568,1.7400000095367432,1.7599999904632568,1.6239594221115112,1082600,0.0,0.0
2022-05-13,1.75,1.75,1.7100000381469727,1.7100000381469727,1.577824592590332,470700,0.0,0.0
2022-05-17,1.7100000381469727,1.7599999904632568,1.7100000381469727,1.75,1.6147327423095703,489800,0.0,0.0
2022-05-18,1.75,1.75,1.7400000095367432,1.7400000095367432,1.6055057048797607,1145800,0.0,0.0
2022-05-19,1.7300000190734863,1.75,1.7300000190734863,1.7400000095367432,1.6055057048797607,560100,0.0,0.0
2022-05-20,1.7400000095367432,1.7599999904632568,1.7300000190734863,1.7599999904632568,1.6239594221115112,1002300,0.0,0.0
2022-05-23,1.75,1.7599999904632568,1.75,1.7599999904632568,1.6239594221115112,139600,0.0,0.0
2022-05-24,1.7599999904632568,1.7699999809265137,1.7300000190734863,1.75,1.6147327423095703,643100,0.0,0.0
2022-05-25,1.7400000095367432,1.75,1.7300000190734863,1.7300000190734863,1.5962783098220825,674500,0.0,0.0
2022-05-26,1.7400000095367432,1.75,1.7300000190734863,1.7400000095367432,1.6055057048797607,434200,0.0,0.0
2022-05-27,1.75,1.7699999809265137,1.7400000095367432,1.75,1.6147327423095703,2331300,0.0,0.0
2022-05-30,1.75,1.75,1.7400000095367432,1.7400000095367432,1.6055057048797607,1599800,0.0,0.0
2022-05-31,1.75,1.75,1.7200000286102295,1.7300000190734863,1.5962783098220825,700200,0.0,0.0
2022-06-01,1.7300000190734863,1.7300000190734863,1.7000000476837158,1.7000000476837158,1.568597435951233,513200,0.0,0.0
2022-06-02,1.7000000476837158,1.7200000286102295,1.7000000476837158,1.7200000286102295,1.5870516300201416,1052900,0.0,0.0
2022-06-03,1.7200000286102295,1.7300000190734863,1.7100000381469727,1.7100000381469727,1.577824592590332,245100,0.0,0.0
2022-06-07,1.7100000381469727,1.7400000095367432,1.7100000381469727,1.7200000286102295,1.5870516300201416,1272800,0.0,0.0
2022-06-08,1.7200000286102295,1.7300000190734863,1.7100000381469727,1.7200000286102295,1.5870516300201416,74700,0.0,0.0
2022-06-09,1.7200000286102295,1.7400000095367432,1.7100000381469727,1.7400000095367432,1.6055057048797607,270500,0.0,0.0
2022-06-10,1.7400000095367432,1.75,1.7100000381469727,1.75,1.6147327423095703,229100,0.0,0.0
2022-06-13,1.75,1.75,1.6799999475479126,1.6799999475479126,1.5501433610916138,290100,0.0,0.0
2022-06-14,1.659999966621399,1.7100000381469727,1.649999976158142,1.7000000476837158,1.568597435951233,895500,0.0,0.0
2022-06-15,1.7000000476837158,1.7000000476837158,1.649999976158142,1.649999976158142,1.522462248802185,630800,0.0,0.0
2022-06-16,1.6799999475479126,1.7100000381469727,1.659999966621399,1.690000057220459,1.5593702793121338,516300,0.0,0.0
2022-06-17,1.6699999570846558,1.7200000286102295,1.659999966621399,1.7200000286102295,1.5870516300201416,893900,0.0,0.0
2022-06-20,1.7200000286102295,1.7200000286102295,1.659999966621399,1.6799999475479126,1.5501433610916138,910900,0.0,0.0
2022-06-21,1.6799999475479126,1.690000057220459,1.6699999570846558,1.6799999475479126,1.5501433610916138,78300,0.0,0.0
2022-06-22,1.6799999475479126,1.690000057220459,1.659999966621399,1.6699999570846558,1.5409163236618042,445200,0.0,0.0
2022-06-23,1.6799999475479126,1.690000057220459,1.6399999856948853,1.659999966621399,1.531689167022705,752500,0.0,0.0
2022-06-24,1.659999966621399,1.659999966621399,1.600000023841858,1.6299999952316284,1.5040079355239868,3584400,0.0,0.0
2022-06-27,1.6299999952316284,1.659999966621399,1.6299999952316284,1.659999966621399,1.531689167022705,1577600,0.0,0.0
2022-06-28,1.659999966621399,1.7000000476837158,1.649999976158142,1.690000057220459,1.5593702793121338,293600,0.0,0.0
2022-06-29,1.6799999475479126,1.6799999475479126,1.659999966621399,1.659999966621399,1.531689167022705,81600,0.0,0.0
2022-06-30,1.659999966621399,1.7000000476837158,1.659999966621399,1.7000000476837158,1.568597435951233,1022300,0.0,0.0
2022-07-01,1.7000000476837158,1.7000000476837158,1.6799999475479126,1.690000057220459,1.5593702793121338,29600,0.0,0.0
2022-07-04,1.690000057220459,1.690000057220459,1.6399999856948853,1.6399999856948853,1.513235092163086,187800,0.0,0.0
2022-07-05,1.6399999856948853,1.6799999475479126,1.6399999856948853,1.649999976158142,1.522462248802185,93600,0.0,0.0
2022-07-06,1.649999976158142,1.649999976158142,1.6100000143051147,1.6200000047683716,1.4947810173034668,272600,0.0,0.0
2022-07-07,1.6299999952316284,1.6399999856948853,1.6100000143051147,1.6299999952316284,1.5040079355239868,611700,0.0,0.0
2022-07-08,1.6299999952316284,1.6299999952316284,1.600000023841858,1.600000023841858,1.4763269424438477,366300,0.0,0.0
2022-07-12,1.6100000143051147,1.6200000047683716,1.600000023841858,1.6100000143051147,1.4855540990829468,279700,0.0,0.0
2022-07-13,1.6100000143051147,1.6200000047683716,1.600000023841858,1.6200000047683716,1.4947810173034668,110000,0.0,0.0
2022-07-14,1.6100000143051147,1.6200000047683716,1.5800000429153442,1.600000023841858,1.4763269424438477,357700,0.0,0.0
2022-07-15,1.5800000429153442,1.590000033378601,1.559999942779541,1.5700000524520874,1.4486459493637085,788700,0.0,0.0
2022-07-18,1.5700000524520874,1.6200000047683716,1.5700000524520874,1.600000023841858,1.4763269424438477,154400,0.0,0.0
2022-07-19,1.6100000143051147,1.6200000047683716,1.5800000429153442,1.600000023841858,1.4763269424438477,257800,0.0,0.0
2022-07-20,1.6100000143051147,1.6299999952316284,1.590000033378601,1.590000033378601,1.4670997858047485,444800,0.0,0.0
2022-07-21,1.590000033378601,1.6699999570846558,1.590000033378601,1.6399999856948853,1.513235092163086,973900,0.0,0.0
2022-07-22,1.659999966621399,1.659999966621399,1.6399999856948853,1.6399999856948853,1.513235092163086,376200,0.0,0.0
2022-07-25,1.6399999856948853,1.659999966621399,1.6299999952316284,1.649999976158142,1.522462248802185,15200,0.0,0.0
2022-07-26,1.649999976158142,1.649999976158142,1.600000023841858,1.6200000047683716,1.4947810173034668,600900,0.0,0.0
2022-07-27,1.6399999856948853,1.649999976158142,1.6200000047683716,1.6399999856948853,1.513235092163086,176000,0.0,0.0
2022-07-28,1.6399999856948853,1.6799999475479126,1.6399999856948853,1.659999966621399,1.531689167022705,1157000,0.0,0.0
2022-07-29,1.6699999570846558,1.6699999570846558,1.659999966621399,1.6699999570846558,1.5409163236618042,221100,0.0,0.0
2022-08-01,1.6699999570846558,1.6699999570846558,1.659999966621399,1.659999966621399,1.531689167022705,424700,0.0,0.0
2022-08-02,1.659999966621399,1.6699999570846558,1.6399999856948853,1.649999976158142,1.522462248802185,813000,0.0,0.0
2022-08-03,1.659999966621399,1.659999966621399,1.649999976158142,1.659999966621399,1.531689167022705,480600,0.0,0.0
2022-08-04,1.6799999475479126,1.6799999475479126,1.6399999856948853,1.649999976158142,1.522462248802185,3348900,0.0,0.0
2022-08-05,1.649999976158142,1.6699999570846558,1.6399999856948853,1.659999966621399,1.531689167022705,349300,0.0,0.0
2022-08-08,1.659999966621399,1.6799999475479126,1.659999966621399,1.6799999475479126,1.5501433610916138,74500,0.0,0.0
2022-08-09,1.6799999475479126,1.6799999475479126,1.649999976158142,1.649999976158142,1.522462248802185,84700,0.0,0.0
2022-08-10,1.659999966621399,1.659999966621399,1.6399999856948853,1.6399999856948853,1.513235092163086,184400,0.0,0.0
2022-08-11,1.649999976158142,1.6699999570846558,1.6399999856948853,1.649999976158142,1.522462248802185,341500,0.0,0.0
2022-08-12,1.6399999856948853,1.6399999856948853,1.6200000047683716,1.6200000047683716,1.4947810173034668,391800,0.0,0.0
2022-08-15,1.6200000047683716,1.6399999856948853,1.6200000047683716,1.6200000047683716,1.4947810173034668,997300,0.0,0.0
2022-08-16,1.6200000047683716,1.649999976158142,1.6200000047683716,1.6299999952316284,1.5040079355239868,268000,0.0,0.0
2022-08-17,1.6299999952316284,1.6399999856948853,1.6100000143051147,1.6100000143051147,1.4855540990829468,992400,0.0,0.0
2022-08-18,1.6200000047683716,1.6299999952316284,1.590000033378601,1.590000033378601,1.4670997858047485,1014500,0.0,0.0
2022-08-19,1.600000023841858,1.659999966621399,1.600000023841858,1.649999976158142,1.522462248802185,1118000,0.0,0.0
2022-08-22,1.649999976158142,1.649999976158142,1.6399999856948853,1.6399999856948853,1.513235092163086,221500,0.0,0.0
2022-08-23,1.6200000047683716,1.6699999570846558,1.6100000143051147,1.649999976158142,1.522462248802185,2217900,0.0,0.0
2022-08-24,1.6699999570846558,1.6799999475479126,1.649999976158142,1.659999966621399,1.531689167022705,405000,0.0,0.0
2022-08-25,1.6799999475479126,1.690000057220459,1.659999966621399,1.659999966621399,1.531689167022705,766300,0.0,0.0
2022-08-26,1.6699999570846558,1.6799999475479126,1.649999976158142,1.659999966621399,1.531689167022705,457000,0.0,0.0
2022-08-29,1.6299999952316284,1.649999976158142,1.6299999952316284,1.649999976158142,1.522462248802185,158100,0.0,0.0
2022-08-30,1.6399999856948853,1.649999976158142,1.6299999952316284,1.6399999856948853,1.513235092163086,400600,0.0,0.0
2022-09-01,1.649999976158142,1.649999976158142,1.6299999952316284,1.6399999856948853,1.513235092163086,148600,0.0,0.0
2022-09-02,1.6399999856948853,1.649999976158142,1.6399999856948853,1.649999976158142,1.522462248802185,120100,0.0,0.0
2022-09-05,1.6399999856948853,1.659999966621399,1.6399999856948853,1.659999966621399,1.531689167022705,42000,0.0,0.0
2022-09-06,1.649999976158142,1.6699999570846558,1.649999976158142,1.659999966621399,1.531689167022705,128900,0.0,0.0
2022-09-07,1.659999966621399,1.6799999475479126,1.649999976158142,1.6699999570846558,1.5409163236618042,417000,0.0,0.0
2022-09-08,1.6799999475479126,1.690000057220459,1.659999966621399,1.690000057220459,1.5593702793121338,695900,0.0,0.0
2022-09-09,1.690000057220459,1.690000057220459,1.6699999570846558,1.6799999475479126,1.5501433610916138,115500,0.0,0.0
2022-09-12,1.6799999475479126,1.6799999475479126,1.649999976158142,1.659999966621399,1.531689167022705,245800,0.0,0.0
2022-09-13,1.659999966621399,1.659999966621399,1.649999976158142,1.659999966621399,1.531689167022705,67000,0.0,0.0
2022-09-14,1.600000023841858,1.649999976158142,1.600000023841858,1.6299999952316284,1.52234947681427,232400,0.02,0.0
2022-09-15,1.6399999856948853,1.7200000286102295,1.6399999856948853,1.7200000286102295,1.6064059734344482,1325400,0.0,0.0
2022-09-19,1.7200000286102295,1.7200000286102295,1.649999976158142,1.649999976158142,1.5410287380218506,467800,0.0,0.0
2022-09-20,1.659999966621399,1.6699999570846558,1.649999976158142,1.649999976158142,1.5410287380218506,195600,0.0,0.0
2022-09-21,1.659999966621399,1.659999966621399,1.6299999952316284,1.6299999952316284,1.52234947681427,802700,0.0,0.0
2022-09-22,1.6200000047683716,1.690000057220459,1.6200000047683716,1.659999966621399,1.5503681898117065,683800,0.0,0.0
2022-09-23,1.649999976158142,1.659999966621399,1.649999976158142,1.659999966621399,1.5503681898117065,75500,0.0,0.0
2022-09-26,1.659999966621399,1.659999966621399,1.6100000143051147,1.6100000143051147,1.503670573234558,771900,0.0,0.0
2022-09-27,1.6100000143051147,1.6299999952316284,1.590000033378601,1.590000033378601,1.4849913120269775,1982300,0.0,0.0
2022-09-28,1.590000033378601,1.590000033378601,1.5399999618530273,1.5499999523162842,1.447633147239685,1311100,0.0,0.0
2022-09-29,1.5700000524520874,1.5700000524520874,1.5399999618530273,1.5499999523162842,1.447633147239685,510900,0.0,0.0
2022-09-30,1.5499999523162842,1.590000033378601,1.5399999618530273,1.5700000524520874,1.4663124084472656,879200,0.0,0.0
2022-10-03,1.5700000524520874,1.5700000524520874,1.5399999618530273,1.5499999523162842,1.447633147239685,170400,0.0,0.0
2022-10-04,1.5499999523162842,1.590000033378601,1.5499999523162842,1.5800000429153442,1.4756518602371216,86000,0.0,0.0
2022-10-05,1.5800000429153442,1.600000023841858,1.5700000524520874,1.600000023841858,1.494330883026123,116300,0.0,0.0
2022-10-06,1.590000033378601,1.600000023841858,1.5800000429153442,1.600000023841858,1.494330883026123,455300,0.0,0.0
2022-10-07,1.600000023841858,1.6100000143051147,1.590000033378601,1.6100000143051147,1.503670573234558,280500,0.0,0.0
2022-10-11,1.5800000429153442,1.5800000429153442,1.5499999523162842,1.559999942779541,1.4569724798202515,471800,0.0,0.0
2022-10-12,1.5800000429153442,1.5800000429153442,1.5499999523162842,1.559999942779541,1.4569724798202515,132200,0.0,0.0
2022-10-13,1.5700000524520874,1.5700000524520874,1.5,1.5099999904632568,1.410274863243103,1245500,0.0,0.0
2022-10-14,1.5399999618530273,1.5800000429153442,1.5299999713897705,1.559999942779541,1.4569724798202515,1142700,0.0,0.0
2022-10-17,1.559999942779541,1.559999942779541,1.5299999713897705,1.5499999523162842,1.447633147239685,431900,0.0,0.0
2022-10-18,1.5700000524520874,1.5700000524520874,1.5199999809265137,1.5299999713897705,1.428953766822815,1059700,0.0,0.0
2022-10-19,1.5399999618530273,1.5499999523162842,1.5099999904632568,1.5099999904632568,1.410274863243103,2803100,0.0,0.0
2022-10-20,1.5099999904632568,1.559999942779541,1.5099999904632568,1.5299999713897705,1.428953766822815,7715000,0.0,0.0
2022-10-21,1.5299999713897705,1.5700000524520874,1.5199999809265137,1.5299999713897705,1.428953766822815,3284100,0.0,0.0
2022-10-25,1.5499999523162842,1.5499999523162842,1.5199999809265137,1.5199999809265137,1.419614315032959,762300,0.0,0.0
2022-10-26,1.5199999809265137,1.5399999618530273,1.5099999904632568,1.5299999713897705,1.428953766822815,874300,0.0,0.0
2022-10-27,1.5399999618530273,1.5700000524520874,1.5299999713897705,1.5499999523162842,1.447633147239685,1132200,0.0,0.0
2022-10-28,1.5499999523162842,1.6200000047683716,1.5399999618530273,1.590000033378601,1.4849913120269775,3973700,0.0,0.0
2022-10-31,1.590000033378601,1.600000023841858,1.5800000429153442,1.600000023841858,1.494330883026123,514300,0.0,0.0
2022-11-01,1.600000023841858,1.600000023841858,1.590000033378601,1.590000033378601,1.4849913120269775,221400,0.0,0.0
2022-11-02,1.590000033378601,1.590000033378601,1.5700000524520874,1.590000033378601,1.4849913120269775,450900,0.0,0.0
2022-11-03,1.590000033378601,1.590000033378601,1.559999942779541,1.5800000429153442,1.4756518602371216,393200,0.0,0.0
2022-11-04,1.5800000429153442,1.5800000429153442,1.5700000524520874,1.5800000429153442,1.4756518602371216,287200,0.0,0.0
2022-11-07,1.5800000429153442,1.600000023841858,1.5700000524520874,1.590000033378601,1.4849913120269775,2006200,0.0,0.0
2022-11-08,1.600000023841858,1.600000023841858,1.559999942779541,1.5700000524520874,1.4663124084472656,186500,0.0,0.0
2022-11-09,1.600000023841858,1.600000023841858,1.5499999523162842,1.559999942779541,1.4569724798202515,818500,0.0,0.0
2022-11-10,1.590000033378601,1.590000033378601,1.5499999523162842,1.5800000429153442,1.4756518602371216,484500,0.0,0.0
2022-11-11,1.5800000429153442,1.5800000429153442,1.559999942779541,1.559999942779541,1.4569724798202515,408500,0.0,0.0
2022-11-14,1.559999942779541,1.5700000524520874,1.5499999523162842,1.5499999523162842,1.447633147239685,146000,0.0,0.0
2022-11-15,1.5499999523162842,1.5499999523162842,1.5299999713897705,1.5399999618530273,1.438293695449829,155500,0.0,0.0
2022-11-16,1.5800000429153442,1.5800000429153442,1.5299999713897705,1.5299999713897705,1.428953766822815,382500,0.0,0.0
2022-11-17,1.5299999713897705,1.5399999618530273,1.5,1.5099999904632568,1.410274863243103,2036300,0.0,0.0
2022-11-21,1.5,1.5099999904632568,1.4600000381469727,1.4700000286102295,1.3729164600372314,2604300,0.0,0.0
2022-11-22,1.4800000190734863,1.5099999904632568,1.4600000381469727,1.5099999904632568,1.410274863243103,1666800,0.0,0.0
2022-11-23,1.5099999904632568,1.5099999904632568,1.4500000476837158,1.4700000286102295,1.3729164600372314,5886100,0.0,0.0
2022-11-24,1.4800000190734863,1.559999942779541,1.4700000286102295,1.5399999618530273,1.438293695449829,5689500,0.0,0.0
2022-11-25,1.559999942779541,1.590000033378601,1.5199999809265137,1.5800000429153442,1.4756518602371216,6120400,0.0,0.0
2022-11-29,1.590000033378601,1.659999966621399,1.5700000524520874,1.659999966621399,1.5503681898117065,7567100,0.0,0.0
2022-11-30,1.659999966621399,1.7000000476837158,1.6399999856948853,1.6799999475479126,1.569047451019287,19665700,0.0,0.0
2022-12-01,1.6699999570846558,1.75,1.6699999570846558,1.7200000286102295,1.6064059734344482,5532700,0.0,0.0
2022-12-02,1.7000000476837158,1.7200000286102295,1.6699999570846558,1.7000000476837158,1.5877265930175781,2650300,0.0,0.0
2022-12-05,1.690000057220459,1.7000000476837158,1.6399999856948853,1.6399999856948853,1.5316892862319946,2235700,0.0,0.0
2022-12-06,1.649999976158142,1.7100000381469727,1.6399999856948853,1.7000000476837158,1.5877265930175781,3786900,0.0,0.0
2022-12-07,1.690000057220459,1.7000000476837158,1.6200000047683716,1.6399999856948853,1.5316892862319946,2500400,0.0,0.0
2022-12-08,1.6399999856948853,1.659999966621399,1.6299999952316284,1.649999976158142,1.5410287380218506,992500,0.0,0.0
2022-12-09,1.649999976158142,1.6699999570846558,1.649999976158142,1.659999966621399,1.5503681898117065,644700,0.0,0.0
2022-12-12,1.6399999856948853,1.6799999475479126,1.6399999856948853,1.659999966621399,1.5503681898117065,383200,0.0,0.0
2022-12-13,1.6799999475479126,1.690000057220459,1.649999976158142,1.6799999475479126,1.569047451019287,308900,0.0,0.0
2022-12-14,1.6799999475479126,1.6799999475479126,1.6399999856948853,1.6699999570846558,1.5597079992294312,911700,0.0,0.0
2022-12-15,1.659999966621399,1.659999966621399,1.6200000047683716,1.6200000047683716,1.513010025024414,608800,0.0,0.0
2022-12-16,1.6299999952316284,1.649999976158142,1.6200000047683716,1.6399999856948853,1.5316892862319946,644600,0.0,0.0
2022-12-19,1.6299999952316284,1.659999966621399,1.6100000143051147,1.6399999856948853,1.5316892862319946,1266300,0.0,0.0
2022-12-20,1.6699999570846558,1.6699999570846558,1.6100000143051147,1.6399999856948853,1.5316892862319946,786400,0.0,0.0
2022-12-21,1.6399999856948853,1.649999976158142,1.590000033378601,1.600000023841858,1.494330883026123,3733800,0.0,0.0
2022-12-22,1.600000023841858,1.6200000047683716,1.600000023841858,1.6200000047683716,1.513010025024414,1123100,0.0,0.0
2022-12-23,1.6200000047683716,1.6200000047683716,1.590000033378601,1.590000033378601,1.4849913120269775,556700,0.0,0.0
2022-12-27,1.600000023841858,1.600000023841858,1.5700000524520874,1.5700000524520874,1.4663124084472656,911700,0.0,0.0
2022-12-28,1.5700000524520874,1.600000023841858,1.5700000524520874,1.590000033378601,1.4849913120269775,640400,0.0,0.0
2022-12-29,1.590000033378601,1.6200000047683716,1.5700000524520874,1.6100000143051147,1.503670573234558,1281100,0.0,0.0
2022-12-30,1.6100000143051147,1.6299999952316284,1.590000033378601,1.6200000047683716,1.513010025024414,2676700,0.0,0.0
2023-01-03,1.6200000047683716,1.6200000047683716,1.5800000429153442,1.5800000429153442,1.4756518602371216,543200,0.0,0.0
2023-01-04,1.600000023841858,1.600000023841858,1.5700000524520874,1.5700000524520874,1.4663124084472656,1669000,0.0,0.0
2023-01-05,1.5700000524520874,1.600000023841858,1.5700000524520874,1.600000023841858,1.494330883026123,2426300,0.0,0.0
2023-01-06,1.590000033378601,1.6100000143051147,1.5800000429153442,1.600000023841858,1.494330883026123,968400,0.0,0.0
2023-01-09,1.6100000143051147,1.6200000047683716,1.600000023841858,1.6200000047683716,1.513010025024414,2887700,0.0,0.0
2023-01-10,1.6100000143051147,1.659999966621399,1.600000023841858,1.659999966621399,1.5503681898117065,2074900,0.0,0.0
2023-01-11,1.659999966621399,1.6699999570846558,1.6399999856948853,1.649999976158142,1.5410287380218506,2471300,0.0,0.0
2023-01-12,1.659999966621399,1.659999966621399,1.600000023841858,1.6100000143051147,1.503670573234558,2662900,0.0,0.0
2023-01-13,1.6200000047683716,1.6399999856948853,1.5800000429153442,1.590000033378601,1.4849913120269775,6253400,0.0,0.0
2023-01-16,1.590000033378601,1.6100000143051147,1.590000033378601,1.600000023841858,1.494330883026123,2267000,0.0,0.0
2023-01-17,1.6100000143051147,1.6200000047683716,1.600000023841858,1.6200000047683716,1.513010025024414,534000,0.0,0.0
2023-01-18,1.6200000047683716,1.6299999952316284,1.590000033378601,1.6100000143051147,1.503670573234558,1303600,0.0,0.0
2023-01-19,1.600000023841858,1.6100000143051147,1.559999942779541,1.5700000524520874,1.4663124084472656,4581800,0.0,0.0
2023-01-20,1.5800000429153442,1.600000023841858,1.5700000524520874,1.5800000429153442,1.4756518602371216,1047200,0.0,0.0
2023-01-25,1.5800000429153442,1.6100000143051147,1.5800000429153442,1.600000023841858,1.494330883026123,839500,0.0,0.0
2023-01-26,1.6100000143051147,1.6100000143051147,1.5800000429153442,1.600000023841858,1.494330883026123,3521300,0.0,0.0
2023-01-27,1.600000023841858,1.6200000047683716,1.600000023841858,1.6100000143051147,1.503670573234558,3002900,0.0,0.0
2023-01-30,1.6100000143051147,1.6299999952316284,1.600000023841858,1.6100000143051147,1.503670573234558,1180100,0.0,0.0
2023-01-31,1.6100000143051147,1.6200000047683716,1.6100000143051147,1.6100000143051147,1.503670573234558,637600,0.0,0.0
2023-02-02,1.6200000047683716,1.6399999856948853,1.600000023841858,1.6100000143051147,1.503670573234558,3408800,0.0,0.0
2023-02-03,1.6100000143051147,1.6200000047683716,1.600000023841858,1.6100000143051147,1.503670573234558,3621700,0.0,0.0
2023-02-07,1.6100000143051147,1.6200000047683716,1.600000023841858,1.6100000143051147,1.503670573234558,1883500,0.0,0.0
2023-02-08,1.6100000143051147,1.6200000047683716,1.600000023841858,1.6100000143051147,1.503670573234558,1285000,0.0,0.0
2023-02-09,1.6100000143051147,1.6200000047683716,1.590000033378601,1.600000023841858,1.494330883026123,2433200,0.0,0.0
2023-02-10,1.600000023841858,1.6200000047683716,1.590000033378601,1.6100000143051147,1.503670573234558,2578700,0.0,0.0
2023-02-13,1.6100000143051147,1.6200000047683716,1.5800000429153442,1.590000033378601,1.4849913120269775,1905300,0.0,0.0
2023-02-14,1.590000033378601,1.6100000143051147,1.590000033378601,1.6100000143051147,1.503670573234558,1007100,0.0,0.0
2023-02-15,1.6100000143051147,1.6200000047683716,1.600000023841858,1.6200000047683716,1.513010025024414,775000,0.0,0.0
2023-02-16,1.6200000047683716,1.6299999952316284,1.600000023841858,1.6200000047683716,1.513010025024414,1146000,0.0,0.0
2023-02-17,1.6200000047683716,1.6200000047683716,1.600000023841858,1.600000023841858,1.494330883026123,1263100,0.0,0.0
2023-02-20,1.6100000143051147,1.6100000143051147,1.600000023841858,1.6100000143051147,1.503670573234558,2338300,0.0,0.0
2023-02-21,1.6100000143051147,1.6299999952316284,1.6100000143051147,1.6200000047683716,1.513010025024414,1757700,0.0,0.0
2023-02-22,1.6200000047683716,1.6200000047683716,1.600000023841858,1.600000023841858,1.494330883026123,846300,0.0,0.0
2023-02-23,1.6100000143051147,1.6299999952316284,1.600000023841858,1.6200000047683716,1.513010025024414,3489400,0.0,0.0
2023-02-24,1.6299999952316284,1.6299999952316284,1.6200000047683716,1.6299999952316284,1.52234947681427,1589100,0.0,0.0
2023-02-27,1.6299999952316284,1.659999966621399,1.6200000047683716,1.6299999952316284,1.52234947681427,3808000,0.0,0.0
2023-02-28,1.6299999952316284,1.649999976158142,1.6200000047683716,1.6299999952316284,1.52234947681427,2053900,0.0,0.0
2023-03-01,1.6299999952316284,1.6399999856948853,1.600000023841858,1.6200000047683716,1.513010025024414,4015300,0.0,0.0
2023-03-02,1.6200000047683716,1.6299999952316284,1.6100000143051147,1.6100000143051147,1.503670573234558,1058300,0.0,0.0
2023-03-03,1.6100000143051147,1.6399999856948853,1.6100000143051147,1.6299999952316284,1.52234947681427,2230900,0.0,0.0
2023-03-06,1.6399999856948853,1.659999966621399,1.6399999856948853,1.649999976158142,1.5410287380218506,840400,0.0,0.0
2023-03-07,1.649999976158142,1.659999966621399,1.6299999952316284,1.6299999952316284,1.52234947681427,2462600,0.0,0.0
2023-03-08,1.6299999952316284,1.6299999952316284,1.6100000143051147,1.6200000047683716,1.513010025024414,3061600,0.0,0.0
2023-03-09,1.6299999952316284,1.6399999856948853,1.6100000143051147,1.6299999952316284,1.52234947681427,1752600,0.0,0.0
2023-03-10,1.6299999952316284,1.6399999856948853,1.6100000143051147,1.6299999952316284,1.52234947681427,1543900,0.0,0.0
2023-03-13,1.6200000047683716,1.6399999856948853,1.6100000143051147,1.6200000047683716,1.513010025024414,1307200,0.0,0.0
2023-03-14,1.6200000047683716,1.6299999952316284,1.590000033378601,1.600000023841858,1.494330883026123,2986400,0.0,0.0
2023-03-15,1.600000023841858,1.6100000143051147,1.5800000429153442,1.590000033378601,1.4849913120269775,4944100,0.0,0.0
2023-03-16,1.590000033378601,1.6100000143051147,1.5700000524520874,1.590000033378601,1.4849913120269775,2439000,0.0,0.0
2023-03-17,1.600000023841858,1.6399999856948853,1.559999942779541,1.559999942779541,1.4569724798202515,60717900,0.0,0.0
2023-03-20,1.5700000524520874,1.5800000429153442,1.5499999523162842,1.559999942779541,1.4569724798202515,5837700,0.0,0.0
2023-03-21,1.5700000524520874,1.5800000429153442,1.5399999618530273,1.5499999523162842,1.447633147239685,5058700,0.0,0.0
2023-03-22,1.559999942779541,1.5700000524520874,1.5499999523162842,1.5700000524520874,1.4663124084472656,2040400,0.0,0.0
2023-03-23,1.5700000524520874,1.5800000429153442,1.5399999618530273,1.559999942779541,1.4569724798202515,3255500,0.0,0.0
2023-03-24,1.5700000524520874,1.5800000429153442,1.5399999618530273,1.559999942779541,1.4569724798202515,4302200,0.0,0.0
2023-03-27,1.5700000524520874,1.600000023841858,1.5499999523162842,1.5800000429153442,1.4756518602371216,2584500,0.0,0.0
2023-03-28,1.590000033378601,1.6299999952316284,1.5800000429153442,1.6200000047683716,1.513010025024414,2411700,0.0,0.0
2023-03-29,1.6200000047683716,1.6200000047683716,1.590000033378601,1.6100000143051147,1.503670573234558,1991800,0.0,0.0
2023-03-30,1.6100000143051147,1.6200000047683716,1.590000033378601,1.590000033378601,1.4849913120269775,1772800,0.0,0.0
2023-03-31,1.600000023841858,1.6100000143051147,1.5800000429153442,1.590000033378601,1.4849913120269775,2561000,0.0,0.0
2023-04-03,1.600000023841858,1.6100000143051147,1.5800000429153442,1.590000033378601,1.4849913120269775,6026300,0.0,0.0
2023-04-04,1.559999942779541,1.590000033378601,1.5499999523162842,1.5800000429153442,1.5088659524917603,1407100,0.035,0.0
2023-04-05,1.5800000429153442,1.590000033378601,1.5700000524520874,1.5700000524520874,1.4993162155151367,1072500,0.0,0.0
2023-04-06,1.5800000429153442,1.5800000429153442,1.559999942779541,1.5700000524520874,1.4993162155151367,3501200,0.0,0.0
2023-04-07,1.5800000429153442,1.590000033378601,1.5700000524520874,1.5800000429153442,1.5088659524917603,1003100,0.0,0.0
2023-04-10,1.5800000429153442,1.5800000429153442,1.559999942779541,1.559999942779541,1.4897661209106445,726100,0.0,0.0
2023-04-11,1.559999942779541,1.5700000524520874,1.5499999523162842,1.5499999523162842,1.4802165031433105,1718000,0.0,0.0
2023-04-12,1.5499999523162842,1.600000023841858,1.5499999523162842,1.5800000429153442,1.5088659524917603,4619400,0.0,0.0
2023-04-13,1.5800000429153442,1.5800000429153442,1.559999942779541,1.5700000524520874,1.4993162155151367,5122600,0.0,0.0
2023-04-14,1.5700000524520874,1.5700000524520874,1.559999942779541,1.5700000524520874,1.4993162155151367,7341400,0.0,0.0
2023-04-17,1.5700000524520874,1.600000023841858,1.559999942779541,1.590000033378601,1.5184155702590942,5096800,0.0,0.0
2023-04-18,1.590000033378601,1.6299999952316284,1.590000033378601,1.6299999952316284,1.556614637374878,2952700,0.0,0.0
2023-04-19,1.6200000047683716,1.6299999952316284,1.600000023841858,1.6299999952316284,1.556614637374878,1252900,0.0,0.0
2023-04-20,1.6200000047683716,1.6399999856948853,1.6100000143051147,1.6399999856948853,1.5661646127700806,1496300,0.0,0.0
2023-04-25,1.6299999952316284,1.6299999952316284,1.600000023841858,1.6100000143051147,1.5375152826309204,880600,0.0,0.0
2023-04-26,1.6100000143051147,1.6100000143051147,1.5700000524520874,1.5800000429153442,1.5088659524917603,2323200,0.0,0.0
2023-04-27,1.590000033378601,1.590000033378601,1.5700000524520874,1.5800000429153442,1.5088659524917603,484200,0.0,0.0
2023-04-28,1.5800000429153442,1.590000033378601,1.5700000524520874,1.5700000524520874,1.4993162155151367,563400,0.0,0.0
2023-05-02,1.5700000524520874,1.590000033378601,1.5700000524520874,1.5800000429153442,1.5088659524917603,299900,0.0,0.0
2023-05-03,1.5800000429153442,1.590000033378601,1.559999942779541,1.559999942779541,1.4897661209106445,1203600,0.0,0.0
2023-05-05,1.5700000524520874,1.5800000429153442,1.5499999523162842,1.559999942779541,1.4897661209106445,2508200,0.0,0.0
2023-05-08,1.5700000524520874,1.5800000429153442,1.5499999523162842,1.5700000524520874,1.4993162155151367,2683600,0.0,0.0
2023-05-09,1.5700000524520874,1.5800000429153442,1.559999942779541,1.5800000429153442,1.5088659524917603,2141500,0.0,0.0
2023-05-10,1.5800000429153442,1.5800000429153442,1.559999942779541,1.559999942779541,1.4897661209106445,2693400,0.0,0.0
2023-05-11,1.559999942779541,1.5700000524520874,1.559999942779541,1.559999942779541,1.4897661209106445,681000,0.0,0.0
2023-05-12,1.559999942779541,1.5700000524520874,1.5499999523162842,1.559999942779541,1.4897661209106445,673700,0.0,0.0
2023-05-15,1.559999942779541,1.559999942779541,1.5499999523162842,1.5499999523162842,1.4802165031433105,503400,0.0,0.0
2023-05-16,1.559999942779541,1.5700000524520874,1.5499999523162842,1.559999942779541,1.4897661209106445,953800,0.0,0.0
2023-05-17,1.559999942779541,1.5700000524520874,1.5499999523162842,1.559999942779541,1.4897661209106445,275700,0.0,0.0
2023-05-18,1.5700000524520874,1.5800000429153442,1.559999942779541,1.5700000524520874,1.4993162155151367,1202800,0.0,0.0
2023-05-19,1.5800000429153442,1.590000033378601,1.559999942779541,1.5700000524520874,1.4993162155151367,3795600,0.0,0.0
2023-05-22,1.5700000524520874,1.5800000429153442,1.559999942779541,1.5700000524520874,1.4993162155151367,77600,0.0,0.0
2023-05-23,1.5700000524520874,1.5700000524520874,1.559999942779541,1.5700000524520874,1.4993162155151367,153400,0.0,0.0
2023-05-24,1.5700000524520874,1.5700000524520874,1.5299999713897705,1.5499999523162842,1.4802165031433105,2682000,0.0,0.0
2023-05-25,1.5499999523162842,1.559999942779541,1.5499999523162842,1.5499999523162842,1.4802165031433105,197700,0.0,0.0
2023-05-26,1.5499999523162842,1.600000023841858,1.5499999523162842,1.5700000524520874,1.4993162155151367,1455000,0.0,0.0
2023-05-29,1.5700000524520874,1.5700000524520874,1.5499999523162842,1.559999942779541,1.4897661209106445,1634700,0.0,0.0
2023-05-30,1.5499999523162842,1.5700000524520874,1.5499999523162842,1.559999942779541,1.4897661209106445,784800,0.0,0.0
2023-05-31,1.559999942779541,1.5800000429153442,1.5499999523162842,1.5700000524520874,1.4993162155151367,2253100,0.0,0.0
2023-06-01,1.5800000429153442,1.590000033378601,1.559999942779541,1.590000033378601,1.5184155702590942,513800,0.0,0.0
2023-06-02,1.590000033378601,1.590000033378601,1.5399999618530273,1.5399999618530273,1.4706668853759766,2133400,0.0,0.0
2023-06-06,1.5499999523162842,1.5499999523162842,1.5199999809265137,1.5499999523162842,1.4802165031433105,1800900,0.0,0.0
2023-06-07,1.5399999618530273,1.5499999523162842,1.5299999713897705,1.5499999523162842,1.4802165031433105,1203700,0.0,0.0
2023-06-08,1.5399999618530273,1.5499999523162842,1.5399999618530273,1.5499999523162842,1.4802165031433105,447300,0.0,0.0
2023-06-09,1.5499999523162842,1.5499999523162842,1.5299999713897705,1.5299999713897705,1.4611167907714844,2392800,0.0,0.0
2023-06-12,1.5399999618530273,1.559999942779541,1.5199999809265137,1.5299999713897705,1.4611167907714844,2731200,0.0,0.0
2023-06-13,1.5299999713897705,1.5499999523162842,1.5199999809265137,1.5399999618530273,1.4706668853759766,2289900,0.0,0.0
2023-06-14,1.5499999523162842,1.559999942779541,1.5399999618530273,1.559999942779541,1.4897661209106445,1269700,0.0,0.0
2023-06-15,1.5700000524520874,1.5700000524520874,1.5499999523162842,1.5700000524520874,1.4993162155151367,1035200,0.0,0.0
2023-06-16,1.5700000524520874,1.5800000429153442,1.559999942779541,1.5800000429153442,1.5088659524917603,1032200,0.0,0.0
2023-06-19,1.5700000524520874,1.6100000143051147,1.559999942779541,1.600000023841858,1.5279653072357178,2071700,0.0,0.0
2023-06-20,1.600000023841858,1.6200000047683716,1.5800000429153442,1.600000023841858,1.5279653072357178,2361400,0.0,0.0
2023-06-21,1.600000023841858,1.6100000143051147,1.5800000429153442,1.600000023841858,1.5279653072357178,2521100,0.0,0.0
2023-06-22,1.600000023841858,1.6100000143051147,1.5800000429153442,1.6100000143051147,1.5375152826309204,868500,0.0,0.0
2023-06-23,1.6100000143051147,1.6200000047683716,1.590000033378601,1.6100000143051147,1.5375152826309204,2896400,0.0,0.0
2023-06-26,1.6100000143051147,1.6100000143051147,1.5800000429153442,1.590000033378601,1.5184155702590942,847200,0.0,0.0
2023-06-27,1.5800000429153442,1.590000033378601,1.559999942779541,1.590000033378601,1.5184155702590942,2293000,0.0,0.0
2023-06-28,1.5800000429153442,1.590000033378601,1.5700000524520874,1.590000033378601,1.5184155702590942,2160200,0.0,0.0
2023-06-30,1.590000033378601,1.6100000143051147,1.559999942779541,1.5800000429153442,1.5088659524917603,2468600,0.0,0.0
2023-07-03,1.5700000524520874,1.590000033378601,1.559999942779541,1.590000033378601,1.5184155702590942,2457400,0.0,0.0
2023-07-04,1.5800000429153442,1.590000033378601,1.559999942779541,1.5700000524520874,1.4993162155151367,2799100,0.0,0.0
2023-07-05,1.5700000524520874,1.590000033378601,1.559999942779541,1.590000033378601,1.5184155702590942,2768400,0.0,0.0
2023-07-06,1.5800000429153442,1.590000033378601,1.5700000524520874,1.5800000429153442,1.5088659524917603,859600,0.0,0.0
2023-07-07,1.5800000429153442,1.590000033378601,1.5700000524520874,1.5800000429153442,1.5088659524917603,1635500,0.0,0.0
2023-07-10,1.5800000429153442,1.590000033378601,1.5700000524520874,1.590000033378601,1.5184155702590942,1456900,0.0,0.0
2023-07-11,1.590000033378601,1.6100000143051147,1.5800000429153442,1.600000023841858,1.5279653072357178,2222800,0.0,0.0
2023-07-12,1.600000023841858,1.600000023841858,1.5800000429153442,1.590000033378601,1.5184155702590942,1387400,0.0,0.0
2023-07-13,1.590000033378601,1.6100000143051147,1.5800000429153442,1.600000023841858,1.5279653072357178,2353600,0.0,0.0
2023-07-14,1.6100000143051147,1.6200000047683716,1.590000033378601,1.6100000143051147,1.5375152826309204,3685500,0.0,0.0
2023-07-17,1.6200000047683716,1.6399999856948853,1.600000023841858,1.6299999952316284,1.556614637374878,2142700,0.0,0.0
2023-07-18,1.6299999952316284,1.649999976158142,1.6200000047683716,1.6399999856948853,1.5661646127700806,1609100,0.0,0.0
2023-07-20,1.6399999856948853,1.6699999570846558,1.6299999952316284,1.649999976158142,1.575714349746704,4565400,0.0,0.0
2023-07-21,1.649999976158142,1.6799999475479126,1.6399999856948853,1.6799999475479126,1.6043636798858643,1982700,0.0,0.0
2023-07-24,1.6799999475479126,1.6799999475479126,1.659999966621399,1.6699999570846558,1.5948139429092407,3362200,0.0,0.0
2023-07-25,1.659999966621399,1.7200000286102295,1.649999976158142,1.7000000476837158,1.6234632730484009,5542400,0.0,0.0
2023-07-26,1.7000000476837158,1.7200000286102295,1.649999976158142,1.7000000476837158,1.6234632730484009,10193200,0.0,0.0
2023-07-27,1.7000000476837158,1.7100000381469727,1.6799999475479126,1.7000000476837158,1.6234632730484009,2550700,0.0,0.0
2023-07-28,1.690000057220459,1.75,1.690000057220459,1.7300000190734863,1.6521124839782715,5480300,0.0,0.0
2023-07-31,1.7400000095367432,1.8200000524520874,1.7400000095367432,1.7899999618530273,1.7094111442565918,9607200,0.0,0.0
2023-08-01,1.7799999713897705,1.7899999618530273,1.7599999904632568,1.7699999809265137,1.6903116703033447,5038900,0.0,0.0
2023-08-02,1.7699999809265137,1.809999942779541,1.75,1.7599999904632568,1.6807618141174316,10947100,0.0,0.0
2023-08-03,1.7400000095367432,1.7699999809265137,1.7400000095367432,1.7599999904632568,1.6807618141174316,4982100,0.0,0.0
2023-08-04,1.75,1.7999999523162842,1.75,1.7899999618530273,1.7094111442565918,7042400,0.0,0.0
2023-08-07,1.7799999713897705,1.7999999523162842,1.7799999713897705,1.7899999618530273,1.7094111442565918,7375600,0.0,0.0
2023-08-08,1.7899999618530273,1.809999942779541,1.7699999809265137,1.7899999618530273,1.7094111442565918,7680000,0.0,0.0
2023-08-09,1.7999999523162842,1.840000033378601,1.7799999713897705,1.7999999523162842,1.7189611196517944,19318700,0.0,0.0
2023-08-10,1.7899999618530273,1.8200000524520874,1.7899999618530273,1.809999942779541,1.7285107374191284,3507300,0.0,0.0
2023-08-11,1.809999942779541,1.840000033378601,1.7999999523162842,1.8300000429153442,1.7476104497909546,5543600,0.0,0.0
2023-08-14,1.809999942779541,1.840000033378601,1.7899999618530273,1.8300000429153442,1.7476104497909546,6049200,0.0,0.0
2023-08-15,1.8300000429153442,1.940000057220459,1.8300000429153442,1.8799999952316284,1.795359492301941,20294000,0.0,0.0
2023-08-16,1.8700000047683716,1.8799999952316284,1.840000033378601,1.850000023841858,1.7667100429534912,10583900,0.0,0.0
2023-08-17,1.840000033378601,1.9299999475479126,1.840000033378601,1.9199999570846558,1.8335585594177246,19644100,0.0,0.0
2023-08-18,1.8899999856948853,1.940000057220459,1.8700000047683716,1.9199999570846558,1.8335585594177246,16799900,0.0,0.0
2023-08-21,1.899999976158142,1.9199999570846558,1.8799999952316284,1.899999976158142,1.8144588470458984,15642700,0.0,0.0
2023-08-22,1.899999976158142,1.940000057220459,1.8899999856948853,1.899999976158142,1.8144588470458984,7224000,0.0,0.0
2023-08-23,1.8899999856948853,1.909999966621399,1.8700000047683716,1.899999976158142,1.8144588470458984,14699400,0.0,0.0
2023-08-24,1.899999976158142,1.9199999570846558,1.8899999856948853,1.909999966621399,1.8240087032318115,9494600,0.0,0.0
2023-08-25,1.899999976158142,1.899999976158142,1.8700000047683716,1.899999976158142,1.8144588470458984,10662500,0.0,0.0
2023-08-28,1.8899999856948853,2.0299999713897705,1.8799999952316284,2.009999990463257,1.9195064306259155,19542900,0.0,0.0
2023-08-29,1.9800000190734863,2.0199999809265137,1.9800000190734863,2.009999990463257,1.9195064306259155,22250700,0.0,0.0
2023-08-30,2.0,2.009999990463257,1.9500000476837158,1.9900000095367432,1.900407075881958,15114800,0.0,0.0
2023-09-01,1.9700000286102295,1.9800000190734863,1.9500000476837158,1.9600000381469727,1.8717576265335083,9701400,0.0,0.0
2023-09-04,1.9600000381469727,2.0,1.9500000476837158,1.9800000190734863,1.8908573389053345,11310300,0.0,0.0
2023-09-05,1.9700000286102295,1.9800000190734863,1.8899999856948853,1.9199999570846558,1.8335585594177246,5604000,0.0,0.0
2023-09-06,1.9199999570846558,1.9800000190734863,1.9199999570846558,1.9800000190734863,1.8908573389053345,10160700,0.0,0.0
2023-09-07,1.9600000381469727,1.9700000286102295,1.9299999475479126,1.9500000476837158,1.8622080087661743,6468800,0.0,0.0
2023-09-08,1.9500000476837158,1.9800000190734863,1.940000057220459,1.9500000476837158,1.8622080087661743,6190800,0.0,0.0
2023-09-11,1.940000057220459,1.940000057220459,1.8899999856948853,1.9199999570846558,1.8335585594177246,3477100,0.0,0.0
2023-09-12,1.9199999570846558,1.940000057220459,1.899999976158142,1.9199999570846558,1.8335585594177246,8971200,0.0,0.0
2023-09-13,1.9199999570846558,1.9700000286102295,1.909999966621399,1.9299999475479126,1.8431081771850586,10327700,0.0,0.0
2023-09-14,1.9299999475479126,1.9800000190734863,1.9299999475479126,1.9700000286102295,1.8813073635101318,6864200,0.0,0.0
2023-09-15,1.9600000381469727,2.049999952316284,1.940000057220459,2.0299999713897705,1.9386060237884521,10297700,0.0,0.0
2023-09-18,2.0299999713897705,2.0299999713897705,1.9900000095367432,2.0,1.909956693649292,3748500,0.0,0.0
2023-09-19,2.0,2.0299999713897705,1.9800000190734863,2.009999990463257,1.9195064306259155,6583300,0.0,0.0
2023-09-20,2.0,2.0399999618530273,2.0,2.0199999809265137,1.9484437704086304,7771700,0.02,0.0
2023-09-21,2.009999990463257,2.069999933242798,2.009999990463257,2.0399999618530273,1.9677352905273438,8704200,0.0,0.0
2023-09-22,2.0299999713897705,2.059999942779541,2.009999990463257,2.0299999713897705,1.9580893516540527,6464500,0.0,0.0
2023-09-25,2.0399999618530273,2.0399999618530273,1.9800000190734863,1.9900000095367432,1.9195064306259155,6008000,0.0,0.0
2023-09-26,1.9900000095367432,2.0299999713897705,1.9700000286102295,2.009999990463257,1.9387980699539185,7864100,0.0,0.0
2023-09-27,2.009999990463257,2.0199999809265137,1.9800000190734863,1.9900000095367432,1.9195064306259155,4570000,0.0,0.0
2023-09-29,2.0,2.0399999618530273,1.9500000476837158,1.9700000286102295,1.9002150297164917,6555200,0.0,0.0
2023-10-02,1.9800000190734863,2.009999990463257,1.940000057220459,1.940000057220459,1.8712775707244873,3587900,0.0,0.0
2023-10-03,1.9299999475479126,1.9900000095367432,1.9299999475479126,1.9700000286102295,1.9002150297164917,6077400,0.0,0.0
2023-10-04,1.9500000476837158,1.9600000381469727,1.909999966621399,1.940000057220459,1.8712775707244873,7325100,0.0,0.0
2023-10-05,1.9299999475479126,1.9600000381469727,1.9299999475479126,1.9500000476837158,1.8809235095977783,2489300,0.0,0.0
2023-10-06,1.940000057220459,1.9900000095367432,1.940000057220459,1.9700000286102295,1.9002150297164917,10221900,0.0,0.0
2023-10-09,1.9800000190734863,1.9800000190734863,1.940000057220459,1.9500000476837158,1.8809235095977783,4189000,0.0,0.0
2023-10-10,1.9500000476837158,1.9700000286102295,1.899999976158142,1.9500000476837158,1.8809235095977783,20896600,0.0,0.0
2023-10-11,1.9500000476837158,1.9600000381469727,1.909999966621399,1.909999966621399,1.8423404693603516,9793300,0.0,0.0
2023-10-12,1.909999966621399,1.9900000095367432,1.909999966621399,1.9900000095367432,1.9195064306259155,12902100,0.0,0.0
2023-10-13,1.9900000095367432,1.9900000095367432,1.9299999475479126,1.940000057220459,1.8712775707244873,4061800,0.0,0.0
2023-10-16,1.940000057220459,1.9500000476837158,1.8799999952316284,1.899999976158142,1.83269464969635,12175300,0.0,0.0
2023-10-17,1.899999976158142,1.9299999475479126,1.8899999856948853,1.899999976158142,1.83269464969635,7130300,0.0,0.0
2023-10-18,1.899999976158142,1.899999976158142,1.8200000524520874,1.850000023841858,1.7844659090042114,20536200,0.0,0.0
2023-10-19,1.840000033378601,1.8700000047683716,1.840000033378601,1.8600000143051147,1.7941116094589233,8872900,0.0,0.0
2023-10-20,1.8600000143051147,1.8700000047683716,1.8300000429153442,1.8700000047683716,1.8037573099136353,4766800,0.0,0.0
2023-10-23,1.8600000143051147,1.8700000047683716,1.8200000524520874,1.850000023841858,1.7844659090042114,10465400,0.0,0.0
2023-10-24,1.850000023841858,1.8899999856948853,1.850000023841858,1.8799999952316284,1.8134032487869263,5679000,0.0,0.0
2023-10-25,1.8799999952316284,1.8899999856948853,1.8700000047683716,1.8799999952316284,1.8134032487869263,4876300,0.0,0.0
2023-10-26,1.8799999952316284,1.8899999856948853,1.8600000143051147,1.8700000047683716,1.8037573099136353,6501300,0.0,0.0
2023-10-27,1.8700000047683716,1.8899999856948853,1.850000023841858,1.850000023841858,1.7844659090042114,3302400,0.0,0.0
2023-10-30,1.850000023841858,1.8600000143051147,1.840000033378601,1.840000033378601,1.77482008934021,776600,0.0,0.0
2023-10-31,1.840000033378601,1.8700000047683716,1.840000033378601,1.850000023841858,1.7844659090042114,5907500,0.0,0.0
2023-11-01,1.850000023841858,1.8700000047683716,1.8200000524520874,1.8300000429153442,1.765174388885498,5645100,0.0,0.0
2023-11-02,1.850000023841858,1.8899999856948853,1.8300000429153442,1.8799999952316284,1.8134032487869263,8105500,0.0,0.0
2023-11-03,1.8799999952316284,1.899999976158142,1.8600000143051147,1.8700000047683716,1.8037573099136353,6427600,0.0,0.0
2023-11-06,1.8700000047683716,1.909999966621399,1.8700000047683716,1.8899999856948853,1.8230488300323486,14800100,0.0,0.0
2023-11-07,1.8899999856948853,1.909999966621399,1.8700000047683716,1.8799999952316284,1.8134032487869263,7253600,0.0,0.0
2023-11-08,1.8899999856948853,1.940000057220459,1.8700000047683716,1.8799999952316284,1.8134032487869263,18988800,0.0,0.0
2023-11-09,1.8799999952316284,1.9199999570846558,1.8799999952316284,1.899999976158142,1.83269464969635,10657900,0.0,0.0
2023-11-10,1.899999976158142,1.9199999570846558,1.8899999856948853,1.909999966621399,1.8423404693603516,12753300,0.0,0.0
2023-11-14,1.9199999570846558,1.9600000381469727,1.899999976158142,1.9500000476837158,1.8809235095977783,16282900,0.0,0.0
2023-11-15,1.9500000476837158,1.9700000286102295,1.940000057220459,1.9600000381469727,1.8905693292617798,9082000,0.0,0.0
2023-11-16,1.9600000381469727,2.0,1.940000057220459,1.9900000095367432,1.9195064306259155,12997700,0.0,0.0
2023-11-17,1.9900000095367432,2.009999990463257,1.9700000286102295,2.009999990463257,1.9387980699539185,7075400,0.0,0.0
2023-11-20,1.9900000095367432,2.009999990463257,1.9800000190734863,2.009999990463257,1.9387980699539185,8245200,0.0,0.0
2023-11-21,2.0,2.009999990463257,1.9700000286102295,1.9800000190734863,1.9098608493804932,7230700,0.0,0.0
2023-11-22,1.9700000286102295,1.9700000286102295,1.9299999475479126,1.940000057220459,1.8712775707244873,3349500,0.0,0.0
2023-11-23,1.9500000476837158,1.9700000286102295,1.940000057220459,1.9600000381469727,1.8905693292617798,8511400,0.0,0.0
2023-11-24,1.9600000381469727,1.9800000190734863,1.9500000476837158,1.9700000286102295,1.9002150297164917,6292500,0.0,0.0
2023-11-27,1.9700000286102295,1.9700000286102295,1.9500000476837158,1.9600000381469727,1.8905693292617798,3870900,0.0,0.0
2023-11-28,1.9600000381469727,1.9700000286102295,1.9500000476837158,1.9500000476837158,1.8809235095977783,4236500,0.0,0.0
2023-11-29,1.9500000476837158,1.9800000190734863,1.9500000476837158,1.9700000286102295,1.9002150297164917,5125900,0.0,0.0
2023-11-30,1.9700000286102295,1.9800000190734863,1.9500000476837158,1.9800000190734863,1.9098608493804932,6656400,0.0,0.0
2023-12-01,1.9800000190734863,1.9800000190734863,1.8899999856948853,1.899999976158142,1.83269464969635,12520900,0.0,0.0
2023-12-04,1.899999976158142,1.9299999475479126,1.8899999856948853,1.9199999570846558,1.8519861698150635,7531300,0.0,0.0
2023-12-05,1.9199999570846558,1.9199999570846558,1.899999976158142,1.909999966621399,1.8423404693603516,7181300,0.0,0.0
2023-12-06,1.909999966621399,1.9500000476837158,1.909999966621399,1.9500000476837158,1.8809235095977783,1913100,0.0,0.0
2023-12-07,1.940000057220459,1.9600000381469727,1.9299999475479126,1.940000057220459,1.8712775707244873,5109100,0.0,0.0
2023-12-08,1.9500000476837158,1.9700000286102295,1.9500000476837158,1.9600000381469727,1.8905693292617798,3191400,0.0,0.0
2023-12-11,1.9600000381469727,1.9800000190734863,1.9500000476837158,1.9600000381469727,1.8905693292617798,3094800,0.0,0.0
2023-12-12,1.9700000286102295,1.9900000095367432,1.9500000476837158,1.9600000381469727,1.8905693292617798,7555000,0.0,0.0
2023-12-13,1.9700000286102295,2.009999990463257,1.9600000381469727,2.0,1.929152250289917,10188800,0.0,0.0
2023-12-14,1.9900000095367432,2.009999990463257,1.9700000286102295,2.0,1.929152250289917,7544700,0.0,0.0
2023-12-15,2.0,2.0899999141693115,1.9700000286102295,2.049999952316284,1.9773811101913452,20371900,0.0,0.0
2023-12-18,2.0999999046325684,2.0999999046325684,2.0399999618530273,2.059999942779541,1.9870268106460571,4731300,0.0,0.0
2023-12-19,2.049999952316284,2.059999942779541,2.0399999618530273,2.0399999618530273,1.9677352905273438,3449600,0.0,0.0
2023-12-20,2.049999952316284,2.049999952316284,2.0199999809265137,2.0399999618530273,1.9677352905273438,5616100,0.0,0.0
2023-12-21,2.0399999618530273,2.049999952316284,2.0299999713897705,2.049999952316284,1.9773811101913452,8600800,0.0,0.0
2023-12-22,2.049999952316284,2.049999952316284,2.0299999713897705,2.0399999618530273,1.9677352905273438,7160500,0.0,0.0
2023-12-26,2.0399999618530273,2.059999942779541,2.0199999809265137,2.0199999809265137,1.9484437704086304,6314200,0.0,0.0
2023-12-27,2.0299999713897705,2.049999952316284,2.009999990463257,2.0199999809265137,1.9484437704086304,5551400,0.0,0.0
2023-12-28,2.0199999809265137,2.0399999618530273,2.009999990463257,2.0299999713897705,1.9580893516540527,5559800,0.0,0.0
2023-12-29,2.0299999713897705,2.059999942779541,2.0199999809265137,2.059999942779541,1.9870268106460571,5834400,0.0,0.0
2024-01-02,2.059999942779541,2.1500000953674316,2.0399999618530273,2.1500000953674316,2.073838710784912,11833200,0.0,0.0
2024-01-03,2.1500000953674316,2.1600000858306885,2.109999895095825,2.130000114440918,2.054547071456909,11280100,0.0,0.0
2024-01-04,2.140000104904175,2.2100000381469727,2.130000114440918,2.2100000381469727,2.1317131519317627,26942300,0.0,0.0
2024-01-05,2.2100000381469727,2.2300000190734863,2.1600000858306885,2.2200000286102295,2.1413588523864746,14397100,0.0,0.0
2024-01-08,2.2300000190734863,2.369999885559082,2.2300000190734863,2.3499999046325684,2.266753673553467,37951100,0.0,0.0
2024-01-09,2.359999895095825,2.430000066757202,2.2899999618530273,2.309999942779541,2.228170871734619,23863900,0.0,0.0
2024-01-10,2.309999942779541,2.3399999141693115,2.2799999713897705,2.2799999713897705,2.1992335319519043,16681200,0.0,0.0
2024-01-11,2.2799999713897705,2.3299999237060547,2.259999990463257,2.309999942779541,2.228170871734619,16795000,0.0,0.0
2024-01-12,2.309999942779541,2.390000104904175,2.299999952316284,2.3499999046325684,2.266753673553467,12314800,0.0,0.0
2024-01-15,2.3499999046325684,2.430000066757202,2.3399999141693115,2.4000000953674316,2.3149828910827637,21341400,0.0,0.0
2024-01-16,2.4100000858306885,2.430000066757202,2.3299999237060547,2.380000114440918,2.2956912517547607,15980200,0.0,0.0
2024-01-17,2.380000114440918,2.380000114440918,2.319999933242798,2.3399999141693115,2.257108211517334,13967700,0.0,0.0
2024-01-18,2.3499999046325684,2.369999885559082,2.299999952316284,2.3299999237060547,2.247462272644043,16202700,0.0,0.0
2024-01-19,2.3299999237060547,2.4800000190734863,2.3299999237060547,2.440000057220459,2.3535659313201904,25954900,0.0,0.0
2024-01-22,2.4700000286102295,2.5799999237060547,2.4600000381469727,2.5,2.411440372467041,24140500,0.0,0.0
2024-01-23,2.5,2.5399999618530273,2.450000047683716,2.4600000381469727,2.3728573322296143,15219100,0.0,0.0
2024-01-24,2.4700000286102295,2.609999895095825,2.4600000381469727,2.5999999046325684,2.5078980922698975,29468100,0.0,0.0
2024-01-26,2.5999999046325684,2.640000104904175,2.559999942779541,2.569999933242798,2.4789605140686035,19993700,0.0,0.0
2024-01-29,2.5899999141693115,2.700000047683716,2.559999942779541,2.680000066757202,2.585064172744751,26776200,0.0,0.0
2024-01-30,2.690000057220459,2.7300000190734863,2.6500000953674316,2.700000047683716,2.604355573654175,12982100,0.0,0.0
2024-01-31,2.690000057220459,2.7200000286102295,2.6700000762939453,2.680000066757202,2.585064172744751,16285100,0.0,0.0
2024-02-02,2.6700000762939453,2.690000057220459,2.630000114440918,2.6500000953674316,2.556126832962036,17192800,0.0,0.0
2024-02-05,2.6500000953674316,2.680000066757202,2.630000114440918,2.6600000858306885,2.565772533416748,9343700,0.0,0.0
2024-02-06,2.6500000953674316,2.690000057220459,2.6500000953674316,2.6600000858306885,2.565772533416748,7361300,0.0,0.0
2024-02-07,2.6700000762939453,2.6700000762939453,2.5899999141693115,2.6500000953674316,2.556126832962036,12521400,0.0,0.0
2024-02-08,2.640000104904175,2.759999990463257,2.630000114440918,2.740000009536743,2.6429388523101807,15897700,0.0,0.0
2024-02-09,2.740000009536743,2.75,2.700000047683716,2.7200000286102295,2.6236469745635986,2254700,0.0,0.0
2024-02-13,2.740000009536743,2.75,2.7100000381469727,2.7300000190734863,2.6332929134368896,4004200,0.0,0.0
2024-02-14,2.7300000190734863,2.7799999713897705,2.680000066757202,2.700000047683716,2.604355573654175,14369900,0.0,0.0
2024-02-15,2.7200000286102295,2.740000009536743,2.690000057220459,2.7300000190734863,2.6332929134368896,10074800,0.0,0.0
2024-02-16,2.75,2.7899999618530273,2.7300000190734863,2.759999990463257,2.6622300148010254,13501500,0.0,0.0
2024-02-19,2.7699999809265137,2.7699999809265137,2.7100000381469727,2.740000009536743,2.6429388523101807,8622100,0.0,0.0
2024-02-20,2.75,2.7699999809265137,2.700000047683716,2.7300000190734863,2.6332929134368896,10210200,0.0,0.0
2024-02-21,2.740000009536743,2.740000009536743,2.690000057220459,2.7100000381469727,2.6140012741088867,8905200,0.0,0.0
2024-02-22,2.7300000190734863,2.819999933242798,2.7100000381469727,2.799999952316284,2.7008132934570312,23068200,0.0,0.0
2024-02-23,2.799999952316284,2.869999885559082,2.799999952316284,2.8499999046325684,2.749041795730591,20065000,0.0,0.0
2024-02-26,2.8499999046325684,2.859999895095825,2.7799999713897705,2.809999942779541,2.710458993911743,10208700,0.0,0.0
2024-02-27,2.809999942779541,2.880000114440918,2.809999942779541,2.8499999046325684,2.749041795730591,8072100,0.0,0.0
2024-02-28,2.8499999046325684,2.859999895095825,2.7899999618530273,2.7899999618530273,2.6911673545837402,16084600,0.0,0.0
2024-02-29,2.799999952316284,2.819999933242798,2.7200000286102295,2.799999952316284,2.7008132934570312,15525300,0.0,0.0
2024-03-01,2.799999952316284,2.8299999237060547,2.7799999713897705,2.799999952316284,2.7008132934570312,4928000,0.0,0.0
2024-03-04,2.799999952316284,2.880000114440918,2.799999952316284,2.8499999046325684,2.749041795730591,13450700,0.0,0.0
2024-03-05,2.8499999046325684,2.880000114440918,2.819999933242798,2.859999895095825,2.7586874961853027,13557200,0.0,0.0
2024-03-06,2.869999885559082,2.869999885559082,2.819999933242798,2.819999933242798,2.720104455947876,9662800,0.0,0.0
2024-03-07,2.8299999237060547,2.9200000762939453,2.819999933242798,2.9200000762939453,2.8165624141693115,18074600,0.0,0.0
2024-03-08,2.940000057220459,2.950000047683716,2.869999885559082,2.9000000953674316,2.7972710132598877,12951500,0.0,0.0
2024-03-11,2.9000000953674316,2.9100000858306885,2.869999885559082,2.890000104904175,2.7876250743865967,9032200,0.0,0.0
2024-03-12,2.9000000953674316,2.940000057220459,2.880000114440918,2.930000066757202,2.8262083530426025,7056300,0.0,0.0
2024-03-13,2.930000066757202,2.9700000286102295,2.930000066757202,2.9600000381469727,2.855145215988159,9291200,0.0,0.0
2024-03-14,2.9600000381469727,2.9700000286102295,2.940000057220459,2.9600000381469727,2.855145215988159,3547700,0.0,0.0
2024-03-15,2.9600000381469727,3.0399999618530273,2.950000047683716,3.0199999809265137,2.913019895553589,17340100,0.0,0.0
2024-03-18,3.0299999713897705,3.0999999046325684,2.9800000190734863,3.0999999046325684,3.0252466201782227,20818700,0.035,0.0
2024-03-19,3.109999895095825,3.3399999141693115,3.059999942779541,3.319999933242798,3.2399415969848633,40765100,0.0,0.0
2024-03-20,3.319999933242798,3.319999933242798,3.190000057220459,3.240000009536743,3.1618709564208984,32335000,0.0,0.0
2024-03-21,3.240000009536743,3.4800000190734863,3.2300000190734863,3.4700000286102295,3.386324644088745,35722700,0.0,0.0
2024-03-22,3.4700000286102295,3.5199999809265137,3.4200000762939453,3.490000009536743,3.4058425426483154,22501600,0.0,0.0
2024-03-25,3.490000009536743,3.5799999237060547,3.430000066757202,3.549999952316284,3.46439528465271,30134800,0.0,0.0
2024-03-26,3.5,3.569999933242798,3.4700000286102295,3.5399999618530273,3.454636573791504,22350100,0.0,0.0
2024-03-27,3.5299999713897705,3.5299999713897705,3.4700000286102295,3.5,3.4156012535095215,19268700,0.0,0.0
2024-03-29,3.5,3.509999990463257,3.4600000381469727,3.5,3.4156012535095215,10711700,0.0,0.0
2024-04-01,3.5,3.5,3.440000057220459,3.4700000286102295,3.386324644088745,11391800,0.0,0.0
2024-04-02,3.4700000286102295,3.5,3.359999895095825,3.4000000953674316,3.3180127143859863,16340100,0.0,0.0
2024-04-03,3.4000000953674316,3.4600000381469727,3.309999942779541,3.359999895095825,3.278977155685425,15884600,0.0,0.0
2024-04-04,3.359999895095825,3.450000047683716,3.3499999046325684,3.4000000953674316,3.3180127143859863,9788700,0.0,0.0
2024-04-05,3.4000000953674316,3.4600000381469727,3.390000104904175,3.450000047683716,3.366806983947754,10464300,0.0,0.0
2024-04-08,3.450000047683716,3.5299999713897705,3.450000047683716,3.4600000381469727,3.37656569480896,12269900,0.0,0.0
2024-04-09,3.4600000381469727,3.490000009536743,3.4200000762939453,3.4200000762939453,3.3375301361083984,9874400,0.0,0.0
2024-04-12,3.4200000762939453,3.509999990463257,3.4200000762939453,3.4700000286102295,3.386324644088745,15535300,0.0,0.0
2024-04-15,3.450000047683716,3.4600000381469727,3.319999933242798,3.369999885559082,3.288735866546631,19717300,0.0,0.0
2024-04-16,3.369999885559082,3.380000114440918,3.25,3.2799999713897705,3.200906276702881,34507400,0.0,0.0
2024-04-17,3.2799999713897705,3.359999895095825,3.259999990463257,3.3499999046325684,3.2692182064056396,25193800,0.0,0.0
2024-04-18,3.3399999141693115,3.359999895095825,3.2799999713897705,3.359999895095825,3.278977155685425,18816900,0.0,0.0
2024-04-19,3.359999895095825,3.369999885559082,3.259999990463257,3.3299999237060547,3.2497003078460693,20019800,0.0,0.0
2024-04-22,3.3399999141693115,3.3499999046325684,3.299999952316284,3.319999933242798,3.2399415969848633,10830400,0.0,0.0
2024-04-23,3.319999933242798,3.369999885559082,3.319999933242798,3.3299999237060547,3.2497003078460693,9421500,0.0,0.0
2024-04-24,3.3299999237060547,3.430000066757202,3.3299999237060547,3.4000000953674316,3.3180127143859863,12122100,0.0,0.0
2024-04-25,3.390000104904175,3.430000066757202,3.359999895095825,3.4100000858306885,3.3277716636657715,7108600,0.0,0.0
2024-04-26,3.4200000762939453,3.490000009536743,3.390000104904175,3.4700000286102295,3.386324644088745,13578700,0.0,0.0
2024-04-29,3.490000009536743,3.5,3.450000047683716,3.490000009536743,3.4058425426483154,11117900,0.0,0.0
2024-04-30,3.4800000190734863,3.6600000858306885,3.4700000286102295,3.5199999809265137,3.4351189136505127,38813700,0.0,0.0
2024-05-02,3.5299999713897705,3.5999999046325684,3.4800000190734863,3.5999999046325684,3.5131897926330566,15820600,0.0,0.0
2024-05-03,3.5999999046325684,3.619999885559082,3.549999952316284,3.549999952316284,3.46439528465271,8833600,0.0,0.0
2024-05-06,3.559999942779541,3.619999885559082,3.549999952316284,3.5999999046325684,3.5131897926330566,9074700,0.0,0.0
2024-05-07,3.5999999046325684,3.630000114440918,3.559999942779541,3.569999933242798,3.4839131832122803,10121100,0.0,0.0
2024-05-08,3.5799999237060547,3.5899999141693115,3.5399999618530273,3.5799999237060547,3.4936721324920654,7680500,0.0,0.0
2024-05-09,3.5799999237060547,3.609999895095825,3.5199999809265137,3.549999952316284,3.46439528465271,16523000,0.0,0.0
2024-05-10,3.5399999618530273,3.5399999618530273,3.450000047683716,3.5,3.4156012535095215,17381800,0.0,0.0
2024-05-13,3.509999990463257,3.5399999618530273,3.4700000286102295,3.5,3.4156012535095215,9111200,0.0,0.0
2024-05-14,3.5,3.5299999713897705,3.490000009536743,3.509999990463257,3.4253599643707275,12001700,0.0,0.0
2024-05-15,3.509999990463257,3.509999990463257,3.3499999046325684,3.4000000953674316,3.3180127143859863,33158000,0.0,0.0
2024-05-16,3.4000000953674316,3.450000047683716,3.390000104904175,3.4200000762939453,3.3375301361083984,14890000,0.0,0.0
2024-05-17,3.450000047683716,3.5899999141693115,3.440000057220459,3.549999952316284,3.46439528465271,17030800,0.0,0.0
2024-05-20,3.569999933242798,3.680000066757202,3.569999933242798,3.6500000953674316,3.561984062194824,16472800,0.0,0.0
2024-05-21,3.6600000858306885,3.690000057220459,3.630000114440918,3.6600000858306885,3.5717432498931885,14391200,0.0,0.0
2024-05-23,3.630000114440918,3.7799999713897705,3.5999999046325684,3.75,3.6595728397369385,31995100,0.0,0.0
2024-05-24,3.75,3.7799999713897705,3.700000047683716,3.759999990463257,3.6693317890167236,17482900,0.0,0.0
2024-05-27,3.759999990463257,3.759999990463257,3.7100000381469727,3.75,3.6595728397369385,11600200,0.0,0.0
2024-05-28,3.75,3.75,3.6500000953674316,3.700000047683716,3.610778331756592,12663800,0.0,0.0
2024-05-29,3.7200000286102295,3.7200000286102295,3.5899999141693115,3.619999885559082,3.532707691192627,13368900,0.0,0.0
2024-05-30,3.619999885559082,3.6500000953674316,3.609999895095825,3.619999885559082,3.532707691192627,6810400,0.0,0.0
2024-05-31,3.5999999046325684,3.609999895095825,3.4600000381469727,3.5,3.4156012535095215,23481700,0.0,0.0
2024-06-04,3.5,3.569999933242798,3.4800000190734863,3.5299999713897705,3.444877862930298,11344800,0.0,0.0
2024-06-05,3.5399999618530273,3.559999942779541,3.5199999809265137,3.5399999618530273,3.454636573791504,10951600,0.0,0.0
2024-06-06,3.5399999618530273,3.619999885559082,3.5199999809265137,3.5999999046325684,3.5131897926330566,21833900,0.0,0.0
2024-06-07,3.609999895095825,3.619999885559082,3.549999952316284,3.549999952316284,3.46439528465271,14775200,0.0,0.0
2024-06-10,3.549999952316284,3.569999933242798,3.5199999809265137,3.549999952316284,3.46439528465271,8329000,0.0,0.0
2024-06-11,3.549999952316284,3.7699999809265137,3.549999952316284,3.6700000762939453,3.5815019607543945,25861300,0.0,0.0
2024-06-12,3.690000057220459,3.799999952316284,3.6700000762939453,3.740000009536743,3.6498138904571533,20929700,0.0,0.0
2024-06-13,3.740000009536743,3.7699999809265137,3.680000066757202,3.690000057220459,3.6010196208953857,8700700,0.0,0.0
2024-06-14,3.700000047683716,3.8299999237060547,3.680000066757202,3.799999952316284,3.708367109298706,13055900,0.0,0.0
2024-06-18,3.799999952316284,3.8299999237060547,3.7300000190734863,3.75,3.6595728397369385,7508500,0.0,0.0
2024-06-19,3.75,3.759999990463257,3.6700000762939453,3.75,3.6595728397369385,6748400,0.0,0.0
2024-06-20,3.740000009536743,3.740000009536743,3.680000066757202,3.7200000286102295,3.630296230316162,6345500,0.0,0.0
2024-06-21,3.7200000286102295,3.7699999809265137,3.700000047683716,3.75,3.6595728397369385,14482100,0.0,0.0
2024-06-24,3.75,3.759999990463257,3.680000066757202,3.700000047683716,3.610778331756592,11263200,0.0,0.0
2024-06-25,3.680000066757202,3.7100000381469727,3.5799999237060547,3.5999999046325684,3.5131897926330566,12144100,0.0,0.0
2024-06-26,3.5899999141693115,3.6500000953674316,3.569999933242798,3.619999885559082,3.532707691192627,15489000,0.0,0.0
2024-06-27,3.619999885559082,3.630000114440918,3.549999952316284,3.569999933242798,3.4839131832122803,15680900,0.0,0.0
2024-06-28,3.5799999237060547,3.630000114440918,3.5399999618530273,3.609999895095825,3.522948741912842,11803400,0.0,0.0
2024-07-01,3.609999895095825,3.7300000190734863,3.5799999237060547,3.7100000381469727,3.620537281036377,13849100,0.0,0.0
2024-07-02,3.7100000381469727,3.8399999141693115,3.7100000381469727,3.8299999237060547,3.7376434803009033,21028500,0.0,0.0
2024-07-03,3.8399999141693115,3.990000009536743,3.8299999237060547,3.950000047683716,3.854749917984009,26681100,0.0,0.0
2024-07-04,3.9700000286102295,4.010000228881836,3.9200000762939453,3.950000047683716,3.854749917984009,25891000,0.0,0.0
2024-07-05,3.950000047683716,3.9700000286102295,3.9200000762939453,3.940000057220459,3.8449912071228027,7311400,0.0,0.0
2024-07-09,3.950000047683716,3.9700000286102295,3.9000000953674316,3.940000057220459,3.8449912071228027,15580200,0.0,0.0
2024-07-10,3.940000057220459,3.950000047683716,3.9000000953674316,3.930000066757202,3.8352322578430176,13233700,0.0,0.0
2024-07-11,3.9200000762939453,4.119999885559082,3.9200000762939453,4.099999904632568,4.001132965087891,30864200,0.0,0.0
2024-07-12,4.099999904632568,4.150000095367432,4.03000020980835,4.099999904632568,4.001132965087891,15505700,0.0,0.0
2024-07-15,4.110000133514404,4.190000057220459,4.079999923706055,4.139999866485596,4.040168762207031,15035900,0.0,0.0
2024-07-16,4.159999847412109,4.179999828338623,4.099999904632568,4.119999885559082,4.020650386810303,8207700,0.0,0.0
2024-07-17,4.139999866485596,4.179999828338623,4.119999885559082,4.139999866485596,4.040168762207031,13952100,0.0,0.0
2024-07-18,4.150000095367432,4.150000095367432,4.050000190734863,4.090000152587891,3.9913740158081055,17494100,0.0,0.0
2024-07-19,4.090000152587891,4.119999885559082,4.059999942779541,4.110000133514404,4.010891914367676,9999600,0.0,0.0
2024-07-22,4.099999904632568,4.119999885559082,4.039999961853027,4.119999885559082,4.020650386810303,11047800,0.0,0.0
2024-07-23,4.119999885559082,4.300000190734863,4.119999885559082,4.28000020980835,4.176792621612549,18697300,0.0,0.0
2024-07-24,4.300000190734863,4.300000190734863,4.21999979019165,4.230000019073486,4.127998352050781,6466300,0.0,0.0
2024-07-25,4.230000019073486,4.300000190734863,4.179999828338623,4.230000019073486,4.127998352050781,12500600,0.0,0.0
2024-07-26,4.239999771118164,4.320000171661377,4.230000019073486,4.25,4.147515773773193,9842400,0.0,0.0
2024-07-29,4.289999961853027,4.380000114440918,4.230000019073486,4.360000133514404,4.2548627853393555,16616100,0.0,0.0
2024-07-30,4.380000114440918,4.420000076293945,4.309999942779541,4.309999942779541,4.206068992614746,11388100,0.0,0.0
2024-07-31,4.309999942779541,4.340000152587891,4.21999979019165,4.289999961853027,4.186551570892334,7528500,0.0,0.0
2024-08-01,4.289999961853027,4.329999923706055,4.139999866485596,4.150000095367432,4.049927234649658,10974400,0.0,0.0
2024-08-02,4.130000114440918,4.130000114440918,3.9600000381469727,4.03000020980835,3.932821035385132,25401100,0.0,0.0
2024-08-05,3.9200000762939453,3.930000066757202,3.509999990463257,3.619999885559082,3.532707691192627,55417500,0.0,0.0
2024-08-06,3.7300000190734863,3.8299999237060547,3.5999999046325684,3.759999990463257,3.6693317890167236,40419000,0.0,0.0
2024-08-07,3.7699999809265137,3.9200000762939453,3.6500000953674316,3.890000104904175,3.7961971759796143,31058300,0.0,0.0
2024-08-08,3.8399999141693115,4.019999980926514,3.7799999713897705,3.9200000762939453,3.8254735469818115,17307500,0.0,0.0
2024-08-09,3.990000009536743,4.099999904632568,3.9600000381469727,4.059999942779541,3.96209716796875,17853900,0.0,0.0
2024-08-12,4.070000171661377,4.170000076293945,4.070000171661377,4.099999904632568,4.001132965087891,16167000,0.0,0.0
2024-08-13,4.119999885559082,4.230000019073486,4.079999923706055,4.190000057220459,4.088962554931641,24722500,0.0,0.0
2024-08-14,4.210000038146973,4.25,4.190000057220459,4.190000057220459,4.088962554931641,17536700,0.0,0.0
2024-08-15,4.190000057220459,4.210000038146973,4.110000133514404,4.170000076293945,4.06944465637207,18314800,0.0,0.0
2024-08-16,4.199999809265137,4.28000020980835,4.159999847412109,4.190000057220459,4.088962554931641,16188000,0.0,0.0
2024-08-19,4.199999809265137,4.230000019073486,4.150000095367432,4.190000057220459,4.088962554931641,12929800,0.0,0.0
2024-08-20,4.210000038146973,4.25,3.9800000190734863,4.019999980926514,3.923062324523926,17989400,0.0,0.0
2024-08-21,4.03000020980835,4.139999866485596,4.019999980926514,4.050000190734863,3.952338457107544,11945200,0.0,0.0
2024-08-22,4.090000152587891,4.119999885559082,4.039999961853027,4.079999923706055,3.9816150665283203,13348400,0.0,0.0
2024-08-23,4.119999885559082,4.130000114440918,3.990000009536743,4.019999980926514,3.923062324523926,11663500,0.0,0.0
2024-08-26,4.019999980926514,4.170000076293945,4.019999980926514,4.119999885559082,4.020650386810303,17227200,0.0,0.0
2024-08-27,4.130000114440918,4.159999847412109,4.070000171661377,4.079999923706055,3.9816150665283203,20122200,0.0,0.0
2024-08-28,4.079999923706055,4.079999923706055,3.9000000953674316,3.9100000858306885,3.8157145977020264,25335000,0.0,0.0
2024-08-29,3.9200000762939453,4.130000114440918,3.9200000762939453,3.990000009536743,3.8937854766845703,24818600,0.0,0.0
2024-08-30,4.0,4.210000038146973,4.0,4.099999904632568,4.001132965087891,234701900,0.0,0.0
2024-09-02,4.099999904632568,4.150000095367432,4.090000152587891,4.130000114440918,4.030409336090088,16103600,0.0,0.0
2024-09-03,4.130000114440918,4.190000057220459,4.130000114440918,4.179999828338623,4.0792036056518555,15416100,0.0,0.0
2024-09-04,4.150000095367432,4.159999847412109,4.070000171661377,4.110000133514404,4.010891914367676,13784300,0.0,0.0
2024-09-05,4.110000133514404,4.139999866485596,3.9600000381469727,4.0,3.9035444259643555,11233500,0.0,0.0
2024-09-06,4.0,4.03000020980835,3.8399999141693115,3.940000057220459,3.8449912071228027,20880200,0.0,0.0
2024-09-09,3.9000000953674316,4.0,3.8499999046325684,3.9600000381469727,3.864508867263794,17213000,0.0,0.0
2024-09-10,4.0,4.019999980926514,3.9800000190734863,3.990000009536743,3.8937854766845703,12939100,0.0,0.0
2024-09-11,4.010000228881836,4.03000020980835,3.9000000953674316,3.9200000762939453,3.8254735469818115,8926800,0.0,0.0
2024-09-12,3.950000047683716,4.0,3.9200000762939453,3.9700000286102295,3.874267578125,8768400,0.0,0.0
2024-09-13,3.940000057220459,4.130000114440918,3.940000057220459,4.090000152587891,3.9913740158081055,10330400,0.0,0.0
2024-09-17,4.090000152587891,4.179999828338623,4.090000152587891,4.139999866485596,4.040168762207031,10999200,0.0,0.0
2024-09-18,4.139999866485596,4.159999847412109,4.070000171661377,4.139999866485596,4.059780597686768,6339200,0.02,0.0
2024-09-19,4.099999904632568,4.380000114440918,4.099999904632568,4.380000114440918,4.295130252838135,26656900,0.0,0.0
2024-09-20,4.380000114440918,4.440000057220459,4.380000114440918,4.389999866485596,4.304936408996582,74794000,0.0,0.0
2024-09-23,4.400000095367432,4.409999847412109,4.190000057220459,4.190000057220459,4.108811855316162,12752900,0.0,0.0
2024-09-24,4.21999979019165,4.329999923706055,4.199999809265137,4.300000190734863,4.216680526733398,15540300,0.0,0.0
2024-09-25,4.320000171661377,4.340000152587891,4.21999979019165,4.260000228881836,4.177455425262451,6624000,0.0,0.0
2024-09-26,4.300000190734863,4.309999942779541,4.239999771118164,4.28000020980835,4.197068691253662,5914600,0.0,0.0
2024-09-27,4.300000190734863,4.320000171661377,4.210000038146973,4.25,4.167649269104004,7356200,0.0,0.0
2024-09-30,4.230000019073486,4.25,4.110000133514404,4.199999809265137,4.118618488311768,6469500,0.0,0.0
2024-10-01,4.150000095367432,4.269999980926514,4.130000114440918,4.25,4.167649269104004,8408000,0.0,0.0
2024-10-02,4.210000038146973,4.230000019073486,4.110000133514404,4.130000114440918,4.04997444152832,9572500,0.0,0.0
2024-10-03,4.179999828338623,4.230000019073486,4.119999885559082,4.210000038146973,4.128424644470215,5500000,0.0,0.0
2024-10-04,4.210000038146973,4.210000038146973,4.150000095367432,4.170000076293945,4.089199066162109,2563300,0.0,0.0
2024-10-07,4.170000076293945,4.210000038146973,4.150000095367432,4.199999809265137,4.118618488311768,3624700,0.0,0.0
2024-10-08,4.199999809265137,4.289999961853027,4.119999885559082,4.260000228881836,4.177455425262451,8672000,0.0,0.0
2024-10-09,4.269999980926514,4.309999942779541,4.260000228881836,4.269999980926514,4.187261581420898,6456900,0.0,0.0
2024-10-10,4.300000190734863,4.300000190734863,4.260000228881836,4.269999980926514,4.187261581420898,6824100,0.0,0.0
2024-10-11,4.309999942779541,4.429999828338623,4.300000190734863,4.369999885559082,4.2853240966796875,15701000,0.0,0.0
2024-10-14,4.409999847412109,4.409999847412109,4.320000171661377,4.349999904632568,4.265711307525635,5015100,0.0,0.0
2024-10-15,4.349999904632568,4.480000019073486,4.340000152587891,4.449999809265137,4.363773345947266,7979200,0.0,0.0
2024-10-16,4.449999809265137,4.480000019073486,4.380000114440918,4.389999866485596,4.304936408996582,9822800,0.0,0.0
2024-10-17,4.420000076293945,4.46999979019165,4.389999866485596,4.46999979019165,4.383386611938477,7833200,0.0,0.0
2024-10-18,4.429999828338623,4.489999771118164,4.420000076293945,4.46999979019165,4.383386611938477,6816400,0.0,0.0
2024-10-21,4.46999979019165,4.5,4.400000095367432,4.460000038146973,4.373580455780029,6912400,0.0,0.0
2024-10-22,4.449999809265137,4.5,4.420000076293945,4.480000019073486,4.393192768096924,10465900,0.0,0.0
2024-10-23,4.480000019073486,4.559999942779541,4.480000019073486,4.5,4.412805080413818,8298200,0.0,0.0
2024-10-24,4.489999771118164,4.5,4.400000095367432,4.460000038146973,4.373580455780029,7897300,0.0,0.0
2024-10-25,4.429999828338623,4.480000019073486,4.400000095367432,4.460000038146973,4.373580455780029,4507300,0.0,0.0
2024-10-28,4.460000038146973,4.539999961853027,4.320000171661377,4.320000171661377,4.236292839050293,5975800,0.0,0.0
2024-10-29,4.329999923706055,4.380000114440918,4.309999942779541,4.340000152587891,4.255905628204346,5487700,0.0,0.0
2024-10-30,4.340000152587891,4.369999885559082,4.289999961853027,4.369999885559082,4.2853240966796875,8663400,0.0,0.0
2024-11-01,4.369999885559082,4.369999885559082,4.269999980926514,4.360000133514404,4.27551794052124,6991000,0.0,0.0
2024-11-04,4.360000133514404,4.449999809265137,4.349999904632568,4.420000076293945,4.334355354309082,8291600,0.0,0.0
2024-11-05,4.420000076293945,4.46999979019165,4.409999847412109,4.429999828338623,4.344161033630371,4608600,0.0,0.0
2024-11-06,4.429999828338623,4.650000095367432,4.429999828338623,4.599999904632568,4.510867595672607,14753000,0.0,0.0
2024-11-07,4.599999904632568,4.670000076293945,4.539999961853027,4.599999904632568,4.510867595672607,12976300,0.0,0.0
2024-11-08,4.619999885559082,4.639999866485596,4.599999904632568,4.630000114440918,4.540286064147949,7253400,0.0,0.0
2024-11-11,4.639999866485596,4.710000038146973,4.550000190734863,4.630000114440918,4.540286064147949,7018400,0.0,0.0
2024-11-12,4.630000114440918,4.659999847412109,4.610000133514404,4.639999866485596,4.550091743469238,6675900,0.0,0.0
2024-11-13,4.659999847412109,4.659999847412109,4.579999923706055,4.630000114440918,4.540286064147949,6535800,0.0,0.0
2024-11-14,4.630000114440918,4.690000057220459,4.570000171661377,4.590000152587891,4.50106143951416,15203800,0.0,0.0
2024-11-15,4.590000152587891,4.679999828338623,4.590000152587891,4.639999866485596,4.550091743469238,18995000,0.0,0.0
2024-11-18,4.650000095367432,4.769999980926514,4.650000095367432,4.71999979019165,4.628541946411133,13053400,0.0,0.0
2024-11-19,4.75,4.880000114440918,4.730000019073486,4.849999904632568,4.756022930145264,11726200,0.0,0.0
2024-11-20,4.869999885559082,4.949999809265137,4.849999904632568,4.900000095367432,4.805054187774658,13157800,0.0,0.0
2024-11-21,4.940000057220459,5.019999980926514,4.920000076293945,4.96999979019165,4.873697757720947,13554500,0.0,0.0
2024-11-22,4.96999979019165,5.050000190734863,4.96999979019165,4.989999771118164,4.893310070037842,12236900,0.0,0.0
2024-11-25,4.989999771118164,5.099999904632568,4.980000019073486,5.019999980926514,4.9227294921875,83134700,0.0,0.0
2024-11-26,5.019999980926514,5.050000190734863,4.869999885559082,4.940000057220459,4.844279766082764,10764100,0.0,0.0
2024-11-27,4.989999771118164,5.03000020980835,4.889999866485596,4.900000095367432,4.805054187774658,6265000,0.0,0.0
2024-11-28,4.900000095367432,4.900000095367432,4.789999961853027,4.849999904632568,4.756022930145264,5165400,0.0,0.0
2024-11-29,4.829999923706055,4.880000114440918,4.820000171661377,4.849999904632568,4.756022930145264,12359700,0.0,0.0
2024-12-02,4.849999904632568,4.880000114440918,4.789999961853027,4.800000190734863,4.7069926261901855,5423400,0.0,0.0
2024-12-03,4.800000190734863,4.900000095367432,4.800000190734863,4.869999885559082,4.775635719299316,15412700,0.0,0.0
2024-12-04,4.869999885559082,4.900000095367432,4.829999923706055,4.849999904632568,4.756022930145264,6788900,0.0,0.0
2024-12-05,4.860000133514404,4.869999885559082,4.800000190734863,4.829999923706055,4.736411094665527,5797900,0.0,0.0
2024-12-06,4.809999942779541,4.849999904632568,4.739999771118164,4.849999904632568,4.756022930145264,12419400,0.0,0.0
2024-12-09,4.820000171661377,4.840000152587891,4.789999961853027,4.820000171661377,4.726604461669922,7879900,0.0,0.0
2024-12-10,4.820000171661377,4.829999923706055,4.760000228881836,4.789999961853027,4.697185516357422,7688200,0.0,0.0
2024-12-11,4.789999961853027,4.789999961853027,4.480000019073486,4.510000228881836,4.422611236572266,25589300,0.0,0.0
2024-12-12,4.5,4.610000133514404,4.449999809265137,4.599999904632568,4.510867595672607,13006700,0.0,0.0
2024-12-13,4.610000133514404,4.75,4.590000152587891,4.690000057220459,4.599123477935791,12578800,0.0,0.0
2024-12-16,4.699999809265137,4.739999771118164,4.670000076293945,4.690000057220459,4.599123477935791,10654300,0.0,0.0
2024-12-17,4.699999809265137,4.730000019073486,4.570000171661377,4.599999904632568,4.510867595672607,4462200,0.0,0.0
2024-12-18,4.579999923706055,4.659999847412109,4.570000171661377,4.630000114440918,4.540286064147949,10572000,0.0,0.0
2024-12-19,4.599999904632568,4.630000114440918,4.570000171661377,4.630000114440918,4.540286064147949,7413500,0.0,0.0
2024-12-20,4.630000114440918,4.75,4.610000133514404,4.710000038146973,4.6187357902526855,13972100,0.0,0.0
2024-12-23,4.699999809265137,4.739999771118164,4.679999828338623,4.710000038146973,4.6187357902526855,4140000,0.0,0.0
2024-12-24,4.710000038146973,4.730000019073486,4.639999866485596,4.710000038146973,4.6187357902526855,5555000,0.0,0.0
2024-12-26,4.710000038146973,4.78000020980835,4.670000076293945,4.75,4.657961368560791,3194800,0.0,0.0
2024-12-27,4.75,4.789999961853027,4.739999771118164,4.769999980926514,4.677573204040527,4785900,0.0,0.0
2024-12-30,4.769999980926514,4.840000152587891,4.730000019073486,4.829999923706055,4.736411094665527,7593500,0.0,0.0
2024-12-31,4.820000171661377,4.820000171661377,4.769999980926514,4.789999961853027,4.697185516357422,3579700,0.0,0.0
2025-01-02,4.789999961853027,4.789999961853027,4.699999809265137,4.730000019073486,4.638348579406738,3602900,0.0,0.0
2025-01-03,4.71999979019165,4.730000019073486,4.650000095367432,4.670000076293945,4.579511642456055,7777000,0.0,0.0
2025-01-06,4.670000076293945,4.699999809265137,4.639999866485596,4.670000076293945,4.579511642456055,7192000,0.0,0.0
2025-01-07,4.670000076293945,4.840000152587891,4.659999847412109,4.800000190734863,4.7069926261901855,11785200,0.0,0.0
2025-01-08,4.800000190734863,4.800000190734863,4.650000095367432,4.699999809265137,4.608929634094238,8510100,0.0,0.0
2025-01-09,4.699999809265137,4.730000019073486,4.599999904632568,4.630000114440918,4.540286064147949,7058100,0.0,0.0
2025-01-10,4.619999885559082,4.650000095367432,4.570000171661377,4.619999885559082,4.530479907989502,10110300,0.0,0.0
2025-01-13,4.599999904632568,4.599999904632568,4.380000114440918,4.489999771118164,4.402998924255371,10503000,0.0,0.0
2025-01-14,4.5,4.5,4.199999809265137,4.25,4.167649269104004,19797100,0.0,0.0
2025-01-15,4.25,4.329999923706055,4.03000020980835,4.190000057220459,4.108811855316162,25512800,0.0,0.0
2025-01-16,4.25,4.260000228881836,4.039999961853027,4.099999904632568,4.0205559730529785,24545600,0.0,0.0
2025-01-17,4.079999923706055,4.21999979019165,4.0,4.199999809265137,4.118618488311768,27292800,0.0,0.0
2025-01-20,4.230000019073486,4.300000190734863,4.150000095367432,4.230000019073486,4.148036956787109,13061300,0.0,0.0
2025-01-21,4.269999980926514,4.519999980926514,4.199999809265137,4.460000038146973,4.373580455780029,23137800,0.0,0.0
2025-01-22,4.46999979019165,4.579999923706055,4.460000038146973,4.559999942779541,4.47164249420166,12034700,0.0,0.0
2025-01-23,4.559999942779541,4.579999923706055,4.489999771118164,4.539999961853027,4.452030181884766,10290900,0.0,0.0
2025-01-24,4.539999961853027,4.559999942779541,4.489999771118164,4.550000190734863,4.461836338043213,11531200,0.0,0.0
2025-01-27,4.550000190734863,4.550000190734863,4.239999771118164,4.25,4.167649269104004,10563500,0.0,0.0
2025-01-28,4.230000019073486,4.329999923706055,4.110000133514404,4.309999942779541,4.226486682891846,7123100,0.0,0.0
2025-01-31,4.340000152587891,4.420000076293945,4.260000228881836,4.349999904632568,4.265711307525635,6411300,0.0,0.0
2025-02-03,4.329999923706055,4.380000114440918,4.300000190734863,4.349999904632568,4.265711307525635,4383700,0.0,0.0
2025-02-04,4.349999904632568,4.449999809265137,4.340000152587891,4.449999809265137,4.363773345947266,4570100,0.0,0.0
2025-02-05,4.460000038146973,4.510000228881836,4.409999847412109,4.449999809265137,4.363773345947266,5798200,0.0,0.0
2025-02-06,4.460000038146973,4.53000020980835,4.449999809265137,4.489999771118164,4.402998924255371,6213400,0.0,0.0
2025-02-07,4.5,4.519999980926514,4.460000038146973,4.510000228881836,4.422611236572266,5666200,0.0,0.0
2025-02-10,4.510000228881836,4.539999961853027,4.440000057220459,4.53000020980835,4.442224025726318,4183300,0.0,0.0
2025-02-12,4.539999961853027,4.570000171661377,4.510000228881836,4.53000020980835,4.442224025726318,6261400,0.0,0.0
2025-02-13,4.53000020980835,4.690000057220459,4.510000228881836,4.619999885559082,4.530479907989502,8256200,0.0,0.0
2025-02-14,4.619999885559082,4.730000019073486,4.619999885559082,4.699999809265137,4.608929634094238,10696100,0.0,0.0
2025-02-17,4.71999979019165,4.730000019073486,4.590000152587891,4.619999885559082,4.530479907989502,3927000,0.0,0.0
2025-02-18,4.619999885559082,4.670000076293945,4.519999980926514,4.650000095367432,4.559898853302002,5449100,0.0,0.0
2025-02-19,4.659999847412109,4.670000076293945,4.579999923706055,4.650000095367432,4.559898853302002,8335200,0.0,0.0
2025-02-20,4.650000095367432,4.659999847412109,4.539999961853027,4.659999847412109,4.569704532623291,9109200,0.0,0.0
2025-02-21,4.659999847412109,4.789999961853027,4.619999885559082,4.789999961853027,4.697185516357422,10132300,0.0,0.0
2025-02-24,4.760000228881836,4.760000228881836,4.639999866485596,4.699999809265137,4.608929634094238,5369900,0.0,0.0
2025-02-25,4.699999809265137,4.760000228881836,4.5,4.599999904632568,4.510867595672607,9792800,0.0,0.0
2025-02-26,4.599999904632568,4.679999828338623,4.53000020980835,4.630000114440918,4.540286064147949,3565400,0.0,0.0
2025-02-27,4.699999809265137,4.78000020980835,4.630000114440918,4.730000019073486,4.638348579406738,8085400,0.0,0.0
2025-02-28,4.699999809265137,4.699999809265137,4.590000152587891,4.610000133514404,4.520673751831055,27895600,0.0,0.0
2025-03-03,4.610000133514404,4.699999809265137,4.599999904632568,4.659999847412109,4.569704532623291,6081400,0.0,0.0
2025-03-04,4.630000114440918,4.650000095367432,4.409999847412109,4.5,4.412805080413818,11509900,0.0,0.0
2025-03-05,4.5,4.619999885559082,4.480000019073486,4.599999904632568,4.510867595672607,9012100,0.0,0.0
2025-03-06,4.619999885559082,4.710000038146973,4.570000171661377,4.670000076293945,4.579511642456055,8769100,0.0,0.0
2025-03-07,4.650000095367432,4.670000076293945,4.570000171661377,4.599999904632568,4.510867595672607,5792800,0.0,0.0
2025-03-10,4.619999885559082,4.650000095367432,4.510000228881836,4.570000171661377,4.481449127197266,4743100,0.0,0.0
2025-03-11,4.5,4.5,4.369999885559082,4.420000076293945,4.334355354309082,14633200,0.0,0.0
2025-03-12,4.449999809265137,4.460000038146973,4.150000095367432,4.170000076293945,4.089199066162109,24813700,0.0,0.0
2025-03-13,4.230000019073486,4.440000057220459,4.230000019073486,4.409999847412109,4.324549198150635,8754100,0.0,0.0
2025-03-14,4.389999866485596,4.460000038146973,4.300000190734863,4.460000038146973,4.373580455780029,12259300,0.0,0.0
2025-03-17,4.489999771118164,4.570000171661377,4.489999771118164,4.539999961853027,4.452030181884766,5595600,0.0,0.0
2025-03-19,4.46999979019165,4.579999923706055,4.46999979019165,4.519999980926514,4.432417392730713,9406200,0.0,0.0
2025-03-20,4.519999980926514,4.539999961853027,4.460000038146973,4.510000228881836,4.462099075317383,5864200,0.04,0.0
2025-03-21,4.5,4.510000228881836,4.400000095367432,4.5,4.452205181121826,37911800,0.0,0.0
2025-03-24,4.440000057220459,4.5,4.360000133514404,4.400000095367432,4.353267669677734,6960200,0.0,0.0
2025-03-25,4.429999828338623,4.480000019073486,4.409999847412109,4.460000038146973,4.412630081176758,9559300,0.0,0.0
2025-03-26,4.480000019073486,4.519999980926514,4.420000076293945,4.440000057220459,4.3928422927856445,5677600,0.0,0.0
2025-03-27,4.429999828338623,4.610000133514404,4.420000076293945,4.610000133514404,4.561037063598633,11025600,0.0,0.0
2025-03-28,4.590000152587891,4.619999885559082,4.510000228881836,4.539999961853027,4.4917802810668945,4481000,0.0,0.0
2025-04-02,4.510000228881836,4.53000020980835,4.440000057220459,4.5,4.452205181121826,4100700,0.0,0.0
2025-04-03,4.480000019073486,4.519999980926514,4.449999809265137,4.449999809265137,4.402735710144043,2051800,0.0,0.0
2025-04-04,4.449999809265137,4.449999809265137,4.349999904632568,4.360000133514404,4.313692092895508,2205800,0.0,0.0
2025-04-07,4.230000019073486,4.239999771118164,3.930000066757202,4.039999961853027,3.9970908164978027,18020200,0.0,0.0
2025-04-08,4.110000133514404,4.210000038146973,4.079999923706055,4.170000076293945,4.1257100105285645,7894000,0.0,0.0
2025-04-09,4.139999866485596,4.139999866485596,3.950000047683716,3.9800000190734863,3.9377281665802,17013900,0.0,0.0
2025-04-10,4.170000076293945,4.340000152587891,4.150000095367432,4.239999771118164,4.1949663162231445,13891000,0.0,0.0
2025-04-11,4.099999904632568,4.28000020980835,4.099999904632568,4.239999771118164,4.1949663162231445,4448300,0.0,0.0
2025-04-14,4.25,4.380000114440918,4.25,4.349999904632568,4.303798198699951,4793100,0.0,0.0
2025-04-15,4.360000133514404,4.409999847412109,4.329999923706055,4.389999866485596,4.3433732986450195,3711100,0.0,0.0
2025-04-16,4.400000095367432,4.409999847412109,4.320000171661377,4.389999866485596,4.3433732986450195,3153100,0.0,0.0
2025-04-17,4.380000114440918,4.400000095367432,4.369999885559082,4.389999866485596,4.3433732986450195,3314200,0.0,0.0
2025-04-18,4.380000114440918,4.449999809265137,4.380000114440918,4.409999847412109,4.363161087036133,5271700,0.0,0.0
2025-04-21,4.400000095367432,4.460000038146973,4.369999885559082,4.380000114440918,4.333479881286621,2060500,0.0,0.0
2025-04-22,4.360000133514404,4.380000114440918,4.28000020980835,4.320000171661377,4.2741169929504395,1045500,0.0,0.0
2025-04-23,4.380000114440918,4.420000076293945,4.329999923706055,4.369999885559082,4.3235859870910645,3870200,0.0,0.0
2025-04-24,4.400000095367432,4.46999979019165,4.369999885559082,4.449999809265137,4.402735710144043,6749100,0.0,0.0
2025-04-25,4.480000019073486,4.489999771118164,4.420000076293945,4.480000019073486,4.432417869567871,5194800,0.0,0.0
2025-04-28,4.489999771118164,4.519999980926514,4.449999809265137,4.489999771118164,4.4423112869262695,5804700,0.0,0.0
2025-04-29,4.46999979019165,4.519999980926514,4.46999979019165,4.5,4.452205181121826,3994200,0.0,0.0
2025-04-30,4.5,4.550000190734863,4.489999771118164,4.550000190734863,4.501674175262451,10110700,0.0,0.0
2025-05-02,4.550000190734863,4.789999961853027,4.519999980926514,4.789999961853027,4.739124774932861,8510000,0.0,0.0
2025-05-05,4.760000228881836,4.849999904632568,4.699999809265137,4.739999771118164,4.6896562576293945,6576600,0.0,0.0
2025-05-06,4.739999771118164,4.800000190734863,4.679999828338623,4.71999979019165,4.669867992401123,2987800,0.0,0.0
2025-05-07,4.739999771118164,4.820000171661377,4.71999979019165,4.760000228881836,4.709444046020508,10959700,0.0,0.0
2025-05-08,4.760000228881836,4.800000190734863,4.75,4.769999980926514,4.719337463378906,6552800,0.0,0.0
2025-05-09,4.769999980926514,4.789999961853027,4.71999979019165,4.71999979019165,4.669867992401123,10274500,0.0,0.0
2025-05-13,4.800000190734863,4.929999828338623,4.75,4.889999866485596,4.838062763214111,24499400,0.0,0.0
2025-05-14,4.909999847412109,4.949999809265137,4.869999885559082,4.949999809265137,4.897425651550293,15184900,0.0,0.0
2025-05-15,4.949999809265137,4.960000038146973,4.820000171661377,4.829999923706055,4.778700351715088,7293800,0.0,0.0
2025-05-16,4.840000152587891,4.860000133514404,4.789999961853027,4.800000190734863,4.749019145965576,4351000,0.0,0.0
2025-05-19,4.78000020980835,4.800000190734863,4.730000019073486,4.789999961853027,4.739124774932861,10078800,0.0,0.0
2025-05-20,4.78000020980835,4.820000171661377,4.739999771118164,4.789999961853027,4.739124774932861,7844000,0.0,0.0
2025-05-21,4.809999942779541,4.900000095367432,4.800000190734863,4.889999866485596,4.838062763214111,6674300,0.0,0.0
2025-05-22,4.889999866485596,4.900000095367432,4.789999961853027,4.829999923706055,4.778700351715088,5205200,0.0,0.0
2025-05-23,4.75,4.769999980926514,4.670000076293945,4.699999809265137,4.650080680847168,6666700,0.0,0.0
2025-05-26,4.699999809265137,4.789999961853027,4.650000095367432,4.699999809265137,4.650080680847168,7001500,0.0,0.0
2025-05-27,4.699999809265137,4.71999979019165,4.619999885559082,4.699999809265137,4.650080680847168,6900000,0.0,0.0
2025-05-28,4.730000019073486,4.800000190734863,4.730000019073486,4.75,4.699550151824951,8189400,0.0,0.0
2025-05-29,4.769999980926514,4.769999980926514,4.690000057220459,4.739999771118164,4.6896562576293945,4822600,0.0,0.0
2025-05-30,4.75,4.760000228881836,4.699999809265137,4.75,4.699550151824951,17315000,0.0,0.0
2025-06-03,4.699999809265137,4.75,4.639999866485596,4.679999828338623,4.630293369293213,3381000,0.0,0.0
2025-06-04,4.679999828338623,4.75,4.670000076293945,4.739999771118164,4.6896562576293945,3278600,0.0,0.0
2025-06-05,4.739999771118164,4.78000020980835,4.730000019073486,4.769999980926514,4.719337463378906,5558800,0.0,0.0
2025-06-06,4.769999980926514,4.809999942779541,4.739999771118164,4.800000190734863,4.749019145965576,6639000,0.0,0.0
2025-06-09,4.800000190734863,4.869999885559082,4.800000190734863,4.829999923706055,4.778700351715088,8578900,0.0,0.0
2025-06-10,4.840000152587891,4.849999904632568,4.78000020980835,4.809999942779541,4.758912563323975,10497300,0.0,0.0
2025-06-11,4.820000171661377,4.869999885559082,4.820000171661377,4.840000152587891,4.7885942459106445,7368300,0.0,0.0
2025-06-12,4.849999904632568,4.860000133514404,4.820000171661377,4.840000152587891,4.7885942459106445,4017000,0.0,0.0
2025-06-13,4.800000190734863,4.840000152587891,4.75,4.840000152587891,4.7885942459106445,2157400,0.0,0.0
2025-06-16,4.800000190734863,4.820000171661377,4.769999980926514,4.800000190734863,4.749019145965576,6196400,0.0,0.0
2025-06-17,4.800000190734863,4.809999942779541,4.739999771118164,4.739999771118164,4.6896562576293945,5408300,0.0,0.0
2025-06-18,4.739999771118164,4.760000228881836,4.699999809265137,4.699999809265137,4.650080680847168,1755200,0.0,0.0
2025-06-19,4.699999809265137,4.699999809265137,4.630000114440918,4.659999847412109,4.6105055809021,2940500,0.0,0.0
2025-06-20,4.650000095367432,4.670000076293945,4.579999923706055,4.650000095367432,4.600612163543701,6779800,0.0,0.0
2025-06-23,4.599999904632568,4.679999828338623,4.5,4.659999847412109,4.6105055809021,5291200,0.0,0.0
2025-06-24,4.679999828338623,4.739999771118164,4.670000076293945,4.710000038146973,4.659974575042725,5668700,0.0,0.0
2025-06-25,4.710000038146973,4.739999771118164,4.599999904632568,4.619999885559082,4.570930480957031,4097700,0.0,0.0
2025-06-26,4.670000076293945,4.699999809265137,4.639999866485596,4.650000095367432,4.600612163543701,6209300,0.0,0.0
2025-06-30,4.659999847412109,4.730000019073486,4.659999847412109,4.699999809265137,4.650080680847168,9512200,0.0,0.0
2025-07-01,4.730000019073486,4.789999961853027,4.699999809265137,4.789999961853027,4.739124774932861,6506600,0.0,0.0
2025-07-02,4.78000020980835,4.860000133514404,4.769999980926514,4.840000152587891,4.7885942459106445,8759600,0.0,0.0
2025-07-03,4.840000152587891,4.900000095367432,4.820000171661377,4.869999885559082,4.818275451660156,7729200,0.0,0.0
2025-07-04,4.869999885559082,4.909999847412109,4.820000171661377,4.900000095367432,4.847956657409668,6458700,0.0,0.0
2025-07-07,4.860000133514404,4.900000095367432,4.75,4.889999866485596,4.838062763214111,4981200,0.0,0.0
2025-07-08,4.849999904632568,4.849999904632568,4.75,4.75,4.699550151824951,3502900,0.0,0.0
2025-07-09,4.789999961853027,4.840000152587891,4.769999980926514,4.800000190734863,4.749019145965576,3387700,0.0,0.0
2025-07-10,4.829999923706055,4.869999885559082,4.800000190734863,4.860000133514404,4.808382034301758,11885100,0.0,0.0
2025-07-11,4.869999885559082,4.900000095367432,4.829999923706055,4.880000114440918,4.828169345855713,5540200,0.0,0.0
2025-07-14,4.880000114440918,4.900000095367432,4.869999885559082,4.880000114440918,4.828169345855713,1358300,0.0,0.0
2025-07-15,4.900000095367432,5.010000228881836,4.900000095367432,4.920000076293945,4.867744445800781,16458400,0.0,0.0
2025-07-16,4.929999828338623,4.96999979019165,4.920000076293945,4.949999809265137,4.897425651550293,13729200,0.0,0.0
2025-07-17,4.920000076293945,5.03000020980835,4.920000076293945,4.989999771118164,4.937000274658203,13348900,0.0,0.0
2025-07-18,5.010000228881836,5.159999847412109,5.010000228881836,5.059999942779541,5.0062575340271,23289800,0.0,0.0
2025-07-21,4.929999828338623,4.980000019073486,4.659999847412109,4.889999866485596,4.838062763214111,28368500,0.0,0.0
2025-07-22,4.96999979019165,4.980000019073486,4.769999980926514,4.800000190734863,4.749019145965576,4038000,0.0,0.0
2025-07-23,4.800000190734863,4.829999923706055,4.789999961853027,4.820000171661377,4.768806457519531,2404700,0.0,0.0
2025-07-24,4.820000171661377,4.869999885559082,4.769999980926514,4.849999904632568,4.798487663269043,4830600,0.0,0.0
2025-07-25,4.860000133514404,4.869999885559082,4.78000020980835,4.820000171661377,4.768806457519531,4929500,0.0,0.0
2025-07-28,4.829999923706055,4.829999923706055,4.78000020980835,4.820000171661377,4.768806457519531,2225800,0.0,0.0
2025-07-29,4.820000171661377,4.889999866485596,4.789999961853027,4.880000114440918,4.828169345855713,3840200,0.0,0.0
2025-07-30,4.880000114440918,4.880000114440918,4.789999961853027,4.800000190734863,4.749019145965576,5518900,0.0,0.0
2025-07-31,4.800000190734863,4.829999923706055,4.730000019073486,4.730000019073486,4.679762363433838,4151200,0.0,0.0
2025-08-01,4.78000020980835,4.869999885559082,4.760000228881836,4.849999904632568,4.798487663269043,3498400,0.0,0.0
2025-08-04,4.849999904632568,4.849999904632568,4.769999980926514,4.789999961853027,4.739124774932861,4218100,0.0,0.0
2025-08-05,4.789999961853027,4.800000190734863,4.730000019073486,4.75,4.699550151824951,12337100,0.0,0.0
2025-08-06,4.75,4.800000190734863,4.710000038146973,4.760000228881836,4.709444046020508,12497400,0.0,0.0
2025-08-07,4.760000228881836,4.769999980926514,4.730000019073486,4.75,4.699550151824951,4529900,0.0,0.0
2025-08-08,4.75,4.809999942779541,4.71999979019165,4.75,4.699550151824951,13997600,0.0,0.0
2025-08-11,4.769999980926514,4.769999980926514,4.730000019073486,4.739999771118164,4.6896562576293945,4476500,0.0,0.0
2025-08-12,4.75,4.809999942779541,4.739999771118164,4.809999942779541,4.758912563323975,4482200,0.0,0.0
2025-08-13,4.800000190734863,4.860000133514404,4.760000228881836,4.789999961853027,4.739124774932861,8357100,0.0,0.0
2025-08-14,4.789999961853027,4.840000152587891,4.769999980926514,4.789999961853027,4.739124774932861,7219900,0.0,0.0
2025-08-15,4.78000020980835,4.789999961853027,4.739999771118164,4.75,4.699550151824951,6100100,0.0,0.0
2025-08-18,4.75,4.809999942779541,4.730000019073486,4.739999771118164,4.6896562576293945,8948800,0.0,0.0
2025-08-19,4.78000020980835,4.909999847412109,4.75,4.849999904632568,4.798487663269043,11398700,0.0,0.0
2025-08-20,4.849999904632568,4.900000095367432,4.769999980926514,4.800000190734863,4.749019145965576,4107400,0.0,0.0
2025-08-21,4.800000190734863,4.809999942779541,4.730000019073486,4.75,4.699550151824951,6098500,0.0,0.0
2025-08-22,4.769999980926514,4.809999942779541,4.760000228881836,4.78000020980835,4.729231357574463,5192900,0.0,0.0
2025-08-25,4.800000190734863,4.829999923706055,4.760000228881836,4.78000020980835,4.729231357574463,9217000,0.0,0.0
2025-08-26,4.78000020980835,4.800000190734863,4.75,4.800000190734863,4.749019145965576,10604100,0.0,0.0
2025-08-27,4.809999942779541,4.96999979019165,4.760000228881836,4.96999979019165,4.917212963104248,12970300,0.0,0.0
2025-08-28,4.980000019073486,5.019999980926514,4.860000133514404,4.940000057220459,4.8875322341918945,15533500,0.0,0.0
2025-08-29,4.940000057220459,4.949999809265137,4.880000114440918,4.920000076293945,4.867744445800781,10334700,0.0,0.0
2025-09-02,4.949999809265137,5.050000190734863,4.849999904632568,5.050000190734863,4.996363639831543,9521800,0.0,0.0
2025-09-03,5.059999942779541,5.300000190734863,5.059999942779541,5.269999980926514,5.214026927947998,21707300,0.0,0.0
2025-09-04,5.28000020980835,5.360000133514404,5.269999980926514,5.28000020980835,5.223920822143555,12749600,0.0,0.0
2025-09-08,5.28000020980835,5.329999923706055,5.269999980926514,5.28000020980835,5.223920822143555,7609100,0.0,0.0
2025-09-09,5.300000190734863,5.369999885559082,5.260000228881836,5.360000133514404,5.303071022033691,10653200,0.0,0.0
2025-09-10,5.360000133514404,5.360000133514404,5.269999980926514,5.289999961853027,5.233814716339111,7287900,0.0,0.0
2025-09-11,5.300000190734863,5.349999904632568,5.28000020980835,5.289999961853027,5.233814716339111,4166700,0.0,0.0
2025-09-12,5.289999961853027,5.389999866485596,5.289999961853027,5.309999942779541,5.253602027893066,10166100,0.0,0.0
2025-09-17,5.449999809265137,5.449999809265137,5.320000171661377,5.349999904632568,5.293177127838135,4514500,0.0,0.0
2025-09-18,5.389999866485596,5.389999866485596,5.309999942779541,5.349999904632568,5.293177127838135,11530900,0.0,0.0
2025-09-19,5.380000114440918,5.409999847412109,5.349999904632568,5.380000114440918,5.322858810424805,17091800,0.0,0.0
2025-09-22,5.400000095367432,5.480000019073486,5.380000114440918,5.480000019073486,5.421796798706055,17258500,0.0,0.0
2025-09-23,5.489999771118164,5.5,5.46999979019165,5.5,5.44158411026001,11541100,0.0,0.0
2025-09-24,5.5,5.510000228881836,5.409999847412109,5.440000057220459,5.382221221923828,12646600,0.0,0.0
2025-09-25,5.440000057220459,5.480000019073486,5.420000076293945,5.480000019073486,5.421796798706055,5295000,0.0,0.0
2025-09-26,5.480000019073486,5.559999942779541,5.429999828338623,5.550000190734863,5.491053104400635,14816000,0.0,0.0
2025-09-29,5.550000190734863,5.570000171661377,5.510000228881836,5.539999961853027,5.481159210205078,6778500,0.0,0.0
2025-09-30,5.539999961853027,5.860000133514404,5.539999961853027,5.650000095367432,5.589990615844727,16124700,0.0,0.0
2025-10-01,5.679999828338623,5.760000228881836,5.679999828338623,5.699999809265137,5.639459609985352,8776300,0.0,0.0
2025-10-02,5.699999809265137,5.809999942779541,5.699999809265137,5.809999942779541,5.748291492462158,7033300,0.0,0.0
2025-10-03,5.820000171661377,5.820000171661377,5.760000228881836,5.789999961853027,5.728504180908203,8169100,0.0,0.0
2025-10-06,5.800000190734863,5.800000190734863,5.730000019073486,5.75,5.688929080963135,12073300,0.0,0.0
2025-10-07,5.769999980926514,5.769999980926514,5.730000019073486,5.75,5.688929080963135,7703600,0.0,0.0
2025-10-08,5.75,5.809999942779541,5.730000019073486,5.809999942779541,5.748291492462158,21735600,0.0,0.0
2025-10-09,5.809999942779541,5.929999828338623,5.809999942779541,5.849999904632568,5.787866592407227,19083500,0.0,0.0
2025-10-10,5.829999923706055,5.860000133514404,5.710000038146973,5.78000020980835,5.757981300354004,7805100,0.04,0.0
2025-10-13,5.690000057220459,5.800000190734863,5.619999885559082,5.78000020980835,5.757981300354004,10247700,0.0,0.0
2025-10-14,5.78000020980835,5.789999961853027,5.659999847412109,5.679999828338623,5.658361911773682,2956500,0.0,0.0
2025-10-15,5.690000057220459,5.75,5.690000057220459,5.699999809265137,5.678285598754883,7898300,0.0,0.0
2025-10-16,5.71999979019165,5.739999771118164,5.619999885559082,5.619999885559082,5.59859037399292,3223000,0.0,0.0
2025-10-17,5.619999885559082,5.670000076293945,5.480000019073486,5.5,5.479047775268555,8746300,0.0,0.0
2025-10-21,5.510000228881836,5.690000057220459,5.510000228881836,5.550000190734863,5.528857231140137,5549700,0.0,0.0
2025-10-22,5.550000190734863,5.619999885559082,5.539999961853027,5.539999961853027,5.518895149230957,2147100,0.0,0.0
2025-10-23,5.53000020980835,5.610000133514404,5.53000020980835,5.610000133514404,5.588628768920898,4088100,0.0,0.0
2025-10-24,5.610000133514404,5.610000133514404,5.489999771118164,5.5,5.479047775268555,3209100,0.0,0.0
2025-10-27,5.53000020980835,5.559999942779541,5.46999979019165,5.5,5.479047775268555,4746100,0.0,0.0
2025-10-28,5.539999961853027,5.539999961853027,5.409999847412109,5.480000019073486,5.4591240882873535,5357600,0.0,0.0
2025-10-29,5.489999771118164,5.510000228881836,5.440000057220459,5.480000019073486,5.4591240882873535,4647200,0.0,0.0
2025-10-30,5.480000019073486,5.5,5.369999885559082,5.400000095367432,5.379428863525391,4445900,0.0,0.0
2025-10-31,5.400000095367432,5.46999979019165,5.360000133514404,5.409999847412109,5.389390468597412,4723500,0.0,0.0
2025-11-03,5.420000076293945,5.53000020980835,5.420000076293945,5.5,5.479047775268555,8029200,0.0,0.0
2025-11-04,5.5,5.519999980926514,5.449999809265137,5.449999809265137,5.4292378425598145,4234100,0.0,0.0
2025-11-05,5.449999809265137,5.460000038146973,5.360000133514404,5.389999866485596,5.369466781616211,7118900,0.0,0.0
2025-11-06,5.389999866485596,5.510000228881836,5.389999866485596,5.5,5.479047775268555,4917200,0.0,0.0
2025-11-07,5.510000228881836,5.510000228881836,5.460000038146973,5.46999979019165,5.449161529541016,4012800,0.0,0.0
2025-11-10,5.510000228881836,5.510000228881836,5.369999885559082,5.380000114440918,5.3595051765441895,5616100,0.0,0.0
2025-11-11,5.400000095367432,5.440000057220459,5.340000152587891,5.380000114440918,5.3595051765441895,7721700,0.0,0.0
2025-11-12,5.380000114440918,5.409999847412109,5.380000114440918,5.389999866485596,5.369466781616211,6107400,0.0,0.0
2025-11-13,5.389999866485596,5.440000057220459,5.389999866485596,5.400000095367432,5.379428863525391,2853300,0.0,0.0
2025-11-14,5.389999866485596,5.440000057220459,5.349999904632568,5.380000114440918,5.3595051765441895,3947400,0.0,0.0
2025-11-17,5.380000114440918,5.510000228881836,5.380000114440918,5.489999771118164,5.469085693359375,4197400,0.0,0.0
2025-11-18,5.489999771118164,5.510000228881836,5.400000095367432,5.449999809265137,5.4292378425598145,7608800,0.0,0.0
2025-11-19,5.449999809265137,5.559999942779541,5.420000076293945,5.519999980926514,5.498971462249756,9491500,0.0,0.0
2025-11-20,5.519999980926514,5.579999923706055,5.5,5.519999980926514,5.498971462249756,4080400,0.0,0.0
2025-11-21,5.519999980926514,5.590000152587891,5.519999980926514,5.550000190734863,5.528857231140137,13901700,0.0,0.0
2025-11-24,5.550000190734863,5.670000076293945,5.550000190734863,5.610000133514404,5.588628768920898,29585900,0.0,0.0
2025-11-25,5.610000133514404,5.659999847412109,5.480000019073486,5.539999961853027,5.518895149230957,8084400,0.0,0.0
2025-11-26,5.559999942779541,5.570000171661377,5.510000228881836,5.550000190734863,5.528857231140137,14804000,0.0,0.0
2025-11-27,5.539999961853027,5.539999961853027,5.329999923706055,5.389999866485596,5.369466781616211,23761500,0.0,0.0
2025-11-28,5.389999866485596,5.480000019073486,5.340000152587891,5.449999809265137,5.4292378425598145,15918500,0.0,0.0
2025-12-01,5.449999809265137,5.519999980926514,5.349999904632568,5.380000114440918,5.3595051765441895,6467600,0.0,0.0
2025-12-02,5.420000076293945,5.440000057220459,5.25,5.300000190734863,5.279809951782227,12452500,0.0,0.0
2025-12-03,5.340000152587891,5.5,5.320000171661377,5.420000076293945,5.399352550506592,5297200,0.0,0.0
2025-12-04,5.409999847412109,5.460000038146973,5.389999866485596,5.449999809265137,5.4292378425598145,8407000,0.0,0.0
2025-12-05,5.440000057220459,5.440000057220459,5.380000114440918,5.429999828338623,5.409314155578613,11182700,0.0,0.0
2025-12-08,5.480000019073486,5.650000095367432,5.460000038146973,5.579999923706055,5.558743000030518,6940100,0.0,0.0
2025-12-09,5.579999923706055,5.659999847412109,5.539999961853027,5.570000171661377,5.548781394958496,9111300,0.0,0.0
2025-12-10,5.550000190734863,5.619999885559082,5.550000190734863,5.610000133514404,5.588628768920898,4623100,0.0,0.0
2025-12-11,5.610000133514404,5.619999885559082,5.489999771118164,5.579999923706055,5.558743000030518,7782700,0.0,0.0
2025-12-12,5.579999923706055,5.639999866485596,5.570000171661377,5.630000114440918,5.6085524559021,8507400,0.0,0.0
2025-12-15,5.610000133514404,5.619999885559082,5.489999771118164,5.550000190734863,5.528857231140137,14761500,0.0,0.0
2025-12-16,5.519999980926514,5.579999923706055,5.480000019073486,5.579999923706055,5.558743000030518,14059600,0.0,0.0
2025-12-17,5.570000171661377,5.619999885559082,5.539999961853027,5.590000152587891,5.568705081939697,10039400,0.0,0.0
2025-12-18,5.590000152587891,5.639999866485596,5.559999942779541,5.639999866485596,5.618514060974121,10571000,0.0,0.0
2025-12-19,5.639999866485596,5.639999866485596,5.570000171661377,5.599999904632568,5.578666687011719,8745300,0.0,0.0
2025-12-22,5.579999923706055,5.71999979019165,5.579999923706055,5.679999828338623,5.658361911773682,4346400,0.0,0.0
2025-12-23,5.679999828338623,5.71999979019165,5.670000076293945,5.690000057220459,5.668323993682861,3179600,0.0,0.0
2025-12-24,5.699999809265137,5.71999979019165,5.650000095367432,5.710000038146973,5.6882476806640625,2520900,0.0,0.0
2025-12-26,5.699999809265137,5.71999979019165,5.639999866485596,5.659999847412109,5.6384382247924805,1517800,0.0,0.0
2025-12-29,5.659999847412109,5.690000057220459,5.639999866485596,5.670000076293945,5.64840030670166,1743300,0.0,0.0
2025-12-30,5.679999828338623,5.690000057220459,5.630000114440918,5.639999866485596,5.618514060974121,1187700,0.0,0.0
2025-12-31,5.650000095367432,5.659999847412109,5.619999885559082,5.619999885559082,5.59859037399292,2755700,0.0,0.0
2026-01-02,5.619999885559082,5.670000076293945,5.610000133514404,5.650000095367432,5.628476142883301,2500500,0.0,0.0
2026-01-05,5.650000095367432,5.760000228881836,5.650000095367432,5.730000019073486,5.708171367645264,4580500,0.0,0.0
2026-01-06,5.75,5.75,5.579999923706055,5.619999885559082,5.59859037399292,6460600,0.0,0.0
2026-01-07,5.630000114440918,5.639999866485596,5.559999942779541,5.579999923706055,5.558743000030518,11544000,0.0,0.0
2026-01-08,5.579999923706055,5.599999904632568,5.570000171661377,5.579999923706055,5.558743000030518,10297700,0.0,0.0
2026-01-09,5.579999923706055,5.619999885559082,5.550000190734863,5.599999904632568,5.578666687011719,6138200,0.0,0.0
2026-01-12,5.599999904632568,5.599999904632568,5.599999904632568,5.599999904632568,5.578666687011719,0,0.0,0.0
2026-01-13,5.630000114440918,5.710000038146973,5.429999828338623,5.650000095367432,5.628476142883301,22306000,0.0,0.0
2026-01-14,5.650000095367432,5.679999828338623,5.599999904632568,5.650000095367432,5.628476142883301,8655900,0.0,0.0
2026-01-15,5.630000114440918,5.639999866485596,5.610000133514404,5.639999866485596,5.618514060974121,5165800,0.0,0.0
2026-01-16,5.650000095367432,5.650000095367432,5.579999923706055,5.630000114440918,5.6085524559021,7039300,0.0,0.0
2026-01-19,5.630000114440918,5.630000114440918,5.630000114440918,5.630000114440918,5.6085524559021,0,0.0,0.0
2026-01-20,5.539999961853027,5.599999904632568,5.539999961853027,5.590000152587891,5.568705081939697,8107700,0.0,0.0
2026-01-21,5.590000152587891,5.599999904632568,5.550000190734863,5.570000171661377,5.548781394958496,6951800,0.0,0.0
2026-01-22,5.570000171661377,5.579999923706055,5.539999961853027,5.570000171661377,5.548781394958496,4697800,0.0,0.0
2026-01-23,5.570000171661377,5.610000133514404,5.510000228881836,5.610000133514404,5.588628768920898,4822700,0.0,0.0
2026-01-26,5.610000133514404,5.71999979019165,5.599999904632568,5.699999809265137,5.678285598754883,7171100,0.0,0.0
2026-01-27,5.699999809265137,5.900000095367432,5.699999809265137,5.860000133514404,5.837676525115967,11427000,0.0,0.0
2026-01-28,5.860000133514404,5.869999885559082,5.739999771118164,5.78000020980835,5.757981300354004,6722700,0.0,0.0
2026-01-29,5.800000190734863,5.800000190734863,5.659999847412109,5.71999979019165,5.698209285736084,12009100,0.0,0.0
2026-01-30,5.71999979019165,5.78000020980835,5.71999979019165,5.760000228881836,5.738057613372803,5324500,0.0,0.0
2026-02-03,5.760000228881836,5.800000190734863,5.739999771118164,5.800000190734863,5.777904987335205,3250300,0.0,0.0
2026-02-04,5.789999961853027,5.880000114440918,5.789999961853027,5.820000171661377,5.797828674316406,5035400,0.0,0.0
2026-02-05,5.820000171661377,5.820000171661377,5.730000019073486,5.75,5.728095531463623,2792500,0.0,0.0
2026-02-06,5.75,5.769999980926514,5.699999809265137,5.75,5.728095531463623,6505500,0.0,0.0
2026-02-09,5.760000228881836,5.820000171661377,5.75,5.769999980926514,5.748019218444824,3410400,0.0,0.0
2026-02-10,5.78000020980835,5.78000020980835,5.71999979019165,5.730000019073486,5.708171367645264,4068200,0.0,0.0
2026-02-11,5.730000019073486,5.789999961853027,5.690000057220459,5.730000019073486,5.708171367645264,8296800,0.0,0.0
2026-02-12,5.739999771118164,5.760000228881836,5.690000057220459,5.699999809265137,5.678285598754883,3847200,0.0,0.0
2026-02-13,5.699999809265137,5.710000038146973,5.679999828338623,5.699999809265137,5.678285598754883,5803100,0.0,0.0
2026-02-16,5.699999809265137,5.769999980926514,5.679999828338623,5.769999980926514,5.748019218444824,4023600,0.0,0.0
2026-02-19,5.769999980926514,5.880000114440918,5.769999980926514,5.829999923706055,5.807790279388428,5009000,0.0,0.0
2026-02-20,5.860000133514404,5.860000133514404,5.760000228881836,5.800000190734863,5.777904987335205,2671100,0.0,0.0
2026-02-23,5.800000190734863,5.800000190734863,5.71999979019165,5.800000190734863,5.777904987335205,4803800,0.0,0.0
2026-02-24,5.800000190734863,5.840000152587891,5.75,5.820000171661377,5.797828674316406,5609300,0.0,0.0
2026-02-25,5.840000152587891,5.860000133514404,5.829999923706055,5.840000152587891,5.817752838134766,5157100,0.0,0.0
2026-02-26,5.909999847412109,6.090000152587891,5.889999866485596,5.949999809265137,5.927333354949951,16860000,0.0,0.0
2026-02-27,5.960000038146973,5.96999979019165,5.769999980926514,5.860000133514404,5.837676525115967,26214400,0.0,0.0
2026-03-02,5.800000190734863,5.820000171661377,5.690000057220459,5.690000057220459,5.668323993682861,5340100,0.0,0.0
2026-03-03,5.71999979019165,5.809999942779541,5.5,5.550000190734863,5.528857231140137,6049800,0.0,0.0
2026-03-04,5.559999942779541,5.630000114440918,5.510000228881836,5.630000114440918,5.6085524559021,5863400,0.0,0.0
2026-03-05,5.630000114440918,5.710000038146973,5.590000152587891,5.699999809265137,5.678285598754883,4823800,0.0,0.0
2026-03-06,5.699999809265137,5.699999809265137,5.630000114440918,5.630000114440918,5.6085524559021,4548700,0.0,0.0
2026-03-09,5.550000190734863,5.559999942779541,5.329999923706055,5.429999828338623,5.409314155578613,8174100,0.0,0.0
2026-03-10,5.329999923706055,5.360000133514404,5.050000190734863,5.099999904632568,5.080571174621582,13329800,0.0,0.0
2026-03-11,5.159999847412109,5.179999828338623,5.079999923706055,5.099999904632568,5.080571174621582,13004500,0.0,0.0
2026-03-12,5.110000133514404,5.210000038146973,5.070000171661377,5.170000076293945,5.150304794311523,12990400,0.0,0.0
2026-03-13,5.179999828338623,5.260000228881836,5.099999904632568,5.139999866485596,5.120419025421143,6278800,0.0,0.0
2026-03-16,5.170000076293945,5.170000076293945,5.099999904632568,5.150000095367432,5.130381107330322,5732000,0.0,0.0
2026-03-17,5.150000095367432,5.28000020980835,5.150000095367432,5.25,5.230000019073486,6919800,0.0,0.0
2026-03-18,5.269999980926514,5.570000171661377,5.179999828338623,5.480000019073486,5.480000019073486,26794600,0.02,0.0
2026-03-19,5.420000076293945,5.449999809265137,5.389999866485596,5.389999866485596,5.389999866485596,17862600,0.0,0.0
2026-03-20,5.389999866485596,5.389999866485596,5.389999866485596,5.389999866485596,5.389999866485596,0,0.0,0.0
2026-03-24,5.480000019073486,5.480000019073486,5.25,5.289999961853027,5.289999961853027,7202800,0.0,0.0
2026-03-25,5.349999904632568,5.349999904632568,5.190000057220459,5.239999771118164,5.239999771118164,5504100,0.0,0.0
2026-03-26,5.239999771118164,5.329999923706055,5.170000076293945,5.230000019073486,5.230000019073486,3148100,0.0,0.0
2026-03-27,5.239999771118164,5.46999979019165,5.21999979019165,5.46999979019165,5.46999979019165,4593300,0.0,0.0
2026-03-30,5.409999847412109,5.409999847412109,5.179999828338623,5.199999809265137,5.199999809265137,6153800,0.0,0.0
2026-03-31,5.199999809265137,5.21999979019165,4.590000152587891,4.800000190734863,4.800000190734863,22255400,0.0,0.0
2026-04-01,4.900000095367432,5.179999828338623,4.840000152587891,5.179999828338623,5.179999828338623,15907700,0.0,0.0
2026-04-02,5.199999809265137,5.199999809265137,4.889999866485596,5.03000020980835,5.03000020980835,13121900,0.0,0.0
2026-04-03,5.039999961853027,5.070000171661377,4.96999979019165,5.03000020980835,5.03000020980835,8107400,0.0,0.0
2026-04-06,5.03000020980835,5.03000020980835,4.940000057220459,4.989999771118164,4.989999771118164,6559100,0.0,0.0
2026-04-07,4.989999771118164,5.03000020980835,4.929999828338623,5.0,5.0,8142800,0.0,0.0
2026-04-08,5.010000228881836,5.090000152587891,5.010000228881836,5.070000171661377,5.070000171661377,8009400,0.0,0.0
2026-04-09,5.070000171661377,5.119999885559082,5.019999980926514,5.119999885559082,5.119999885559082,5237800,0.0,0.0
2026-04-10,5.119999885559082,5.21999979019165,5.070000171661377,5.199999809265137,5.199999809265137,5907000,0.0,0.0
2026-04-13,5.139999866485596,5.150000095367432,5.050000190734863,5.139999866485596,5.139999866485596,4450900,0.0,0.0
2026-04-14,5.150000095367432,5.260000228881836,5.150000095367432,5.21999979019165,5.21999979019165,4363100,0.0,0.0
2026-04-15,5.21999979019165,5.329999923706055,5.21999979019165,5.300000190734863,5.300000190734863,7923600,0.0,0.0
2026-04-16,5.300000190734863,5.329999923706055,5.190000057220459,5.289999961853027,5.289999961853027,5262900,0.0,0.0
2026-04-17,5.289999961853027,5.309999942779541,5.21999979019165,5.289999961853027,5.289999961853027,3429400,0.0,0.0
2026-04-20,5.28000020980835,5.360000133514404,5.25,5.349999904632568,5.349999904632568,3620100,0.0,0.0
2026-04-21,5.349999904632568,5.380000114440918,5.309999942779541,5.380000114440918,5.380000114440918,1633800,0.0,0.0
2026-04-22,5.380000114440918,5.380000114440918,5.260000228881836,5.320000171661377,5.320000171661377,1605400,0.0,0.0
2026-04-23,5.320000171661377,5.349999904632568,5.300000190734863,5.349999904632568,5.349999904632568,1617600,0.0,0.0
2026-04-24,5.349999904632568,5.369999885559082,5.309999942779541,5.349999904632568,5.349999904632568,2639400,0.0,0.0
2026-04-27,5.349999904632568,5.400000095367432,5.300000190734863,5.320000171661377,5.320000171661377,4668900,0.0,0.0
2026-04-28,5.309999942779541,5.340000152587891,5.309999942779541,5.329999923706055,5.329999923706055,3163200,0.0,0.0
2026-04-29,5.329999923706055,5.349999904632568,5.300000190734863,5.329999923706055,5.329999923706055,6476600,0.0,0.0
2026-04-30,5.329999923706055,5.389999866485596,5.269999980926514,5.380000114440918,5.380000114440918,7311600,0.0,0.0
2026-05-04,5.389999866485596,5.449999809265137,5.380000114440918,5.449999809265137,5.449999809265137,3871000,0.0,0.0
2026-05-05,5.449999809265137,5.449999809265137,5.309999942779541,5.380000114440918,5.380000114440918,1751200,0.0,0.0
2026-05-06,5.380000114440918,5.460000038146973,5.380000114440918,5.409999847412109,5.409999847412109,7988300,0.0,0.0
2026-05-07,5.409999847412109,5.46999979019165,5.400000095367432,5.409999847412109,5.409999847412109,9260500,0.0,0.0
2026-05-08,5.429999828338623,5.449999809265137,5.389999866485596,5.420000076293945,5.420000076293945,3596800,0.0,0.0
2026-05-11,5.420000076293945,5.5,5.420000076293945,5.489999771118164,5.489999771118164,4405600,0.0,0.0
2026-05-12,5.5,5.519999980926514,5.46999979019165,5.489999771118164,5.489999771118164,5231400,0.0,0.0
2026-05-13,5.460000038146973,5.489999771118164,5.369999885559082,5.429999828338623,5.429999828338623,4333700,0.0,0.0
2026-05-14,5.429999828338623,5.46999979019165,5.389999866485596,5.46999979019165,5.46999979019165,2046700,0.0,0.0
2026-05-15,5.46999979019165,5.480000019073486,5.400000095367432,5.460000038146973,5.460000038146973,2203300,0.0,0.0
2026-05-18,5.460000038146973,5.460000038146973,5.409999847412109,5.429999828338623,5.429999828338623,2833600,0.0,0.0
2026-05-19,5.429999828338623,5.489999771118164,5.409999847412109,5.440000057220459,5.440000057220459,9130700,0.0,0.0
2026-05-20,5.440000057220459,5.449999809265137,5.389999866485596,5.440000057220459,5.440000057220459,2116400,0.0,0.0
2026-05-21,5.440000057220459,5.440000057220459,5.340000152587891,5.400000095367432,5.400000095367432,3137000,0.0,0.0
2026-05-22,5.409999847412109,5.429999828338623,5.329999923706055,5.400000095367432,5.400000095367432,1389300,0.0,0.0
2026-05-25,5.400000095367432,5.400000095367432,5.309999942779541,5.389999866485596,5.389999866485596,3981700,0.0,0.0
2026-05-26,5.380000114440918,5.400000095367432,5.210000038146973,5.239999771118164,5.239999771118164,4662500,0.0,0.0
2026-05-27,5.239999771118164,5.239999771118164,5.239999771118164,5.239999771118164,5.239999771118164,0,0.0,0.0
2026-05-28,5.360000133514404,5.440000057220459,5.260000228881836,5.300000190734863,5.300000190734863,8977300,0.0,0.0
2026-05-29,5.300000190734863,5.46999979019165,5.289999961853027,5.400000095367432,5.400000095367432,25486300,0.0,0.0
2026-06-02,5.400000095367432,5.400000095367432,5.400000095367432,5.400000095367432,5.400000095367432,0,0.0,0.0
2026-06-03,5.239999771118164,5.449999809265137,5.21999979019165,5.329999923706055,5.329999923706055,14479300,0.0,0.0
2026-06-04,5.320000171661377,5.360000133514404,5.25,5.28000020980835,5.28000020980835,9074200,0.0,0.0
2026-06-05,5.28000020980835,5.309999942779541,5.230000019073486,5.28000020980835,5.28000020980835,5891600,0.0,0.0
2026-06-08,5.199999809265137,5.260000228881836,5.199999809265137,5.25,5.25,5180300,0.0,0.0
2026-06-09,5.260000228881836,5.260000228881836,5.070000171661377,5.130000114440918,5.130000114440918,4231600,0.0,0.0
2026-06-10,5.130000114440918,5.190000057220459,5.110000133514404,5.119999885559082,5.119999885559082,4826500,0.0,0.0
2026-06-11,5.110000133514404,5.230000019073486,5.070000171661377,5.159999847412109,5.159999847412109,3458300,0.0,0.0
2026-06-12,5.230000019073486,5.320000171661377,5.159999847412109,5.320000171661377,5.320000171661377,1992500,0.0,0.0
2026-06-15,5.329999923706055,5.349999904632568,5.210000038146973,5.269999980926514,5.269999980926514,4870400,0.0,0.0
2026-06-16,5.300000190734863,5.320000171661377,5.230000019073486,5.300000190734863,5.300000190734863,4767700,0.0,0.0
2026-06-18,5.300000190734863,5.349999904632568,5.28000020980835,5.320000171661377,5.320000171661377,9344500,0.0,0.0
2026-06-19,5.320000171661377,5.340000152587891,5.309999942779541,5.329999923706055,5.329999923706055,6144100,0.0,0.0
2026-06-22,5.329999923706055,5.380000114440918,5.260000228881836,5.269999980926514,5.269999980926514,1601900,0.0,0.0
2026-06-23,5.320000171661377,5.329999923706055,5.190000057220459,5.190000057220459,5.190000057220459,1969800,0.0,0.0
2026-06-24,5.199999809265137,5.239999771118164,5.159999847412109,5.199999809265137,5.199999809265137,5112400,0.0,0.0
2026-06-25,5.199999809265137,5.28000020980835,5.159999847412109,5.159999847412109,5.159999847412109,2091900,0.0,0.0
2026-06-26,5.159999847412109,5.199999809265137,5.050000190734863,5.090000152587891,5.090000152587891,4604600,0.0,0.0
2026-06-29,5.090000152587891,5.230000019073486,5.090000152587891,5.230000019073486,5.230000019073486,2646000,0.0,0.0
2026-06-30,5.199999809265137,5.230000019073486,5.090000152587891,5.139999866485596,5.139999866485596,4539400,0.0,0.0
2026-07-01,5.159999847412109,5.179999828338623,5.090000152587891,5.090000152587891,5.090000152587891,2024200,0.0,0.0
2026-07-02,5.090000152587891,5.130000114440918,5.03000020980835,5.039999961853027,5.039999961853027,1788700,0.0,0.0
2026-07-03,5.039999961853027,5.119999885559082,5.039999961853027,5.039999961853027,5.039999961853027,1001400,0.0,0.0
2026-07-06,5.070000171661377,5.099999904632568,5.039999961853027,5.099999904632568,5.099999904632568,1261800,0.0,0.0
2026-07-07,5.099999904632568,5.119999885559082,5.070000171661377,5.099999904632568,5.099999904632568,1343000,0.0,0.0
2026-07-08,5.119999885559082,5.130000114440918,5.03000020980835,5.050000190734863,5.050000190734863,2435800,0.0,0.0
2026-07-09,5.079999923706055,5.079999923706055,5.0,5.03000020980835,5.03000020980835,2755700,0.0,0.0
2026-07-10,5.03000020980835,5.25,5.010000228881836,5.199999809265137,5.199999809265137,3195500,0.0,0.0
2026-07-13,5.199999809265137,5.21999979019165,5.119999885559082,5.210000038146973,5.210000038146973,1458100,0.0,0.0
2026-07-14,5.210000038146973,5.25,5.179999828338623,5.25,5.25,2269500,0.0,0.0
2026-07-15,5.25,5.25,5.190000057220459,5.230000019073486,5.230000019073486,1100900,0.0,0.0
2026-07-16,5.25,5.340000152587891,5.199999809265137,5.340000152587891,5.340000152587891,3136500,0.0,0.0
2026-07-17,5.329999923706055,5.340000152587891,5.21999979019165,5.230000019073486,5.230000019073486,1934400,0.0,0.0
2026-07-20,5.230000019073486,5.28000020980835,5.199999809265137,5.260000228881836,5.260000228881836,2131200,0.0,0.0
2026-07-21,5.260000228881836,5.269999980926514,5.159999847412109,5.239999771118164,5.239999771118164,1804900,0.0,0.0
2026-07-22,5.239999771118164,5.25,5.190000057220459,5.210000038146973,5.210000038146973,1299500,0.0,0.0
2026-07-23,5.210000038146973,5.260000228881836,5.170000076293945,5.179999828338623,5.179999828338623,1405900,0.0,0.0
2026-07-24,5.179999828338623,5.179999828338623,5.099999904632568,5.130000114440918,5.130000114440918,1014200,0.0,0.0
2026-07-27,5.130000114440918,5.190000057220459,5.119999885559082,5.159999847412109,5.159999847412109,2064800,0.0,0.0
2026-07-28,5.150000095367432,5.190000057220459,5.110000133514404,5.130000114440918,5.130000114440918,1680400,0.0,0.0
2026-07-29,5.130000114440918,5.190000057220459,5.079999923706055,5.139999866485596,5.139999866485596,3625200,0.0,0.0
2026-07-30,5.130000114440918,5.21999979019165,5.119999885559082,5.210000038146973,5.210000038146973,1240400,0.0,0.0
2026-07-31,5.210000038146973,5.289999961853027,5.170000076293945,5.28000020980835,5.28000020980835,4147300,0.0,0.0
2026-08-03,5.230000019073486,5.260000228881836,5.159999847412109,5.190000057220459,5.190000057220459,1671200,0.0,0.0
2026-08-04,5.190000057220459,5.190000057220459,5.119999885559082,5.139999866485596,5.139999866485596,1906200,0.0,0.0
2026-08-05,5.139999866485596,5.25,5.139999866485596,5.21999979019165,5.21999979019165,2328600,0.0,0.0
2026-08-06,5.21999979019165,5.21999979019165,5.110000133514404,5.130000114440918,5.130000114440918,1933600,0.0,0.0
2026-08-07,5.130000114440918,5.269999980926514,5.130000114440918,5.25,5.25,6491900,0.0,0.0
2026-08-10,5.199999809265137,5.25,5.190000057220459,5.230000019073486,5.230000019073486,1327100,0.0,0.0
2026-08-11,5.21999979019165,5.239999771118164,5.139999866485596,5.150000095367432,5.150000095367432,2451700,0.0,0.0
2026-08-12,5.150000095367432,5.239999771118164,5.150000095367432,5.199999809265137,5.199999809265137,2406500,0.0,0.0
2026-08-13,5.199999809265137,5.230000019073486,5.150000095367432,5.199999809265137,5.199999809265137,2382500,0.0,0.0
2026-08-14,5.199999809265137,5.199999809265137,5.119999885559082,5.119999885559082,5.119999885559082,3263000,0.0,0.0
2026-08-17,5.119999885559082,5.150000095367432,5.070000171661377,5.070000171661377,5.070000171661377,2125800,0.0,0.0
2026-08-18,5.070000171661377,5.070000171661377,5.039999961853027,5.050000190734863,5.050000190734863,3081700,0.0,0.0
2026-08-19,5.050000190734863,5.070000171661377,5.019999980926514,5.050000190734863,5.050000190734863,2687100,0.0,0.0
2026-08-20,5.059999942779541,5.099999904632568,5.03000020980835,5.079999923706055,5.079999923706055,4083000,0.0,0.0
2026-08-21,5.079999923706055,5.099999904632568,5.039999961853027,5.079999923706055,5.079999923706055,5884500,0.0,0.0
2026-08-24,5.079999923706055,5.130000114440918,5.079999923706055,5.130000114440918,5.130000114440918,2348600,0.0,0.0
2026-08-26,5.130000114440918,5.179999828338623,5.090000152587891,5.130000114440918,5.130000114440918,2753900,0.0,0.0
2026-08-27,5.130000114440918,5.139999866485596,5.079999923706055,5.110000133514404,5.110000133514404,1503900,0.0,0.0
2026-08-28,5.130000114440918,5.210000038146973,5.119999885559082,5.130000114440918,5.130000114440918,10592900,0.0,0.0
2026-08-31,5.130000114440918,5.130000114440918,5.130000114440918,5.130000114440918,5.130000114440918,0,0.0,0.0
2026-09-01,5.199999809265137,5.199999809265137,5.0,5.0,5.0,6077300,0.0,0.0
2026-09-02,5.0,5.03000020980835,4.929999828338623,4.980000019073486,4.980000019073486,2258000,0.0,0.0
2026-09-03,5.0,5.019999980926514,4.920000076293945,4.96999979019165,4.96999979019165,1998400,0.0,0.0
2026-09-04,4.96999979019165,4.980000019073486,4.940000057220459,4.960000038146973,4.960000038146973,1741000,0.0,0.0
2026-09-07,4.960000038146973,5.019999980926514,4.940000057220459,4.960000038146973,4.960000038146973,2040600,0.0,0.0
2026-09-08,4.960000038146973,5.0,4.849999904632568,4.900000095367432,4.900000095367432,6163100,0.0,0.0
2026-09-09,4.929999828338623,4.929999828338623,4.789999961853027,4.800000190734863,4.800000190734863,4818200,0.0,0.0
2026-09-10,4.800000190734863,4.849999904632568,4.730000019073486,4.730000019073486,4.730000019073486,3484400,0.0,0.0
2026-09-11,4.699999809265137,4.739999771118164,4.630000114440918,4.659999847412109,4.659999847412109,4047100,0.0,0.0
2026-09-14,4.650000095367432,4.659999847412109,4.559999942779541,4.599999904632568,4.599999904632568,3423200,0.0,0.0
2026-09-15,4.599999904632568,4.610000133514404,4.449999809265137,4.550000190734863,4.550000190734863,8054600,0.0,0.0
2026-09-17,4.550000190734863,4.559999942779541,4.449999809265137,4.510000228881836,4.510000228881836,4092100,0.03,0.0
2026-09-18,4.5,4.519999980926514,4.389999866485596,4.409999847412109,4.409999847412109,15718300,0.0,0.0
2026-09-21,4.409999847412109,4.5,4.380000114440918,4.440000057220459,4.440000057220459,6781400,0.0,0.0
2026-09-22,4.460000038146973,4.679999828338623,4.440000057220459,4.659999847412109,4.659999847412109,9117800,0.0,0.0
2026-09-23,4.659999847412109,4.769999980926514,4.659999847412109,4.699999809265137,4.699999809265137,5399900,0.0,0.0
2026-09-24,4.699999809265137,4.71999979019165,4.619999885559082,4.650000095367432,4.650000095367432,2841000,0.0,0.0
2026-09-25,4.690000057220459,4.690000057220459,4.570000171661377,4.630000114440918,4.630000114440918,2890300,0.0,0.0
2026-09-28,4.599999904632568,4.690000057220459,4.539999961853027,4.539999961853027,4.539999961853027,2684100,0.0,0.0
2026-09-29,4.539999961853027,4.570000171661377,4.389999866485596,4.389999866485596,4.389999866485596,4928700,0.0,0.0
2026-09-30,4.409999847412109,4.510000228881836,4.380000114440918,4.449999809265137,4.449999809265137,4199600,0.0,0.0
