Date,Open,High,Low,Close,Adj Close,Volume,Dividends,Stock Splits
2001-06-28,11441.0,11565.0,11338.0,11448.0,11448.0,0,0.0,0.0
2001-06-29,11370.0,11510.0,11265.0,11390.0,11390.0,0,0.0,0.0
2001-07-02,11315.0,11490.0,11215.0,11320.0,11320.0,0,0.0,0.0
2001-07-03,11330.0,11455.0,11188.0,11322.0,11322.0,0,0.0,0.0
2001-07-04,11355.0,11465.0,11251.0,11365.0,11365.0,0,0.0,0.0
2001-07-05,11357.0,11485.0,11240.0,11357.0,11357.0,0,0.0,0.0
2001-07-06,11340.0,11440.0,11230.0,11330.0,11330.0,0,0.0,0.0
2001-07-09,11330.0,11433.0,11223.0,11330.0,11330.0,0,0.0,0.0
2001-07-10,11370.0,11470.0,11252.0,11352.0,11352.0,0,0.0,0.0
2001-07-11,11354.0,11458.0,11240.0,11340.0,11340.0,0,0.0,0.0
2001-07-12,11360.0,11475.0,11260.0,11360.0,11360.0,0,0.0,0.0
2001-07-13,11348.0,11465.0,11230.0,11330.0,11330.0,0,0.0,0.0
2001-07-16,11340.0,11465.0,11240.0,11340.0,11340.0,0,0.0,0.0
2001-07-17,11340.0,11443.0,11235.0,11335.0,11335.0,0,0.0,0.0
2001-07-18,11322.0,11425.0,11160.0,11275.0,11275.0,0,0.0,0.0
2001-07-19,11244.0,11395.0,11140.0,11249.0,11249.0,0,0.0,0.0
2001-07-20,11120.0,11240.0,11020.0,11140.0,11140.0,0,0.0,0.0
2001-07-23,11140.0,11240.0,11040.0,11140.0,11140.0,0,0.0,0.0
2001-07-26,10010.0,10150.0,9780.0,10050.0,10050.0,0,0.0,0.0
2001-07-27,9975.0,10150.0,9860.0,10050.0,10050.0,0,0.0,0.0
2001-07-30,10050.0,10150.0,9605.0,9705.0,9705.0,0,0.0,0.0
2001-07-31,9475.0,9650.0,9265.0,9500.0,9500.0,0,0.0,0.0
2001-08-01,9563.0,9775.0,9342.0,9625.0,9625.0,0,0.0,0.0
2001-08-02,9685.0,9840.0,9475.0,9625.0,9625.0,0,0.0,0.0
2001-08-03,9630.0,9820.0,9395.0,9495.0,9495.0,0,0.0,0.0
2001-08-06,9390.0,9530.0,9230.0,9390.0,9390.0,0,0.0,0.0
2001-08-07,9315.0,9510.0,9215.0,9355.0,9355.0,0,0.0,0.0
2001-08-08,9315.0,9465.0,9205.0,9325.0,9325.0,0,0.0,0.0
2001-08-09,9155.0,9345.0,9015.0,9205.0,9205.0,0,0.0,0.0
2001-08-10,9170.0,9353.0,9010.0,9110.0,9110.0,0,0.0,0.0
2001-08-13,9110.0,9210.0,8450.0,8560.0,8560.0,0,0.0,0.0
2001-08-14,8460.0,8620.0,8350.0,8455.0,8455.0,0,0.0,0.0
2001-08-15,8560.0,8950.0,8325.0,8775.0,8775.0,0,0.0,0.0
2001-08-16,8685.0,8875.0,8585.0,8770.0,8770.0,0,0.0,0.0
2001-08-17,8750.0,8850.0,8650.0,8750.0,8750.0,0,0.0,0.0
2001-08-20,8565.0,8665.0,8415.0,8525.0,8525.0,0,0.0,0.0
2001-08-21,8555.0,8655.0,8343.0,8543.0,8543.0,0,0.0,0.0
2001-08-22,8600.0,8750.0,8473.0,8615.0,8615.0,0,0.0,0.0
2001-08-23,8725.0,8850.0,8550.0,8725.0,8725.0,0,0.0,0.0
2001-08-24,8728.0,8828.0,8593.0,8695.0,8695.0,0,0.0,0.0
2001-08-27,8700.0,8845.0,8595.0,8735.0,8735.0,0,0.0,0.0
2001-08-28,8875.0,9130.0,8725.0,9030.0,9030.0,0,0.0,0.0
2001-08-29,9230.0,9330.0,9015.0,9150.0,9150.0,0,0.0,0.0
2001-08-30,9055.0,9205.0,8790.0,8920.0,8920.0,0,0.0,0.0
2001-08-31,8805.0,8985.0,8700.0,8863.0,8863.0,0,0.0,0.0
2001-09-03,9055.0,9155.0,8763.0,8988.0,8988.0,0,0.0,0.0
2001-09-04,9100.0,9215.0,8845.0,8990.0,8990.0,0,0.0,0.0
2001-09-05,9045.0,9145.0,8900.0,9045.0,9045.0,0,0.0,0.0
2001-09-06,9103.0,9203.0,8900.0,9000.0,9000.0,0,0.0,0.0
2001-09-07,9060.0,9260.0,8960.0,9150.0,9150.0,0,0.0,0.0
2001-09-10,9060.0,9250.0,8960.0,9075.0,9075.0,0,0.0,0.0
2001-09-11,9090.0,9490.0,8690.0,9090.0,9090.0,0,0.0,0.0
2001-09-12,9085.0,9485.0,8685.0,9040.0,9040.0,0,0.0,0.0
2001-09-13,9130.0,9230.0,8975.0,9103.0,9103.0,0,0.0,0.0
2001-09-14,9118.0,9218.0,8995.0,9110.0,9110.0,0,0.0,0.0
2001-09-17,9275.0,9425.0,9010.0,9315.0,9315.0,0,0.0,0.0
2001-09-18,9506.0,9675.0,9375.0,9575.0,9575.0,0,0.0,0.0
2001-09-19,9600.0,9750.0,9495.0,9605.0,9605.0,0,0.0,0.0
2001-09-20,9475.0,9690.0,9275.0,9445.0,9445.0,0,0.0,0.0
2001-09-21,9400.0,9550.0,9300.0,9415.0,9415.0,0,0.0,0.0
2001-09-24,9480.0,9595.0,9315.0,9455.0,9455.0,0,0.0,0.0
2001-09-25,9520.0,9635.0,9415.0,9518.0,9518.0,0,0.0,0.0
2001-09-26,9625.0,9740.0,9500.0,9635.0,9635.0,0,0.0,0.0
2001-09-27,9675.0,9805.0,9565.0,9673.0,9673.0,0,0.0,0.0
2001-09-28,9693.0,9820.0,9585.0,9708.0,9708.0,0,0.0,0.0
2001-10-02,10035.0,10200.0,9800.0,10050.0,10050.0,0,0.0,0.0
2001-10-04,9725.0,9970.0,9625.0,9725.0,9725.0,0,0.0,0.0
2001-10-05,9815.0,10000.0,9695.0,9865.0,9865.0,0,0.0,0.0
2001-10-08,9865.0,10263.0,9765.0,10163.0,10163.0,0,0.0,0.0
2001-10-09,10110.0,10275.0,9875.0,10000.0,10000.0,0,0.0,0.0
2001-10-10,10080.0,10180.0,9823.0,9985.0,9985.0,0,0.0,0.0
2001-10-11,9935.0,10082.0,9835.0,9938.0,9938.0,0,0.0,0.0
2001-10-12,9975.0,10115.0,9865.0,9970.0,9970.0,0,0.0,0.0
2001-10-15,10000.0,10125.0,9850.0,9965.0,9965.0,0,0.0,0.0
2001-10-16,10000.0,10110.0,9885.0,10000.0,10000.0,0,0.0,0.0
2001-10-17,10015.0,10150.0,9908.0,10013.0,10013.0,0,0.0,0.0
2001-10-18,10085.0,10185.0,9930.0,10035.0,10035.0,0,0.0,0.0
2001-10-19,10085.0,10290.0,9975.0,10090.0,10090.0,0,0.0,0.0
2001-10-22,10110.0,10250.0,9965.0,10113.0,10113.0,0,0.0,0.0
2001-10-23,10143.0,10285.0,10043.0,10170.0,10170.0,0,0.0,0.0
2001-10-24,10205.0,10330.0,10105.0,10230.0,10230.0,0,0.0,0.0
2001-10-25,10270.0,10465.0,10065.0,10265.0,10265.0,0,0.0,0.0
2001-10-26,10250.0,10360.0,10150.0,10260.0,10260.0,0,0.0,0.0
2001-10-29,10265.0,10370.0,10160.0,10270.0,10270.0,0,0.0,0.0
2001-10-30,10345.0,10538.0,10240.0,10400.0,10400.0,0,0.0,0.0
2001-10-31,10455.0,10655.0,10255.0,10475.0,10475.0,0,0.0,0.0
2001-11-01,10500.0,10675.0,10350.0,10525.0,10525.0,0,0.0,0.0
2001-11-02,10600.0,10805.0,10500.0,10675.0,10675.0,0,0.0,0.0
2001-11-05,10925.0,11025.0,10760.0,10925.0,10925.0,0,0.0,0.0
2001-11-06,10855.0,10955.0,10640.0,10835.0,10835.0,0,0.0,0.0
2001-11-08,10475.0,10685.0,10370.0,10470.0,10470.0,0,0.0,0.0
2001-11-09,10400.0,10570.0,10200.0,10410.0,10410.0,0,0.0,0.0
2001-11-12,10685.0,10918.0,10310.0,10611.0,10611.0,0,0.0,0.0
2001-11-13,10660.0,10778.0,10500.0,10678.0,10678.0,0,0.0,0.0
2001-11-14,10635.0,10745.0,10470.0,10645.0,10645.0,0,0.0,0.0
2001-11-15,10633.0,10733.0,10525.0,10625.0,10625.0,0,0.0,0.0
2001-11-16,10608.0,10708.0,10505.0,10608.0,10608.0,0,0.0,0.0
2001-11-19,10565.0,10708.0,10465.0,10565.0,10565.0,0,0.0,0.0
2001-11-20,10535.0,10735.0,10435.0,10535.0,10535.0,0,0.0,0.0
2001-11-21,10482.5,10530.0,10325.0,10425.0,10425.0,0,0.0,0.0
2001-11-22,10560.0,10660.0,10415.0,10550.0,10550.0,0,0.0,0.0
2001-11-23,10485.0,10630.0,10385.0,10495.0,10495.0,0,0.0,0.0
2001-11-26,10375.0,10595.0,10275.0,10375.0,10375.0,0,0.0,0.0
2001-11-27,10393.0,10493.0,10293.0,10393.0,10393.0,0,0.0,0.0
2001-11-28,10450.0,10590.0,10310.0,10410.0,10410.0,0,0.0,0.0
2001-11-29,10413.0,10535.0,10270.0,10412.0,10412.0,0,0.0,0.0
2001-11-30,10450.0,10550.0,10350.0,10450.0,10450.0,0,0.0,0.0
2001-12-03,10475.0,10575.0,10350.0,10455.0,10455.0,0,0.0,0.0
2001-12-04,10470.0,10580.0,10370.0,10470.0,10470.0,0,0.0,0.0
2001-12-05,10483.0,10583.0,10370.0,10470.0,10470.0,0,0.0,0.0
2001-12-06,10440.0,10540.0,10300.0,10400.0,10400.0,0,0.0,0.0
2001-12-07,10380.0,10490.0,10230.0,10365.0,10365.0,0,0.0,0.0
2001-12-10,10235.0,10465.0,10135.0,10240.0,10240.0,0,0.0,0.0
2001-12-11,10225.0,10325.0,10045.0,10165.0,10165.0,0,0.0,0.0
2001-12-12,10035.0,10280.0,9880.0,10025.0,10025.0,0,0.0,0.0
2001-12-13,10077.0,10210.0,9915.0,10110.0,10110.0,0,0.0,0.0
2001-12-14,10170.0,10295.0,10030.0,10195.0,10195.0,0,0.0,0.0
2001-12-17,10195.0,10295.0,10095.0,10195.0,10195.0,0,0.0,0.0
2001-12-18,10158.0,10300.0,10055.0,10155.0,10155.0,0,0.0,0.0
2001-12-19,10100.0,10230.0,9985.0,10095.0,10095.0,0,0.0,0.0
2001-12-20,10113.0,10218.0,10013.0,10118.0,10118.0,0,0.0,0.0
2001-12-21,10180.0,10295.0,10080.0,10190.0,10190.0,0,0.0,0.0
2001-12-27,10425.0,10525.0,10090.0,10375.0,10375.0,0,0.0,0.0
2001-12-28,10460.0,10590.0,10290.0,10455.0,10455.0,0,0.0,0.0
2002-01-02,10435.0,10575.0,10295.0,10415.0,10415.0,0,0.0,0.0
2002-01-03,10358.0,10500.0,10258.0,10375.0,10375.0,0,0.0,0.0
2002-01-04,10428.0,10600.0,10195.0,10428.0,10428.0,0,0.0,0.0
2002-01-07,10390.0,10528.0,10290.0,10390.0,10390.0,0,0.0,0.0
2002-01-08,10423.0,10523.0,10323.0,10423.0,10423.0,0,0.0,0.0
2002-01-09,10433.0,10538.0,10320.0,10420.0,10420.0,0,0.0,0.0
2002-01-10,10433.0,10538.0,10325.0,10430.0,10430.0,0,0.0,0.0
2002-01-11,10427.0,10527.0,10327.0,10427.0,10427.0,0,0.0,0.0
2002-01-14,10408.0,10580.0,10305.0,10405.0,10405.0,0,0.0,0.0
2002-01-15,10393.0,10493.0,10293.0,10393.0,10393.0,0,0.0,0.0
2002-01-16,10375.0,10486.0,10275.0,10386.0,10386.0,0,0.0,0.0
2002-01-17,10400.0,10505.0,10296.0,10396.0,10396.0,0,0.0,0.0
2002-01-18,10390.0,10496.0,10288.0,10396.0,10396.0,0,0.0,0.0
2002-01-21,10383.0,10505.0,10283.0,10385.0,10385.0,0,0.0,0.0
2002-01-22,10385.0,10580.0,10285.0,10396.0,10396.0,0,0.0,0.0
2002-01-23,10398.0,10501.0,10285.0,10400.0,10400.0,0,0.0,0.0
2002-01-24,10475.0,10575.0,10285.0,10385.0,10385.0,0,0.0,0.0
2002-01-25,10453.0,10560.0,10335.0,10435.0,10435.0,0,0.0,0.0
2002-01-28,10405.0,10535.0,10285.0,10385.0,10385.0,0,0.0,0.0
2002-01-29,10305.0,10430.0,10195.0,10295.0,10295.0,0,0.0,0.0
2002-01-30,10313.0,10427.0,10210.0,10325.0,10325.0,0,0.0,0.0
2002-01-31,10320.0,10420.0,10215.0,10315.0,10315.0,0,0.0,0.0
2002-02-01,10325.0,10440.0,10225.0,10325.0,10325.0,0,0.0,0.0
2002-02-04,10320.0,10435.0,10215.0,10315.0,10315.0,0,0.0,0.0
2002-02-05,10308.0,10410.0,10205.0,10306.0,10306.0,0,0.0,0.0
2002-02-06,10305.0,10430.0,10203.0,10325.0,10325.0,0,0.0,0.0
2002-02-07,10285.0,10410.0,10170.0,10270.0,10270.0,0,0.0,0.0
2002-02-08,10270.0,10385.0,10150.0,10250.0,10250.0,0,0.0,0.0
2002-02-11,10193.0,10350.0,10093.0,10210.0,10210.0,0,0.0,0.0
2002-02-12,10175.0,10280.0,10065.0,10175.0,10175.0,0,0.0,0.0
2002-02-13,10183.0,10288.0,10071.0,10188.0,10188.0,0,0.0,0.0
2002-02-14,10233.0,10365.0,10120.0,10230.0,10230.0,0,0.0,0.0
2002-02-15,10240.0,10355.0,10140.0,10247.0,10247.0,0,0.0,0.0
2002-02-18,10245.0,10360.0,10135.0,10235.0,10235.0,0,0.0,0.0
2002-02-19,10200.0,10305.0,10085.0,10185.0,10185.0,0,0.0,0.0
2002-02-20,10178.0,10292.0,10078.0,10187.0,10187.0,0,0.0,0.0
2002-02-21,10188.0,10305.0,10078.0,10205.0,10205.0,0,0.0,0.0
2002-02-22,10180.0,10315.0,10080.0,10215.0,10215.0,0,0.0,0.0
2002-02-25,10195.0,10315.0,10078.0,10178.0,10178.0,0,0.0,0.0
2002-02-26,10165.0,10275.0,10025.0,10175.0,10175.0,0,0.0,0.0
2002-02-27,10182.0,10283.0,10079.0,10183.0,10183.0,0,0.0,0.0
2002-02-28,10183.0,10285.0,10050.0,10150.0,10150.0,0,0.0,0.0
2002-03-01,10090.0,10230.0,9990.0,10100.0,10100.0,0,0.0,0.0
2002-03-05,9983.0,10123.0,9875.0,9985.0,9985.0,0,0.0,0.0
2002-03-06,9948.0,10065.0,9800.0,9955.0,9955.0,0,0.0,0.0
2002-03-07,9930.0,10100.0,9830.0,9943.0,9943.0,0,0.0,0.0
2002-03-08,10000.0,10160.0,9855.0,10015.0,10015.0,0,0.0,0.0
2002-03-11,9975.0,10075.0,9845.0,9945.0,9945.0,0,0.0,0.0
2002-03-12,9976.0,10076.0,9870.0,9970.0,9970.0,0,0.0,0.0
2002-03-13,9988.0,10092.0,9875.0,9975.0,9975.0,0,0.0,0.0
2002-03-14,9967.0,10067.0,9867.0,9967.0,9967.0,0,0.0,0.0
2002-03-15,9995.0,10095.0,9855.0,9995.0,9995.0,0,0.0,0.0
2002-03-18,9973.0,10095.0,9868.0,9970.0,9970.0,0,0.0,0.0
2002-03-19,9963.0,10068.0,9863.0,9965.0,9965.0,0,0.0,0.0
2002-03-20,9890.0,10051.0,9775.0,9892.0,9892.0,0,0.0,0.0
2002-03-21,9855.0,10005.0,9755.0,9870.0,9870.0,0,0.0,0.0
2002-03-22,9833.0,9961.0,9713.0,9825.0,9825.0,0,0.0,0.0
2002-03-25,9715.0,9925.0,9600.0,9705.0,9705.0,0,0.0,0.0
2002-03-26,9588.0,9773.0,9400.0,9575.0,9575.0,0,0.0,0.0
2002-03-27,9605.0,9785.0,9435.0,9660.0,9660.0,0,0.0,0.0
2002-03-28,9850.0,9970.0,9570.0,9825.0,9825.0,0,0.0,0.0
2002-04-02,9805.0,9950.0,9655.0,9770.0,9770.0,0,0.0,0.0
2002-04-03,9803.0,9920.0,9703.0,9803.0,9803.0,0,0.0,0.0
2002-04-04,9685.0,9877.0,9555.0,9655.0,9655.0,0,0.0,0.0
2002-04-05,9575.0,9720.0,9415.0,9585.0,9585.0,0,0.0,0.0
2002-04-08,9525.0,9685.0,9425.0,9547.0,9547.0,0,0.0,0.0
2002-04-09,9596.5,9765.0,9495.0,9665.0,9665.0,0,0.0,0.0
2002-04-10,9594.0,9705.0,9445.0,9580.0,9580.0,0,0.0,0.0
2002-04-11,9548.0,9685.0,9448.0,9550.0,9550.0,0,0.0,0.0
2002-04-12,9530.0,9645.0,9410.0,9545.0,9545.0,0,0.0,0.0
2002-04-15,9375.0,9520.0,9275.0,9395.0,9395.0,0,0.0,0.0
2002-04-16,9398.0,9533.0,9295.0,9433.0,9433.0,0,0.0,0.0
2002-04-17,9445.0,9563.0,9295.0,9430.0,9430.0,0,0.0,0.0
2002-04-18,9393.0,9535.0,9280.0,9390.0,9390.0,0,0.0,0.0
2002-04-19,9345.0,9486.0,9220.0,9320.0,9320.0,0,0.0,0.0
2002-04-22,9288.0,9452.0,9145.0,9352.0,9352.0,0,0.0,0.0
2002-04-23,9350.0,9535.0,9205.0,9430.0,9430.0,0,0.0,0.0
2002-04-24,9365.0,9500.0,9205.0,9325.0,9325.0,0,0.0,0.0
2002-04-25,9375.0,9475.0,9180.0,9370.0,9370.0,0,0.0,0.0
2002-04-26,9295.0,9455.0,9195.0,9305.0,9305.0,0,0.0,0.0
2002-04-29,9330.0,9430.0,9190.0,9325.0,9325.0,0,0.0,0.0
2002-04-30,9333.0,9433.0,9210.0,9330.0,9330.0,0,0.0,0.0
2002-05-02,9310.0,9440.0,9210.0,9340.0,9340.0,0,0.0,0.0
2002-05-03,9310.0,9430.0,9210.0,9310.0,9310.0,0,0.0,0.0
2002-05-06,9293.0,9410.0,9170.0,9289.0,9289.0,0,0.0,0.0
2002-05-07,9280.0,9390.0,9175.0,9290.0,9290.0,0,0.0,0.0
2002-05-08,9293.0,9400.0,9190.0,9290.0,9290.0,0,0.0,0.0
2002-05-10,9290.0,9396.0,9183.0,9285.0,9285.0,0,0.0,0.0
2002-05-13,9275.0,9379.0,9172.0,9277.0,9277.0,0,0.0,0.0
2002-05-14,9268.0,9433.0,9161.0,9270.0,9270.0,0,0.0,0.0
2002-05-15,9255.0,9408.0,9140.0,9240.0,9240.0,0,0.0,0.0
2002-05-16,9153.0,9340.0,9040.0,9150.0,9150.0,0,0.0,0.0
2002-05-17,9100.0,9271.0,8975.0,9090.0,9090.0,0,0.0,0.0
2002-05-20,9020.0,9055.0,9000.0,9040.0,9040.0,0,0.0,0.0
2002-05-21,9038.0,9160.0,8920.0,9035.0,9035.0,0,0.0,0.0
2002-05-22,8975.0,9165.0,8825.0,9065.0,9065.0,0,0.0,0.0
2002-05-23,8942.5,9165.0,8818.0,8945.0,8945.0,0,0.0,0.0
2002-05-24,8912.5,9108.0,8823.0,8957.5,8957.5,0,0.0,0.0
2002-05-27,8925.5,9058.0,8805.0,8905.0,8905.0,0,0.0,0.0
2002-05-28,8855.0,9005.0,8753.0,8867.5,8867.5,0,0.0,0.0
2002-05-29,8867.5,8968.0,8735.0,8850.0,8850.0,0,0.0,0.0
2002-05-30,8830.0,8930.0,8822.0,8843.0,8843.0,0,0.0,0.0
2002-05-31,8814.5,8890.0,8575.0,8697.5,8697.5,0,0.0,0.0
2002-06-03,8563.0,8690.0,8445.0,8545.0,8545.0,0,0.0,0.0
2002-06-04,8532.0,8750.0,8333.0,8650.0,8650.0,0,0.0,0.0
2002-06-05,8787.5,9025.0,8550.0,8925.0,8925.0,0,0.0,0.0
2002-06-06,8850.0,9170.0,8740.0,9045.0,9045.0,0,0.0,0.0
2002-06-07,9002.5,9105.0,8765.0,8875.0,8875.0,0,0.0,0.0
2002-06-10,8780.0,8940.0,8630.0,8730.0,8730.0,0,0.0,0.0
2002-06-11,8817.5,8880.0,8670.0,8775.0,8775.0,0,0.0,0.0
2002-06-12,8725.0,8835.0,8590.0,8715.0,8715.0,0,0.0,0.0
2002-06-13,8737.5,8850.0,8630.0,8751.0,8751.0,0,0.0,0.0
2002-06-14,8720.0,8823.0,8650.0,8660.0,8660.0,0,0.0,0.0
2002-06-17,8700.0,8808.0,8588.0,8688.0,8688.0,0,0.0,0.0
2002-06-18,8660.0,8768.0,8555.0,8655.0,8655.0,0,0.0,0.0
2002-06-19,8620.0,8730.0,8503.0,8695.0,8695.0,0,0.0,0.0
2002-06-20,8605.0,8715.0,8498.0,8597.5,8597.5,0,0.0,0.0
2002-06-21,8657.5,8730.0,8518.0,8630.0,8630.0,0,0.0,0.0
2002-06-24,8650.0,8695.0,8575.0,8585.0,8585.0,0,0.0,0.0
2002-06-25,8690.0,8815.0,8558.0,8657.5,8657.5,0,0.0,0.0
2002-06-26,8700.0,8800.0,8570.0,8680.0,8680.0,0,0.0,0.0
2002-06-27,8725.0,8830.0,8540.0,8640.0,8640.0,0,0.0,0.0
2002-06-28,8723.0,8823.0,8592.0,8713.0,8713.0,0,0.0,0.0
2002-07-01,8720.0,8820.0,8593.0,8710.0,8710.0,0,0.0,0.0
2002-07-02,8815.0,8905.0,8705.0,8805.0,8805.0,0,0.0,0.0
2002-07-03,8965.0,9090.0,8705.0,8965.0,8965.0,0,0.0,0.0
2002-07-04,8865.0,8980.0,8753.0,8855.0,8855.0,0,0.0,0.0
2002-07-05,8848.0,8960.0,8733.0,8860.0,8860.0,0,0.0,0.0
2002-07-08,8889.0,9023.0,8760.0,8900.0,8900.0,0,0.0,0.0
2002-07-09,8960.0,9015.0,8795.0,8910.0,8910.0,0,0.0,0.0
2002-07-10,8913.0,9018.0,8794.0,8907.5,8907.5,0,0.0,0.0
2002-07-11,8974.0,9160.0,8885.0,9135.0,9135.0,0,0.0,0.0
2002-07-12,9075.0,9235.0,8970.0,9075.0,9075.0,0,0.0,0.0
2002-07-15,9055.0,9175.0,8928.0,9047.5,9047.5,0,0.0,0.0
2002-07-16,9045.0,9160.0,8934.0,9040.0,9040.0,0,0.0,0.0
2002-07-17,8948.0,9110.0,8830.0,8965.0,8965.0,0,0.0,0.0
2002-07-18,8885.0,9065.0,8770.0,8870.0,8870.0,0,0.0,0.0
2002-07-19,8780.0,9065.0,8625.0,8775.0,8775.0,0,0.0,0.0
2002-07-22,8803.0,8940.0,8675.0,8817.5,8817.5,0,0.0,0.0
2002-07-23,8873.0,9105.0,8723.0,9005.0,9005.0,0,0.0,0.0
2002-07-24,8990.0,9163.0,8885.0,9062.5,9062.5,0,0.0,0.0
2002-07-25,8995.0,9113.0,8885.0,9005.0,9005.0,0,0.0,0.0
2002-07-26,9130.0,9250.0,8940.0,9150.0,9150.0,0,0.0,0.0
2002-07-29,9215.0,9355.0,9050.0,9250.0,9250.0,0,0.0,0.0
2002-07-30,9150.0,9350.0,8995.0,9115.0,9115.0,0,0.0,0.0
2002-07-31,9065.0,9180.0,8940.0,9064.5,9064.5,0,0.0,0.0
2002-08-01,9097.0,9255.0,8988.0,9155.0,9155.0,0,0.0,0.0
2002-08-02,9105.0,9208.0,8975.0,9075.0,9075.0,0,0.0,0.0
2002-08-05,9031.5,9197.0,8970.0,9087.5,9087.5,0,0.0,0.0
2002-08-06,9076.0,9194.0,8976.0,9085.0,9085.0,0,0.0,0.0
2002-08-07,9070.0,9222.0,8960.0,9060.0,9060.0,0,0.0,0.0
2002-08-08,9000.0,9160.0,8870.0,8990.0,8990.0,0,0.0,0.0
2002-08-09,8935.0,9090.0,8820.0,8990.0,8990.0,0,0.0,0.0
2002-08-12,8977.5,9090.0,8740.0,8850.0,8850.0,0,0.0,0.0
2002-08-13,8860.0,8985.0,8730.0,8880.0,8880.0,0,0.0,0.0
2002-08-14,8835.0,8950.0,8675.0,8775.0,8775.0,0,0.0,0.0
2002-08-15,8855.0,8978.0,8743.0,8857.5,8857.5,0,0.0,0.0
2002-08-16,8886.5,8938.0,8715.0,8815.0,8815.0,0,0.0,0.0
2002-08-19,8823.0,8923.0,8715.0,8847.5,8847.5,0,0.0,0.0
2002-08-20,8860.0,8875.0,8770.0,8845.0,8845.0,0,0.0,0.0
2002-08-21,8830.0,8975.0,8740.0,8875.0,8875.0,0,0.0,0.0
2002-08-22,8845.0,8937.0,8832.0,8845.0,8845.0,0,0.0,0.0
2002-08-23,8817.5,8970.0,8770.0,8887.5,8887.5,0,0.0,0.0
2002-08-26,8880.0,9020.0,8788.0,8930.0,8930.0,0,0.0,0.0
2002-08-27,8915.0,9025.0,8800.0,8887.5,8887.5,0,0.0,0.0
2002-08-28,8829.0,8973.0,8773.0,8886.0,8886.0,0,0.0,0.0
2002-08-29,8885.0,8985.0,8768.0,8865.0,8865.0,0,0.0,0.0
2002-08-30,8860.0,8960.0,8760.0,8855.0,8855.0,0,0.0,0.0
2002-09-02,8897.5,8951.0,8751.0,8851.0,8851.0,0,0.0,0.0
2002-09-03,8840.0,8945.0,8740.0,8842.5,8842.5,0,0.0,0.0
2002-09-04,8853.0,8970.0,8753.0,8870.0,8870.0,0,0.0,0.0
2002-09-05,8858.0,8970.0,8757.0,8863.0,8863.0,0,0.0,0.0
2002-09-06,8865.0,8970.0,8765.0,8870.0,8870.0,0,0.0,0.0
2002-09-09,8865.0,8963.0,8725.0,8825.0,8825.0,0,0.0,0.0
2002-09-10,8867.0,8971.0,8766.0,8871.0,8871.0,0,0.0,0.0
2002-09-11,8892.5,8993.0,8792.0,8893.0,8893.0,0,0.0,0.0
2002-09-12,8911.0,9028.0,8800.0,8919.5,8919.5,0,0.0,0.0
2002-09-13,8940.0,9075.0,8827.0,8975.0,8975.0,0,0.0,0.0
2002-09-16,9055.0,9168.0,8935.0,9050.0,9050.0,0,0.0,0.0
2002-09-17,9003.5,9160.0,8940.0,9060.0,9060.0,0,0.0,0.0
2002-09-18,8990.0,9120.0,8890.0,9000.0,9000.0,0,0.0,0.0
2002-09-19,8995.0,9110.0,8893.0,9025.0,9025.0,0,0.0,0.0
2002-09-20,9025.0,9133.0,8915.0,9032.5,9032.5,0,0.0,0.0
2002-09-30,9003.0,9114.0,8894.0,8994.0,8994.0,0,0.0,0.0
2002-10-01,9003.5,9008.0,8995.0,9000.0,9000.0,0,0.0,0.0
2002-10-02,9019.5,9022.0,8914.0,9007.0,9007.0,0,0.0,0.0
2002-10-03,9010.0,9019.0,9005.0,9014.5,9014.5,0,0.0,0.0
2002-10-04,9018.0,9118.0,8915.0,9014.5,9014.5,0,0.0,0.0
2002-10-07,9015.0,9121.0,8915.0,9015.0,9015.0,0,0.0,0.0
2002-10-08,9011.0,9117.0,8905.0,9005.0,9005.0,0,0.0,0.0
2002-10-09,9004.0,9105.0,8897.0,8996.5,8996.5,0,0.0,0.0
2002-10-10,9008.0,9113.0,8897.0,9010.0,9010.0,0,0.0,0.0
2002-10-11,9007.0,9110.0,8907.0,9007.0,9007.0,0,0.0,0.0
2002-10-14,9255.0,9450.0,8907.0,9345.0,9345.0,0,0.0,0.0
2002-10-15,9315.0,9445.0,9185.0,9290.0,9290.0,0,0.0,0.0
2002-10-16,9161.5,9325.0,9094.0,9194.0,9194.0,0,0.0,0.0
2002-10-17,9212.0,9358.0,9050.0,9175.0,9175.0,0,0.0,0.0
2002-10-18,9257.5,9314.0,9114.0,9214.0,9214.0,0,0.0,0.0
2002-10-21,9203.0,9303.0,9085.0,9193.0,9193.0,0,0.0,0.0
2002-10-22,9166.0,9435.0,9060.0,9200.0,9200.0,0,0.0,0.0
2002-10-23,9204.0,9315.0,9098.0,9215.0,9215.0,0,0.0,0.0
2002-10-24,9217.0,9323.0,9115.0,9215.0,9215.0,0,0.0,0.0
2002-10-25,9250.0,9350.0,9140.0,9240.0,9240.0,0,0.0,0.0
2002-10-28,9180.0,9335.0,9124.0,9224.0,9224.0,0,0.0,0.0
2002-10-29,9267.5,9320.0,9115.0,9250.0,9250.0,0,0.0,0.0
2002-10-30,9228.0,9332.0,9115.0,9227.0,9227.0,0,0.0,0.0
2002-10-31,9228.0,9332.0,9128.0,9230.0,9230.0,0,0.0,0.0
2002-11-01,9223.0,9329.0,9120.0,9225.0,9225.0,0,0.0,0.0
2002-11-04,9212.0,9315.0,9112.0,9211.5,9211.5,0,0.0,0.0
2002-11-05,9214.0,9315.0,9105.0,9205.0,9205.0,0,0.0,0.0
2002-11-06,9211.0,9313.0,9105.0,9211.0,9211.0,0,0.0,0.0
2002-11-07,9210.0,9312.0,9105.0,9205.0,9205.0,0,0.0,0.0
2002-11-08,9246.0,9307.0,9093.0,9193.0,9193.0,0,0.0,0.0
2002-11-11,9149.0,9160.0,9047.0,9147.0,9147.0,0,0.0,0.0
2002-11-12,9097.5,9280.0,8975.0,9075.0,9075.0,0,0.0,0.0
2002-11-13,9050.0,9075.0,9040.0,9047.0,9047.0,0,0.0,0.0
2002-11-14,9030.0,9044.0,9015.0,9022.5,9022.5,0,0.0,0.0
2002-11-15,8980.0,9130.0,8930.0,9027.0,9027.0,0,0.0,0.0
2002-11-18,8995.0,9130.0,8930.0,8995.0,8995.0,0,0.0,0.0
2002-11-19,8979.5,8995.0,8950.0,8965.0,8965.0,0,0.0,0.0
2002-11-20,8967.5,9089.0,8889.0,8967.5,8967.5,0,0.0,0.0
2002-11-21,9027.5,9030.0,9005.0,9020.0,9020.0,0,0.0,0.0
2002-11-22,9002.5,9130.0,8930.0,8985.0,8985.0,0,0.0,0.0
2002-11-25,8977.5,8990.0,8894.0,8975.0,8975.0,0,0.0,0.0
2002-11-26,8968.5,9094.0,8894.0,8987.5,8987.5,0,0.0,0.0
2002-11-27,8985.0,9094.0,8850.0,8935.0,8935.0,0,0.0,0.0
2002-11-28,8950.0,9050.0,8850.0,8982.5,8982.5,0,0.0,0.0
2002-11-29,8950.0,9050.0,8850.0,8977.5,8977.5,0,0.0,0.0
2002-12-02,8950.0,9050.0,8850.0,8977.5,8977.5,0,0.0,0.0
2002-12-03,8950.0,9050.0,8850.0,8980.0,8980.0,0,0.0,0.0
2002-12-04,8990.0,9090.0,8890.0,8990.0,8990.0,0,0.0,0.0
2002-12-05,8990.0,9090.0,8890.0,8990.0,8990.0,0,0.0,0.0
2002-12-06,9037.5,9090.0,8890.0,8990.0,8990.0,0,0.0,0.0
2002-12-09,8977.5,9090.0,8890.0,8977.5,8977.5,0,0.0,0.0
2002-12-11,8895.0,9038.0,8795.0,8885.0,8885.0,0,0.0,0.0
2002-12-12,8895.0,8995.0,8795.0,8867.5,8867.5,0,0.0,0.0
2002-12-13,8875.0,8995.0,8795.0,8875.0,8875.0,0,0.0,0.0
2002-12-16,8816.0,8995.0,8716.0,8815.0,8815.0,0,0.0,0.0
2002-12-17,8858.0,8958.0,8716.0,8880.0,8880.0,0,0.0,0.0
2002-12-18,8853.5,9004.0,8758.0,8890.0,8890.0,0,0.0,0.0
2002-12-19,8904.0,9004.0,8804.0,8895.0,8895.0,0,0.0,0.0
2002-12-20,8904.0,9004.0,8804.0,8888.0,8888.0,0,0.0,0.0
2002-12-23,8844.5,9004.0,8804.0,8895.0,8895.0,0,0.0,0.0
2002-12-24,8902.5,8915.0,8885.0,8890.0,8890.0,0,0.0,0.0
2002-12-27,8912.0,9004.0,8804.0,8917.5,8917.5,0,0.0,0.0
2002-12-30,8945.0,9045.0,8804.0,8950.0,8950.0,0,0.0,0.0
2002-12-31,8940.0,8960.0,8930.0,8950.0,8950.0,0,0.0,0.0
2003-01-02,8920.0,9000.0,8800.0,8920.0,8920.0,0,0.0,0.0
2003-01-03,8900.0,9000.0,8800.0,8927.5,8927.5,0,0.0,0.0
2003-01-06,8930.5,9043.0,8843.0,8934.5,8934.5,0,0.0,0.0
2003-01-07,8942.5,9043.0,8843.0,8925.0,8925.0,0,0.0,0.0
2003-01-08,8943.0,9043.0,8843.0,8930.0,8930.0,0,0.0,0.0
2003-01-09,8934.5,9043.0,8843.0,8932.5,8932.5,0,0.0,0.0
2003-01-10,8943.0,9043.0,8843.0,8917.5,8917.5,0,0.0,0.0
2003-01-13,8880.0,9043.0,8772.0,8880.0,8880.0,0,0.0,0.0
2003-01-14,8861.5,8973.0,8773.0,8872.5,8872.5,0,0.0,0.0
2003-01-15,8870.0,8981.0,8765.0,8865.0,8865.0,0,0.0,0.0
2003-01-16,8878.0,8981.0,8760.0,8860.0,8860.0,0,0.0,0.0
2003-01-17,8880.0,8980.0,8764.0,8870.0,8870.0,0,0.0,0.0
2003-01-20,8932.0,8982.0,8775.0,8875.0,8875.0,0,0.0,0.0
2003-01-21,8936.0,8987.0,8780.0,8880.0,8880.0,0,0.0,0.0
2003-01-22,8835.5,8986.0,8755.0,8855.0,8855.0,0,0.0,0.0
2003-01-23,8894.0,9008.0,8783.0,8886.5,8886.5,0,0.0,0.0
2003-01-24,8891.0,8993.0,8793.0,8892.5,8892.5,0,0.0,0.0
2003-01-27,8890.0,8993.0,8785.0,8892.5,8892.5,0,0.0,0.0
2003-01-28,8866.0,8993.0,8755.0,8855.0,8855.0,0,0.0,0.0
2003-01-29,8855.0,8960.0,8735.0,8850.0,8850.0,0,0.0,0.0
2003-01-30,8872.0,8972.0,8760.0,8870.0,8870.0,0,0.0,0.0
2003-01-31,8870.0,8983.0,8767.0,8870.0,8870.0,0,0.0,0.0
2003-02-03,8875.0,8978.0,8775.0,8876.0,8876.0,0,0.0,0.0
2003-02-04,8868.0,8970.0,8770.0,8870.0,8870.0,0,0.0,0.0
2003-02-05,8869.5,8971.0,8765.0,8867.0,8867.0,0,0.0,0.0
2003-02-06,8870.0,8973.0,8766.0,8869.0,8869.0,0,0.0,0.0
2003-02-07,8867.0,8975.0,8765.0,8868.5,8868.5,0,0.0,0.0
2003-02-10,8932.5,8985.0,8765.0,8865.0,8865.0,0,0.0,0.0
2003-02-11,8975.0,9085.0,8858.0,8965.0,8965.0,0,0.0,0.0
2003-02-13,8947.0,9050.0,8838.0,8945.0,8945.0,0,0.0,0.0
2003-02-14,8875.5,9020.0,8820.0,8920.0,8920.0,0,0.0,0.0
2003-02-17,8904.0,9022.0,8804.0,8905.0,8905.0,0,0.0,0.0
2003-02-18,8875.0,8985.0,8772.0,8877.5,8877.5,0,0.0,0.0
2003-02-19,8838.5,8985.0,8780.0,8880.0,8880.0,0,0.0,0.0
2003-02-20,8834.0,8980.0,8745.0,8845.0,8845.0,0,0.0,0.0
2003-02-21,8910.0,9025.0,8786.0,8915.5,8915.5,0,0.0,0.0
2003-02-24,8901.0,9001.0,8795.0,8895.0,8895.0,0,0.0,0.0
2003-02-25,8888.0,9006.0,8788.0,8887.5,8887.5,0,0.0,0.0
2003-02-26,8842.5,8991.0,8788.0,8887.5,8887.5,0,0.0,0.0
2003-02-27,8893.0,8998.0,8788.0,8897.5,8897.5,0,0.0,0.0
2003-02-28,8840.0,8984.0,8784.0,8883.5,8883.5,0,0.0,0.0
2003-03-03,8932.5,8984.0,8784.0,8883.5,8883.5,0,0.0,0.0
2003-03-04,8860.0,8973.0,8730.0,8830.0,8830.0,0,0.0,0.0
2003-03-05,8866.0,8945.0,8745.0,8845.0,8845.0,0,0.0,0.0
2003-03-06,8872.5,8966.0,8766.0,8866.0,8866.0,0,0.0,0.0
2003-03-07,8885.0,8992.0,8782.0,8885.0,8885.0,0,0.0,0.0
2003-03-10,8883.0,8990.0,8779.0,8883.0,8883.0,0,0.0,0.0
2003-03-11,8883.0,8985.0,8782.0,8882.5,8882.5,0,0.0,0.0
2003-03-12,8893.0,8995.0,8783.0,8892.5,8892.5,0,0.0,0.0
2003-03-13,8950.0,9005.0,8800.0,8905.0,8905.0,0,0.0,0.0
2003-03-14,8915.0,9020.0,8805.0,8917.5,8917.5,0,0.0,0.0
2003-03-17,8960.0,9070.0,8841.0,8970.0,8970.0,0,0.0,0.0
2003-03-18,9029.0,9140.0,8920.0,9040.0,9040.0,0,0.0,0.0
2003-03-19,9090.0,9195.0,8943.0,9087.5,9087.5,0,0.0,0.0
2003-03-20,9032.0,9170.0,8920.0,9020.0,9020.0,0,0.0,0.0
2003-03-21,9000.0,9129.0,8860.0,8972.5,8972.5,0,0.0,0.0
2003-03-24,8945.0,9058.0,8845.0,8950.0,8950.0,0,0.0,0.0
2003-03-25,8910.0,9033.0,8805.0,8952.5,8952.5,0,0.0,0.0
2003-03-26,8920.0,9030.0,8813.0,8915.0,8915.0,0,0.0,0.0
2003-03-27,8904.5,9000.0,8800.0,8900.0,8900.0,0,0.0,0.0
2003-03-28,8900.0,9013.0,8795.0,8912.5,8912.5,0,0.0,0.0
2003-03-31,8900.0,9002.0,8802.0,8901.5,8901.5,0,0.0,0.0
2003-04-01,8900.0,8985.0,8785.0,8885.0,8885.0,0,0.0,0.0
2003-04-02,8895.0,8984.0,8784.0,8884.0,8884.0,0,0.0,0.0
2003-04-03,8900.5,8995.0,8795.0,8894.5,8894.5,0,0.0,0.0
2003-04-04,8903.0,8993.0,8793.0,8892.5,8892.5,0,0.0,0.0
2003-04-07,8885.0,8990.0,8783.0,8884.0,8884.0,0,0.0,0.0
2003-04-08,8873.0,8985.0,8773.0,8877.5,8877.5,0,0.0,0.0
2003-04-09,8875.0,8968.0,8765.0,8864.5,8864.5,0,0.0,0.0
2003-04-10,8851.0,8960.0,8750.0,8853.0,8853.0,0,0.0,0.0
2003-04-11,8871.0,8978.0,8763.0,8877.5,8877.5,0,0.0,0.0
2003-04-14,8813.0,8955.0,8747.0,8854.5,8854.5,0,0.0,0.0
2003-04-15,8830.5,8943.0,8743.0,8842.5,8842.5,0,0.0,0.0
2003-04-16,8842.5,8908.0,8708.0,8807.5,8807.5,0,0.0,0.0
2003-04-17,8782.0,8825.0,8625.0,8725.0,8725.0,0,0.0,0.0
2003-04-21,8680.0,8685.0,8655.0,8680.0,8680.0,0,0.0,0.0
2003-04-22,8723.0,8843.0,8608.0,8740.0,8740.0,0,0.0,0.0
2003-04-23,8745.0,8885.0,8618.0,8775.0,8775.0,0,0.0,0.0
2003-04-24,8725.0,8840.0,8590.0,8727.5,8727.5,0,0.0,0.0
2003-04-25,8738.0,8852.0,8633.0,8740.0,8740.0,0,0.0,0.0
2003-04-28,8691.0,8838.0,8632.0,8738.0,8738.0,0,0.0,0.0
2003-04-29,8695.0,8808.0,8608.0,8707.5,8707.5,0,0.0,0.0
2003-05-01,8685.0,8692.0,8670.0,8675.0,8675.0,0,0.0,0.0
2003-12-01,8469.2998046875,8519.2998046875,8465.7001953125,8498.400390625,8498.400390625,0,0.0,0.0
2003-12-02,8496.2998046875,8508.0,8474.2001953125,8486.099609375,8486.099609375,0,0.0,0.0
2003-12-03,8488.2001953125,8508.0,8467.900390625,8467.900390625,8467.900390625,0,0.0,0.0
2003-12-04,8469.2998046875,8506.7001953125,8459.5,8492.5,8492.5,0,0.0,0.0
2003-12-05,8487.2001953125,8527.0,8466.2998046875,8469.099609375,8469.099609375,0,0.0,0.0
2003-12-08,8480.2001953125,8508.0,8395.0,8492.7001953125,8492.7001953125,0,0.0,0.0
2003-12-09,8492.7001953125,8519.0,8463.2998046875,8474.2998046875,8474.2998046875,0,0.0,0.0
2003-12-10,8473.2998046875,8509.0,8469.7998046875,8502.2001953125,8502.2001953125,0,0.0,0.0
2003-12-11,8501.7998046875,8511.599609375,8433.599609375,8442.2001953125,8442.2001953125,0,0.0,0.0
2003-12-12,8439.7998046875,8492.0,8437.7001953125,8471.400390625,8471.400390625,0,0.0,0.0
2003-12-15,8538.5,8540.599609375,8379.0,8461.2001953125,8461.2001953125,0,0.0,0.0
2003-12-16,8461.2001953125,8499.0,8455.7001953125,8479.2998046875,8479.2998046875,0,0.0,0.0
2003-12-17,8484.7998046875,8501.0,8393.0,8478.7001953125,8478.7001953125,0,0.0,0.0
2003-12-18,8479.400390625,8502.0,8394.0,8459.900390625,8459.900390625,0,0.0,0.0
2003-12-19,8461.900390625,8505.0,8459.900390625,8488.599609375,8488.599609375,0,0.0,0.0
2003-12-22,8506.7998046875,8506.7998046875,8474.599609375,8498.2998046875,8498.2998046875,0,0.0,0.0
2003-12-23,8498.2998046875,8526.0,8331.099609375,8497.400390625,8497.400390625,0,0.0,0.0
2003-12-24,8496.0,8507.400390625,8485.2001953125,8501.2001953125,8501.2001953125,0,0.0,0.0
2003-12-25,8496.5,8505.0,8478.099609375,8493.7001953125,8493.7001953125,0,0.0,0.0
2003-12-26,8488.0,8508.0,8478.7001953125,8497.900390625,8497.900390625,0,0.0,0.0
2003-12-29,8496.5,8516.0,8454.5,8463.0,8463.0,0,0.0,0.0
2003-12-30,8461.7001953125,8478.099609375,8378.0,8453.7998046875,8453.7998046875,0,0.0,0.0
2003-12-31,8454.400390625,8467.0,8402.0,8404.2998046875,8404.2998046875,0,0.0,0.0
2004-01-01,8416.0,8416.0,8336.099609375,8336.7998046875,8336.7998046875,0,0.0,0.0
2004-01-02,8337.5,8458.099609375,8328.2001953125,8445.400390625,8445.400390625,0,0.0,0.0
2004-01-05,8407.0,8417.400390625,8285.0,8369.7998046875,8369.7998046875,0,0.0,0.0
2004-01-06,8370.099609375,8380.7001953125,8312.0,8361.7998046875,8361.7998046875,0,0.0,0.0
2004-01-07,8361.7998046875,8383.900390625,8248.0,8369.2998046875,8369.2998046875,0,0.0,0.0
2004-01-08,8372.900390625,8408.7998046875,8244.0,8338.0,8338.0,0,0.0,0.0
2004-01-09,8337.099609375,8360.599609375,8260.7001953125,8319.099609375,8319.099609375,0,0.0,0.0
2004-01-12,8325.2001953125,8342.0,8205.0,8340.0,8340.0,0,0.0,0.0
2004-01-13,8338.7001953125,8360.0,8230.0,8289.599609375,8289.599609375,0,0.0,0.0
2004-01-14,8293.400390625,8494.599609375,8293.400390625,8380.7998046875,8380.7998046875,0,0.0,0.0
2004-01-15,8384.5,8390.099609375,8265.0,8360.400390625,8360.400390625,0,0.0,0.0
2004-01-16,8360.400390625,8385.0,8250.0,8349.7001953125,8349.7001953125,0,0.0,0.0
2004-01-19,8357.2001953125,8395.7001953125,8273.0,8391.599609375,8391.599609375,0,0.0,0.0
2004-01-20,8393.599609375,8416.0,8299.0,8392.7001953125,8392.7001953125,0,0.0,0.0
2004-01-21,8379.0,8410.0,8367.2001953125,8372.7998046875,8372.7998046875,0,0.0,0.0
2004-01-22,8373.099609375,8415.5,8355.2998046875,8398.2998046875,8398.2998046875,0,0.0,0.0
2004-01-23,8397.7001953125,8425.099609375,8388.400390625,8417.0,8417.0,0,0.0,0.0
2004-01-26,8421.7001953125,8520.5,8359.0,8503.400390625,8503.400390625,0,0.0,0.0
2004-01-27,8504.400390625,8522.900390625,8327.0,8426.7001953125,8426.7001953125,0,0.0,0.0
2004-01-28,8427.400390625,8549.5,8392.599609375,8535.7998046875,8535.7998046875,0,0.0,0.0
2004-01-29,8535.5,8535.5,8407.2998046875,8413.400390625,8413.400390625,0,0.0,0.0
2004-01-30,8414.099609375,8469.0,8359.0,8442.400390625,8442.400390625,0,0.0,0.0
2004-02-02,8437.599609375,8491.0,8359.0,8452.2998046875,8452.2998046875,0,0.0,0.0
2004-02-03,8450.400390625,8477.400390625,8421.900390625,8460.7998046875,8460.7998046875,0,0.0,0.0
2004-02-04,8453.7001953125,8477.400390625,8421.900390625,8449.400390625,8449.400390625,0,0.0,0.0
2004-02-05,8450.400390625,8491.2001953125,8350.0,8470.900390625,8470.900390625,0,0.0,0.0
2004-02-06,8468.900390625,8485.7001953125,8433.0,8451.400390625,8451.400390625,0,0.0,0.0
2004-02-09,8482.400390625,8482.400390625,8340.0,8427.7001953125,8427.7001953125,0,0.0,0.0
2004-02-10,8428.400390625,8431.0,8295.0,8416.5,8416.5,0,0.0,0.0
2004-02-11,8416.7998046875,8428.7001953125,8310.0,8407.2998046875,8407.2998046875,0,0.0,0.0
2004-02-12,8405.0,8428.0,8318.0,8398.400390625,8398.400390625,0,0.0,0.0
2004-02-13,8398.400390625,8416.0,8303.0,8410.900390625,8410.900390625,0,0.0,0.0
2004-02-16,8408.2001953125,8414.7998046875,8287.0,8391.2001953125,8391.2001953125,0,0.0,0.0
2004-02-17,8390.900390625,8415.0,8302.0,8391.900390625,8391.900390625,0,0.0,0.0
2004-02-18,8395.7001953125,8491.5,8302.0,8449.099609375,8449.099609375,0,0.0,0.0
2004-02-19,8454.5,8463.7998046875,8387.400390625,8394.7001953125,8394.7001953125,0,0.0,0.0
2004-02-20,8395.0,8479.900390625,8333.0,8451.7998046875,8451.7998046875,0,0.0,0.0
2004-02-23,8475.2001953125,8509.900390625,8340.0,8438.0,8438.0,0,0.0,0.0
2004-02-24,8436.7001953125,8466.2998046875,8355.0,8457.599609375,8457.599609375,0,0.0,0.0
2004-02-25,8456.599609375,8458.5,8420.2001953125,8439.400390625,8439.400390625,0,0.0,0.0
2004-02-26,8440.099609375,8478.2998046875,8365.0,8466.7001953125,8466.7001953125,0,0.0,0.0
2004-02-27,8468.7001953125,8479.0,8355.0,8412.7998046875,8412.7998046875,0,0.0,0.0
2004-03-01,8382.900390625,8468.099609375,8382.2001953125,8451.5,8451.5,0,0.0,0.0
2004-03-02,8452.599609375,8521.7998046875,8390.0,8521.5,8521.5,0,0.0,0.0
2004-03-03,8518.7001953125,8575.2001953125,8465.0,8495.7001953125,8495.7001953125,0,0.0,0.0
2004-03-04,8497.7998046875,8584.099609375,8455.0,8563.7001953125,8563.7001953125,0,0.0,0.0
2004-03-05,8564.0,8625.599609375,8427.900390625,8622.099609375,8622.099609375,0,0.0,0.0
2004-03-08,8623.099609375,8637.7998046875,8542.0,8543.7001953125,8543.7001953125,0,0.0,0.0
2004-03-09,8543.2998046875,8643.400390625,8452.0,8620.2998046875,8620.2998046875,0,0.0,0.0
2004-03-10,8543.2998046875,8643.400390625,8452.0,8575.099609375,8575.099609375,0,0.0,0.0
2004-03-11,8576.099609375,8643.7001953125,8530.0,8567.0,8567.0,0,0.0,0.0
2004-03-12,8568.7001953125,8672.7998046875,8555.0,8633.0,8633.0,0,0.0,0.0
2004-03-15,8636.900390625,8646.599609375,8538.0,8614.900390625,8614.900390625,0,0.0,0.0
2004-03-16,8615.599609375,8631.7998046875,8491.0,8620.5,8620.5,0,0.0,0.0
2004-03-17,8625.099609375,8658.7998046875,8454.0,8645.900390625,8645.900390625,0,0.0,0.0
2004-03-18,8646.2998046875,8646.2998046875,8499.099609375,8533.2001953125,8533.2001953125,0,0.0,0.0
2004-03-19,8532.099609375,8616.2998046875,8453.0,8616.2998046875,8616.2998046875,0,0.0,0.0
2004-03-22,8610.2998046875,8643.099609375,8546.599609375,8561.5,8561.5,0,0.0,0.0
2004-03-23,8561.900390625,8592.099609375,8553.599609375,8562.900390625,8562.900390625,0,0.0,0.0
2004-03-24,8563.2998046875,8726.599609375,8545.2998046875,8707.2001953125,8707.2001953125,0,0.0,0.0
2004-03-25,8707.5,8720.7998046875,8517.0,8711.7998046875,8711.7998046875,0,0.0,0.0
2004-03-26,8710.7998046875,8717.599609375,8514.0,8717.599609375,8717.599609375,0,0.0,0.0
2004-03-29,8725.5,8752.2001953125,8499.0,8688.2001953125,8688.2001953125,0,0.0,0.0
2004-03-30,8689.599609375,8697.099609375,8505.0,8676.099609375,8676.099609375,0,0.0,0.0
2004-03-31,8677.099609375,8682.5,8464.0,8585.5,8585.5,0,0.0,0.0
2004-04-01,8585.900390625,8614.599609375,8485.0,8549.400390625,8549.400390625,0,0.0,0.0
2004-04-02,8548.400390625,8720.5,8473.0,8716.099609375,8716.099609375,0,0.0,0.0
2004-04-05,8725.5,8806.599609375,8495.0,8799.2001953125,8799.2001953125,0,0.0,0.0
2004-04-06,8799.2001953125,8814.599609375,8541.2001953125,8714.0,8714.0,0,0.0,0.0
2004-04-07,8714.7001953125,8751.5,8560.2998046875,8584.0,8584.0,0,0.0,0.0
2004-04-08,8585.099609375,8604.2998046875,8486.0,8597.599609375,8597.599609375,0,0.0,0.0
2004-04-09,8597.900390625,8604.0,8573.400390625,8591.900390625,8591.900390625,0,0.0,0.0
2004-04-12,8587.2998046875,8611.5,8583.400390625,8601.7998046875,8601.7998046875,0,0.0,0.0
2004-04-13,8601.5,8608.2998046875,8493.0,8593.2001953125,8593.2001953125,0,0.0,0.0
2004-04-14,8597.2001953125,8612.900390625,8504.0,8610.7001953125,8610.7001953125,0,0.0,0.0
2004-04-15,8610.7001953125,8638.400390625,8533.0,8623.099609375,8623.099609375,0,0.0,0.0
2004-04-16,8622.400390625,8644.7998046875,8520.0,8609.7998046875,8609.7998046875,0,0.0,0.0
2004-04-19,8600.900390625,8611.7998046875,8504.0,8606.7998046875,8606.7998046875,0,0.0,0.0
2004-04-20,8622.400390625,8675.400390625,8513.0,8660.7001953125,8660.7001953125,0,0.0,0.0
2004-04-21,8660.0,8677.2001953125,8548.0,8676.599609375,8676.599609375,0,0.0,0.0
2004-04-22,8673.7001953125,8683.2001953125,8549.0,8624.900390625,8624.900390625,0,0.0,0.0
2004-04-23,8625.599609375,8648.099609375,8521.0,8608.5,8608.5,0,0.0,0.0
2004-04-26,8650.5,8675.7998046875,8527.0,8611.599609375,8611.599609375,0,0.0,0.0
2004-04-27,8610.900390625,8631.0,8603.7001953125,8625.2998046875,8625.2998046875,0,0.0,0.0
2004-04-28,8626.7001953125,8693.400390625,8541.0,8681.7001953125,8681.7001953125,0,0.0,0.0
2004-04-29,8682.400390625,8705.5,8574.0,8694.900390625,8694.900390625,0,0.0,0.0
2004-04-30,8696.7001953125,8709.7001953125,8647.5,8665.5,8665.5,0,0.0,0.0
2004-05-03,8657.900390625,8707.2998046875,8655.099609375,8700.400390625,8700.400390625,0,0.0,0.0
2004-05-04,8699.7001953125,8722.099609375,8605.2001953125,8698.099609375,8698.099609375,0,0.0,0.0
2004-05-05,8698.099609375,8712.7001953125,8669.7998046875,8690.7001953125,8690.7001953125,0,0.0,0.0
2004-05-06,8690.400390625,8709.0,8682.0,8702.400390625,8702.400390625,0,0.0,0.0
2004-05-07,8704.2001953125,8845.400390625,8699.900390625,8803.2001953125,8803.2001953125,0,0.0,0.0
2004-05-10,8790.599609375,8993.2998046875,8790.599609375,8980.400390625,8980.400390625,0,0.0,0.0
2004-05-11,8978.900390625,8998.099609375,8874.0,8964.7998046875,8964.7998046875,0,0.0,0.0
2004-05-12,8965.900390625,8995.400390625,8850.0,8903.599609375,8903.599609375,0,0.0,0.0
2004-05-13,8903.2001953125,9010.099609375,8883.400390625,8994.900390625,8994.900390625,0,0.0,0.0
2004-05-14,8994.900390625,9056.599609375,8835.0,9031.099609375,9031.099609375,0,0.0,0.0
2004-05-17,9020.5,9030.2998046875,8957.2001953125,8989.900390625,8989.900390625,0,0.0,0.0
2004-05-18,8984.7001953125,9081.599609375,8975.0,9052.400390625,9052.400390625,0,0.0,0.0
2004-05-19,9050.900390625,9061.900390625,8950.0,9046.599609375,9046.599609375,0,0.0,0.0
2004-05-20,9048.099609375,9061.0,9004.599609375,9013.599609375,9013.599609375,0,0.0,0.0
2004-05-21,9013.599609375,9077.7998046875,8997.7998046875,9042.2998046875,9042.2998046875,0,0.0,0.0
2004-05-24,9050.900390625,9120.7001953125,9008.0,9114.5,9114.5,0,0.0,0.0
2004-05-25,9116.0,9310.400390625,9094.400390625,9255.2998046875,9255.2998046875,0,0.0,0.0
2004-05-26,9255.7001953125,9276.5,9170.0,9247.599609375,9247.599609375,0,0.0,0.0
2004-05-27,9246.900390625,9308.400390625,9217.900390625,9248.099609375,9248.099609375,0,0.0,0.0
2004-05-28,9252.7001953125,9287.7001953125,9242.0,9262.0,9262.0,0,0.0,0.0
2004-05-31,9249.900390625,9288.2001953125,9246.5,9256.900390625,9256.900390625,0,0.0,0.0
2004-06-01,9258.099609375,9370.7001953125,9252.0,9345.7998046875,9345.7998046875,0,0.0,0.0
2004-06-02,9347.0,9570.7998046875,9326.0,9458.900390625,9458.900390625,0,0.0,0.0
2004-06-03,9457.400390625,9483.0,9418.7998046875,9442.5,9442.5,0,0.0,0.0
2004-06-04,9443.7001953125,9488.7998046875,9422.2998046875,9455.7998046875,9455.7998046875,0,0.0,0.0
2004-06-07,9399.0,9399.0,9291.0,9293.599609375,9293.599609375,0,0.0,0.0
2004-06-08,9294.2998046875,9321.599609375,9175.0,9241.5,9241.5,0,0.0,0.0
2004-06-09,9241.2001953125,9298.7998046875,9185.0,9282.7001953125,9282.7001953125,0,0.0,0.0
2004-06-10,9280.400390625,9408.0,9270.400390625,9348.7001953125,9348.7001953125,0,0.0,0.0
2004-06-11,9349.400390625,9427.7001953125,9275.0,9370.7998046875,9370.7998046875,0,0.0,0.0
2004-06-14,9428.599609375,9435.2998046875,9315.0,9373.599609375,9373.599609375,0,0.0,0.0
2004-06-15,9374.400390625,9417.400390625,9315.0,9388.099609375,9388.099609375,0,0.0,0.0
2004-06-16,9387.2998046875,9415.900390625,9363.400390625,9412.599609375,9412.599609375,0,0.0,0.0
2004-06-17,9412.2001953125,9420.099609375,9375.599609375,9407.599609375,9407.599609375,0,0.0,0.0
2004-06-18,9407.2001953125,9436.2001953125,9373.2001953125,9388.5,9388.5,0,0.0,0.0
2004-06-21,9395.5,9412.599609375,9302.0,9379.900390625,9379.900390625,0,0.0,0.0
2004-06-22,9381.400390625,9416.2998046875,9376.7998046875,9380.7001953125,9380.7001953125,0,0.0,0.0
2004-06-23,9377.599609375,9426.099609375,9329.0,9419.599609375,9419.599609375,0,0.0,0.0
2004-06-24,9418.7998046875,9450.099609375,9377.900390625,9397.5,9397.5,0,0.0,0.0
2004-06-25,9399.7998046875,9427.2001953125,9379.900390625,9379.900390625,9379.900390625,0,0.0,0.0
2004-06-28,9434.400390625,9449.900390625,9320.0,9420.0,9420.0,0,0.0,0.0
2004-06-29,9419.2998046875,9432.7998046875,9305.0,9398.0,9398.0,0,0.0,0.0
2004-06-30,9400.0,9414.2998046875,9285.0,9409.099609375,9409.099609375,0,0.0,0.0
2004-07-01,9410.599609375,9426.900390625,9230.0,9302.5,9302.5,0,0.0,0.0
2004-07-02,9301.400390625,9311.0,9053.7998046875,9121.7998046875,9121.7998046875,0,0.0,0.0
2004-07-05,9115.2001953125,9153.900390625,9113.400390625,9139.099609375,9139.099609375,0,0.0,0.0
2004-07-06,9137.900390625,9146.099609375,8930.0,9000.7001953125,9000.7001953125,0,0.0,0.0
2004-07-07,9000.0,9021.7998046875,8967.400390625,8993.5,8993.5,0,0.0,0.0
2004-07-08,8993.5,9007.400390625,8888.0,8977.099609375,8977.099609375,0,0.0,0.0
2004-07-09,8977.400390625,8996.099609375,8825.0,8880.7001953125,8880.7001953125,0,0.0,0.0
2004-07-12,8891.7998046875,8909.7998046875,8740.0,8791.5,8791.5,0,0.0,0.0
2004-07-13,8792.5,8939.2998046875,8789.0,8929.7001953125,8929.7001953125,0,0.0,0.0
2004-07-14,8931.2001953125,8999.2998046875,8909.7001953125,8964.0,8964.0,0,0.0,0.0
2004-07-15,8964.7001953125,8997.5,8926.0,8962.0,8962.0,0,0.0,0.0
2004-07-16,8960.900390625,8978.7001953125,8803.0,8901.7001953125,8901.7001953125,0,0.0,0.0
2004-07-19,8902.7998046875,8964.400390625,8820.0,8950.400390625,8950.400390625,0,0.0,0.0
2004-07-20,8951.400390625,8995.099609375,8942.400390625,8975.7998046875,8975.7998046875,0,0.0,0.0
2004-07-21,8975.0,9023.2998046875,8973.900390625,9000.2998046875,9000.2998046875,0,0.0,0.0
2004-07-22,9001.7998046875,9082.0,8988.0,9037.599609375,9037.599609375,0,0.0,0.0
2004-07-23,9037.599609375,9088.599609375,9006.7001953125,9083.0,9083.0,0,0.0,0.0
2004-07-26,9064.099609375,9137.900390625,9040.0,9133.5,9133.5,0,0.0,0.0
2004-07-27,9134.599609375,9140.2001953125,8972.0,9066.7998046875,9066.7998046875,0,0.0,0.0
2004-07-28,9066.0,9139.2001953125,9057.7998046875,9115.5,9115.5,0,0.0,0.0
2004-07-29,9114.7001953125,9188.0,9085.0,9173.5,9173.5,0,0.0,0.0
2004-07-30,9173.900390625,9184.5,9087.7001953125,9141.5,9141.5,0,0.0,0.0
2004-08-02,9111.599609375,9145.400390625,9091.599609375,9141.400390625,9141.400390625,0,0.0,0.0
2004-08-03,9143.0,9180.7001953125,9128.900390625,9168.099609375,9168.099609375,0,0.0,0.0
2004-08-04,9167.7001953125,9235.0,9162.7001953125,9194.2998046875,9194.2998046875,0,0.0,0.0
2004-08-05,9193.2001953125,9202.400390625,9073.0,9178.7998046875,9178.7998046875,0,0.0,0.0
2004-08-06,9178.400390625,9201.5,9044.400390625,9140.400390625,9140.400390625,0,0.0,0.0
2004-08-09,9204.2001953125,9206.5,9146.7001953125,9171.900390625,9171.900390625,0,0.0,0.0
2004-08-10,9169.2998046875,9223.900390625,9105.0,9200.5,9200.5,0,0.0,0.0
2004-08-11,9199.0,9268.0,9152.0,9257.099609375,9257.099609375,0,0.0,0.0
2004-08-12,9258.599609375,9259.2998046875,9158.0,9248.2001953125,9248.2001953125,0,0.0,0.0
2004-08-13,9248.900390625,9290.7001953125,9155.0,9238.2001953125,9238.2001953125,0,0.0,0.0
2004-08-16,9236.400390625,9292.400390625,9236.400390625,9278.900390625,9278.900390625,0,0.0,0.0
2004-08-17,9278.099609375,9292.400390625,9252.599609375,9282.400390625,9282.400390625,0,0.0,0.0
2004-08-18,9282.400390625,9288.400390625,9247.900390625,9254.599609375,9254.599609375,0,0.0,0.0
2004-08-19,9253.099609375,9276.099609375,9153.0,9234.400390625,9234.400390625,0,0.0,0.0
2004-08-20,9234.0,9240.2998046875,9140.0,9211.5,9211.5,0,0.0,0.0
2004-08-23,9226.400390625,9300.2001953125,9165.0,9280.400390625,9280.400390625,0,0.0,0.0
2004-08-24,9279.7001953125,9299.900390625,9246.599609375,9253.5,9253.5,0,0.0,0.0
2004-08-25,9254.2998046875,9278.900390625,9242.5,9274.7001953125,9274.7001953125,0,0.0,0.0
2004-08-26,9277.7001953125,9307.2998046875,9261.2001953125,9296.5,9296.5,0,0.0,0.0
2004-08-27,9295.7001953125,9316.5,9200.0,9308.2998046875,9308.2998046875,0,0.0,0.0
2004-08-30,9312.7001953125,9362.7001953125,9312.7001953125,9329.900390625,9329.900390625,0,0.0,0.0
2004-08-31,9329.900390625,9374.2998046875,9300.599609375,9361.5,9361.5,0,0.0,0.0
2004-09-01,9361.900390625,9371.900390625,9297.5,9307.0,9307.0,0,0.0,0.0
2004-09-02,9305.5,9324.599609375,9249.7001953125,9262.7001953125,9262.7001953125,0,0.0,0.0
2004-09-03,9261.599609375,9286.900390625,9223.2998046875,9275.2001953125,9275.2001953125,0,0.0,0.0
2004-09-06,9256.099609375,9285.400390625,9178.0,9279.599609375,9279.599609375,0,0.0,0.0
2004-09-07,9278.400390625,9285.2998046875,9256.2001953125,9273.7998046875,9273.7998046875,0,0.0,0.0
2004-09-08,9273.7998046875,9306.599609375,9245.7998046875,9280.7998046875,9280.7998046875,0,0.0,0.0
2004-09-09,9280.400390625,9331.900390625,9239.400390625,9241.2998046875,9241.2998046875,0,0.0,0.0
2004-09-10,9240.900390625,9301.900390625,9160.0,9266.5,9266.5,0,0.0,0.0
2004-09-13,9259.900390625,9277.2998046875,9219.7998046875,9220.099609375,9220.099609375,0,0.0,0.0
2004-09-14,9219.7998046875,9224.2998046875,9090.2001953125,9102.400390625,9102.400390625,0,0.0,0.0
2004-09-15,9102.400390625,9119.5,9063.599609375,9113.900390625,9113.900390625,0,0.0,0.0
2004-09-16,9113.900390625,9119.900390625,8983.2001953125,8993.400390625,8993.400390625,0,0.0,0.0
2004-09-17,8994.900390625,9041.0,8912.0,9038.7998046875,9038.7998046875,0,0.0,0.0
2004-09-20,9032.2001953125,9045.599609375,9016.0,9022.2998046875,9022.2998046875,0,0.0,0.0
2004-09-21,9021.2001953125,9029.2998046875,8966.2998046875,8991.599609375,8991.599609375,0,0.0,0.0
2004-09-22,8991.599609375,9171.5,8989.400390625,9149.5,9149.5,0,0.0,0.0
2004-09-23,9149.2001953125,9174.7001953125,9019.0,9121.7001953125,9121.7001953125,0,0.0,0.0
2004-09-24,9121.7001953125,9130.2001953125,9013.0,9106.099609375,9106.099609375,0,0.0,0.0
2004-09-27,9106.400390625,9196.5,9100.5,9168.400390625,9168.400390625,0,0.0,0.0
2004-09-28,9167.2998046875,9234.2998046875,9165.099609375,9229.7998046875,9229.7998046875,0,0.0,0.0
2004-09-29,9230.599609375,9235.099609375,9106.0,9172.0,9172.0,0,0.0,0.0
2004-09-30,9170.599609375,9181.2998046875,9066.0,9147.0,9147.0,0,0.0,0.0
2004-10-01,9148.099609375,9158.0,9107.400390625,9149.5,9149.5,0,0.0,0.0
2004-10-04,9163.2001953125,9191.0,9074.099609375,9089.599609375,9089.599609375,0,0.0,0.0
2004-10-05,9088.2001953125,9105.900390625,8978.0,9088.7998046875,9088.7998046875,0,0.0,0.0
2004-10-06,9088.7998046875,9112.599609375,9065.400390625,9084.7998046875,9084.7998046875,0,0.0,0.0
2004-10-07,9085.5,9098.7001953125,8985.0,9087.900390625,9087.900390625,0,0.0,0.0
2004-10-08,9086.7998046875,9095.7001953125,8695.0,9083.7998046875,9083.7998046875,0,0.0,0.0
2004-10-11,9075.2001953125,9084.599609375,9057.5,9074.099609375,9074.099609375,0,0.0,0.0
2004-10-12,9073.0,9138.099609375,9039.0,9120.5,9120.5,0,0.0,0.0
2004-10-13,9120.099609375,9148.900390625,9038.0,9121.7001953125,9121.7001953125,0,0.0,0.0
2004-10-14,9120.599609375,9153.5,9058.900390625,9098.2998046875,9098.2998046875,0,0.0,0.0
2004-10-15,9098.7001953125,9106.2998046875,9048.099609375,9080.400390625,9080.400390625,0,0.0,0.0
2004-10-18,9079.900390625,9122.7998046875,9073.7001953125,9122.0,9122.0,0,0.0,0.0
2004-10-19,9120.900390625,9145.7998046875,8987.0,9068.900390625,9068.900390625,0,0.0,0.0
2004-10-20,9068.2001953125,9091.900390625,8978.0,9077.5,9077.5,0,0.0,0.0
2004-10-21,9077.900390625,9115.900390625,9030.0,9093.7998046875,9093.7998046875,0,0.0,0.0
2004-10-22,9094.2001953125,9105.0,9041.5,9044.0,9044.0,0,0.0,0.0
2004-10-25,9042.400390625,9080.400390625,8960.0,9056.7998046875,9056.7998046875,0,0.0,0.0
2004-10-26,9057.5,9099.7998046875,9034.599609375,9087.2998046875,9087.2998046875,0,0.0,0.0
2004-10-27,9087.2998046875,9115.2001953125,9068.400390625,9112.0,9112.0,0,0.0,0.0
2004-10-28,9112.0,9212.0,8968.0,9100.0,9100.0,0,0.0,0.0
2004-10-29,9110.599609375,9124.599609375,8970.0,9078.099609375,9078.099609375,0,0.0,0.0
2004-11-01,9051.7001953125,9090.900390625,9050.599609375,9086.2998046875,9086.2998046875,0,0.0,0.0
2004-11-02,9087.7001953125,9099.2998046875,9054.599609375,9090.900390625,9090.900390625,0,0.0,0.0
2004-11-03,9093.7998046875,9127.5,9020.0,9096.599609375,9096.599609375,0,0.0,0.0
2004-11-04,9100.7998046875,9102.599609375,8990.0,9067.2001953125,9067.2001953125,0,0.0,0.0
2004-11-05,9065.7998046875,9078.2998046875,8963.0,9055.099609375,9055.099609375,0,0.0,0.0
2004-11-08,9051.900390625,9065.599609375,8851.0,8936.0,8936.0,0,0.0,0.0
2004-11-09,8936.0,9013.7001953125,8880.0,8975.2998046875,8975.2998046875,0,0.0,0.0
2004-11-10,8976.0,9057.5,8915.0,9043.599609375,9043.599609375,0,0.0,0.0
2004-11-11,9041.900390625,9075.400390625,9032.099609375,9057.400390625,9057.400390625,0,0.0,0.0
2004-11-12,9058.7998046875,9061.599609375,8973.2001953125,8980.099609375,8980.099609375,0,0.0,0.0
2004-11-15,8970.0,8992.7998046875,8963.099609375,8992.7998046875,8992.7998046875,0,0.0,0.0
2004-11-16,8992.5,9002.900390625,8978.400390625,8984.2998046875,8984.2998046875,0,0.0,0.0
2004-11-17,8985.7001953125,9000.400390625,8979.900390625,8986.2998046875,8986.2998046875,0,0.0,0.0
2004-11-18,8985.599609375,9012.900390625,8982.0,9010.900390625,9010.900390625,0,0.0,0.0
2004-11-19,9010.5,9014.2998046875,8924.900390625,8981.2998046875,8981.2998046875,0,0.0,0.0
2004-11-22,8940.5,9004.7998046875,8931.900390625,8997.099609375,8997.099609375,0,0.0,0.0
2004-11-23,8995.7001953125,9037.7001953125,8965.0,8972.900390625,8972.900390625,0,0.0,0.0
2004-11-24,8972.900390625,8994.7001953125,8875.0,8962.2001953125,8962.2001953125,0,0.0,0.0
2004-11-25,8962.2001953125,8970.400390625,8925.7001953125,8943.7998046875,8943.7998046875,0,0.0,0.0
2004-11-26,8944.5,8999.7001953125,8873.0,8992.0,8992.0,0,0.0,0.0
2004-11-29,9003.2001953125,9024.2998046875,8987.2001953125,9007.099609375,9007.099609375,0,0.0,0.0
2004-11-30,9008.5,9029.5,8989.2998046875,9018.2998046875,9018.2998046875,0,0.0,0.0
2004-12-01,9017.2998046875,9033.0,8972.400390625,8991.099609375,8991.099609375,0,0.0,0.0
2004-12-02,8990.400390625,9033.599609375,8973.599609375,9029.099609375,9029.099609375,0,0.0,0.0
2004-12-03,9028.400390625,9069.0,9008.400390625,9009.900390625,9009.900390625,0,0.0,0.0
2004-12-06,9027.400390625,9075.0,8953.0,9063.099609375,9063.099609375,0,0.0,0.0
2004-12-07,9061.400390625,9092.900390625,8988.0,9083.7998046875,9083.7998046875,0,0.0,0.0
2004-12-08,9084.099609375,9210.2998046875,9083.7998046875,9149.2001953125,9149.2001953125,0,0.0,0.0
2004-12-09,9151.2001953125,9185.599609375,9050.0,9159.2001953125,9159.2001953125,0,0.0,0.0
2004-12-10,9161.2998046875,9261.7001953125,9125.0,9254.2998046875,9254.2998046875,0,0.0,0.0
2004-12-13,9240.5,9286.0,9190.0,9266.0,9266.0,0,0.0,0.0
2004-12-14,9262.5,9350.400390625,9218.0,9300.0,9300.0,0,0.0,0.0
2004-12-15,9296.7998046875,9350.0,9183.0,9236.7001953125,9236.7001953125,0,0.0,0.0
2004-12-16,9238.5,9289.900390625,9163.0,9263.7998046875,9263.7998046875,0,0.0,0.0
2004-12-17,9262.400390625,9312.7998046875,9193.0,9269.5,9269.5,0,0.0,0.0
2004-12-20,9288.900390625,9314.400390625,9200.0,9289.5,9289.5,0,0.0,0.0
2004-12-21,9290.2001953125,9323.0,9270.7001953125,9314.2998046875,9314.2998046875,0,0.0,0.0
2004-12-22,9314.2998046875,9329.0,9288.2998046875,9313.2998046875,9313.2998046875,0,0.0,0.0
2004-12-23,9313.599609375,9317.7998046875,9194.0,9266.900390625,9266.900390625,0,0.0,0.0
2004-12-24,9266.900390625,9283.7001953125,9241.599609375,9249.7998046875,9249.7998046875,0,0.0,0.0
2004-12-27,9256.2001953125,9283.2001953125,9165.2001953125,9271.099609375,9271.099609375,0,0.0,0.0
2004-12-28,9271.400390625,9328.0,9215.0,9328.0,9328.0,0,0.0,0.0
2004-12-29,9329.0,9358.7998046875,9279.2001953125,9305.7001953125,9305.7001953125,0,0.0,0.0
2004-12-30,9307.099609375,9324.2998046875,9286.2998046875,9318.5,9318.5,0,0.0,0.0
2004-12-31,9315.7001953125,9383.2001953125,9293.900390625,9359.0,9359.0,0,0.0,0.0
2005-01-03,9349.5,9481.099609375,9190.0,9282.599609375,9282.599609375,0,0.0,0.0
2005-01-04,9280.2001953125,9360.5,9180.0,9286.400390625,9286.400390625,0,0.0,0.0
2005-01-05,9283.599609375,9325.7001953125,9203.0,9278.2001953125,9278.2001953125,0,0.0,0.0
2005-01-06,9280.2998046875,9355.7001953125,9215.0,9300.900390625,9300.900390625,0,0.0,0.0
2005-01-07,9301.2998046875,9414.900390625,9190.0,9289.0,9289.0,0,0.0,0.0
2005-01-10,9278.2998046875,9302.0,9198.0,9277.099609375,9277.099609375,0,0.0,0.0
2005-01-11,9275.7001953125,9295.599609375,9232.7998046875,9271.099609375,9271.099609375,0,0.0,0.0
2005-01-12,9272.2001953125,9294.599609375,9064.7001953125,9187.599609375,9187.599609375,0,0.0,0.0
2005-01-13,9187.2998046875,9211.2001953125,9020.0,9133.2001953125,9133.2001953125,0,0.0,0.0
2005-01-14,9133.2001953125,9208.900390625,8979.599609375,9156.599609375,9156.599609375,0,0.0,0.0
2005-01-17,9154.900390625,9157.400390625,9121.2001953125,9126.2001953125,9126.2001953125,0,0.0,0.0
2005-01-18,9127.2001953125,9159.599609375,9126.2001953125,9150.599609375,9150.599609375,0,0.0,0.0
2005-01-19,9150.900390625,9175.599609375,9065.0,9161.2001953125,9161.2001953125,0,0.0,0.0
2005-01-20,9161.2001953125,9163.2998046875,9053.0,9147.7998046875,9147.7998046875,0,0.0,0.0
2005-01-21,9152.099609375,9154.5,9127.7998046875,9143.2001953125,9143.2001953125,0,0.0,0.0
2005-01-24,9144.0,9156.2001953125,9118.400390625,9142.900390625,9142.900390625,0,0.0,0.0
2005-01-25,9143.2001953125,9161.7998046875,9046.0,9145.2998046875,9145.2998046875,0,0.0,0.0
2005-01-26,9145.0,9154.7001953125,9127.7998046875,9130.400390625,9130.400390625,0,0.0,0.0
2005-01-27,9133.2001953125,9177.599609375,9121.5,9144.7001953125,9144.7001953125,0,0.0,0.0
2005-01-28,9143.2001953125,9150.2998046875,9046.0,9143.599609375,9143.599609375,0,0.0,0.0
2005-01-31,9143.900390625,9168.5,9065.0,9157.599609375,9157.599609375,0,0.0,0.0
2005-02-01,9159.0,9243.900390625,9142.0,9230.0,9230.0,0,0.0,0.0
2005-02-02,9223.2001953125,9234.2998046875,9166.599609375,9177.7998046875,9177.7998046875,0,0.0,0.0
2005-02-03,9176.400390625,9206.900390625,9108.0,9186.0,9186.0,0,0.0,0.0
2005-02-04,9183.900390625,9220.0,9170.400390625,9187.2001953125,9187.2001953125,0,0.0,0.0
2005-02-07,9187.5,9217.5,9107.0,9212.5,9212.5,0,0.0,0.0
2005-02-08,9213.2001953125,9285.400390625,9211.7001953125,9278.900390625,9278.900390625,0,0.0,0.0
2005-02-09,9279.2998046875,9304.400390625,9266.7001953125,9273.900390625,9273.900390625,0,0.0,0.0
2005-02-10,9275.7001953125,9283.2998046875,9251.5,9268.7998046875,9268.7998046875,0,0.0,0.0
2005-02-11,9268.7998046875,9285.400390625,9254.900390625,9268.2001953125,9268.2001953125,0,0.0,0.0
2005-02-14,9268.2001953125,9270.2998046875,9230.2998046875,9242.2001953125,9242.2001953125,0,0.0,0.0
2005-02-15,9242.5,9279.7998046875,9241.099609375,9268.599609375,9268.599609375,0,0.0,0.0
2005-02-16,9269.2998046875,9300.400390625,9195.0,9286.2998046875,9286.2998046875,0,0.0,0.0
2005-02-17,9285.599609375,9297.400390625,9266.5,9280.900390625,9280.900390625,0,0.0,0.0
2005-02-18,9280.2001953125,9293.2998046875,9151.0,9240.5,9240.5,0,0.0,0.0
2005-02-21,9237.7001953125,9272.2998046875,9237.7001953125,9262.5,9262.5,0,0.0,0.0
2005-02-22,9263.599609375,9265.400390625,9119.0,9187.400390625,9187.400390625,0,0.0,0.0
2005-02-23,9188.7001953125,9252.7001953125,9145.0,9199.2998046875,9199.2998046875,0,0.0,0.0
2005-02-24,9199.0,9269.0,9196.900390625,9246.0,9246.0,0,0.0,0.0
2005-02-25,9245.7001953125,9269.599609375,9242.5,9255.900390625,9255.900390625,0,0.0,0.0
2005-02-28,9256.900390625,9265.400390625,9163.0,9258.2998046875,9258.2998046875,0,0.0,0.0
2005-03-01,9259.0,9293.900390625,9168.0,9286.2998046875,9286.2998046875,0,0.0,0.0
2005-03-02,9285.900390625,9301.400390625,9168.0,9269.900390625,9269.900390625,0,0.0,0.0
2005-03-03,9267.7998046875,9294.7001953125,9267.7998046875,9283.900390625,9283.900390625,0,0.0,0.0
2005-03-04,9283.2001953125,9361.7998046875,9228.0,9333.5,9333.5,0,0.0,0.0
2005-03-07,9334.900390625,9346.900390625,9308.2001953125,9322.5,9322.5,0,0.0,0.0
2005-03-08,9325.7001953125,9386.0,9322.5,9376.7998046875,9376.7998046875,0,0.0,0.0
2005-03-09,9378.900390625,9384.599609375,9265.0,9328.900390625,9328.900390625,0,0.0,0.0
2005-03-10,9328.2001953125,9366.7001953125,9245.0,9358.2001953125,9358.2001953125,0,0.0,0.0
2005-03-11,9359.599609375,9365.599609375,9349.2998046875,9357.2001953125,9357.2001953125,0,0.0,0.0
2005-03-14,9360.2998046875,9393.599609375,9278.0,9366.7998046875,9366.7998046875,0,0.0,0.0
2005-03-15,9366.900390625,9373.900390625,9242.0,9348.2001953125,9348.2001953125,0,0.0,0.0
2005-03-16,9349.0,9359.7001953125,9307.2001953125,9334.599609375,9334.599609375,0,0.0,0.0
2005-03-17,9336.0,9363.5,9327.900390625,9360.0,9360.0,0,0.0,0.0
2005-03-18,9358.2998046875,9381.099609375,9324.7998046875,9352.2001953125,9352.2001953125,0,0.0,0.0
2005-03-21,9351.7998046875,9410.2998046875,9351.099609375,9405.0,9405.0,0,0.0,0.0
2005-03-22,9404.599609375,9424.599609375,9361.400390625,9394.2998046875,9394.2998046875,0,0.0,0.0
2005-03-23,9391.7001953125,9414.7001953125,9283.0,9406.0,9406.0,0,0.0,0.0
2005-03-24,9403.5,9418.900390625,9315.0,9407.0,9407.0,0,0.0,0.0
2005-03-25,9405.2001953125,9408.400390625,9401.900390625,9405.2001953125,9405.2001953125,0,0.0,0.0
2005-03-28,9405.5,9451.7998046875,9402.0,9445.0,9445.0,0,0.0,0.0
2005-03-29,9442.099609375,9528.5,9410.0,9516.0,9516.0,0,0.0,0.0
2005-03-30,9515.599609375,9530.0,9484.0,9506.0,9506.0,0,0.0,0.0
2005-03-31,9504.2001953125,9506.400390625,9385.0,9465.0,9465.0,0,0.0,0.0
2005-04-01,9464.2998046875,9497.2001953125,9370.0,9462.0,9462.0,0,0.0,0.0
2005-04-04,9463.900390625,9488.099609375,9454.400390625,9474.2998046875,9474.2998046875,0,0.0,0.0
2005-04-05,9474.7001953125,9500.0,9403.0,9477.7998046875,9477.7998046875,0,0.0,0.0
2005-04-06,9478.5,9480.400390625,9453.5,9471.7001953125,9471.7001953125,0,0.0,0.0
2005-04-07,9469.400390625,9496.099609375,9469.400390625,9492.400390625,9492.400390625,0,0.0,0.0
2005-04-08,9493.2001953125,9510.2001953125,9390.0,9479.599609375,9479.599609375,0,0.0,0.0
2005-04-11,9489.5,9500.0,9464.599609375,9485.0,9485.0,0,0.0,0.0
2005-04-12,9483.5,9493.7998046875,9472.7998046875,9480.0,9480.0,0,0.0,0.0
2005-04-13,9478.099609375,9493.2998046875,9385.0,9479.599609375,9479.599609375,0,0.0,0.0
2005-04-14,9477.7998046875,9524.0,9410.0,9512.400390625,9512.400390625,0,0.0,0.0
2005-04-15,9513.5,9546.5,9443.0,9526.2001953125,9526.2001953125,0,0.0,0.0
2005-04-18,9525.099609375,9579.7998046875,9518.599609375,9562.0,9562.0,0,0.0,0.0
2005-04-19,9560.900390625,9598.2998046875,9476.0,9562.0,9562.0,0,0.0,0.0
2005-04-20,9560.900390625,9608.900390625,9485.0,9564.0,9564.0,0,0.0,0.0
2005-04-21,9562.099609375,9678.2998046875,9525.0,9675.0,9675.0,0,0.0,0.0
2005-04-22,9672.7998046875,9677.2001953125,9663.7001953125,9672.0,9672.0,0,0.0,0.0
2005-04-25,9670.2001953125,9749.2998046875,9638.099609375,9740.0,9740.0,0,0.0,0.0
2005-04-26,9738.099609375,9800.7998046875,9585.0,9676.7001953125,9676.7001953125,0,0.0,0.0
2005-04-27,9678.900390625,9680.400390625,9445.0,9550.099609375,9550.099609375,0,0.0,0.0
2005-04-28,9549.400390625,9583.099609375,9497.2001953125,9565.900390625,9565.900390625,0,0.0,0.0
2005-04-29,9568.900390625,9596.099609375,9480.0,9555.0,9555.0,0,0.0,0.0
2005-05-02,9555.400390625,9559.099609375,9445.0,9520.7001953125,9520.7001953125,0,0.0,0.0
2005-05-03,9518.5,9558.0,9500.5,9519.2998046875,9519.2998046875,0,0.0,0.0
2005-05-04,9518.2001953125,9529.7001953125,9403.0,9505.0,9505.0,0,0.0,0.0
2005-05-05,9501.7001953125,9509.0,9493.7998046875,9503.900390625,9503.900390625,0,0.0,0.0
2005-05-06,9503.5,9506.099609375,9385.0,9482.0,9482.0,0,0.0,0.0
2005-05-09,9476.5,9504.0,9468.0,9473.5,9473.5,0,0.0,0.0
2005-05-10,9475.7998046875,9489.7001953125,9355.0,9448.0,9448.0,0,0.0,0.0
2005-05-11,9449.099609375,9460.099609375,9353.0,9448.0,9448.0,0,0.0,0.0
2005-05-12,9451.599609375,9483.0,9369.0,9465.0,9465.0,0,0.0,0.0
2005-05-13,9462.7998046875,9490.400390625,9383.0,9473.599609375,9473.599609375,0,0.0,0.0
2005-05-16,9481.900390625,9495.0,9454.400390625,9460.5,9460.5,0,0.0,0.0
2005-05-17,9461.599609375,9463.099609375,9403.900390625,9420.0,9420.0,0,0.0,0.0
2005-05-18,9419.2998046875,9450.2998046875,9415.2001953125,9422.0,9422.0,0,0.0,0.0
2005-05-19,9424.2998046875,9461.5,9420.900390625,9437.400390625,9437.400390625,0,0.0,0.0
2005-05-20,9438.2001953125,9480.7998046875,9373.0,9437.0,9437.0,0,0.0,0.0
2005-05-23,9437.400390625,9478.900390625,9435.900390625,9455.0,9455.0,0,0.0,0.0
2005-05-24,9453.2001953125,9469.2001953125,9449.2998046875,9467.0,9467.0,0,0.0,0.0
2005-05-25,9465.5,9475.2001953125,9453.099609375,9466.900390625,9466.900390625,0,0.0,0.0
2005-05-26,9465.7001953125,9512.2001953125,9386.0,9481.599609375,9481.599609375,0,0.0,0.0
2005-05-27,9481.2001953125,9501.900390625,9398.0,9468.599609375,9468.599609375,0,0.0,0.0
2005-05-30,9474.2998046875,9493.900390625,9393.0,9480.5,9480.5,0,0.0,0.0
2005-05-31,9480.099609375,9510.400390625,9478.599609375,9508.0,9508.0,0,0.0,0.0
2005-06-01,9506.099609375,9572.2998046875,9458.0,9562.2998046875,9562.2998046875,0,0.0,0.0
2005-06-02,9563.099609375,9592.7001953125,9460.0,9565.0,9565.0,0,0.0,0.0
2005-06-03,9562.2998046875,9586.2001953125,9545.0,9576.900390625,9576.900390625,0,0.0,0.0
2005-06-06,9577.599609375,9594.599609375,9567.2001953125,9576.900390625,9576.900390625,0,0.0,0.0
2005-06-07,9580.400390625,9585.400390625,9438.0,9532.7001953125,9532.7001953125,0,0.0,0.0
2005-06-08,9533.5,9587.7998046875,9483.0,9583.099609375,9583.099609375,0,0.0,0.0
2005-06-09,9582.2998046875,9625.099609375,9518.0,9615.0,9615.0,0,0.0,0.0
2005-06-10,9612.2001953125,9635.400390625,9574.599609375,9586.900390625,9586.900390625,0,0.0,0.0
2005-06-13,9587.599609375,9637.2001953125,9585.599609375,9610.0,9610.0,0,0.0,0.0
2005-06-14,9606.900390625,9628.7998046875,9503.0,9605.0,9605.0,0,0.0,0.0
2005-06-15,9603.400390625,9613.7998046875,9507.0,9592.0,9592.0,0,0.0,0.0
2005-06-16,9589.2001953125,9629.400390625,9586.400390625,9621.599609375,9621.599609375,0,0.0,0.0
2005-06-17,9620.7998046875,9644.2001953125,9520.0,9584.900390625,9584.900390625,0,0.0,0.0
2005-06-20,9583.7001953125,9661.2001953125,9582.900390625,9657.599609375,9657.599609375,0,0.0,0.0
2005-06-21,9658.0,9662.400390625,9633.400390625,9648.0,9648.0,0,0.0,0.0
2005-06-22,9647.599609375,9654.2001953125,9555.0,9645.0,9645.0,0,0.0,0.0
2005-06-23,9644.599609375,9658.2001953125,9629.599609375,9637.2001953125,9637.2001953125,0,0.0,0.0
2005-06-24,9639.2001953125,9658.0,9623.2998046875,9638.7998046875,9638.7998046875,0,0.0,0.0
2005-06-27,9641.2001953125,9661.2001953125,9563.0,9649.599609375,9649.599609375,0,0.0,0.0
2005-06-28,9673.0,9698.599609375,9668.0,9695.599609375,9695.599609375,0,0.0,0.0
2005-06-29,9705.0,9717.7998046875,9684.0,9693.2001953125,9693.2001953125,0,0.0,0.0
2005-06-30,9715.0,9758.7001953125,9705.400390625,9753.400390625,9753.400390625,0,0.0,0.0
2005-07-01,9760.0,9796.2001953125,9753.2998046875,9792.900390625,9792.900390625,0,0.0,0.0
2005-07-04,9814.2001953125,9870.0,9729.0,9855.0,9855.0,0,0.0,0.0
2005-07-05,9853.7998046875,9888.7001953125,9783.0,9872.0,9872.0,0,0.0,0.0
2005-07-06,9868.2998046875,9872.7998046875,9685.0,9772.0,9772.0,0,0.0,0.0
2005-07-07,9769.900390625,9830.0,9698.0,9785.2001953125,9785.2001953125,0,0.0,0.0
2005-07-08,9787.599609375,9831.0,9695.0,9789.5,9789.5,0,0.0,0.0
2005-07-11,9789.099609375,9792.400390625,9655.0,9743.7998046875,9743.7998046875,0,0.0,0.0
2005-07-12,9742.099609375,9783.7998046875,9680.0,9750.0,9750.0,0,0.0,0.0
2005-07-13,9749.599609375,9789.5,9685.0,9784.599609375,9784.599609375,0,0.0,0.0
2005-07-14,9783.7998046875,9820.0,9781.400390625,9792.599609375,9792.599609375,0,0.0,0.0
2005-07-15,9793.7998046875,9811.7998046875,9748.2998046875,9777.5,9777.5,0,0.0,0.0
2005-07-18,9778.0,9804.599609375,9710.0,9784.599609375,9784.599609375,0,0.0,0.0
2005-07-19,9782.900390625,9823.7998046875,9731.0,9780.7998046875,9780.7998046875,0,0.0,0.0
2005-07-20,9781.2001953125,9846.7001953125,9779.099609375,9813.0,9813.0,0,0.0,0.0
2005-07-21,9810.599609375,9834.599609375,9732.400390625,9758.400390625,9758.400390625,0,0.0,0.0
2005-07-22,9758.7998046875,9788.0,9711.599609375,9778.5,9778.5,0,0.0,0.0
2005-07-25,9785.400390625,9828.2998046875,9781.2998046875,9810.0,9810.0,0,0.0,0.0
2005-07-26,9810.0,9828.0,9708.0,9805.2001953125,9805.2001953125,0,0.0,0.0
2005-07-27,9806.400390625,9839.599609375,9732.0,9830.0,9830.0,0,0.0,0.0
2005-07-28,9827.2001953125,9838.099609375,9735.0,9830.0,9830.0,0,0.0,0.0
2005-07-29,9831.2001953125,9831.2001953125,9784.2001953125,9798.7998046875,9798.7998046875,0,0.0,0.0
2005-08-01,9798.7998046875,9809.099609375,9680.0,9780.0,9780.0,0,0.0,0.0
2005-08-02,9775.5,9785.2001953125,9731.599609375,9738.7998046875,9738.7998046875,0,0.0,0.0
2005-08-03,9740.400390625,9771.2001953125,9650.0,9737.2998046875,9737.2998046875,0,0.0,0.0
2005-08-04,9734.5,9765.099609375,9699.400390625,9710.5,9710.5,0,0.0,0.0
2005-08-05,9710.0,9751.7001953125,9640.0,9733.900390625,9733.900390625,0,0.0,0.0
2005-08-08,9760.5,9776.0,9750.599609375,9773.7001953125,9773.7001953125,0,0.0,0.0
2005-08-09,9773.7001953125,9797.400390625,9690.0,9785.0,9785.0,0,0.0,0.0
2005-08-10,9769.2998046875,9793.0,9667.0,9762.0,9762.0,0,0.0,0.0
2005-08-11,9754.099609375,9819.2001953125,9673.0,9780.0,9780.0,0,0.0,0.0
2005-08-12,9779.099609375,9827.7998046875,9775.7001953125,9793.0,9793.0,0,0.0,0.0
2005-08-15,9768.2001953125,9887.400390625,9765.099609375,9875.0,9875.0,0,0.0,0.0
2005-08-16,9874.7001953125,9915.400390625,9798.0,9890.0,9890.0,0,0.0,0.0
2005-08-17,9896.2998046875,9919.7001953125,9878.900390625,9895.0,9895.0,0,0.0,0.0
2005-08-18,9888.7998046875,9972.900390625,9845.0,9965.099609375,9965.099609375,0,0.0,0.0
2005-08-19,9965.099609375,9987.099609375,9895.0,9981.5,9981.5,0,0.0,0.0
2005-08-22,9962.7001953125,10042.0,9943.900390625,10000.0,10000.0,0,0.0,0.0
2005-08-23,9998.0,10093.0,9996.2998046875,10048.0,10048.0,0,0.0,0.0
2005-08-24,10047.0,10280.0,10047.0,10260.0,10260.0,0,0.0,0.0
2005-08-25,10264.0,10333.0,10232.0,10318.0,10318.0,0,0.0,0.0
2005-08-26,10317.0,10408.0,10285.0,10393.0,10393.0,0,0.0,0.0
2005-08-29,10346.0,10770.0,10315.0,10730.0,10730.0,0,0.0,0.0
2005-08-30,10716.0,10848.0,10247.0,10289.0,10289.0,0,0.0,0.0
2005-08-31,10289.0,10500.0,9920.2001953125,9929.099609375,9929.099609375,0,0.0,0.0
2005-09-01,9929.099609375,10400.0,9925.099609375,10153.0,10153.0,0,0.0,0.0
2005-09-02,10153.0,10355.0,10151.0,10353.0,10353.0,0,0.0,0.0
2005-09-05,10321.0,10385.0,10205.0,10285.0,10285.0,0,0.0,0.0
2005-09-06,10285.0,10527.0,10250.0,10526.0,10526.0,0,0.0,0.0
2005-09-07,10526.0,10532.0,10310.0,10369.0,10369.0,0,0.0,0.0
2005-09-08,10369.0,10375.0,10258.0,10340.0,10340.0,0,0.0,0.0
2005-09-09,10345.0,10354.0,10172.0,10182.0,10182.0,0,0.0,0.0
2005-09-12,10195.0,10262.0,9998.0,10079.0,10079.0,0,0.0,0.0
2005-09-13,10079.0,10105.0,9973.0,10080.0,10080.0,0,0.0,0.0
2005-09-14,10077.0,10080.0,9900.0,10000.0,10000.0,0,0.0,0.0
2005-09-15,9993.900390625,10072.0,9988.2001953125,10034.0,10034.0,0,0.0,0.0
2005-09-16,10033.0,10152.0,10011.0,10145.0,10145.0,0,0.0,0.0
2005-09-19,10205.0,10206.0,10127.0,10145.0,10145.0,0,0.0,0.0
2005-09-20,10143.0,10227.0,10113.0,10222.0,10222.0,0,0.0,0.0
2005-09-21,10185.0,10345.0,10085.0,10225.0,10225.0,0,0.0,0.0
2005-09-22,10239.0,10324.0,10159.0,10318.0,10318.0,0,0.0,0.0
2005-09-23,10317.0,10331.0,10191.0,10221.0,10221.0,0,0.0,0.0
2005-09-26,10235.0,10242.0,10130.0,10205.0,10205.0,0,0.0,0.0
2005-09-27,10193.0,10286.0,10175.0,10268.0,10268.0,0,0.0,0.0
2005-09-28,10269.0,10369.0,10250.0,10365.0,10365.0,0,0.0,0.0
2005-09-29,10346.0,10415.0,10277.0,10315.0,10315.0,0,0.0,0.0
2005-09-30,10309.0,10315.0,10170.0,10286.0,10286.0,0,0.0,0.0
2005-10-03,10295.0,10370.0,10231.0,10295.0,10295.0,0,0.0,0.0
2005-10-04,10291.0,10295.0,10110.0,10186.0,10186.0,0,0.0,0.0
2005-10-05,10185.0,10187.0,9933.0,9997.900390625,9997.900390625,0,0.0,0.0
2005-10-06,9998.7998046875,10075.0,9950.7001953125,10025.0,10025.0,0,0.0,0.0
2005-10-07,10041.0,10060.0,10008.0,10026.0,10026.0,0,0.0,0.0
2005-10-10,10038.0,10078.0,9970.0,10068.0,10068.0,0,0.0,0.0
2005-10-11,10073.0,10162.0,10026.0,10045.0,10045.0,0,0.0,0.0
2005-10-12,10056.0,10125.0,10010.0,10101.0,10101.0,0,0.0,0.0
2005-10-13,10102.0,10147.0,10086.0,10114.0,10114.0,0,0.0,0.0
2005-10-14,10112.0,10145.0,9995.0,10116.0,10116.0,0,0.0,0.0
2005-10-17,10103.0,10119.0,10005.0,10116.0,10116.0,0,0.0,0.0
2005-10-18,10114.0,10136.0,10000.0,10075.0,10075.0,0,0.0,0.0
2005-10-19,10094.0,10116.0,10007.0,10075.0,10075.0,0,0.0,0.0
2005-10-20,10088.0,10106.0,10039.0,10064.0,10064.0,0,0.0,0.0
2005-10-21,10065.0,10090.0,9968.0,10077.0,10077.0,0,0.0,0.0
2005-10-24,10101.0,10117.0,9955.0,10070.0,10070.0,0,0.0,0.0
2005-10-25,10068.0,10094.0,9884.0,9972.0,9972.0,0,0.0,0.0
2005-10-26,9969.5,9990.5,9850.0,9980.099609375,9980.099609375,0,0.0,0.0
2005-10-27,9981.2998046875,10036.0,9905.0,10005.0,10005.0,0,0.0,0.0
2005-10-28,10005.0,10055.0,9908.0,10034.0,10034.0,0,0.0,0.0
2005-10-31,10036.0,10128.0,10028.0,10120.0,10120.0,0,0.0,0.0
2005-11-01,10120.0,10189.0,9993.7998046875,10007.0,10007.0,0,0.0,0.0
2005-11-02,10009.0,10049.0,9990.5,10032.0,10032.0,0,0.0,0.0
2005-11-03,10032.0,10054.0,10028.0,10044.0,10044.0,0,0.0,0.0
2005-11-04,10039.0,10079.0,10031.0,10075.0,10075.0,0,0.0,0.0
2005-11-07,10057.0,10095.0,10043.0,10075.0,10075.0,0,0.0,0.0
2005-11-08,10096.0,10156.0,10070.0,10090.0,10090.0,0,0.0,0.0
2005-11-09,10108.0,10115.0,9898.900390625,9905.0,9905.0,0,0.0,0.0
2005-11-10,9908.599609375,10026.0,9880.0,10026.0,10026.0,0,0.0,0.0
2005-11-11,10026.0,10026.0,9952.2001953125,9956.0,9956.0,0,0.0,0.0
2005-11-14,9981.599609375,10011.0,9933.099609375,9945.0,9945.0,0,0.0,0.0
2005-11-15,9944.099609375,10031.0,9937.2998046875,10000.0,10000.0,0,0.0,0.0
2005-11-16,9984.2001953125,10037.0,9899.0,10000.0,10000.0,0,0.0,0.0
2005-11-17,9991.900390625,10041.0,9950.0,10010.0,10010.0,0,0.0,0.0
2005-11-18,9994.0,10090.0,9963.900390625,10060.0,10060.0,0,0.0,0.0
2005-11-21,10061.0,10109.0,9950.0,10032.0,10032.0,0,0.0,0.0
2005-11-22,10030.0,10070.0,9965.0,10027.0,10027.0,0,0.0,0.0
2005-11-23,10027.0,10070.0,9997.0,10031.0,10031.0,0,0.0,0.0
2005-11-24,10031.0,10061.0,9950.0,10056.0,10056.0,0,0.0,0.0
2005-11-25,10058.0,10100.0,10045.0,10058.0,10058.0,0,0.0,0.0
2005-11-28,10068.0,10090.0,9949.2001953125,10035.0,10035.0,0,0.0,0.0
2005-11-29,9993.2001953125,10070.0,9983.099609375,10030.0,10030.0,0,0.0,0.0
2005-11-30,10037.0,10046.0,9911.0,10010.0,10010.0,0,0.0,0.0
2005-12-01,10003.0,10072.0,9995.2998046875,9998.7001953125,9998.7001953125,0,0.0,0.0
2005-12-02,10000.0,10042.0,9895.0,9985.099609375,9985.099609375,0,0.0,0.0
2005-12-05,9984.2001953125,10009.0,9853.0,9945.2998046875,9945.2998046875,0,0.0,0.0
2005-12-06,9943.599609375,9964.7001953125,9825.0,9898.7001953125,9898.7001953125,0,0.0,0.0
2005-12-07,9900.0,9976.5,9780.0,9917.599609375,9917.599609375,0,0.0,0.0
2005-12-08,9916.7998046875,9925.2998046875,9670.0,9770.0,9770.0,0,0.0,0.0
2005-12-09,9770.400390625,9808.7998046875,9550.0,9676.2001953125,9676.2001953125,0,0.0,0.0
2005-12-12,9693.599609375,9762.400390625,9546.900390625,9746.099609375,9746.099609375,0,0.0,0.0
2005-12-13,9750.0,9792.599609375,9657.0,9751.0,9751.0,0,0.0,0.0
2005-12-14,9751.7998046875,9826.2998046875,9666.0,9830.900390625,9830.900390625,0,0.0,0.0
2005-12-15,9827.599609375,9857.599609375,9735.0,9829.099609375,9829.099609375,0,0.0,0.0
2005-12-16,9826.599609375,9876.099609375,9780.0,9868.900390625,9868.900390625,0,0.0,0.0
2005-12-19,9850.0,9897.7001953125,9830.2001953125,9835.5,9835.5,0,0.0,0.0
2005-12-20,9834.2998046875,9956.599609375,9755.0,9845.0,9845.0,0,0.0,0.0
2005-12-21,9834.5,9895.400390625,9725.0,9874.0,9874.0,0,0.0,0.0
2005-12-22,9874.0,9885.2998046875,9710.0,9830.0,9830.0,0,0.0,0.0
2005-12-23,9834.900390625,9874.900390625,9823.7001953125,9845.0,9845.0,0,0.0,0.0
2005-12-26,9852.400390625,9873.7001953125,9821.7998046875,9871.599609375,9871.599609375,0,0.0,0.0
2005-12-27,9872.0,9875.7998046875,9719.0,9820.0,9820.0,0,0.0,0.0
2005-12-28,9824.900390625,9893.7998046875,9730.0,9868.7001953125,9868.7001953125,0,0.0,0.0
2005-12-29,9869.599609375,9881.7001953125,9805.099609375,9815.599609375,9815.599609375,0,0.0,0.0
2005-12-30,9815.599609375,9871.0,9783.400390625,9806.2001953125,9806.2001953125,0,0.0,0.0
2006-01-02,9805.2998046875,9830.0,9690.0,9826.900390625,9826.900390625,0,0.0,0.0
2006-01-03,9825.7001953125,9825.7001953125,9620.0,9648.900390625,9648.900390625,0,0.0,0.0
2006-01-04,9651.2998046875,9665.0,9585.0,9623.0,9623.0,0,0.0,0.0
2006-01-05,9647.5,9679.7998046875,9460.0,9582.400390625,9582.400390625,0,0.0,0.0
2006-01-06,9583.2001953125,9605.0,9470.0,9528.900390625,9528.900390625,0,0.0,0.0
2006-01-09,9539.900390625,9595.2001953125,9335.0,9458.7001953125,9458.7001953125,0,0.0,0.0
2006-01-10,9458.7001953125,9487.0,9424.2998046875,9442.0,9442.0,0,0.0,0.0
2006-01-11,9443.5,9480.0,9365.0,9383.0,9383.0,0,0.0,0.0
2006-01-12,9384.099609375,9473.7001953125,9251.0,9335.0,9335.0,0,0.0,0.0
2006-01-13,9326.900390625,9366.0,9246.599609375,9249.2998046875,9249.2998046875,0,0.0,0.0
2006-01-16,9321.400390625,9375.0,9295.0,9358.900390625,9358.900390625,0,0.0,0.0
2006-01-17,9361.5,9465.0,9341.400390625,9453.599609375,9453.599609375,0,0.0,0.0
2006-01-18,9452.7998046875,9509.400390625,9400.0,9485.0,9485.0,0,0.0,0.0
2006-01-19,9481.2998046875,9520.2998046875,9295.0,9387.0,9387.0,0,0.0,0.0
2006-01-20,9387.5,9435.0,9330.0,9411.2001953125,9411.2001953125,0,0.0,0.0
2006-01-23,9384.5,9449.5,9290.2001953125,9438.0,9438.0,0,0.0,0.0
2006-01-24,9433.400390625,9500.0,9335.0,9478.0,9478.0,0,0.0,0.0
2006-01-25,9478.0,9485.0,9240.0,9345.0,9345.0,0,0.0,0.0
2006-01-26,9343.0,9369.7998046875,9233.0,9358.0,9358.0,0,0.0,0.0
2006-01-27,9352.900390625,9424.400390625,9275.0,9398.400390625,9398.400390625,0,0.0,0.0
2006-01-30,9387.5,9416.2998046875,9364.0,9375.599609375,9375.599609375,0,0.0,0.0
2006-01-31,9376.400390625,9386.7001953125,9321.7998046875,9355.099609375,9355.099609375,0,0.0,0.0
2006-02-01,9355.7998046875,9405.7998046875,9210.0,9310.0,9310.0,0,0.0,0.0
2006-02-02,9307.900390625,9350.0,9240.0,9347.5,9347.5,0,0.0,0.0
2006-02-03,9347.5,9433.2998046875,9190.0,9280.2998046875,9280.2998046875,0,0.0,0.0
2006-02-06,9276.400390625,9340.5,9110.0,9330.7001953125,9330.7001953125,0,0.0,0.0
2006-02-07,9331.099609375,9334.2001953125,9090.0,9185.0,9185.0,0,0.0,0.0
2006-02-08,9191.599609375,9285.599609375,9145.0,9262.0,9262.0,0,0.0,0.0
2006-02-09,9252.400390625,9270.0,9143.0,9225.0,9225.0,0,0.0,0.0
2006-02-10,9210.2998046875,9299.400390625,9105.0,9218.400390625,9218.400390625,0,0.0,0.0
2006-02-13,9221.5,9235.900390625,9135.0,9226.0,9226.0,0,0.0,0.0
2006-02-14,9220.5,9256.099609375,9143.0,9190.5,9190.5,0,0.0,0.0
2006-02-15,9188.900390625,9250.099609375,9117.0,9212.900390625,9212.900390625,0,0.0,0.0
2006-02-16,9217.599609375,9238.599609375,9128.0,9185.2001953125,9185.2001953125,0,0.0,0.0
2006-02-17,9184.099609375,9240.0,9133.0,9204.0,9204.0,0,0.0,0.0
2006-02-20,9198.599609375,9234.599609375,9131.0,9226.0,9226.0,0,0.0,0.0
2006-02-21,9231.900390625,9280.0,9161.0,9241.900390625,9241.900390625,0,0.0,0.0
2006-02-22,9241.7001953125,9281.7001953125,9210.0,9244.2998046875,9244.2998046875,0,0.0,0.0
2006-02-23,9246.599609375,9286.0,9195.0,9260.0,9260.0,0,0.0,0.0
2006-02-24,9239.599609375,9285.0,9195.0,9274.599609375,9274.599609375,0,0.0,0.0
2006-02-27,9302.400390625,9311.5,9135.0,9297.099609375,9297.099609375,0,0.0,0.0
2006-02-28,9296.900390625,9305.599609375,9085.0,9232.599609375,9232.599609375,0,0.0,0.0
2006-03-01,9233.0,9259.0,9070.0,9242.7001953125,9242.7001953125,0,0.0,0.0
2006-03-02,9242.7001953125,9245.7998046875,9075.0,9106.400390625,9106.400390625,0,0.0,0.0
2006-03-03,9108.7001953125,9196.2998046875,9083.0,9170.2001953125,9170.2001953125,0,0.0,0.0
2006-03-06,9137.5,9205.0,9086.0,9172.0,9172.0,0,0.0,0.0
2006-03-07,9179.0,9275.099609375,9097.0,9239.2001953125,9239.2001953125,0,0.0,0.0
2006-03-08,9240.0,9310.599609375,9194.0,9302.0,9302.0,0,0.0,0.0
2006-03-09,9303.2001953125,9330.0,9219.0,9300.0,9300.0,0,0.0,0.0
2006-03-10,9310.900390625,9338.0,9135.0,9198.900390625,9198.900390625,0,0.0,0.0
2006-03-13,9190.099609375,9233.5,9156.2998046875,9226.5,9226.5,0,0.0,0.0
2006-03-14,9227.2998046875,9244.2998046875,9068.0,9165.0,9165.0,0,0.0,0.0
2006-03-15,9125.0,9165.0,9034.0,9093.7001953125,9093.7001953125,0,0.0,0.0
2006-03-16,9092.0,9157.7998046875,9037.7998046875,9105.7998046875,9105.7998046875,0,0.0,0.0
2006-03-17,9105.7998046875,9150.0,9050.0,9113.7001953125,9113.7001953125,0,0.0,0.0
2006-03-20,9121.099609375,9150.400390625,9013.0,9133.5,9133.5,0,0.0,0.0
2006-03-21,9134.7001953125,9192.900390625,8999.0,9172.400390625,9172.400390625,0,0.0,0.0
2006-03-22,9174.2998046875,9202.0,8981.0,9081.5,9081.5,0,0.0,0.0
2006-03-23,9081.5,9125.599609375,8988.0,9089.0,9089.0,0,0.0,0.0
2006-03-24,9091.2998046875,9112.599609375,9009.0,9058.0,9058.0,0,0.0,0.0
2006-03-27,9059.599609375,9069.400390625,8930.0,9017.099609375,9017.099609375,0,0.0,0.0
2006-03-28,9015.599609375,9073.5,8940.0,9064.400390625,9064.400390625,0,0.0,0.0
2006-03-29,9064.7998046875,9127.0,9007.0,9115.5,9115.5,0,0.0,0.0
2006-03-30,9115.099609375,9127.7001953125,9027.2998046875,9064.400390625,9064.400390625,0,0.0,0.0
2006-03-31,9066.599609375,9125.2998046875,8953.0,9035.7001953125,9035.7001953125,0,0.0,0.0
2006-04-03,9031.2998046875,9092.7998046875,8928.0,8998.400390625,8998.400390625,0,0.0,0.0
2006-04-04,8998.400390625,9007.5,8896.0,8953.0,8953.0,0,0.0,0.0
2006-04-05,8953.0,8997.5,8890.0,8978.099609375,8978.099609375,0,0.0,0.0
2006-04-06,8978.099609375,9030.099609375,8900.0,9011.2998046875,9011.2998046875,0,0.0,0.0
2006-04-07,9010.5,9081.2001953125,8888.0,8988.7001953125,8988.7001953125,0,0.0,0.0
2006-04-10,8976.099609375,8987.900390625,8953.599609375,8959.2001953125,8959.2001953125,0,0.0,0.0
2006-04-11,8959.900390625,8978.0,8882.0,8958.099609375,8958.099609375,0,0.0,0.0
2006-04-12,8958.099609375,9012.599609375,8895.0,8983.599609375,8983.599609375,0,0.0,0.0
2006-04-13,8981.0,9011.5,8888.0,8981.0,8981.0,0,0.0,0.0
2006-04-14,8981.0,8994.2998046875,8980.2001953125,8984.2998046875,8984.2998046875,0,0.0,0.0
2006-04-17,8971.2998046875,8971.2998046875,8875.7998046875,8953.2998046875,8953.2998046875,0,0.0,0.0
2006-04-18,8955.5,8974.900390625,8877.0,8911.900390625,8911.900390625,0,0.0,0.0
2006-04-19,8910.5,8967.7001953125,8840.0,8872.0,8872.0,0,0.0,0.0
2006-04-20,8871.2998046875,8929.0,8787.0,8920.7001953125,8920.7001953125,0,0.0,0.0
2006-04-21,8921.400390625,8945.400390625,8778.0,8873.900390625,8873.900390625,0,0.0,0.0
2006-04-24,8849.2001953125,8873.2001953125,8722.0,8818.7001953125,8818.7001953125,0,0.0,0.0
2006-04-25,8819.400390625,8833.599609375,8706.0,8807.099609375,8807.099609375,0,0.0,0.0
2006-04-26,8806.400390625,8829.099609375,8717.0,8784.2001953125,8784.2001953125,0,0.0,0.0
2006-04-27,8783.7998046875,8811.7998046875,8696.2998046875,8766.2998046875,8766.2998046875,0,0.0,0.0
2006-04-28,8767.2998046875,8780.5,8710.0,8762.7998046875,8762.7998046875,0,0.0,0.0
2006-05-01,8769.400390625,8835.5,8726.7998046875,8824.2001953125,8824.2001953125,0,0.0,0.0
2006-05-02,8824.2001953125,8837.2001953125,8666.0,8770.599609375,8770.599609375,0,0.0,0.0
2006-05-03,8771.7001953125,8777.599609375,8669.0,8766.7998046875,8766.7998046875,0,0.0,0.0
2006-05-04,8767.099609375,8798.900390625,8707.0,8764.099609375,8764.099609375,0,0.0,0.0
2006-05-05,8763.7998046875,8796.099609375,8690.0,8777.0,8777.0,0,0.0,0.0
2006-05-08,8773.5,8783.5,8636.0,8748.0,8748.0,0,0.0,0.0
2006-05-09,8747.0,8772.599609375,8637.0,8710.599609375,8710.599609375,0,0.0,0.0
2006-05-10,8711.0,8726.099609375,8624.0,8724.7998046875,8724.7998046875,0,0.0,0.0
2006-05-11,8723.7001953125,8780.599609375,8615.0,8682.7998046875,8682.7998046875,0,0.0,0.0
2006-05-12,8681.7998046875,8767.599609375,8616.7998046875,8752.0,8752.0,0,0.0,0.0
2006-05-15,8725.0,9123.599609375,8725.0,9104.7998046875,9104.7998046875,0,0.0,0.0
2006-05-16,9103.7001953125,9217.2001953125,9047.5,9188.599609375,9188.599609375,0,0.0,0.0
2006-05-17,9187.7998046875,9248.099609375,8813.0,8978.900390625,8978.900390625,0,0.0,0.0
2006-05-18,8978.5,9154.2998046875,8916.599609375,9124.900390625,9124.900390625,0,0.0,0.0
2006-05-19,9126.2998046875,9221.599609375,9063.0,9189.2001953125,9189.2001953125,0,0.0,0.0
2006-05-22,9187.400390625,9301.7001953125,9174.7998046875,9242.7001953125,9242.7001953125,0,0.0,0.0
2006-05-23,9243.400390625,9310.2001953125,9160.0,9304.7001953125,9304.7001953125,0,0.0,0.0
2006-05-24,9301.7998046875,9366.7998046875,9224.599609375,9343.2998046875,9343.2998046875,0,0.0,0.0
2006-05-25,9341.099609375,9357.599609375,9311.0,9323.400390625,9323.400390625,0,0.0,0.0
2006-05-26,9322.7001953125,9353.2998046875,9153.0,9303.2001953125,9303.2001953125,0,0.0,0.0
2006-05-29,9301.0,9304.0,9113.0,9293.400390625,9293.400390625,0,0.0,0.0
2006-05-30,9294.5,9296.2998046875,9075.0,9184.5,9184.5,0,0.0,0.0
2006-05-31,9184.2001953125,9276.2001953125,9111.0,9270.7001953125,9270.7001953125,0,0.0,0.0
2006-06-01,9270.7001953125,9337.099609375,9166.0,9323.7998046875,9323.7998046875,0,0.0,0.0
2006-06-02,9323.7001953125,9332.0,9168.0,9247.900390625,9247.900390625,0,0.0,0.0
2006-06-05,9242.900390625,9299.5,9207.599609375,9299.5,9299.5,0,0.0,0.0
2006-06-06,9299.5,9353.2001953125,9224.0,9341.2001953125,9341.2001953125,0,0.0,0.0
2006-06-07,9339.7998046875,9381.900390625,9267.0,9357.5,9357.5,0,0.0,0.0
2006-06-08,9359.400390625,9483.900390625,9316.0,9472.2001953125,9472.2001953125,0,0.0,0.0
2006-06-09,9471.900390625,9501.5,9290.0,9376.5,9376.5,0,0.0,0.0
2006-06-12,9393.2001953125,9426.7998046875,9316.0,9392.5,9392.5,0,0.0,0.0
2006-06-13,9391.7998046875,9519.2001953125,9378.5,9510.099609375,9510.099609375,0,0.0,0.0
2006-06-14,9509.400390625,9513.599609375,9360.0,9470.599609375,9470.599609375,0,0.0,0.0
2006-06-15,9470.599609375,9481.7998046875,9260.0,9364.2001953125,9364.2001953125,0,0.0,0.0
2006-06-16,9364.2001953125,9366.7998046875,9200.0,9270.7001953125,9270.7001953125,0,0.0,0.0
2006-06-19,9274.7001953125,9334.400390625,9254.0,9318.2001953125,9318.2001953125,0,0.0,0.0
2006-06-20,9317.5,9343.099609375,9270.0,9310.7998046875,9310.7998046875,0,0.0,0.0
2006-06-21,9310.099609375,9310.099609375,9245.099609375,9257.099609375,9257.099609375,0,0.0,0.0
2006-06-22,9257.900390625,9335.2998046875,9232.0,9314.5,9314.5,0,0.0,0.0
2006-06-23,9315.400390625,9387.599609375,9286.0,9360.2998046875,9360.2998046875,0,0.0,0.0
2006-06-26,9370.0,9371.900390625,9300.0,9300.0,9300.0,0,0.0,0.0
2006-06-27,9.0,9245.0,9.0,9195.0,9195.0,0,0.0,0.0
2006-06-28,9.0,9.0,9.0,9241.0,9241.0,0,0.0,0.0
2006-06-29,9.0,9.0,9.0,9266.0,9266.0,0,0.0,0.0
2006-06-30,9.0,9163.0,9.0,9163.0,9163.0,0,0.0,0.0
2006-07-03,9163.0,9163.0,9044.0,9050.0,9050.0,0,0.0,0.0
2006-07-04,9.0,9.0,9.0,8964.0,8964.0,0,0.0,0.0
2006-07-05,9.0,9.0,9.0,9020.0,9020.0,0,0.0,0.0
2006-07-06,9.0,9020.0,9.0,9020.0,9020.0,0,0.0,0.0
2006-07-07,9.0,8987.0,9.0,8965.0,8965.0,0,0.0,0.0
2006-07-10,9.0,8961.0,9.0,8950.0,8950.0,0,0.0,0.0
2006-07-11,9.0,8955.0,9.0,8945.0,8945.0,0,0.0,0.0
2006-07-12,9.0,9010.0,9.0,9010.0,9010.0,0,0.0,0.0
2006-07-13,9.0,9008.0,9.0,9005.0,9005.0,0,0.0,0.0
2006-07-14,9.0,9148.0,9.0,9075.0,9075.0,0,0.0,0.0
2006-07-17,9.0,9358.599609375,9.0,9355.7001953125,9355.7001953125,0,0.0,0.0
2006-07-18,9354.900390625,9378.7001953125,9128.0,9211.2998046875,9211.2998046875,0,0.0,0.0
2006-07-19,9211.2998046875,9257.0,9133.099609375,9140.2998046875,9140.2998046875,0,0.0,0.0
2006-07-20,9139.2998046875,9174.0,9061.0,9155.2998046875,9155.2998046875,0,0.0,0.0
2006-07-21,9153.900390625,9172.0,9045.0,9114.900390625,9114.900390625,0,0.0,0.0
2006-07-24,9115.2001953125,9189.0,9080.0,9159.0,9159.0,0,0.0,0.0
2006-07-25,9158.7998046875,9172.2998046875,9099.900390625,9159.7001953125,9159.7001953125,0,0.0,0.0
2006-07-26,9159.2001953125,9171.900390625,8980.0,9046.900390625,9046.900390625,0,0.0,0.0
2006-07-27,9047.5,9086.0,8974.0,9059.400390625,9059.400390625,0,0.0,0.0
2006-07-28,9059.400390625,9110.0,8990.0,9021.0,9021.0,0,0.0,0.0
2006-07-31,9009.400390625,9090.599609375,8970.0,9074.2001953125,9074.2001953125,0,0.0,0.0
2006-08-01,9074.2001953125,9114.0,9008.0,9069.599609375,9069.599609375,0,0.0,0.0
2006-08-02,9069.5,9119.0,9008.0,9104.2001953125,9104.2001953125,0,0.0,0.0
2006-08-03,9103.7001953125,9144.0,9000.0,9083.099609375,9083.099609375,0,0.0,0.0
2006-08-04,9083.099609375,9107.0,8685.0,9062.7001953125,9062.7001953125,0,0.0,0.0
2006-08-07,9058.2998046875,9089.099609375,8966.0,9077.2998046875,9077.2998046875,0,0.0,0.0
2006-08-08,9077.400390625,9113.0,8973.0,9121.0,9121.0,0,0.0,0.0
2006-08-09,9122.599609375,9122.599609375,8991.0,9062.0,9062.0,0,0.0,0.0
2006-08-10,9062.7001953125,9116.7998046875,8948.0,9087.400390625,9087.400390625,0,0.0,0.0
2006-08-11,9087.400390625,9136.599609375,8976.0,9065.900390625,9065.900390625,0,0.0,0.0
2006-08-14,9060.599609375,9096.0,9038.900390625,9079.099609375,9079.099609375,0,0.0,0.0
2006-08-15,9079.7001953125,9104.0,9022.400390625,9085.599609375,9085.599609375,0,0.0,0.0
2006-08-16,9086.599609375,9100.0,9034.400390625,9095.5,9095.5,0,0.0,0.0
2006-08-17,9094.7998046875,9099.7998046875,9064.7998046875,9087.0,9087.0,0,0.0,0.0
2006-08-18,9087.0,9118.599609375,9039.2001953125,9047.7001953125,9047.7001953125,0,0.0,0.0
2006-08-21,9041.0,9072.2001953125,8970.2001953125,9065.7998046875,9065.7998046875,0,0.0,0.0
2006-08-22,9067.599609375,9115.400390625,8974.0,9051.2001953125,9051.2001953125,0,0.0,0.0
2006-08-23,9051.900390625,9103.900390625,8983.0,9103.0,9103.0,0,0.0,0.0
2006-08-24,9102.599609375,9181.099609375,9030.0,9176.400390625,9176.400390625,0,0.0,0.0
2006-08-25,9177.5,9197.7998046875,9032.0,9134.0,9134.0,0,0.0,0.0
2006-08-28,9129.7001953125,9147.0,9087.400390625,9123.099609375,9123.099609375,0,0.0,0.0
2006-08-29,9123.599609375,9151.099609375,8990.0,9058.7001953125,9058.7001953125,0,0.0,0.0
2006-08-30,9058.7001953125,9115.0,8997.0,9089.5,9089.5,0,0.0,0.0
2006-08-31,9088.7998046875,9117.0,9000.0,9104.0,9104.0,0,0.0,0.0
2006-09-01,9104.7998046875,9138.2998046875,8993.0,9085.2001953125,9085.2001953125,0,0.0,0.0
2006-09-04,9072.5,9086.0,9057.0,9069.7001953125,9069.7001953125,0,0.0,0.0
2006-09-05,9069.2998046875,9108.7001953125,8979.0,9097.599609375,9097.599609375,0,0.0,0.0
2006-09-06,9098.7001953125,9123.2998046875,8972.0,9097.2998046875,9097.2998046875,0,0.0,0.0
2006-09-07,9096.2001953125,9161.2998046875,8994.0,9093.099609375,9093.099609375,0,0.0,0.0
2006-09-08,9092.2998046875,9142.599609375,9025.0,9119.599609375,9119.599609375,0,0.0,0.0
2006-09-11,9116.7001953125,9139.7001953125,9036.0,9104.099609375,9104.099609375,0,0.0,0.0
2006-09-12,9105.599609375,9169.7998046875,9048.0,9147.900390625,9147.900390625,0,0.0,0.0
2006-09-13,9149.7001953125,9162.5,9018.0,9141.0,9141.0,0,0.0,0.0
2006-09-14,9141.0,9153.7001953125,9024.0,9142.7001953125,9142.7001953125,0,0.0,0.0
2006-09-15,9142.7001953125,9204.599609375,9020.0,9112.099609375,9112.099609375,0,0.0,0.0
2006-09-18,9116.400390625,9144.0,9041.0,9073.400390625,9073.400390625,0,0.0,0.0
2006-09-19,9073.7001953125,9172.7998046875,9041.0,9142.2001953125,9142.2001953125,0,0.0,0.0
2006-09-20,9142.7001953125,9187.0,9069.0,9150.7001953125,9150.7001953125,0,0.0,0.0
2006-09-21,9151.7998046875,9164.0,9041.0,9117.2001953125,9117.2001953125,0,0.0,0.0
2006-09-22,9115.400390625,9179.0,9081.2001953125,9150.599609375,9150.599609375,0,0.0,0.0
2006-09-25,9153.099609375,9242.2001953125,9113.0,9233.5,9233.5,0,0.0,0.0
2006-09-26,9233.5,9288.2001953125,9105.0,9214.5,9214.5,0,0.0,0.0
2006-09-27,9215.599609375,9224.0,9192.099609375,9196.7998046875,9196.7998046875,0,0.0,0.0
2006-09-28,9197.2998046875,9229.0,9119.0,9207.2001953125,9207.2001953125,0,0.0,0.0
2006-09-29,9206.5,9250.5,9118.0,9209.7001953125,9209.7001953125,0,0.0,0.0
2006-10-02,9197.400390625,9232.0,9106.0,9183.2998046875,9183.2998046875,0,0.0,0.0
2006-10-03,9184.0,9209.0,9161.599609375,9164.400390625,9164.400390625,0,0.0,0.0
2006-10-04,9164.7998046875,9220.0,9115.0,9196.7998046875,9196.7998046875,0,0.0,0.0
2006-10-05,9195.7001953125,9214.7001953125,9117.0,9193.0,9193.0,0,0.0,0.0
2006-10-06,9193.2998046875,9279.2001953125,9105.0,9261.2001953125,9261.2001953125,0,0.0,0.0
2006-10-09,9268.900390625,9272.2001953125,9123.0,9262.2998046875,9262.2998046875,0,0.0,0.0
2006-10-10,9262.2998046875,9319.599609375,9110.0,9314.0,9314.0,0,0.0,0.0
2006-10-11,9313.2998046875,9314.400390625,9120.0,9227.7998046875,9227.7998046875,0,0.0,0.0
2006-10-12,9228.5,9230.0,9191.599609375,9197.0,9197.0,0,0.0,0.0
2006-10-13,9196.599609375,9228.2001953125,9102.0,9202.5,9202.5,0,0.0,0.0
2006-10-16,9201.7998046875,9211.0,9060.0,9175.0,9175.0,0,0.0,0.0
2006-10-17,9174.5,9188.2001953125,9050.0,9155.599609375,9155.599609375,0,0.0,0.0
2006-10-18,9156.099609375,9182.099609375,9058.0,9121.400390625,9121.400390625,0,0.0,0.0
2006-10-19,9119.900390625,9159.0,9050.0,9112.5,9112.5,0,0.0,0.0
2006-10-20,9112.5,9165.0,9101.7001953125,9109.599609375,9109.599609375,0,0.0,0.0
2006-10-23,9110.0,9162.5,9103.2001953125,9156.099609375,9156.099609375,0,0.0,0.0
2006-10-24,9156.5,9172.599609375,9104.599609375,9157.099609375,9157.099609375,0,0.0,0.0
2006-10-25,9157.5,9163.099609375,9131.2998046875,9148.599609375,9148.599609375,0,0.0,0.0
2006-10-26,9148.900390625,9154.7998046875,9104.400390625,9147.7001953125,9147.7001953125,0,0.0,0.0
2006-10-27,9147.7001953125,9165.900390625,8990.0,9092.2998046875,9092.2998046875,0,0.0,0.0
2006-10-30,9100.900390625,9119.2001953125,9086.0,9099.099609375,9099.099609375,0,0.0,0.0
2006-10-31,9097.7001953125,9122.400390625,9006.0,9083.099609375,9083.099609375,0,0.0,0.0
2006-11-01,9084.5,9110.0,9001.0,9090.900390625,9090.900390625,0,0.0,0.0
2006-11-02,9090.900390625,9112.0,9077.0,9093.400390625,9093.400390625,0,0.0,0.0
2006-11-03,9093.0,9159.0,9005.0,9103.400390625,9103.400390625,0,0.0,0.0
2006-11-06,9093.099609375,9132.0,9090.900390625,9111.099609375,9111.099609375,0,0.0,0.0
2006-11-07,9111.7998046875,9153.599609375,9023.0,9109.2001953125,9109.2001953125,0,0.0,0.0
2006-11-08,9109.7998046875,9127.599609375,9013.0,9103.7001953125,9103.7001953125,0,0.0,0.0
2006-11-09,9103.0,9122.0,9076.0,9106.7001953125,9106.7001953125,0,0.0,0.0
2006-11-10,9105.099609375,9122.099609375,9061.7001953125,9111.400390625,9111.400390625,0,0.0,0.0
2006-11-13,9116.400390625,9143.7998046875,9094.400390625,9105.7998046875,9105.7998046875,0,0.0,0.0
2006-11-14,9106.2001953125,9125.0,9072.900390625,9120.0,9120.0,0,0.0,0.0
2006-11-15,9120.7001953125,9186.400390625,9072.0,9170.7998046875,9170.7998046875,0,0.0,0.0
2006-11-16,9170.7001953125,9196.099609375,9055.0,9193.7998046875,9193.7998046875,0,0.0,0.0
2006-11-17,9194.2998046875,9213.7998046875,9058.0,9145.400390625,9145.400390625,0,0.0,0.0
2006-11-20,9165.7001953125,9175.400390625,9144.0,9149.400390625,9149.400390625,0,0.0,0.0
2006-11-21,9149.099609375,9158.7001953125,9111.099609375,9129.099609375,9129.099609375,0,0.0,0.0
2006-11-22,9130.900390625,9149.0,9040.0,9123.900390625,9123.900390625,0,0.0,0.0
2006-11-23,9130.900390625,9149.0,9031.0,9114.400390625,9114.400390625,0,0.0,0.0
2006-11-24,9115.5,9147.0,9011.099609375,9134.7001953125,9134.7001953125,0,0.0,0.0
2006-11-27,9083.0,9145.2998046875,9037.0,9126.7001953125,9126.7001953125,0,0.0,0.0
2006-11-28,9125.5,9188.2998046875,9078.0,9163.099609375,9163.099609375,0,0.0,0.0
2006-11-29,9161.5,9203.0,9058.0,9162.7998046875,9162.7998046875,0,0.0,0.0
2006-11-30,9162.7998046875,9169.0,9076.400390625,9155.400390625,9155.400390625,0,0.0,0.0
2006-12-01,9149.2001953125,9179.0,9050.0,9149.2001953125,9149.2001953125,0,0.0,0.0
2006-12-04,9140.599609375,9185.2998046875,9055.0,9130.5,9130.5,0,0.0,0.0
2006-12-05,9130.099609375,9159.2998046875,9018.0,9094.2998046875,9094.2998046875,0,0.0,0.0
2006-12-06,9093.0,9132.400390625,9012.0,9100.099609375,9100.099609375,0,0.0,0.0
2006-12-07,9100.099609375,9112.0,8970.0,9103.2001953125,9103.2001953125,0,0.0,0.0
2006-12-08,9103.900390625,9153.599609375,8964.0,9020.2998046875,9020.2998046875,0,0.0,0.0
2006-12-11,9165.099609375,9197.2001953125,8985.0,9084.0,9084.0,0,0.0,0.0
2006-12-12,9083.400390625,9099.7998046875,8974.0,9064.2001953125,9064.2001953125,0,0.0,0.0
2006-12-13,9063.900390625,9120.900390625,8970.0,9056.2001953125,9056.2001953125,0,0.0,0.0
2006-12-14,9057.2001953125,9089.5,8969.0,9051.5,9051.5,0,0.0,0.0
2006-12-15,9054.599609375,9127.7001953125,8886.0,9056.2001953125,9056.2001953125,0,0.0,0.0
2006-12-18,9065.0,9091.0,8977.0,9054.5,9054.5,0,0.0,0.0
2006-12-19,9054.7998046875,9124.0,8991.7001953125,9113.2998046875,9113.2998046875,0,0.0,0.0
2006-12-20,9112.2001953125,9131.2998046875,8990.0,9109.2001953125,9109.2001953125,0,0.0,0.0
2006-12-21,9108.5,9135.5,8963.0,9053.0,9053.0,0,0.0,0.0
2006-12-22,9056.099609375,9102.2998046875,8975.0,9087.099609375,9087.099609375,0,0.0,0.0
2006-12-25,9086.099609375,9107.599609375,9066.7001953125,9086.7998046875,9086.7998046875,0,0.0,0.0
2006-12-26,9086.400390625,9116.2998046875,9065.2998046875,9065.2998046875,9065.2998046875,0,0.0,0.0
2006-12-27,9065.599609375,9075.0,9017.7998046875,9063.900390625,9063.900390625,0,0.0,0.0
2006-12-28,9064.2001953125,9075.599609375,8927.0,9035.900390625,9035.900390625,0,0.0,0.0
2006-12-29,9036.599609375,9042.099609375,8888.0,8980.7001953125,8980.7001953125,0,0.0,0.0
2007-01-01,8980.7001953125,8995.2998046875,8964.400390625,8965.7001953125,8965.7001953125,0,0.0,0.0
2007-01-02,8965.7001953125,8989.2001953125,8879.0,8987.5,8987.5,0,0.0,0.0
2007-01-03,8988.2001953125,9061.7001953125,8870.0,8952.5,8952.5,0,0.0,0.0
2007-01-04,8952.5,9022.400390625,8900.0,9007.2001953125,9007.2001953125,0,0.0,0.0
2007-01-05,9008.2998046875,9079.0,8913.0,9015.599609375,9015.599609375,0,0.0,0.0
2007-01-08,8999.2001953125,9049.0,8943.0,9023.599609375,9023.599609375,0,0.0,0.0
2007-01-09,9022.599609375,9050.0,8923.0,9037.7001953125,9037.7001953125,0,0.0,0.0
2007-01-10,9038.7998046875,9080.400390625,8973.0,9051.2001953125,9051.2001953125,0,0.0,0.0
2007-01-11,9050.900390625,9115.599609375,8990.0,9109.2001953125,9109.2001953125,0,0.0,0.0
2007-01-12,9109.900390625,9162.0,9033.0,9106.400390625,9106.400390625,0,0.0,0.0
2007-01-15,9105.0,9117.0,9086.0,9099.7001953125,9099.7001953125,0,0.0,0.0
2007-01-16,9100.0,9120.0,8980.0,9068.400390625,9068.400390625,0,0.0,0.0
2007-01-17,9069.400390625,9112.0,8986.0,9104.599609375,9104.599609375,0,0.0,0.0
2007-01-18,9105.0,9127.2001953125,8994.0,9081.099609375,9081.099609375,0,0.0,0.0
2007-01-19,9082.099609375,9112.0,9043.099609375,9073.7001953125,9073.7001953125,0,0.0,0.0
2007-01-22,9077.099609375,9099.2998046875,9060.7001953125,9066.2001953125,9066.2001953125,0,0.0,0.0
2007-01-23,9066.0,9109.0,8985.0,9065.400390625,9065.400390625,0,0.0,0.0
2007-01-24,9064.400390625,9109.900390625,8970.0,9057.599609375,9057.599609375,0,0.0,0.0
2007-01-25,9057.599609375,9087.0,8990.0,9038.900390625,9038.900390625,0,0.0,0.0
2007-01-26,9041.7001953125,9128.5,9016.0,9096.5,9096.5,0,0.0,0.0
2007-01-29,9100.400390625,9132.0,9031.0,9100.0,9100.0,0,0.0,0.0
2007-01-30,9100.0,9115.0,8999.0,9086.400390625,9086.400390625,0,0.0,0.0
2007-01-31,9086.7001953125,9110.2001953125,8995.0,9031.2001953125,9031.2001953125,0,0.0,0.0
2007-02-01,9031.2001953125,9084.0,8981.0,9071.599609375,9071.599609375,0,0.0,0.0
2007-02-02,9070.900390625,9115.7001953125,9038.2001953125,9057.2001953125,9057.2001953125,0,0.0,0.0
2007-02-05,9057.599609375,9084.900390625,8978.0,9047.2998046875,9047.2998046875,0,0.0,0.0
2007-02-06,9047.2998046875,9059.900390625,8951.0,9039.099609375,9039.099609375,0,0.0,0.0
2007-02-07,9037.7001953125,9054.0,8939.0,9011.7001953125,9011.7001953125,0,0.0,0.0
2007-02-08,9010.599609375,9056.0,8940.0,9035.7998046875,9035.7998046875,0,0.0,0.0
2007-02-09,9035.099609375,9072.400390625,8951.0,9043.400390625,9043.400390625,0,0.0,0.0
2007-02-12,9032.599609375,9086.2001953125,8942.0,9073.900390625,9073.900390625,0,0.0,0.0
2007-02-13,9072.0,9077.099609375,8970.0,9067.2001953125,9067.2001953125,0,0.0,0.0
2007-02-14,9067.5,9088.5,8968.0,9077.099609375,9077.099609375,0,0.0,0.0
2007-02-15,9077.7998046875,9086.7998046875,8941.0,9038.599609375,9038.599609375,0,0.0,0.0
2007-02-16,9039.7001953125,9059.2998046875,8948.0,9040.7001953125,9040.7001953125,0,0.0,0.0
2007-02-19,9031.400390625,9059.0,8972.0,9030.400390625,9030.400390625,0,0.0,0.0
2007-02-20,9029.0,9073.0,8964.0,9052.5,9052.5,0,0.0,0.0
2007-02-21,9052.5,9073.2001953125,8968.0,9058.400390625,9058.400390625,0,0.0,0.0
2007-02-22,9057.400390625,9095.400390625,8979.0,9071.5,9071.5,0,0.0,0.0
2007-02-23,9071.5,9087.0,9028.900390625,9075.400390625,9075.400390625,0,0.0,0.0
2007-02-26,9066.400390625,9085.7001953125,9041.599609375,9043.0,9043.0,0,0.0,0.0
2007-02-27,9042.0,9093.2998046875,8973.0,9092.599609375,9092.599609375,0,0.0,0.0
2007-02-28,9094.0,9171.0,9035.0,9124.2001953125,9124.2001953125,0,0.0,0.0
2007-03-01,9123.5,9172.099609375,9043.0,9142.2998046875,9142.2998046875,0,0.0,0.0
2007-03-02,9142.2998046875,9183.0,9066.0,9173.400390625,9173.400390625,0,0.0,0.0
2007-03-05,9159.2001953125,9265.0,9135.0,9262.5,9262.5,0,0.0,0.0
2007-03-06,9262.900390625,9263.900390625,9112.0,9203.7001953125,9203.7001953125,0,0.0,0.0
2007-03-07,9203.0,9220.599609375,9109.0,9170.900390625,9170.900390625,0,0.0,0.0
2007-03-08,9171.599609375,9216.0,9073.0,9156.2998046875,9156.2998046875,0,0.0,0.0
2007-03-09,9157.7001953125,9189.7001953125,9076.0,9161.2998046875,9161.2998046875,0,0.0,0.0
2007-03-12,9154.2998046875,9174.0,9069.0,9167.7998046875,9167.7998046875,0,0.0,0.0
2007-03-13,9169.900390625,9221.599609375,9093.0,9209.099609375,9209.099609375,0,0.0,0.0
2007-03-14,9208.099609375,9243.0,9129.0,9219.7001953125,9219.7001953125,0,0.0,0.0
2007-03-15,9220.099609375,9245.2001953125,9125.0,9183.0,9183.0,0,0.0,0.0
2007-03-16,9183.2998046875,9229.2998046875,9118.0,9210.400390625,9210.400390625,0,0.0,0.0
2007-03-19,9209.2998046875,9233.2998046875,9183.099609375,9185.2001953125,9185.2001953125,0,0.0,0.0
2007-03-20,9183.7998046875,9209.400390625,9055.0,9151.0,9151.0,0,0.0,0.0
2007-03-21,9152.400390625,9168.5,9027.0,9057.2998046875,9057.2998046875,0,0.0,0.0
2007-03-22,9056.0,9126.400390625,8985.0,9098.400390625,9098.400390625,0,0.0,0.0
2007-03-23,9098.099609375,9133.0,9003.0,9105.599609375,9105.599609375,0,0.0,0.0
2007-03-26,9124.5,9131.400390625,8999.0,9090.599609375,9090.599609375,0,0.0,0.0
2007-03-27,9092.2998046875,9122.0,9014.0,9099.400390625,9099.400390625,0,0.0,0.0
2007-03-28,9101.5,9158.2001953125,9046.0,9142.099609375,9142.099609375,0,0.0,0.0
2007-03-29,9141.7998046875,9159.0,9018.0,9116.5,9116.5,0,0.0,0.0
2007-03-30,9115.7998046875,9145.0,9025.0,9081.0,9081.0,0,0.0,0.0
2007-04-02,9081.7001953125,9117.0,9009.0,9114.7001953125,9114.7001953125,0,0.0,0.0
2007-04-03,9114.0,9126.7001953125,8990.0,9108.2998046875,9108.2998046875,0,0.0,0.0
2007-04-04,9106.2998046875,9126.599609375,9002.0,9112.0,9112.0,0,0.0,0.0
2007-04-05,9113.2998046875,9122.2001953125,8998.0,9084.099609375,9084.099609375,0,0.0,0.0
2007-04-06,9083.7998046875,9127.599609375,9083.7998046875,9104.5,9104.5,0,0.0,0.0
2007-04-09,9123.5,9134.5,9085.5,9090.599609375,9090.599609375,0,0.0,0.0
2007-04-10,9090.599609375,9110.2001953125,9000.0,9107.5,9107.5,0,0.0,0.0
2007-04-11,9107.5,9117.7001953125,9001.0,9101.099609375,9101.099609375,0,0.0,0.0
2007-04-12,9101.400390625,9122.2998046875,9011.0,9087.900390625,9087.900390625,0,0.0,0.0
2007-04-13,9087.900390625,9113.0,9000.0,9080.5,9080.5,0,0.0,0.0
2007-04-16,9043.7001953125,9107.7001953125,8993.0,9107.400390625,9107.400390625,0,0.0,0.0
2007-04-17,9106.900390625,9108.0,8986.0,9074.7998046875,9074.7998046875,0,0.0,0.0
2007-04-18,9074.7998046875,9092.900390625,8975.0,9065.2001953125,9065.2001953125,0,0.0,0.0
2007-04-19,9064.2001953125,9110.0,9001.0,9072.900390625,9072.900390625,0,0.0,0.0
2007-04-20,9072.599609375,9098.2998046875,8984.0,9097.2998046875,9097.2998046875,0,0.0,0.0
2007-04-23,9086.2001953125,9125.5,9062.599609375,9078.2001953125,9078.2001953125,0,0.0,0.0
2007-04-24,9077.900390625,9099.599609375,8988.0,9073.099609375,9073.099609375,0,0.0,0.0
2007-04-25,9072.900390625,9088.0,8981.0,9070.2001953125,9070.2001953125,0,0.0,0.0
2007-04-26,9071.7001953125,9100.599609375,8976.0,9074.2001953125,9074.2001953125,0,0.0,0.0
2007-04-27,9073.2001953125,9097.0,8974.0,9031.0,9031.0,0,0.0,0.0
2007-04-30,9042.599609375,9108.2001953125,9033.599609375,9102.2001953125,9102.2001953125,0,0.0,0.0
2007-05-01,9102.2001953125,9141.099609375,9053.900390625,9067.2001953125,9067.2001953125,0,0.0,0.0
2007-05-02,9067.5,9091.2998046875,8974.0,9067.7998046875,9067.7998046875,0,0.0,0.0
2007-05-03,9067.7998046875,9084.599609375,8946.0,9041.2998046875,9041.2998046875,0,0.0,0.0
2007-05-04,9041.599609375,9054.2998046875,8853.0,8946.7001953125,8946.7001953125,0,0.0,0.0
2007-05-07,8940.099609375,8956.599609375,8781.0,8948.2001953125,8948.2001953125,0,0.0,0.0
2007-05-08,8949.7998046875,9001.7998046875,8775.0,8871.5,8871.5,0,0.0,0.0
2007-05-09,8871.5,8918.0,8715.0,8805.599609375,8805.599609375,0,0.0,0.0
2007-05-10,8806.2001953125,8842.2998046875,8645.0,8759.7998046875,8759.7998046875,0,0.0,0.0
2007-05-11,8760.7998046875,8837.0,8737.0,8777.2001953125,8777.2001953125,0,0.0,0.0
2007-05-14,8766.7998046875,8799.0,8693.0,8791.5,8791.5,0,0.0,0.0
2007-05-15,8791.2001953125,8822.0,8747.599609375,8791.0,8791.0,0,0.0,0.0
2007-05-16,8791.0,8838.7001953125,8685.0,8797.099609375,8797.099609375,0,0.0,0.0
2007-05-17,8796.7998046875,8823.900390625,8782.7998046875,8785.400390625,8785.400390625,0,0.0,0.0
2007-05-18,8785.099609375,8824.0,8719.0,8807.2998046875,8807.2998046875,0,0.0,0.0
2007-05-21,8800.7998046875,8854.5,8650.0,8741.5,8741.5,0,0.0,0.0
2007-05-22,8740.5,8757.099609375,8571.0,8753.7001953125,8753.7001953125,0,0.0,0.0
2007-05-23,8754.2998046875,8775.2001953125,8590.0,8719.400390625,8719.400390625,0,0.0,0.0
2007-05-24,8719.7001953125,8786.2001953125,8617.0,8783.900390625,8783.900390625,0,0.0,0.0
2007-05-25,8784.5,8794.0,8635.0,8782.2998046875,8782.2998046875,0,0.0,0.0
2007-05-28,8781.0,8783.599609375,8702.0,8780.2998046875,8780.2998046875,0,0.0,0.0
2007-05-29,8781.0,8814.0,8688.0,8783.599609375,8783.599609375,0,0.0,0.0
2007-05-30,8783.599609375,8846.2001953125,8730.0,8827.2998046875,8827.2998046875,0,0.0,0.0
2007-05-31,8827.2998046875,8836.0,8723.0,8818.900390625,8818.900390625,0,0.0,0.0
2007-06-01,8818.900390625,8858.099609375,8811.099609375,8817.599609375,8817.599609375,0,0.0,0.0
2007-06-04,8817.0,8817.900390625,8670.0,8766.7001953125,8766.7001953125,0,0.0,0.0
2007-06-05,8766.099609375,8804.0,8686.0,8746.599609375,8746.599609375,0,0.0,0.0
2007-06-06,8747.2998046875,8872.0,8735.0,8804.2001953125,8804.2001953125,0,0.0,0.0
2007-06-07,8802.2998046875,8936.0,8770.0,8870.5,8870.5,0,0.0,0.0
2007-06-08,8870.5,9102.099609375,8869.2001953125,9096.400390625,9096.400390625,0,0.0,0.0
2007-06-11,9094.2998046875,9111.0,8963.0,9072.2001953125,9072.2001953125,0,0.0,0.0
2007-06-12,9073.5,9108.0,8872.0,9105.900390625,9105.900390625,0,0.0,0.0
2007-06-13,9105.900390625,9133.400390625,8985.0,9065.599609375,9065.599609375,0,0.0,0.0
2007-06-14,9066.0,9098.400390625,8958.0,9091.599609375,9091.599609375,0,0.0,0.0
2007-06-15,9093.0,9096.0,8943.0,9030.400390625,9030.400390625,0,0.0,0.0
2007-06-18,9028.099609375,9040.0,8803.0,9005.2001953125,9005.2001953125,0,0.0,0.0
2007-06-19,9005.5,9024.400390625,8798.0,9000.5,9000.5,0,0.0,0.0
2007-06-20,9000.099609375,9015.599609375,8809.0,8943.2998046875,8943.2998046875,0,0.0,0.0
2007-06-21,8944.0,8987.0,8915.0,8946.0,8946.0,0,0.0,0.0
2007-06-22,8946.0,9018.5,8896.099609375,8991.2998046875,8991.2998046875,0,0.0,0.0
2007-06-25,8994.7001953125,9036.0,8921.0,8994.0,8994.0,0,0.0,0.0
2007-06-26,8994.400390625,9084.099609375,8956.0,9083.5,9083.5,0,0.0,0.0
2007-06-27,9084.099609375,9139.0,9035.0,9064.900390625,9064.900390625,0,0.0,0.0
2007-06-28,9063.900390625,9098.400390625,8970.0,9084.7998046875,9084.7998046875,0,0.0,0.0
2007-06-29,9083.7998046875,9094.2998046875,8935.0,9025.099609375,9025.099609375,0,0.0,0.0
2007-07-02,9020.099609375,9028.400390625,8890.0,9005.2001953125,9005.2001953125,0,0.0,0.0
2007-07-03,9004.5,9035.400390625,8918.0,9000.400390625,9000.400390625,0,0.0,0.0
2007-07-04,9000.400390625,9037.0,8900.0,8998.400390625,8998.400390625,0,0.0,0.0
2007-07-05,8996.400390625,9032.0,8925.0,9005.2998046875,9005.2998046875,0,0.0,0.0
2007-07-06,9005.7001953125,9042.7998046875,8940.0,9037.2001953125,9037.2001953125,0,0.0,0.0
2007-07-09,9037.5,9047.7998046875,8925.0,9014.2001953125,9014.2001953125,0,0.0,0.0
2007-07-10,9014.5,9029.400390625,8894.0,8963.0,8963.0,0,0.0,0.0
2007-07-11,8961.7001953125,9038.2998046875,8929.0,9031.400390625,9031.400390625,0,0.0,0.0
2007-07-12,9031.400390625,9055.900390625,8944.0,9049.0,9049.0,0,0.0,0.0
2007-07-13,9049.7001953125,9062.5,8928.0,9014.7001953125,9014.7001953125,0,0.0,0.0
2007-07-16,9021.2998046875,9049.0,8945.0,9038.099609375,9038.099609375,0,0.0,0.0
2007-07-17,9037.5,9062.0,8958.0,9032.2001953125,9032.2001953125,0,0.0,0.0
2007-07-18,9032.900390625,9102.0,8990.0,9087.0,9087.0,0,0.0,0.0
2007-07-19,9087.0,9119.0,8992.0,9092.900390625,9092.900390625,0,0.0,0.0
2007-07-20,9091.900390625,9101.099609375,8954.0,9070.2001953125,9070.2001953125,0,0.0,0.0
2007-07-23,9068.599609375,9104.0,8969.0,9078.099609375,9078.099609375,0,0.0,0.0
2007-07-24,9078.099609375,9080.0,8943.0,9028.7998046875,9028.7998046875,0,0.0,0.0
2007-07-25,9027.5,9108.5,8983.0,9082.2998046875,9082.2998046875,0,0.0,0.0
2007-07-26,9083.0,9127.0,9007.0,9062.7998046875,9062.7998046875,0,0.0,0.0
2007-07-27,9064.099609375,9206.0,9060.7998046875,9138.599609375,9138.599609375,0,0.0,0.0
2007-07-30,9141.900390625,9239.0,9103.2001953125,9187.099609375,9187.099609375,0,0.0,0.0
2007-07-31,9186.7001953125,9222.0,9088.0,9213.599609375,9213.599609375,0,0.0,0.0
2007-08-01,9215.0,9321.0,9190.0,9294.0,9294.0,0,0.0,0.0
2007-08-02,9294.7001953125,9329.0,9185.0,9273.599609375,9273.599609375,0,0.0,0.0
2007-08-03,9274.2998046875,9289.0,9165.0,9220.7998046875,9220.7998046875,0,0.0,0.0
2007-08-06,9199.5,9347.0,9184.900390625,9213.099609375,9213.099609375,0,0.0,0.0
2007-08-07,9212.5,9315.0,9200.7998046875,9250.0,9250.0,0,0.0,0.0
2007-08-08,9250.7001953125,9339.0,9193.5,9209.099609375,9209.099609375,0,0.0,0.0
2007-08-09,9209.7998046875,9304.2001953125,9178.0,9296.0,9296.0,0,0.0,0.0
2007-08-10,9297.099609375,9347.0,9243.0,9286.900390625,9286.900390625,0,0.0,0.0
2007-08-13,9364.0,9364.0,9235.0,9350.099609375,9350.099609375,0,0.0,0.0
2007-08-14,9349.400390625,9404.7001953125,9258.0,9402.599609375,9402.599609375,0,0.0,0.0
2007-08-15,9404.0,9454.2998046875,9310.0,9437.2998046875,9437.2998046875,0,0.0,0.0
2007-08-16,9436.599609375,9484.900390625,9335.0,9457.2998046875,9457.2998046875,0,0.0,0.0
2007-08-17,9455.900390625,9487.400390625,9375.0,9464.5,9464.5,0,0.0,0.0
2007-08-20,9468.0,9478.599609375,9288.0,9383.7001953125,9383.7001953125,0,0.0,0.0
2007-08-21,9386.5,9442.2001953125,9335.0,9441.5,9441.5,0,0.0,0.0
2007-08-22,9442.599609375,9445.0,9285.0,9378.7998046875,9378.7998046875,0,0.0,0.0
2007-08-23,9378.099609375,9394.0,9340.900390625,9351.599609375,9351.599609375,0,0.0,0.0
2007-08-24,9351.599609375,9406.7998046875,9291.599609375,9381.599609375,9381.599609375,0,0.0,0.0
2007-08-27,9375.7998046875,9402.599609375,9283.0,9401.599609375,9401.599609375,0,0.0,0.0
2007-08-28,9401.900390625,9428.2001953125,9298.0,9427.5,9427.5,0,0.0,0.0
2007-08-29,9426.7998046875,9451.099609375,9325.0,9376.5,9376.5,0,0.0,0.0
2007-08-30,9377.2001953125,9434.2998046875,9318.0,9420.5,9420.5,0,0.0,0.0
2007-08-31,9418.099609375,9466.0,9290.0,9454.5,9454.5,0,0.0,0.0
2007-09-03,9458.2998046875,9476.400390625,9289.0,9471.2001953125,9471.2001953125,0,0.0,0.0
2007-09-04,9472.900390625,9514.7998046875,9283.0,9370.0,9370.0,0,0.0,0.0
2007-09-05,9370.2998046875,9409.0,9300.0,9396.900390625,9396.900390625,0,0.0,0.0
2007-09-06,9397.5,9419.0,9295.0,9383.2998046875,9383.2998046875,0,0.0,0.0
2007-09-07,9384.0,9403.2001953125,9295.0,9395.900390625,9395.900390625,0,0.0,0.0
2007-09-11,9400.7001953125,9448.0,9374.2001953125,9401.599609375,9401.599609375,0,0.0,0.0
2007-09-12,9402.7001953125,9421.0,9351.2998046875,9355.7001953125,9355.7001953125,0,0.0,0.0
2007-09-13,9354.7001953125,9414.0,9344.900390625,9403.2998046875,9403.2998046875,0,0.0,0.0
2007-09-14,9404.0,9414.099609375,9350.5,9357.900390625,9357.900390625,0,0.0,0.0
2007-09-17,9364.2998046875,9386.7001953125,9350.5,9383.7001953125,9383.7001953125,0,0.0,0.0
2007-09-18,9383.0,9405.400390625,9301.7998046875,9307.5,9307.5,0,0.0,0.0
2007-09-19,9307.2001953125,9328.5,9125.0,9207.099609375,9207.099609375,0,0.0,0.0
2007-09-20,9206.7998046875,9207.099609375,9052.0,9144.2001953125,9144.2001953125,0,0.0,0.0
2007-09-21,9147.7001953125,9187.0,9122.099609375,9155.099609375,9155.099609375,0,0.0,0.0
2007-09-24,9155.7998046875,9168.7998046875,9040.0,9127.7001953125,9127.7001953125,0,0.0,0.0
2007-09-25,9127.099609375,9167.0,9082.900390625,9148.099609375,9148.099609375,0,0.0,0.0
2007-09-26,9149.400390625,9172.099609375,9134.0,9142.7001953125,9142.7001953125,0,0.0,0.0
2007-09-27,9143.0,9147.0,9108.5,9126.900390625,9126.900390625,0,0.0,0.0
2007-09-28,9126.900390625,9154.0,9085.7998046875,9093.5,9093.5,0,0.0,0.0
2007-10-01,9090.2998046875,9125.7998046875,9086.099609375,9112.0,9112.0,0,0.0,0.0
2007-10-02,9112.0,9171.2998046875,9066.0,9077.400390625,9077.400390625,0,0.0,0.0
2007-10-03,9076.5,9133.5,9046.7001953125,9125.099609375,9125.099609375,0,0.0,0.0
2007-10-04,9126.099609375,9149.0,9095.400390625,9123.400390625,9123.400390625,0,0.0,0.0
2007-10-05,9123.099609375,9183.2001953125,9034.7001953125,9050.400390625,9050.400390625,0,0.0,0.0
2007-10-08,9040.099609375,9111.0,9037.0,9106.099609375,9106.099609375,0,0.0,0.0
2007-10-09,9106.099609375,9125.599609375,9052.2998046875,9057.099609375,9057.099609375,0,0.0,0.0
2007-10-10,9056.400390625,9089.0,9016.2001953125,9081.599609375,9081.599609375,0,0.0,0.0
2007-10-11,9080.900390625,9092.0,9018.400390625,9041.900390625,9041.900390625,0,0.0,0.0
2007-10-12,9041.900390625,9067.7998046875,9034.900390625,9042.900390625,9042.900390625,0,0.0,0.0
2007-10-15,9055.599609375,9062.400390625,9009.5,9057.2998046875,9057.2998046875,0,0.0,0.0
2007-10-16,9057.599609375,9095.099609375,9045.5,9075.7998046875,9075.7998046875,0,0.0,0.0
2007-10-17,9075.5,9143.0,9041.099609375,9050.2998046875,9050.2998046875,0,0.0,0.0
2007-10-18,9051.2998046875,9102.0,8993.400390625,9000.0,9000.0,0,0.0,0.0
2007-10-19,9000.599609375,9088.0,8987.400390625,9055.599609375,9055.599609375,0,0.0,0.0
2007-10-22,9033.5,9163.0,9020.0,9131.0,9131.0,0,0.0,0.0
2007-10-23,9130.7001953125,9144.0,9069.2998046875,9135.5,9135.5,0,0.0,0.0
2007-10-24,9137.5,9184.0,9078.0,9158.7998046875,9158.7998046875,0,0.0,0.0
2007-10-25,9158.2001953125,9179.0,9108.2998046875,9117.2001953125,9117.2001953125,0,0.0,0.0
2007-10-26,9117.900390625,9151.0,9078.2998046875,9112.7001953125,9112.7001953125,0,0.0,0.0
2007-10-29,9103.7998046875,9121.2998046875,9050.599609375,9063.2001953125,9063.2001953125,0,0.0,0.0
2007-10-30,9063.5,9115.0,9011.0,9090.2998046875,9090.2998046875,0,0.0,0.0
2007-10-31,9090.599609375,9107.0,9070.5,9087.7998046875,9087.7998046875,0,0.0,0.0
2007-11-01,9088.7001953125,9125.2998046875,8984.0,9087.7998046875,9087.7998046875,0,0.0,0.0
2007-11-02,9084.900390625,9137.0,9026.099609375,9049.5,9049.5,0,0.0,0.0
2007-11-05,9038.599609375,9162.0,9035.099609375,9135.5,9135.5,0,0.0,0.0
2007-11-06,9135.2001953125,9182.0,9076.900390625,9102.7998046875,9102.7998046875,0,0.0,0.0
2007-11-07,9103.400390625,9135.7001953125,9003.7998046875,9133.5,9133.5,0,0.0,0.0
2007-11-08,9133.7998046875,9162.0,9085.0,9125.599609375,9125.599609375,0,0.0,0.0
2007-11-09,9125.900390625,9134.0,9027.0,9107.900390625,9107.900390625,0,0.0,0.0
2007-11-12,9117.0,9203.2998046875,9114.5,9203.2998046875,9203.2998046875,0,0.0,0.0
2007-11-13,9203.0,9203.2998046875,9135.0,9141.2998046875,9141.2998046875,0,0.0,0.0
2007-11-14,9142.5,9235.2998046875,9070.0,9223.400390625,9223.400390625,0,0.0,0.0
2007-11-15,9221.5,9264.0,9191.400390625,9241.099609375,9241.099609375,0,0.0,0.0
2007-11-16,9241.400390625,9371.0,8992.099609375,9013.900390625,9013.900390625,0,0.0,0.0
2007-11-19,8993.599609375,9328.2001953125,8980.400390625,9313.7001953125,9313.7001953125,0,0.0,0.0
2007-11-20,9315.2998046875,9388.0,9224.7001953125,9310.599609375,9310.599609375,0,0.0,0.0
2007-11-21,9313.099609375,9382.5,9298.099609375,9372.400390625,9372.400390625,0,0.0,0.0
2007-11-22,9372.400390625,9419.0,9363.2001953125,9374.900390625,9374.900390625,0,0.0,0.0
2007-11-23,9375.2001953125,9416.400390625,9311.599609375,9408.7998046875,9408.7998046875,0,0.0,0.0
2007-11-27,9335.099609375,9404.0,9320.7001953125,9386.599609375,9386.599609375,0,0.0,0.0
2007-11-28,9385.0,9463.7998046875,9372.099609375,9383.7001953125,9383.7001953125,0,0.0,0.0
2007-11-29,9381.7998046875,9456.099609375,9280.0,9370.599609375,9370.599609375,0,0.0,0.0
2007-11-30,9371.2001953125,9419.099609375,9356.900390625,9370.5,9370.5,0,0.0,0.0
2007-12-03,9393.2001953125,9414.7001953125,9230.0,9319.599609375,9319.599609375,0,0.0,0.0
2007-12-04,9318.2998046875,9338.400390625,9259.900390625,9286.099609375,9286.099609375,0,0.0,0.0
2007-12-05,9287.7001953125,9356.099609375,9249.2001953125,9297.099609375,9297.099609375,0,0.0,0.0
2007-12-06,9295.7998046875,9332.2001953125,9240.0,9247.7998046875,9247.7998046875,0,0.0,0.0
2007-12-07,9253.5,9282.7001953125,9243.7001953125,9270.2001953125,9270.2001953125,0,0.0,0.0
2007-12-10,9270.7998046875,9279.099609375,9221.7001953125,9259.0,9259.0,0,0.0,0.0
2007-12-11,9258.7001953125,9301.099609375,9235.5,9287.7001953125,9287.7001953125,0,0.0,0.0
2007-12-12,9289.599609375,9311.0,9243.599609375,9258.099609375,9258.099609375,0,0.0,0.0
2007-12-13,9260.0,9332.2998046875,9244.900390625,9298.2001953125,9298.2001953125,0,0.0,0.0
2007-12-14,9298.7998046875,9420.2001953125,9281.099609375,9314.7998046875,9314.7998046875,0,0.0,0.0
2007-12-17,9324.7998046875,9407.0,9271.0,9329.0,9329.0,0,0.0,0.0
2007-12-19,9363.599609375,9429.0,9360.400390625,9410.7001953125,9410.7001953125,0,0.0,0.0
2007-12-20,9410.7001953125,9455.400390625,9406.2001953125,9444.2001953125,9444.2001953125,0,0.0,0.0
2007-12-21,9444.599609375,9445.0,9393.7998046875,9405.0,9405.0,0,0.0,0.0
2007-12-24,9409.2001953125,9413.0,9388.0,9405.7001953125,9405.7001953125,0,0.0,0.0
2007-12-25,9405.7001953125,9409.599609375,9394.0,9406.0,9406.0,0,0.0,0.0
2007-12-26,9407.400390625,9415.0,9335.0,9347.0,9347.0,0,0.0,0.0
2007-12-27,9346.0,9421.099609375,9249.599609375,9416.900390625,9416.900390625,0,0.0,0.0
2007-12-28,9416.900390625,9427.2001953125,9345.599609375,9385.0,9385.0,0,0.0,0.0
2007-12-31,9371.599609375,9478.7001953125,9363.7001953125,9459.900390625,9459.900390625,0,0.0,0.0
2008-01-01,9459.900390625,9472.5,9440.2001953125,9445.599609375,9445.599609375,0,0.0,0.0
2008-01-02,9446.2998046875,9459.2001953125,9366.2001953125,9390.7998046875,9390.7998046875,0,0.0,0.0
2008-01-03,9390.7998046875,9420.900390625,9353.2998046875,9417.099609375,9417.099609375,0,0.0,0.0
2008-01-04,9417.099609375,9453.7001953125,9371.900390625,9441.7998046875,9441.7998046875,0,0.0,0.0
2008-01-07,9444.099609375,9499.5,9427.900390625,9439.5,9439.5,0,0.0,0.0
2008-01-08,9440.099609375,9457.0,9350.0,9424.7001953125,9424.7001953125,0,0.0,0.0
2008-01-09,9425.7001953125,9471.0,9405.900390625,9426.400390625,9426.400390625,0,0.0,0.0
2008-01-10,9425.400390625,9436.7001953125,9334.400390625,9425.400390625,9425.400390625,0,0.0,0.0
2008-01-11,9424.400390625,9447.099609375,9317.0,9420.400390625,9420.400390625,0,0.0,0.0
2008-01-14,9408.2998046875,9444.0,9342.400390625,9370.099609375,9370.099609375,0,0.0,0.0
2008-01-15,9369.099609375,9456.900390625,9331.0,9442.900390625,9442.900390625,0,0.0,0.0
2008-01-16,9438.7001953125,9541.099609375,9406.7001953125,9515.400390625,9515.400390625,0,0.0,0.0
2008-01-17,9516.7001953125,9559.400390625,9418.7001953125,9457.900390625,9457.900390625,0,0.0,0.0
2008-01-18,9457.2998046875,9482.0,9426.099609375,9444.7998046875,9444.7998046875,0,0.0,0.0
2008-01-21,9456.5,9576.2001953125,9341.0,9574.5,9574.5,0,0.0,0.0
2008-01-22,9575.2001953125,9603.7998046875,9395.0,9455.5,9455.5,0,0.0,0.0
2008-01-23,9458.099609375,9540.2001953125,9281.0,9340.400390625,9340.400390625,0,0.0,0.0
2008-01-24,9342.599609375,9384.0,9268.0,9338.599609375,9338.599609375,0,0.0,0.0
2008-01-25,9340.2001953125,9389.099609375,9313.099609375,9337.5,9337.5,0,0.0,0.0
2008-01-28,9325.099609375,9352.0,9258.900390625,9336.900390625,9336.900390625,0,0.0,0.0
2008-01-29,9337.5,9363.400390625,9227.0,9346.599609375,9346.599609375,0,0.0,0.0
2008-01-30,9347.599609375,9353.900390625,9205.0,9252.5,9252.5,0,0.0,0.0
2008-01-31,9252.5,9299.0,9200.599609375,9209.900390625,9209.900390625,0,0.0,0.0
2008-02-01,9210.5,9250.900390625,9171.0,9210.400390625,9210.400390625,0,0.0,0.0
2008-02-04,9209.7998046875,9229.0,9181.900390625,9219.400390625,9219.400390625,0,0.0,0.0
2008-02-05,9217.5,9336.5,9197.0,9210.2001953125,9210.2001953125,0,0.0,0.0
2008-02-06,9211.099609375,9249.900390625,9192.900390625,9247.0,9247.0,0,0.0,0.0
2008-02-07,9248.2998046875,9351.599609375,9226.5,9336.5,9336.5,0,0.0,0.0
2008-02-08,9336.5,9346.7998046875,9222.0,9231.900390625,9231.900390625,0,0.0,0.0
2008-02-11,9215.400390625,9278.7001953125,9186.599609375,9278.7001953125,9278.7001953125,0,0.0,0.0
2008-02-12,9280.900390625,9284.0,9210.400390625,9227.400390625,9227.400390625,0,0.0,0.0
2008-02-13,9229.0,9272.0,9219.900390625,9264.5,9264.5,0,0.0,0.0
2008-02-14,9265.2001953125,9265.7998046875,9182.5,9202.7001953125,9202.7001953125,0,0.0,0.0
2008-02-15,9204.5,9209.599609375,9160.7998046875,9173.2998046875,9173.2998046875,0,0.0,0.0
2008-02-18,9173.599609375,9209.400390625,9135.0,9187.7001953125,9187.7001953125,0,0.0,0.0
2008-02-19,9189.0,9191.2001953125,9122.900390625,9154.099609375,9154.099609375,0,0.0,0.0
2008-02-20,9155.0,9221.099609375,9138.099609375,9139.099609375,9139.099609375,0,0.0,0.0
2008-02-21,9139.099609375,9176.0,9070.7001953125,9082.599609375,9082.599609375,0,0.0,0.0
2008-02-22,9083.2001953125,9173.0,9058.2001953125,9164.7998046875,9164.7998046875,0,0.0,0.0
2008-02-25,9158.900390625,9181.2001953125,9133.0,9158.2998046875,9158.2998046875,0,0.0,0.0
2008-02-26,9158.2998046875,9190.5,8998.0,9037.2001953125,9037.2001953125,0,0.0,0.0
2008-02-27,9036.0,9070.0,8957.2001953125,9036.7998046875,9036.7998046875,0,0.0,0.0
2008-02-28,9036.7998046875,9078.0,8970.0,9059.2001953125,9059.2001953125,0,0.0,0.0
2008-02-29,9060.7001953125,9084.2998046875,9034.7001953125,9039.400390625,9039.400390625,0,0.0,0.0
2008-03-03,9031.400390625,9114.0,8992.7001953125,9092.400390625,9092.400390625,0,0.0,0.0
2008-03-04,9093.2998046875,9106.7998046875,9065.0,9093.599609375,9093.599609375,0,0.0,0.0
2008-03-05,9094.2001953125,9127.5,9044.2001953125,9078.7001953125,9078.7001953125,0,0.0,0.0
2008-03-06,9078.7001953125,9082.0,9008.7998046875,9016.2001953125,9016.2001953125,0,0.0,0.0
2008-03-07,9016.2001953125,9051.7998046875,8974.7001953125,9036.400390625,9036.400390625,0,0.0,0.0
2008-03-10,9011.2001953125,9182.5,9008.7998046875,9180.099609375,9180.099609375,0,0.0,0.0
2008-03-11,9178.900390625,9262.0,9088.2998046875,9151.599609375,9151.599609375,0,0.0,0.0
2008-03-12,9152.7998046875,9174.0,9052.2001953125,9119.0,9119.0,0,0.0,0.0
2008-03-13,9121.900390625,9224.0,9079.599609375,9183.2001953125,9183.2001953125,0,0.0,0.0
2008-03-14,9181.7001953125,9254.0,9155.599609375,9228.2998046875,9228.2998046875,0,0.0,0.0
2008-03-17,9151.2001953125,197804.0,9064.599609375,9151.7998046875,9151.7998046875,0,0.0,0.0
2008-03-18,9150.7001953125,9282.7001953125,9105.0,9259.2998046875,9259.2998046875,0,0.0,0.0
2008-03-19,9261.2998046875,9287.400390625,9170.099609375,9188.599609375,9188.599609375,0,0.0,0.0
2008-03-20,9184.7998046875,9326.7001953125,9144.099609375,9161.0,9161.0,0,0.0,0.0
2008-03-21,9163.599609375,9186.599609375,9031.2998046875,9031.2998046875,9031.2998046875,0,0.0,0.0
2008-03-24,9201.2998046875,9237.7998046875,9155.7001953125,9168.099609375,9168.099609375,0,0.0,0.0
2008-03-25,9166.900390625,9189.4501953125,9060.599609375,9169.2001953125,9169.2001953125,0,0.0,0.0
2008-03-26,9170.099609375,9197.9501953125,9074.2001953125,9146.400390625,9146.400390625,0,0.0,0.0
2008-03-27,9151.900390625,9213.5,9132.7998046875,9182.900390625,9182.900390625,0,0.0,0.0
2008-03-28,9185.2001953125,9229.9501953125,9169.0,9220.7001953125,9220.7001953125,0,0.0,0.0
2008-03-31,9202.900390625,9230.4501953125,9144.099609375,9223.599609375,9223.599609375,0,0.0,0.0
2008-04-02,9207.2998046875,9250.900390625,9172.900390625,9185.7001953125,9185.7001953125,0,0.0,0.0
2008-04-03,9183.7001953125,9282.2001953125,9182.7998046875,9199.099609375,9199.099609375,0,0.0,0.0
2008-04-04,9199.400390625,9227.4501953125,9148.900390625,9158.5,9158.5,0,0.0,0.0
2008-04-07,9162.2998046875,9220.4501953125,9158.2001953125,9185.900390625,9185.900390625,0,0.0,0.0
2008-04-08,9186.099609375,9213.9501953125,9132.099609375,9198.7001953125,9198.7001953125,0,0.0,0.0
2008-04-09,9199.0,9224.0,9103.5,9221.599609375,9221.599609375,0,0.0,0.0
2008-04-10,9221.900390625,9240.599609375,9176.099609375,9179.599609375,9179.599609375,0,0.0,0.0
2008-04-11,9180.099609375,9209.400390625,9083.0,9180.7998046875,9180.7998046875,0,0.0,0.0
2008-04-14,9240.7001953125,9265.7998046875,9144.400390625,9181.7001953125,9181.7001953125,0,0.0,0.0
2008-04-15,9183.400390625,9209.099609375,9155.400390625,9183.599609375,9183.599609375,0,0.0,0.0
2008-04-16,9183.599609375,9209.4501953125,9077.2001953125,9187.5,9187.5,0,0.0,0.0
2008-04-17,9189.7998046875,9247.2001953125,9173.7001953125,9191.5,9191.5,0,0.0,0.0
2008-04-18,9189.7998046875,9297.400390625,9093.0,9175.0,9175.0,0,0.0,0.0
2008-04-21,9136.900390625,9193.9501953125,9055.599609375,9163.2001953125,9163.2001953125,0,0.0,0.0
2008-04-22,9163.7001953125,9204.2998046875,9102.2998046875,9120.7998046875,9120.7998046875,0,0.0,0.0
2008-04-23,9123.599609375,9203.4501953125,9114.5,9204.2998046875,9204.2998046875,0,0.0,0.0
2008-04-24,9202.900390625,9338.099609375,9186.599609375,9191.2001953125,9191.2001953125,0,0.0,0.0
2008-04-25,9191.900390625,9263.900390625,9178.2998046875,9220.2998046875,9220.2998046875,0,0.0,0.0
2008-04-28,9240.400390625,9365.900390625,9189.5,9338.2998046875,9338.2998046875,0,0.0,0.0
2008-04-29,9340.7001953125,9399.0,9180.599609375,9210.099609375,9210.099609375,0,0.0,0.0
2008-04-30,9209.599609375,9400.2001953125,9186.2001953125,9354.5,9354.5,0,0.0,0.0
2008-05-02,9444.599609375,9504.5,9208.7001953125,9212.0,9212.0,0,0.0,0.0
2008-05-05,9210.5,9235.9501953125,9173.0,9195.7001953125,9195.7001953125,0,0.0,0.0
2008-05-06,9196.2001953125,9226.9501953125,9110.0,9207.599609375,9207.599609375,0,0.0,0.0
2008-05-07,9207.900390625,9308.0,9203.7998046875,9218.2998046875,9218.2998046875,0,0.0,0.0
2008-05-08,9220.400390625,9273.9501953125,9188.5,9207.599609375,9207.599609375,0,0.0,0.0
2008-05-09,9207.7998046875,9236.5,9158.7001953125,9213.599609375,9213.599609375,0,0.0,0.0
2008-05-12,9234.2001953125,9281.0,9167.099609375,9183.7998046875,9183.7998046875,0,0.0,0.0
2008-05-13,9188.099609375,9258.9501953125,9168.599609375,9239.900390625,9239.900390625,0,0.0,0.0
2008-05-14,9242.2001953125,9300.2001953125,9237.400390625,9290.5,9290.5,0,0.0,0.0
2008-05-15,9290.400390625,9328.400390625,9242.2998046875,9313.900390625,9313.900390625,0,0.0,0.0
2008-05-16,9313.7001953125,9320.2001953125,9224.7001953125,9228.2001953125,9228.2001953125,0,0.0,0.0
2008-05-19,9236.2001953125,9290.5,9206.400390625,9257.7998046875,9257.7998046875,0,0.0,0.0
2008-05-20,9257.599609375,9269.400390625,9170.099609375,9183.7998046875,9183.7998046875,0,0.0,0.0
2008-05-21,9186.5,9395.2001953125,9113.400390625,9375.2001953125,9375.2001953125,0,0.0,0.0
2008-05-22,9376.599609375,9429.0,9319.9501953125,9408.5,9408.5,0,0.0,0.0
2008-05-23,9408.7998046875,9425.900390625,9289.2001953125,9295.400390625,9295.400390625,0,0.0,0.0
2008-05-26,9303.400390625,9349.9501953125,9291.599609375,9297.7998046875,9297.7998046875,0,0.0,0.0
2008-05-27,9298.2998046875,9377.9501953125,9275.099609375,9340.0,9340.0,0,0.0,0.0
2008-05-28,9337.7998046875,9385.599609375,9277.599609375,9278.7998046875,9278.7998046875,0,0.0,0.0
2008-05-29,9279.099609375,9379.099609375,9274.2998046875,9361.599609375,9361.599609375,0,0.0,0.0
2008-05-30,9362.5,9391.2998046875,9318.4501953125,9346.7998046875,9346.7998046875,0,0.0,0.0
2008-06-02,9333.599609375,9373.7001953125,9213.0,9343.7998046875,9343.7998046875,0,0.0,0.0
2008-06-03,9344.099609375,9416.7998046875,9218.0,9401.900390625,9401.900390625,0,0.0,0.0
2008-06-04,9402.2001953125,9418.400390625,9317.9501953125,9412.599609375,9412.599609375,0,0.0,0.0
2008-06-05,9412.599609375,9447.2001953125,9269.2001953125,9276.099609375,9276.099609375,0,0.0,0.0
2008-06-06,9277.2998046875,9321.9501953125,9161.7998046875,9161.7998046875,9161.7998046875,0,0.0,0.0
2008-06-09,9158.599609375,9355.7001953125,9130.7998046875,9341.0,9341.0,0,0.0,0.0
2008-06-10,9342.2001953125,9451.2998046875,9312.2001953125,9317.0,9317.0,0,0.0,0.0
2008-06-11,9316.7001953125,9326.4501953125,9245.5,9308.099609375,9308.099609375,0,0.0,0.0
2008-06-12,9309.7998046875,9410.5,9303.5,9365.2001953125,9365.2001953125,0,0.0,0.0
2008-06-13,9370.0,9458.7998046875,9219.0,9423.099609375,9423.099609375,0,0.0,0.0
2008-06-16,9407.7998046875,9430.0,9206.7998046875,9303.599609375,9303.599609375,0,0.0,0.0
2008-06-17,9303.0,9318.4501953125,9258.099609375,9286.7998046875,9286.7998046875,0,0.0,0.0
2008-06-18,9289.5,9319.5,9182.0,9277.599609375,9277.599609375,0,0.0,0.0
2008-06-19,9277.900390625,9319.0,9249.599609375,9266.2001953125,9266.2001953125,0,0.0,0.0
2008-06-20,9265.900390625,9286.9501953125,9182.400390625,9251.2001953125,9251.2001953125,0,0.0,0.0
2008-06-23,9267.5,9342.900390625,9251.7998046875,9311.7001953125,9311.7001953125,0,0.0,0.0
2008-06-24,9311.099609375,9328.5,9173.0,9269.0,9269.0,0,0.0,0.0
2008-06-25,9270.2001953125,9284.7998046875,9180.900390625,9188.400390625,9188.400390625,0,0.0,0.0
2008-06-26,9187.5,9229.9501953125,9146.2998046875,9192.2998046875,9192.2998046875,0,0.0,0.0
2008-06-27,9192.7998046875,9216.9501953125,9166.2998046875,9193.7001953125,9193.7001953125,0,0.0,0.0
2008-06-30,9168.900390625,9210.0,9144.900390625,9194.5,9194.5,0,0.0,0.0
2008-07-02,9170.7001953125,9212.099609375,9120.400390625,9203.400390625,9203.400390625,0,0.0,0.0
2008-07-03,9201.599609375,9313.7998046875,9186.7001953125,9202.2001953125,9202.2001953125,0,0.0,0.0
2008-07-04,9201.2001953125,9221.9501953125,9186.599609375,9194.2001953125,9194.2001953125,0,0.0,0.0
2008-07-07,9199.2001953125,9252.2001953125,9172.599609375,9189.2001953125,9189.2001953125,0,0.0,0.0
2008-07-08,9190.2998046875,9238.2998046875,9179.900390625,9208.2998046875,9208.2998046875,0,0.0,0.0
2008-07-09,9208.099609375,9215.7998046875,9150.400390625,9157.099609375,9157.099609375,0,0.0,0.0
2008-07-10,9158.5,9182.099609375,9122.2998046875,9152.0,9152.0,0,0.0,0.0
2008-07-11,9151.400390625,9162.4501953125,9058.099609375,9058.099609375,9058.099609375,0,0.0,0.0
2008-07-14,9077.7998046875,9145.0,9052.0,9141.5,9141.5,0,0.0,0.0
2008-07-15,9142.099609375,9154.2001953125,9062.0,9140.2998046875,9140.2998046875,0,0.0,0.0
2008-07-16,9138.400390625,9193.900390625,9113.099609375,9184.2998046875,9184.2998046875,0,0.0,0.0
2008-07-17,9184.0,9189.0,9134.9501953125,9158.7001953125,9158.7001953125,0,0.0,0.0
2008-07-18,9159.099609375,9182.900390625,9135.099609375,9137.099609375,9137.099609375,0,0.0,0.0
2008-07-21,9148.900390625,9151.9501953125,9103.2001953125,9150.2998046875,9150.2998046875,0,0.0,0.0
2008-07-22,9150.2998046875,9208.7998046875,9048.0,9151.099609375,9151.099609375,0,0.0,0.0
2008-07-23,9151.400390625,9220.599609375,9136.9501953125,9210.0,9210.0,0,0.0,0.0
2008-07-24,9208.7001953125,9243.2998046875,9109.7001953125,9110.2998046875,9110.2998046875,0,0.0,0.0
2008-07-25,9108.900390625,9140.5,9072.7001953125,9140.5,9140.5,0,0.0,0.0
2008-07-28,9126.5,9132.599609375,9086.0,9120.400390625,9120.400390625,0,0.0,0.0
2008-07-29,9120.400390625,9194.599609375,9103.599609375,9106.900390625,9106.900390625,0,0.0,0.0
2008-07-30,9106.400390625,9143.2998046875,9092.099609375,9118.599609375,9118.599609375,0,0.0,0.0
2008-07-31,9119.2001953125,9119.9501953125,9049.5,9108.099609375,9108.099609375,0,0.0,0.0
2008-08-26,9330.599609375,9358.5,9083.0,9312.7998046875,9312.7998046875,0,0.0,0.0
2008-08-27,9313.2998046875,9316.599609375,9064.0,9159.400390625,9159.400390625,0,0.0,0.0
2008-08-28,9159.400390625,9185.7001953125,9108.7998046875,9165.7001953125,9165.7001953125,0,0.0,0.0
2008-08-29,9167.5,9208.2001953125,9131.2001953125,9193.5,9193.5,0,0.0,0.0
2008-09-01,9178.7001953125,9260.400390625,9065.0,9253.2001953125,9253.2001953125,0,0.0,0.0
2008-09-02,9250.900390625,9503.5,9094.0,9500.5,9500.5,0,0.0,0.0
2008-09-03,9500.2001953125,9584.7001953125,9214.4501953125,9521.099609375,9521.099609375,0,0.0,0.0
2008-09-04,9522.2001953125,9555.599609375,9206.9501953125,9330.400390625,9330.400390625,0,0.0,0.0
2008-09-05,9331.400390625,9365.5,9260.0,9318.900390625,9318.900390625,0,0.0,0.0
2008-09-08,9273.099609375,9438.7998046875,9185.0,9377.7998046875,9377.7998046875,0,0.0,0.0
2008-09-09,9379.400390625,9441.099609375,9220.0,9357.599609375,9357.599609375,0,0.0,0.0
2008-09-10,9361.5,9483.2001953125,9228.0,9470.2001953125,9470.2001953125,0,0.0,0.0
2008-09-11,9469.2998046875,9530.0,9325.0,9461.2001953125,9461.2001953125,0,0.0,0.0
2008-09-12,9457.099609375,9472.7001953125,9299.099609375,9299.099609375,9299.099609375,0,0.0,0.0
2008-09-15,9255.2998046875,9394.099609375,9090.2998046875,9118.900390625,9118.900390625,0,0.0,0.0
2008-09-16,9119.900390625,9504.599609375,9112.7998046875,9468.2001953125,9468.2001953125,0,0.0,0.0
2008-09-17,9467.2001953125,9483.2998046875,9300.0,9367.7001953125,9367.7001953125,0,0.0,0.0
2008-09-18,9370.900390625,9417.4501953125,9244.400390625,9385.0,9385.0,0,0.0,0.0
2008-09-19,9384.0,9478.7998046875,9279.2998046875,9389.2001953125,9389.2001953125,0,0.0,0.0
2008-09-22,9365.5,9365.5,9111.7001953125,9277.7001953125,9277.7001953125,0,0.0,0.0
2008-09-23,9277.2001953125,9366.900390625,9125.0,9327.2998046875,9327.2998046875,0,0.0,0.0
2008-09-24,9325.400390625,9380.900390625,9292.2001953125,9367.099609375,9367.099609375,0,0.0,0.0
2008-09-25,9366.5,9399.2001953125,9282.2998046875,9360.400390625,9360.400390625,0,0.0,0.0
2008-09-26,9360.099609375,9412.400390625,9337.099609375,9393.0,9393.0,0,0.0,0.0
2008-09-29,9424.900390625,9578.7001953125,9340.0,9442.7001953125,9442.7001953125,0,0.0,0.0
2008-09-30,9442.099609375,9690.900390625,9330.0,9481.7001953125,9481.7001953125,0,0.0,0.0
2008-10-01,9479.7001953125,9559.7001953125,9330.0,9536.2001953125,9536.2001953125,0,0.0,0.0
2008-10-02,9534.0,9709.099609375,9330.0,9431.0,9431.0,0,0.0,0.0
2008-10-03,9434.099609375,9497.0,9364.5,9453.7001953125,9453.7001953125,0,0.0,0.0
2008-10-06,9546.5,9687.400390625,9490.0,9572.099609375,9572.099609375,0,0.0,0.0
2008-10-07,9572.099609375,9665.4501953125,9418.7001953125,9605.099609375,9605.099609375,0,0.0,0.0
2008-10-08,9604.099609375,9631.0,9495.099609375,9572.400390625,9572.400390625,0,0.0,0.0
2008-10-09,9574.5,9644.0,9469.2001953125,9634.900390625,9634.900390625,0,0.0,0.0
2008-10-10,9635.2001953125,9958.2001953125,9606.7001953125,9876.099609375,9876.099609375,0,0.0,0.0
2008-10-13,9717.2001953125,9826.900390625,9677.400390625,9713.7001953125,9713.7001953125,0,0.0,0.0
2008-10-14,9712.599609375,9757.4501953125,9612.7001953125,9715.400390625,9715.400390625,0,0.0,0.0
2008-10-15,9717.900390625,9835.7998046875,9671.400390625,9823.7001953125,9823.7001953125,0,0.0,0.0
2008-10-16,9823.2998046875,9912.599609375,9735.0,9838.0,9838.0,0,0.0,0.0
2008-10-17,9838.0,9906.2998046875,9615.0,9868.900390625,9868.900390625,0,0.0,0.0
2008-10-20,9882.400390625,9965.400390625,9715.0,9953.7001953125,9953.7001953125,0,0.0,0.0
2008-10-21,9949.7001953125,10125.0,9705.0,9858.099609375,9858.099609375,0,0.0,0.0
2008-10-22,9860.2998046875,10064.0,9685.0,9954.0,9954.0,0,0.0,0.0
2008-10-23,9954.400390625,10019.0,9760.0,9854.0,9854.0,0,0.0,0.0
2008-10-24,9856.599609375,10202.0,9808.0,9993.7001953125,9993.7001953125,0,0.0,0.0
2008-10-27,9974.2998046875,10849.0,9963.400390625,10832.0,10832.0,0,0.0,0.0
2008-10-28,10828.0,10939.0,10519.0,10542.0,10542.0,0,0.0,0.0
2008-10-29,10535.0,10712.0,10405.0,10700.0,10700.0,0,0.0,0.0
2008-10-30,10700.0,10819.0,10448.0,10782.0,10782.0,0,0.0,0.0
2008-10-31,10773.0,11036.0,10755.0,11024.0,11024.0,0,0.0,0.0
2008-11-03,10961.0,11096.0,10700.0,11065.0,11065.0,0,0.0,0.0
2008-11-04,11065.0,11141.0,10699.0,10749.0,10749.0,0,0.0,0.0
2008-11-05,10753.0,10937.4501953125,10368.0,10453.0,10453.0,0,0.0,0.0
2008-11-06,10453.0,11114.0,10444.0,11100.0,11100.0,0,0.0,0.0
2008-11-07,11102.0,11157.0,10700.0,11155.0,11155.0,0,0.0,0.0
2008-11-10,11059.0,11144.0,10825.0,11124.0,11124.0,0,0.0,0.0
2008-11-11,11125.0,11199.0,10935.0,11171.0,11171.0,0,0.0,0.0
2008-11-12,11167.0,11237.0,11070.0,11218.0,11218.0,0,0.0,0.0
2008-11-13,11216.0,11850.0,11113.0,11314.0,11314.0,0,0.0,0.0
2008-11-14,11324.0,11774.9501953125,11311.0,11493.0,11493.0,0,0.0,0.0
2008-11-17,11557.0,11874.0,11400.0,11865.0,11865.0,0,0.0,0.0
2008-11-18,11863.0,12069.0,11750.0,12009.0,12009.0,0,0.0,0.0
2008-11-19,12013.0,12062.4501953125,11800.0,12000.0,12000.0,0,0.0,0.0
2008-11-20,12000.0,12380.0,11930.0,12372.0,12372.0,0,0.0,0.0
2008-11-21,12376.0,12399.9501953125,11947.0,11955.0,11955.0,0,0.0,0.0
2008-11-24,11909.0,12482.0,11745.0,12407.0,12407.0,0,0.0,0.0
2008-11-25,12409.0,12508.0,12260.0,12416.0,12416.0,0,0.0,0.0
2008-11-26,12422.0,12621.0,12421.0,12549.0,12549.0,0,0.0,0.0
2008-11-27,12551.0,12582.0,12490.0,12552.0,12552.0,0,0.0,0.0
2008-11-28,12556.0,12792.0,12495.0,12749.0,12749.0,0,0.0,0.0
2008-12-01,12771.0,12851.0,12148.0,12233.0,12233.0,0,0.0,0.0
2008-12-02,12237.0,12346.0,11950.0,12313.0,12313.0,0,0.0,0.0
2008-12-03,12318.0,12413.0,11943.0,11961.0,11961.0,0,0.0,0.0
2008-12-04,11965.0,12080.0,11750.0,11949.0,11949.0,0,0.0,0.0
2008-12-05,11945.0,12079.0,11929.0,12002.0,12002.0,0,0.0,0.0
2008-12-08,11986.0,11987.0,11384.0,11430.0,11430.0,0,0.0,0.0
2008-12-09,11426.0,11521.0,10797.0,10856.0,10856.0,0,0.0,0.0
2008-12-10,10855.0,10906.0,10756.0,10889.0,10889.0,0,0.0,0.0
2008-12-11,10890.0,11024.9501953125,10638.0,10926.0,10926.0,0,0.0,0.0
2008-12-12,10928.0,10990.0,10865.0,10909.0,10909.0,0,0.0,0.0
2008-12-15,10837.0,11138.0,10635.0,11100.0,11100.0,0,0.0,0.0
2008-12-16,11101.0,11144.0,10799.0,10853.0,10853.0,0,0.0,0.0
2008-12-17,10852.0,10927.0,10595.0,10863.0,10863.0,0,0.0,0.0
2008-12-18,10863.0,11014.0,10655.0,10953.0,10953.0,0,0.0,0.0
2008-12-19,10952.0,11320.0,10663.0,11244.0,11244.0,0,0.0,0.0
2008-12-22,11199.0,11218.0,10850.0,10934.0,10934.0,0,0.0,0.0
2008-12-23,10934.0,11195.0,10887.0,11179.0,11179.0,0,0.0,0.0
2008-12-24,11179.0,11199.0,11116.0,11165.0,11165.0,0,0.0,0.0
2008-12-25,11165.0,11182.0,11059.0,11158.0,11158.0,0,0.0,0.0
2008-12-26,11157.0,11173.0,11080.0,11148.0,11148.0,0,0.0,0.0
2008-12-29,11085.0,11201.0,10891.0,11111.0,11111.0,0,0.0,0.0
2008-12-30,11116.0,11142.0,10750.0,11032.0,11032.0,0,0.0,0.0
2008-12-31,11036.0,11259.0,11030.0,11160.0,11160.0,0,0.0,0.0
2009-01-01,11160.0,11180.0,11102.0,11142.0,11142.0,0,0.0,0.0
2009-01-02,11140.0,11271.0,10700.0,10991.0,10991.0,0,0.0,0.0
2009-01-05,10963.0,11282.0,10850.0,10929.0,10929.0,0,0.0,0.0
2009-01-06,10946.0,11204.0,10946.0,10992.0,10992.0,0,0.0,0.0
2009-01-07,11000.0,11051.0,10650.0,10852.0,10852.0,0,0.0,0.0
2009-01-08,10858.0,11010.0,3477.699951171875,11005.0,11005.0,0,0.0,0.0
2009-01-09,11009.0,11176.0,10850.0,11001.0,11001.0,0,0.0,0.0
2009-01-12,11025.0,11131.0,10912.0,11109.0,11109.0,0,0.0,0.0
2009-01-13,11109.0,11264.0,11025.0,11076.0,11076.0,0,0.0,0.0
2009-01-14,11071.0,11167.0,10969.0,11101.0,11101.0,0,0.0,0.0
2009-01-15,11111.0,11243.0,11038.0,11087.0,11087.0,0,0.0,0.0
2009-01-16,11082.0,11096.0,10945.0,10964.0,10964.0,0,0.0,0.0
2009-01-19,10909.0,11154.0,10894.0,11128.0,11128.0,0,0.0,0.0
2009-01-20,11127.0,11337.0,11075.0,11308.0,11308.0,0,0.0,0.0
2009-01-21,11307.0,11328.0,11071.0,11129.0,11129.0,0,0.0,0.0
2009-01-22,11145.0,11212.0,11069.0,11160.0,11160.0,0,0.0,0.0
2009-01-23,11157.0,11359.0,11155.0,11255.0,11255.0,0,0.0,0.0
2009-01-26,11307.0,11341.0,11027.0,11060.0,11060.0,0,0.0,0.0
2009-01-27,11065.0,11115.0,10957.0,11043.0,11043.0,0,0.0,0.0
2009-01-28,11038.0,11406.0,10965.0,11369.0,11369.0,0,0.0,0.0
2009-01-29,11369.0,11460.0,11215.0,11414.0,11414.0,0,0.0,0.0
2009-01-30,11411.0,11537.0,11255.0,11328.0,11328.0,0,0.0,0.0
2009-02-02,11402.0,11729.0,11282.0,11725.0,11725.0,0,0.0,0.0
2009-02-03,11728.0,11733.0,11567.0,11667.0,11667.0,0,0.0,0.0
2009-02-04,11667.0,11839.0,11575.0,11622.0,11622.0,0,0.0,0.0
2009-02-05,11621.0,11725.0,11575.0,11681.0,11681.0,0,0.0,0.0
2009-02-06,11682.0,11725.0,11501.0,11559.0,11559.0,0,0.0,0.0
2009-02-09,11531.0,11793.0,11420.0,11793.0,11793.0,0,0.0,0.0
2009-02-10,11789.0,11929.0,11610.0,11838.0,11838.0,0,0.0,0.0
2009-02-11,11835.0,11905.0,11660.0,11878.0,11878.0,0,0.0,0.0
2009-02-12,11885.0,12009.0,11679.0,11689.0,11689.0,0,0.0,0.0
2009-02-13,11692.0,11835.0,11643.0,11812.0,11812.0,0,0.0,0.0
2009-02-16,11884.0,11934.0,11705.0,11873.0,11873.0,0,0.0,0.0
2009-02-17,11874.0,12092.0,11800.0,12075.0,12075.0,0,0.0,0.0
2009-02-18,12065.0,12095.0,11835.0,11869.0,11869.0,0,0.0,0.0
2009-02-19,11868.0,11982.0,11695.0,11982.0,11982.0,0,0.0,0.0
2009-02-20,11984.0,12071.0,11650.0,11650.0,11650.0,0,0.0,0.0
2009-02-23,11781.0,12019.0,11603.0,12031.0,12031.0,0,0.0,0.0
2009-02-24,12023.0,12034.0,11781.0,11786.0,11786.0,0,0.0,0.0
2009-02-25,11790.0,11958.0,11766.0,11935.0,11935.0,0,0.0,0.0
2009-02-26,11939.0,12049.0,11860.0,12045.0,12045.0,0,0.0,0.0
2009-02-27,12045.0,12144.0,11890.0,12041.0,12041.0,0,0.0,0.0
2009-03-02,12119.0,12170.0,11880.0,12145.0,12145.0,0,0.0,0.0
2009-03-03,12150.0,12189.0,11915.0,12029.0,12029.0,0,0.0,0.0
2009-03-04,12026.0,12086.0,11939.0,12043.0,12043.0,0,0.0,0.0
2009-03-05,12047.0,12187.0,11920.0,11995.0,11995.0,0,0.0,0.0
2009-03-06,11996.0,12073.0,11810.0,12048.0,12048.0,0,0.0,0.0
2009-03-09,11973.0,12122.0,11910.0,12064.0,12064.0,0,0.0,0.0
2009-03-10,12064.0,12064.0,11874.0,11925.0,11925.0,0,0.0,0.0
2009-03-11,11926.0,12007.0,11792.0,11842.0,11842.0,0,0.0,0.0
2009-03-12,11843.0,12037.0,11795.0,11901.0,11901.0,0,0.0,0.0
2009-03-13,11901.0,11978.0,11853.0,11950.0,11950.0,0,0.0,0.0
2009-03-16,11992.0,12006.0,11826.0,11988.0,11988.0,0,0.0,0.0
2009-03-17,11996.0,12024.0,11865.0,11936.0,11936.0,0,0.0,0.0
2009-03-18,11936.0,11973.0,11587.0,11624.0,11624.0,0,0.0,0.0
2009-03-19,11622.0,11947.0,11422.0,11930.0,11930.0,0,0.0,0.0
2009-03-20,11930.0,12046.0,11723.0,11726.0,11726.0,0,0.0,0.0
2009-03-23,11686.0,11795.0,11485.0,11694.0,11694.0,0,0.0,0.0
2009-03-24,11697.0,11847.0,11444.9501953125,11814.0,11814.0,0,0.0,0.0
2009-03-25,11811.0,11860.0,11553.0,11585.0,11585.0,0,0.0,0.0
2009-03-26,11583.0,11624.0,11430.0,11505.0,11505.0,0,0.0,0.0
2009-03-27,11506.0,11732.0,11393.0,11456.0,11456.0,0,0.0,0.0
2009-03-30,11476.0,11599.0,11455.0,11548.0,11548.0,0,0.0,0.0
2009-03-31,11548.0,11601.0,11419.0,11590.0,11590.0,0,0.0,0.0
2009-04-01,11592.0,11652.0,11475.0,11538.0,11538.0,0,0.0,0.0
2009-04-02,11536.0,11569.9501953125,11341.0,11459.0,11459.0,0,0.0,0.0
2009-04-03,11460.0,11536.0,11340.0,11396.0,11396.0,0,0.0,0.0
2009-04-06,11363.0,11499.0,11185.0,11467.0,11467.0,0,0.0,0.0
2009-04-07,11466.0,11613.0,11275.0,11294.0,11294.0,0,0.0,0.0
2009-04-08,11295.0,11399.0,11220.0,11320.0,11320.0,0,0.0,0.0
2009-04-09,11320.0,11399.0,11220.0,11354.0,11354.0,0,0.0,0.0
2009-04-10,11353.0,11399.0,11317.0,11336.0,11336.0,0,0.0,0.0
2009-04-13,11331.0,11370.0,11153.0,11178.0,11178.0,0,0.0,0.0
2009-04-14,11174.0,11286.0,10795.0,10892.0,10892.0,0,0.0,0.0
2009-04-15,10891.0,10990.0,10710.0,10851.0,10851.0,0,0.0,0.0
2009-04-16,10850.0,11002.0,10618.0,10969.0,10969.0,0,0.0,0.0
2009-04-17,10966.0,11100.0,10630.0,11083.0,11083.0,0,0.0,0.0
2009-04-20,11078.0,11206.0,10640.0,10684.0,10684.0,0,0.0,0.0
2009-04-21,10683.0,10832.0,10639.0,10828.0,10828.0,0,0.0,0.0
2009-04-22,10829.0,10868.0,10745.0,10824.0,10824.0,0,0.0,0.0
2009-04-23,10824.0,10877.0,10760.0,10787.0,10787.0,0,0.0,0.0
2009-04-24,10789.0,10824.9501953125,10663.0,10693.0,10693.0,0,0.0,0.0
2009-04-27,10720.0,10901.0,10713.0,10889.0,10889.0,0,0.0,0.0
2009-04-28,10882.0,10924.0,10735.0,10796.0,10796.0,0,0.0,0.0
2009-04-29,10794.0,10805.0,10629.0,10686.0,10686.0,0,0.0,0.0
2009-04-30,10690.0,10738.0,10513.0,10713.0,10713.0,0,0.0,0.0
2009-05-01,10713.0,10713.0,10593.0,10598.0,10598.0,0,0.0,0.0
2009-05-04,10587.0,10641.0,10410.0,10477.0,10477.0,0,0.0,0.0
2009-05-05,10478.0,10549.0,10310.0,10410.0,10410.0,0,0.0,0.0
2009-05-06,10409.0,10485.0,10300.0,10420.0,10420.0,0,0.0,0.0
2009-05-07,10417.0,10465.0,10263.0,10366.0,10366.0,0,0.0,0.0
2009-05-08,10363.0,10449.9501953125,10251.0,10258.0,10258.0,0,0.0,0.0
2009-05-11,10271.0,10317.0,10180.0,10296.0,10296.0,0,0.0,0.0
2009-05-12,10295.0,10358.0,10209.0,10318.0,10318.0,0,0.0,0.0
2009-05-13,10319.0,10375.0,10215.0,10362.0,10362.0,0,0.0,0.0
2009-05-14,10361.0,10427.4501953125,10275.0,10338.0,10338.0,0,0.0,0.0
2009-05-15,10337.0,10468.0,10305.0,10326.0,10326.0,0,0.0,0.0
2009-05-18,10341.0,10407.4501953125,10248.0,10251.0,10251.0,0,0.0,0.0
2009-05-19,10251.0,10377.4501953125,10182.0,10271.0,10271.0,0,0.0,0.0
2009-05-20,10271.0,10354.9501953125,10151.0,10337.0,10337.0,0,0.0,0.0
2009-05-21,10335.0,10367.0,10239.0,10252.0,10252.0,0,0.0,0.0
2009-05-22,10252.0,10279.9501953125,10147.0,10181.0,10181.0,0,0.0,0.0
2009-05-25,10166.0,10299.9501953125,10158.0,10177.0,10177.0,0,0.0,0.0
2009-05-26,10179.0,10347.4501953125,10167.0,10300.0,10300.0,0,0.0,0.0
2009-05-27,10299.0,10688.0,10208.0,10684.0,10684.0,0,0.0,0.0
2009-05-28,10681.0,10710.0,10275.0,10321.0,10321.0,0,0.0,0.0
2009-05-29,10320.0,10337.4501953125,10149.0,10155.0,10155.0,0,0.0,0.0
2009-06-01,10181.0,10269.9501953125,10092.0,10151.0,10151.0,0,0.0,0.0
2009-06-02,10151.0,10259.9501953125,10043.0,10229.0,10229.0,0,0.0,0.0
2009-06-03,10230.0,10340.0,10000.0,10125.0,10125.0,0,0.0,0.0
2009-06-04,10120.0,10179.0,9925.0,10070.0,10070.0,0,0.0,0.0
2009-06-05,10069.0,10211.0,9855.0,9949.5,9949.5,0,0.0,0.0
2009-06-08,9970.900390625,10066.0,9890.0,10006.0,10006.0,0,0.0,0.0
2009-06-09,10001.0,10082.4501953125,9918.2998046875,10012.0,10012.0,0,0.0,0.0
2009-06-10,10019.0,10091.0,9925.0,10013.0,10013.0,0,0.0,0.0
2009-06-11,10013.0,10093.0,9925.900390625,10024.0,10024.0,0,0.0,0.0
2009-06-12,10027.0,10147.0,9965.0,10104.0,10104.0,0,0.0,0.0
2009-06-15,10113.0,10262.0,10030.0,10175.0,10175.0,0,0.0,0.0
2009-06-16,10175.0,10204.0,10065.0,10203.0,10203.0,0,0.0,0.0
2009-06-17,10203.0,10253.0,10134.0,10179.0,10179.0,0,0.0,0.0
2009-06-18,10179.0,10481.0,10134.0,10450.0,10450.0,0,0.0,0.0
2009-06-19,10450.0,10471.0,10265.0,10426.0,10426.0,0,0.0,0.0
2009-06-22,10433.0,10514.0,10173.0,10185.0,10185.0,0,0.0,0.0
2009-06-23,10186.0,10345.0,10045.0,10341.0,10341.0,0,0.0,0.0
2009-06-24,10337.0,10427.0,10270.0,10331.0,10331.0,0,0.0,0.0
2009-06-25,10330.0,10368.0,10160.0,10297.0,10297.0,0,0.0,0.0
2009-06-26,10296.0,10296.0,10065.0,10262.0,10262.0,0,0.0,0.0
2009-06-29,10253.0,10311.0,10155.0,10238.0,10238.0,0,0.0,0.0
2009-06-30,10235.0,10299.0,10093.0,10179.0,10179.0,0,0.0,0.0
2009-07-01,10178.0,10260.4501953125,10070.0,10105.0,10105.0,0,0.0,0.0
2009-07-02,10111.0,10255.0,10100.0,10239.0,10239.0,0,0.0,0.0
2009-07-03,10238.0,10249.9501953125,10100.0,10237.0,10237.0,0,0.0,0.0
2009-07-06,10238.0,10294.0,10140.0,10225.0,10225.0,0,0.0,0.0
2009-07-07,10225.0,10278.0,10105.0,10269.0,10269.0,0,0.0,0.0
2009-07-08,10268.0,10330.0,10100.0,10297.0,10297.0,0,0.0,0.0
2009-07-09,10296.0,10310.0,10058.0,10187.0,10187.0,0,0.0,0.0
2009-07-10,10190.0,10294.0,10035.0,10035.0,10035.0,0,0.0,0.0
2009-07-13,10184.9501953125,10230.0,10115.0,10125.0,10125.0,0,0.0,0.0
2009-07-14,10202.4501953125,10242.4501953125,10110.0,10184.9501953125,10184.9501953125,0,0.0,0.0
2009-07-15,10164.9501953125,10164.9501953125,10048.0,10048.0,10048.0,0,0.0,0.0
2009-07-16,10048.0,10095.0,9990.0,9990.0,9990.0,0,0.0,0.0
2009-07-17,10184.9501953125,10199.9501953125,10045.0,10045.0,10045.0,0,0.0,0.0
2009-07-20,10141.0,10151.0,10139.0,10150.0,10150.0,0,0.0,0.0
2009-07-21,9977.5,9990.7998046875,9976.7001953125,9990.7998046875,9990.7998046875,0,0.0,0.0
2009-07-22,9985.599609375,9988.7001953125,9982.400390625,9987.2998046875,9987.2998046875,0,0.0,0.0
2009-07-23,10067.0,10072.0,10065.0,10070.0,10070.0,0,0.0,0.0
2009-07-24,10035.0,10035.0,10035.0,10035.0,10035.0,0,0.0,0.0
2009-07-27,10014.0,10020.0,10010.0,10010.0,10010.0,0,0.0,0.0
2009-07-28,9968.7998046875,9985.2001953125,9966.7998046875,9982.400390625,9982.400390625,0,0.0,0.0
2009-07-29,9974.7001953125,9984.900390625,9969.0,9983.7001953125,9983.7001953125,0,0.0,0.0
2009-07-30,9901.2001953125,9904.0,9891.400390625,9894.2001953125,9894.2001953125,0,0.0,0.0
2009-07-31,9774.099609375,9774.099609375,9774.099609375,9774.099609375,9774.099609375,0,0.0,0.0
2009-08-03,9665.2998046875,9671.0,9663.099609375,9671.0,9671.0,0,0.0,0.0
2009-08-04,9674.2998046875,9674.2998046875,9662.7001953125,9664.400390625,9664.400390625,0,0.0,0.0
2009-08-05,9864.0,9869.400390625,9860.599609375,9867.099609375,9867.099609375,0,0.0,0.0
2009-08-06,9901.2998046875,9905.2998046875,9895.599609375,9896.2001953125,9896.2001953125,0,0.0,0.0
2009-08-07,9941.5,9941.5,9941.5,9941.5,9941.5,0,0.0,0.0
2009-08-10,9913.7998046875,9920.7001953125,9913.7998046875,9919.0,9919.0,0,0.0,0.0
2009-08-11,9923.0,9926.7998046875,9923.0,9926.7998046875,9926.7998046875,0,0.0,0.0
2009-08-12,9962.599609375,9962.599609375,9951.599609375,9952.900390625,9952.900390625,0,0.0,0.0
2009-08-13,9939.099609375,9944.7001953125,9937.7001953125,9944.7001953125,9944.7001953125,0,0.0,0.0
2009-08-14,9965.5,9965.5,9965.5,9965.5,9965.5,0,0.0,0.0
2009-08-17,10045.0,10045.0,10028.0,10030.0,10030.0,0,0.0,0.0
2009-08-18,10050.0,10050.0,10023.0,10023.0,10023.0,0,0.0,0.0
2009-08-19,9945.2001953125,9945.2001953125,9922.099609375,9926.7001953125,9926.7001953125,0,0.0,0.0
2009-08-20,10054.0,10054.0,10043.0,10050.0,10050.0,0,0.0,0.0
2009-08-21,9986.0,9986.0,9986.0,9986.0,9986.0,0,0.0,0.0
2009-08-24,10006.0,10011.0,10002.0,10006.0,10006.0,0,0.0,0.0
2009-08-25,9999.2998046875,10012.0,9998.7998046875,10011.0,10011.0,0,0.0,0.0
2009-08-26,10037.0,10046.0,10034.0,10046.0,10046.0,0,0.0,0.0
2009-08-27,10061.0,10063.0,10045.0,10048.0,10048.0,0,0.0,0.0
2009-08-28,10046.0,10046.0,10006.0,10006.0,10006.0,0,0.0,0.0
2009-08-31,10100.0,10101.0,10096.0,10101.0,10101.0,0,0.0,0.0
2009-09-01,10115.0,10129.0,10112.0,10124.0,10124.0,0,0.0,0.0
2009-09-02,10090.0,10091.0,10085.0,10090.0,10090.0,0,0.0,0.0
2009-09-03,10132.0,10135.0,10129.0,10133.0,10133.0,0,0.0,0.0
2009-09-04,10110.0,10110.0,10110.0,10110.0,10110.0,0,0.0,0.0
2009-09-07,10079.0,10083.0,10076.0,10083.0,10083.0,0,0.0,0.0
2009-09-08,9880.2001953125,9881.099609375,9875.900390625,9880.7001953125,9880.7001953125,0,0.0,0.0
2009-09-09,9910.2998046875,9916.7998046875,9909.2998046875,9916.099609375,9916.099609375,0,0.0,0.0
2009-09-10,9892.7001953125,9896.900390625,9891.599609375,9893.0,9893.0,0,0.0,0.0
2009-09-11,9894.0,9894.0,9894.0,9894.0,9894.0,0,0.0,0.0
2009-09-14,9857.7001953125,9863.599609375,9850.7998046875,9850.7998046875,9850.7998046875,0,0.0,0.0
2009-09-15,9838.0,9840.400390625,9830.2998046875,9833.2998046875,9833.2998046875,0,0.0,0.0
2009-09-16,9699.7998046875,9701.099609375,9690.2001953125,9697.7998046875,9697.7998046875,0,0.0,0.0
2009-09-17,9453.7998046875,9460.900390625,9451.900390625,9459.0,9459.0,0,0.0,0.0
2009-09-18,9688.7001953125,9688.7001953125,9688.7001953125,9688.7001953125,9688.7001953125,0,0.0,0.0
2009-09-21,9717.599609375,9720.0,9712.7998046875,9719.400390625,9719.400390625,0,0.0,0.0
2009-09-22,9688.2998046875,9688.400390625,9661.0,9679.2998046875,9679.2998046875,0,0.0,0.0
2009-09-23,9653.0,9655.900390625,9641.5,9641.5,9641.5,0,0.0,0.0
2009-09-24,9689.900390625,9710.099609375,9685.900390625,9690.5,9690.5,0,0.0,0.0
2009-09-25,9671.0,9671.0,9671.0,9671.0,9671.0,0,0.0,0.0
2009-09-28,9701.2001953125,9705.2998046875,9696.599609375,9705.2998046875,9705.2998046875,0,0.0,0.0
2009-09-29,9683.900390625,9687.2998046875,9676.599609375,9680.7001953125,9680.7001953125,0,0.0,0.0
2009-09-30,9628.0,9629.2001953125,9620.7998046875,9622.5,9622.5,0,0.0,0.0
2009-10-01,9714.2001953125,9732.5,9714.2001953125,9729.0,9729.0,0,0.0,0.0
2009-10-02,9631.599609375,9631.599609375,9540.0,9540.0,9540.0,0,0.0,0.0
2009-10-05,9584.2001953125,9584.2001953125,9577.099609375,9577.7001953125,9577.7001953125,0,0.0,0.0
2009-10-06,9539.2998046875,9541.099609375,9528.0,9537.7001953125,9537.7001953125,0,0.0,0.0
2009-10-07,9429.099609375,9429.099609375,9411.0,9414.7001953125,9414.7001953125,0,0.0,0.0
2009-10-08,9383.7001953125,9394.2001953125,9383.7001953125,9389.400390625,9389.400390625,0,0.0,0.0
2009-10-09,9401.900390625,9401.900390625,9401.900390625,9401.900390625,9401.900390625,0,0.0,0.0
2009-10-12,9368.900390625,9369.2001953125,9359.099609375,9364.099609375,9364.099609375,0,0.0,0.0
2009-10-13,9328.7998046875,9332.400390625,9324.400390625,9330.099609375,9330.099609375,0,0.0,0.0
2009-10-14,9351.599609375,9351.599609375,9346.599609375,9350.599609375,9350.599609375,0,0.0,0.0
2009-10-15,9316.2998046875,9321.5,9307.2998046875,9307.2998046875,9307.2998046875,0,0.0,0.0
2009-10-16,9379.400390625,9379.400390625,9379.400390625,9379.400390625,9379.400390625,0,0.0,0.0
2009-10-19,9387.099609375,9388.7001953125,9378.2998046875,9385.900390625,9385.900390625,0,0.0,0.0
2009-10-20,9361.7998046875,9367.5,9360.900390625,9360.900390625,9360.900390625,0,0.0,0.0
2009-10-21,9310.099609375,9315.7001953125,9306.7001953125,9315.7001953125,9315.7001953125,0,0.0,0.0
2009-10-22,9405.2998046875,9405.2998046875,9396.400390625,9398.599609375,9398.599609375,0,0.0,0.0
2009-10-23,9418.900390625,9418.900390625,9418.900390625,9418.900390625,9418.900390625,0,0.0,0.0
2009-10-26,9426.5,9521.099609375,9355.0,9513.099609375,9513.099609375,0,0.0,0.0
2009-10-27,9513.2998046875,9569.2998046875,9445.0,9539.400390625,9539.400390625,0,0.0,0.0
2009-10-28,9535.7998046875,9664.400390625,9513.0,9652.400390625,9652.400390625,0,0.0,0.0
2009-10-29,9652.099609375,9689.9501953125,9513.0,9573.099609375,9573.099609375,0,0.0,0.0
2009-10-30,9572.400390625,9642.2998046875,9455.0,9605.599609375,9605.599609375,0,0.0,0.0
2009-11-02,9619.2998046875,9624.9501953125,9533.400390625,9568.5,9568.5,0,0.0,0.0
2009-11-03,9566.7001953125,9663.099609375,9534.9501953125,9565.5,9565.5,0,0.0,0.0
2009-11-04,9569.400390625,9604.9501953125,9480.599609375,9504.2998046875,9504.2998046875,0,0.0,0.0
2009-11-05,9509.400390625,9538.7998046875,9469.099609375,9470.400390625,9470.400390625,0,0.0,0.0
2009-11-06,9473.900390625,9506.7998046875,9440.0,9456.099609375,9456.099609375,0,0.0,0.0
2009-11-09,9446.7998046875,9452.5,9300.0,9356.7998046875,9356.7998046875,0,0.0,0.0
2009-11-10,9357.599609375,9455.4501953125,9345.0,9372.2998046875,9372.2998046875,0,0.0,0.0
2009-11-11,9367.599609375,9423.4501953125,9338.099609375,9377.599609375,9377.599609375,0,0.0,0.0
2009-11-12,9378.5,9458.7001953125,9315.0,9430.900390625,9430.900390625,0,0.0,0.0
2009-11-13,9429.599609375,9444.7998046875,9302.2001953125,9318.400390625,9318.400390625,0,0.0,0.0
2009-11-16,9282.2001953125,9344.9501953125,9264.0,9317.2998046875,9317.2998046875,0,0.0,0.0
2009-11-17,9317.2001953125,9423.5,9295.0,9386.7001953125,9386.7001953125,0,0.0,0.0
2009-11-18,9388.099609375,9448.099609375,9310.0,9439.2998046875,9439.2998046875,0,0.0,0.0
2009-11-19,9437.7001953125,9543.900390625,9437.7001953125,9540.0,9540.0,0,0.0,0.0
2009-11-20,9542.2998046875,9609.7001953125,9380.0,9497.7001953125,9497.7001953125,0,0.0,0.0
2009-11-23,9489.7001953125,9492.900390625,9365.0,9455.2998046875,9455.2998046875,0,0.0,0.0
2009-11-24,9457.599609375,9510.0,9407.400390625,9419.2998046875,9419.2998046875,0,0.0,0.0
2009-11-25,9416.400390625,9463.4501953125,9338.7998046875,9374.599609375,9374.599609375,0,0.0,0.0
2009-11-26,9375.7001953125,9487.7998046875,9369.0,9471.7001953125,9471.7001953125,0,0.0,0.0
2009-11-27,9469.7001953125,9561.099609375,9315.0,9383.2001953125,9383.2001953125,0,0.0,0.0
2009-11-30,9377.099609375,9391.7998046875,9325.400390625,9353.599609375,9353.599609375,0,0.0,0.0
2009-12-01,9354.7998046875,9469.4501953125,9304.099609375,9321.400390625,9321.400390625,0,0.0,0.0
2009-12-02,9320.900390625,9443.900390625,9309.900390625,9423.900390625,9423.900390625,0,0.0,0.0
2009-12-03,9424.099609375,9446.9501953125,9382.7998046875,9430.099609375,9430.099609375,0,0.0,0.0
2009-12-04,9432.099609375,9582.7998046875,9396.0,9562.099609375,9562.099609375,0,0.0,0.0
2009-12-07,9550.2001953125,9625.2998046875,9335.0,9572.099609375,9572.099609375,0,0.0,0.0
2009-12-08,9576.0,9681.5,9345.0,9670.7998046875,9670.7998046875,0,0.0,0.0
2009-12-09,9667.5,9677.7001953125,9464.9501953125,9638.7001953125,9638.7001953125,0,0.0,0.0
2009-12-10,9639.0,9669.2001953125,9624.0,9644.7998046875,9644.7998046875,0,0.0,0.0
2009-12-11,9643.599609375,9737.099609375,9431.9501953125,9717.7998046875,9717.7998046875,0,0.0,0.0
2009-12-14,9479.4501953125,9479.4501953125,9355.0,9449.9501953125,9449.9501953125,0,0.0,0.0
2009-12-15,9464.9501953125,9517.900390625,9370.0,9504.5,9504.5,0,0.0,0.0
2009-12-16,9505.099609375,9526.7998046875,9473.0,9515.0,9515.0,0,0.0,0.0
2009-12-17,9514.599609375,9659.0,9388.0,9633.0,9633.0,0,0.0,0.0
2009-12-18,9635.7001953125,9689.400390625,9591.099609375,9633.0,9633.0,0,0.0,0.0
2009-12-21,9641.7001953125,9686.599609375,9617.400390625,9673.7998046875,9673.7998046875,0,0.0,0.0
2009-12-22,9674.599609375,9684.2998046875,9482.2001953125,9509.2998046875,9509.2998046875,0,0.0,0.0
2009-12-23,9509.2998046875,9520.400390625,9437.400390625,9474.2998046875,9474.2998046875,0,0.0,0.0
2009-12-24,9473.2998046875,9484.9501953125,9419.2998046875,9443.7001953125,9443.7001953125,0,0.0,0.0
2009-12-25,9442.400390625,9470.0,9406.099609375,9431.900390625,9431.900390625,0,0.0,0.0
2009-12-28,9447.900390625,9458.2998046875,9422.099609375,9447.900390625,9447.900390625,0,0.0,0.0
2009-12-29,9447.900390625,9475.2001953125,9376.2001953125,9388.2001953125,9388.2001953125,0,0.0,0.0
2009-12-30,9387.900390625,9431.900390625,9340.0,9417.400390625,9417.400390625,0,0.0,0.0
2009-12-31,9416.599609375,9436.5,9354.2998046875,9427.2001953125,9427.2001953125,0,0.0,0.0
2010-01-01,9427.2001953125,9427.2001953125,9378.099609375,9385.599609375,9385.599609375,0,0.0,0.0
2010-01-04,9434.7998046875,9469.900390625,9240.0,9364.2001953125,9364.2001953125,0,0.0,0.0
2010-01-05,9362.5,9382.7001953125,9200.0,9305.2001953125,9305.2001953125,0,0.0,0.0
2010-01-06,9303.5,9354.7001953125,9153.0,9218.099609375,9218.099609375,0,0.0,0.0
2010-01-07,9217.2001953125,9280.599609375,9135.0,9272.5,9272.5,0,0.0,0.0
2010-01-08,9270.7998046875,9303.900390625,9110.0,9212.7001953125,9212.7001953125,0,0.0,0.0
2010-01-11,9178.0,9178.0,9030.0,9148.099609375,9148.099609375,0,0.0,0.0
2010-01-12,9152.0,9189.9501953125,9056.0,9171.0,9171.0,0,0.0,0.0
2010-01-13,9172.599609375,9204.9501953125,9070.0,9141.0,9141.0,0,0.0,0.0
2010-01-14,9141.2998046875,9179.900390625,9052.0,9155.7998046875,9155.7998046875,0,0.0,0.0
2010-01-15,9156.5,9257.599609375,9095.0,9226.099609375,9226.099609375,0,0.0,0.0
2010-01-18,9214.9501953125,9231.9501953125,9130.0,9130.0,9130.0,0,0.0,0.0
2010-01-19,9232.4501953125,9233.0,9134.0,9229.9501953125,9229.9501953125,0,0.0,0.0
2010-01-20,9257.4501953125,9330.0,9215.0,9294.9501953125,9294.9501953125,0,0.0,0.0
2010-01-21,9337.4501953125,9337.4501953125,9183.0,9183.0,9183.0,0,0.0,0.0
2010-01-22,9183.0,9396.4501953125,9183.0,9240.0,9240.0,0,0.0,0.0
2010-01-25,9359.9501953125,9364.9501953125,9235.0,9319.9501953125,9319.9501953125,0,0.0,0.0
2010-01-26,9314.9501953125,9379.9501953125,9280.0,9379.9501953125,9379.9501953125,0,0.0,0.0
2010-01-27,9389.9501953125,9399.9501953125,9295.0,9399.9501953125,9399.9501953125,0,0.0,0.0
2010-01-28,9399.9501953125,9402.4501953125,9250.0,9324.9501953125,9324.9501953125,0,0.0,0.0
2010-01-29,9359.9501953125,9374.9501953125,9250.0,9250.0,9250.0,0,0.0,0.0
2010-02-01,9359.9501953125,9397.4501953125,9250.0,9256.400390625,9256.400390625,0,0.0,0.0
2010-02-02,9260.099609375,9379.9501953125,9236.2001953125,9313.7001953125,9313.7001953125,0,0.0,0.0
2010-02-03,9313.400390625,9373.400390625,9190.0,9364.599609375,9364.599609375,0,0.0,0.0
2010-02-04,9363.7998046875,9446.2001953125,9230.0,9386.900390625,9386.900390625,0,0.0,0.0
2010-02-05,9386.599609375,9664.9501953125,9285.0,9468.099609375,9468.099609375,0,0.0,0.0
2010-02-08,9490.599609375,9504.900390625,9295.0,9484.5,9484.5,0,0.0,0.0
2010-02-09,9485.7001953125,9487.4501953125,8867.7998046875,9339.2998046875,9339.2998046875,0,0.0,0.0
2010-02-10,9339.2998046875,9408.5,9260.0,9314.400390625,9314.400390625,0,0.0,0.0
2010-02-11,9314.0,9417.7998046875,9264.0,9330.099609375,9330.099609375,0,0.0,0.0
2010-02-12,9326.0,9431.2001953125,9230.0,9323.7001953125,9323.7001953125,0,0.0,0.0
2010-02-15,9326.7001953125,9360.400390625,9244.0,9344.7998046875,9344.7998046875,0,0.0,0.0
2010-02-16,9347.099609375,9352.099609375,9222.0,9292.900390625,9292.900390625,0,0.0,0.0
2010-02-17,9292.400390625,9411.099609375,9170.0,9400.599609375,9400.599609375,0,0.0,0.0
2010-02-18,9397.7998046875,9508.2001953125,9213.0,9499.7998046875,9499.7998046875,0,0.0,0.0
2010-02-19,9494.7998046875,9503.599609375,9255.0,9292.2001953125,9292.2001953125,0,0.0,0.0
2010-02-22,9282.0,9314.400390625,9195.0,9281.7001953125,9281.7001953125,0,0.0,0.0
2010-02-23,9278.900390625,9359.2998046875,9203.0,9341.7998046875,9341.7998046875,0,0.0,0.0
2010-02-24,9342.5,9367.5,9205.0,9352.2998046875,9352.2998046875,0,0.0,0.0
2010-02-25,9350.2998046875,9414.599609375,9243.0,9335.2001953125,9335.2001953125,0,0.0,0.0
2010-02-26,9334.0,9358.900390625,9235.0,9340.0,9340.0,0,0.0,0.0
2010-03-01,9332.7998046875,9452.7001953125,9165.0,9385.099609375,9385.099609375,0,0.0,0.0
2010-03-02,9387.2998046875,9475.599609375,9184.400390625,9184.400390625,9184.400390625,0,0.0,0.0
2010-03-03,9184.0,9330.9501953125,9109.2998046875,9149.2998046875,9149.2998046875,0,0.0,0.0
2010-03-04,9151.0,9345.2001953125,9142.400390625,9328.900390625,9328.900390625,0,0.0,0.0
2010-03-05,9328.2001953125,9361.599609375,8895.7001953125,8898.400390625,8898.400390625,0,0.0,0.0
2010-03-08,8888.0,9209.9501953125,8850.900390625,9180.0,9180.0,0,0.0,0.0
2010-03-09,9180.0,9231.599609375,9099.0,9173.099609375,9173.099609375,0,0.0,0.0
2010-03-10,9170.099609375,9208.2998046875,9065.0,9169.900390625,9169.900390625,0,0.0,0.0
2010-03-11,9167.5,9239.9501953125,9095.0,9152.900390625,9152.900390625,0,0.0,0.0
2010-03-12,9153.0,9191.4501953125,9060.0,9144.7001953125,9144.7001953125,0,0.0,0.0
2010-03-15,9140.400390625,9226.599609375,9065.0,9205.900390625,9205.900390625,0,0.0,0.0
2010-03-16,9207.599609375,9216.7001953125,9065.0,9151.7998046875,9151.7998046875,0,0.0,0.0
2010-03-17,9151.400390625,9176.7001953125,9007.0,9099.5,9099.5,0,0.0,0.0
2010-03-18,9099.599609375,9196.2001953125,9018.0,9120.2998046875,9120.2998046875,0,0.0,0.0
2010-03-19,9120.599609375,9191.900390625,9005.0,9110.400390625,9110.400390625,0,0.0,0.0
2010-03-22,9124.5,9154.400390625,9021.0,9115.400390625,9115.400390625,0,0.0,0.0
2010-03-23,9114.099609375,9174.2001953125,9010.0,9144.599609375,9144.599609375,0,0.0,0.0
2010-03-24,9143.7998046875,9232.7001953125,9017.0,9114.7001953125,9114.7001953125,0,0.0,0.0
2010-03-25,9115.7998046875,9156.0,9017.0,9132.599609375,9132.599609375,0,0.0,0.0
2010-03-26,9131.900390625,9137.9501953125,9020.0,9112.900390625,9112.900390625,0,0.0,0.0
2010-03-29,9087.599609375,9116.4501953125,8989.0,9073.0,9073.0,0,0.0,0.0
2010-03-30,9074.400390625,9129.2998046875,8970.0,9075.400390625,9075.400390625,0,0.0,0.0
2010-03-31,9073.400390625,9163.9501953125,9000.099609375,9103.0,9103.0,0,0.0,0.0
2010-04-01,9101.900390625,9131.7998046875,8962.0,9041.400390625,9041.400390625,0,0.0,0.0
2010-04-02,9040.400390625,9112.5,8972.0,9094.900390625,9094.900390625,0,0.0,0.0
2010-04-05,9100.2998046875,9122.2998046875,8972.0,9052.7998046875,9052.7998046875,0,0.0,0.0
2010-04-06,9052.2998046875,9141.2998046875,8945.0,9037.2998046875,9037.2998046875,0,0.0,0.0
2010-04-07,9037.7001953125,9083.7001953125,8938.0,9054.5,9054.5,0,0.0,0.0
2010-04-08,9056.5,9096.400390625,8968.0,9057.7001953125,9057.7001953125,0,0.0,0.0
2010-04-09,9057.2001953125,9068.7998046875,8928.0,8992.900390625,8992.900390625,0,0.0,0.0
2010-04-12,8903.900390625,9024.7998046875,8870.7001953125,9011.0,9011.0,0,0.0,0.0
2010-04-13,9011.2998046875,9038.5,8935.0,9009.5,9009.5,0,0.0,0.0
2010-04-14,9005.0,9016.2998046875,8911.0,9011.400390625,9011.400390625,0,0.0,0.0
2010-04-15,9011.400390625,9097.599609375,8906.0,9001.099609375,9001.099609375,0,0.0,0.0
2010-04-16,8999.7998046875,9049.599609375,8916.0,9006.099609375,9006.099609375,0,0.0,0.0
2010-04-19,9014.7998046875,9060.099609375,8933.0,9016.400390625,9016.400390625,0,0.0,0.0
2010-04-20,9016.099609375,9048.2001953125,8920.0,9017.7998046875,9017.7998046875,0,0.0,0.0
2010-04-21,9018.099609375,9064.400390625,8910.0,9023.2998046875,9023.2998046875,0,0.0,0.0
2010-04-22,9023.2998046875,9105.599609375,8920.0,9104.2998046875,9104.2998046875,0,0.0,0.0
2010-04-23,9104.0,9149.2998046875,8914.0,9004.0,9004.0,0,0.0,0.0
2010-04-26,9020.900390625,9061.5,8905.0,8961.900390625,8961.900390625,0,0.0,0.0
2010-04-27,8959.7001953125,9113.2001953125,8906.0,9096.099609375,9096.099609375,0,0.0,0.0
2010-04-28,9095.400390625,9109.900390625,8924.0,9022.400390625,9022.400390625,0,0.0,0.0
2010-04-29,9022.7998046875,9039.900390625,8924.0,9002.5,9002.5,0,0.0,0.0
2010-04-30,9001.900390625,9047.7001953125,8912.0,9028.7001953125,9028.7001953125,0,0.0,0.0
2010-05-03,9011.5,9122.7001953125,8929.0,9021.099609375,9021.099609375,0,0.0,0.0
2010-05-04,9019.7001953125,9117.7001953125,8923.0,9069.7001953125,9069.7001953125,0,0.0,0.0
2010-05-05,9069.5,9183.2001953125,9000.0,9116.5,9116.5,0,0.0,0.0
2010-05-06,9114.900390625,9353.7998046875,9087.7998046875,9273.400390625,9273.400390625,0,0.0,0.0
2010-05-07,9272.2998046875,9299.9501953125,9090.0,9220.2998046875,9220.2998046875,0,0.0,0.0
2010-05-10,9131.5,9214.099609375,8975.0,9203.2001953125,9203.2001953125,0,0.0,0.0
2010-05-11,9202.599609375,9280.2001953125,8989.0,9186.7001953125,9186.7001953125,0,0.0,0.0
2010-05-12,9181.599609375,9201.2001953125,8985.0,9179.0,9179.0,0,0.0,0.0
2010-05-13,9183.0,9250.400390625,8985.0,9103.7001953125,9103.7001953125,0,0.0,0.0
2010-05-14,9104.2998046875,9228.0,8990.0,9104.2001953125,9104.2001953125,0,0.0,0.0
2010-05-17,9095.7001953125,9191.099609375,9030.0,9078.7998046875,9078.7998046875,0,0.0,0.0
2010-05-18,9081.0,9297.599609375,9005.0,9283.5,9283.5,0,0.0,0.0
2010-05-19,9280.099609375,9308.2001953125,9055.0,9123.900390625,9123.900390625,0,0.0,0.0
2010-05-20,9125.0,9236.900390625,9038.5,9121.099609375,9121.099609375,0,0.0,0.0
2010-05-21,9121.5,9342.4501953125,8988.2998046875,9260.599609375,9260.599609375,0,0.0,0.0
2010-05-24,9282.7998046875,9418.2998046875,9230.0,9282.400390625,9282.400390625,0,0.0,0.0
2010-05-25,9283.400390625,9544.7001953125,9253.099609375,9283.900390625,9283.900390625,0,0.0,0.0
2010-05-26,9283.7001953125,9391.099609375,9235.0,9376.2001953125,9376.2001953125,0,0.0,0.0
2010-05-27,9379.599609375,9383.599609375,9135.0,9215.0,9215.0,0,0.0,0.0
2010-05-28,9216.5,9300.099609375,9140.599609375,9295.599609375,9295.599609375,0,0.0,0.0
2010-05-31,9291.7998046875,9296.0,9062.0,9284.599609375,9284.599609375,0,0.0,0.0
2010-06-01,9285.0,9415.599609375,9105.0,9245.099609375,9245.099609375,0,0.0,0.0
2010-06-02,9244.0,9282.2998046875,9125.0,9242.099609375,9242.099609375,0,0.0,0.0
2010-06-03,9242.2998046875,9277.2998046875,9085.0,9237.5,9237.5,0,0.0,0.0
2010-06-04,9235.900390625,9363.5,9080.0,9282.7001953125,9282.7001953125,0,0.0,0.0
2010-06-07,9308.0,9352.099609375,9155.0,9318.099609375,9318.099609375,0,0.0,0.0
2010-06-08,9320.099609375,9332.599609375,9150.0,9223.400390625,9223.400390625,0,0.0,0.0
2010-06-09,9224.2001953125,9295.2998046875,9146.599609375,9281.2001953125,9281.2001953125,0,0.0,0.0
2010-06-10,9283.599609375,9308.0,9145.0,9193.400390625,9193.400390625,0,0.0,0.0
2010-06-11,9194.900390625,9241.599609375,9100.0,9196.599609375,9196.599609375,0,0.0,0.0
2010-06-14,9169.2998046875,9208.900390625,9056.7998046875,9205.2001953125,9205.2001953125,0,0.0,0.0
2010-06-15,9205.7001953125,9240.599609375,9080.0,9141.0,9141.0,0,0.0,0.0
2010-06-16,9141.5,9182.7001953125,9058.0,9163.2998046875,9163.2998046875,0,0.0,0.0
2010-06-17,9161.7998046875,9210.400390625,9053.0,9142.900390625,9142.900390625,0,0.0,0.0
2010-06-18,9141.2001953125,9158.900390625,9018.0,9071.5,9071.5,0,0.0,0.0
2010-06-21,9059.0,9113.7998046875,8910.0,8997.900390625,8997.900390625,0,0.0,0.0
2010-06-22,8997.0,9039.0,8925.0,9012.0,9012.0,0,0.0,0.0
2010-06-23,9013.5,9069.9501953125,8945.0,8979.5,8979.5,0,0.0,0.0
2010-06-24,8978.400390625,9076.7001953125,8931.2001953125,9065.5,9065.5,0,0.0,0.0
2010-06-25,9068.7998046875,9125.7998046875,8955.0,9065.599609375,9065.599609375,0,0.0,0.0
2010-06-28,9060.400390625,9108.099609375,8923.0,9059.099609375,9059.099609375,0,0.0,0.0
2010-06-29,9060.5,9150.0,8940.0,9077.099609375,9077.099609375,0,0.0,0.0
2010-06-30,9074.5,9090.2001953125,8975.0,9044.7998046875,9044.7998046875,0,0.0,0.0
2010-07-01,9043.7001953125,9068.900390625,8870.900390625,9035.7001953125,9035.7001953125,0,0.0,0.0
2010-07-02,9036.599609375,9088.7001953125,8955.0,9062.7001953125,9062.7001953125,0,0.0,0.0
2010-07-05,9071.5,9104.7001953125,8963.0,9085.099609375,9085.099609375,0,0.0,0.0
2010-07-06,9083.5,9122.599609375,8960.0,9023.599609375,9023.599609375,0,0.0,0.0
2010-07-07,9027.5,9080.099609375,8970.0,9060.2998046875,9060.2998046875,0,0.0,0.0
2010-07-08,9059.7001953125,9072.4501953125,8970.0,9044.900390625,9044.900390625,0,0.0,0.0
2010-07-09,9044.599609375,9099.400390625,8960.0,9034.099609375,9034.099609375,0,0.0,0.0
2010-07-12,9031.599609375,9098.2001953125,8951.0,9072.099609375,9072.099609375,0,0.0,0.0
2010-07-13,9071.7998046875,9118.400390625,8953.0,8977.900390625,8977.900390625,0,0.0,0.0
2010-07-14,8977.2998046875,9050.4501953125,8940.7001953125,9018.7998046875,9018.7998046875,0,0.0,0.0
2010-07-15,9019.400390625,9074.0,8897.0,9037.400390625,9037.400390625,0,0.0,0.0
2010-07-16,9041.2001953125,9080.7001953125,8950.0,9034.0,9034.0,0,0.0,0.0
2010-07-19,9053.2001953125,9079.5,8965.0,9079.5,9079.5,0,0.0,0.0
2010-07-20,9072.2001953125,9139.400390625,8958.0,9037.7001953125,9037.7001953125,0,0.0,0.0
2010-07-21,9036.2998046875,9113.599609375,8953.0,9090.599609375,9090.599609375,0,0.0,0.0
2010-07-22,9090.599609375,9108.0,8963.0,8995.5,8995.5,0,0.0,0.0
2010-07-23,8995.5,9065.7998046875,8949.0,8977.5,8977.5,0,0.0,0.0
2010-07-26,8993.0,9042.9501953125,8912.0,8917.099609375,8917.099609375,0,0.0,0.0
2010-07-27,8920.900390625,9022.4501953125,8885.2001953125,8921.900390625,8921.900390625,0,0.0,0.0
2010-07-28,8920.900390625,9039.7001953125,8889.7001953125,9025.0,9025.0,0,0.0,0.0
2010-07-29,9023.0,9033.2998046875,8875.0,8970.599609375,8970.599609375,0,0.0,0.0
2010-07-30,8971.2998046875,9035.2001953125,8852.0,8923.599609375,8923.599609375,0,0.0,0.0
2010-08-02,8909.900390625,8947.4501953125,8818.7001953125,8831.7998046875,8831.7998046875,0,0.0,0.0
2010-08-03,8832.5,8945.0,8775.599609375,8798.2998046875,8798.2998046875,0,0.0,0.0
2010-08-04,8798.099609375,8947.4501953125,8789.400390625,8798.099609375,8798.099609375,0,0.0,0.0
2010-08-05,8940.099609375,8966.2001953125,8838.0,8942.099609375,8942.099609375,0,0.0,0.0
2010-08-06,8927.400390625,8943.4501953125,8833.5,8925.7998046875,8925.7998046875,0,0.0,0.0
2010-08-09,8863.2998046875,8935.0,8831.0,8863.5,8863.5,0,0.0,0.0
2010-08-10,8937.0,9034.2998046875,8855.0,8935.599609375,8935.599609375,0,0.0,0.0
2010-08-11,8881.7998046875,9093.7001953125,8872.0,8883.2998046875,8883.2998046875,0,0.0,0.0
2010-08-12,9005.099609375,9044.7998046875,8904.0,9005.7001953125,9005.7001953125,0,0.0,0.0
2010-08-13,9027.5,9078.2001953125,8869.0,9026.7998046875,9026.7998046875,0,0.0,0.0
2010-08-16,8954.599609375,8992.4501953125,8880.0,8954.7001953125,8954.7001953125,0,0.0,0.0
2010-08-17,8925.099609375,8929.599609375,8856.7001953125,8924.599609375,8924.599609375,0,0.0,0.0
2010-08-18,8879.7998046875,8974.9501953125,8853.400390625,8880.2001953125,8880.2001953125,0,0.0,0.0
2010-08-19,8894.7001953125,8969.9501953125,8863.0,8896.099609375,8896.099609375,0,0.0,0.0
2010-08-20,8929.099609375,9024.900390625,8867.0,8928.599609375,8928.599609375,0,0.0,0.0
2010-08-23,8999.2998046875,9014.599609375,8867.0,8997.900390625,8997.900390625,0,0.0,0.0
2010-08-24,8867.0,8977.0,8867.0,8867.0,8867.0,0,0.0,0.0
2010-08-25,8973.4501953125,8977.4501953125,8878.0,8977.4501953125,8977.4501953125,0,0.0,0.0
2010-08-26,8979.9501953125,8990.0,8879.0,8878.0,8878.0,0,0.0,0.0
2010-08-27,8986.9501953125,9010.0,8887.0,8987.4501953125,8987.4501953125,0,0.0,0.0
2010-08-30,9017.4501953125,9017.4501953125,8918.0,9014.9501953125,9014.9501953125,0,0.0,0.0
2010-08-31,9029.9501953125,9045.4501953125,8949.0,8918.0,8918.0,0,0.0,0.0
2010-09-01,9014.7001953125,9035.9501953125,8899.5,9014.2001953125,9014.2001953125,0,0.0,0.0
2010-09-02,9005.7001953125,9020.5,8908.0,9004.900390625,9004.900390625,0,0.0,0.0
2010-09-03,8990.599609375,9017.4501953125,8904.0,8991.0,8991.0,0,0.0,0.0
2010-09-06,8982.0,8998.7001953125,8886.0,8982.2998046875,8982.2998046875,0,0.0,0.0
2010-09-07,9000.099609375,9115.2001953125,8915.0,8999.2001953125,8999.2001953125,0,0.0,0.0
2010-09-08,9032.0,9037.900390625,8903.0,9032.0,9032.0,0,0.0,0.0
2010-09-09,9005.900390625,9050.0,8900.0,9005.900390625,9005.900390625,0,0.0,0.0
2010-09-10,9035.5,9066.2998046875,8900.0,9032.900390625,9032.900390625,0,0.0,0.0
2010-09-13,9013.7001953125,9016.2001953125,8900.0,9016.900390625,9016.900390625,0,0.0,0.0
2010-09-14,8996.900390625,9025.400390625,8858.0,8997.7001953125,8997.7001953125,0,0.0,0.0
2010-09-15,8988.400390625,9010.599609375,8876.0,8987.2998046875,8987.2998046875,0,0.0,0.0
2010-09-16,8975.2998046875,8999.7001953125,8886.0,8974.599609375,8974.599609375,0,0.0,0.0
2010-09-17,8933.400390625,8986.4501953125,8879.400390625,8931.0,8931.0,0,0.0,0.0
2010-09-20,8971.7001953125,8982.4501953125,8878.0,8970.7001953125,8970.7001953125,0,0.0,0.0
2010-09-21,8980.7998046875,8987.5,8868.0,8982.400390625,8982.400390625,0,0.0,0.0
2010-09-22,8877.7998046875,8960.4501953125,8762.5,8875.2998046875,8875.2998046875,0,0.0,0.0
2010-09-23,8917.0,8969.0,8853.0,8918.400390625,8918.400390625,0,0.0,0.0
2010-09-24,8966.2998046875,8985.900390625,8853.0,8965.599609375,8965.599609375,0,0.0,0.0
2010-09-27,8858.900390625,8953.4501953125,8845.7998046875,8859.400390625,8859.400390625,0,0.0,0.0
2010-09-28,8971.400390625,9005.7001953125,8851.0,8971.400390625,8971.400390625,0,0.0,0.0
2010-09-29,8954.7998046875,8956.2001953125,8838.0,8952.2001953125,8952.2001953125,0,0.0,0.0
2010-09-30,8930.7001953125,8969.599609375,8822.0,8931.7998046875,8931.7998046875,0,0.0,0.0
2010-10-01,8934.099609375,8937.400390625,8823.0,8934.7001953125,8934.7001953125,0,0.0,0.0
2010-10-04,8921.0,8992.7998046875,8822.0,8920.099609375,8920.099609375,0,0.0,0.0
2010-10-05,8933.0,8955.2001953125,8821.7001953125,8933.0,8933.0,0,0.0,0.0
2010-10-06,8829.400390625,8924.9501953125,8778.2001953125,8829.7001953125,8829.7001953125,0,0.0,0.0
2010-10-07,8870.5,8925.9501953125,8808.900390625,8871.5,8871.5,0,0.0,0.0
2010-10-08,8914.2001953125,8960.099609375,8823.0,8912.900390625,8912.900390625,0,0.0,0.0
2010-10-11,8882.2001953125,8941.400390625,8823.0,8887.0,8887.0,0,0.0,0.0
2010-10-12,8995.900390625,9056.400390625,8830.0,8995.2998046875,8995.2998046875,0,0.0,0.0
2010-10-13,8911.599609375,8928.0,8825.0,8910.2998046875,8910.2998046875,0,0.0,0.0
2010-10-14,8877.599609375,8910.900390625,8785.2998046875,8878.099609375,8878.099609375,0,0.0,0.0
2010-10-15,8906.400390625,8951.2001953125,8823.0,8904.2001953125,8904.2001953125,0,0.0,0.0
2010-10-18,8945.400390625,9030.400390625,8831.0,8949.0,8949.0,0,0.0,0.0
2010-10-19,8947.7001953125,9051.7998046875,8826.0,8948.7998046875,8948.7998046875,0,0.0,0.0
2010-10-20,8962.900390625,8989.099609375,8806.7998046875,8965.400390625,8965.400390625,0,0.0,0.0
2010-10-21,8819.400390625,8937.4501953125,8768.2001953125,8820.0,8820.0,0,0.0,0.0
2010-10-22,8849.5,8937.4501953125,8816.099609375,8849.5,8849.5,0,0.0,0.0
2010-10-25,8910.2998046875,8928.4501953125,8823.7001953125,8908.2998046875,8908.2998046875,0,0.0,0.0
2010-10-26,8941.599609375,8993.2001953125,8810.0,8933.599609375,8933.599609375,0,0.0,0.0
2010-10-27,8914.400390625,8973.2998046875,8835.0,8913.7001953125,8913.7001953125,0,0.0,0.0
2010-10-28,8925.2998046875,8937.9501953125,8832.900390625,8923.7998046875,8923.7998046875,0,0.0,0.0
2010-10-29,8925.2998046875,8932.0,8823.400390625,8923.7998046875,8923.7998046875,0,0.0,0.0
2010-11-01,891.9000244140625,8932.900390625,885.780029296875,888.1099853515625,888.1099853515625,0,0.0,0.0
2010-11-02,8907.900390625,8927.9501953125,8820.900390625,8906.7001953125,8906.7001953125,0,0.0,0.0
2010-11-03,8830.099609375,8854.099609375,8813.900390625,8827.900390625,8827.900390625,0,0.0,0.0
2010-11-04,8768.0,8908.9501953125,8688.400390625,8772.599609375,8772.599609375,0,0.0,0.0
2010-11-05,8902.4501953125,8904.9501953125,8794.099609375,8909.9501953125,8909.9501953125,0,0.0,0.0
2010-11-08,8900.9501953125,8914.4501953125,8792.900390625,8900.0,8900.0,0,0.0,0.0
2010-11-09,8913.4501953125,8913.4501953125,8795.2998046875,8904.4501953125,8904.4501953125,0,0.0,0.0
2010-11-10,8907.4501953125,8912.4501953125,8779.0,8805.0,8805.0,0,0.0,0.0
2010-11-11,8886.4501953125,8895.0,8769.2001953125,8779.599609375,8779.599609375,0,0.0,0.0
2010-11-12,8909.9501953125,8925.0,8814.0,8798.0,8798.0,0,0.0,0.0
2010-11-15,8930.4501953125,8950.0,8772.2998046875,8924.4501953125,8924.4501953125,0,0.0,0.0
2010-11-16,8971.9501953125,8971.9501953125,8834.400390625,8967.4501953125,8967.4501953125,0,0.0,0.0
2010-11-17,8846.0,8846.0,8834.2998046875,8856.0,8856.0,0,0.0,0.0
2010-11-18,8969.9501953125,8969.9501953125,8832.2001953125,8846.0,8846.0,0,0.0,0.0
2010-11-19,8936.4501953125,8938.9501953125,8806.599609375,8843.0,8843.0,0,0.0,0.0
2010-11-22,8927.4501953125,8928.0,8819.900390625,8748.2001953125,8748.2001953125,0,0.0,0.0
2010-11-23,8939.9501953125,8970.0,8860.2001953125,8929.4501953125,8929.4501953125,0,0.0,0.0
2010-11-24,8989.9501953125,8989.9501953125,8832.099609375,8966.2998046875,8966.2998046875,0,0.0,0.0
2010-11-25,8957.4501953125,8969.9501953125,8854.900390625,8962.4501953125,8962.4501953125,0,0.0,0.0
2010-11-26,8964.9501953125,8995.0,8874.900390625,8967.4501953125,8967.4501953125,0,0.0,0.0
2010-11-29,9042.9501953125,9042.9501953125,8900.599609375,9000.0,9000.0,0,0.0,0.0
2010-11-30,9027.4501953125,9034.9501953125,8918.7001953125,9015.4501953125,9015.4501953125,0,0.0,0.0
2010-12-01,9038.4501953125,9041.4501953125,8901.2998046875,9033.9501953125,9033.9501953125,0,0.0,0.0
2010-12-02,9004.9501953125,9024.4501953125,8900.2001953125,9018.4501953125,9018.4501953125,0,0.0,0.0
2010-12-03,9009.9501953125,9018.4501953125,8904.7998046875,8916.0,8916.0,0,0.0,0.0
2010-12-06,9002.4501953125,9010.9501953125,8890.5,9017.4501953125,9017.4501953125,0,0.0,0.0
2010-12-07,9005.0,9005.0,8881.400390625,9009.9501953125,9009.9501953125,0,0.0,0.0
2010-12-08,9018.4501953125,9021.0,8907.099609375,8990.0,8990.0,0,0.0,0.0
2010-12-09,9013.9501953125,9015.4501953125,8888.099609375,9020.0,9020.0,0,0.0,0.0
2010-12-10,9014.9501953125,9016.9501953125,8833.599609375,9018.0,9018.0,0,0.0,0.0
2010-12-13,9022.4501953125,9022.4501953125,8879.599609375,9021.9501953125,9021.9501953125,0,0.0,0.0
2010-12-14,9014.9501953125,9014.9501953125,8872.599609375,9015.0,9015.0,0,0.0,0.0
2010-12-15,9015.4501953125,9019.4501953125,8909.7001953125,9009.4501953125,9009.4501953125,0,0.0,0.0
2010-12-16,9034.9501953125,9038.9501953125,8921.2001953125,9022.4501953125,9022.4501953125,0,0.0,0.0
2010-12-17,9039.9501953125,9039.9501953125,8920.2998046875,8938.0,8938.0,0,0.0,0.0
2010-12-20,9042.4501953125,9048.0,8928.900390625,9034.4501953125,9034.4501953125,0,0.0,0.0
2010-12-21,9044.4501953125,9044.4501953125,8928.2001953125,8943.0,8943.0,0,0.0,0.0
2010-12-22,9048.9501953125,9051.9501953125,8883.5,9041.9501953125,9041.9501953125,0,0.0,0.0
2010-12-23,9047.9501953125,9048.4501953125,8927.7998046875,9041.599609375,9041.599609375,0,0.0,0.0
2010-12-24,9037.0,9037.0,8841.2998046875,9038.900390625,9038.900390625,0,0.0,0.0
2010-12-27,9037.4501953125,9041.4501953125,8939.0,9041.9501953125,9041.9501953125,0,0.0,0.0
2010-12-28,9036.4501953125,9036.4501953125,8903.2001953125,8939.0,8939.0,0,0.0,0.0
2010-12-29,9019.9501953125,9019.9501953125,8911.0,9017.4501953125,9017.4501953125,0,0.0,0.0
2010-12-30,8984.9501953125,8987.0,8879.099609375,9001.4501953125,9001.4501953125,0,0.0,0.0
2010-12-31,8997.4501953125,9005.0,8835.5,8886.0,8886.0,0,0.0,0.0
2011-01-03,8975.0,8980.0,8855.900390625,9009.9501953125,9009.9501953125,0,0.0,0.0
2011-01-04,8979.9501953125,8980.0,8860.0,8989.9501953125,8989.9501953125,0,0.0,0.0
2011-01-05,8980.9501953125,8990.9501953125,8856.599609375,8886.0,8886.0,0,0.0,0.0
2011-01-06,8990.4501953125,8996.4501953125,8882.2998046875,8983.9501953125,8983.9501953125,0,0.0,0.0
2011-01-07,9005.4501953125,9015.0,8907.0,9015.7998046875,9015.7998046875,0,0.0,0.0
2011-01-10,9024.9501953125,9055.0,8955.0,9027.4501953125,9027.4501953125,0,0.0,0.0
2011-01-11,9081.4501953125,9088.9501953125,8913.7998046875,9050.9501953125,9050.9501953125,0,0.0,0.0
2011-01-12,9043.9501953125,9049.4501953125,8843.7001953125,8935.7001953125,8935.7001953125,0,0.0,0.0
2011-01-13,9024.9501953125,9039.9501953125,8903.0,9040.0,9040.0,0,0.0,0.0
2011-01-14,9062.4501953125,9064.4501953125,8939.900390625,9049.9501953125,9049.9501953125,0,0.0,0.0
2011-01-17,9065.0,9065.0,8947.5,8901.7998046875,8901.7998046875,0,0.0,0.0
2011-01-18,9064.9501953125,9069.4501953125,8941.900390625,9060.0,9060.0,0,0.0,0.0
2011-01-19,9047.4501953125,9049.9501953125,8938.7001953125,9053.9501953125,9053.9501953125,0,0.0,0.0
2011-01-20,9067.9501953125,9069.4501953125,8948.7001953125,8948.0,8948.0,0,0.0,0.0
2011-01-21,8916.599609375,9060.0,8851.2001953125,8911.2001953125,8911.2001953125,0,0.0,0.0
2011-01-24,9059.9501953125,9062.4501953125,8952.2001953125,8947.599609375,8947.599609375,0,0.0,0.0
2011-01-25,9053.9501953125,9053.9501953125,8927.599609375,9050.0,9050.0,0,0.0,0.0
2011-01-26,9042.4501953125,9042.4501953125,8923.2998046875,9036.4501953125,9036.4501953125,0,0.0,0.0
2011-01-27,9029.9501953125,9033.4501953125,8908.900390625,8920.599609375,8920.599609375,0,0.0,0.0
2011-01-28,9034.9501953125,9035.4501953125,8918.400390625,9026.9501953125,9026.9501953125,0,0.0,0.0
2011-01-31,9059.9501953125,9061.9501953125,8938.2001953125,8935.599609375,8935.599609375,0,0.0,0.0
2011-02-01,9039.9501953125,9044.9501953125,8929.099609375,8958.0,8958.0,0,0.0,0.0
2011-02-02,9007.4501953125,9020.4501953125,8912.2998046875,9000.0,9000.0,0,0.0,0.0
2011-02-03,9020.0,9020.0,8851.5,9020.9501953125,9020.9501953125,0,0.0,0.0
2011-02-04,9029.9501953125,9032.4501953125,8881.2998046875,8921.0,8921.0,0,0.0,0.0
2011-02-07,8985.4501953125,8987.9501953125,8841.400390625,8852.2998046875,8852.2998046875,0,0.0,0.0
2011-02-08,8934.9501953125,8934.9501953125,8803.0,8823.599609375,8823.599609375,0,0.0,0.0
2011-02-09,8914.9501953125,8932.0,8820.0,8900.0,8900.0,0,0.0,0.0
2011-02-10,8937.4501953125,8937.4501953125,8817.099609375,8929.9501953125,8929.9501953125,0,0.0,0.0
2011-02-11,8933.4501953125,8937.4501953125,8822.5,8925.0,8925.0,0,0.0,0.0
2011-02-14,8922.4501953125,8922.4501953125,8800.599609375,8763.7001953125,8763.7001953125,0,0.0,0.0
2011-02-15,8914.4501953125,8914.4501953125,8803.400390625,8914.4501953125,8914.4501953125,0,0.0,0.0
2011-02-16,8900.4501953125,8903.4501953125,8783.5,8815.0,8815.0,0,0.0,0.0
2011-02-17,8882.4501953125,8885.0,8777.099609375,8894.9501953125,8894.9501953125,0,0.0,0.0
2011-02-18,8877.4501953125,8877.4501953125,8747.0,8780.0,8780.0,0,0.0,0.0
2011-02-21,8854.9501953125,8854.9501953125,8750.0,8610.2001953125,8610.2001953125,0,0.0,0.0
2011-02-22,8869.9501953125,8882.0,8765.7998046875,8750.0,8750.0,0,0.0,0.0
2011-02-23,8866.4501953125,8866.4501953125,8676.7001953125,8876.4501953125,8876.4501953125,0,0.0,0.0
2011-02-24,8854.9501953125,8878.0,8760.0,8872.0,8872.0,0,0.0,0.0
2011-02-25,8857.4501953125,8864.9501953125,8813.7998046875,8865.0,8865.0,0,0.0,0.0
2011-02-28,8829.9501953125,8829.9501953125,8781.0,8841.4501953125,8841.4501953125,0,0.0,0.0
2011-03-01,8811.4501953125,8820.0,8798.0,8821.4501953125,8821.4501953125,0,0.0,0.0
2011-03-02,8819.9501953125,8826.4501953125,8785.0,8798.0,8798.0,0,0.0,0.0
2011-03-03,8805.4501953125,8810.4501953125,8776.400390625,8812.4501953125,8812.4501953125,0,0.0,0.0
2011-03-04,8793.9501953125,8793.9501953125,8760.0,8805.4501953125,8805.4501953125,0,0.0,0.0
2011-03-07,8789.9501953125,8793.4501953125,8759.0,8616.2998046875,8616.2998046875,0,0.0,0.0
2011-03-08,8784.9501953125,8790.4501953125,8655.400390625,8785.9501953125,8785.9501953125,0,0.0,0.0
2011-03-09,8782.4501953125,8785.4501953125,8743.599609375,8786.0,8786.0,0,0.0,0.0
2011-03-10,8774.4501953125,8784.0,8753.0,8760.0,8760.0,0,0.0,0.0
2011-03-11,8788.9501953125,8788.9501953125,8749.7001953125,8783.4501953125,8783.4501953125,0,0.0,0.0
2011-03-14,8774.9501953125,8775.4501953125,8740.0,8776.9501953125,8776.9501953125,0,0.0,0.0
2011-03-15,8757.4501953125,8787.4501953125,8748.900390625,8762.4501953125,8762.4501953125,0,0.0,0.0
2011-03-16,8787.4501953125,8787.4501953125,8748.7001953125,8775.0,8775.0,0,0.0,0.0
2011-03-17,8794.9501953125,8797.9501953125,8753.2001953125,8760.5,8760.5,0,0.0,0.0
2011-03-18,8773.4501953125,8785.4501953125,8745.0,8770.0,8770.0,0,0.0,0.0
2011-03-21,8764.9501953125,8764.9501953125,8580.0,8584.2001953125,8584.2001953125,0,0.0,0.0
2011-03-22,8712.9501953125,8721.0,8519.900390625,8720.0,8720.0,0,0.0,0.0
2011-03-23,8724.9501953125,8726.4501953125,8693.0,8721.0,8721.0,0,0.0,0.0
2011-03-24,8722.4501953125,8728.4501953125,8690.7998046875,8721.4501953125,8721.4501953125,0,0.0,0.0
2011-03-25,8709.9501953125,8714.0,8528.2998046875,8710.0,8710.0,0,0.0,0.0
2011-03-28,8634.2001953125,8719.4501953125,8518.5,8633.7998046875,8633.7998046875,0,0.0,0.0
2011-03-29,8720.2001953125,8726.099609375,8663.2998046875,8718.2001953125,8718.2001953125,0,0.0,0.0
2011-03-30,8688.7998046875,8714.9501953125,8547.2998046875,8688.900390625,8688.900390625,0,0.0,0.0
2011-03-31,8698.5,8709.4501953125,8533.599609375,8700.0,8700.0,0,0.0,0.0
2011-04-01,8718.5,8721.900390625,8534.2001953125,8718.5,8718.5,0,0.0,0.0
2011-04-04,8665.900390625,8679.4501953125,8480.400390625,8665.900390625,8665.900390625,0,0.0,0.0
2011-04-05,8646.5,8671.4501953125,8505.7998046875,8645.900390625,8645.900390625,0,0.0,0.0
2011-04-06,8654.400390625,8659.9501953125,8467.0,8653.2998046875,8653.2998046875,0,0.0,0.0
2011-04-07,8638.099609375,8675.0,8491.900390625,8636.7001953125,8636.7001953125,0,0.0,0.0
2011-04-08,8643.099609375,8660.9501953125,8582.599609375,8643.099609375,8643.099609375,0,0.0,0.0
2011-04-11,8617.2998046875,8654.2001953125,8496.900390625,8616.7001953125,8616.7001953125,0,0.0,0.0
2011-04-12,8656.7001953125,8688.2001953125,8466.2998046875,8655.400390625,8655.400390625,0,0.0,0.0
2011-04-13,8618.599609375,8671.9501953125,8495.5,8617.099609375,8617.099609375,0,0.0,0.0
2011-04-14,8668.0,8688.7001953125,8612.7001953125,8668.5,8668.5,0,0.0,0.0
2011-04-18,8636.400390625,8674.099609375,8506.0,8637.900390625,8637.900390625,0,0.0,0.0
2011-04-19,8658.7998046875,8687.4501953125,8503.2998046875,8657.7001953125,8657.7001953125,0,0.0,0.0
2011-04-20,8665.900390625,8667.900390625,8597.900390625,8667.400390625,8667.400390625,0,0.0,0.0
2011-04-21,8634.2001953125,8637.4501953125,8437.2998046875,8633.599609375,8633.599609375,0,0.0,0.0
2011-04-22,8641.7001953125,8651.2001953125,8620.5,8640.5,8640.5,0,0.0,0.0
2011-04-25,8623.2001953125,8641.7001953125,8584.2998046875,8622.900390625,8622.900390625,0,0.0,0.0
2011-04-26,8617.599609375,8682.4501953125,8494.2998046875,8623.5,8623.5,0,0.0,0.0
2011-04-27,8615.0,8636.0,8459.7001953125,8616.400390625,8616.400390625,0,0.0,0.0
2011-04-28,8566.7998046875,8601.0,8428.400390625,8566.2998046875,8566.2998046875,0,0.0,0.0
2011-04-29,8553.5,8574.7998046875,8399.099609375,8553.2998046875,8553.2998046875,0,0.0,0.0
2011-05-02,8561.5,8580.5,8499.599609375,8568.400390625,8568.400390625,0,0.0,0.0
2011-05-03,8562.2998046875,8591.099609375,8351.099609375,8561.400390625,8561.400390625,0,0.0,0.0
2011-05-04,8560.2001953125,8590.5,8380.099609375,8558.900390625,8558.900390625,0,0.0,0.0
2011-05-05,8536.5,8568.4501953125,8403.599609375,8535.599609375,8535.599609375,0,0.0,0.0
2011-05-06,8582.599609375,8586.4501953125,8419.2998046875,8580.099609375,8580.099609375,0,0.0,0.0
2011-05-09,8625.5,8625.5,8495.099609375,8618.2998046875,8618.2998046875,0,0.0,0.0
2011-05-10,8522.0,8583.2001953125,8364.7998046875,8522.0,8522.0,0,0.0,0.0
2011-05-11,8527.0,8552.2998046875,8479.5,8530.900390625,8530.900390625,0,0.0,0.0
2011-05-12,8584.599609375,8596.7001953125,8377.2001953125,8586.2001953125,8586.2001953125,0,0.0,0.0
2011-05-13,8551.5,8594.400390625,8493.599609375,8549.099609375,8549.099609375,0,0.0,0.0
2011-05-16,8555.099609375,8570.0,8410.7998046875,8553.0,8553.0,0,0.0,0.0
2011-05-17,8592.900390625,8609.0,8518.2001953125,8592.400390625,8592.400390625,0,0.0,0.0
2011-05-18,8374.099609375,8561.4501953125,8364.0,8372.7001953125,8372.7001953125,0,0.0,0.0
2011-05-19,8540.2998046875,8558.7001953125,8385.099609375,8540.900390625,8540.900390625,0,0.0,0.0
2011-05-20,8549.9501953125,8558.0,8363.2001953125,8552.0,8552.0,0,0.0,0.0
2011-05-23,8559.9501953125,8580.0,8410.599609375,8419.5,8419.5,0,0.0,0.0
2011-05-24,8574.9501953125,8574.9501953125,8405.7998046875,8600.0,8600.0,0,0.0,0.0
2011-05-25,8569.9501953125,8605.0,8430.2998046875,8405.7998046875,8405.7998046875,0,0.0,0.0
2011-05-26,8575.4501953125,8579.0,8417.099609375,8591.9501953125,8591.9501953125,0,0.0,0.0
2011-05-27,8573.4501953125,8573.4501953125,8400.5,8575.0,8575.0,0,0.0,0.0
2011-05-30,8553.4501953125,8553.4501953125,8382.7001953125,8559.9501953125,8559.9501953125,0,0.0,0.0
2011-05-31,8533.9501953125,8539.0,8377.2998046875,8544.4501953125,8544.4501953125,0,0.0,0.0
2011-06-01,8539.9501953125,8544.0,8508.400390625,8537.900390625,8537.900390625,0,0.0,0.0
2011-06-02,8387.7998046875,8511.0,8387.7998046875,8540.0,8540.0,0,0.0,0.0
2011-06-03,8536.4501953125,8538.4501953125,8362.400390625,8540.099609375,8540.099609375,0,0.0,0.0
2011-06-06,8509.4501953125,8510.0,8276.7001953125,8520.4501953125,8520.4501953125,0,0.0,0.0
2011-06-07,8519.9501953125,8531.4501953125,8359.0,8500.0,8500.0,0,0.0,0.0
2011-06-08,8520.4501953125,8523.4501953125,8490.0,8515.4501953125,8515.4501953125,0,0.0,0.0
2011-06-09,8519.9501953125,8526.0,8357.7998046875,8490.599609375,8490.599609375,0,0.0,0.0
2011-06-10,8519.9501953125,8520.4501953125,8355.0,8520.0,8520.0,0,0.0,0.0
2011-06-13,8530.4501953125,8563.900390625,8380.2998046875,8517.4501953125,8517.4501953125,0,0.0,0.0
2011-06-14,8537.4501953125,8542.9501953125,8339.099609375,8539.4501953125,8539.4501953125,0,0.0,0.0
2011-06-15,8530.4501953125,8550.0,8382.2001953125,8533.9501953125,8533.9501953125,0,0.0,0.0
2011-06-16,8572.4501953125,8610.0,8560.0,8521.599609375,8521.599609375,0,0.0,0.0
2011-06-17,8594.9501953125,8600.0,8556.400390625,8610.0,8610.0,0,0.0,0.0
2011-06-20,8580.4501953125,8614.0,8443.099609375,8386.7998046875,8386.7998046875,0,0.0,0.0
2011-06-21,8593.4501953125,8607.0,8381.900390625,8611.400390625,8611.400390625,0,0.0,0.0
2011-06-22,8596.4501953125,8600.4501953125,8430.2998046875,8600.0,8600.0,0,0.0,0.0
2011-06-23,8606.4501953125,8606.4501953125,8573.0,8580.0,8580.0,0,0.0,0.0
2011-06-24,8602.4501953125,8604.0,8572.900390625,8599.9501953125,8599.9501953125,0,0.0,0.0
2011-06-27,8612.4501953125,8629.0,8446.2998046875,8599.9501953125,8599.9501953125,0,0.0,0.0
2011-06-28,8620.4501953125,8626.0,8457.099609375,8625.0,8625.0,0,0.0,0.0
2011-06-29,8592.0,8603.0,8451.400390625,8620.0,8620.0,0,0.0,0.0
2011-06-30,8599.9501953125,8599.9501953125,8550.400390625,8616.9501953125,8616.9501953125,0,0.0,0.0
2011-07-01,8571.4501953125,8571.4501953125,8388.099609375,8568.0,8568.0,0,0.0,0.0
2011-07-04,8521.9501953125,8523.9501953125,8364.599609375,8545.4501953125,8545.4501953125,0,0.0,0.0
2011-07-05,8541.4501953125,8542.4501953125,8379.7998046875,8522.4501953125,8522.4501953125,0,0.0,0.0
2011-07-06,8532.4501953125,8539.0,8380.7001953125,8537.4501953125,8537.4501953125,0,0.0,0.0
2011-07-07,8542.4501953125,8542.4501953125,8375.7998046875,8535.2998046875,8535.2998046875,0,0.0,0.0
2011-07-08,8524.9501953125,8526.4501953125,8485.599609375,8533.4501953125,8533.4501953125,0,0.0,0.0
2011-07-11,8525.9501953125,8525.9501953125,8417.900390625,8512.4501953125,8512.4501953125,0,0.0,0.0
2011-07-12,8539.9501953125,8573.0,8403.400390625,8525.9501953125,8525.9501953125,0,0.0,0.0
2011-07-13,8559.9501953125,8563.9501953125,8388.5,8566.9501953125,8566.9501953125,0,0.0,0.0
2011-07-14,8542.4501953125,8542.4501953125,8503.0,8550.0,8550.0,0,0.0,0.0
2011-07-15,8529.9501953125,8548.0,8507.0,8531.9501953125,8531.9501953125,0,0.0,0.0
2011-07-18,8557.4501953125,8564.0,8387.2001953125,8366.099609375,8366.099609375,0,0.0,0.0
2011-07-19,8544.9501953125,8560.9501953125,8384.400390625,8563.599609375,8563.599609375,0,0.0,0.0
2011-07-20,8545.9501953125,8545.9501953125,8516.0,8540.0,8540.0,0,0.0,0.0
2011-07-21,8535.9501953125,8541.0,8347.5,8530.0,8530.0,0,0.0,0.0
2011-07-22,8527.4501953125,8529.0,8501.099609375,8537.0,8537.0,0,0.0,0.0
2011-07-25,8526.4501953125,8531.4501953125,8362.2998046875,8526.9501953125,8526.9501953125,0,0.0,0.0
2011-07-26,8525.4501953125,8525.4501953125,8474.099609375,8522.9501953125,8522.9501953125,0,0.0,0.0
2011-07-27,8489.9501953125,8491.4501953125,8322.2998046875,8500.0,8500.0,0,0.0,0.0
2011-07-28,8500.4501953125,8509.4501953125,8385.2001953125,8482.0,8482.0,0,0.0,0.0
2011-07-29,8511.4501953125,8511.4501953125,8473.099609375,8495.0,8495.0,0,0.0,0.0
2011-08-01,8490.4501953125,8490.4501953125,8300.900390625,8499.9501953125,8499.9501953125,0,0.0,0.0
2011-08-02,8458.4501953125,8470.0,8273.599609375,8433.599609375,8433.599609375,0,0.0,0.0
2011-08-03,8483.9501953125,8492.4501953125,8298.2001953125,8467.4501953125,8467.4501953125,0,0.0,0.0
2011-08-04,8416.5,8490.0,8416.5,8325.2001953125,8325.2001953125,0,0.0,0.0
2011-08-05,8504.9501953125,8565.0,8351.7001953125,8472.400390625,8472.400390625,0,0.0,0.0
2011-08-08,8519.9501953125,8551.4501953125,8249.599609375,8514.9501953125,8514.9501953125,0,0.0,0.0
2011-08-09,8543.4501953125,8555.0,8515.5,8478.2998046875,8478.2998046875,0,0.0,0.0
2011-08-10,8524.9501953125,8533.0,8331.7001953125,8517.599609375,8517.599609375,0,0.0,0.0
2011-08-11,8544.9501953125,8555.0,8506.2998046875,8500.2998046875,8500.2998046875,0,0.0,0.0
2011-08-12,8534.4501953125,8555.0,8379.400390625,8509.2998046875,8509.2998046875,0,0.0,0.0
2011-08-15,8534.9501953125,8542.9501953125,8290.5,8542.9501953125,8542.9501953125,0,0.0,0.0
2011-08-16,8524.9501953125,8528.0,8320.599609375,8292.7001953125,8292.7001953125,0,0.0,0.0
2011-08-17,8525.0,8525.0,8385.900390625,8358.7001953125,8358.7001953125,0,0.0,0.0
2011-08-18,8529.9501953125,8562.2001953125,8508.900390625,8374.2001953125,8374.2001953125,0,0.0,0.0
2011-08-19,8530.0,8540.0,8387.400390625,8560.0,8560.0,0,0.0,0.0
2011-08-22,8548.9501953125,8554.4501953125,8503.400390625,8339.2998046875,8339.2998046875,0,0.0,0.0
2011-08-23,8543.4501953125,8555.0,8378.2001953125,8537.0,8537.0,0,0.0,0.0
2011-08-24,8536.9501953125,8554.0,8388.2998046875,8543.0,8543.0,0,0.0,0.0
2011-08-25,8569.9501953125,8600.0,8553.7998046875,8550.0,8550.0,0,0.0,0.0
2011-08-26,8574.9501953125,8579.9501953125,8374.900390625,8600.0,8600.0,0,0.0,0.0
2011-08-29,8528.0,8528.0,8314.099609375,8532.9501953125,8532.9501953125,0,0.0,0.0
2011-08-30,8508.0,8508.0,8373.7001953125,8520.0,8520.0,0,0.0,0.0
2011-08-31,8528.0,8528.0,8354.7998046875,8532.9501953125,8532.9501953125,0,0.0,0.0
2011-09-01,8508.0,8509.0,8495.0,8532.9501953125,8532.9501953125,0,0.0,0.0
2011-09-02,8528.0,8528.0,8370.2001953125,8490.0,8490.0,0,0.0,0.0
2011-09-05,8538.4501953125,8539.9501953125,8379.5,8402.0,8402.0,0,0.0,0.0
2011-09-06,8564.4501953125,8573.4501953125,8386.900390625,8379.5,8379.5,0,0.0,0.0
2011-09-07,8569.9501953125,8576.4501953125,8380.599609375,8552.9501953125,8552.9501953125,0,0.0,0.0
2011-09-08,8559.9501953125,8571.4501953125,8407.599609375,8535.0,8535.0,0,0.0,0.0
2011-09-09,8574.9501953125,8574.9501953125,8542.599609375,8567.9501953125,8567.9501953125,0,0.0,0.0
2011-09-12,8584.9501953125,8615.0,8431.099609375,8491.7001953125,8491.7001953125,0,0.0,0.0
2011-09-13,8617.4501953125,8645.0,8587.5,8572.2998046875,8572.2998046875,0,0.0,0.0
2011-09-14,8644.9501953125,8750.0,8644.9501953125,8631.0,8631.0,0,0.0,0.0
2011-09-15,8769.9501953125,8810.0,8715.0,8719.9501953125,8719.9501953125,0,0.0,0.0
2011-09-16,8774.9501953125,8800.0,8598.400390625,8809.0,8809.0,0,0.0,0.0
2011-09-19,8804.9501953125,8870.0,8804.9501953125,8764.9501953125,8764.9501953125,0,0.0,0.0
2011-09-20,8869.9501953125,9025.0,8812.7001953125,8822.400390625,8822.400390625,0,0.0,0.0
2011-09-21,8880.0,8950.0,8701.599609375,8812.7001953125,8812.7001953125,0,0.0,0.0
2011-09-22,8987.4501953125,9045.0,8722.5,8840.900390625,8840.900390625,0,0.0,0.0
2011-09-23,8709.9501953125,8905.0,8659.9501953125,8762.9501953125,8762.9501953125,0,0.0,0.0
2011-09-26,8824.9501953125,9084.5,8824.9501953125,8779.9501953125,8779.9501953125,0,0.0,0.0
2011-09-27,9054.9501953125,9054.9501953125,8735.900390625,9080.0,9080.0,0,0.0,0.0
2011-09-28,8844.9501953125,8969.9501953125,8844.9501953125,8904.9501953125,8904.9501953125,0,0.0,0.0
2011-09-29,8949.9501953125,8960.0,8827.099609375,8889.9501953125,8889.9501953125,0,0.0,0.0
2011-09-30,8807.4501953125,9025.0,8619.599609375,8952.599609375,8952.599609375,0,0.0,0.0
2011-10-03,8809.9501953125,8973.0,8723.599609375,8789.9501953125,8789.9501953125,0,0.0,0.0
2011-10-04,8914.9501953125,8950.0,8730.099609375,8897.4501953125,8897.4501953125,0,0.0,0.0
2011-10-05,8935.0,8960.0,8880.5,8622.0,8622.0,0,0.0,0.0
2011-10-06,8829.9501953125,8944.9501953125,8739.7001953125,8956.2998046875,8956.2998046875,0,0.0,0.0
2011-10-07,8954.9501953125,8974.9501953125,89.0,8890.0,8890.0,0,0.0,0.0
2011-10-10,8959.9501953125,8960.0,8724.2001953125,8897.4501953125,8897.4501953125,0,0.0,0.0
2011-10-11,8899.9501953125,8944.9501953125,8740.5,8892.4501953125,8892.4501953125,0,0.0,0.0
2011-10-12,8909.9501953125,8945.0,8857.599609375,8717.0,8717.0,0,0.0,0.0
2011-10-13,8874.9501953125,8919.9501953125,8843.2998046875,8857.599609375,8857.599609375,0,0.0,0.0
2011-10-14,8894.9501953125,8894.9501953125,8679.5,8869.9501953125,8869.9501953125,0,0.0,0.0
2011-10-17,8844.9501953125,8845.0,8623.599609375,8637.599609375,8637.599609375,0,0.0,0.0
2011-10-18,8844.9501953125,8875.0,8651.2001953125,8880.2001953125,8880.2001953125,0,0.0,0.0
2011-10-19,8844.9501953125,8852.4501953125,8634.5,8880.0,8880.0,0,0.0,0.0
2011-10-20,8829.9501953125,8875.7001953125,8795.900390625,8840.7998046875,8840.7998046875,0,0.0,0.0
2011-10-21,8859.9501953125,8882.4501953125,8832.900390625,8824.9501953125,8824.9501953125,0,0.0,0.0
2011-10-24,8864.9501953125,8889.9501953125,8812.7001953125,8859.9501953125,8859.9501953125,0,0.0,0.0
2011-10-25,8864.9501953125,8864.9501953125,8681.400390625,8839.9501953125,8839.9501953125,0,0.0,0.0
2011-10-26,8849.9501953125,8880.0,8707.7998046875,8849.9501953125,8849.9501953125,0,0.0,0.0
2011-10-27,8886.4501953125,8888.0,8705.099609375,8872.9501953125,8872.9501953125,0,0.0,0.0
2011-10-28,8824.9501953125,8835.9501953125,8762.7998046875,8854.599609375,8854.599609375,0,0.0,0.0
2011-10-31,8834.9501953125,8860.0,8689.599609375,8624.2001953125,8624.2001953125,0,0.0,0.0
2011-11-01,8892.4501953125,8894.9501953125,8733.0,8825.599609375,8825.599609375,0,0.0,0.0
2011-11-02,8909.9501953125,8970.0,8764.0,8866.5,8866.5,0,0.0,0.0
2011-11-03,8982.4501953125,8982.4501953125,8941.7001953125,8900.7001953125,8900.7001953125,0,0.0,0.0
2011-11-04,8954.9501953125,8959.9501953125,8792.900390625,8943.599609375,8943.599609375,0,0.0,0.0
2011-11-07,8973.9501953125,8985.0,8927.5,8949.9501953125,8949.9501953125,0,0.0,0.0
2011-11-08,8949.9501953125,8949.9501953125,8751.0,8954.9501953125,8954.9501953125,0,0.0,0.0
2011-11-09,8920.4501953125,8925.0,8861.7001953125,8915.0,8915.0,0,0.0,0.0
2011-11-10,8932.4501953125,9030.0,8932.4501953125,8889.9501953125,8889.9501953125,0,0.0,0.0
2011-11-11,8974.9501953125,9009.9501953125,8788.0,8969.9501953125,8969.9501953125,0,0.0,0.0
2011-11-14,8928.0,8928.0,8726.400390625,8967.9501953125,8967.9501953125,0,0.0,0.0
2011-11-15,8979.9501953125,8995.0,8822.7998046875,8964.9501953125,8964.9501953125,0,0.0,0.0
2011-11-16,9029.9501953125,9037.4501953125,8965.0,8994.9501953125,8994.9501953125,0,0.0,0.0
2011-11-17,9039.9501953125,9039.9501953125,8843.099609375,8993.4501953125,8993.4501953125,0,0.0,0.0
2011-11-18,9047.4501953125,9054.9501953125,8991.5,8972.7001953125,8972.7001953125,0,0.0,0.0
2011-11-21,9034.9501953125,9069.9501953125,8855.900390625,9019.9501953125,9019.9501953125,0,0.0,0.0
2011-11-22,9034.9501953125,9055.4501953125,8880.900390625,9024.9501953125,9024.9501953125,0,0.0,0.0
2011-11-23,9039.9501953125,9069.9501953125,9012.5,9044.9501953125,9044.9501953125,0,0.0,0.0
2011-11-24,9097.4501953125,9190.0,8822.7001953125,9016.900390625,9016.900390625,0,0.0,0.0
2011-11-25,9009.9501953125,9125.5,9004.9501953125,8962.400390625,8962.400390625,0,0.0,0.0
2011-11-28,9079.9501953125,9165.0,9076.7998046875,9054.9501953125,9054.9501953125,0,0.0,0.0
2011-11-29,9180.0,9180.0,9120.5,9114.9501953125,9114.9501953125,0,0.0,0.0
2011-11-30,9179.9501953125,9179.9501953125,9080.900390625,9120.5,9120.5,0,0.0,0.0
2011-12-01,9074.9501953125,9100.0,8820.2998046875,9076.7001953125,9076.7001953125,0,0.0,0.0
2011-12-02,9097.4501953125,9107.4501953125,8826.2998046875,8994.9501953125,8994.9501953125,0,0.0,0.0
2011-12-05,9064.9501953125,9074.9501953125,8864.5,9014.9501953125,9014.9501953125,0,0.0,0.0
2011-12-06,9054.9501953125,9087.4501953125,9006.7998046875,9016.599609375,9016.599609375,0,0.0,0.0
2011-12-07,9077.4501953125,9079.9501953125,8862.5,9034.9501953125,9034.9501953125,0,0.0,0.0
2011-12-08,9059.9501953125,9084.9501953125,8824.2001953125,9027.400390625,9027.400390625,0,0.0,0.0
2011-12-09,9072.4501953125,9090.0,9020.2001953125,8994.9501953125,8994.9501953125,0,0.0,0.0
2011-12-12,9084.9501953125,9084.9501953125,8873.2998046875,9035.7001953125,9035.7001953125,0,0.0,0.0
2011-12-13,9090.0,9090.0,8912.400390625,9049.9501953125,9049.9501953125,0,0.0,0.0
2011-12-14,9080.0,9200.0,8908.400390625,9112.099609375,9112.099609375,0,0.0,0.0
2011-12-15,9134.9501953125,9189.9501953125,9036.599609375,9100.0,9100.0,0,0.0,0.0
2011-12-16,9059.9501953125,9085.0,8854.7001953125,9089.9501953125,9089.9501953125,0,0.0,0.0
2011-12-19,9081.2998046875,9103.7998046875,8891.599609375,9016.5,9016.5,0,0.0,0.0
2011-12-20,9130.7998046875,9130.7998046875,8908.900390625,9114.2998046875,9114.2998046875,0,0.0,0.0
2011-12-21,9131.400390625,9131.400390625,9040.7998046875,9047.599609375,9047.599609375,0,0.0,0.0
2011-12-22,9131.599609375,9131.599609375,9035.099609375,9043.5,9043.5,0,0.0,0.0
2011-12-23,8869.2998046875,9050.0,8869.2998046875,9136.5,9136.5,0,0.0,0.0
2011-12-26,9038.400390625,9038.400390625,9038.400390625,9040.0,9040.0,0,0.0,0.0
2011-12-27,9126.5,9126.5,8897.900390625,9038.400390625,9038.400390625,0,0.0,0.0
2011-12-28,9155.400390625,9155.400390625,8896.7001953125,9062.0,9062.0,0,0.0,0.0
2011-12-29,9132.099609375,9132.099609375,9042.7998046875,9044.400390625,9044.400390625,0,0.0,0.0
2011-12-30,9141.099609375,9141.099609375,8887.5,8854.7998046875,8854.7998046875,0,0.0,0.0
2012-01-02,9095.099609375,9095.099609375,8903.7998046875,9055.0,9055.0,0,0.0,0.0
2012-01-03,9070.0,9106.0,9070.0,8903.7998046875,8903.7998046875,0,0.0,0.0
2012-01-04,8964.2001953125,9150.7998046875,8964.2001953125,9115.0,9115.0,0,0.0,0.0
2012-01-05,9125.0,9133.0,9085.7998046875,9115.7998046875,9115.7998046875,0,0.0,0.0
2012-01-06,9105.0,9131.400390625,9065.0,9110.0,9110.0,0,0.0,0.0
2012-01-09,9158.7001953125,9160.7998046875,8967.400390625,9058.400390625,9058.400390625,0,0.0,0.0
2012-01-10,9168.2998046875,9168.2998046875,8976.2998046875,9146.0,9146.0,0,0.0,0.0
2012-01-11,9173.7001953125,9200.0,9130.400390625,9145.0,9145.0,0,0.0,0.0
2012-01-12,9129.2001953125,9174.0,9129.2001953125,9190.0,9190.0,0,0.0,0.0
2012-01-13,9125.400390625,9125.400390625,9049.2001953125,9150.0,9150.0,0,0.0,0.0
2012-01-16,9165.5,9165.5,9100.0,9052.900390625,9052.900390625,0,0.0,0.0
2012-01-17,9168.0,9168.0,8906.599609375,9099.900390625,9099.900390625,0,0.0,0.0
2012-01-18,9130.2001953125,9130.2001953125,9000.599609375,9070.0,9070.0,0,0.0,0.0
2012-01-19,9044.2998046875,9044.2998046875,8798.2001953125,9008.099609375,9008.099609375,0,0.0,0.0
2012-01-20,8946.400390625,8946.400390625,8757.900390625,8945.0,8945.0,0,0.0,0.0
2012-01-23,8940.0,8940.5,8915.7001953125,8920.0,8920.0,0,0.0,0.0
2012-01-24,8973.099609375,8975.0,8821.7998046875,8920.0,8920.0,0,0.0,0.0
2012-01-25,9006.599609375,9006.599609375,8860.0,8958.0,8958.0,0,0.0,0.0
2012-01-26,8936.5,8936.5,8786.7998046875,9050.599609375,9050.599609375,0,0.0,0.0
2012-01-27,8970.0,8970.0,8818.2998046875,9074.0,9074.0,0,0.0,0.0
2012-01-30,8968.400390625,9010.0,8960.7998046875,8952.0,8952.0,0,0.0,0.0
2012-01-31,9024.0,9024.0,8811.099609375,9074.0,9074.0,0,0.0,0.0
2012-02-01,9024.0,9024.0,8811.099609375,8981.900390625,8981.900390625,0,0.0,0.0
2012-02-02,8893.599609375,8915.0,8781.900390625,8980.0,8980.0,0,0.0,0.0
2012-02-03,8970.0,8970.0,8798.0,8958.7998046875,8958.7998046875,0,0.0,0.0
2012-02-06,8963.0,8963.0,8808.2001953125,8928.099609375,8928.099609375,0,0.0,0.0
2012-02-07,8969.2001953125,8969.2001953125,8909.900390625,892.0,892.0,0,0.0,0.0
2012-02-08,8960.0,8960.0,8710.2001953125,8930.0,8930.0,0,0.0,0.0
2012-02-09,8880.0,8960.0,8772.7998046875,8851.5,8851.5,0,0.0,0.0
2012-02-10,8965.0,9049.5,8816.0,8920.0,8920.0,0,0.0,0.0
2012-02-13,8813.5,9035.0,8813.5,8965.0,8965.0,0,0.0,0.0
2012-02-14,9012.7998046875,9012.7998046875,8831.0,8971.5,8971.5,0,0.0,0.0
2012-02-15,9016.400390625,9016.7001953125,8779.099609375,8998.0,8998.0,0,0.0,0.0
2012-02-16,8970.0,9010.0,8834.2001953125,8930.0,8930.0,0,0.0,0.0
2012-02-17,8935.0,9012.0,8935.0,8980.0,8980.0,0,0.0,0.0
2012-02-20,9008.0,9008.0,8970.0,8983.2001953125,8983.2001953125,0,0.0,0.0
2012-02-21,9015.0,9045.0,9011.599609375,8971.599609375,8971.599609375,0,0.0,0.0
2012-02-22,9016.7998046875,9040.0,8877.0,9030.0,9030.0,0,0.0,0.0
2012-02-23,9058.5,9058.5,9016.400390625,9040.0,9040.0,0,0.0,0.0
2012-02-24,9047.5,9047.5,8872.5,9040.0,9040.0,0,0.0,0.0
2012-02-27,9135.0,9135.0,8949.7998046875,9020.900390625,9020.900390625,0,0.0,0.0
2012-02-28,9121.900390625,9140.0,8857.2001953125,9105.0,9105.0,0,0.0,0.0
2012-02-29,9070.0,9070.0,8842.0,9005.0,9005.0,0,0.0,0.0
2012-03-01,9050.0,9085.0,8905.400390625,9010.0,9010.0,0,0.0,0.0
2012-03-02,9085.0,9085.0,8920.2001953125,9055.0,9055.0,0,0.0,0.0
2012-03-05,9114.9501953125,9129.9501953125,8946.900390625,9055.0,9055.0,0,0.0,0.0
2012-03-06,9152.4501953125,9175.0,9109.0,9113.0,9113.0,0,0.0,0.0
2012-03-07,9184.9501953125,9189.9501953125,8934.2001953125,9115.0,9115.0,0,0.0,0.0
2012-03-08,9115.0,9148.0,9100.2998046875,9085.0,9085.0,0,0.0,0.0
2012-03-09,9124.9501953125,9135.0,8959.5,9105.0,9105.0,0,0.0,0.0
2012-03-12,9162.4501953125,9162.4501953125,8981.5,9132.4501953125,9132.4501953125,0,0.0,0.0
2012-03-13,9164.9501953125,9165.0,8989.7001953125,9133.0,9133.0,0,0.0,0.0
2012-03-14,9163.0,9189.9501953125,8995.099609375,9133.0,9133.0,0,0.0,0.0
2012-03-15,9165.2001953125,9200.0,8994.7001953125,9163.0,9163.0,0,0.0,0.0
2012-03-16,9182.4501953125,9182.4501953125,8953.099609375,9163.0,9163.0,0,0.0,0.0
2012-03-19,9139.9501953125,9170.0,8949.2001953125,9120.0,9120.0,0,0.0,0.0
2012-03-20,9159.9501953125,9172.0,8982.5,9110.0,9110.0,0,0.0,0.0
2012-03-21,9151.5,9177.4501953125,8968.7001953125,9145.0,9145.0,0,0.0,0.0
2012-03-22,9116.5,9185.0,8981.599609375,9145.0,9145.0,0,0.0,0.0
2012-03-23,9128.599609375,9220.0,8983.7001953125,9220.0,9220.0,0,0.0,0.0
2012-03-26,9164.9501953125,9183.0,8998.400390625,9150.0,9150.0,0,0.0,0.0
2012-03-27,9182.4501953125,9185.0,9129.2001953125,9150.0,9150.0,0,0.0,0.0
2012-03-28,9184.9501953125,9187.4501953125,8976.2001953125,9150.0,9150.0,0,0.0,0.0
2012-03-29,9154.7998046875,9193.4501953125,9136.7998046875,9150.0,9150.0,0,0.0,0.0
2012-03-30,9135.2998046875,9183.9501953125,9115.400390625,9150.0,9150.0,0,0.0,0.0
2012-04-02,9162.4501953125,9173.7001953125,9111.5,9112.0,9112.0,0,0.0,0.0
2012-04-03,9112.7001953125,9155.4501953125,8949.900390625,9118.0,9118.0,0,0.0,0.0
2012-04-04,9159.9501953125,9165.0,8967.099609375,9136.0,9136.0,0,0.0,0.0
2012-04-05,9128.900390625,9160.0,9065.0,9133.0,9133.0,0,0.0,0.0
2012-04-06,9160.0,9200.099609375,9160.0,9085.0,9085.0,0,0.0,0.0
2012-04-09,9149.9501953125,9160.0,9109.9501953125,9085.0,9085.0,0,0.0,0.0
2012-04-10,9164.9501953125,9192.0,9121.0,9151.5,9151.5,0,0.0,0.0
2012-04-11,9164.9501953125,9192.0,8979.599609375,9149.0,9149.0,0,0.0,0.0
2012-04-12,9172.4501953125,9180.0,9132.5,9149.0,9149.0,0,0.0,0.0
2012-04-13,9173.9501953125,9211.5,8966.2001953125,9149.0,9149.0,0,0.0,0.0
2012-04-16,9174.9501953125,9198.400390625,8998.5,9139.9501953125,9139.9501953125,0,0.0,0.0
2012-04-17,9178.9501953125,9180.0,9004.900390625,9155.0,9155.0,0,0.0,0.0
2012-04-18,9173.0,9177.0,8998.900390625,9155.0,9155.0,0,0.0,0.0
2012-04-19,9179.9501953125,9182.0,9003.599609375,9155.0,9155.0,0,0.0,0.0
2012-04-20,9184.9501953125,9184.9501953125,9155.400390625,9154.0,9154.0,0,0.0,0.0
2012-04-23,9180.9501953125,9187.0,9013.400390625,9143.7001953125,9143.7001953125,0,0.0,0.0
2012-04-24,9193.9501953125,9199.2001953125,9163.099609375,9163.0,9163.0,0,0.0,0.0
2012-04-25,9184.9501953125,9202.7998046875,9022.900390625,9163.0,9163.0,0,0.0,0.0
2012-04-26,9195.4501953125,9197.4501953125,9012.2001953125,9163.0,9163.0,0,0.0,0.0
2012-04-27,9188.9501953125,9192.9501953125,9160.2001953125,9156.7001953125,9156.7001953125,0,0.0,0.0
2012-04-30,9189.9501953125,9193.4501953125,9017.2001953125,9188.9501953125,9188.9501953125,0,0.0,0.0
2012-05-01,9192.4501953125,9204.7998046875,9181.2998046875,9168.0,9168.0,0,0.0,0.0
2012-05-02,9185.0,9218.0,9021.5,9181.2998046875,9181.2998046875,0,0.0,0.0
2012-05-03,9195.0,9256.5,9161.099609375,9165.0,9165.0,0,0.0,0.0
2012-05-04,9195.0,9236.0,9013.5,9165.0,9165.0,0,0.0,0.0
2012-05-07,9207.4501953125,9267.7998046875,9020.2001953125,9047.599609375,9047.599609375,0,0.0,0.0
2012-05-08,9193.5,9220.0,9016.7001953125,9170.0,9170.0,0,0.0,0.0
2012-05-09,9205.0,9260.0,9054.7001953125,9166.0,9166.0,0,0.0,0.0
2012-05-10,9252.4501953125,9257.4501953125,9150.400390625,9213.0,9213.0,0,0.0,0.0
2012-05-11,9184.9501953125,9272.5,9012.5,9170.0,9170.0,0,0.0,0.0
2012-05-14,9200.0,9260.0,9056.900390625,9165.0,9165.0,0,0.0,0.0
2012-05-15,9259.9501953125,9284.900390625,9060.7001953125,9238.0,9238.0,0,0.0,0.0
2012-05-16,9246.400390625,9296.099609375,9060.2001953125,9238.0,9238.0,0,0.0,0.0
2012-05-17,9237.0,9320.0,9200.7998046875,9238.0,9238.0,0,0.0,0.0
2012-05-18,9237.0,9350.0,9048.2998046875,9217.0,9217.0,0,0.0,0.0
2012-05-21,9217.0,9360.0,9217.0,8995.2001953125,8995.2001953125,0,0.0,0.0
2012-05-22,9269.9501953125,9360.0,9046.599609375,9243.0,9243.0,0,0.0,0.0
2012-05-23,9196.7001953125,9328.0,9079.400390625,9210.0,9210.0,0,0.0,0.0
2012-05-24,9249.7001953125,9440.0,9085.7998046875,9255.0,9255.0,0,0.0,0.0
2012-05-25,9284.9501953125,9450.0,9104.2001953125,9255.0,9255.0,0,0.0,0.0
2012-05-28,9324.9501953125,9375.0,9090.7001953125,9287.4501953125,9287.4501953125,0,0.0,0.0
2012-05-29,9364.9501953125,9550.0,9364.9501953125,9265.0,9265.0,0,0.0,0.0
2012-05-30,9355.0,9581.599609375,9229.099609375,9370.0,9370.0,0,0.0,0.0
2012-05-31,9404.5,9567.4501953125,9367.7998046875,9410.0,9410.0,0,0.0,0.0
2012-06-01,9368.5,9450.0,9270.2998046875,9375.0,9375.0,0,0.0,0.0
2012-06-04,9412.4501953125,9475.0,9135.7998046875,9387.4501953125,9387.4501953125,0,0.0,0.0
2012-06-05,9370.599609375,9464.9501953125,9370.599609375,9375.0,9375.0,0,0.0,0.0
2012-06-06,9383.400390625,9485.0,9115.2001953125,9378.0,9378.0,0,0.0,0.0
2012-06-07,9343.0,9416.5,9340.2001953125,9275.0,9275.0,0,0.0,0.0
2012-06-08,9389.9501953125,9448.2001953125,9360.0,9355.0,9355.0,0,0.0,0.0
2012-06-11,9394.9501953125,9432.4501953125,9371.7998046875,9384.9501953125,9384.9501953125,0,0.0,0.0
2012-06-12,9410.0,9443.0,9221.2001953125,9380.0,9380.0,0,0.0,0.0
2012-06-13,9434.9501953125,9460.0,9237.900390625,9405.0,9405.0,0,0.0,0.0
2012-06-14,9442.4501953125,9461.0,9237.5,9395.0,9395.0,0,0.0,0.0
2012-06-15,9430.0,9469.9501953125,9355.0,9395.0,9395.0,0,0.0,0.0
2012-06-18,9394.9501953125,9447.599609375,9355.5,9293.0,9293.0,0,0.0,0.0
2012-06-19,9356.2001953125,9450.0,9356.2001953125,9357.599609375,9357.599609375,0,0.0,0.0
2012-06-20,9374.900390625,9475.0,9374.900390625,9375.599609375,9375.599609375,0,0.0,0.0
2012-06-21,9391.0,9486.2998046875,9391.0,9391.0,9391.0,0,0.0,0.0
2012-06-22,9400.0,9500.900390625,9398.900390625,9399.400390625,9399.400390625,0,0.0,0.0
2012-06-25,9454.9501953125,9480.4501953125,9355.0,9437.4501953125,9437.4501953125,0,0.0,0.0
2012-06-26,9409.7998046875,9475.0,9409.0,9409.7998046875,9409.7998046875,0,0.0,0.0
2012-06-27,9409.5,9490.0,9409.5,9409.400390625,9409.400390625,0,0.0,0.0
2012-06-28,9414.7001953125,9486.099609375,9413.7998046875,9413.900390625,9413.900390625,0,0.0,0.0
2012-06-29,9415.7998046875,9479.9501953125,9358.7001953125,9415.2998046875,9415.2998046875,0,0.0,0.0
2012-07-02,9372.4501953125,9412.9501953125,9343.5,9368.0,9368.0,0,0.0,0.0
2012-07-03,9377.4501953125,9427.4501953125,9305.0,9384.9501953125,9384.9501953125,0,0.0,0.0
2012-07-04,9322.5,9462.4501953125,9280.0,9334.9501953125,9334.9501953125,0,0.0,0.0
2012-07-05,9341.7998046875,9402.4501953125,9315.0,9344.9501953125,9344.9501953125,0,0.0,0.0
2012-07-06,9387.4501953125,9450.0,9343.0,9387.4501953125,9387.4501953125,0,0.0,0.0
2012-07-09,9409.9501953125,9439.9501953125,9295.2998046875,9441.9501953125,9441.9501953125,0,0.0,0.0
2012-07-10,9379.7998046875,9438.0,9379.7998046875,9379.7001953125,9379.7001953125,0,0.0,0.0
2012-07-11,9405.0,9464.9501953125,9382.400390625,9398.7001953125,9398.7001953125,0,0.0,0.0
2012-07-12,9383.099609375,9505.0,9383.099609375,9383.900390625,9383.900390625,0,0.0,0.0
2012-07-13,9414.099609375,9493.4501953125,9414.099609375,9414.900390625,9414.900390625,0,0.0,0.0
2012-07-16,9477.4501953125,9489.9501953125,9226.2001953125,9423.0,9423.0,0,0.0,0.0
2012-07-17,9418.7998046875,9478.9501953125,9408.2998046875,9419.599609375,9419.599609375,0,0.0,0.0
2012-07-18,9409.5,9465.0,9409.5,9409.2998046875,9409.2998046875,0,0.0,0.0
2012-07-19,9421.2998046875,9477.4501953125,9416.2001953125,9419.2001953125,9419.2001953125,0,0.0,0.0
2012-07-20,9416.400390625,9478.0,9416.400390625,9417.099609375,9417.099609375,0,0.0,0.0
2012-07-23,9477.4501953125,9492.4501953125,9423.400390625,9425.0,9425.0,0,0.0,0.0
2012-07-24,9425.2001953125,9487.4501953125,9425.2001953125,9423.2998046875,9423.2998046875,0,0.0,0.0
2012-07-25,9436.2998046875,9490.0,9436.2998046875,9436.5,9436.5,0,0.0,0.0
2012-07-26,9451.0,9500.0,9439.7998046875,9452.599609375,9452.599609375,0,0.0,0.0
2012-07-27,9447.0,9493.0,9421.2998046875,9446.2998046875,9446.2998046875,0,0.0,0.0
2012-07-30,9449.9501953125,9490.0,9424.099609375,9430.0,9430.0,0,0.0,0.0
2012-07-31,9424.7001953125,9480.0,9413.900390625,9424.2001953125,9424.2001953125,0,0.0,0.0
2012-08-01,9414.2001953125,9465.0,9410.599609375,9413.5,9413.5,0,0.0,0.0
2012-08-02,9412.2001953125,9477.0,9411.2001953125,9412.599609375,9412.599609375,0,0.0,0.0
2012-08-03,9437.400390625,9488.4501953125,9432.7998046875,9436.7001953125,9436.7001953125,0,0.0,0.0
2012-08-06,9454.9501953125,9475.0,9434.2001953125,9443.0,9443.0,0,0.0,0.0
2012-08-07,9435.2001953125,9473.4501953125,9434.5,9433.599609375,9433.599609375,0,0.0,0.0
2012-08-08,9437.0,9477.9501953125,9437.0,9437.2001953125,9437.2001953125,0,0.0,0.0
2012-08-09,9439.900390625,9482.9501953125,9439.7001953125,9439.599609375,9439.599609375,0,0.0,0.0
2012-08-10,9440.900390625,9476.9501953125,9440.900390625,9441.099609375,9441.099609375,0,0.0,0.0
2012-08-13,9482.4501953125,9484.0,9451.900390625,9477.4501953125,9477.4501953125,0,0.0,0.0
2012-08-14,9454.2998046875,9489.9501953125,9450.599609375,9454.2001953125,9454.2001953125,0,0.0,0.0
2012-08-15,9452.099609375,9500.0,9452.099609375,9451.599609375,9451.599609375,0,0.0,0.0
2012-08-16,9467.2001953125,9510.0,9441.400390625,9467.0,9467.0,0,0.0,0.0
2012-08-17,9459.2998046875,9505.0,9458.900390625,9459.5,9459.5,0,0.0,0.0
2012-08-20,9459.599609375,9500.0,9458.5,9489.9501953125,9489.9501953125,0,0.0,0.0
2012-08-21,9459.2001953125,9465.0,9459.2001953125,9459.2998046875,9459.2998046875,0,0.0,0.0
2012-08-22,9459.0,9462.400390625,9458.5,9465.0,9465.0,0,0.0,0.0
2012-08-23,9465.2001953125,9465.2001953125,9459.900390625,9465.0,9465.0,0,0.0,0.0
2012-08-24,9464.599609375,9481.099609375,9463.5,9463.2998046875,9463.2998046875,0,0.0,0.0
2012-08-27,9489.7001953125,9490.900390625,9484.099609375,9480.0,9480.0,0,0.0,0.0
2012-08-28,9485.400390625,9539.9501953125,9483.599609375,9485.0,9485.0,0,0.0,0.0
2012-08-29,9505.5,9568.0,9505.099609375,9505.400390625,9505.400390625,0,0.0,0.0
2012-08-30,9517.900390625,9572.4501953125,9513.900390625,9517.7001953125,9517.7001953125,0,0.0,0.0
2012-08-31,9514.099609375,9564.9501953125,9493.2998046875,9514.7998046875,9514.7998046875,0,0.0,0.0
2012-09-03,9562.4501953125,9589.9501953125,9495.0,9534.9501953125,9534.9501953125,0,0.0,0.0
2012-09-04,9505.5,9581.9501953125,9505.5,9505.400390625,9505.400390625,0,0.0,0.0
2012-09-05,9540.7998046875,9588.0,9538.599609375,9541.7001953125,9541.7001953125,0,0.0,0.0
2012-09-06,9540.400390625,9590.0,9533.2001953125,9540.400390625,9540.400390625,0,0.0,0.0
2012-09-07,9534.5,9592.4501953125,9527.2998046875,9535.7001953125,9535.7001953125,0,0.0,0.0
2012-09-10,9575.0,9580.0,9312.7998046875,9541.900390625,9541.900390625,0,0.0,0.0
2012-09-11,9547.2001953125,9589.4501953125,9547.2001953125,9547.900390625,9547.900390625,0,0.0,0.0
2012-09-12,9548.7001953125,9583.4501953125,9538.2001953125,9548.400390625,9548.400390625,0,0.0,0.0
2012-09-13,9539.0,9586.4501953125,9538.900390625,9538.599609375,9538.599609375,0,0.0,0.0
2012-09-14,9548.2998046875,9579.9501953125,9474.900390625,9548.599609375,9548.599609375,0,0.0,0.0
2012-09-17,9484.9501953125,9520.4501953125,9430.0,9480.0,9480.0,0,0.0,0.0
2012-09-18,9433.400390625,9525.099609375,9433.400390625,9434.7001953125,9434.7001953125,0,0.0,0.0
2012-09-19,9473.599609375,9549.4501953125,9473.599609375,9474.0,9474.0,0,0.0,0.0
2012-09-20,9509.2001953125,9560.599609375,9508.400390625,9508.7998046875,9508.7998046875,0,0.0,0.0
2012-09-21,9510.2998046875,9555.0,9510.2998046875,9510.599609375,9510.599609375,0,0.0,0.0
2012-09-24,9559.9501953125,9570.0,9531.2001953125,9520.0,9520.0,0,0.0,0.0
2012-09-25,9533.400390625,9582.4501953125,9533.400390625,9533.099609375,9533.099609375,0,0.0,0.0
2012-09-26,9546.099609375,9580.0,9545.7001953125,9545.400390625,9545.400390625,0,0.0,0.0
2012-09-27,9556.0,9620.0,9542.900390625,9555.599609375,9555.599609375,0,0.0,0.0
2012-09-28,9546.099609375,9588.4501953125,9539.400390625,9546.099609375,9546.099609375,0,0.0,0.0
2012-10-01,9589.9501953125,9590.0,9545.400390625,9569.9501953125,9569.9501953125,0,0.0,0.0
2012-10-02,9551.7998046875,9589.9501953125,9547.599609375,9550.2001953125,9550.2001953125,0,0.0,0.0
2012-10-03,9550.2998046875,9595.0,9550.2998046875,9551.400390625,9551.400390625,0,0.0,0.0
2012-10-04,9556.2998046875,9590.0,9555.400390625,9557.2001953125,9557.2001953125,0,0.0,0.0
2012-10-05,9560.5,9592.9501953125,9558.2998046875,9562.2998046875,9562.2998046875,0,0.0,0.0
2012-10-08,9589.4501953125,9589.4501953125,9559.900390625,9407.2001953125,9407.2001953125,0,0.0,0.0
2012-10-09,9562.0,9600.0,9561.400390625,9561.900390625,9561.900390625,0,0.0,0.0
2012-10-10,9562.2998046875,9607.4501953125,9561.5,9563.7001953125,9563.7001953125,0,0.0,0.0
2012-10-11,9563.7001953125,9621.0,9552.400390625,9562.099609375,9562.099609375,0,0.0,0.0
2012-10-12,9553.2998046875,9629.0,9548.2001953125,9553.7001953125,9553.7001953125,0,0.0,0.0
2012-10-15,9594.9501953125,9621.900390625,9560.0,9577.4501953125,9577.4501953125,0,0.0,0.0
2012-10-16,9561.400390625,9585.0,9554.900390625,9561.599609375,9561.599609375,0,0.0,0.0
2012-10-17,9555.599609375,9611.0,9544.099609375,9555.7001953125,9555.7001953125,0,0.0,0.0
2012-10-18,9544.5,9636.7001953125,9544.5,9545.5,9545.5,0,0.0,0.0
2012-10-19,9558.5,9619.0,9558.5,9559.400390625,9559.400390625,0,0.0,0.0
2012-10-22,9590.0,9619.0,9570.2998046875,9592.4501953125,9592.4501953125,0,0.0,0.0
2012-10-23,9576.0,9625.2001953125,9575.2001953125,9576.099609375,9576.099609375,0,0.0,0.0
2012-10-24,9578.400390625,9614.9501953125,9576.900390625,9579.2001953125,9579.2001953125,0,0.0,0.0
2012-10-25,9580.7001953125,9627.0,9575.2998046875,9581.5,9581.5,0,0.0,0.0
2012-10-26,9576.2998046875,9635.5,9534.599609375,9577.099609375,9577.099609375,0,0.0,0.0
2012-10-29,9622.4501953125,9622.4501953125,9575.599609375,9604.9501953125,9604.9501953125,0,0.0,0.0
2012-10-30,9577.0,9628.0,9575.7998046875,9575.599609375,9575.599609375,0,0.0,0.0
2012-10-31,9586.2998046875,9620.0,9574.7001953125,9586.2998046875,9586.2998046875,0,0.0,0.0
2012-11-01,9576.5,9628.4501953125,9576.5,9576.400390625,9576.400390625,0,0.0,0.0
2012-11-02,9589.7001953125,9629.0,9585.5,9591.5,9591.5,0,0.0,0.0
2012-11-05,9634.9501953125,9634.9501953125,9590.0,9469.2001953125,9469.2001953125,0,0.0,0.0
2012-11-06,9590.099609375,9637.4501953125,9588.5,9591.400390625,9591.400390625,0,0.0,0.0
2012-11-07,9591.099609375,9634.9501953125,9573.7001953125,9591.0,9591.0,0,0.0,0.0
2012-11-08,9574.7998046875,9637.4501953125,9574.7998046875,9575.7001953125,9575.7001953125,0,0.0,0.0
2012-11-09,9600.5,9632.4501953125,9588.900390625,9601.7998046875,9601.7998046875,0,0.0,0.0
2012-11-12,9637.4501953125,9637.4501953125,9589.2001953125,9443.599609375,9443.599609375,0,0.0,0.0
2012-11-13,9590.5,9636.4501953125,9590.5,9590.099609375,9590.099609375,0,0.0,0.0
2012-11-14,9595.599609375,9635.0,9594.7998046875,9595.400390625,9595.400390625,0,0.0,0.0
2012-11-15,9596.2001953125,9610.0,9594.2998046875,9595.2998046875,9595.2998046875,0,0.0,0.0
2012-11-16,9595.400390625,9640.2998046875,9593.0,9595.5,9595.5,0,0.0,0.0
2012-11-19,9636.4501953125,9638.9501953125,9573.099609375,9624.9501953125,9624.9501953125,0,0.0,0.0
2012-11-20,9603.400390625,9639.9501953125,9600.599609375,9600.2998046875,9600.2998046875,0,0.0,0.0
2012-11-21,9603.099609375,9642.4501953125,9603.099609375,9603.900390625,9603.900390625,0,0.0,0.0
2012-11-22,9606.2998046875,9638.4501953125,9597.400390625,9605.5,9605.5,0,0.0,0.0
2012-11-23,9598.0,9630.0,9581.599609375,9598.0,9598.0,0,0.0,0.0
2012-11-26,9610.0,9610.0,9564.900390625,9612.4501953125,9612.4501953125,0,0.0,0.0
2012-11-27,9571.0,9619.400390625,9552.5,9571.099609375,9571.099609375,0,0.0,0.0
2012-11-28,9570.2998046875,9589.5,9570.2998046875,9571.7001953125,9571.7001953125,0,0.0,0.0
2012-11-29,9571.099609375,9610.0,9570.400390625,9571.5,9571.5,0,0.0,0.0
2012-11-30,9570.2001953125,9610.0,9564.099609375,9571.400390625,9571.400390625,0,0.0,0.0
2012-12-03,9610.0,9610.0,9565.900390625,9569.0,9569.0,0,0.0,0.0
2012-12-05,9572.2998046875,9615.0,9567.599609375,9573.599609375,9573.599609375,0,0.0,0.0
2012-12-06,9571.400390625,9647.099609375,9571.400390625,9570.7998046875,9570.7998046875,0,0.0,0.0
2012-12-07,9581.0,9640.0,9581.0,9580.900390625,9580.900390625,0,0.0,0.0
2012-12-10,9610.0,9610.7998046875,9599.400390625,9612.4501953125,9612.4501953125,0,0.0,0.0
2012-12-11,9601.7001953125,9650.0,9600.7998046875,9600.7998046875,9600.7998046875,0,0.0,0.0
2012-12-12,9606.099609375,9643.7001953125,9600.900390625,9606.099609375,9606.099609375,0,0.0,0.0
2012-12-13,9601.5,9620.0,9601.5,9601.7998046875,9601.7998046875,0,0.0,0.0
2012-12-14,9606.7998046875,9621.7001953125,9606.0,9606.099609375,9606.099609375,0,0.0,0.0
2012-12-17,9616.0,9616.400390625,9611.099609375,9612.4501953125,9612.4501953125,0,0.0,0.0
2012-12-18,9611.7998046875,9682.7998046875,9611.599609375,9611.7998046875,9611.7998046875,0,0.0,0.0
2012-12-19,9614.599609375,9639.599609375,9614.599609375,9615.7001953125,9615.7001953125,0,0.0,0.0
2012-12-20,9620.7998046875,9657.0,9620.7998046875,9622.2998046875,9622.2998046875,0,0.0,0.0
2012-12-21,9624.2998046875,9660.0,9623.599609375,9624.0,9624.0,0,0.0,0.0
2012-12-24,9628.599609375,9633.0,9628.400390625,9610.0,9610.0,0,0.0,0.0
2012-12-25,9628.599609375,9642.7998046875,9628.0,9632.7998046875,9632.7998046875,0,0.0,0.0
2012-12-26,9628.099609375,9697.2998046875,9628.099609375,9630.5,9630.5,0,0.0,0.0
2012-12-27,9627.900390625,9660.0,9627.900390625,9629.0,9629.0,0,0.0,0.0
2012-12-28,9634.400390625,9643.099609375,9608.2998046875,9633.900390625,9633.900390625,0,0.0,0.0
2012-12-31,9608.7998046875,9610.599609375,9608.2001953125,9612.4501953125,9612.4501953125,0,0.0,0.0
2013-01-01,9607.7998046875,9623.599609375,9599.0,9609.0,9609.0,0,0.0,0.0
2013-01-02,9609.7998046875,9658.400390625,9608.900390625,9609.0,9609.0,0,0.0,0.0
2013-01-03,9620.900390625,9646.599609375,9620.900390625,9622.5,9622.5,0,0.0,0.0
2013-01-04,9627.2001953125,9650.0,9627.2001953125,9626.2998046875,9626.2998046875,0,0.0,0.0
2013-01-07,9610.0,9687.0,9610.0,9770.0,9770.0,0,0.0,0.0
2013-01-08,9638.900390625,9715.0,9636.7998046875,9639.099609375,9639.099609375,0,0.0,0.0
2013-01-09,9645.0,9713.099609375,9629.5,9641.2001953125,9641.2001953125,0,0.0,0.0
2013-01-10,9630.7001953125,9700.0,9629.599609375,9632.099609375,9632.099609375,0,0.0,0.0
2013-01-11,9631.7001953125,9661.400390625,9605.7001953125,9631.7001953125,9631.7001953125,0,0.0,0.0
2013-01-14,9610.0,9860.0,9605.7001953125,9612.4501953125,9612.4501953125,0,0.0,0.0
2013-01-15,9606.7998046875,9712.2998046875,9606.7998046875,9606.7998046875,9606.7998046875,0,0.0,0.0
2013-01-16,9620.400390625,9687.5,9620.400390625,9621.599609375,9621.599609375,0,0.0,0.0
2013-01-17,9627.2001953125,9684.900390625,9620.7001953125,9626.2001953125,9626.2001953125,0,0.0,0.0
2013-01-18,9620.900390625,9700.0,9591.599609375,9621.7998046875,9621.7998046875,0,0.0,0.0
2013-01-21,9682.0,9682.0,9588.900390625,9682.0,9682.0,0,0.0,0.0
2013-01-22,9589.599609375,9637.7998046875,9589.599609375,9589.400390625,9589.400390625,0,0.0,0.0
2013-01-23,9591.7998046875,9636.0,9591.7998046875,9591.599609375,9591.599609375,0,0.0,0.0
2013-01-24,9596.2998046875,9615.0,9595.400390625,9596.900390625,9596.900390625,0,0.0,0.0
2013-01-25,9597.2998046875,9653.7998046875,9597.2998046875,9597.5,9597.5,0,0.0,0.0
2013-01-28,9628.0,9690.0,9628.0,9612.4501953125,9612.4501953125,0,0.0,0.0
2013-01-29,9649.7001953125,9735.0,9648.2001953125,9649.7998046875,9649.7998046875,0,0.0,0.0
2013-01-30,9650.2998046875,9740.099609375,9649.7001953125,9650.0,9650.0,0,0.0,0.0
2013-01-31,9659.5,9755.0,9659.2998046875,9659.7001953125,9659.7001953125,0,0.0,0.0
2013-02-01,9669.2998046875,9737.099609375,9669.2998046875,9669.900390625,9669.900390625,0,0.0,0.0
2013-02-04,9535.099609375,9646.0,9525.2998046875,9612.4501953125,9612.4501953125,0,0.0,0.0
2013-02-05,9640.599609375,9671.599609375,9640.599609375,9642.7001953125,9642.7001953125,0,0.0,0.0
2013-02-06,9648.099609375,9683.2998046875,9647.2998046875,9647.900390625,9647.900390625,0,0.0,0.0
2013-02-07,9681.2998046875,9698.400390625,9663.5,9682.099609375,9682.099609375,0,0.0,0.0
2013-02-08,9664.900390625,9685.0,9637.5,9666.0,9666.0,0,0.0,0.0
2013-02-11,9629.2998046875,9660.0,9584.5,9612.4501953125,9612.4501953125,0,0.0,0.0
2013-02-12,9592.400390625,9619.5,9592.0,9593.099609375,9593.099609375,0,0.0,0.0
2013-02-13,9618.400390625,9640.0,9607.2001953125,9617.7001953125,9617.7001953125,0,0.0,0.0
2013-02-14,9618.7998046875,9647.7998046875,9616.7998046875,9618.5,9618.5,0,0.0,0.0
2013-02-15,9631.7998046875,9656.400390625,9631.400390625,9631.599609375,9631.599609375,0,0.0,0.0
2013-02-18,9523.5,9660.0,9521.2998046875,9645.0,9645.0,0,0.0,0.0
2013-02-19,9652.7001953125,9687.099609375,9652.7001953125,9652.599609375,9652.599609375,0,0.0,0.0
2013-02-20,9674.400390625,9685.0,9653.7001953125,9674.900390625,9674.900390625,0,0.0,0.0
2013-02-21,9655.0,9685.0,9654.2998046875,9655.5,9655.5,0,0.0,0.0
2013-02-22,9674.2998046875,9685.7998046875,9673.599609375,9674.5,9674.5,0,0.0,0.0
2013-02-25,9610.0,9701.0,9610.0,9684.0,9684.0,0,0.0,0.0
2013-02-26,9676.2001953125,9700.0,9675.0,9676.400390625,9676.400390625,0,0.0,0.0
2013-02-27,9678.099609375,9705.0,9651.7001953125,9678.5,9678.5,0,0.0,0.0
2013-02-28,9657.7998046875,9682.5,9628.5,9657.2998046875,9657.2998046875,0,0.0,0.0
2013-03-01,9634.7998046875,9661.0,9634.099609375,9633.7998046875,9633.7998046875,0,0.0,0.0
2013-03-04,9679.5,9684.099609375,9675.0,9612.4501953125,9612.4501953125,0,0.0,0.0
2013-03-05,9677.0,9710.0,9662.400390625,9677.5,9677.5,0,0.0,0.0
2013-03-06,9663.599609375,9663.900390625,9656.7998046875,9663.7998046875,9663.7998046875,0,0.0,0.0
2013-03-07,9657.2001953125,9685.0,9657.2001953125,9658.7998046875,9658.7998046875,0,0.0,0.0
2013-03-08,9664.2001953125,9683.0,9654.400390625,9663.900390625,9663.900390625,0,0.0,0.0
2013-03-11,9555.2998046875,9684.0,9554.900390625,9612.4501953125,9612.4501953125,0,0.0,0.0
2013-03-12,9668.599609375,9680.0,9667.0,9668.599609375,9668.599609375,0,0.0,0.0
2013-03-13,9669.099609375,9685.0,9660.900390625,9668.0,9668.0,0,0.0,0.0
2013-03-14,9662.0,9685.0,9662.0,9661.7998046875,9661.7998046875,0,0.0,0.0
2013-03-15,9673.5,9695.0,9668.2998046875,9673.400390625,9673.400390625,0,0.0,0.0
2013-03-18,9815.7998046875,9815.7998046875,9679.0,9675.7998046875,9675.7998046875,0,0.0,0.0
2013-03-19,9681.900390625,9700.0,9675.2001953125,9682.5,9682.5,0,0.0,0.0
2013-03-20,9682.7998046875,9718.0,9682.7998046875,9682.7001953125,9682.7001953125,0,0.0,0.0
2013-03-21,9694.599609375,9710.0,9694.599609375,9695.2001953125,9695.2001953125,0,0.0,0.0
2013-03-22,9703.599609375,9765.0,9703.599609375,9703.2001953125,9703.2001953125,0,0.0,0.0
2013-03-25,9610.0,9740.0,9610.0,9612.4501953125,9612.4501953125,0,0.0,0.0
2013-03-26,9705.2001953125,9730.0,9695.2998046875,9705.0,9705.0,0,0.0,0.0
2013-03-27,9702.400390625,9730.0,9690.2998046875,9702.2001953125,9702.2001953125,0,0.0,0.0
2013-03-28,9694.7998046875,9721.0,9678.400390625,9694.7998046875,9694.7998046875,0,0.0,0.0
2013-03-29,9610.0,9610.0,9610.0,9688.599609375,9688.599609375,0,0.0,0.0
2013-04-01,9610.0,9721.0,9610.0,9612.4501953125,9612.4501953125,0,0.0,0.0
2013-04-02,9610.0,9730.0,9610.0,9715.0,9715.0,0,0.0,0.0
2013-04-03,9708.099609375,9730.0,9708.099609375,9707.5,9707.5,0,0.0,0.0
2013-04-04,9718.2001953125,9743.0,9718.099609375,9718.2001953125,9718.2001953125,0,0.0,0.0
2013-04-05,9720.099609375,9745.0,9717.400390625,9720.0,9720.0,0,0.0,0.0
2013-04-08,9731.099609375,9745.0,9717.7998046875,9728.2998046875,9728.2998046875,0,0.0,0.0
2013-04-09,9720.2998046875,9746.0,9688.7001953125,9719.0,9719.0,0,0.0,0.0
2013-04-10,9691.5,9715.0,9660.7001953125,9690.400390625,9690.400390625,0,0.0,0.0
2013-04-11,9661.7001953125,9685.0,9651.7998046875,9661.400390625,9661.400390625,0,0.0,0.0
2013-04-12,9674.2998046875,9702.0,9674.2998046875,9674.2998046875,9674.2998046875,0,0.0,0.0
2013-04-15,9610.0,9713.0,9610.0,9683.5,9683.5,0,0.0,0.0
2013-04-16,9681.900390625,9715.0,9677.0,9683.400390625,9683.400390625,0,0.0,0.0
2013-04-17,9688.599609375,9710.0,9677.400390625,9688.099609375,9688.099609375,0,0.0,0.0
2013-04-18,9681.099609375,9705.0,9681.099609375,9680.900390625,9680.900390625,0,0.0,0.0
2013-04-19,9680.400390625,9710.0,9678.7001953125,9684.900390625,9684.900390625,0,0.0,0.0
2013-04-22,9610.0,9741.0,9610.0,9688.0,9688.0,0,0.0,0.0
2013-04-23,9688.400390625,9751.900390625,9688.400390625,9688.7001953125,9688.7001953125,0,0.0,0.0
2013-04-24,9694.7998046875,9728.099609375,9686.7998046875,9694.7001953125,9694.7001953125,0,0.0,0.0
2013-04-25,9688.2001953125,9715.0,9685.7998046875,9688.7998046875,9688.7998046875,0,0.0,0.0
2013-04-26,9689.099609375,9715.0,9688.7998046875,9689.400390625,9689.400390625,0,0.0,0.0
2013-04-29,9610.0,9710.0,9610.0,9612.4501953125,9612.4501953125,0,0.0,0.0
2013-04-30,9692.0,9713.0,9692.0,9691.5,9691.5,0,0.0,0.0
2013-05-01,9694.0,9713.0,9693.099609375,9694.099609375,9694.099609375,0,0.0,0.0
2013-05-02,9693.2998046875,9735.0,9693.2998046875,9695.0,9695.0,0,0.0,0.0
2013-05-03,9707.599609375,9735.0,9691.400390625,9708.2001953125,9708.2001953125,0,0.0,0.0
2013-05-06,9610.0,9734.5,9610.0,9612.4501953125,9612.4501953125,0,0.0,0.0
2013-05-07,9710.0,9733.0,9705.2998046875,9705.599609375,9705.599609375,0,0.0,0.0
2013-05-08,9706.400390625,9725.0,9698.599609375,9705.599609375,9705.599609375,0,0.0,0.0
2013-05-09,9702.2001953125,9722.0,9700.599609375,9705.0,9705.0,0,0.0,0.0
2013-05-10,9702.2998046875,9730.0,9682.7001953125,9702.0,9702.0,0,0.0,0.0
2013-05-13,9505.099609375,9730.0,9505.099609375,9709.0,9709.0,0,0.0,0.0
2013-05-14,9707.400390625,9738.0,9706.099609375,9708.7001953125,9708.7001953125,0,0.0,0.0
2013-05-15,9707.900390625,9745.0,9707.900390625,9708.099609375,9708.099609375,0,0.0,0.0
2013-05-16,9718.5,9745.0,9695.099609375,9718.2001953125,9718.2001953125,0,0.0,0.0
2013-05-17,9721.2001953125,9752.0,9721.099609375,9720.5,9720.5,0,0.0,0.0
2013-05-20,9610.0,9752.0,9610.0,9731.0,9731.0,0,0.0,0.0
2013-05-21,9727.900390625,9752.0,9727.900390625,9727.7001953125,9727.7001953125,0,0.0,0.0
2013-05-22,9734.099609375,9752.0,9700.2998046875,9734.2998046875,9734.2998046875,0,0.0,0.0
2013-05-23,9736.7001953125,9770.0,9736.7001953125,9736.900390625,9736.900390625,0,0.0,0.0
2013-05-24,9743.099609375,9770.0,9741.400390625,9744.0,9744.0,0,0.0,0.0
2013-05-27,9773.0,9773.0,9760.400390625,9744.0,9744.0,0,0.0,0.0
2013-05-28,9761.5,9789.099609375,9758.599609375,9760.2001953125,9760.2001953125,0,0.0,0.0
2013-05-29,9763.400390625,9785.0,9763.400390625,9763.7998046875,9763.7998046875,0,0.0,0.0
2013-05-30,9774.400390625,9800.0,9774.400390625,9772.900390625,9772.900390625,0,0.0,0.0
2013-05-31,9777.0,9800.0,9764.2001953125,9778.2001953125,9778.2001953125,0,0.0,0.0
2013-06-03,9783.7001953125,9800.0,9775.900390625,9612.4501953125,9612.4501953125,0,0.0,0.0
2013-06-04,9774.0,9800.0,9768.099609375,9776.599609375,9776.599609375,0,0.0,0.0
2013-06-05,9771.2001953125,9804.099609375,9762.2998046875,9769.900390625,9769.900390625,0,0.0,0.0
2013-06-06,9763.099609375,9790.0,9762.400390625,9762.7998046875,9762.7998046875,0,0.0,0.0
2013-06-07,9763.599609375,9809.7001953125,9757.400390625,9764.5,9764.5,0,0.0,0.0
2013-06-10,9763.599609375,9824.400390625,9757.400390625,9764.5,9764.5,0,0.0,0.0
2013-06-11,9763.599609375,9824.400390625,9757.400390625,9764.5,9764.5,0,0.0,0.0
2013-06-12,9763.599609375,9833.099609375,9757.400390625,9764.5,9764.5,0,0.0,0.0
2013-06-13,9835.0,9882.099609375,9831.2998046875,9831.2998046875,9831.2998046875,0,0.0,0.0
2013-06-14,9858.0,9872.0,9841.5,9854.5,9854.5,0,0.0,0.0
2013-06-17,9749.599609375,9885.0,9749.599609375,9612.4501953125,9612.4501953125,0,0.0,0.0
2013-06-18,9859.2998046875,9933.0,9842.7998046875,9859.2998046875,9859.2998046875,0,0.0,0.0
2013-06-19,9876.7001953125,9900.0,9874.0,9877.2001953125,9877.2001953125,0,0.0,0.0
2013-06-20,9880.2998046875,9920.0,9879.099609375,9880.2001953125,9880.2001953125,0,0.0,0.0
2013-06-21,9900.0,9920.0,9895.5,9897.400390625,9897.400390625,0,0.0,0.0
2013-06-24,9900.0,9936.900390625,9900.0,9612.4501953125,9612.4501953125,0,0.0,0.0
2013-06-25,9901.0,9920.0,9889.400390625,9901.7998046875,9901.7998046875,0,0.0,0.0
2013-06-26,9891.400390625,9947.7998046875,9891.2001953125,9892.0,9892.0,0,0.0,0.0
2013-06-27,9900.0,9920.0,9895.099609375,9895.7998046875,9895.7998046875,0,0.0,0.0
2013-06-28,9900.0,9920.0,9892.900390625,9897.2001953125,9897.2001953125,0,0.0,0.0
2013-07-01,9900.0,9920.0,9610.0,9612.4501953125,9612.4501953125,0,0.0,0.0
2013-07-02,9903.0,9945.5,9898.2001953125,9898.2001953125,9898.2001953125,0,0.0,0.0
2013-07-03,9903.7001953125,9928.0,9903.7001953125,9903.2001953125,9903.2001953125,0,0.0,0.0
2013-07-04,9915.0,9915.0,9909.5,9910.7001953125,9910.7001953125,0,0.0,0.0
2013-07-05,9911.0,10281.0,9908.900390625,9911.0,9911.0,0,0.0,0.0
2013-07-08,9917.5,9940.0,9610.0,9918.0,9918.0,0,0.0,0.0
2013-07-09,9930.0,9955.0,9924.7001953125,9926.7998046875,9926.7998046875,0,0.0,0.0
2013-07-10,9927.2001953125,9955.0,9927.2001953125,9928.7998046875,9928.7998046875,0,0.0,0.0
2013-07-11,9935.7001953125,9965.0,9935.7001953125,9935.400390625,9935.400390625,0,0.0,0.0
2013-07-12,9945.0,10004.0,9940.7998046875,9968.0,9968.0,0,0.0,0.0
2013-07-15,9610.0,9993.900390625,9610.0,9612.4501953125,9612.4501953125,0,0.0,0.0
2013-07-16,9989.7001953125,10370.0,9988.5,9989.2001953125,9989.2001953125,0,0.0,0.0
2013-07-17,10006.0,10428.0,10005.0,10007.0,10007.0,0,0.0,0.0
2013-07-18,10018.0,10203.0,10016.0,10017.0,10017.0,0,0.0,0.0
2013-07-19,10031.0,10169.0,10031.0,10032.0,10032.0,0,0.0,0.0
2013-07-22,10037.0,10080.0,10036.0,9612.4501953125,9612.4501953125,0,0.0,0.0
2013-07-23,10036.0,10230.0,10036.0,10037.0,10037.0,0,0.0,0.0
2013-07-24,10214.0,10303.0,10173.0,10171.0,10171.0,0,0.0,0.0
2013-07-25,10304.0,10321.0,10232.0,10303.0,10303.0,0,0.0,0.0
2013-07-26,10240.0,10298.0,10222.0,10240.0,10240.0,0,0.0,0.0
2013-07-29,10269.0,10303.0,10239.0,10269.0,10269.0,0,0.0,0.0
2013-07-30,10244.0,10323.0,10243.0,10244.0,10244.0,0,0.0,0.0
2013-07-31,10313.0,10324.0,10244.0,10244.0,10244.0,0,0.0,0.0
2013-08-01,10250.0,10318.0,10240.0,10250.0,10250.0,0,0.0,0.0
2013-08-02,10251.0,10259.0,10237.0,10252.0,10252.0,0,0.0,0.0
2013-08-05,10257.0,10300.0,10256.0,10029.0,10029.0,0,0.0,0.0
2013-08-06,10257.0,10280.0,10247.0,10256.0,10256.0,0,0.0,0.0
2013-08-07,10257.0,10275.0,10256.0,10257.0,10257.0,0,0.0,0.0
2013-08-08,10257.0,10258.0,10256.0,10257.0,10257.0,0,0.0,0.0
2013-08-09,10258.0,10313.0,10256.0,10256.0,10256.0,0,0.0,0.0
2013-08-12,10269.0,10409.0,10256.0,10262.0,10262.0,0,0.0,0.0
2013-08-13,10309.0,10335.0,10259.0,10309.0,10309.0,0,0.0,0.0
2013-08-14,10299.0,10334.0,10262.0,10308.0,10308.0,0,0.0,0.0
2013-08-15,10309.0,10446.0,10265.0,10265.0,10265.0,0,0.0,0.0
2013-08-16,10322.0,10534.0,10321.0,10390.0,10390.0,0,0.0,0.0
2013-08-19,10509.0,10610.0,10461.0,10509.0,10509.0,0,0.0,0.0
2013-08-20,10664.0,10825.0,10550.0,10664.0,10664.0,0,0.0,0.0
2013-08-21,10657.0,11114.0,10657.0,10657.0,10657.0,0,0.0,0.0
2013-08-22,10747.0,11195.0,10747.0,10747.0,10747.0,0,0.0,0.0
2013-08-23,11094.0,11112.0,10753.0,10790.0,10790.0,0,0.0,0.0
2013-08-26,11005.0,11134.0,10817.0,11005.0,11005.0,0,0.0,0.0
2013-08-27,10817.0,11383.0,10817.0,10817.0,10817.0,0,0.0,0.0
2013-08-28,10897.0,11383.0,10896.0,10897.0,10897.0,0,0.0,0.0
2013-08-29,10917.0,11268.0,10917.0,10917.0,10917.0,0,0.0,0.0
2013-08-30,10908.0,11281.0,10907.0,10908.0,10908.0,0,0.0,0.0
2013-09-02,10895.0,11333.0,10888.0,10895.0,10895.0,0,0.0,0.0
2013-09-03,10949.0,11482.0,10949.0,10950.0,10950.0,0,0.0,0.0
2013-09-04,11464.0,11519.0,11080.0,11037.0,11037.0,0,0.0,0.0
2013-09-05,11404.0,11674.0,11394.0,11097.0,11097.0,0,0.0,0.0
2013-09-06,11098.0,11724.0,11098.0,11098.0,11098.0,0,0.0,0.0
2013-09-09,10788.0,11560.0,10788.0,11150.0,11150.0,0,0.0,0.0
2013-09-10,11132.0,11455.0,11131.0,11132.0,11132.0,0,0.0,0.0
2013-09-11,11314.0,11450.0,11206.0,11210.0,11210.0,0,0.0,0.0
2013-09-12,11269.0,11471.0,11041.0,11318.0,11318.0,0,0.0,0.0
2013-09-13,11322.0,11384.0,11094.0,11322.0,11322.0,0,0.0,0.0
2013-09-16,11213.0,11382.0,11070.0,11213.0,11213.0,0,0.0,0.0
2013-09-17,11351.0,11441.0,11351.0,11349.0,11349.0,0,0.0,0.0
2013-09-18,11418.0,11489.0,11418.0,11417.0,11417.0,0,0.0,0.0
2013-09-19,11447.0,11447.0,11225.0,11449.0,11449.0,0,0.0,0.0
2013-09-20,11257.0,11368.0,11257.0,11255.0,11255.0,0,0.0,0.0
2013-09-23,11070.0,11459.0,11070.0,11325.0,11325.0,0,0.0,0.0
2013-09-24,11417.0,11555.0,11417.0,11417.0,11417.0,0,0.0,0.0
2013-09-25,11441.0,11561.0,11437.0,11443.0,11443.0,0,0.0,0.0
2013-09-26,11458.0,11541.0,11429.0,11457.0,11457.0,0,0.0,0.0
2013-09-27,11470.0,11537.0,11470.0,11453.0,11453.0,0,0.0,0.0
2013-09-30,11603.0,11603.0,11552.0,11552.0,11552.0,0,0.0,0.0
2013-10-01,11552.0,11600.0,11476.0,11552.0,11552.0,0,0.0,0.0
2013-10-02,11476.0,11540.0,11476.0,11476.0,11476.0,0,0.0,0.0
2013-10-03,11503.0,11523.0,11491.0,11503.0,11503.0,0,0.0,0.0
2013-10-04,11500.0,11547.0,11478.0,11500.0,11500.0,0,0.0,0.0
2013-10-07,11076.0,11507.0,11076.0,11480.0,11480.0,0,0.0,0.0
2013-10-09,11490.0,11549.0,11489.0,11489.0,11489.0,0,0.0,0.0
2013-10-10,11506.0,11516.0,11462.0,11504.0,11504.0,0,0.0,0.0
2013-10-11,11462.0,11463.0,10940.0,11463.0,11463.0,0,0.0,0.0
2013-10-14,11337.0,11339.0,11336.0,10787.0,10787.0,0,0.0,0.0
2013-10-15,11337.0,11340.0,10940.0,11337.0,11337.0,0,0.0,0.0
2013-10-16,11337.0,11338.0,10930.0,11339.0,11339.0,0,0.0,0.0
2013-10-17,11337.0,11337.0,11302.0,11339.0,11339.0,0,0.0,0.0
2013-10-18,11304.0,11325.0,11273.0,11303.0,11303.0,0,0.0,0.0
2013-10-21,10758.0,11345.0,10758.0,10758.0,10758.0,0,0.0,0.0
2013-10-22,11307.0,11321.0,11262.0,11307.0,11307.0,0,0.0,0.0
2013-10-23,11264.0,11265.0,11228.0,11264.0,11264.0,0,0.0,0.0
2013-10-24,11242.0,11253.0,11110.0,11244.0,11244.0,0,0.0,0.0
2013-10-25,11128.0,11129.0,10917.0,11128.0,11128.0,0,0.0,0.0
2013-10-28,9610.0,11089.0,9610.0,9612.4501953125,9612.4501953125,0,0.0,0.0
2013-10-29,11028.0,11077.0,11024.0,11025.0,11025.0,0,0.0,0.0
2013-10-30,11075.0,11187.0,10850.0,11075.0,11075.0,0,0.0,0.0
2013-10-31,11147.0,11263.0,10936.0,11147.0,11147.0,0,0.0,0.0
2013-11-01,11245.0,11345.0,11245.0,11245.0,11245.0,0,0.0,0.0
2013-11-04,11337.0,11337.0,11317.0,11308.0,11308.0,0,0.0,0.0
2013-11-05,11328.0,11328.0,11326.0,11327.0,11327.0,0,0.0,0.0
2013-11-06,11327.0,11393.0,11326.0,11330.0,11330.0,0,0.0,0.0
2013-11-07,11380.0,11380.0,11260.0,11380.0,11380.0,0,0.0,0.0
2013-11-08,11362.0,11399.0,11362.0,11363.0,11363.0,0,0.0,0.0
2013-11-11,9610.0,11535.0,9610.0,9612.4501953125,9612.4501953125,0,0.0,0.0
2013-11-12,11531.0,11610.0,11400.0,11532.0,11532.0,0,0.0,0.0
2013-11-13,11564.0,11644.0,11370.0,11565.0,11565.0,0,0.0,0.0
2013-11-14,11577.0,11577.0,11370.0,11577.0,11577.0,0,0.0,0.0
2013-11-15,11514.0,11605.0,11514.0,11515.0,11515.0,0,0.0,0.0
2013-11-18,11615.0,11615.0,11603.0,9612.4501953125,9612.4501953125,0,0.0,0.0
2013-11-19,11604.0,11605.0,11558.0,11605.0,11605.0,0,0.0,0.0
2013-11-20,11570.0,11631.0,11570.0,11570.0,11570.0,0,0.0,0.0
2013-11-21,11633.0,11715.0,11512.0,11629.0,11629.0,0,0.0,0.0
2013-11-22,11674.0,11708.0,11479.0,11674.0,11674.0,0,0.0,0.0
2013-11-25,11711.0,11723.0,11662.0,9612.4501953125,9612.4501953125,0,0.0,0.0
2013-11-26,11716.0,11769.0,11714.0,11719.0,11719.0,0,0.0,0.0
2013-11-27,11750.0,11750.0,11750.0,11750.0,11750.0,0,0.0,0.0
2013-11-28,11880.0,11880.0,11674.0,11880.0,11880.0,0,0.0,0.0
2013-11-29,11660.0,11660.0,9610.0,9612.4501953125,9612.4501953125,0,0.0,0.0
2013-12-02,11625.0,11885.0,11496.0,9612.4501953125,9612.4501953125,0,0.0,0.0
2013-12-03,11501.0,11760.0,11501.0,9612.4501953125,9612.4501953125,0,0.0,0.0
2013-12-04,11569.0,11880.0,11568.0,11885.0,11885.0,0,0.0,0.0
2013-12-05,11776.0,11975.0,11717.0,11972.0,11972.0,0,0.0,0.0
2013-12-06,11650.0,11935.0,9610.0,9612.4501953125,9612.4501953125,0,0.0,0.0
2013-12-09,11678.0,11950.0,9610.0,9610.0,9610.0,0,0.0,0.0
2013-12-10,11813.0,11948.0,11805.0,11813.0,11813.0,0,0.0,0.0
2013-12-11,11834.0,11945.0,11834.0,11834.0,11834.0,0,0.0,0.0
2013-12-12,11878.0,12051.0,11878.0,11878.0,11878.0,0,0.0,0.0
2013-12-13,11999.0,12052.0,11971.0,11999.0,11999.0,0,0.0,0.0
2013-12-16,11988.0,11995.0,11955.0,11988.0,11988.0,0,0.0,0.0
2013-12-17,11973.0,11990.0,11945.0,11973.0,11973.0,0,0.0,0.0
2013-12-18,11984.0,12070.0,11965.0,11984.0,11984.0,0,0.0,0.0
2013-12-19,12012.0,12142.0,12012.0,12012.0,12012.0,0,0.0,0.0
2013-12-20,12118.0,12195.0,12070.0,12118.0,12118.0,0,0.0,0.0
2013-12-23,12167.0,12167.0,12095.0,12153.0,12153.0,0,0.0,0.0
2013-12-24,12147.0,12180.0,12122.0,12147.0,12147.0,0,0.0,0.0
2013-12-25,12148.0,12148.0,12145.0,12148.0,12148.0,0,0.0,0.0
2013-12-26,12143.0,12143.0,12140.0,12143.0,12143.0,0,0.0,0.0
2013-12-27,12148.0,12180.0,12105.0,12148.0,12148.0,0,0.0,0.0
2013-12-30,12142.0,12215.0,12140.0,12142.0,12142.0,0,0.0,0.0
2013-12-31,12217.0,12217.0,12140.0,12217.0,12217.0,0,0.0,0.0
2014-01-01,12158.0,12158.0,12155.0,12158.0,12158.0,0,0.0,0.0
2014-01-02,12158.0,12168.0,12020.0,12158.0,12158.0,0,0.0,0.0
2014-01-03,12102.0,12165.0,12067.0,12102.0,12102.0,0,0.0,0.0
2014-01-06,12112.0,12210.0,12105.0,12112.0,12112.0,0,0.0,0.0
2014-01-07,12133.0,12178.0,12024.0,12133.0,12133.0,0,0.0,0.0
2014-01-08,12065.0,12108.0,12017.0,12065.0,12065.0,0,0.0,0.0
2014-01-09,12077.0,12120.0,11985.0,12077.0,12077.0,0,0.0,0.0
2014-01-10,12032.0,12045.0,11838.0,12032.0,12032.0,0,0.0,0.0
2014-01-13,11822.0,11863.0,11745.0,12017.0,12017.0,0,0.0,0.0
2014-01-14,11812.0,11852.0,11770.0,11812.0,11812.0,0,0.0,0.0
2014-01-15,11822.0,11885.0,11820.0,11801.0,11801.0,0,0.0,0.0
2014-01-16,11828.0,11940.0,11825.0,11828.0,11828.0,0,0.0,0.0
2014-01-17,11878.0,11932.0,11840.0,11878.0,11878.0,0,0.0,0.0
2014-01-20,11932.0,11965.0,11888.0,11858.0,11858.0,0,0.0,0.0
2014-01-21,11897.0,12076.0,11895.0,11897.0,11897.0,0,0.0,0.0
2014-01-22,12038.0,12057.0,11980.0,12038.0,12038.0,0,0.0,0.0
2014-01-23,12052.0,12095.0,12011.0,12052.0,12052.0,0,0.0,0.0
2014-01-24,12093.0,12177.0,12055.0,12093.0,12093.0,0,0.0,0.0
2014-01-27,12127.0,12237.0,12090.0,12127.0,12127.0,0,0.0,0.0
2014-01-28,12197.0,12197.0,12091.0,12197.0,12197.0,0,0.0,0.0
2014-01-29,12093.0,12182.0,11992.0,12093.0,12093.0,0,0.0,0.0
2014-01-30,12145.0,12202.0,12110.0,12145.0,12145.0,0,0.0,0.0
2014-01-31,12143.0,12200.0,12135.0,12143.0,12143.0,0,0.0,0.0
2014-02-03,12130.0,12175.0,11112.0,12150.0,12150.0,0,0.0,0.0
2014-02-04,12083.0,12115.0,11987.0,12083.0,12083.0,0,0.0,0.0
2014-02-05,11981.0,12075.0,11981.0,11981.0,11981.0,0,0.0,0.0
2014-02-06,11990.0,12016.0,11911.0,12020.0,12020.0,0,0.0,0.0
2014-02-07,11940.0,12005.0,11930.0,11940.0,11940.0,0,0.0,0.0
2014-02-10,12001.0,12045.0,11960.0,12001.0,12001.0,0,0.0,0.0
2014-02-11,12020.0,12021.0,11909.0,12026.0,12026.0,0,0.0,0.0
2014-02-12,11946.0,11965.0,11891.0,11946.0,11946.0,0,0.0,0.0
2014-02-13,11931.0,11950.0,11815.0,11931.0,11931.0,0,0.0,0.0
2014-02-14,11876.0,11886.0,11547.0,11876.0,11876.0,0,0.0,0.0
2014-02-17,11686.0,11686.0,11540.0,11686.0,11686.0,0,0.0,0.0
2014-02-18,11631.0,11835.0,11630.0,11631.0,11631.0,0,0.0,0.0
2014-02-19,11780.0,11815.0,11626.0,11840.0,11840.0,0,0.0,0.0
2014-02-20,11710.0,11776.0,11655.0,11671.0,11671.0,0,0.0,0.0
2014-02-21,11761.0,11761.0,11631.0,11761.0,11761.0,0,0.0,0.0
2014-02-24,11686.0,11695.0,11567.0,11686.0,11686.0,0,0.0,0.0
2014-02-25,11585.0,11660.0,11579.0,11576.0,11576.0,0,0.0,0.0
2014-02-26,11620.0,11650.0,11570.0,11620.0,11620.0,0,0.0,0.0
2014-02-27,11666.0,11675.0,11619.0,11666.0,11666.0,0,0.0,0.0
2014-02-28,11601.0,11606.0,11520.0,11601.0,11601.0,0,0.0,0.0
2014-03-03,11569.0,11621.0,11499.0,11569.0,11569.0,0,0.0,0.0
2014-03-04,11656.0,11676.0,11545.0,11656.0,11656.0,0,0.0,0.0
2014-03-05,11566.0,11583.0,11545.0,11566.0,11566.0,0,0.0,0.0
2014-03-06,11580.0,11586.0,11321.0,11571.0,11571.0,0,0.0,0.0
2014-03-07,11410.0,11470.0,11345.0,11410.0,11410.0,0,0.0,0.0
2014-03-10,11486.0,11486.0,11340.0,11486.0,11486.0,0,0.0,0.0
2014-03-11,11430.0,11470.0,11334.0,11430.0,11430.0,0,0.0,0.0
2014-03-12,11485.0,11500.0,11414.0,11485.0,11485.0,0,0.0,0.0
2014-03-13,11435.0,11435.0,11348.0,11435.0,11435.0,0,0.0,0.0
2014-03-14,11421.0,11435.0,11212.0,11421.0,11421.0,0,0.0,0.0
2014-03-17,11296.0,11296.0,11220.0,11296.0,11296.0,0,0.0,0.0
2014-03-18,11286.0,12295.0,11258.0,11286.0,11286.0,0,0.0,0.0
2014-03-19,11325.0,11355.0,11296.0,11325.0,11325.0,0,0.0,0.0
2014-03-20,11310.0,11529.0,11310.0,11310.0,11310.0,0,0.0,0.0
2014-03-21,11435.0,11473.0,11358.0,11435.0,11435.0,0,0.0,0.0
2014-03-24,11401.0,11418.0,11347.0,11401.0,11401.0,0,0.0,0.0
2014-03-25,11361.0,11403.0,11337.0,11361.0,11361.0,0,0.0,0.0
2014-03-26,11381.0,11428.0,11381.0,11381.0,11381.0,0,0.0,0.0
2014-03-27,11435.0,11458.0,11354.0,11435.0,11435.0,0,0.0,0.0
2014-03-28,11381.0,11423.0,11257.0,11381.0,11381.0,0,0.0,0.0
2014-03-31,11325.0,11325.0,11218.0,11305.0,11305.0,0,0.0,0.0
2014-04-01,11230.0,11306.0,11230.0,11230.0,11230.0,0,0.0,0.0
2014-04-02,11290.0,11310.0,11265.0,11285.0,11285.0,0,0.0,0.0
2014-04-03,11338.0,11340.0,11292.0,11330.0,11330.0,0,0.0,0.0
2014-04-04,11358.0,11358.0,11240.0,11375.0,11375.0,0,0.0,0.0
2014-04-07,11310.0,11325.0,11263.0,11310.0,11310.0,0,0.0,0.0
2014-04-08,11302.0,11318.0,11230.0,11295.0,11295.0,0,0.0,0.0
2014-04-09,11283.0,11373.0,11183.0,11295.0,11295.0,0,0.0,0.0
2014-04-10,11356.0,11480.0,11323.0,11363.0,11363.0,0,0.0,0.0
2014-04-11,11423.0,11468.0,11313.0,11415.0,11415.0,0,0.0,0.0
2014-04-14,11402.0,11508.0,11361.0,11395.0,11395.0,0,0.0,0.0
2014-04-15,11444.0,11475.0,11400.0,11436.0,11436.0,0,0.0,0.0
2014-04-16,11457.0,11458.0,11380.0,11410.0,11410.0,0,0.0,0.0
2014-04-17,11413.0,11433.0,11383.0,11405.0,11405.0,0,0.0,0.0
2014-04-18,11453.0,11453.0,11400.0,11445.0,11445.0,0,0.0,0.0
2014-04-21,11453.0,11453.0,11400.0,11445.0,11445.0,0,0.0,0.0
2014-04-22,11433.0,11547.0,11433.0,11425.0,11425.0,0,0.0,0.0
2014-04-23,11547.0,11643.0,11538.0,11540.0,11540.0,0,0.0,0.0
2014-04-24,11618.0,11642.0,11588.0,11610.0,11610.0,0,0.0,0.0
2014-04-25,11595.0,11628.0,11533.0,11595.0,11595.0,0,0.0,0.0
2014-04-28,11573.0,11596.0,11545.0,11565.0,11565.0,0,0.0,0.0
2014-04-29,11585.0,11591.0,11515.0,11580.0,11580.0,0,0.0,0.0
2014-04-30,11522.0,11573.0,11510.0,11515.0,11515.0,0,0.0,0.0
2014-05-01,11553.0,11553.0,11490.0,11545.0,11545.0,0,0.0,0.0
2014-05-02,11528.0,11550.0,11455.0,11520.0,11520.0,0,0.0,0.0
2014-05-05,11512.0,11540.0,11480.0,11505.0,11505.0,0,0.0,0.0
2014-05-06,11512.0,11523.0,11485.0,11505.0,11505.0,0,0.0,0.0
2014-05-07,11512.0,11585.0,11511.0,11510.0,11510.0,0,0.0,0.0
2014-05-08,11558.0,11638.0,11490.0,11550.0,11550.0,0,0.0,0.0
2014-05-09,11533.0,11563.0,11440.0,11525.0,11525.0,0,0.0,0.0
2014-05-12,11512.0,11538.0,11490.0,11505.0,11505.0,0,0.0,0.0
2014-05-13,11527.0,11563.0,11465.0,11520.0,11520.0,0,0.0,0.0
2014-05-14,11493.0,11508.0,11348.0,11485.0,11485.0,0,0.0,0.0
2014-05-15,11378.0,11430.0,11368.0,11370.0,11370.0,0,0.0,0.0
2014-05-16,11428.0,11428.0,11300.0,11420.0,11420.0,0,0.0,0.0
2014-05-19,11332.0,11438.0,11328.0,11390.0,11390.0,0,0.0,0.0
2014-05-20,11408.0,11486.0,11395.0,11400.0,11400.0,0,0.0,0.0
2014-05-21,11468.0,11528.0,11460.0,11460.0,11460.0,0,0.0,0.0
2014-05-22,11503.0,11530.0,11478.0,11495.0,11495.0,0,0.0,0.0
2014-05-23,11523.0,11618.0,4.0,11515.0,11515.0,0,0.0,0.0
2014-05-26,11597.0,11636.0,11542.0,11590.0,11590.0,0,0.0,0.0
2014-05-27,11565.0,11598.0,11560.0,11560.0,11560.0,0,0.0,0.0
2014-05-28,11565.0,11645.0,11560.0,11560.0,11560.0,0,0.0,0.0
2014-05-29,11637.0,11642.0,11563.0,11630.0,11630.0,0,0.0,0.0
2014-05-30,11602.0,11725.0,11588.0,11595.0,11595.0,0,0.0,0.0
2014-06-02,11728.0,11810.0,11707.0,11660.0,11660.0,0,0.0,0.0
2014-06-03,11765.0,11820.0,11765.0,11760.0,11760.0,0,0.0,0.0
2014-06-04,11828.0,11900.0,11795.0,11770.0,11770.0,0,0.0,0.0
2014-06-05,11885.0,11901.0,11735.0,11880.0,11880.0,0,0.0,0.0
2014-06-06,11850.0,11852.0,11690.0,11845.0,11845.0,0,0.0,0.0
2014-06-09,11753.0,11790.0,11745.0,11815.0,11815.0,0,0.0,0.0
2014-06-10,11780.0,11825.0,11740.0,11775.0,11775.0,0,0.0,0.0
2014-06-11,11822.0,11833.0,11785.0,11815.0,11815.0,0,0.0,0.0
2014-06-12,11812.0,11823.0,11737.0,11805.0,11805.0,0,0.0,0.0
2014-06-13,11787.0,11807.0,11742.0,11780.0,11780.0,0,0.0,0.0
2014-06-16,11800.0,11830.0,11788.0,11785.0,11785.0,0,0.0,0.0
2014-06-17,11822.0,11927.0,11818.0,11815.0,11815.0,0,0.0,0.0
2014-06-18,11893.0,12013.0,11883.0,11885.0,11885.0,0,0.0,0.0
2014-06-19,12012.0,12028.0,11875.0,12005.0,12005.0,0,0.0,0.0
2014-06-20,11932.0,11983.0,11893.0,11925.0,11925.0,0,0.0,0.0
2014-06-23,11958.0,11996.0,11943.0,11950.0,11950.0,0,0.0,0.0
2014-06-24,11995.0,12015.0,11973.0,11988.0,11988.0,0,0.0,0.0
2014-06-25,12003.0,12124.0,11993.0,11995.0,11995.0,0,0.0,0.0
2014-06-26,12097.0,12147.0,12058.0,12090.0,12090.0,0,0.0,0.0
2014-06-27,12090.0,12115.0,12000.0,12100.0,12100.0,0,0.0,0.0
2014-06-30,12025.0,12025.0,11838.0,12020.0,12020.0,0,0.0,0.0
2014-07-01,11890.0,11905.0,11777.0,11885.0,11885.0,0,0.0,0.0
2014-07-02,11905.0,11945.0,11845.0,11865.0,11865.0,0,0.0,0.0
2014-07-03,11905.0,11970.0,11880.0,11900.0,11900.0,0,0.0,0.0
2014-07-04,11910.0,11910.0,11782.0,11905.0,11905.0,0,0.0,0.0
2014-07-07,11860.0,11905.0,11860.0,11860.0,11860.0,0,0.0,0.0
2014-07-08,11725.0,11725.0,11669.0,11725.0,11725.0,0,0.0,0.0
2014-07-09,11665.0,11665.0,11665.0,11665.0,11665.0,0,0.0,0.0
2014-07-10,11615.0,11615.0,11615.0,11615.0,11615.0,0,0.0,0.0
2014-07-11,11570.0,11570.0,11570.0,11570.0,11570.0,0,0.0,0.0
2014-07-14,11595.0,11691.0,11480.0,11605.0,11605.0,0,0.0,0.0
2014-07-15,11668.0,11765.0,11668.0,11663.0,11663.0,0,0.0,0.0
2014-07-16,11725.0,11828.0,11665.0,11720.0,11720.0,0,0.0,0.0
2014-07-17,11700.0,11700.0,11600.0,11642.0,11642.0,0,0.0,0.0
2014-07-18,11665.0,11718.0,11595.0,11660.0,11660.0,0,0.0,0.0
2014-07-21,11620.0,11620.0,11510.0,11615.0,11615.0,0,0.0,0.0
2014-07-22,11571.0,11638.0,11437.0,11566.0,11566.0,0,0.0,0.0
2014-07-23,11585.0,11585.0,11450.0,11580.0,11580.0,0,0.0,0.0
2014-07-24,11490.0,11570.0,11483.0,11485.0,11485.0,0,0.0,0.0
2014-07-25,11557.0,11593.0,11530.0,11552.0,11552.0,0,0.0,0.0
2014-07-28,11566.0,11576.0,11526.0,11561.0,11561.0,0,0.0,0.0
2014-07-29,11566.0,11619.0,11561.0,11561.0,11561.0,0,0.0,0.0
2014-07-30,11565.0,11716.0,11565.0,11560.0,11560.0,0,0.0,0.0
2014-07-31,11566.0,11791.0,11565.0,11561.0,11561.0,0,0.0,0.0
2014-08-01,11890.0,11890.0,11570.0,11761.0,11761.0,0,0.0,0.0
2014-08-04,11866.0,11866.0,11740.0,11861.0,11861.0,0,0.0,0.0
2014-08-05,11760.0,11760.0,11655.0,11755.0,11755.0,0,0.0,0.0
2014-08-06,11680.0,11843.0,11680.0,11675.0,11675.0,0,0.0,0.0
2014-08-07,11763.0,11828.0,11750.0,11758.0,11758.0,0,0.0,0.0
2014-08-08,11790.0,11843.0,11710.0,11785.0,11785.0,0,0.0,0.0
2014-08-11,11785.0,11795.0,11662.0,11745.0,11745.0,0,0.0,0.0
2014-08-12,11705.0,11725.0,11650.0,11700.0,11700.0,0,0.0,0.0
2014-08-13,11685.0,11696.0,11660.0,11680.0,11680.0,0,0.0,0.0
2014-08-14,11688.0,11713.0,11645.0,11683.0,11683.0,0,0.0,0.0
2014-08-15,11675.0,11698.0,11648.0,11670.0,11670.0,0,0.0,0.0
2014-08-18,11665.0,11688.0,11650.0,11667.0,11667.0,0,0.0,0.0
2014-08-19,11685.0,11690.0,11653.0,11680.0,11680.0,0,0.0,0.0
2014-08-20,11668.0,11725.0,11668.0,11663.0,11663.0,0,0.0,0.0
2014-08-21,11705.0,11756.0,11643.0,11700.0,11700.0,0,0.0,0.0
2014-08-22,11693.0,11697.0,11640.0,11688.0,11688.0,0,0.0,0.0
2014-08-25,11693.0,11738.0,11680.0,11660.0,11660.0,0,0.0,0.0
2014-08-26,11708.0,11708.0,11655.0,11703.0,11703.0,0,0.0,0.0
2014-08-27,11698.0,11708.0,11650.0,11688.0,11688.0,0,0.0,0.0
2014-08-28,11670.0,11726.0,11660.0,11665.0,11665.0,0,0.0,0.0
2014-08-29,11720.0,11728.0,11676.0,11715.0,11715.0,0,0.0,0.0
2014-09-01,11694.0,11725.0,11680.0,11694.0,11694.0,0,0.0,0.0
2014-09-02,11708.0,11760.0,11708.0,11698.0,11698.0,0,0.0,0.0
2014-09-03,11748.0,11810.0,11742.0,11743.0,11743.0,0,0.0,0.0
2014-09-04,11775.0,11780.0,11675.0,11767.0,11767.0,0,0.0,0.0
2014-09-05,11746.0,11790.0,11687.0,11741.0,11741.0,0,0.0,0.0
2014-09-08,11721.0,11733.0,11708.0,11722.0,11722.0,0,0.0,0.0
2014-09-09,11713.0,11810.0,11713.0,11713.0,11713.0,0,0.0,0.0
2014-09-10,11780.0,11874.0,11775.0,11775.0,11775.0,0,0.0,0.0
2014-09-11,11815.0,11871.0,11793.0,11805.0,11805.0,0,0.0,0.0
2014-09-12,11825.0,11853.0,11790.0,11830.0,11830.0,0,0.0,0.0
2014-09-15,11895.0,11965.0,11865.0,11885.0,11885.0,0,0.0,0.0
2014-09-16,11935.0,11985.0,11865.0,11925.0,11925.0,0,0.0,0.0
2014-09-17,11985.0,11985.0,11890.0,11975.0,11975.0,0,0.0,0.0
2014-09-18,11967.0,12044.0,11949.0,11962.0,11962.0,0,0.0,0.0
2014-09-19,11974.0,12010.0,11925.0,11969.0,11969.0,0,0.0,0.0
2014-09-22,11988.0,12027.0,11927.0,11983.0,11983.0,0,0.0,0.0
2014-09-23,11988.0,12000.0,11942.0,11978.0,11978.0,0,0.0,0.0
2014-09-24,11965.0,11983.0,11928.0,11970.0,11970.0,0,0.0,0.0
2014-09-25,11948.0,12005.0,11907.0,11943.0,11943.0,0,0.0,0.0
2014-09-26,11978.0,12128.0,11978.0,11968.0,11968.0,0,0.0,0.0
2014-09-29,12090.0,12238.0,12090.0,12050.0,12050.0,0,0.0,0.0
2014-09-30,12215.0,12230.0,12145.0,12132.0,12132.0,0,0.0,0.0
2014-10-01,12180.0,12215.0,12090.0,12175.0,12175.0,0,0.0,0.0
2014-10-02,12155.0,12155.0,12070.0,12130.0,12130.0,0,0.0,0.0
2014-10-03,12130.0,12246.0,12107.0,12112.0,12112.0,0,0.0,0.0
2014-10-06,12186.0,12210.0,12152.0,12181.0,12181.0,0,0.0,0.0
2014-10-07,12180.0,12250.0,12170.0,12147.0,12147.0,0,0.0,0.0
2014-10-08,12225.0,12266.0,12195.0,12218.0,12218.0,0,0.0,0.0
2014-10-09,12251.0,12251.0,12130.0,12210.0,12210.0,0,0.0,0.0
2014-10-10,12197.0,12237.0,12175.0,12192.0,12192.0,0,0.0,0.0
2014-10-13,12210.0,12223.0,12155.0,12210.0,12210.0,0,0.0,0.0
2014-10-14,12170.0,12255.0,12154.0,12200.0,12200.0,0,0.0,0.0
2014-10-15,12198.0,12241.0,12165.0,12188.0,12188.0,0,0.0,0.0
2014-10-16,12232.0,12309.0,12176.0,12227.0,12227.0,0,0.0,0.0
2014-10-17,12240.0,12240.0,12055.0,12210.0,12210.0,0,0.0,0.0
2014-10-20,12107.0,12107.0,11933.0,12102.0,12102.0,0,0.0,0.0
2014-10-21,12018.0,12018.0,11955.0,12008.0,12008.0,0,0.0,0.0
2014-10-22,11992.0,12015.0,11962.0,11987.0,11987.0,0,0.0,0.0
2014-10-23,11985.0,12058.0,11985.0,11980.0,11980.0,0,0.0,0.0
2014-10-24,12042.0,12085.0,12028.0,12032.0,12032.0,0,0.0,0.0
2014-10-27,12025.0,12115.0,12018.0,12075.0,12075.0,0,0.0,0.0
2014-10-28,12110.0,12169.0,12060.0,12100.0,12100.0,0,0.0,0.0
2014-10-29,12130.0,12155.0,12057.0,12137.0,12137.0,0,0.0,0.0
2014-10-30,12097.0,12170.0,12082.0,12092.0,12092.0,0,0.0,0.0
2014-10-31,12155.0,12155.0,12048.0,12150.0,12150.0,0,0.0,0.0
2014-11-03,12110.0,12115.0,12073.0,12070.0,12070.0,0,0.0,0.0
2014-11-04,12112.0,12150.0,12077.0,12107.0,12107.0,0,0.0,0.0
2014-11-05,12115.0,12215.0,12065.0,12110.0,12110.0,0,0.0,0.0
2014-11-06,12180.0,12208.0,12105.0,12175.0,12175.0,0,0.0,0.0
2014-11-07,12145.0,12190.0,12105.0,12150.0,12150.0,0,0.0,0.0
2014-11-10,12145.0,12168.0,12108.0,12175.0,12175.0,0,0.0,0.0
2014-11-11,12155.0,12237.0,12155.0,12145.0,12145.0,0,0.0,0.0
2014-11-12,12223.0,12223.0,12150.0,12128.0,12128.0,0,0.0,0.0
2014-11-13,12192.0,12202.0,12147.0,12187.0,12187.0,0,0.0,0.0
2014-11-14,12192.0,12235.0,12160.0,12187.0,12187.0,0,0.0,0.0
2014-11-17,12183.0,12202.0,12095.0,12200.0,12200.0,0,0.0,0.0
2014-11-18,12200.0,12200.0,12045.0,12195.0,12195.0,0,0.0,0.0
2014-11-19,12133.0,12165.0,12062.0,12125.0,12125.0,0,0.0,0.0
2014-11-20,12145.0,12175.0,12110.0,12102.0,12102.0,0,0.0,0.0
2014-11-21,12138.0,12158.0,11967.0,12133.0,12133.0,0,0.0,0.0
2014-11-24,12138.0,12140.0,12103.0,12133.0,12133.0,0,0.0,0.0
2014-11-25,12138.0,12162.0,12120.0,12133.0,12133.0,0,0.0,0.0
2014-11-26,12138.0,12195.0,12128.0,12133.0,12133.0,0,0.0,0.0
2014-11-27,12180.0,12180.0,12155.0,12175.0,12175.0,0,0.0,0.0
2014-11-28,12180.0,12276.0,12180.0,12175.0,12175.0,0,0.0,0.0
2014-12-01,12250.0,12293.0,12240.0,12175.0,12175.0,0,0.0,0.0
2014-12-02,12290.0,12290.0,12245.0,12285.0,12285.0,0,0.0,0.0
2014-12-03,12290.0,12313.0,12273.0,12285.0,12285.0,0,0.0,0.0
2014-12-04,12290.0,12328.0,12240.0,12285.0,12285.0,0,0.0,0.0
2014-12-05,12290.0,12355.0,12260.0,12285.0,12285.0,0,0.0,0.0
2014-12-08,12359.0,12390.0,12325.0,12285.0,12285.0,0,0.0,0.0
2014-12-09,12290.0,12363.0,12285.0,12285.0,12285.0,0,0.0,0.0
2014-12-10,12290.0,12353.0,12290.0,12285.0,12285.0,0,0.0,0.0
2014-12-11,12290.0,12445.0,12285.0,12285.0,12285.0,0,0.0,0.0
2014-12-12,12448.0,12601.0,12330.0,12463.0,12463.0,0,0.0,0.0
2014-12-15,12595.0,12875.0,12595.0,12612.0,12612.0,0,0.0,0.0
2014-12-16,12850.0,12850.0,12850.0,12850.0,12850.0,0,0.0,0.0
2014-12-17,12690.0,12715.0,12590.0,12705.0,12705.0,0,0.0,0.0
2014-12-18,12600.0,12693.0,12440.0,12673.0,12673.0,0,0.0,0.0
2014-12-19,12560.0,12560.0,12382.0,12480.0,12480.0,0,0.0,0.0
2014-12-22,12390.0,12455.0,12390.0,12435.0,12435.0,0,0.0,0.0
2014-12-23,12440.0,12493.0,12420.0,12460.0,12460.0,0,0.0,0.0
2014-12-24,12475.0,12475.0,12340.0,12415.0,12415.0,0,0.0,0.0
2014-12-25,12470.0,12470.0,12470.0,12470.0,12470.0,0,0.0,0.0
2014-12-26,12470.0,12470.0,12470.0,12470.0,12470.0,0,0.0,0.0
2014-12-29,12430.0,12430.0,12360.0,12405.0,12405.0,0,0.0,0.0
2014-12-30,12440.0,12463.0,12373.0,12410.0,12410.0,0,0.0,0.0
2014-12-31,12420.0,12435.0,12339.0,12420.0,12420.0,0,0.0,0.0
2015-01-01,12390.0,12390.0,12390.0,12390.0,12390.0,0,0.0,0.0
2015-01-02,12435.0,12550.0,12397.0,12390.0,12390.0,0,0.0,0.0
2015-01-05,12535.0,12685.0,12430.0,12480.0,12480.0,0,0.0,0.0
2015-01-06,12630.0,12675.0,12580.0,12625.0,12625.0,0,0.0,0.0
2015-01-07,12695.0,12755.0,12415.0,12635.0,12635.0,0,0.0,0.0
2015-01-08,12700.0,12750.0,12605.0,12720.0,12720.0,0,0.0,0.0
2015-01-09,12630.0,12645.0,12505.0,12610.0,12610.0,0,0.0,0.0
2015-01-12,12565.0,12605.0,12535.0,12565.0,12565.0,0,0.0,0.0
2015-01-13,12580.0,12620.0,12507.0,12558.0,12558.0,0,0.0,0.0
2015-01-14,12565.0,12635.0,12564.0,12587.0,12587.0,0,0.0,0.0
2015-01-15,12585.0,12624.0,12292.0,12555.0,12555.0,0,0.0,0.0
2015-01-16,12555.0,12618.0,12540.0,12469.0,12469.0,0,0.0,0.0
2015-01-19,12610.0,12642.0,12571.0,12580.0,12580.0,0,0.0,0.0
2015-01-20,12650.0,12665.0,12525.0,12630.0,12630.0,0,0.0,0.0
2015-01-21,12558.0,12569.0,12435.0,12562.0,12562.0,0,0.0,0.0
2015-01-22,12415.0,12520.0,12392.0,12465.0,12465.0,0,0.0,0.0
2015-01-23,12435.0,12501.0,12391.0,12405.0,12405.0,0,0.0,0.0
2015-01-26,12505.0,12560.0,12469.0,12423.0,12423.0,0,0.0,0.0
2015-01-27,12493.0,12493.0,12445.0,12487.0,12487.0,0,0.0,0.0
2015-01-28,12478.0,12516.0,12475.0,12450.0,12450.0,0,0.0,0.0
2015-01-29,12518.0,12600.0,12495.0,12455.0,12455.0,0,0.0,0.0
2015-01-30,12596.0,12730.0,12591.0,12570.0,12570.0,0,0.0,0.0
2015-02-02,12713.0,12730.0,12597.0,12730.0,12730.0,0,0.0,0.0
2015-02-03,12653.0,12661.0,12530.0,12645.0,12645.0,0,0.0,0.0
2015-02-04,12608.0,12658.0,12564.0,12575.0,12575.0,0,0.0,0.0
2015-02-05,12640.0,12646.0,12540.0,12625.0,12625.0,0,0.0,0.0
2015-02-06,12610.0,12757.0,12535.0,12587.0,12587.0,0,0.0,0.0
2015-02-09,12678.0,12678.0,12640.0,12633.0,12633.0,0,0.0,0.0
2015-02-10,12640.0,12715.0,12600.0,12665.0,12665.0,0,0.0,0.0
2015-02-11,12695.0,12845.0,12670.0,12727.0,12727.0,0,0.0,0.0
2015-02-12,12750.0,12830.0,12680.0,12805.0,12805.0,0,0.0,0.0
2015-02-13,12758.0,12790.0,12490.0,12770.0,12770.0,0,0.0,0.0
2015-02-16,12743.0,12773.0,12500.0,12677.0,12677.0,0,0.0,0.0
2015-02-17,12730.0,12775.0,12680.0,12615.0,12615.0,0,0.0,0.0
2015-02-18,12795.0,12898.0,12610.0,12772.0,12772.0,0,0.0,0.0
2015-02-19,12810.0,12860.0,12800.0,12810.0,12810.0,0,0.0,0.0
2015-02-20,12885.0,12885.0,12825.0,12885.0,12885.0,0,0.0,0.0
2015-02-23,12818.0,12935.0,12805.0,12813.0,12813.0,0,0.0,0.0
2015-02-24,12868.0,12935.0,12775.0,12860.0,12860.0,0,0.0,0.0
2015-02-25,12893.0,12893.0,12770.0,12797.0,12797.0,0,0.0,0.0
2015-02-26,12863.0,12883.0,12740.0,12855.0,12855.0,0,0.0,0.0
2015-02-27,12868.0,12993.0,12825.0,12857.0,12857.0,0,0.0,0.0
2015-03-02,12985.0,12995.0,12928.0,12978.0,12978.0,0,0.0,0.0
2015-03-03,12968.0,12995.0,12900.0,12995.0,12995.0,0,0.0,0.0
2015-03-04,12965.0,13028.0,12950.0,12970.0,12970.0,0,0.0,0.0
2015-03-05,12965.0,13039.0,12900.0,13015.0,13015.0,0,0.0,0.0
2015-03-06,12965.0,13045.0,12845.0,12900.0,12900.0,0,0.0,0.0
2015-03-09,13055.0,13078.0,12850.0,13030.0,13030.0,0,0.0,0.0
2015-03-10,13060.0,13205.0,12955.0,13073.0,13073.0,0,0.0,0.0
2015-03-11,13140.0,13208.0,13110.0,13070.0,13070.0,0,0.0,0.0
2015-03-12,13140.0,13205.0,13030.0,13175.0,13175.0,0,0.0,0.0
2015-03-13,13175.0,13243.0,13120.0,13170.0,13170.0,0,0.0,0.0
2015-03-16,13163.0,13248.0,13140.0,13185.0,13185.0,0,0.0,0.0
2015-03-17,13215.0,13235.0,13127.0,13195.0,13195.0,0,0.0,0.0
2015-03-18,13158.0,13190.0,13080.0,13120.0,13120.0,0,0.0,0.0
2015-03-19,12965.0,13058.0,12950.0,12880.0,12880.0,0,0.0,0.0
2015-03-20,13085.0,13138.0,12950.0,13058.0,13058.0,0,0.0,0.0
2015-03-23,13010.0,13068.0,12923.0,13025.0,13025.0,0,0.0,0.0
2015-03-24,12960.0,12980.0,12860.0,12943.0,12943.0,0,0.0,0.0
2015-03-25,12915.0,12995.0,12855.0,12905.0,12905.0,0,0.0,0.0
2015-03-26,12965.0,13030.0,12925.0,12930.0,12930.0,0,0.0,0.0
2015-03-27,12990.0,13090.0,12905.0,13010.0,13010.0,0,0.0,0.0
2015-03-30,13058.0,13095.0,12870.0,13035.0,13035.0,0,0.0,0.0
2015-03-31,13050.0,13110.0,12890.0,13087.0,13087.0,0,0.0,0.0
2015-04-01,13040.0,13050.0,12910.0,13060.0,13060.0,0,0.0,0.0
2015-04-02,12993.0,13028.0,12935.0,12958.0,12958.0,0,0.0,0.0
2015-04-03,12985.0,13005.0,12605.0,12985.0,12985.0,0,0.0,0.0
2015-04-06,12943.0,12953.0,12650.0,12965.0,12965.0,0,0.0,0.0
2015-04-07,12955.0,13003.0,12890.0,12945.0,12945.0,0,0.0,0.0
2015-04-08,12975.0,13003.0,12878.0,12995.0,12995.0,0,0.0,0.0
2015-04-09,12965.0,12973.0,12845.0,12925.0,12925.0,0,0.0,0.0
2015-04-10,12928.0,12940.0,12805.0,12935.0,12935.0,0,0.0,0.0
2015-04-13,12895.0,13019.0,12890.0,12890.0,12890.0,0,0.0,0.0
2015-04-14,12980.0,13010.0,12887.0,13045.0,13045.0,0,0.0,0.0
2015-04-15,12930.0,12979.0,12885.0,12975.0,12975.0,0,0.0,0.0
2015-04-16,12810.0,12871.0,12755.0,12897.0,12897.0,0,0.0,0.0
2015-04-17,12830.0,12869.0,12755.0,12820.0,12820.0,0,0.0,0.0
2015-04-20,12870.0,12993.0,12850.0,12800.0,12800.0,0,0.0,0.0
2015-04-21,12958.0,12978.0,12738.0,12970.0,12970.0,0,0.0,0.0
2015-04-22,12940.0,12955.0,12835.0,12925.0,12925.0,0,0.0,0.0
2015-04-23,12923.0,12958.0,12885.0,12900.0,12900.0,0,0.0,0.0
2015-04-24,12925.0,12950.0,12890.0,12930.0,12930.0,0,0.0,0.0
2015-04-27,12925.0,12985.0,12900.0,12942.0,12942.0,0,0.0,0.0
2015-04-28,12958.0,13015.0,12903.0,12927.0,12927.0,0,0.0,0.0
2015-04-29,12965.0,12970.0,12820.0,12935.0,12935.0,0,0.0,0.0
2015-04-30,12933.0,12972.0,12895.0,12915.0,12915.0,0,0.0,0.0
2015-05-01,12957.0,12980.0,12872.0,12957.0,12957.0,0,0.0,0.0
2015-05-04,12965.0,13019.0,12945.0,12975.0,12975.0,0,0.0,0.0
2015-05-05,12980.0,13060.0,12980.0,12860.0,12860.0,0,0.0,0.0
2015-05-06,13038.0,13055.0,12845.0,13005.0,13005.0,0,0.0,0.0
2015-05-07,13030.0,13150.0,12825.0,13004.0,13004.0,0,0.0,0.0
2015-05-08,13110.0,13174.0,13005.0,13095.0,13095.0,0,0.0,0.0
2015-05-11,13078.0,13159.0,13060.0,13047.0,13047.0,0,0.0,0.0
2015-05-12,13180.0,13224.0,13110.0,13170.0,13170.0,0,0.0,0.0
2015-05-13,13160.0,13192.0,13045.0,13145.0,13145.0,0,0.0,0.0
2015-05-14,13102.0,13102.0,12290.0,13102.0,13102.0,0,0.0,0.0
2015-05-15,13048.0,13130.0,13000.0,13013.0,13013.0,0,0.0,0.0
2015-05-18,13093.0,13162.0,13060.0,13047.0,13047.0,0,0.0,0.0
2015-05-19,13130.0,13188.0,13075.0,13162.0,13162.0,0,0.0,0.0
2015-05-20,13173.0,13185.0,13055.0,13168.0,13168.0,0,0.0,0.0
2015-05-21,13140.0,13151.0,13030.0,13015.0,13015.0,0,0.0,0.0
2015-05-22,13119.0,13155.0,13090.0,13108.0,13108.0,0,0.0,0.0
2015-05-25,13175.0,13178.0,13133.0,13140.0,13140.0,0,0.0,0.0
2015-05-26,13165.0,13218.0,13135.0,13173.0,13173.0,0,0.0,0.0
2015-05-27,13224.0,13228.0,13115.0,13217.0,13217.0,0,0.0,0.0
2015-05-28,13190.0,13215.0,13170.0,13170.0,13170.0,0,0.0,0.0
2015-05-29,13195.0,13228.0,13175.0,13165.0,13165.0,0,0.0,0.0
2015-06-01,13198.0,13208.0,13166.0,13200.0,13200.0,0,0.0,0.0
2015-06-02,13210.0,13210.0,13060.0,13188.0,13188.0,0,0.0,0.0
2015-06-03,13190.0,13231.0,13168.0,13150.0,13150.0,0,0.0,0.0
2015-06-04,13228.0,13290.0,13185.0,13230.0,13230.0,0,0.0,0.0
2015-06-05,13288.0,13375.0,13145.0,13275.0,13275.0,0,0.0,0.0
2015-06-08,13375.0,13395.0,13250.0,13388.0,13388.0,0,0.0,0.0
2015-06-09,13355.0,13378.0,13250.0,13310.0,13310.0,0,0.0,0.0
2015-06-10,13310.0,13338.0,13187.0,13345.0,13345.0,0,0.0,0.0
2015-06-11,13270.0,13310.0,13210.0,13205.0,13205.0,0,0.0,0.0
2015-06-12,13283.0,13333.0,13280.0,13230.0,13230.0,0,0.0,0.0
2015-06-15,13328.0,13335.0,13311.0,13315.0,13315.0,0,0.0,0.0
2015-06-16,13328.0,13345.0,13325.0,13320.0,13320.0,0,0.0,0.0
2015-06-17,13343.0,13360.0,13325.0,13340.0,13340.0,0,0.0,0.0
2015-06-18,13323.0,13335.0,13230.0,13330.0,13330.0,0,0.0,0.0
2015-06-19,13308.0,13327.0,13290.0,13290.0,13290.0,0,0.0,0.0
2015-06-22,13295.0,13305.0,13257.0,13310.0,13310.0,0,0.0,0.0
2015-06-23,13308.0,13319.0,13125.0,13302.0,13302.0,0,0.0,0.0
2015-06-24,13240.0,13303.0,13240.0,13250.0,13250.0,0,0.0,0.0
2015-06-25,13303.0,13335.0,13125.0,13290.0,13290.0,0,0.0,0.0
2015-06-26,13330.0,13337.0,13280.0,13303.0,13303.0,0,0.0,0.0
2015-06-29,13348.0,13388.0,13255.0,13322.0,13322.0,0,0.0,0.0
2015-06-30,13330.0,13350.0,13295.0,13322.0,13322.0,0,0.0,0.0
2015-07-01,13350.0,13350.0,13290.0,13342.0,13342.0,0,0.0,0.0
2015-07-02,13295.0,13352.0,13230.0,13318.0,13318.0,0,0.0,0.0
2015-07-03,13288.0,13340.0,13250.0,13260.0,13260.0,0,0.0,0.0
2015-07-06,13343.0,13360.0,13260.0,13340.0,13340.0,0,0.0,0.0
2015-07-07,13310.0,13343.0,13225.0,13340.0,13340.0,0,0.0,0.0
2015-07-08,13330.0,13363.0,13310.0,13325.0,13325.0,0,0.0,0.0
2015-07-09,13353.0,13358.0,13265.0,13335.0,13335.0,0,0.0,0.0
2015-07-10,13313.0,13318.0,13230.0,13303.0,13303.0,0,0.0,0.0
2015-07-13,13298.0,13308.0,13220.0,13278.0,13278.0,0,0.0,0.0
2015-07-14,13323.0,13345.0,13220.0,13280.0,13280.0,0,0.0,0.0
2015-07-15,13320.0,13367.0,13277.0,13305.0,13305.0,0,0.0,0.0
2015-07-16,13338.0,13363.0,13273.0,13338.0,13338.0,0,0.0,0.0
2015-07-17,13340.0,13352.0,13297.0,13331.0,13331.0,0,0.0,0.0
2015-07-20,13350.0,13410.0,13340.0,13350.0,13350.0,0,0.0,0.0
2015-07-21,13405.0,13412.0,13332.0,13340.0,13340.0,0,0.0,0.0
2015-07-22,13365.0,13425.0,13305.0,13335.0,13335.0,0,0.0,0.0
2015-07-23,13395.0,13443.0,13345.0,13400.0,13400.0,0,0.0,0.0
2015-07-24,13425.0,13485.0,13335.0,13430.0,13430.0,0,0.0,0.0
2015-07-27,13435.0,13500.0,13425.0,13430.0,13430.0,0,0.0,0.0
2015-07-28,13415.0,13471.0,13372.0,13465.0,13465.0,0,0.0,0.0
2015-07-29,13443.0,13463.0,13385.0,13290.0,13290.0,0,0.0,0.0
2015-07-30,13420.0,13497.0,13358.0,13460.0,13460.0,0,0.0,0.0
2015-07-31,13370.0,13535.0,13350.0,13492.0,13492.0,0,0.0,0.0
2015-08-03,13485.0,13514.0,13365.0,13425.0,13425.0,0,0.0,0.0
2015-08-04,13498.0,13500.0,13425.0,13440.0,13440.0,0,0.0,0.0
2015-08-05,13498.0,13522.0,13370.0,13485.0,13485.0,0,0.0,0.0
2015-08-06,13520.0,13553.0,13465.0,13517.0,13517.0,0,0.0,0.0
2015-08-07,13525.0,13553.0,13460.0,13465.0,13465.0,0,0.0,0.0
2015-08-10,13538.0,13538.0,13468.0,13465.0,13465.0,0,0.0,0.0
2015-08-11,13508.0,13665.0,13340.0,13467.0,13467.0,0,0.0,0.0
2015-08-12,13640.0,13883.0,13465.0,13605.0,13605.0,0,0.0,0.0
2015-08-13,13805.0,13850.0,13580.0,13745.0,13745.0,0,0.0,0.0
2015-08-14,13753.0,13828.0,13570.0,13675.0,13675.0,0,0.0,0.0
2015-08-17,13715.0,13890.0,13715.0,13715.0,13715.0,0,0.0,0.0
2015-08-18,13815.0,13855.0,13735.0,13830.0,13830.0,0,0.0,0.0
2015-08-19,13809.0,13853.0,13745.0,13828.0,13828.0,0,0.0,0.0
2015-08-20,13795.0,13905.0,13795.0,13748.0,13748.0,0,0.0,0.0
2015-08-21,13895.0,14000.0,13765.0,13885.0,13885.0,0,0.0,0.0
2015-08-24,14005.0,14090.0,13915.0,13815.0,13815.0,0,0.0,0.0
2015-08-25,14020.0,14078.0,13835.0,13915.0,13915.0,0,0.0,0.0
2015-08-26,14065.0,14170.0,13975.0,13800.0,13800.0,0,0.0,0.0
2015-08-27,14092.0,14161.0,13930.0,13960.0,13960.0,0,0.0,0.0
2015-08-28,13970.0,14045.0,13872.0,13795.0,13795.0,0,0.0,0.0
2015-08-31,13995.0,14059.0,13945.0,13910.0,13910.0,0,0.0,0.0
2015-09-01,14040.0,14117.0,13980.0,14000.0,14000.0,0,0.0,0.0
2015-09-02,14055.0,14148.0,14035.0,13988.0,13988.0,0,0.0,0.0
2015-09-03,14125.0,14190.0,14075.0,14050.0,14050.0,0,0.0,0.0
2015-09-04,14160.0,14227.0,13870.0,14065.0,14065.0,0,0.0,0.0
2015-09-07,14227.0,14310.0,14160.0,14190.0,14190.0,0,0.0,0.0
2015-09-08,14250.0,14303.0,14137.0,14275.0,14275.0,0,0.0,0.0
2015-09-09,14243.0,14263.0,14147.0,14160.0,14160.0,0,0.0,0.0
2015-09-10,14300.0,14336.0,14180.0,14250.0,14250.0,0,0.0,0.0
2015-09-11,14288.0,14333.0,14190.0,14235.0,14235.0,0,0.0,0.0
2015-09-14,14275.0,14340.0,14275.0,14270.0,14270.0,0,0.0,0.0
2015-09-15,14348.0,14422.0,14345.0,14310.0,14310.0,0,0.0,0.0
2015-09-16,14415.0,14460.0,14372.0,14400.0,14400.0,0,0.0,0.0
2015-09-17,14405.0,14478.0,14340.0,14377.0,14377.0,0,0.0,0.0
2015-09-18,14440.0,14485.0,14245.0,14225.0,14225.0,0,0.0,0.0
2015-09-21,14443.0,14497.0,14350.0,14403.0,14403.0,0,0.0,0.0
2015-09-22,14480.0,14601.0,14390.0,14470.0,14470.0,0,0.0,0.0
2015-09-23,14565.0,14735.0,14390.0,14595.0,14595.0,0,0.0,0.0
2015-09-24,14640.0,14790.0,14620.0,14640.0,14640.0,0,0.0,0.0
2015-09-25,14675.0,14713.0,14550.0,14670.0,14670.0,0,0.0,0.0
2015-09-28,14710.0,14773.0,14587.0,14617.0,14617.0,0,0.0,0.0
2015-09-29,14700.0,14765.0,14610.0,14697.0,14697.0,0,0.0,0.0
2015-09-30,14655.0,14675.0,14530.0,14680.0,14680.0,0,0.0,0.0
2015-10-01,14643.0,14718.0,14580.0,14552.0,14552.0,0,0.0,0.0
2015-10-02,14733.0,14738.0,14470.0,14665.0,14665.0,0,0.0,0.0
2015-10-05,14585.0,14625.0,14320.0,14605.0,14605.0,0,0.0,0.0
2015-10-06,14450.0,14450.0,14072.0,14433.0,14433.0,0,0.0,0.0
2015-10-07,14025.0,14075.0,13420.0,14060.0,14060.0,0,0.0,0.0
2015-10-08,13690.0,13957.0,13640.0,13865.0,13865.0,0,0.0,0.0
2015-10-09,13570.0,13573.0,13225.0,13410.0,13410.0,0,0.0,0.0
2015-10-12,13380.0,13517.0,13000.0,13320.0,13320.0,0,0.0,0.0
2015-10-13,13540.0,13655.0,13455.0,13502.0,13502.0,0,0.0,0.0
2015-10-14,13575.0,13675.0,13470.0,13650.0,13650.0,0,0.0,0.0
2015-10-15,13370.0,13475.0,13140.0,13260.0,13260.0,0,0.0,0.0
2015-10-16,13550.0,13608.0,13320.0,13400.0,13400.0,0,0.0,0.0
2015-10-19,13450.0,13653.0,13370.0,13475.0,13475.0,0,0.0,0.0
2015-10-20,13570.0,13715.0,13560.0,13650.0,13650.0,0,0.0,0.0
2015-10-21,13658.0,13857.0,13650.0,13733.0,13733.0,0,0.0,0.0
2015-10-22,13635.0,13668.0,13440.0,13700.0,13700.0,0,0.0,0.0
2015-10-23,13350.0,13638.0,13350.0,13478.0,13478.0,0,0.0,0.0
2015-10-26,13625.0,13664.0,13505.0,13520.0,13520.0,0,0.0,0.0
2015-10-27,13510.0,13665.0,13510.0,13610.0,13610.0,0,0.0,0.0
2015-10-28,13613.0,13642.0,13415.0,13650.0,13650.0,0,0.0,0.0
2015-10-29,13593.0,13675.0,13505.0,13602.0,13602.0,0,0.0,0.0
2015-10-30,13623.0,13700.0,13585.0,13602.0,13602.0,0,0.0,0.0
2015-11-02,13620.0,13683.0,13520.0,13630.0,13630.0,0,0.0,0.0
2015-11-03,13560.0,13603.0,13495.0,13580.0,13580.0,0,0.0,0.0
2015-11-04,13475.0,13540.0,13385.0,13395.0,13395.0,0,0.0,0.0
2015-11-05,13563.0,13608.0,13480.0,13455.0,13455.0,0,0.0,0.0
2015-11-06,13553.0,13685.0,13240.0,13525.0,13525.0,0,0.0,0.0
2015-11-09,13685.0,13703.0,13605.0,13610.0,13610.0,0,0.0,0.0
2015-11-10,13620.0,13645.0,13535.0,13645.0,13645.0,0,0.0,0.0
2015-11-11,13568.0,13615.0,13520.0,13560.0,13560.0,0,0.0,0.0
2015-11-12,13548.0,13613.0,13530.0,13525.0,13525.0,0,0.0,0.0
2015-11-13,13643.0,13723.0,13530.0,13610.0,13610.0,0,0.0,0.0
2015-11-16,13760.0,13760.0,13655.0,13743.0,13743.0,0,0.0,0.0
2015-11-17,13675.0,13750.0,13618.0,13708.0,13708.0,0,0.0,0.0
2015-11-18,13742.0,13820.0,13705.0,13720.0,13720.0,0,0.0,0.0
2015-11-19,13765.0,13788.0,13680.0,13705.0,13705.0,0,0.0,0.0
2015-11-20,13733.0,13743.0,13520.0,13655.0,13655.0,0,0.0,0.0
2015-11-23,13653.0,13718.0,13585.0,13540.0,13540.0,0,0.0,0.0
2015-11-24,13640.0,13720.0,13570.0,13665.0,13665.0,0,0.0,0.0
2015-11-25,13595.0,13693.0,13575.0,13620.0,13620.0,0,0.0,0.0
2015-11-26,13720.0,13745.0,13620.0,13590.0,13590.0,0,0.0,0.0
2015-11-27,13753.0,13815.0,13672.0,13735.0,13735.0,0,0.0,0.0
2015-11-30,13800.0,13855.0,13785.0,13638.0,13638.0,0,0.0,0.0
2015-12-01,13835.0,13835.0,13745.0,13883.0,13883.0,0,0.0,0.0
2015-12-02,13765.0,13823.0,13725.0,13820.0,13820.0,0,0.0,0.0
2015-12-03,13790.0,13853.0,13730.0,13807.0,13807.0,0,0.0,0.0
2015-12-04,13840.0,13850.0,13748.0,13695.0,13695.0,0,0.0,0.0
2015-12-07,13823.0,13855.0,13785.0,13758.0,13758.0,0,0.0,0.0
2015-12-08,13871.0,14052.0,13850.0,13870.0,13870.0,0,0.0,0.0
2015-12-09,13925.0,14038.0,13900.0,13979.0,13979.0,0,0.0,0.0
2015-12-10,13830.0,13988.0,13800.0,13920.0,13920.0,0,0.0,0.0
2015-12-11,13955.0,14150.0,13880.0,13925.0,13925.0,0,0.0,0.0
2015-12-14,14045.0,14150.0,14015.0,14130.0,14130.0,0,0.0,0.0
2015-12-15,14035.0,14093.0,13975.0,13997.0,13997.0,0,0.0,0.0
2015-12-16,14035.0,14070.0,13765.0,13970.0,13970.0,0,0.0,0.0
2015-12-17,14000.0,14058.0,13760.0,13760.0,13760.0,0,0.0,0.0
2015-12-18,14000.0,14023.0,13765.0,14020.0,14020.0,0,0.0,0.0
2015-12-21,13883.0,13893.0,13620.0,13865.0,13865.0,0,0.0,0.0
2015-12-22,13630.0,13715.0,13405.0,13760.0,13760.0,0,0.0,0.0
2015-12-23,13610.0,13693.0,13510.0,13645.0,13645.0,0,0.0,0.0
2015-12-24,13580.0,13640.0,13550.0,13625.0,13625.0,0,0.0,0.0
2015-12-25,13630.0,13630.0,13630.0,13630.0,13630.0,0,0.0,0.0
2015-12-28,13565.0,13670.0,13495.0,13630.0,13630.0,0,0.0,0.0
2015-12-29,13645.0,13740.0,13610.0,13495.0,13495.0,0,0.0,0.0
2015-12-30,13725.0,13840.0,13725.0,13682.0,13682.0,0,0.0,0.0
2015-12-31,13740.0,13800.0,13725.0,13845.0,13845.0,0,0.0,0.0
2016-01-01,13775.0,13775.0,13775.0,13775.0,13775.0,0,0.0,0.0
2016-01-04,13845.0,13928.0,13815.0,13775.0,13775.0,0,0.0,0.0
2016-01-05,13930.0,13930.0,13750.0,13957.0,13957.0,0,0.0,0.0
2016-01-06,13800.0,13960.0,13795.0,13805.0,13805.0,0,0.0,0.0
2016-01-07,13800.0,13948.0,13735.0,13905.0,13905.0,0,0.0,0.0
2016-01-08,13898.0,13925.0,13760.0,13930.0,13930.0,0,0.0,0.0
2016-01-11,13928.0,13938.0,13680.0,13890.0,13890.0,0,0.0,0.0
2016-01-12,13848.0,13923.0,13620.0,13805.0,13805.0,0,0.0,0.0
2016-01-13,13855.0,13868.0,13760.0,13795.0,13795.0,0,0.0,0.0
2016-01-14,13868.0,13963.0,13750.0,13847.0,13847.0,0,0.0,0.0
2016-01-15,13855.0,13978.0,13813.0,13825.0,13825.0,0,0.0,0.0
2016-01-18,13910.0,13943.0,13792.0,13973.0,13973.0,0,0.0,0.0
2016-01-19,13870.0,13925.0,13750.0,13925.0,13925.0,0,0.0,0.0
2016-01-20,13855.0,13963.0,13780.0,13830.0,13830.0,0,0.0,0.0
2016-01-21,13905.0,13928.0,13824.0,13825.0,13825.0,0,0.0,0.0
2016-01-22,13873.0,13880.0,13764.0,13769.0,13769.0,0,0.0,0.0
2016-01-25,13830.0,13870.0,13805.0,13747.0,13747.0,0,0.0,0.0
2016-01-26,13923.0,13923.0,13775.0,13830.0,13830.0,0,0.0,0.0
2016-01-27,13858.0,13888.0,13805.0,13880.0,13880.0,0,0.0,0.0
2016-01-28,13873.0,13895.0,13760.0,13802.0,13802.0,0,0.0,0.0
2016-01-29,13780.0,13850.0,13560.0,13765.0,13765.0,0,0.0,0.0
2016-02-01,13728.0,13728.0,13545.0,13675.0,13675.0,0,0.0,0.0
2016-02-02,13628.0,13725.0,13570.0,13630.0,13630.0,0,0.0,0.0
2016-02-03,13700.0,13808.0,13647.0,13730.0,13730.0,0,0.0,0.0
2016-02-04,13640.0,13695.0,13480.0,13582.0,13582.0,0,0.0,0.0
2016-02-05,13640.0,13673.0,13402.0,13612.0,13612.0,0,0.0,0.0
2016-02-08,13585.0,13654.0,13509.0,13585.0,13585.0,0,0.0,0.0
2016-02-09,13625.0,13695.0,13485.0,13676.0,13676.0,0,0.0,0.0
2016-02-10,13590.0,13590.0,13363.0,13560.0,13560.0,0,0.0,0.0
2016-02-11,13330.0,13483.0,13308.0,13455.0,13455.0,0,0.0,0.0
2016-02-12,13438.0,13505.0,13380.0,13480.0,13480.0,0,0.0,0.0
2016-02-15,13478.0,13480.0,13285.0,13465.0,13465.0,0,0.0,0.0
2016-02-16,13280.0,13490.0,13265.0,13275.0,13275.0,0,0.0,0.0
2016-02-17,13448.0,13518.0,13380.0,13397.0,13397.0,0,0.0,0.0
2016-02-18,13455.0,13488.0,13350.0,13500.0,13500.0,0,0.0,0.0
2016-02-19,13485.0,13560.0,13430.0,13415.0,13415.0,0,0.0,0.0
2016-02-22,13440.0,13463.0,13345.0,13427.0,13427.0,0,0.0,0.0
2016-02-23,13403.0,13438.0,13310.0,13385.0,13385.0,0,0.0,0.0
2016-02-24,13443.0,13443.0,13370.0,13410.0,13410.0,0,0.0,0.0
2016-02-25,13370.0,13435.0,13358.0,13385.0,13385.0,0,0.0,0.0
2016-02-26,13348.0,13407.0,13330.0,13430.0,13430.0,0,0.0,0.0
2016-02-29,13395.0,13398.0,13265.0,13425.0,13425.0,0,0.0,0.0
2016-03-01,13330.0,13383.0,13288.0,13365.0,13365.0,0,0.0,0.0
2016-03-02,13298.0,13323.0,13220.0,13246.0,13246.0,0,0.0,0.0
2016-03-03,13240.0,13280.0,13150.0,13249.0,13249.0,0,0.0,0.0
2016-03-04,13155.0,13175.0,12905.0,13140.0,13140.0,0,0.0,0.0
2016-03-07,12970.0,13090.0,12953.0,13028.0,13028.0,0,0.0,0.0
2016-03-08,13105.0,13188.0,13075.0,13000.0,13000.0,0,0.0,0.0
2016-03-09,13196.0,13211.0,13087.0,13181.0,13181.0,0,0.0,0.0
2016-03-10,13143.0,13158.0,12930.0,13100.0,13100.0,0,0.0,0.0
2016-03-11,13128.0,13128.0,12955.0,13130.0,13130.0,0,0.0,0.0
2016-03-14,13020.0,13060.0,12965.0,12943.0,12943.0,0,0.0,0.0
2016-03-15,13040.0,13223.0,13020.0,12980.0,12980.0,0,0.0,0.0
2016-03-16,13165.0,13285.0,13100.0,13123.0,13123.0,0,0.0,0.0
2016-03-17,12970.0,13188.0,12930.0,12770.0,12770.0,0,0.0,0.0
2016-03-18,12960.0,13128.0,12884.0,12935.0,12935.0,0,0.0,0.0
2016-03-21,13095.0,13188.0,13045.0,13038.0,13038.0,0,0.0,0.0
2016-03-22,13130.0,13205.0,13095.0,13183.0,13183.0,0,0.0,0.0
2016-03-23,13120.0,13200.0,13105.0,13101.0,13101.0,0,0.0,0.0
2016-03-24,13225.0,13281.0,13105.0,13215.0,13215.0,0,0.0,0.0
2016-03-25,13233.0,13233.0,13175.0,13233.0,13233.0,0,0.0,0.0
2016-03-28,13260.0,13345.0,13250.0,13170.0,13170.0,0,0.0,0.0
2016-03-29,13333.0,13443.0,13315.0,13278.0,13278.0,0,0.0,0.0
2016-03-30,13273.0,13353.0,13176.0,13180.0,13180.0,0,0.0,0.0
2016-03-31,13230.0,13308.0,13100.0,13240.0,13240.0,0,0.0,0.0
2016-04-01,13155.0,13208.0,13035.0,13158.0,13158.0,0,0.0,0.0
2016-04-04,13133.0,13175.0,13085.0,13127.0,13127.0,0,0.0,0.0
2016-04-05,13130.0,13230.0,13125.0,13140.0,13140.0,0,0.0,0.0
2016-04-06,13220.0,13248.0,13140.0,13210.0,13210.0,0,0.0,0.0
2016-04-07,13188.0,13203.0,13025.0,13172.0,13172.0,0,0.0,0.0
2016-04-08,13160.0,13185.0,12988.0,13172.0,13172.0,0,0.0,0.0
2016-04-11,13050.0,13138.0,13050.0,13115.0,13115.0,0,0.0,0.0
2016-04-12,13100.0,13138.0,13045.0,13095.0,13095.0,0,0.0,0.0
2016-04-13,13073.0,13160.0,13055.0,13073.0,13073.0,0,0.0,0.0
2016-04-14,13223.0,13248.0,13115.0,13145.0,13145.0,0,0.0,0.0
2016-04-15,13175.0,13180.0,13075.0,13172.0,13172.0,0,0.0,0.0
2016-04-18,13135.0,13204.0,13090.0,13130.0,13130.0,0,0.0,0.0
2016-04-19,13130.0,13153.0,13051.0,13104.0,13104.0,0,0.0,0.0
2016-04-20,13100.0,13170.0,13047.0,13086.0,13086.0,0,0.0,0.0
2016-04-21,13178.0,13189.0,13080.0,13166.0,13166.0,0,0.0,0.0
2016-04-22,13120.0,13215.0,13070.0,13172.0,13172.0,0,0.0,0.0
2016-04-25,13228.0,13238.0,13160.0,13195.0,13195.0,0,0.0,0.0
2016-04-26,13203.0,13228.0,13130.0,13190.0,13190.0,0,0.0,0.0
2016-04-27,13150.0,13220.0,13110.0,13160.0,13160.0,0,0.0,0.0
2016-04-28,13190.0,13215.0,13095.0,13155.0,13155.0,0,0.0,0.0
2016-04-29,13173.0,13243.0,13080.0,13170.0,13170.0,0,0.0,0.0
2016-05-02,13170.0,13178.0,13105.0,13175.0,13175.0,0,0.0,0.0
2016-05-03,13115.0,13241.0,13110.0,13095.0,13095.0,0,0.0,0.0
2016-05-04,13238.0,13359.0,13176.0,13185.0,13185.0,0,0.0,0.0
2016-05-05,13325.0,13345.0,13240.0,13350.0,13350.0,0,0.0,0.0
2016-05-06,13320.0,13370.0,13265.0,13345.0,13345.0,0,0.0,0.0
2016-05-09,13290.0,13370.0,13245.0,13310.0,13310.0,0,0.0,0.0
2016-05-10,13335.0,13348.0,13235.0,13377.0,13377.0,0,0.0,0.0
2016-05-11,13255.0,13313.0,13240.0,13298.0,13298.0,0,0.0,0.0
2016-05-12,13260.0,13310.0,13250.0,13247.0,13247.0,0,0.0,0.0
2016-05-13,13303.0,13325.0,13160.0,13255.0,13255.0,0,0.0,0.0
2016-05-16,13308.0,13323.0,13265.0,13332.0,13332.0,0,0.0,0.0
2016-05-17,13300.0,13313.0,13235.0,13320.0,13320.0,0,0.0,0.0
2016-05-18,13318.0,13405.0,13318.0,13318.0,13318.0,0,0.0,0.0
2016-05-19,13490.0,13640.0,13455.0,13435.0,13435.0,0,0.0,0.0
2016-05-20,13593.0,13669.0,13535.0,13595.0,13595.0,0,0.0,0.0
2016-05-23,13585.0,13623.0,13530.0,13605.0,13605.0,0,0.0,0.0
2016-05-24,13573.0,13700.0,13540.0,13540.0,13540.0,0,0.0,0.0
2016-05-25,13643.0,13653.0,13520.0,13570.0,13570.0,0,0.0,0.0
2016-05-26,13580.0,13628.0,13475.0,13608.0,13608.0,0,0.0,0.0
2016-05-27,13549.0,13650.0,13535.0,13549.0,13549.0,0,0.0,0.0
2016-05-30,13595.0,13648.0,13595.0,13560.0,13560.0,0,0.0,0.0
2016-05-31,13612.0,13648.0,13555.0,13631.0,13631.0,0,0.0,0.0
2016-06-01,13650.0,13698.0,13570.0,13643.0,13643.0,0,0.0,0.0
2016-06-02,13610.0,13645.0,13605.0,13610.0,13610.0,0,0.0,0.0
2016-06-03,13580.0,13618.0,13390.0,13610.0,13610.0,0,0.0,0.0
2016-06-06,13463.0,13463.0,13335.0,13418.0,13418.0,0,0.0,0.0
2016-06-07,13353.0,13390.0,13165.0,13347.0,13347.0,0,0.0,0.0
2016-06-08,13230.0,13272.0,13157.0,13227.0,13227.0,0,0.0,0.0
2016-06-09,13175.0,13293.0,13170.0,13205.0,13205.0,0,0.0,0.0
2016-06-10,13301.0,13305.0,13255.0,13250.0,13250.0,0,0.0,0.0
2016-06-13,13326.0,13326.0,13270.0,13326.0,13326.0,0,0.0,0.0
2016-06-14,13298.0,13398.0,13270.0,13321.0,13321.0,0,0.0,0.0
2016-06-15,13360.0,13418.0,13290.0,13350.0,13350.0,0,0.0,0.0
2016-06-16,13323.0,13412.0,13240.0,13320.0,13320.0,0,0.0,0.0
2016-06-17,13365.0,13368.0,13285.0,13386.0,13386.0,0,0.0,0.0
2016-06-20,13273.0,13277.0,13194.0,13332.0,13332.0,0,0.0,0.0
2016-06-21,13235.0,13293.0,13175.0,13250.0,13250.0,0,0.0,0.0
2016-06-22,13255.0,13295.0,13215.0,13255.0,13255.0,0,0.0,0.0
2016-06-23,13180.0,13269.0,13070.0,13195.0,13195.0,0,0.0,0.0
2016-06-24,13125.0,13475.0,13065.0,13250.0,13250.0,0,0.0,0.0
2016-06-27,13443.0,13508.0,13235.0,13375.0,13375.0,0,0.0,0.0
2016-06-28,13280.0,13280.0,13125.0,13385.0,13385.0,0,0.0,0.0
2016-06-29,13188.0,13198.0,13065.0,13160.0,13160.0,0,0.0,0.0
2016-06-30,13158.0,13210.0,13085.0,13139.0,13139.0,0,0.0,0.0
2016-07-01,13141.0,13185.0,12993.0,13177.0,13177.0,0,0.0,0.0
2016-07-04,13115.0,13115.0,13030.0,13115.0,13115.0,0,0.0,0.0
2016-07-05,13138.0,13215.0,13090.0,13060.0,13060.0,0,0.0,0.0
2016-07-06,13160.0,13230.0,13090.0,13160.0,13160.0,0,0.0,0.0
2016-07-07,13180.0,13205.0,13030.0,13212.0,13212.0,0,0.0,0.0
2016-07-08,13160.0,13205.0,13065.0,13100.0,13100.0,0,0.0,0.0
2016-07-11,13110.0,13125.0,12965.0,13105.0,13105.0,0,0.0,0.0
2016-07-12,13130.0,13158.0,13075.0,13120.0,13120.0,0,0.0,0.0
2016-07-13,13045.0,13108.0,12940.0,13075.0,13075.0,0,0.0,0.0
2016-07-14,13078.0,13095.0,12985.0,13015.0,13015.0,0,0.0,0.0
2016-07-15,13073.0,13120.0,13042.0,13020.0,13020.0,0,0.0,0.0
2016-07-18,13118.0,13119.0,13030.0,13062.0,13062.0,0,0.0,0.0
2016-07-19,13083.0,13095.0,12990.0,13078.0,13078.0,0,0.0,0.0
2016-07-20,13055.0,13128.0,13055.0,13093.0,13093.0,0,0.0,0.0
2016-07-21,13040.0,13123.0,13040.0,13105.0,13105.0,0,0.0,0.0
2016-07-22,13030.0,13113.0,13030.0,13111.0,13111.0,0,0.0,0.0
2016-07-25,13115.0,13161.0,13075.0,13113.0,13113.0,0,0.0,0.0
2016-07-26,13130.0,13173.0,13121.0,13095.0,13095.0,0,0.0,0.0
2016-07-27,13135.0,13155.0,13075.0,13162.0,13162.0,0,0.0,0.0
2016-07-28,13100.0,13115.0,13060.0,13098.0,13098.0,0,0.0,0.0
2016-07-29,13083.0,13132.0,13030.0,13058.0,13058.0,0,0.0,0.0
2016-08-01,13061.0,13081.0,13000.0,13020.0,13020.0,0,0.0,0.0
2016-08-02,13074.0,13094.0,13010.0,13010.0,13010.0,0,0.0,0.0
2016-08-03,13075.0,13168.0,13072.0,13092.0,13092.0,0,0.0,0.0
2016-08-04,13117.0,13169.0,13075.0,13140.0,13140.0,0,0.0,0.0
2016-08-05,13109.0,13138.0,13065.0,13103.0,13103.0,0,0.0,0.0
2016-08-08,13131.0,13156.0,13100.0,13122.0,13122.0,0,0.0,0.0
2016-08-09,13102.0,13137.0,13083.0,13105.0,13105.0,0,0.0,0.0
2016-08-10,13106.0,13124.0,13054.0,13101.0,13101.0,0,0.0,0.0
2016-08-11,13094.0,13128.0,13073.0,13083.0,13083.0,0,0.0,0.0
2016-08-12,13091.0,13127.0,13070.0,13098.0,13098.0,0,0.0,0.0
2016-08-15,13106.0,13122.0,13052.0,13106.0,13106.0,0,0.0,0.0
2016-08-16,13078.0,13113.0,13018.0,13062.0,13062.0,0,0.0,0.0
2016-08-17,13111.0,13160.0,13100.0,13111.0,13111.0,0,0.0,0.0
2016-08-18,13115.0,13138.0,12996.0,13115.0,13115.0,0,0.0,0.0
2016-08-19,13112.0,13194.0,13107.0,13109.0,13109.0,0,0.0,0.0
2016-08-22,13180.0,13251.0,13152.0,13179.0,13179.0,0,0.0,0.0
2016-08-23,13210.0,13245.0,13190.0,13209.0,13209.0,0,0.0,0.0
2016-08-24,13236.0,13286.0,13223.0,13234.0,13234.0,0,0.0,0.0
2016-08-25,13258.0,13277.0,13219.0,13258.0,13258.0,0,0.0,0.0
2016-08-26,13251.0,13252.0,13164.0,13246.0,13246.0,0,0.0,0.0
2016-08-29,13308.0,13340.0,13248.0,13310.0,13310.0,0,0.0,0.0
2016-08-30,13251.0,13291.0,13238.0,13248.0,13248.0,0,0.0,0.0
2016-08-31,13283.0,13306.0,13263.0,13283.0,13283.0,0,0.0,0.0
2016-09-01,13277.0,13289.0,13253.0,13280.0,13280.0,0,0.0,0.0
2016-09-02,13271.0,13271.0,13133.0,13273.0,13273.0,0,0.0,0.0
2016-09-05,13195.0,13213.0,13125.0,13195.0,13195.0,0,0.0,0.0
2016-09-06,13123.0,13179.0,13053.0,13125.0,13125.0,0,0.0,0.0
2016-09-07,13058.0,13089.0,13021.0,13058.0,13058.0,0,0.0,0.0
2016-09-08,13069.0,13107.0,13001.0,13070.0,13070.0,0,0.0,0.0
2016-09-09,13063.0,13186.0,13063.0,13071.0,13071.0,0,0.0,0.0
2016-09-12,13176.0,13286.0,13037.0,13176.0,13176.0,0,0.0,0.0
2016-09-13,13171.0,13222.0,13151.0,13172.0,13172.0,0,0.0,0.0
2016-09-14,13239.0,13241.0,13183.0,13241.0,13241.0,0,0.0,0.0
2016-09-15,13192.0,13219.0,13136.0,13191.0,13191.0,0,0.0,0.0
2016-09-16,13146.0,13177.0,13092.0,13144.0,13144.0,0,0.0,0.0
2016-09-19,13163.0,13173.0,13123.0,13163.0,13163.0,0,0.0,0.0
2016-09-20,13129.0,13151.0,13110.0,13139.0,13139.0,0,0.0,0.0
2016-09-21,13157.0,13171.0,13110.0,13158.0,13158.0,0,0.0,0.0
2016-09-22,13067.0,13101.0,13018.0,13058.0,13058.0,0,0.0,0.0
2016-09-23,13064.0,13101.0,13031.0,13062.0,13062.0,0,0.0,0.0
2016-09-26,13053.0,13093.0,13014.0,13053.0,13053.0,0,0.0,0.0
2016-09-27,13032.0,13444.0,12852.0,13039.0,13039.0,0,0.0,0.0
2016-09-28,12918.0,12984.0,12838.0,12917.0,12917.0,0,0.0,0.0
2016-09-29,12928.0,12994.0,12882.0,12921.0,12921.0,0,0.0,0.0
2016-09-30,13003.0,13045.0,12973.0,13003.0,13003.0,0,0.0,0.0
2016-10-03,12965.0,13009.0,12938.0,12966.0,12966.0,0,0.0,0.0
2016-10-04,12965.0,13020.0,12963.0,12962.0,12962.0,0,0.0,0.0
2016-10-05,13030.0,13041.0,12981.0,13031.0,13031.0,0,0.0,0.0
2016-10-06,13012.0,13034.0,12976.0,13014.0,13014.0,0,0.0,0.0
2016-10-07,13001.0,13017.0,12921.0,13005.0,13005.0,0,0.0,0.0
2016-10-10,12968.0,12987.0,12937.0,12967.0,12967.0,0,0.0,0.0
2016-10-11,12925.0,13064.0,12922.0,12926.0,12926.0,0,0.0,0.0
2016-10-12,13068.0,13068.0,13007.0,13068.0,13068.0,0,0.0,0.0
2016-10-13,13019.0,13079.0,13009.0,13019.0,13019.0,0,0.0,0.0
2016-10-14,13044.0,13079.0,13019.0,13044.0,13044.0,0,0.0,0.0
2016-10-17,13091.0,13092.0,13035.0,13092.0,13092.0,0,0.0,0.0
2016-10-18,13050.0,13055.0,13013.0,13051.0,13051.0,0,0.0,0.0
2016-10-19,13022.0,13035.0,12965.0,13020.0,13020.0,0,0.0,0.0
2016-10-20,12986.0,13023.0,12981.0,12972.0,12972.0,0,0.0,0.0
2016-10-21,13004.0,13073.0,13000.0,13005.0,13005.0,0,0.0,0.0
2016-10-24,13102.0,13102.0,12997.0,13050.0,13050.0,0,0.0,0.0
2016-10-25,13016.0,13034.0,12971.0,13012.0,13012.0,0,0.0,0.0
2016-10-26,12980.0,13020.0,12966.0,12976.0,12976.0,0,0.0,0.0
2016-10-27,13024.0,13058.0,12939.0,13024.0,13024.0,0,0.0,0.0
2016-10-28,13048.0,13073.0,13028.0,13053.0,13053.0,0,0.0,0.0
2016-10-31,13063.0,13067.0,13032.0,13063.0,13063.0,0,0.0,0.0
2016-11-01,13016.0,13053.0,13012.0,13013.0,13013.0,0,0.0,0.0
2016-11-02,13040.0,13072.0,13029.0,13038.0,13038.0,0,0.0,0.0
2016-11-03,13049.0,13070.0,13033.0,13046.0,13046.0,0,0.0,0.0
2016-11-04,13068.0,13135.0,13053.0,13068.0,13068.0,0,0.0,0.0
2016-11-07,13115.0,13115.0,13071.0,13115.0,13115.0,0,0.0,0.0
2016-11-08,13075.0,13123.0,13055.0,13087.0,13087.0,0,0.0,0.0
2016-11-09,13041.0,13248.0,13041.0,13041.0,13041.0,0,0.0,0.0
2016-11-10,13144.0,13542.0,13096.0,13137.0,13137.0,0,0.0,0.0
2016-11-11,13414.0,13758.0,12265.0,13588.0,13588.0,0,0.0,0.0
2016-11-14,13340.0,13518.0,13294.0,13342.0,13342.0,0,0.0,0.0
2016-11-15,13458.0,13460.0,13238.0,13459.0,13459.0,0,0.0,0.0
2016-11-16,13313.0,13549.0,13313.0,13313.0,13313.0,0,0.0,0.0
2016-11-17,13377.0,13421.0,13315.0,13368.0,13368.0,0,0.0,0.0
2016-11-18,13421.0,13451.0,13308.0,13411.0,13411.0,0,0.0,0.0
2016-11-21,13478.0,13479.0,13323.0,13479.0,13479.0,0,0.0,0.0
2016-11-22,13415.0,13463.0,13373.0,13412.0,13412.0,0,0.0,0.0
2016-11-23,13435.0,13623.0,13419.0,13432.0,13432.0,0,0.0,0.0
2016-11-24,13610.0,13612.0,13497.0,13607.0,13607.0,0,0.0,0.0
2016-11-25,13558.0,13580.0,13483.0,13558.0,13558.0,0,0.0,0.0
2016-11-28,13487.0,13555.0,13441.0,13480.0,13480.0,0,0.0,0.0
2016-11-29,13484.0,13591.0,13478.0,13479.0,13479.0,0,0.0,0.0
2016-11-30,13499.0,13591.0,13499.0,13502.0,13502.0,0,0.0,0.0
2016-12-01,13571.0,13603.0,13450.0,13572.0,13572.0,0,0.0,0.0
2016-12-02,13519.0,13546.0,13456.0,13518.0,13518.0,0,0.0,0.0
2016-12-05,13621.0,13646.0,13425.0,13640.0,13640.0,0,0.0,0.0
2016-12-06,13433.0,13435.0,13283.0,13436.0,13436.0,0,0.0,0.0
2016-12-07,13295.0,13351.0,13283.0,13296.0,13296.0,0,0.0,0.0
2016-12-08,13277.0,13334.0,13263.0,13277.0,13277.0,0,0.0,0.0
2016-12-09,13306.0,13347.0,13293.0,13306.0,13306.0,0,0.0,0.0
2016-12-12,13361.0,13383.0,13285.0,13357.0,13357.0,0,0.0,0.0
2016-12-13,13278.0,13328.0,13275.0,13278.0,13278.0,0,0.0,0.0
2016-12-14,13279.0,13303.0,13250.0,13280.0,13280.0,0,0.0,0.0
2016-12-15,13419.0,13460.0,13263.0,13418.0,13418.0,0,0.0,0.0
2016-12-16,13400.0,13427.0,13346.0,13411.0,13411.0,0,0.0,0.0
2016-12-19,13380.0,13405.0,13362.0,13383.0,13383.0,0,0.0,0.0
2016-12-20,13371.0,13467.0,13348.0,13370.0,13370.0,0,0.0,0.0
2016-12-21,13422.0,13467.0,13416.0,13421.0,13421.0,0,0.0,0.0
2016-12-22,13438.0,13480.0,13378.0,13439.0,13439.0,0,0.0,0.0
2016-12-23,13451.0,13478.0,13371.0,13449.0,13449.0,0,0.0,0.0
2016-12-26,13439.0,13451.0,13378.0,13442.0,13442.0,0,0.0,0.0
2016-12-27,13440.0,13451.0,13378.0,13442.0,13442.0,0,0.0,0.0
2016-12-28,13429.0,13504.0,13328.0,13429.0,13429.0,0,0.0,0.0
2016-12-29,13491.0,13491.0,13443.0,13490.0,13490.0,0,0.0,0.0
2016-12-30,13466.0,13469.0,13378.0,13466.0,13466.0,0,0.0,0.0
2017-01-02,13505.0,13529.0,13495.0,13512.0,13512.0,0,0.0,0.0
2017-01-03,13505.0,13505.0,13318.0,13506.0,13506.0,0,0.0,0.0
2017-01-04,13449.0,13472.0,13338.0,13443.0,13443.0,0,0.0,0.0
2017-01-05,13347.0,13380.0,13278.0,13348.0,13348.0,0,0.0,0.0
2017-01-06,13319.0,13391.0,13310.0,13319.0,13319.0,0,0.0,0.0
2017-01-09,13351.0,13385.0,13281.0,13351.0,13351.0,0,0.0,0.0
2017-01-10,13315.0,13336.0,13264.5,13314.0,13314.0,0,0.0,0.0
2017-01-11,13290.0,13353.0,13271.0,13291.0,13291.0,0,0.0,0.0
2017-01-12,13240.0,13295.0,13230.0,13241.0,13241.0,0,0.0,0.0
2017-01-13,13263.0,13353.0,13258.0,13258.0,13258.0,0,0.0,0.0
2017-01-16,13312.0,13367.0,13312.0,13313.0,13313.0,0,0.0,0.0
2017-01-17,13349.0,13370.0,13296.0,13349.0,13349.0,0,0.0,0.0
2017-01-18,13311.0,13363.0,13309.0,13296.0,13296.0,0,0.0,0.0
2017-01-19,13370.0,13404.0,13349.0,13370.0,13370.0,0,0.0,0.0
2017-01-20,13399.0,13438.0,13356.0,13378.0,13378.0,0,0.0,0.0
2017-01-23,13406.0,13406.0,13336.0,13406.0,13406.0,0,0.0,0.0
2017-01-24,13346.0,13352.0,13286.0,13345.0,13345.0,0,0.0,0.0
2017-01-25,13345.0,13350.0,13310.0,13342.0,13342.0,0,0.0,0.0
2017-01-26,13316.0,13388.0,13293.0,13316.0,13316.0,0,0.0,0.0
2017-01-27,13385.0,13388.0,13331.0,13387.0,13387.0,0,0.0,0.0
2017-01-30,13324.0,13355.0,13308.0,13326.0,13326.0,0,0.0,0.0
2017-01-31,13337.0,13370.0,13318.0,13338.0,13338.0,0,0.0,0.0
2017-02-01,13345.0,13411.0,13339.0,13345.0,13345.0,0,0.0,0.0
2017-02-02,13366.0,13380.0,13303.0,13360.0,13360.0,0,0.0,0.0
2017-02-03,13346.0,13365.0,13299.0,13346.0,13346.0,0,0.0,0.0
2017-02-06,13338.0,13338.0,13286.0,13338.0,13338.0,0,0.0,0.0
2017-02-07,13319.0,13338.0,13296.0,13326.0,13326.0,0,0.0,0.0
2017-02-08,13324.0,13341.0,13285.0,13310.0,13310.0,0,0.0,0.0
2017-02-09,13303.0,13313.0,13249.0,13302.0,13302.0,0,0.0,0.0
2017-02-10,13287.0,13321.0,13266.0,13288.0,13288.0,0,0.0,0.0
2017-02-13,13333.0,13341.0,13308.0,13335.0,13335.0,0,0.0,0.0
2017-02-14,13322.0,13347.5,13301.0,13323.0,13323.0,0,0.0,0.0
2017-02-15,13320.0,13340.0,13300.0,13321.0,13321.0,0,0.0,0.0
2017-02-16,13316.0,13336.0,13308.0,13316.0,13316.0,0,0.0,0.0
2017-02-17,13320.0,13362.5,13320.0,13321.0,13321.0,0,0.0,0.0
2017-02-20,13347.0,13361.0,13326.0,13350.0,13350.0,0,0.0,0.0
2017-02-21,13356.0,13376.0,13347.0,13347.0,13347.0,0,0.0,0.0
2017-02-22,13356.0,13369.0,13335.0,13358.0,13358.0,0,0.0,0.0
2017-02-23,13338.0,13364.0,13302.0,13338.0,13338.0,0,0.0,0.0
2017-02-24,13325.0,13351.0,13303.0,13325.0,13325.0,0,0.0,0.0
2017-02-27,13324.0,13359.5,13324.0,13324.0,13324.0,0,0.0,0.0
2017-02-28,13340.0,13351.0,13319.0,13339.0,13339.0,0,0.0,0.0
2017-03-01,13393.0,13401.0,13332.0,13391.0,13391.0,0,0.0,0.0
2017-03-02,13393.0,13393.0,13341.5,13392.0,13392.0,0,0.0,0.0
2017-03-03,13372.0,13390.0,13352.0,13373.0,13373.0,0,0.0,0.0
2017-03-06,13275.0,13370.0,13270.0,13278.0,13278.0,0,0.0,0.0
2017-03-07,13342.0,13354.0,13323.0,13342.0,13342.0,0,0.0,0.0
2017-03-08,13342.0,13412.0,13320.0,13336.0,13336.0,0,0.0,0.0
2017-03-09,13368.0,13407.0,13358.0,13368.0,13368.0,0,0.0,0.0
2017-03-10,13406.0,13406.0,13341.0,13403.0,13403.0,0,0.0,0.0
2017-03-13,13346.0,13362.0,13337.0,13346.0,13346.0,0,0.0,0.0
2017-03-14,13370.0,13380.0,13347.0,13372.0,13372.0,0,0.0,0.0
2017-03-15,13389.0,13389.0,13349.0,13390.0,13390.0,0,0.0,0.0
2017-03-16,13224.0,13358.0,13221.0,13217.0,13217.0,0,0.0,0.0
2017-03-17,13283.0,13355.0,13283.0,13283.0,13283.0,0,0.0,0.0
2017-03-20,13329.0,13338.0,13286.0,13330.0,13330.0,0,0.0,0.0
2017-03-21,13332.0,13332.0,13290.0,13332.0,13332.0,0,0.0,0.0
2017-03-22,13309.0,13348.0,13308.0,13308.0,13308.0,0,0.0,0.0
2017-03-23,13323.0,13335.5,13306.0,13327.0,13327.0,0,0.0,0.0
2017-03-24,13319.0,13332.0,13288.0,13318.0,13318.0,0,0.0,0.0
2017-03-27,13320.0,13320.0,13279.0,13320.0,13320.0,0,0.0,0.0
2017-03-28,13307.0,13317.0,13292.0,13308.0,13308.0,0,0.0,0.0
2017-03-29,13308.0,13324.0,13294.0,13309.0,13309.0,0,0.0,0.0
2017-03-30,13301.0,13325.0,13291.0,13303.0,13303.0,0,0.0,0.0
2017-03-31,13298.0,13325.0,13298.0,13299.0,13299.0,0,0.0,0.0
2017-04-03,13332.0,13332.0,13302.0,13335.0,13335.0,0,0.0,0.0
2017-04-04,13315.0,13346.0,13306.0,13316.0,13316.0,0,0.0,0.0
2017-04-05,13331.0,13336.0,13315.0,13332.0,13332.0,0,0.0,0.0
2017-04-06,13317.0,13341.0,13306.0,13323.0,13323.0,0,0.0,0.0
2017-04-07,13352.0,13358.0,13300.0,13353.0,13353.0,0,0.0,0.0
2017-04-10,13371.0,13377.0,13238.0,13373.0,13373.0,0,0.0,0.0
2017-04-11,13270.0,13309.0,13253.0,13271.0,13271.0,0,0.0,0.0
2017-04-12,13293.0,13304.0,13257.0,13291.0,13291.0,0,0.0,0.0
2017-04-13,13278.0,13278.0,13238.0,13277.0,13277.0,0,0.0,0.0
2017-04-14,13273.0,13296.0,13238.0,13276.0,13276.0,0,0.0,0.0
2017-04-17,13284.0,13291.0,13249.0,13287.0,13287.0,0,0.0,0.0
2017-04-18,13279.0,13305.0,13278.0,13279.0,13279.0,0,0.0,0.0
2017-04-19,13294.0,13339.0,13282.0,13296.0,13296.0,0,0.0,0.0
2017-04-20,13342.0,13344.0,13301.0,13343.0,13343.0,0,0.0,0.0
2017-04-21,13317.0,13324.0,13306.0,13317.0,13317.0,0,0.0,0.0
2017-04-24,13100.0,13316.0,13100.0,13105.0,13105.0,0,0.0,0.0
2017-04-25,13104.0,13310.0,13099.0,13124.0,13124.0,0,0.0,0.0
2017-04-26,13296.0,13316.0,13268.0,13303.0,13303.0,0,0.0,0.0
2017-04-27,13255.0,13336.0,13252.0,13261.0,13261.0,0,0.0,0.0
2017-04-28,13350.0,13356.0,13302.0,13351.0,13351.0,0,0.0,0.0
2017-05-01,13322.0,13336.0,13309.5,13322.0,13322.0,0,0.0,0.0
2017-05-02,13331.0,13348.0,13292.0,13325.0,13325.0,0,0.0,0.0
2017-05-03,13296.0,13324.0,13282.0,13295.0,13295.0,0,0.0,0.0
2017-05-04,13308.0,13336.0,13308.0,13304.0,13304.0,0,0.0,0.0
2017-05-05,13338.0,13344.0,13309.0,13340.0,13340.0,0,0.0,0.0
2017-05-08,13312.0,13331.0,13294.0,13315.0,13315.0,0,0.0,0.0
2017-05-09,13319.0,13368.0,13311.0,13324.0,13324.0,0,0.0,0.0
2017-05-10,13358.0,13374.0,13336.5,13359.0,13359.0,0,0.0,0.0
2017-05-11,13354.0,13371.0,13325.5,13353.0,13353.0,0,0.0,0.0
2017-05-12,13312.0,13343.0,13311.0,13312.0,13312.0,0,0.0,0.0
2017-05-15,13323.0,13327.0,13283.0,13323.0,13323.0,0,0.0,0.0
2017-05-16,13284.0,13306.0,13281.0,13285.0,13285.0,0,0.0,0.0
2017-05-17,13276.0,13321.0,13273.0,13274.0,13274.0,0,0.0,0.0
2017-05-18,13318.0,13465.0,13304.0,13318.0,13318.0,0,0.0,0.0
2017-05-19,13399.0,13417.0,13288.0,13399.0,13399.0,0,0.0,0.0
2017-05-22,13328.0,13328.0,13255.0,13328.0,13328.0,0,0.0,0.0
2017-05-23,13296.0,13306.0,13270.0,13296.0,13296.0,0,0.0,0.0
2017-05-24,13296.0,13326.0,13285.0,13296.0,13296.0,0,0.0,0.0
2017-05-25,13302.0,13307.0,13264.0,13302.0,13302.0,0,0.0,0.0
2017-05-26,13302.0,13310.0,13278.0,13302.0,13302.0,0,0.0,0.0
2017-05-29,13300.0,13321.0,13288.0,13288.0,13288.0,0,0.0,0.0
2017-05-30,13315.0,13340.0,13295.0,13315.0,13315.0,0,0.0,0.0
2017-05-31,13319.0,13326.0,13296.0,13319.0,13319.0,0,0.0,0.0
2017-06-01,13294.0,13317.0,13289.5,13294.0,13294.0,0,0.0,0.0
2017-06-02,13288.0,13310.0,13270.0,13288.0,13288.0,0,0.0,0.0
2017-06-05,13304.0,13304.0,13273.0,13304.0,13304.0,0,0.0,0.0
2017-06-06,13284.0,13296.0,13261.0,13283.0,13283.0,0,0.0,0.0
2017-06-07,13259.0,13313.0,13259.0,13259.0,13259.0,0,0.0,0.0
2017-06-08,13313.0,13314.0,13284.0,13313.0,13313.0,0,0.0,0.0
2017-06-09,13293.0,13303.0,13280.0,13293.0,13293.0,0,0.0,0.0
2017-06-12,13295.0,13311.0,13261.0,13295.0,13295.0,0,0.0,0.0
2017-06-13,13311.0,13318.0,13274.0,13314.0,13314.0,0,0.0,0.0
2017-06-14,13282.0,13291.0,13257.0,13282.0,13282.0,0,0.0,0.0
2017-06-15,13266.0,13316.0,13259.0,13286.0,13286.0,0,0.0,0.0
2017-06-16,13282.0,13311.0,13275.0,13294.0,13294.0,0,0.0,0.0
2017-06-19,13278.0,13309.0,13264.0,13277.0,13277.0,0,0.0,0.0
2017-06-20,13286.0,13308.0,13277.0,13286.0,13286.0,0,0.0,0.0
2017-06-21,13286.0,13320.0,13283.0,13291.0,13291.0,0,0.0,0.0
2017-06-22,13309.0,13330.0,13300.0,13301.0,13301.0,0,0.0,0.0
2017-06-23,13339.0,13341.0,13272.0,13341.0,13341.0,0,0.0,0.0
2017-06-26,13282.0,13316.0,13274.0,13284.0,13284.0,0,0.0,0.0
2017-06-27,13298.0,13325.0,13279.0,13318.0,13318.0,0,0.0,0.0
2017-06-28,13310.0,13348.0,13301.0,13308.0,13308.0,0,0.0,0.0
2017-06-29,13299.0,13335.0,13243.0,13296.0,13296.0,0,0.0,0.0
2017-06-30,13314.0,13357.0,13275.0,13278.0,13278.0,0,0.0,0.0
2017-07-03,13297.0,13399.5,13297.0,13298.0,13298.0,0,0.0,0.0
2017-07-04,13366.0,13397.0,13352.0,13364.0,13364.0,0,0.0,0.0
2017-07-05,13347.0,13396.0,13340.0,13351.0,13351.0,0,0.0,0.0
2017-07-06,13362.0,13408.0,13353.0,13363.0,13363.0,0,0.0,0.0
2017-07-07,13381.0,13417.0,13369.0,13383.0,13383.0,0,0.0,0.0
2017-07-10,13407.0,13411.0,13384.0,13408.0,13408.0,0,0.0,0.0
2017-07-12,13346.0,13375.0,13309.0,13349.0,13349.0,0,0.0,0.0
2017-07-13,13363.0,13365.0,13324.0,13363.0,13363.0,0,0.0,0.0
2017-07-14,13341.0,13345.0,13287.0,13341.0,13341.0,0,0.0,0.0
2017-07-17,13332.0,13332.0,13287.0,13332.0,13332.0,0,0.0,0.0
2017-07-18,13321.0,13321.0,13292.5,13321.0,13321.0,0,0.0,0.0
2017-07-19,13302.0,13324.0,13287.0,13302.0,13302.0,0,0.0,0.0
2017-07-20,13307.0,13334.0,13302.0,13309.0,13309.0,0,0.0,0.0
2017-07-21,13299.0,13329.5,13299.0,13303.0,13303.0,0,0.0,0.0
2017-07-24,13264.0,13320.0,13264.0,13265.0,13265.0,0,0.0,0.0
2017-07-25,13316.0,13327.0,13302.0,13316.0,13316.0,0,0.0,0.0
2017-07-26,13328.0,13344.0,13309.0,13328.0,13328.0,0,0.0,0.0
2017-07-27,13329.0,13335.0,13302.0,13329.0,13329.0,0,0.0,0.0
2017-07-28,13311.0,13333.0,13311.0,13311.0,13311.0,0,0.0,0.0
2017-07-31,13320.0,13327.0,13314.0,13320.0,13320.0,0,0.0,0.0
2017-08-01,13295.0,13330.0,13295.0,13318.0,13318.0,0,0.0,0.0
2017-08-02,13317.0,13337.0,13311.5,13317.0,13317.0,0,0.0,0.0
2017-08-03,13317.0,13334.0,13316.0,13317.0,13317.0,0,0.0,0.0
2017-08-04,13319.0,13327.0,13299.0,13319.0,13319.0,0,0.0,0.0
2017-08-07,13309.0,13322.0,13308.0,13309.0,13309.0,0,0.0,0.0
2017-08-08,13314.0,13321.0,13296.0,13315.0,13315.0,0,0.0,0.0
2017-08-09,13308.0,13354.0,13306.0,13306.0,13306.0,0,0.0,0.0
2017-08-10,13326.0,13366.0,13326.0,13326.0,13326.0,0,0.0,0.0
2017-08-11,13327.0,13382.0,13325.0,13327.0,13327.0,0,0.0,0.0
2017-08-14,13351.0,13358.0,13333.0,13351.0,13351.0,0,0.0,0.0
2017-08-15,13342.0,13370.0,13335.0,13342.0,13342.0,0,0.0,0.0
2017-08-16,13354.0,13378.0,13354.0,13354.0,13354.0,0,0.0,0.0
2017-08-17,13356.0,13372.0,13345.0,13350.0,13350.0,0,0.0,0.0
2017-08-18,13372.0,13372.0,13350.0,13372.0,13372.0,0,0.0,0.0
2017-08-21,13355.0,13363.0,13329.0,13355.0,13355.0,0,0.0,0.0
2017-08-22,13343.0,13353.0,13323.0,13344.0,13344.0,0,0.0,0.0
2017-08-23,13327.0,13355.0,13325.0,13325.0,13325.0,0,0.0,0.0
2017-08-24,13350.0,13355.0,13330.0,13351.0,13351.0,0,0.0,0.0
2017-08-25,13333.0,13351.0,13323.0,13333.0,13333.0,0,0.0,0.0
2017-08-28,13339.0,13340.0,13321.0,13339.0,13339.0,0,0.0,0.0
2017-08-29,13304.0,13352.0,13294.0,13303.0,13303.0,0,0.0,0.0
2017-08-30,13332.0,13351.0,13328.0,13333.0,13333.0,0,0.0,0.0
2017-08-31,13338.0,13352.0,13314.0,13334.0,13334.0,0,0.0,0.0
2017-09-01,13321.0,13338.0,13298.0,13321.0,13321.0,0,0.0,0.0
2017-09-04,13331.0,13347.0,13316.0,13331.0,13331.0,0,0.0,0.0
2017-09-05,13354.0,13356.0,13308.0,13353.0,13353.0,0,0.0,0.0
2017-09-06,13334.0,13341.0,13312.0,13333.0,13333.0,0,0.0,0.0
2017-09-07,13333.0,13337.0,13280.0,13339.0,13339.0,0,0.0,0.0
2017-09-08,13290.0,13292.0,13151.0,13289.0,13289.0,0,0.0,0.0
2017-09-11,13197.0,13197.0,13121.0,13197.0,13197.0,0,0.0,0.0
2017-09-12,13174.0,13217.0,13172.0,13176.0,13176.0,0,0.0,0.0
2017-09-13,13209.0,13232.0,13191.0,13208.0,13208.0,0,0.0,0.0
2017-09-14,13242.0,13286.0,13222.0,13242.0,13242.0,0,0.0,0.0
2017-09-15,13263.0,13265.0,13222.0,13262.0,13262.0,0,0.0,0.0
2017-09-18,13249.0,13268.0,13229.0,13252.0,13252.0,0,0.0,0.0
2017-09-19,13267.0,13278.0,13240.0,13268.0,13268.0,0,0.0,0.0
2017-09-20,13262.0,13276.0,13254.0,13256.0,13256.0,0,0.0,0.0
2017-09-21,13273.0,13348.0,13272.0,13273.0,13273.0,0,0.0,0.0
2017-09-22,13271.0,13336.0,13271.0,13273.0,13273.0,0,0.0,0.0
2017-09-25,13306.0,13329.0,13270.0,13306.0,13306.0,0,0.0,0.0
2017-09-26,13319.0,13401.0,13319.0,13319.0,13319.0,0,0.0,0.0
2017-09-27,13370.0,13461.0,13363.0,13375.0,13375.0,0,0.0,0.0
2017-09-28,13433.0,13566.0,13419.0,13433.0,13433.0,0,0.0,0.0
2017-09-29,13508.0,13508.0,13372.0,13508.0,13508.0,0,0.0,0.0
2017-10-02,13465.0,13573.0,13405.0,13465.0,13465.0,0,0.0,0.0
2017-10-03,13531.0,13594.0,13504.0,13531.0,13531.0,0,0.0,0.0
2017-10-04,13536.0,13536.0,13435.0,13536.0,13536.0,0,0.0,0.0
2017-10-05,13470.0,13485.0,13418.0,13470.0,13470.0,0,0.0,0.0
2017-10-06,13457.0,13547.0,13435.0,13451.0,13451.0,0,0.0,0.0
2017-10-09,13497.0,13535.0,13487.0,13497.0,13497.0,0,0.0,0.0
2017-10-10,13510.0,13516.0,13473.0,13510.0,13510.0,0,0.0,0.0
2017-10-11,13506.0,13535.0,13488.0,13510.0,13510.0,0,0.0,0.0
2017-10-12,13510.0,13532.0,13485.0,13510.0,13510.0,0,0.0,0.0
2017-10-13,13498.0,13511.0,13431.0,13498.0,13498.0,0,0.0,0.0
2017-10-16,13492.0,13492.0,13452.0,13492.0,13492.0,0,0.0,0.0
2017-10-17,13476.0,13509.5,13475.0,13476.0,13476.0,0,0.0,0.0
2017-10-18,13494.0,13524.0,13438.0,13495.0,13495.0,0,0.0,0.0
2017-10-19,13508.0,13530.0,13494.0,13510.0,13510.0,0,0.0,0.0
2017-10-20,13489.0,13530.0,13486.0,13490.0,13490.0,0,0.0,0.0
2017-10-23,13516.0,13537.0,13516.0,13516.0,13516.0,0,0.0,0.0
2017-10-24,13530.0,13584.0,13514.0,13535.0,13535.0,0,0.0,0.0
2017-10-25,13526.0,13584.0,13524.0,13525.0,13525.0,0,0.0,0.0
2017-10-26,13571.0,13621.0,13540.0,13572.0,13572.0,0,0.0,0.0
2017-10-27,13643.0,13647.0,13594.0,13643.0,13643.0,0,0.0,0.0
2017-10-30,13588.0,13610.0,13553.0,13588.0,13588.0,0,0.0,0.0
2017-10-31,13575.0,13577.0,13537.0,13574.0,13574.0,0,0.0,0.0
2017-11-01,13552.0,13595.0,13537.0,13554.0,13554.0,0,0.0,0.0
2017-11-02,13551.0,13572.0,13506.0,13553.0,13553.0,0,0.0,0.0
2017-11-03,13540.0,13547.0,13453.0,13543.0,13543.0,0,0.0,0.0
2017-11-06,13480.0,13536.0,13480.0,13480.0,13480.0,0,0.0,0.0
2017-11-07,13484.0,13540.0,13479.0,13483.0,13483.0,0,0.0,0.0
2017-11-08,13515.0,13533.0,13487.0,13514.0,13514.0,0,0.0,0.0
2017-11-09,13497.0,13531.0,13497.0,13503.0,13503.0,0,0.0,0.0
2017-11-10,13508.0,13569.0,13504.0,13527.0,13527.0,0,0.0,0.0
2017-11-13,13511.0,13565.0,13511.0,13512.0,13512.0,0,0.0,0.0
2017-11-14,13549.0,13556.0,13520.0,13553.0,13553.0,0,0.0,0.0
2017-11-15,13545.0,13551.0,13508.0,13545.0,13545.0,0,0.0,0.0
2017-11-17,13509.0,13528.0,13485.0,13514.0,13514.0,0,0.0,0.0
2017-11-20,13508.0,13535.0,13508.0,13508.0,13508.0,0,0.0,0.0
2017-11-21,13524.0,13546.0,13498.0,13525.0,13525.0,0,0.0,0.0
2017-11-22,13513.0,13524.0,13480.0,13519.0,13519.0,0,0.0,0.0
2017-11-23,13489.0,13521.0,13472.0,13491.0,13491.0,0,0.0,0.0
2017-11-24,13483.0,13514.5,13473.0,13489.0,13489.0,0,0.0,0.0
2017-11-27,13498.0,13524.0,13488.0,13498.0,13498.0,0,0.0,0.0
2017-11-28,13510.0,13528.0,13488.5,13511.0,13511.0,0,0.0,0.0
2017-11-29,13499.0,13515.0,13485.5,13500.0,13500.0,0,0.0,0.0
2017-11-30,13499.0,13541.0,13497.0,13504.0,13504.0,0,0.0,0.0
2017-12-01,13541.0,13542.0,13508.0,13541.0,13541.0,0,0.0,0.0
2017-12-04,13569.0,13569.0,13493.0,13560.0,13560.0,0,0.0,0.0
2017-12-05,13495.0,13532.0,13491.0,13494.0,13494.0,0,0.0,0.0
2017-12-06,13514.0,13552.0,13500.0,13513.0,13513.0,0,0.0,0.0
2017-12-07,13537.0,13556.0,13532.0,13534.0,13534.0,0,0.0,0.0
2017-12-08,13556.0,13558.0,13534.0,13553.0,13553.0,0,0.0,0.0
2017-12-11,13505.0,13563.0,13480.0,13507.0,13507.0,0,0.0,0.0
2017-12-12,13557.0,13619.0,13541.0,13552.0,13552.0,0,0.0,0.0
2017-12-13,13551.0,13601.0,13531.0,13551.0,13551.0,0,0.0,0.0
2017-12-14,13541.0,13594.0,13539.0,13540.0,13540.0,0,0.0,0.0
2017-12-15,13554.0,13579.0,13552.0,13554.0,13554.0,0,0.0,0.0
2017-12-18,13568.0,13602.0,13568.0,13568.0,13568.0,0,0.0,0.0
2017-12-19,13569.0,13589.0,13562.0,13580.0,13580.0,0,0.0,0.0
2017-12-20,13576.0,13578.0,13560.0,13575.0,13575.0,0,0.0,0.0
2017-12-21,13573.0,13574.0,13532.0,13573.0,13573.0,0,0.0,0.0
2017-12-22,13565.0,13575.0,13541.0,13562.0,13562.0,0,0.0,0.0
2017-12-25,13550.0,13559.0,13517.0,13551.0,13551.0,0,0.0,0.0
2017-12-26,13533.0,13562.0,13532.0,13532.0,13532.0,0,0.0,0.0
2017-12-27,13551.0,13561.0,13531.0,13552.0,13552.0,0,0.0,0.0
2017-12-28,13558.0,13559.0,13518.0,13558.0,13558.0,0,0.0,0.0
2017-12-29,13562.0,13568.0,13506.0,13558.0,13558.0,0,0.0,0.0
2018-01-01,13542.0,13547.0,13527.0,13542.0,13542.0,0,0.0,0.0
2018-01-02,13556.0,13557.0,13467.0,13550.0,13550.0,0,0.0,0.0
2018-01-03,13496.0,13506.0,13422.0,13496.0,13496.0,0,0.0,0.0
2018-01-04,13472.0,13478.0,13405.0,13468.0,13468.0,0,0.0,0.0
2018-01-05,13414.0,13427.0,13384.0,13415.0,13415.0,0,0.0,0.0
2018-01-08,13428.0,13509.0,13378.0,13427.0,13427.0,0,0.0,0.0
2018-01-09,13431.0,13443.0,13405.0,13427.0,13427.0,0,0.0,0.0
2018-01-10,13429.0,13455.0,13413.0,13430.0,13430.0,0,0.0,0.0
2018-01-11,13441.0,13441.0,13338.0,13441.0,13441.0,0,0.0,0.0
2018-01-12,13393.0,13395.0,13315.0,13393.0,13393.0,0,0.0,0.0
2018-01-15,13272.0,13343.0,13265.0,13295.0,13295.0,0,0.0,0.0
2018-01-16,13305.0,13341.0,13304.0,13305.0,13305.0,0,0.0,0.0
2018-01-17,13306.0,13366.0,13304.0,13306.0,13306.0,0,0.0,0.0
2018-01-18,13335.0,13371.0,13328.0,13336.0,13336.0,0,0.0,0.0
2018-01-19,13337.0,13344.0,13277.0,13334.0,13334.0,0,0.0,0.0
2018-01-22,13332.0,13354.0,13317.0,13325.0,13325.0,0,0.0,0.0
2018-01-23,13339.0,13352.0,13299.0,13342.0,13342.0,0,0.0,0.0
2018-01-24,13336.0,13336.0,13290.0,13336.0,13336.0,0,0.0,0.0
2018-01-25,13297.0,13303.0,13256.0,13298.0,13298.0,0,0.0,0.0
2018-01-26,13300.0,13325.0,13285.0,13299.0,13299.0,0,0.0,0.0
2018-01-29,13296.0,13404.0,13290.0,13296.0,13296.0,0,0.0,0.0
2018-01-30,13366.0,13437.0,13360.0,13367.0,13367.0,0,0.0,0.0
2018-01-31,13420.0,13426.0,13359.0,13421.0,13421.0,0,0.0,0.0
2018-02-01,13384.0,13434.0,13378.0,13383.0,13383.0,0,0.0,0.0
2018-02-02,13387.0,13507.0,13385.0,13386.0,13386.0,0,0.0,0.0
2018-02-05,13445.0,13512.0,13445.0,13411.0,13411.0,0,0.0,0.0
2018-02-06,13565.0,13614.0,13520.0,13564.0,13564.0,0,0.0,0.0
2018-02-07,13544.0,13570.0,13517.0,13544.0,13544.0,0,0.0,0.0
2018-02-08,13641.0,13682.0,13566.0,13641.0,13641.0,0,0.0,0.0
2018-02-09,13598.0,13666.0,13598.0,13598.0,13598.0,0,0.0,0.0
2018-02-12,13611.0,13648.0,13593.0,13610.0,13610.0,0,0.0,0.0
2018-02-13,13643.0,13655.0,13618.0,13643.0,13643.0,0,0.0,0.0
2018-02-14,13632.0,13679.5,13598.0,13640.0,13640.0,0,0.0,0.0
2018-02-15,13622.0,13622.0,13510.0,13622.0,13622.0,0,0.0,0.0
2018-02-16,13552.0,13557.0,13489.0,13552.0,13552.0,0,0.0,0.0
2018-02-19,13552.0,13564.0,13525.0,13552.0,13552.0,0,0.0,0.0
2018-02-20,13554.0,13632.0,13535.0,13554.0,13554.0,0,0.0,0.0
2018-02-21,13608.0,13616.0,13562.0,13608.0,13608.0,0,0.0,0.0
2018-02-22,13620.0,13705.0,13608.0,13612.0,13612.0,0,0.0,0.0
2018-02-23,13668.0,13687.0,13649.0,13676.0,13676.0,0,0.0,0.0
2018-02-26,13686.0,13704.0,13642.0,13652.0,13652.0,0,0.0,0.0
2018-02-27,13655.0,13701.5,13639.0,13651.0,13651.0,0,0.0,0.0
2018-02-28,13681.0,13766.0,13675.0,13694.0,13694.0,0,0.0,0.0
2018-03-01,13757.0,13808.0,13743.0,13756.0,13756.0,0,0.0,0.0
2018-03-02,13782.0,13787.0,13723.0,13741.0,13741.0,0,0.0,0.0
2018-03-05,13751.0,13777.0,13731.0,13751.0,13751.0,0,0.0,0.0
2018-03-06,13736.0,13783.0,13696.0,13737.0,13737.0,0,0.0,0.0
2018-03-07,13718.0,13777.0,13718.0,13759.0,13759.0,0,0.0,0.0
2018-03-08,13742.0,13822.0,13740.0,13745.0,13745.0,0,0.0,0.0
2018-03-09,13786.0,13813.0,13732.5,13786.0,13786.0,0,0.0,0.0
2018-03-12,13772.0,13776.0,13741.0,13772.0,13772.0,0,0.0,0.0
2018-03-13,13751.0,13765.0,13702.0,13755.0,13755.0,0,0.0,0.0
2018-03-14,13732.0,13759.0,13717.5,13740.0,13740.0,0,0.0,0.0
2018-03-15,13708.0,13773.0,13708.0,13725.0,13725.0,0,0.0,0.0
2018-03-16,13759.0,13770.0,13734.0,13758.0,13758.0,0,0.0,0.0
2018-03-19,13750.0,13775.0,13740.0,13748.0,13748.0,0,0.0,0.0
2018-03-20,13779.0,13779.0,13732.0,13771.0,13771.0,0,0.0,0.0
2018-03-21,13744.0,13765.0,13738.0,13743.0,13743.0,0,0.0,0.0
2018-03-22,13728.0,13783.0,13673.0,13705.0,13705.0,0,0.0,0.0
2018-03-23,13764.0,13810.0,13748.0,13754.0,13754.0,0,0.0,0.0
2018-03-26,13758.0,13800.0,13708.0,13762.0,13762.0,0,0.0,0.0
2018-03-27,13706.0,13746.0,13689.0,13718.0,13718.0,0,0.0,0.0
2018-03-28,13727.0,13761.0,13712.0,13740.0,13740.0,0,0.0,0.0
2018-03-29,13751.0,13770.0,13720.5,13756.0,13756.0,0,0.0,0.0
2018-03-30,13770.0,13770.0,13715.0,13757.0,13757.0,0,0.0,0.0
2018-04-02,13786.0,13786.0,13721.5,13768.0,13768.0,0,0.0,0.0
2018-04-03,13753.0,13774.0,13727.0,13748.0,13748.0,0,0.0,0.0
2018-04-04,13741.0,13781.0,13735.0,13741.0,13741.0,0,0.0,0.0
2018-04-05,13755.0,13792.5,13750.0,13751.0,13751.0,0,0.0,0.0
2018-04-06,13777.0,13785.400390625,13759.7998046875,13760.0,13760.0,0,0.0,0.0
2018-04-09,13763.0,13787.0,13749.0,13763.0,13763.0,0,0.0,0.0
2018-04-10,13774.5,13774.5,13733.0,13768.0,13768.0,0,0.0,0.0
2018-04-11,13742.099609375,13766.5,13736.0,13742.099609375,13742.099609375,0,0.0,0.0
2018-04-12,13753.5,13780.5,13750.0,13753.5,13753.5,0,0.0,0.0
2018-04-13,13766.0,13776.5,13739.0,13767.0,13767.0,0,0.0,0.0
2018-04-16,13731.0,13783.7998046875,13731.0,13733.0,13733.0,0,0.0,0.0
2018-04-17,13770.0,13778.900390625,13756.0,13766.0,13766.0,0,0.0,0.0
2018-04-18,13766.0,13775.5,13751.0,13757.0,13757.0,0,0.0,0.0
2018-04-19,13760.0,13838.0,13747.0,13769.0,13769.0,0,0.0,0.0
2018-04-20,13823.5,13950.5,13790.0,13800.0,13800.0,0,0.0,0.0
2018-04-23,13902.0,13986.0,13885.7998046875,13899.0,13899.0,0,0.0,0.0
2018-04-24,13967.099609375,13983.7001953125,13848.5,13961.0,13961.0,0,0.0,0.0
2018-04-25,13865.0,13947.599609375,13856.0,13872.0,13872.0,0,0.0,0.0
2018-04-26,13913.0,13946.0,13842.0,13919.0,13919.0,0,0.0,0.0
2018-04-27,13940.0,13940.0,13838.0,13879.0,13879.0,0,0.0,0.0
2018-04-30,13865.0,13922.0,13837.0,13870.0,13870.0,0,0.0,0.0
2018-05-01,13915.5,13989.0,13901.0,13901.0,13901.0,0,0.0,0.0
2018-05-02,13982.5,13995.7001953125,13926.099609375,13982.2998046875,13982.2998046875,0,0.0,0.0
2018-05-03,14002.5,14061.0,13896.5,14002.2998046875,14002.2998046875,0,0.0,0.0
2018-05-04,13934.5,13985.2998046875,13921.5,13931.0,13931.0,0,0.0,0.0
2018-05-07,13933.0,14046.900390625,13933.0,13933.0,13933.0,0,0.0,0.0
2018-05-08,14268.5,14268.5,13983.0,14268.5,14268.5,0,0.0,0.0
2018-05-09,14067.099609375,14124.900390625,14016.7998046875,14264.099609375,14264.099609375,0,0.0,0.0
2018-05-10,14073.0,14173.5,13982.2998046875,14073.0,14073.0,0,0.0,0.0
2018-05-11,14110.0,14110.0,13899.5,14073.0,14073.0,0,0.0,0.0
2018-05-14,13943.0,14065.0,13923.2998046875,13943.0,13943.0,0,0.0,0.0
2018-05-15,13988.0,14130.2998046875,13963.0,13963.0,13963.0,0,0.0,0.0
2018-05-16,14030.0,14120.5,14016.5,14030.0,14030.0,0,0.0,0.0
2018-05-17,14149.2001953125,14149.2001953125,14013.2998046875,14149.2001953125,14149.2001953125,0,0.0,0.0
2018-05-18,14153.5,14167.2998046875,14062.5,14153.5,14153.5,0,0.0,0.0
2018-05-21,14167.0,14218.7998046875,14143.0,14163.0,14163.0,0,0.0,0.0
2018-05-22,14220.0,14220.0,14100.2998046875,14220.0,14220.0,0,0.0,0.0
2018-05-23,14200.7998046875,14213.400390625,14093.2998046875,14200.7998046875,14200.7998046875,0,0.0,0.0
2018-05-24,14170.0,14233.5,14111.0,14169.0,14169.0,0,0.0,0.0
2018-05-25,14118.0,14165.900390625,14026.2998046875,14124.0,14124.0,0,0.0,0.0
2018-05-28,14081.0,14084.0,13960.900390625,14078.0,14078.0,0,0.0,0.0
2018-05-29,14001.0,14070.2998046875,13969.7998046875,14010.0,14010.0,0,0.0,0.0
2018-05-30,14014.0,14049.7998046875,13921.0,14029.0,14029.0,0,0.0,0.0
2018-05-31,13977.0,13984.0,13853.0,13977.0,13977.0,0,0.0,0.0
2018-06-01,13923.5,13923.5,13817.0,13880.0,13880.0,0,0.0,0.0
2018-06-04,13946.0,13946.0,13849.0,13938.0,13938.0,0,0.0,0.0
2018-06-05,13903.0,13903.0,13858.0,13860.0,13860.0,0,0.0,0.0
2018-06-06,13880.0,13886.2998046875,13827.0,13870.0,13870.0,0,0.0,0.0
2018-06-07,13823.0,13949.7998046875,13816.0,13822.0,13822.0,0,0.0,0.0
2018-06-08,13933.0,14050.5,13872.0,13863.0,13863.0,0,0.0,0.0
2018-06-11,13867.0,13974.2001953125,13865.0,13866.0,13866.0,0,0.0,0.0
2018-06-12,13984.900390625,14062.900390625,13923.0,13923.0,13923.0,0,0.0,0.0
2018-06-13,13923.0,14106.2998046875,13920.0,13923.0,13923.0,0,0.0,0.0
2018-06-14,13923.0,14053.5,13917.5,13923.0,13923.0,0,0.0,0.0
2018-06-15,14122.7001953125,14122.7001953125,13923.0,14121.400390625,14121.400390625,0,0.0,0.0
2018-06-18,13923.0,14114.400390625,13923.0,13923.0,13923.0,0,0.0,0.0
2018-06-19,13923.0,14264.599609375,13923.0,13923.0,13923.0,0,0.0,0.0
2018-06-20,13923.0,14251.7998046875,13923.0,13923.0,13923.0,0,0.0,0.0
2018-06-21,13923.0,14145.2998046875,13923.0,13923.0,13923.0,0,0.0,0.0
2018-06-22,14071.0,14168.7998046875,14047.2998046875,14088.0,14088.0,0,0.0,0.0
2018-06-25,14073.0,14259.7001953125,14073.0,14073.0,14073.0,0,0.0,0.0
2018-06-26,14148.0,14224.2998046875,14127.2998046875,14148.0,14148.0,0,0.0,0.0
2018-06-27,14198.0,14259.0,14154.5,14188.0,14188.0,0,0.0,0.0
2018-06-28,14242.2998046875,14396.0,14217.2998046875,14235.0,14235.0,0,0.0,0.0
2018-06-29,14328.0,14402.0,14254.5,14350.0,14350.0,0,0.0,0.0
2018-07-02,14319.0,14415.599609375,14282.0,14317.0,14317.0,0,0.0,0.0
2018-07-03,14347.0,14483.0,14328.0,14347.0,14347.0,0,0.0,0.0
2018-07-04,14347.0,14374.400390625,14298.599609375,14353.0,14353.0,0,0.0,0.0
2018-07-05,14400.0,14428.2001953125,14309.0,14400.0,14400.0,0,0.0,0.0
2018-07-06,14458.099609375,14458.099609375,14330.0,14378.7998046875,14378.7998046875,0,0.0,0.0
2018-07-09,14308.0,14378.7998046875,14270.400390625,14307.0,14307.0,0,0.0,0.0
2018-07-10,14327.0,14376.0,14301.0,14311.0,14311.0,0,0.0,0.0
2018-07-11,14361.0,14441.7001953125,14301.7998046875,14375.0,14375.0,0,0.0,0.0
2018-07-12,14378.0,14438.0,14327.2998046875,14378.0,14378.0,0,0.0,0.0
2018-07-13,14387.5,14468.7001953125,14323.599609375,14385.0,14385.0,0,0.0,0.0
2018-07-16,14373.0,14455.2998046875,14356.5,14373.0,14373.0,0,0.0,0.0
2018-07-17,14365.5,14396.7001953125,14354.0,14365.5,14365.5,0,0.0,0.0
2018-07-18,14377.0,14429.2998046875,14376.0,14377.0,14377.0,0,0.0,0.0
2018-07-19,14476.900390625,14553.0,14388.0,14441.0,14441.0,0,0.0,0.0
2018-07-20,14468.0,14549.0,14438.7998046875,14468.0,14468.0,0,0.0,0.0
2018-07-23,14473.0,14521.2998046875,14439.7998046875,14473.0,14473.0,0,0.0,0.0
2018-07-24,14569.2001953125,14569.2001953125,14460.7001953125,14567.5,14567.5,0,0.0,0.0
2018-07-25,14543.5,14543.5,14421.0,14543.2998046875,14543.2998046875,0,0.0,0.0
2018-07-26,14465.0,14474.5,14396.7998046875,14465.0,14465.0,0,0.0,0.0
2018-07-27,14525.0,14525.0,14339.5,14525.0,14525.0,0,0.0,0.0
2018-07-30,14411.0,14444.0,14377.5,14411.0,14411.0,0,0.0,0.0
2018-07-31,14399.099609375,14435.7001953125,14389.5,14403.0,14403.0,0,0.0,0.0
2018-08-01,14409.2001953125,14450.400390625,14392.5,14409.2001953125,14409.2001953125,0,0.0,0.0
2018-08-02,14489.2001953125,14497.7998046875,14432.7998046875,14489.0,14489.0,0,0.0,0.0
2018-08-03,14521.7001953125,14527.599609375,14439.0,14521.0,14521.0,0,0.0,0.0
2018-08-06,14486.0,14536.5,14444.0,14486.0,14486.0,0,0.0,0.0
2018-08-07,14545.0,14545.0,14412.0,14543.2998046875,14543.2998046875,0,0.0,0.0
2018-08-08,14422.0,14454.0,14417.0,14422.0,14422.0,0,0.0,0.0
2018-08-09,14402.400390625,14438.7998046875,14374.0,14398.0,14398.0,0,0.0,0.0
2018-08-10,14480.0,14548.0,14415.0,14472.0,14472.0,0,0.0,0.0
2018-08-13,14472.0,14689.7001953125,14468.0,14473.0,14473.0,0,0.0,0.0
2018-08-14,14594.0,14657.2998046875,14520.0,14594.0,14594.0,0,0.0,0.0
2018-08-15,14665.0,14692.5,14572.5,14642.0,14642.0,0,0.0,0.0
2018-08-16,14695.0,14715.0,14571.7998046875,14555.7998046875,14555.7998046875,0,0.0,0.0
2018-08-17,14598.599609375,14645.0,14568.5,14598.599609375,14598.599609375,0,0.0,0.0
2018-08-20,14572.0,14608.599609375,14559.0,14572.0,14572.0,0,0.0,0.0
2018-08-21,14585.0,14601.5,14557.0,14562.0,14562.0,0,0.0,0.0
2018-08-22,14570.0,14611.2001953125,14529.0,14570.0,14570.0,0,0.0,0.0
2018-08-23,14645.5,14647.0,14570.0,14572.0,14572.0,0,0.0,0.0
2018-08-24,14644.0,14663.0,14572.0,14664.0,14664.0,0,0.0,0.0
2018-08-27,14570.0,14693.7998046875,14534.0,14559.0,14559.0,0,0.0,0.0
2018-08-28,14539.0,14684.7998046875,14539.0,14551.0,14551.0,0,0.0,0.0
2018-08-29,14681.0,14703.0,14616.0,14653.0,14653.0,0,0.0,0.0
2018-08-30,14617.0,14839.0,14605.0,14618.0,14618.0,0,0.0,0.0
2018-08-31,14751.0,14882.2998046875,14700.0,14751.0,14751.0,0,0.0,0.0
2018-09-03,14723.0,14872.5,14721.7998046875,14723.0,14723.0,0,0.0,0.0
2018-09-04,14841.0,15031.2001953125,14819.0,14832.0,14832.0,0,0.0,0.0
2018-09-05,14931.0,15358.7998046875,14904.0,14930.0,14930.0,0,0.0,0.0
2018-09-06,14979.900390625,14998.2998046875,14814.2001953125,14979.900390625,14979.900390625,0,0.0,0.0
2018-09-07,14892.0,14947.2998046875,14827.0,14893.0,14893.0,0,0.0,0.0
2018-09-10,14813.0,14950.2998046875,14808.2001953125,14813.0,14813.0,0,0.0,0.0
2018-09-11,14844.5,14898.5,14775.0,14844.5,14844.5,0,0.0,0.0
2018-09-12,14863.0,15120.900390625,14730.5,14837.0,14837.0,0,0.0,0.0
2018-09-13,14801.0,14851.0,14705.0,14807.0,14807.0,0,0.0,0.0
2018-09-14,14740.0,14841.0,14738.0,14740.0,14740.0,0,0.0,0.0
2018-09-17,14805.0,14906.0,14790.0,14807.0,14807.0,0,0.0,0.0
2018-09-18,14907.099609375,14933.2001953125,14814.0,14907.099609375,14907.099609375,0,0.0,0.0
2018-09-19,14869.0,14900.5,14829.0,14867.0,14867.0,0,0.0,0.0
2018-09-20,14890.0,14890.0,14791.0,14880.0,14880.0,0,0.0,0.0
2018-09-21,14836.0,14889.400390625,14787.900390625,14832.0,14832.0,0,0.0,0.0
2018-09-24,14812.0,14907.5,14812.0,14812.0,14812.0,0,0.0,0.0
2018-09-25,14900.7998046875,15007.0,14861.0,14861.0,14861.0,0,0.0,0.0
2018-09-26,15021.5,15021.5,14896.5,15021.5,15021.5,0,0.0,0.0
2018-09-27,14985.0,14985.0,14862.5,14985.0,14985.0,0,0.0,0.0
2018-09-28,14918.7998046875,14937.5,14845.5,14918.7998046875,14918.7998046875,0,0.0,0.0
2018-10-01,14902.0,14946.0,14885.0,14902.0,14902.0,0,0.0,0.0
2018-10-02,15055.7998046875,15255.0,14943.0,15053.2998046875,15053.2998046875,0,0.0,0.0
2018-10-03,15058.2001953125,15184.2001953125,15033.7001953125,15038.0,15038.0,0,0.0,0.0
2018-10-04,15139.2001953125,15380.0,15068.0,15139.2001953125,15139.2001953125,0,0.0,0.0
2018-10-05,15409.099609375,15409.099609375,15147.7001953125,15408.900390625,15408.900390625,0,0.0,0.0
2018-10-08,15173.0,15309.2998046875,15138.7998046875,15173.0,15173.0,0,0.0,0.0
2018-10-09,15400.0,15400.0,15208.7998046875,15400.0,15400.0,0,0.0,0.0
2018-10-10,15223.0,15240.7001953125,15169.400390625,15223.0,15223.0,0,0.0,0.0
2018-10-11,15231.7998046875,15290.7998046875,15141.7998046875,15196.0,15196.0,0,0.0,0.0
2018-10-12,15228.0,15320.0,15158.099609375,15299.2001953125,15299.2001953125,0,0.0,0.0
2018-10-15,15198.0,15344.2001953125,15140.5,15198.0,15198.0,0,0.0,0.0
2018-10-16,15193.7001953125,15258.0,15127.599609375,15193.7998046875,15193.7998046875,0,0.0,0.0
2018-10-17,15209.599609375,15209.599609375,15138.400390625,15193.0,15193.0,0,0.0,0.0
2018-10-18,15263.5,15263.5,15153.2998046875,15264.2998046875,15264.2998046875,0,0.0,0.0
2018-10-19,15327.7001953125,15327.7001953125,15168.0,15328.5,15328.5,0,0.0,0.0
2018-10-22,15181.0,15226.0,15159.2998046875,15181.0,15181.0,0,0.0,0.0
2018-10-23,15263.900390625,15263.900390625,15163.0,15264.7001953125,15264.7001953125,0,0.0,0.0
2018-10-24,15165.5,15247.5,15165.5,15183.0,15183.0,0,0.0,0.0
2018-10-25,15272.0,15272.0,15168.599609375,15269.5,15269.5,0,0.0,0.0
2018-10-26,15259.7998046875,15271.7998046875,15181.0,15257.2998046875,15257.2998046875,0,0.0,0.0
2018-10-29,15210.0,15289.900390625,15203.0,15210.0,15210.0,0,0.0,0.0
2018-10-30,15300.2998046875,15300.2998046875,15179.5,15297.7998046875,15297.7998046875,0,0.0,0.0
2018-10-31,15275.599609375,15275.599609375,15159.099609375,15273.099609375,15273.099609375,0,0.0,0.0
2018-11-01,15196.0,15208.400390625,15060.2001953125,15196.0,15196.0,0,0.0,0.0
2018-11-02,15068.7001953125,15121.0,14875.7998046875,15068.7001953125,15068.7001953125,0,0.0,0.0
2018-11-05,14946.0,15023.099609375,14922.2998046875,14946.0,14946.0,0,0.0,0.0
2018-11-06,14921.599609375,14969.0,14757.0,14921.599609375,14921.599609375,0,0.0,0.0
2018-11-07,14830.0,14830.0,14514.2001953125,14830.0,14830.0,0,0.0,0.0
2018-11-08,14594.2001953125,14674.7001953125,14461.0,14598.900390625,14598.900390625,0,0.0,0.0
2018-11-09,14719.2001953125,14755.0,14601.0,14720.0,14720.0,0,0.0,0.0
2018-11-12,14678.0,14860.0,14631.099609375,14678.0,14678.0,0,0.0,0.0
2018-11-13,14808.0,14924.5,14777.2998046875,14808.0,14808.0,0,0.0,0.0
2018-11-14,14794.2998046875,14831.7001953125,14699.099609375,14794.2998046875,14794.2998046875,0,0.0,0.0
2018-11-15,14815.7998046875,14815.7998046875,14579.099609375,14813.2998046875,14813.2998046875,0,0.0,0.0
2018-11-16,14562.2001953125,14617.2998046875,14519.099609375,14562.2001953125,14562.2001953125,0,0.0,0.0
2018-11-19,14605.0,14639.2001953125,14521.599609375,14605.0,14605.0,0,0.0,0.0
2018-11-20,14655.2001953125,14668.0,14515.099609375,14652.7001953125,14652.7001953125,0,0.0,0.0
2018-11-21,14663.5,14663.5,14557.2998046875,14664.2998046875,14664.2998046875,0,0.0,0.0
2018-11-22,14629.2001953125,14634.7998046875,14503.099609375,14630.0,14630.0,0,0.0,0.0
2018-11-23,14600.0,14600.0,14504.400390625,14600.0,14600.0,0,0.0,0.0
2018-11-26,14533.0,14553.0,14409.099609375,14533.0,14533.0,0,0.0,0.0
2018-11-27,14524.099609375,14543.7001953125,14464.099609375,14526.900390625,14526.900390625,0,0.0,0.0
2018-11-28,14528.7001953125,14557.7001953125,14506.5,14575.5,14575.5,0,0.0,0.0
2018-11-29,14459.7998046875,14521.0,14309.5,14459.7998046875,14459.7998046875,0,0.0,0.0
2018-11-30,14358.5,14376.0,14253.0,14356.0,14356.0,0,0.0,0.0
2018-12-03,14296.0,14322.2998046875,13971.7001953125,14296.0,14296.0,0,0.0,0.0
2018-12-04,14339.0,14370.099609375,14258.0,14339.0,14339.0,0,0.0,0.0
2018-12-05,14451.099609375,14451.099609375,14358.0,14448.599609375,14448.599609375,0,0.0,0.0
2018-12-06,14429.400390625,14614.0,14419.0,14431.599609375,14431.599609375,0,0.0,0.0
2018-12-07,14526.0,14572.0,14437.5,14528.0,14528.0,0,0.0,0.0
2018-12-10,14463.0,14650.0,14463.0,14463.0,14463.0,0,0.0,0.0
2018-12-11,14592.2998046875,14678.599609375,14546.7998046875,14548.0,14548.0,0,0.0,0.0
2018-12-12,14639.900390625,14639.900390625,14512.900390625,14637.400390625,14637.400390625,0,0.0,0.0
2018-12-13,14580.0,14591.0,14456.5,14579.7998046875,14579.7998046875,0,0.0,0.0
2018-12-14,14549.2001953125,14628.7001953125,14488.0,14550.0,14550.0,0,0.0,0.0
2018-12-17,14578.0,14626.599609375,14538.0,14578.0,14578.0,0,0.0,0.0
2018-12-18,14588.7001953125,14590.2001953125,14438.0,14588.7001953125,14588.7001953125,0,0.0,0.0
2018-12-19,14418.099609375,14466.0,14343.0,14490.0,14490.0,0,0.0,0.0
2018-12-20,14508.0,14549.2998046875,14410.0,14493.0,14493.0,0,0.0,0.0
2018-12-21,14529.0,14627.7998046875,14448.0,14534.7998046875,14534.7998046875,0,0.0,0.0
2018-12-24,14548.0,14621.0,14548.0,14548.0,14548.0,0,0.0,0.0
2018-12-25,14548.0,14607.5,14548.0,14548.0,14548.0,0,0.0,0.0
2018-12-26,14710.0,14710.0,14549.0,14710.0,14710.0,0,0.0,0.0
2018-12-27,14609.400390625,14652.0,14530.0,14609.400390625,14609.400390625,0,0.0,0.0
2018-12-28,14561.599609375,14569.0,14508.0,14561.599609375,14561.599609375,0,0.0,0.0
2018-12-31,14553.0,14553.0,14322.0,14553.0,14553.0,0,0.0,0.0
2019-01-01,14460.0,14460.0,14460.0,14460.0,14460.0,0,0.0,0.0
2019-01-02,14460.0,14513.0,14373.0,14460.0,14460.0,0,0.0,0.0
2019-01-03,14409.7001953125,14502.5,14367.900390625,14409.7001953125,14409.7001953125,0,0.0,0.0
2019-01-04,14375.400390625,14403.0,14211.0,14375.400390625,14375.400390625,0,0.0,0.0
2019-01-07,14263.0,14263.0,14008.0,14267.0,14267.0,0,0.0,0.0
2019-01-08,14094.0,14164.0,13988.0,14083.0,14083.0,0,0.0,0.0
2019-01-09,14145.0,14192.5,14058.0,14138.0,14138.0,0,0.0,0.0
2019-01-10,14130.0,14130.0,14008.0,14130.0,14130.0,0,0.0,0.0
2019-01-11,14118.0,14118.0,13991.0,14048.0,14048.0,0,0.0,0.0
2019-01-14,14038.0,14176.0,14018.0,14038.0,14038.0,0,0.0,0.0
2019-01-15,14117.0,14166.0,14054.0,14117.0,14117.0,0,0.0,0.0
2019-01-16,14139.0,14185.0,14104.0,14111.0,14111.0,0,0.0,0.0
2019-01-17,14157.0,14302.0,14118.0,14140.0,14140.0,0,0.0,0.0
2019-01-18,14195.5,14236.5,14159.0,14173.0,14173.0,0,0.0,0.0
2019-01-21,14168.0,14263.0,14156.0,14168.0,14168.0,0,0.0,0.0
2019-01-22,14307.0,14307.0,14178.0,14307.0,14307.0,0,0.0,0.0
2019-01-23,14208.0,14222.0,14132.2001953125,14208.0,14208.0,0,0.0,0.0
2019-01-24,14130.900390625,14181.400390625,14106.5,14130.900390625,14130.900390625,0,0.0,0.0
2019-01-25,14190.0,14190.0,14049.0,14189.0,14189.0,0,0.0,0.0
2019-01-28,14078.0,14122.5,14018.0,14078.0,14078.0,0,0.0,0.0
2019-01-29,14081.7998046875,14105.900390625,14063.0,14063.0,14063.0,0,0.0,0.0
2019-01-30,14073.0,14147.2001953125,14073.0,14074.0,14074.0,0,0.0,0.0
2019-01-31,14030.0,14073.0,13855.0,14033.0,14033.0,0,0.0,0.0
2019-02-01,13931.599609375,14007.0,13931.2001953125,13966.0,13966.0,0,0.0,0.0
2019-02-04,13933.0,14036.0,13930.0,13933.0,13933.0,0,0.0,0.0
2019-02-05,13957.5,13976.0,13934.900390625,13957.5,13957.5,0,0.0,0.0
2019-02-06,13950.5,13959.5,13885.5,13950.5,13950.5,0,0.0,0.0
2019-02-07,13934.5,14005.7001953125,13915.0,13915.0,13915.0,0,0.0,0.0
2019-02-08,14025.0,14025.0,13947.599609375,13966.0,13966.0,0,0.0,0.0
2019-02-11,13958.0,14105.2001953125,13958.0,13958.0,13958.0,0,0.0,0.0
2019-02-12,14033.0,14103.7001953125,13985.2001953125,14033.0,14033.0,0,0.0,0.0
2019-02-13,14012.7001953125,14102.7001953125,14006.0,14012.7001953125,14012.7001953125,0,0.0,0.0
2019-02-14,14151.0,14178.0,14051.0,14151.0,14151.0,0,0.0,0.0
2019-02-15,14155.0,14244.0,14083.0,14083.0,14083.0,0,0.0,0.0
2019-02-18,14136.0,14145.0,14063.400390625,14136.0,14136.0,0,0.0,0.0
2019-02-19,14193.0,14193.0,14055.7001953125,14192.5,14192.5,0,0.0,0.0
2019-02-20,14096.0,14096.0,14014.7001953125,14096.5,14096.5,0,0.0,0.0
2019-02-21,14068.0,14093.7001953125,14024.7001953125,14033.0,14033.0,0,0.0,0.0
2019-02-22,14120.0,14120.0,14017.2001953125,14120.0,14120.0,0,0.0,0.0
2019-02-25,14051.0,14051.0,13965.0,14051.0,14051.0,0,0.0,0.0
2019-02-26,14001.0,14046.5,13961.0,14011.0,14011.0,0,0.0,0.0
2019-02-27,13963.0,14060.5,13959.0,13960.0,13960.0,0,0.0,0.0
2019-02-28,14069.0,14168.0,14016.0,14015.0,14015.0,0,0.0,0.0
2019-03-01,14195.5,14195.5,14093.5,14194.0,14194.0,0,0.0,0.0
2019-03-04,14108.0,14200.5,14107.099609375,14108.0,14108.0,0,0.0,0.0
2019-03-05,14205.0,14205.0,14108.0,14205.0,14205.0,0,0.0,0.0
2019-03-06,14150.0,14162.5,14098.5,14150.5,14150.5,0,0.0,0.0
2019-03-07,14216.0,14249.5,14157.5,14214.5,14214.5,0,0.0,0.0
2019-03-08,14240.7998046875,14411.0,14133.0,14240.7998046875,14240.7998046875,0,0.0,0.0
2019-03-11,14303.0,14338.0,14268.0,14303.0,14303.0,0,0.0,0.0
2019-03-12,14324.0,14329.0,14220.0,14283.0,14283.0,0,0.0,0.0
2019-03-13,14286.0,14287.5,14227.5,14258.0,14258.0,0,0.0,0.0
2019-03-14,14293.5,14293.5,14228.0,14258.0,14258.0,0,0.0,0.0
2019-03-15,14333.0,14333.0,14232.0,14287.0,14287.0,0,0.0,0.0
2019-03-18,14251.0,14283.0,14204.0,14251.0,14251.0,0,0.0,0.0
2019-03-19,14246.0,14252.0,14163.0,14251.0,14251.0,0,0.0,0.0
2019-03-20,14224.0,14233.2998046875,14159.0,14223.0,14223.0,0,0.0,0.0
2019-03-21,14115.5,14159.0,14055.0,14055.0,14055.0,0,0.0,0.0
2019-03-22,14152.5,14279.0,14120.0,14133.0,14133.0,0,0.0,0.0
2019-03-25,14158.0,14260.0,14158.0,14158.0,14158.0,0,0.0,0.0
2019-03-26,14173.0,14245.0,14155.0,14173.0,14173.0,0,0.0,0.0
2019-03-27,14210.0,14280.0,14163.0,14163.0,14163.0,0,0.0,0.0
2019-03-28,14346.0,14346.0,14190.0,14346.0,14346.0,0,0.0,0.0
2019-03-29,14235.0,14325.5,14210.0,14235.0,14235.0,0,0.0,0.0
2019-04-01,14233.0,14270.5,14188.0,14233.0,14233.0,0,0.0,0.0
2019-04-02,14257.0,14257.0,14201.0,14240.0,14240.0,0,0.0,0.0
2019-04-03,14213.0,14235.0,14166.5,14213.0,14213.0,0,0.0,0.0
2019-04-04,14210.0,14253.099609375,14142.0,14210.0,14210.0,0,0.0,0.0
2019-04-05,14211.0,14211.0,14120.0,14151.0,14151.0,0,0.0,0.0
2019-04-08,14111.0,14188.0,14111.0,14112.0,14112.0,0,0.0,0.0
2019-04-09,14220.0,14220.0,14125.0,14191.0,14191.0,0,0.0,0.0
2019-04-10,14126.0,14174.2998046875,14126.0,14136.0,14136.0,0,0.0,0.0
2019-04-11,14223.0,14223.0,14130.0,14177.0,14177.0,0,0.0,0.0
2019-04-12,14257.0,14257.0,14090.0,14138.0,14138.0,0,0.0,0.0
2019-04-15,14086.0,14102.7998046875,14056.0,14086.0,14086.0,0,0.0,0.0
2019-04-16,14157.0,14157.0,14049.0,14155.5,14155.5,0,0.0,0.0
2019-04-17,14157.0,14157.0,13972.0,14079.0,14079.0,0,0.0,0.0
2019-04-18,14045.0,14078.0,13979.5,14078.0,14078.0,0,0.0,0.0
2019-04-19,14104.0,14104.0,13997.5,14036.0,14036.0,0,0.0,0.0
2019-04-22,14036.0,14123.900390625,14036.0,14036.0,14036.0,0,0.0,0.0
2019-04-23,14061.5,14117.5,14055.400390625,14061.5,14061.5,0,0.0,0.0
2019-04-24,14052.0,14139.900390625,14052.0,14061.0,14061.0,0,0.0,0.0
2019-04-25,14266.0,14266.0,14128.7001953125,14154.0,14154.0,0,0.0,0.0
2019-04-26,14305.0,14305.0,14152.0,14306.5,14306.5,0,0.0,0.0
2019-04-29,14163.0,14213.0,14142.0,14165.0,14165.0,0,0.0,0.0
2019-04-30,14295.0,14295.0,14193.0,14191.0,14191.0,0,0.0,0.0
2019-05-01,14286.0,14291.0,14178.5,14243.0,14243.0,0,0.0,0.0
2019-05-02,14245.0,14269.2998046875,14214.5,14244.2998046875,14244.2998046875,0,0.0,0.0
2019-05-03,14337.0,14337.0,14242.0,14244.0,14244.0,0,0.0,0.0
2019-05-06,14204.0,14346.900390625,14204.0,14230.0,14230.0,0,0.0,0.0
2019-05-07,14386.0,14386.0,14263.0,14286.0,14286.0,0,0.0,0.0
2019-05-08,14450.0,14450.0,14281.0,14346.2998046875,14346.2998046875,0,0.0,0.0
2019-05-09,14444.0,14444.0,14301.0,14288.0,14288.0,0,0.0,0.0
2019-05-10,14495.0,14495.0,14317.7001953125,14343.0,14343.0,0,0.0,0.0
2019-05-13,14318.0,14511.0,14318.0,14318.0,14318.0,0,0.0,0.0
2019-05-14,14655.0,14655.0,14380.0,14497.400390625,14497.400390625,0,0.0,0.0
2019-05-15,14544.0,14544.0,14417.0,14423.0,14423.0,0,0.0,0.0
2019-05-16,14540.0,14540.0,14417.5,14540.0,14540.0,0,0.0,0.0
2019-05-17,14571.0,14571.0,14311.0,14569.5,14569.5,0,0.0,0.0
2019-05-20,14443.0,14492.2998046875,14410.0,14443.0,14443.0,0,0.0,0.0
2019-05-21,14477.099609375,14500.099609375,14442.0,14448.0,14448.0,0,0.0,0.0
2019-05-23,14616.5,14616.5,14443.5,14518.0,14518.0,0,0.0,0.0
2019-05-24,14556.0,14556.0,14329.5,14453.0,14453.0,0,0.0,0.0
2019-05-27,14386.0,14402.2998046875,14333.099609375,14386.0,14386.0,0,0.0,0.0
2019-05-28,14445.0,14445.0,14356.0,14445.0,14445.0,0,0.0,0.0
2019-05-29,14469.5,14469.5,14310.5,14468.0,14468.0,0,0.0,0.0
2019-05-30,14397.0,14414.5,14359.0,14393.0,14393.0,0,0.0,0.0
2019-05-31,14399.0,14406.0,14254.5,14401.0,14401.0,0,0.0,0.0
2019-06-03,14268.0,14269.5,14174.2998046875,14268.0,14268.0,0,0.0,0.0
2019-06-04,14237.0,14254.5,14161.2998046875,14237.0,14237.0,0,0.0,0.0
2019-06-05,14260.0,14268.0,14147.0,14260.0,14260.0,0,0.0,0.0
2019-06-06,14280.0,14280.0,14180.0,14280.0,14280.0,0,0.0,0.0
2019-06-07,14256.0,14268.0,14183.0,14256.0,14256.0,0,0.0,0.0
2019-06-10,14268.0,14270.0,14206.0,14268.0,14268.0,0,0.0,0.0
2019-06-11,14276.0,14310.0,14179.0,14276.0,14276.0,0,0.0,0.0
2019-06-12,14225.0,14255.0,14203.0,14294.5,14294.5,0,0.0,0.0
2019-06-13,14262.0,14316.0,14228.0,14262.0,14262.0,0,0.0,0.0
2019-06-14,14293.0,14342.5,14273.0,14273.0,14273.0,0,0.0,0.0
2019-06-17,14318.0,14353.0,14311.7998046875,14318.0,14318.0,0,0.0,0.0
2019-06-18,14415.0,14415.0,14222.0,14413.5,14413.5,0,0.0,0.0
2019-06-19,14291.0,14291.0,14237.5,14289.5,14289.5,0,0.0,0.0
2019-06-20,14280.0,14280.2001953125,14092.0,14280.0,14280.0,0,0.0,0.0
2019-06-21,14140.0,14177.2998046875,14078.7001953125,14142.0,14142.0,0,0.0,0.0
2019-06-24,14148.0,14176.099609375,14118.5,14148.0,14148.0,0,0.0,0.0
2019-06-25,14182.0,14182.0,14097.5,14183.0,14183.0,0,0.0,0.0
2019-06-26,14201.0,14231.5,14118.0,14118.0,14118.0,0,0.0,0.0
2019-06-27,14215.0,14215.0,14123.5,14215.5,14215.5,0,0.0,0.0
2019-06-28,14184.0,14184.0,14100.2001953125,14184.5,14184.5,0,0.0,0.0
2019-07-01,14121.0,14121.0,14070.5,14121.0,14121.0,0,0.0,0.0
2019-07-02,14148.0,14193.900390625,14104.2001953125,14150.0,14150.0,0,0.0,0.0
2019-07-03,14194.0,14194.0,14117.5,14196.0,14196.0,0,0.0,0.0
2019-07-04,14181.0,14181.0,14090.400390625,14178.5,14178.5,0,0.0,0.0
2019-07-05,14150.0,14174.0,14081.0,14150.0,14150.0,0,0.0,0.0
2019-07-08,14076.0,14156.7001953125,14066.2001953125,14076.0,14076.0,0,0.0,0.0
2019-07-09,14189.5,14189.5,14100.599609375,14187.0,14187.0,0,0.0,0.0
2019-07-10,14235.0,14235.0,14055.0,14236.0,14236.0,0,0.0,0.0
2019-07-11,14164.0,14164.0,14036.5,14161.5,14161.5,0,0.0,0.0
2019-07-12,14126.5,14126.5,13977.0,14124.0,14124.0,0,0.0,0.0
2019-07-15,14000.0,14000.0,13893.0,14000.0,14000.0,0,0.0,0.0
2019-07-16,13929.2001953125,13954.5,13898.0,13913.0,13913.0,0,0.0,0.0
2019-07-17,14011.0,14011.0,13925.0,14008.5,14008.5,0,0.0,0.0
2019-07-18,14024.7998046875,14024.7998046875,13928.0,14023.0,14023.0,0,0.0,0.0
2019-07-19,13968.0,13968.0,13883.0,13970.0,13970.0,0,0.0,0.0
2019-07-22,13941.0,13968.0,13919.0,13941.0,13941.0,0,0.0,0.0
2019-07-23,13995.0,13995.0,13931.0,13997.0,13997.0,0,0.0,0.0
2019-07-24,14038.0,14038.0,13970.5,14039.0,14039.0,0,0.0,0.0
2019-07-25,14030.0,14030.0,13934.0,14027.5,14027.5,0,0.0,0.0
2019-07-26,14055.2001953125,14055.2001953125,13970.7998046875,14052.7001953125,14052.7001953125,0,0.0,0.0
2019-07-29,13997.0,14041.599609375,13982.5,13997.0,13997.0,0,0.0,0.0
2019-07-30,14064.2001953125,14064.2001953125,14007.5,14066.0,14066.0,0,0.0,0.0
2019-07-31,14066.599609375,14066.599609375,14000.0,14066.400390625,14066.400390625,0,0.0,0.0
2019-08-01,14165.0,14167.7001953125,14078.0,14165.0,14165.0,0,0.0,0.0
2019-08-02,14329.0,14329.0,14158.0,14329.0,14329.0,0,0.0,0.0
2019-08-05,14173.0,14372.2001953125,14173.0,14173.0,14173.0,0,0.0,0.0
2019-08-06,14248.0,14442.7001953125,14246.7998046875,14248.0,14248.0,0,0.0,0.0
2019-08-07,14282.0,14298.2001953125,14174.2998046875,14258.0,14258.0,0,0.0,0.0
2019-08-08,14271.2001953125,14271.2001953125,14167.7001953125,14274.5,14274.5,0,0.0,0.0
2019-08-09,14234.2001953125,14242.5,14160.5,14236.5,14236.5,0,0.0,0.0
2019-08-12,14183.0,14315.5,14183.0,14183.0,14183.0,0,0.0,0.0
2019-08-13,14289.0,14338.599609375,14170.0,14241.0,14241.0,0,0.0,0.0
2019-08-14,14234.5,14297.2998046875,14170.7998046875,14232.7998046875,14232.7998046875,0,0.0,0.0
2019-08-15,14295.2998046875,14316.2001953125,14238.0,14238.0,14238.0,0,0.0,0.0
2019-08-16,14333.0,14333.0,14196.400390625,14333.0,14333.0,0,0.0,0.0
2019-08-19,14228.0,14258.0,14188.0,14228.0,14228.0,0,0.0,0.0
2019-08-20,14339.7998046875,14339.7998046875,14227.0,14337.2998046875,14337.2998046875,0,0.0,0.0
2019-08-21,14325.7998046875,14325.7998046875,14215.2001953125,14326.099609375,14326.099609375,0,0.0,0.0
2019-08-22,14275.0,14279.900390625,14211.2001953125,14275.0,14275.0,0,0.0,0.0
2019-08-23,14284.7001953125,14284.7001953125,14054.2998046875,14228.0,14228.0,0,0.0,0.0
2019-08-26,14206.0,14336.7998046875,14176.0,14206.0,14206.0,0,0.0,0.0
2019-08-27,14251.0,14277.599609375,14219.7001953125,14253.7998046875,14253.7998046875,0,0.0,0.0
2019-08-28,14343.5,14343.5,14244.0,14343.7998046875,14343.7998046875,0,0.0,0.0
2019-08-29,14310.0,14310.0,14185.0,14311.2998046875,14311.2998046875,0,0.0,0.0
2019-08-30,14264.0,14264.0,14151.0,14231.0,14231.0,0,0.0,0.0
2019-09-02,14178.0,14200.2001953125,14169.0,14178.0,14178.0,0,0.0,0.0
2019-09-03,14265.0,14265.0,14170.0,14265.0,14265.0,0,0.0,0.0
2019-09-04,14260.7001953125,14260.7001953125,14117.2001953125,14260.7001953125,14260.7001953125,0,0.0,0.0
2019-09-05,14187.7001953125,14187.7001953125,14017.2001953125,14146.0,14146.0,0,0.0,0.0
2019-09-06,14174.7998046875,14185.7001953125,14057.7998046875,14172.2998046875,14172.2998046875,0,0.0,0.0
2019-09-09,14088.0,14101.5,14022.400390625,14088.0,14088.0,0,0.0,0.0
2019-09-10,14075.0,14075.0,14013.900390625,14024.0,14024.0,0,0.0,0.0
2019-09-11,14095.0,14095.0,14020.7001953125,14095.7998046875,14095.7998046875,0,0.0,0.0
2019-09-12,14103.599609375,14103.599609375,13889.5,14106.400390625,14106.400390625,0,0.0,0.0
2019-09-13,13955.7001953125,13993.2001953125,13911.0,13983.0,13983.0,0,0.0,0.0
2019-09-16,13958.0,14060.2998046875,13958.0,13958.0,13958.0,0,0.0,0.0
2019-09-17,14168.5,14168.5,14035.0,14170.2998046875,14170.2998046875,0,0.0,0.0
2019-09-18,14125.0,14125.0,14049.5,14126.7998046875,14126.7998046875,0,0.0,0.0
2019-09-19,14124.2001953125,14124.2001953125,14044.7001953125,14126.0,14126.0,0,0.0,0.0
2019-09-20,14157.7001953125,14157.7001953125,14038.599609375,14158.0,14158.0,0,0.0,0.0
2019-09-23,14048.0,14087.2998046875,14048.0,14048.0,14048.0,0,0.0,0.0
2019-09-24,14115.7998046875,14176.400390625,14065.2001953125,14078.0,14078.0,0,0.0,0.0
2019-09-25,14179.7998046875,14223.400390625,14111.0,14177.2998046875,14177.2998046875,0,0.0,0.0
2019-09-26,14213.7998046875,14213.7998046875,14101.0,14211.2998046875,14211.2998046875,0,0.0,0.0
2019-09-27,14236.5,14236.5,14145.599609375,14236.7998046875,14236.7998046875,0,0.0,0.0
2019-09-30,14158.0,14192.5,14146.2998046875,14158.0,14158.0,0,0.0,0.0
2019-10-01,14221.900390625,14241.5,14160.2998046875,14219.400390625,14219.400390625,0,0.0,0.0
2019-10-02,14265.099609375,14265.099609375,14179.900390625,14206.0,14206.0,0,0.0,0.0
2019-10-03,14247.7001953125,14247.7001953125,14135.400390625,14188.0,14188.0,0,0.0,0.0
2019-10-04,14195.0,14195.0,14112.0,14166.0,14166.0,0,0.0,0.0
2019-10-07,14128.0,14181.5,14128.0,14128.0,14128.0,0,0.0,0.0
2019-10-08,14237.0,14237.0,14128.0,14239.5,14239.5,0,0.0,0.0
2019-10-09,14207.0,14207.0,14129.5,14210.0,14210.0,0,0.0,0.0
2019-10-10,14220.0,14220.0,14039.5,14217.5,14217.5,0,0.0,0.0
2019-10-11,14162.0,14162.0,14095.7998046875,14145.0,14145.0,0,0.0,0.0
2019-10-14,14121.0,14140.0,14098.7998046875,14121.0,14121.0,0,0.0,0.0
2019-10-15,14171.0,14178.5,14126.2998046875,14168.5,14168.5,0,0.0,0.0
2019-10-16,14215.0,14215.0,14103.0,14216.0,14216.0,0,0.0,0.0
2019-10-17,14226.5,14226.5,14132.0,14224.0,14224.0,0,0.0,0.0
2019-10-18,14185.0,14185.0,14126.2998046875,14184.5,14184.5,0,0.0,0.0
2019-10-21,14138.0,14180.0,14051.2998046875,14138.0,14138.0,0,0.0,0.0
2019-10-22,14103.0,14103.0,13981.7998046875,14102.5,14102.5,0,0.0,0.0
2019-10-23,14040.0,14066.2998046875,13973.2998046875,14042.5,14042.5,0,0.0,0.0
2019-10-24,13986.0,14062.099609375,13971.900390625,13987.0,13987.0,0,0.0,0.0
2019-10-25,14087.0,14087.0,14023.5,14089.5,14089.5,0,0.0,0.0
2019-10-28,14028.0,14030.0,13976.0,14028.0,14028.0,0,0.0,0.0
2019-10-29,14041.0,14055.5,14000.7001953125,14018.0,14018.0,0,0.0,0.0
2019-10-30,14071.7998046875,14071.7998046875,14013.0,14018.0,14018.0,0,0.0,0.0
2019-10-31,14062.5,14096.0,13991.2998046875,14060.0,14060.0,0,0.0,0.0
2019-11-01,14126.0,14126.0,14002.0,14123.5,14123.5,0,0.0,0.0
2019-11-04,14015.0,14034.0,13976.5,14014.0,14014.0,0,0.0,0.0
2019-11-05,14059.7998046875,14059.7998046875,13900.0,14058.0,14058.0,0,0.0,0.0
2019-11-06,14025.0,14056.0,13961.0,14028.5,14028.5,0,0.0,0.0
2019-11-07,14075.0,14078.0,13983.0,14008.0,14008.0,0,0.0,0.0
2019-11-08,14024.0,14054.900390625,13990.0,14013.0,14013.0,0,0.0,0.0
2019-11-11,14009.3994140625,14083.2998046875,14007.0,14014.0390625,14014.0390625,0,0.0,0.0
2019-11-12,14113.7998046875,14113.7998046875,13997.0087890625,13997.2001953125,13997.2001953125,0,0.0,0.0
2019-11-13,14145.7998046875,14145.7998046875,13852.7177734375,13852.7470703125,13852.7470703125,0,0.0,0.0
2019-11-14,14169.0,14169.0,13871.541015625,13871.640625,13871.640625,0,0.0,0.0
2019-11-15,14076.6357421875,14151.0,14048.0,14078.0,14078.0,0,0.0,0.0
2019-11-18,13836.708984375,14099.900390625,13833.4931640625,13840.302734375,13840.302734375,0,0.0,0.0
2019-11-19,14138.0,14138.0,13853.693359375,14139.0,14139.0,0,0.0,0.0
2019-11-20,14135.0,14135.0,13885.400390625,14083.0,14083.0,0,0.0,0.0
2019-11-21,14143.0,14143.0,14034.177734375,14035.2783203125,14035.2783203125,0,0.0,0.0
2019-11-22,14115.0,14130.7998046875,14070.0,14070.0,14070.0,0,0.0,0.0
2019-11-25,14083.01171875,14127.7998046875,14072.2998046875,14083.01171875,14083.01171875,0,0.0,0.0
2019-11-26,14126.0,14126.0,14056.7998046875,14063.748046875,14063.748046875,0,0.0,0.0
2019-11-27,14130.0,14130.0,14078.0,14078.0,14078.0,0,0.0,0.0
2019-11-28,14131.5,14133.5,14081.0,14087.1298828125,14087.1298828125,0,0.0,0.0
2019-11-29,13870.048828125,14158.5,13868.16015625,13868.66015625,13868.66015625,0,0.0,0.0
2019-12-02,13867.24609375,14136.7998046875,13867.005859375,13868.345703125,13868.345703125,0,0.0,0.0
2019-12-03,14161.7998046875,14170.2998046875,14098.5,14123.2763671875,14123.2763671875,0,0.0,0.0
2019-12-04,14154.0,14154.0,14086.0,14098.0,14098.0,0,0.0,0.0
2019-12-05,14130.0,14130.0,13994.748046875,13994.884765625,13994.884765625,0,0.0,0.0
2019-12-06,14056.0,14058.0,13965.9990234375,14058.0,14058.0,0,0.0,0.0
2019-12-09,14021.6201171875,14031.0,13982.0,14022.3798828125,14022.3798828125,0,0.0,0.0
2019-12-10,14025.5,14033.5,13987.0,14004.6005859375,14004.6005859375,0,0.0,0.0
2019-12-11,14020.0,14060.599609375,13986.0,14021.0,14021.0,0,0.0,0.0
2019-12-12,14050.0,14051.7001953125,13938.900390625,13976.61328125,13976.61328125,0,0.0,0.0
2019-12-13,14000.0,14033.0,13928.4296875,13933.3564453125,13933.3564453125,0,0.0,0.0
2019-12-16,13962.6611328125,14044.0,13959.009765625,13968.525390625,13968.525390625,0,0.0,0.0
2019-12-17,14023.0,14023.0,13975.7998046875,14022.5,14022.5,0,0.0,0.0
2019-12-18,14026.5,14026.5,13957.599609375,14024.0,14024.0,0,0.0,0.0
2019-12-19,14010.0,14014.900390625,13947.326171875,13966.919921875,13966.919921875,0,0.0,0.0
2019-12-20,13997.0,14019.2998046875,13964.0,13978.15625,13978.15625,0,0.0,0.0
2019-12-23,13957.958984375,13992.2998046875,13957.958984375,13957.5810546875,13957.5810546875,0,0.0,0.0
2019-12-24,13990.0,13992.099609375,13953.6513671875,13955.626953125,13955.626953125,0,0.0,0.0
2019-12-25,13990.0,13990.0,13719.0078125,13961.0,13961.0,0,0.0,0.0
2019-12-26,13990.0,14042.470703125,13732.765625,13991.0,13991.0,0,0.0,0.0
2019-12-27,13978.0,13990.5,13939.0,13977.5,13977.5,0,0.0,0.0
2019-12-30,13944.2744140625,13950.2001953125,13881.0,13953.841796875,13953.841796875,0,0.0,0.0
2019-12-31,13923.0,13935.0,13831.0,13919.0,13919.0,0,0.0,0.0
2020-01-01,13862.0,13876.0,13681.833984375,13690.3720703125,13690.3720703125,0,0.0,0.0
2020-01-02,13847.0,13906.0,13688.203125,13689.2314453125,13689.2314453125,0,0.0,0.0
2020-01-03,13881.2998046875,13966.0,13775.5,13884.7861328125,13884.7861328125,0,0.0,0.0
2020-01-06,13931.1328125,13973.2998046875,13916.0,13934.31640625,13934.31640625,0,0.0,0.0
2020-01-07,13929.0,13939.0,13875.5,13926.5,13926.5,0,0.0,0.0
2020-01-08,13933.0,13956.2998046875,13859.5,13867.236328125,13867.236328125,0,0.0,0.0
2020-01-09,13875.0,13900.9638671875,13833.0,13886.939453125,13886.939453125,0,0.0,0.0
2020-01-10,13870.5,13870.5,13716.0,13827.560546875,13827.560546875,0,0.0,0.0
2020-01-13,13526.6318359375,13756.0,13523.8193359375,13522.4345703125,13522.4345703125,0,0.0,0.0
2020-01-14,13666.08203125,13718.0,13635.0,13665.3046875,13665.3046875,0,0.0,0.0
2020-01-15,13694.0,13727.2001953125,13637.0,13668.0400390625,13668.0400390625,0,0.0,0.0
2020-01-16,13723.5,13723.5,13615.5,13665.0966796875,13665.0966796875,0,0.0,0.0
2020-01-17,13669.7998046875,13688.0,13616.91796875,13623.0,13623.0,0,0.0,0.0
2020-01-20,13452.9248046875,13657.900390625,13447.69140625,13456.98828125,13456.98828125,0,0.0,0.0
2020-01-21,13648.0,13690.5,13614.0,13615.0,13615.0,0,0.0,0.0
2020-01-22,13714.5,13714.5,13555.0,13651.0,13651.0,0,0.0,0.0
2020-01-23,13678.0,13678.0,13603.0,13626.38671875,13626.38671875,0,0.0,0.0
2020-01-24,13692.0,13692.0,13556.0,13609.1884765625,13609.1884765625,0,0.0,0.0
2020-01-27,13711.2041015625,13711.8466796875,13566.0,13711.9736328125,13711.9736328125,0,0.0,0.0
2020-01-28,13719.0,13719.0,13215.0400390625,13213.240234375,13213.240234375,0,0.0,0.0
2020-01-29,13641.5,13658.7998046875,13604.0771484375,13634.0,13634.0,0,0.0,0.0
2020-01-30,13650.0,13701.900390625,13611.5146484375,13614.0146484375,13614.0146484375,0,0.0,0.0
2020-01-31,13712.0,13783.599609375,13593.8984375,13643.1806640625,13643.1806640625,0,0.0,0.0
2020-02-03,13638.9052734375,13810.5,13638.9052734375,13633.126953125,13633.126953125,0,0.0,0.0
2020-02-04,13732.2001953125,13771.2998046875,13681.5,13735.5,13735.5,0,0.0,0.0
2020-02-05,13715.2998046875,13731.7998046875,13628.599609375,13702.4072265625,13702.4072265625,0,0.0,0.0
2020-02-06,13680.0,13680.0,13593.0,13668.267578125,13668.267578125,0,0.0,0.0
2020-02-07,13699.7998046875,13762.599609375,13434.669921875,13698.0,13698.0,0,0.0,0.0
2020-02-10,13670.771484375,13757.2998046875,13667.3642578125,13675.853515625,13675.853515625,0,0.0,0.0
2020-02-11,13745.0,13745.0,13648.0,13691.58984375,13691.58984375,0,0.0,0.0
2020-02-12,13684.0,13684.599609375,13641.2998046875,13657.5537109375,13657.5537109375,0,0.0,0.0
2020-02-13,13708.7998046875,13718.400390625,13494.7958984375,13500.7373046875,13500.7373046875,0,0.0,0.0
2020-02-14,13745.5,13745.5,13668.0,13695.400390625,13695.400390625,0,0.0,0.0
2020-02-17,13667.939453125,13695.900390625,13646.0,13681.2900390625,13681.2900390625,0,0.0,0.0
2020-02-18,13726.0,13726.0,13649.21484375,13649.2412109375,13649.2412109375,0,0.0,0.0
2020-02-19,13769.7998046875,13769.7998046875,13645.3505859375,13768.0,13768.0,0,0.0,0.0
2020-02-20,13763.7998046875,13845.099609375,13655.7890625,13762.0,13762.0,0,0.0,0.0
2020-02-21,13899.2998046875,13899.2998046875,13701.666015625,13703.482421875,13703.482421875,0,0.0,0.0
2020-02-24,13783.5576171875,13968.900390625,13757.0,13771.486328125,13771.486328125,0,0.0,0.0
2020-02-25,14050.0,14051.0,13851.2001953125,13879.9296875,13879.9296875,0,0.0,0.0
2020-02-26,14056.0,14108.5,13856.7529296875,14056.5,14056.5,0,0.0,0.0
2020-02-27,13929.0,14176.900390625,13901.0,13931.0,13931.0,0,0.0,0.0
2020-02-28,14316.2998046875,14422.0,14009.62890625,14316.0,14316.0,0,0.0,0.0
2020-03-02,13941.341796875,14731.0,13929.294921875,13971.9619140625,13971.9619140625,0,0.0,0.0
2020-03-03,14220.0,14277.0,14056.900390625,14220.0,14220.0,0,0.0,0.0
2020-03-04,14275.0,14275.0,14057.5,14199.5,14199.5,0,0.0,0.0
2020-03-05,14255.0,14292.5,14111.0,14256.0,14256.0,0,0.0,0.0
2020-03-06,14462.0,14463.7998046875,14187.0,14309.599609375,14309.599609375,0,0.0,0.0
2020-03-09,14124.7646484375,14796.0,14124.7646484375,14251.5390625,14251.5390625,0,0.0,0.0
2020-03-10,14702.0,14702.0,13877.818359375,14094.818359375,14094.818359375,0,0.0,0.0
2020-03-11,14291.5,14481.0,14273.099609375,14272.900390625,14272.900390625,0,0.0,0.0
2020-03-12,14524.0,14709.5,14244.03125,14526.0,14526.0,0,0.0,0.0
2020-03-13,14850.0,14984.0,14060.0,14850.0,14850.0,0,0.0,0.0
2020-03-16,14624.8505859375,15131.5,14610.8330078125,14635.0224609375,14635.0224609375,0,0.0,0.0
2020-03-17,14923.9638671875,15280.5,14923.9638671875,15192.0,15192.0,0,0.0,0.0
2020-03-18,15199.0,15523.0,14889.900390625,14955.7880859375,14955.7880859375,0,0.0,0.0
2020-03-19,15472.5,16180.0,15437.5,15474.5,15474.5,0,0.0,0.0
2020-03-20,15913.0,16327.5,15785.5,15908.0,15908.0,0,0.0,0.0
2020-03-23,16625.0,16639.5,16045.0,15766.2470703125,15766.2470703125,0,0.0,0.0
2020-03-24,16915.0,16915.0,16149.0,16504.80078125,16504.80078125,0,0.0,0.0
2020-03-25,16220.0,16493.0,15701.0,16216.5,16216.5,0,0.0,0.0
2020-03-26,16201.0,16449.21875,15959.5,16447.720703125,16447.720703125,0,0.0,0.0
2020-03-27,16208.7373046875,16355.0,14944.5,16218.63671875,16218.63671875,0,0.0,0.0
2020-03-30,15739.6123046875,16439.5,15739.6123046875,16005.3349609375,16005.3349609375,0,0.0,0.0
2020-03-31,16408.0,16474.5,16034.5,16346.9619140625,16346.9619140625,0,0.0,0.0
2020-04-01,16395.5,17178.0,16273.0,16277.943359375,16277.943359375,0,0.0,0.0
2020-04-02,17144.0,17144.0,16399.5,16412.80859375,16412.80859375,0,0.0,0.0
2020-04-03,16820.0,16849.0,16440.923828125,16441.263671875,16441.263671875,0,0.0,0.0
2020-04-06,16373.5712890625,16785.0,16352.0087890625,16418.0,16418.0,0,0.0,0.0
2020-04-07,16633.5,16633.5,15969.5,16364.6484375,16364.6484375,0,0.0,0.0
2020-04-08,16225.0,16349.5,16054.5,16225.0,16225.0,0,0.0,0.0
2020-04-09,16241.0,16241.0,15710.2998046875,16159.376953125,16159.376953125,0,0.0,0.0
2020-04-10,15835.0,15835.0,15587.2001953125,15811.9677734375,15811.9677734375,0,0.0,0.0
2020-04-13,15801.0,15854.0,15610.5,15800.0,15800.0,0,0.0,0.0
2020-04-14,15766.0,15778.0,15351.5,15751.0,15751.0,0,0.0,0.0
2020-04-15,15747.5,15793.0,15568.0,15578.3466796875,15578.3466796875,0,0.0,0.0
2020-04-16,15881.0,15881.0,15319.5,15887.5,15887.5,0,0.0,0.0
2020-04-17,15821.0,15821.0,15383.2001953125,15568.3388671875,15568.3388671875,0,0.0,0.0
2020-04-20,15172.58984375,15662.0,15172.310546875,15423.0,15423.0,0,0.0,0.0
2020-04-21,15712.0,15712.0,15375.48046875,15377.080078125,15377.080078125,0,0.0,0.0
2020-04-22,15875.5,15875.5,15388.1572265625,15394.6787109375,15394.6787109375,0,0.0,0.0
2020-04-23,15770.5,15770.5,15416.7470703125,15408.6220703125,15408.6220703125,0,0.0,0.0
2020-04-24,15660.5,15784.5,15398.6767578125,15665.0,15665.0,0,0.0,0.0
2020-04-27,15348.259765625,15584.0,15348.259765625,15348.744140625,15348.744140625,0,0.0,0.0
2020-04-28,15637.0,15637.0,15299.08984375,15312.3857421875,15312.3857421875,0,0.0,0.0
2020-04-29,15497.7998046875,15497.7998046875,15180.2998046875,15364.5947265625,15364.5947265625,0,0.0,0.0
2020-04-30,15237.7998046875,15241.642578125,14399.0,15234.63671875,15234.63671875,0,0.0,0.0
2020-05-01,15252.7998046875,15446.0,14535.05078125,15249.0,15249.0,0,0.0,0.0
2020-05-04,14841.541015625,15236.0,14841.541015625,14671.0,14671.0,0,0.0,0.0
2020-05-05,15043.0,15293.0,14989.900390625,15044.0,15044.0,0,0.0,0.0
2020-05-06,15332.7998046875,15332.7998046875,15026.5,15335.0,15335.0,0,0.0,0.0
2020-05-07,15430.0,15430.0,14993.8427734375,14998.33203125,14998.33203125,0,0.0,0.0
2020-05-08,15227.0,15227.0,14880.5,15227.0,15227.0,0,0.0,0.0
2020-05-11,14899.7607421875,14980.0,14868.5,14721.3984375,14721.3984375,0,0.0,0.0
2020-05-12,15057.5,15057.5,14773.0,14848.7001953125,14848.7001953125,0,0.0,0.0
2020-05-13,14997.7998046875,14997.7998046875,14777.0,14994.0,14994.0,0,0.0,0.0
2020-05-14,14962.0,14973.0,14824.2001953125,14846.873046875,14846.873046875,0,0.0,0.0
2020-05-15,15027.0,15027.0,14814.4423828125,14810.1201171875,14810.1201171875,0,0.0,0.0
2020-05-18,14853.0,14912.5,14799.2998046875,14853.0,14853.0,0,0.0,0.0
2020-05-19,14885.5,14885.5,14749.2998046875,14878.0,14878.0,0,0.0,0.0
2020-05-20,14855.5,14855.5,14682.0,14748.447265625,14748.447265625,0,0.0,0.0
2020-05-21,14773.5,14773.5,14671.5,14771.0,14771.0,0,0.0,0.0
2020-05-22,14828.5,14924.0,14684.970703125,14826.0,14826.0,0,0.0,0.0
2020-05-25,14654.9541015625,14875.0,14502.7119140625,14703.0,14703.0,0,0.0,0.0
2020-05-26,15008.5,15008.5,14496.7001953125,14501.7578125,14501.7578125,0,0.0,0.0
2020-05-27,14842.5,14842.5,14680.0,14850.0,14850.0,0,0.0,0.0
2020-05-28,14786.2998046875,14815.2998046875,14633.3505859375,14888.5,14888.5,0,0.0,0.0
2020-05-29,14817.5,14882.2412109375,14507.0,14825.0,14825.0,0,0.0,0.0
2020-06-01,14540.712890625,14603.0,14435.5,14603.0,14603.0,0,0.0,0.0
2020-06-02,14570.0,14603.0,14334.0,14573.5,14573.5,0,0.0,0.0
2020-06-03,14375.099609375,14375.099609375,14082.0,14343.8232421875,14343.8232421875,0,0.0,0.0
2020-06-04,14130.0,14194.2998046875,14043.388671875,14130.0,14130.0,0,0.0,0.0
2020-06-05,14170.0,14170.0,13888.0,14085.447265625,14085.447265625,0,0.0,0.0
2020-06-08,13810.2548828125,14034.0,13804.8330078125,13863.0,13863.0,0,0.0,0.0
2020-06-09,14071.0,14123.7998046875,13835.662109375,14070.7998046875,14070.7998046875,0,0.0,0.0
2020-06-10,14249.2001953125,14249.2001953125,13852.904296875,13852.103515625,13852.103515625,0,0.0,0.0
2020-06-11,14220.0,14249.5,13944.5732421875,13947.443359375,13947.443359375,0,0.0,0.0
2020-06-12,14475.0,14475.0,13947.619140625,14475.0,14475.0,0,0.0,0.0
2020-06-15,14045.767578125,14312.7001953125,13976.2763671875,14118.0,14118.0,0,0.0,0.0
2020-06-16,13987.9189453125,14235.7001953125,13983.3310546875,13988.119140625,13988.119140625,0,0.0,0.0
2020-06-17,14021.677734375,14243.400390625,14013.880859375,14275.0,14275.0,0,0.0,0.0
2020-06-18,14086.98046875,14243.099609375,14047.580078125,14102.7353515625,14102.7353515625,0,0.0,0.0
2020-06-19,14001.0263671875,14250.2998046875,14000.814453125,13997.6923828125,13997.6923828125,0,0.0,0.0
2020-06-22,14055.63671875,14301.5,14045.9111328125,14093.0,14093.0,0,0.0,0.0
2020-06-23,14079.1611328125,14267.900390625,14020.599609375,14080.134765625,14080.134765625,0,0.0,0.0
2020-06-24,14250.7001953125,14250.7001953125,14080.0,14113.177734375,14113.177734375,0,0.0,0.0
2020-06-25,14190.099609375,14288.099609375,14102.7001953125,14289.2998046875,14289.2998046875,0,0.0,0.0
2020-06-26,14098.1982421875,14364.599609375,14098.1982421875,14376.2001953125,14376.2001953125,0,0.0,0.0
2020-06-29,14137.455078125,14397.099609375,14132.84375,14213.0,14213.0,0,0.0,0.0
2020-06-30,14149.693359375,14593.5,14149.693359375,14470.2001953125,14470.2001953125,0,0.0,0.0
2020-07-01,14604.2001953125,14604.2001953125,14148.2001953125,14194.05078125,14194.05078125,0,0.0,0.0
2020-07-02,14591.400390625,14591.400390625,14187.900390625,14187.8583984375,14187.8583984375,0,0.0,0.0
2020-07-03,14626.400390625,14626.400390625,14298.2509765625,14298.779296875,14298.779296875,0,0.0,0.0
2020-07-06,14288.572265625,14526.2998046875,14266.791015625,14503.0,14503.0,0,0.0,0.0
2020-07-07,14206.9736328125,14483.0,14182.484375,14206.5087890625,14206.5087890625,0,0.0,0.0
2020-07-08,14483.5,14483.5,14234.603515625,14483.5,14483.5,0,0.0,0.0
2020-07-09,14498.7001953125,14523.0,14341.732421875,14349.5654296875,14349.5654296875,0,0.0,0.0
2020-07-10,14545.7001953125,14545.7001953125,14314.5029296875,14545.7001953125,14545.7001953125,0,0.0,0.0
2020-07-13,14208.8056640625,14493.0,14205.001953125,14428.0,14428.0,0,0.0,0.0
2020-07-14,14584.7001953125,14614.2001953125,14348.0,14584.0,14584.0,0,0.0,0.0
2020-07-15,14364.6171875,14605.7998046875,14345.412109375,14715.400390625,14715.400390625,0,0.0,0.0
2020-07-16,14588.1474609375,14674.5,14560.0,14561.171875,14561.171875,0,0.0,0.0
2020-07-17,14830.0,14830.0,14546.412109375,14552.2099609375,14552.2099609375,0,0.0,0.0
2020-07-20,14610.9140625,14884.7001953125,14610.9140625,14688.0,14688.0,0,0.0,0.0
2020-07-21,14950.0,14950.0,14680.2001953125,14949.2998046875,14949.2998046875,0,0.0,0.0
2020-07-22,14754.2001953125,14754.2001953125,14553.599609375,14626.8623046875,14626.8623046875,0,0.0,0.0
2020-07-23,14704.2001953125,14704.2001953125,14538.0,14630.0,14630.0,0,0.0,0.0
2020-07-24,14700.0,14700.0,14549.0,14578.904296875,14578.904296875,0,0.0,0.0
2020-07-27,14527.73046875,14629.599609375,14461.42578125,14603.0,14603.0,0,0.0,0.0
2020-07-28,14465.705078125,14605.599609375,14459.078125,14614.5,14614.5,0,0.0,0.0
2020-07-29,14480.234375,14663.900390625,14473.2861328125,14633.5,14633.5,0,0.0,0.0
2020-07-30,14457.80859375,14733.7001953125,14457.80859375,14458.3447265625,14458.3447265625,0,0.0,0.0
2020-07-31,14485.6689453125,14737.099609375,14470.927734375,14486.6689453125,14486.6689453125,0,0.0,0.0
2020-08-03,14591.4765625,14727.400390625,14584.5771484375,14593.0,14593.0,0,0.0,0.0
2020-08-04,14540.669921875,14776.5,14539.759765625,14540.9208984375,14540.9208984375,0,0.0,0.0
2020-08-05,14720.0,14720.0,14465.591796875,14720.0,14720.0,0,0.0,0.0
2020-08-06,14574.2001953125,14626.0,14296.4951171875,14307.642578125,14307.642578125,0,0.0,0.0
2020-08-07,14639.400390625,14731.099609375,14566.2197265625,14568.45703125,14568.45703125,0,0.0,0.0
2020-08-10,14481.1171875,14761.599609375,14467.62109375,14618.0,14618.0,0,0.0,0.0
2020-08-11,14593.58984375,14768.599609375,14593.58984375,14823.7998046875,14823.7998046875,0,0.0,0.0
2020-08-12,14617.96484375,14833.5,14613.5830078125,14858.5,14858.5,0,0.0,0.0
2020-08-13,14953.599609375,14953.599609375,14670.94921875,14670.8095703125,14670.8095703125,0,0.0,0.0
2020-08-14,14948.5,14954.599609375,14674.15625,14673.4970703125,14673.4970703125,0,0.0,0.0
2020-08-17,14550.79296875,14917.0,14549.79296875,14788.0,14788.0,0,0.0,0.0
2020-08-18,14971.099609375,14971.099609375,14701.638671875,14969.400390625,14969.400390625,0,0.0,0.0
2020-08-19,14596.9716796875,14838.0,14592.697265625,14598.072265625,14598.072265625,0,0.0,0.0
2020-08-20,14693.6015625,14789.2998046875,14681.5,14694.197265625,14694.197265625,0,0.0,0.0
2020-08-21,14541.8115234375,14793.400390625,14533.8671875,14543.412109375,14543.412109375,0,0.0,0.0
2020-08-24,14576.541015625,14800.2998046875,14576.541015625,14764.0,14764.0,0,0.0,0.0
2020-08-25,14523.580078125,14664.0,14518.140625,14629.400390625,14629.400390625,0,0.0,0.0
2020-08-26,14607.7001953125,14686.0,14435.1943359375,14607.7001953125,14607.7001953125,0,0.0,0.0
2020-08-27,14643.599609375,14729.099609375,14446.4130859375,14447.3828125,14447.3828125,0,0.0,0.0
2020-08-28,14735.599609375,14735.599609375,14446.3994140625,14446.00390625,14446.00390625,0,0.0,0.0
2020-08-31,14419.380859375,14626.7998046875,14412.6337890625,14618.0,14618.0,0,0.0,0.0
2020-09-01,14599.7001953125,14723.7001953125,14337.1328125,14599.7001953125,14599.7001953125,0,0.0,0.0
2020-09-02,14453.9521484375,14884.0,14453.9521484375,14818.599609375,14818.599609375,0,0.0,0.0
2020-09-03,14895.0,14895.0,14569.271484375,14565.1474609375,14565.1474609375,0,0.0,0.0
2020-09-04,14854.5,14854.5,14536.59375,14545.9873046875,14545.9873046875,0,0.0,0.0
2020-09-07,14752.2275390625,14791.2998046875,14706.0,14741.0,14741.0,0,0.0,0.0
2020-09-08,14795.0,14878.0,14543.255859375,14795.0,14795.0,0,0.0,0.0
2020-09-09,14915.2001953125,14915.2001953125,14760.0,14915.2001953125,14915.2001953125,0,0.0,0.0
2020-09-10,14869.7001953125,14994.7001953125,14761.6591796875,14874.2001953125,14874.2001953125,0,0.0,0.0
2020-09-11,15040.2001953125,15045.2998046875,14870.970703125,14857.470703125,14857.470703125,0,0.0,0.0
2020-09-14,14860.9931640625,15035.0,14858.60546875,14883.0,14883.0,0,0.0,0.0
2020-09-15,14979.0,15010.4892578125,14799.599609375,14983.5,14983.5,0,0.0,0.0
2020-09-16,14865.099609375,14881.1943359375,14783.0,14869.599609375,14869.599609375,0,0.0,0.0
2020-09-17,14850.5,14887.0,14722.599609375,14812.5869140625,14812.5869140625,0,0.0,0.0
2020-09-18,14795.5,14816.30859375,14679.599609375,14788.0,14788.0,0,0.0,0.0
2020-09-21,14715.4150390625,14829.5,14573.099609375,14728.0,14728.0,0,0.0,0.0
2020-09-22,14834.7001953125,14859.0,14694.8076171875,14839.2001953125,14839.2001953125,0,0.0,0.0
2020-09-23,14829.7001953125,14899.900390625,14740.5859375,14742.5859375,14742.5859375,0,0.0,0.0
2020-09-24,14955.5,15041.5,14660.599609375,14803.9853515625,14803.9853515625,0,0.0,0.0
2020-09-25,15019.7998046875,15019.7998046875,14841.4306640625,14839.578125,14839.578125,0,0.0,0.0
2020-09-28,14832.0244140625,14980.599609375,14816.2998046875,14863.0,14863.0,0,0.0,0.0
2020-09-29,14889.099609375,14989.0,14848.900390625,14893.599609375,14893.599609375,0,0.0,0.0
2020-09-30,14905.5,14972.7998046875,14809.7001953125,14910.0,14910.0,0,0.0,0.0
2020-10-01,14857.0,14897.900390625,14709.5,14879.0,14879.0,0,0.0,0.0
2020-10-02,14870.5,14933.5,14816.9912109375,14817.55859375,14817.55859375,0,0.0,0.0
2020-10-05,14829.85546875,14853.0,14672.400390625,14853.0,14853.0,0,0.0,0.0
2020-10-06,14705.0,14773.5,14675.5,14780.1826171875,14780.1826171875,0,0.0,0.0
2020-10-07,14780.5,14846.4921875,14709.0,14773.0,14773.0,0,0.0,0.0
2020-10-08,14727.5,14764.0,14692.5,14715.5,14715.5,0,0.0,0.0
2020-10-09,14759.2001953125,14759.2001953125,14619.900390625,14676.99609375,14676.99609375,0,0.0,0.0
2020-10-12,14683.48046875,14751.5,14681.6416015625,14693.0,14693.0,0,0.0,0.0
2020-10-13,14775.0,14787.7998046875,14484.2529296875,14484.9921875,14484.9921875,0,0.0,0.0
2020-10-14,14790.0,14790.0,14664.677734375,14793.0,14793.0,0,0.0,0.0
2020-10-15,14758.2001953125,14800.2001953125,14671.5400390625,14681.462890625,14681.462890625,0,0.0,0.0
2020-10-16,14779.2001953125,14779.2001953125,14652.599609375,14652.5,14652.5,0,0.0,0.0
2020-10-19,14693.0,14770.0,14663.5947265625,14693.0,14693.0,0,0.0,0.0
2020-10-20,14705.0,14730.0,14640.5,14708.0,14708.0,0,0.0,0.0
2020-10-21,14685.0,14701.599609375,14527.2412109375,14688.0,14688.0,0,0.0,0.0
2020-10-22,14635.0,14744.0,14613.0,14639.775390625,14639.775390625,0,0.0,0.0
2020-10-23,14743.0,14745.0,14640.0,14639.8525390625,14639.8525390625,0,0.0,0.0
2020-10-26,14662.8916015625,14716.400390625,14645.5,14642.7822265625,14642.7822265625,0,0.0,0.0
2020-10-27,14724.2001953125,14724.2001953125,14618.0,14724.2001953125,14724.2001953125,0,0.0,0.0
2020-10-28,14670.0,14810.2998046875,14652.3603515625,14653.2744140625,14653.2744140625,0,0.0,0.0
2020-10-29,14777.2001953125,14811.099609375,14730.900390625,14777.2001953125,14777.2001953125,0,0.0,0.0
2020-10-30,14462.9052734375,14819.2998046875,14462.9052734375,14818.0,14818.0,0,0.0,0.0
2020-11-02,14632.28125,14748.7998046875,14611.2001953125,14586.169921875,14586.169921875,0,0.0,0.0
2020-11-03,14604.18359375,14669.2001953125,14445.7001953125,14603.9580078125,14603.9580078125,0,0.0,0.0
2020-11-04,14493.7998046875,14623.7998046875,14126.7998046875,14540.892578125,14540.892578125,0,0.0,0.0
2020-11-05,14360.0,14507.5263671875,14237.7998046875,14360.0,14360.0,0,0.0,0.0
2020-11-06,14256.0,14316.7998046875,14190.0,14256.0,14256.0,0,0.0,0.0
2020-11-09,14175.9296875,14218.5,13931.7001953125,14198.671875,14198.671875,0,0.0,0.0
2020-11-10,14050.0,14263.8388671875,13984.7001953125,14256.3603515625,14256.3603515625,0,0.0,0.0
2020-11-11,14140.0,14224.2001953125,13990.5,14041.544921875,14041.544921875,0,0.0,0.0
2020-11-12,13876.4150390625,14233.0,13876.3427734375,13878.9892578125,13878.9892578125,0,0.0,0.0
2020-11-13,14135.591796875,14241.400390625,14127.009765625,14133.4912109375,14133.4912109375,0,0.0,0.0
2020-11-16,14123.1298828125,14163.0,14067.7001953125,14135.5595703125,14135.5595703125,0,0.0,0.0
2020-11-17,14089.2001953125,14122.099609375,14031.0,14089.2001953125,14089.2001953125,0,0.0,0.0
2020-11-18,14025.951171875,14130.7001953125,14025.2421875,14026.451171875,14026.451171875,0,0.0,0.0
2020-11-19,14110.2001953125,14259.400390625,14096.2001953125,14110.2001953125,14110.2001953125,0,0.0,0.0
2020-11-20,14189.900390625,14233.599609375,14148.0,14189.900390625,14189.900390625,0,0.0,0.0
2020-11-23,14139.513671875,14202.7998046875,14113.2900390625,14150.9912109375,14150.9912109375,0,0.0,0.0
2020-11-24,14230.0,14240.400390625,14143.0,14164.60546875,14164.60546875,0,0.0,0.0
2020-11-25,14203.099609375,14203.099609375,14018.2001953125,14121.7998046875,14121.7998046875,0,0.0,0.0
2020-11-26,14140.0,14161.0,14101.0,14127.470703125,14127.470703125,0,0.0,0.0
2020-11-27,14035.0,14157.2001953125,13869.3271484375,13897.6689453125,13897.6689453125,0,0.0,0.0
2020-11-30,14052.7216796875,14197.7998046875,13826.873046875,14061.64453125,14061.64453125,0,0.0,0.0
2020-12-01,14200.0,14206.0,13837.6513671875,14094.935546875,14094.935546875,0,0.0,0.0
2020-12-02,14175.0,14246.7001953125,13955.2001953125,14175.0,14175.0,0,0.0,0.0
2020-12-03,14199.2001953125,14229.2001953125,14076.2197265625,14076.419921875,14076.419921875,0,0.0,0.0
2020-12-04,14190.0,14190.0,14085.9560546875,14092.798828125,14092.798828125,0,0.0,0.0
2020-12-07,14079.8095703125,14217.400390625,14069.865234375,14076.490234375,14076.490234375,0,0.0,0.0
2020-12-08,14140.0,14165.5,14080.0,14143.0,14143.0,0,0.0,0.0
2020-12-09,14160.0,14173.599609375,14051.2998046875,14083.0107421875,14083.0107421875,0,0.0,0.0
2020-12-10,14150.0,14150.0,14074.1318359375,14150.0,14150.0,0,0.0,0.0
2020-12-11,14160.7001953125,14175.0,14076.0,14082.5927734375,14082.5927734375,0,0.0,0.0
2020-12-14,14044.1103515625,14199.2998046875,14043.978515625,14069.1572265625,14069.1572265625,0,0.0,0.0
2020-12-15,14220.900390625,14225.0,14056.4599609375,14221.900390625,14221.900390625,0,0.0,0.0
2020-12-16,14190.0,14199.0,14101.0810546875,14190.0,14190.0,0,0.0,0.0
2020-12-17,14169.2001953125,14169.2001953125,14065.7412109375,14070.537109375,14070.537109375,0,0.0,0.0
2020-12-18,14125.0,14170.0,14062.0,14083.8505859375,14083.8505859375,0,0.0,0.0
2020-12-21,14116.25390625,14262.599609375,14100.0,14068.9375,14068.9375,0,0.0,0.0
2020-12-22,14234.2001953125,14304.7998046875,14103.630859375,14100.7314453125,14100.7314453125,0,0.0,0.0
2020-12-23,14324.2001953125,14324.2001953125,14109.7236328125,14324.2001953125,14324.2001953125,0,0.0,0.0
2020-12-24,14285.0,14285.0,14129.1025390625,14146.9013671875,14146.9013671875,0,0.0,0.0
2020-12-25,14215.0,14216.7998046875,13994.3115234375,14148.6435546875,14148.6435546875,0,0.0,0.0
2020-12-28,14000.8466796875,14201.0,13930.0234375,13911.1435546875,13911.1435546875,0,0.0,0.0
2020-12-29,14090.0,14164.0,14071.5,14126.1201171875,14126.1201171875,0,0.0,0.0
2020-12-30,14156.5,14156.5,13993.400390625,14069.9091796875,14069.9091796875,0,0.0,0.0
2020-12-31,13990.0,14027.2998046875,13832.3349609375,13832.5595703125,13832.5595703125,0,0.0,0.0
2021-01-01,13875.0,14034.4736328125,13875.0,13932.3740234375,13932.3740234375,0,0.0,0.0
2021-01-04,13890.578125,14043.0,13826.099609375,14022.5009765625,14022.5009765625,0,0.0,0.0
2021-01-05,13931.400390625,13962.0,13880.0,13931.400390625,13931.400390625,0,0.0,0.0
2021-01-06,13930.0,13953.599609375,13875.0,13930.0,13930.0,0,0.0,0.0
2021-01-07,13951.5,14137.5,13837.6640625,13951.5,13951.5,0,0.0,0.0
2021-01-08,14135.0,14147.400390625,13892.9775390625,13892.9775390625,13892.9775390625,0,0.0,0.0
2021-01-11,13906.6103515625,14297.0,13897.0166015625,13861.392578125,13861.392578125,0,0.0,0.0
2021-01-12,14285.0,14287.2998046875,14088.09765625,14088.7353515625,14088.7353515625,0,0.0,0.0
2021-01-13,14155.0,14194.900390625,14032.2568359375,14031.078125,14031.078125,0,0.0,0.0
2021-01-14,14166.0,14166.0,13979.900390625,14166.0,14166.0,0,0.0,0.0
2021-01-15,14014.0,14099.0,13969.5,14063.1474609375,14063.1474609375,0,0.0,0.0
2021-01-18,13892.552734375,14162.0,13882.990234375,13880.779296875,13880.779296875,0,0.0,0.0
2021-01-19,14100.7998046875,14167.5556640625,14045.7001953125,14100.7998046875,14100.7998046875,0,0.0,0.0
2021-01-20,14121.2998046875,14121.2998046875,13981.400390625,14122.0,14122.0,0,0.0,0.0
2021-01-21,14042.0,14042.0,13954.2001953125,14037.2001953125,14037.2001953125,0,0.0,0.0
2021-01-22,14060.0,14122.0,13953.5693359375,13960.76171875,13960.76171875,0,0.0,0.0
2021-01-25,14019.1142578125,14126.2998046875,14013.0,14012.8955078125,14012.8955078125,0,0.0,0.0
2021-01-26,14147.5,14151.2998046875,14040.0,14148.5,14148.5,0,0.0,0.0
2021-01-27,14142.0,14156.5,14037.0908203125,14142.0,14142.0,0,0.0,0.0
2021-01-28,14195.0,14195.0,14038.654296875,14195.0,14195.0,0,0.0,0.0
2021-01-29,14105.0,14242.3798828125,13855.8642578125,13854.8642578125,13854.8642578125,0,0.0,0.0
2021-02-01,13843.521484375,14081.2998046875,13834.98046875,13828.13671875,13828.13671875,0,0.0,0.0
2021-02-02,14117.5,14117.5,13990.900390625,14118.5,14118.5,0,0.0,0.0
2021-02-03,14047.5,14047.5,13960.2998046875,13995.53515625,13995.53515625,0,0.0,0.0
2021-02-04,14029.5,14088.0,13978.8388671875,13983.9521484375,13983.9521484375,0,0.0,0.0
2021-02-05,14080.0,14093.5,13993.5,14010.4736328125,14010.4736328125,0,0.0,0.0
2021-02-08,14001.2197265625,14034.099609375,13982.0,14001.103515625,14001.103515625,0,0.0,0.0
2021-02-09,14047.2998046875,14047.2998046875,13965.400390625,13990.4599609375,13990.4599609375,0,0.0,0.0
2021-02-10,14029.2001953125,14029.2001953125,13957.900390625,13989.1884765625,13989.1884765625,0,0.0,0.0
2021-02-11,14027.0,14027.0,13949.5,14027.0,14027.0,0,0.0,0.0
2021-02-12,14009.7998046875,14009.7998046875,13952.2001953125,13976.240234375,13976.240234375,0,0.0,0.0
2021-02-15,13968.453125,13974.599609375,13858.2998046875,13966.0,13966.0,0,0.0,0.0
2021-02-16,13940.599609375,14022.2998046875,13724.61328125,13907.0,13907.0,0,0.0,0.0
2021-02-17,14039.2001953125,14151.5,13918.0,14039.2001953125,14039.2001953125,0,0.0,0.0
2021-02-18,14102.5,14110.0,13997.6513671875,14007.474609375,14007.474609375,0,0.0,0.0
2021-02-19,14118.0,14118.0,13991.900390625,13998.1982421875,13998.1982421875,0,0.0,0.0
2021-02-22,13889.5341796875,14237.2001953125,13886.353515625,13898.4169921875,13898.4169921875,0,0.0,0.0
2021-02-23,14165.0,14165.0,14067.7998046875,14107.6962890625,14107.6962890625,0,0.0,0.0
2021-02-24,14126.2001953125,14126.2001953125,14020.2998046875,14081.6171875,14081.6171875,0,0.0,0.0
2021-02-25,14096.7998046875,14256.5,14042.7998046875,14097.7998046875,14097.7998046875,0,0.0,0.0
2021-02-26,14410.0,14410.0,13967.28515625,13968.185546875,13968.185546875,0,0.0,0.0
2021-03-01,14092.2578125,14347.5,14079.6787109375,14110.5849609375,14110.5849609375,0,0.0,0.0
2021-03-02,14336.2001953125,14372.0,14245.419921875,14245.6201171875,14245.6201171875,0,0.0,0.0
2021-03-03,14345.0,14345.0,14234.7666015625,14239.181640625,14239.181640625,0,0.0,0.0
2021-03-04,14349.0,14351.5,14227.7998046875,14349.0,14349.0,0,0.0,0.0
2021-03-05,14410.0,14441.0,14243.8564453125,14268.8798828125,14268.8798828125,0,0.0,0.0
2021-03-08,14275.8916015625,14364.0,14113.595703125,14287.392578125,14287.392578125,0,0.0,0.0
2021-03-09,14343.93359375,14466.0,14110.560546875,14344.4755859375,14344.4755859375,0,0.0,0.0
2021-03-10,14396.5595703125,14444.2001953125,14176.0634765625,14393.0,14393.0,0,0.0,0.0
2021-03-11,14462.599609375,14462.599609375,14280.900390625,14398.0,14398.0,0,0.0,0.0
2021-03-12,14345.0,14446.5,14284.900390625,14283.900390625,14283.900390625,0,0.0,0.0
2021-03-15,14409.400390625,14417.2998046875,14407.400390625,14385.208984375,14385.208984375,0,0.0,0.0
2021-03-16,14464.0,14506.7998046875,14378.400390625,14464.0,14464.0,0,0.0,0.0
2021-03-17,14495.0,14495.2001953125,14394.7001953125,14427.5,14427.5,0,0.0,0.0
2021-03-18,14402.0,14529.7998046875,14338.0,14403.0,14403.0,0,0.0,0.0
2021-03-19,14494.7998046875,14494.7998046875,14373.5,14431.0,14431.0,0,0.0,0.0
2021-03-22,14398.0,14442.400390625,14373.099609375,14372.2001953125,14372.2001953125,0,0.0,0.0
2021-03-23,14432.7001953125,14499.0,14252.5,14375.7998046875,14375.7998046875,0,0.0,0.0
2021-03-24,14505.5,14505.5,14388.0,14505.5,14505.5,0,0.0,0.0
2021-03-25,14508.7001953125,14508.7001953125,14401.5,14460.0,14460.0,0,0.0,0.0
2021-03-26,14502.099609375,14502.099609375,14399.900390625,14456.400390625,14456.400390625,0,0.0,0.0
2021-03-29,14411.0,14501.0,14411.0,14411.0,14411.0,0,0.0,0.0
2021-03-30,14511.7001953125,14569.599609375,14438.0,14511.7001953125,14511.7001953125,0,0.0,0.0
2021-03-31,14605.0,14605.0,14517.099609375,14605.0,14605.0,0,0.0,0.0
2021-04-01,14605.0,14605.0,14495.2998046875,14606.0,14606.0,0,0.0,0.0
2021-04-02,14553.0,14553.0,14486.0,14553.0,14553.0,0,0.0,0.0
2021-04-05,14518.0,14536.0,14446.5,14518.0,14518.0,0,0.0,0.0
2021-04-06,14529.2001953125,14529.2001953125,14456.2998046875,14529.2001953125,14529.2001953125,0,0.0,0.0
2021-04-07,14510.0,14577.599609375,14456.2001953125,14460.2998046875,14460.2998046875,0,0.0,0.0
2021-04-08,14641.0,14641.0,14488.0,14641.0,14641.0,0,0.0,0.0
2021-04-09,14660.7001953125,14660.7001953125,14528.0,14660.7001953125,14660.7001953125,0,0.0,0.0
2021-04-12,14558.0,14644.0,14558.0,14558.0,14558.0,0,0.0,0.0
2021-04-13,14611.900390625,14674.0,14588.0,14611.900390625,14611.900390625,0,0.0,0.0
2021-04-14,14688.0,14688.0,14597.2001953125,14621.099609375,14621.099609375,0,0.0,0.0
2021-04-15,14673.7998046875,14673.7998046875,14562.599609375,14673.7998046875,14673.7998046875,0,0.0,0.0
2021-04-16,14603.0,14617.0,14512.2998046875,14616.0,14616.0,0,0.0,0.0
2021-04-19,14558.0,14575.599609375,14509.099609375,14558.0,14558.0,0,0.0,0.0
2021-04-20,14569.2998046875,14576.099609375,14471.5,14570.0,14570.0,0,0.0,0.0
2021-04-21,14587.2998046875,14587.2998046875,14495.0,14543.2001953125,14543.2001953125,0,0.0,0.0
2021-04-22,14564.2001953125,14564.2001953125,14507.0,14564.2001953125,14564.2001953125,0,0.0,0.0
2021-04-23,14605.900390625,14605.900390625,14504.400390625,14606.599609375,14606.599609375,0,0.0,0.0
2021-04-26,14518.0,14518.0,14416.5,14518.0,14518.0,0,0.0,0.0
2021-04-27,14505.099609375,14517.0,14460.7001953125,14459.599609375,14459.599609375,0,0.0,0.0
2021-04-28,14566.0,14568.5,14478.0,14516.400390625,14516.400390625,0,0.0,0.0
2021-04-29,14519.0,14519.0,14384.900390625,14519.0,14519.0,0,0.0,0.0
2021-04-30,14439.7001953125,14494.7001953125,14395.599609375,14439.7001953125,14439.7001953125,0,0.0,0.0
2021-05-03,14438.0,14519.7998046875,14394.7998046875,14438.0,14438.0,0,0.0,0.0
2021-05-04,14448.5,14480.2001953125,14390.5,14399.099609375,14399.099609375,0,0.0,0.0
2021-05-05,14529.0,14529.0,14411.2998046875,14482.5,14482.5,0,0.0,0.0
2021-05-06,14450.0,14450.0,14276.2001953125,14399.5,14399.5,0,0.0,0.0
2021-05-07,14282.7998046875,14312.0,14055.900390625,14283.7998046875,14283.7998046875,0,0.0,0.0
2021-05-10,14278.0,14278.0,14071.2998046875,14278.0,14278.0,0,0.0,0.0
2021-05-11,14220.0,14227.2998046875,14160.5,14189.599609375,14189.599609375,0,0.0,0.0
2021-05-12,14220.0,14330.7998046875,14182.5,14220.0,14220.0,0,0.0,0.0
2021-05-13,14347.0,14359.2001953125,14270.7998046875,14347.0,14347.0,0,0.0,0.0
2021-05-14,14341.0,14341.0,14262.900390625,14300.2998046875,14300.2998046875,0,0.0,0.0
2021-05-17,14191.0,14388.099609375,14191.0,14191.0,14191.0,0,0.0,0.0
2021-05-18,14389.2998046875,14389.2998046875,14250.599609375,14344.5,14344.5,0,0.0,0.0
2021-05-19,14361.2998046875,14416.2001953125,14266.0,14362.2998046875,14362.2998046875,0,0.0,0.0
2021-05-20,14444.7001953125,14444.7001953125,14338.0,14389.7001953125,14389.7001953125,0,0.0,0.0
2021-05-21,14396.2998046875,14396.2998046875,14311.2001953125,14397.2998046875,14397.2998046875,0,0.0,0.0
2021-05-24,14348.0,14370.400390625,14311.5,14348.0,14348.0,0,0.0,0.0
2021-05-25,14364.0,14364.0,14296.5,14365.0,14365.0,0,0.0,0.0
2021-05-26,14371.400390625,14371.400390625,14217.099609375,14371.400390625,14371.400390625,0,0.0,0.0
2021-05-27,14309.0,14335.099609375,14263.7998046875,14310.0,14310.0,0,0.0,0.0
2021-05-28,14330.0,14345.099609375,14256.5,14318.0,14318.0,0,0.0,0.0
2021-05-31,14278.0,14306.7998046875,14206.5,14278.0,14278.0,0,0.0,0.0
2021-06-01,14274.2001953125,14285.5,14179.7998046875,14247.5,14247.5,0,0.0,0.0
2021-06-02,14280.0,14327.7998046875,14240.0,14251.5,14251.5,0,0.0,0.0
2021-06-03,14290.7001953125,14333.7998046875,14236.5,14290.7001953125,14290.7001953125,0,0.0,0.0
2021-06-04,14360.0,14360.0,14249.2001953125,14360.0,14360.0,0,0.0,0.0
2021-06-07,14288.0,14298.2998046875,14239.0,14288.0,14288.0,0,0.0,0.0
2021-06-08,14278.2998046875,14287.7001953125,14199.650390625,14246.5,14246.5,0,0.0,0.0
2021-06-09,14310.7001953125,14310.7001953125,14243.5,14281.0,14281.0,0,0.0,0.0
2021-06-10,14300.0,14300.0,14223.0,14300.0,14300.0,0,0.0,0.0
2021-06-11,14247.5,14251.0,14148.0,14248.5,14248.5,0,0.0,0.0
2021-06-14,14182.0,14276.400390625,14182.0,14182.0,14182.0,0,0.0,0.0
2021-06-15,14266.5,14271.900390625,14150.8896484375,14267.5,14267.5,0,0.0,0.0
2021-06-16,14279.2998046875,14279.2998046875,14218.0,14280.2998046875,14280.2998046875,0,0.0,0.0
2021-06-17,14407.5,14487.599609375,14302.7998046875,14466.5,14466.5,0,0.0,0.0
2021-06-18,14554.7001953125,14554.7001953125,14367.099609375,14554.7001953125,14554.7001953125,0,0.0,0.0
2021-06-21,14368.0,14505.599609375,14368.0,14368.0,14368.0,0,0.0,0.0
2021-06-22,14454.0,14485.2998046875,14368.400390625,14388.7998046875,14388.7998046875,0,0.0,0.0
2021-06-23,14495.0,14495.0,14413.0,14495.0,14495.0,0,0.0,0.0
2021-06-24,14468.0,14491.400390625,14381.73046875,14413.2998046875,14413.2998046875,0,0.0,0.0
2021-06-25,14511.2001953125,14511.2001953125,14417.5,14511.2001953125,14511.2001953125,0,0.0,0.0
2021-06-28,14418.0,14517.400390625,14417.400390625,14418.0,14418.0,0,0.0,0.0
2021-06-29,14479.0,14593.400390625,14438.0,14525.0,14525.0,0,0.0,0.0
2021-06-30,14629.099609375,14629.099609375,14423.51953125,14629.099609375,14629.099609375,0,0.0,0.0
2021-07-01,14601.599609375,14601.599609375,14490.0,14601.599609375,14601.599609375,0,0.0,0.0
2021-07-02,14635.0,14635.0,14485.5,14581.400390625,14581.400390625,0,0.0,0.0
2021-07-05,14526.0,14535.0,14444.5,14526.0,14526.0,0,0.0,0.0
2021-07-06,14507.0,14530.0,14443.5,14495.0,14495.0,0,0.0,0.0
2021-07-07,14568.7001953125,14568.7001953125,14468.2998046875,14568.7001953125,14568.7001953125,0,0.0,0.0
2021-07-08,14569.2001953125,14599.7001953125,14506.2001953125,14569.2001953125,14569.2001953125,0,0.0,0.0
2021-07-09,14618.7001953125,14618.7001953125,14479.599609375,14618.7001953125,14618.7001953125,0,0.0,0.0
2021-07-12,14521.0,14525.0,14466.099609375,14521.0,14521.0,0,0.0,0.0
2021-07-13,14557.5,14557.5,14439.5,14558.5,14558.5,0,0.0,0.0
2021-07-14,14537.2998046875,14539.7998046875,14453.5,14542.099609375,14542.099609375,0,0.0,0.0
2021-07-15,14525.2001953125,14528.599609375,14420.5400390625,14473.0,14473.0,0,0.0,0.0
2021-07-16,14560.0,14560.0,14426.900390625,14563.0,14563.0,0,0.0,0.0
2021-07-19,14491.0,14581.2998046875,14477.5,14491.0,14491.0,0,0.0,0.0
2021-07-20,14589.7001953125,14664.7998046875,14524.7001953125,14664.5,14664.5,0,0.0,0.0
2021-07-21,14551.0,14560.5,14477.400390625,14620.0,14620.0,0,0.0,0.0
2021-07-22,14530.2001953125,14530.2001953125,14472.5,14536.0,14536.0,0,0.0,0.0
2021-07-23,14548.7001953125,14548.7001953125,14435.4599609375,14548.7001953125,14548.7001953125,0,0.0,0.0
2021-07-26,14486.0,14505.900390625,14343.2001953125,14486.0,14486.0,0,0.0,0.0
2021-07-27,14523.5,14523.5,14458.0,14523.5,14523.5,0,0.0,0.0
2021-07-28,14554.0,14554.0,14479.599609375,14554.0,14554.0,0,0.0,0.0
2021-07-29,14516.5,14516.5,14406.2998046875,14462.599609375,14462.599609375,0,0.0,0.0
2021-07-30,14447.0,14481.2998046875,14403.0,14450.0,14450.0,0,0.0,0.0
2021-08-02,14456.0,14470.7998046875,14357.2998046875,14456.0,14456.0,0,0.0,0.0
2021-08-03,14396.7001953125,14396.7001953125,14282.7001953125,14397.400390625,14397.400390625,0,0.0,0.0
2021-08-04,14349.5,14353.2001953125,14142.400390625,14349.5,14349.5,0,0.0,0.0
2021-08-05,14373.5,14373.5,14306.0,14338.599609375,14338.599609375,0,0.0,0.0
2021-08-06,14385.5,14401.7998046875,14333.2001953125,14385.5,14385.5,0,0.0,0.0
2021-08-09,14346.0,14403.0,14346.0,14346.0,14346.0,0,0.0,0.0
2021-08-10,14400.2001953125,14419.7998046875,14356.0,14402.099609375,14402.099609375,0,0.0,0.0
2021-08-11,14393.099609375,14428.5,14357.0,14393.099609375,14393.099609375,0,0.0,0.0
2021-08-12,14345.599609375,14404.400390625,14297.5,14395.0,14395.0,0,0.0,0.0
2021-08-13,14376.0,14415.0,14289.0,14341.0,14341.0,0,0.0,0.0
2021-08-16,14381.0,14391.0,14349.5,14381.0,14381.0,0,0.0,0.0
2021-08-17,14404.5,14426.5,14351.0,14363.0,14363.0,0,0.0,0.0
2021-08-18,14469.7998046875,14469.7998046875,14311.08984375,14425.099609375,14425.099609375,0,0.0,0.0
2021-08-19,14402.400390625,14479.2998046875,14394.0,14454.2001953125,14454.2001953125,0,0.0,0.0
2021-08-20,14548.0,14548.0,14396.0,14493.400390625,14493.400390625,0,0.0,0.0
2021-08-23,14446.0,14446.0,14382.400390625,14446.0,14446.0,0,0.0,0.0
2021-08-24,14430.0,14467.5,14367.5,14430.0,14430.0,0,0.0,0.0
2021-08-25,14448.7001953125,14448.7001953125,14363.2001953125,14448.7001953125,14448.7001953125,0,0.0,0.0
2021-08-26,14465.7001953125,14468.0,14407.400390625,14465.7001953125,14465.7001953125,0,0.0,0.0
2021-08-27,14502.0,14502.0,14350.8896484375,14449.2998046875,14449.2998046875,0,0.0,0.0
2021-08-30,14411.0,14411.0,14314.5,14411.0,14411.0,0,0.0,0.0
2021-08-31,14362.0,14362.0,14197.099609375,14362.0,14362.0,0,0.0,0.0
2021-09-01,14246.5,14299.7001953125,14208.2001953125,14246.5,14246.5,0,0.0,0.0
2021-09-02,14269.2001953125,14283.0,14212.580078125,14269.2001953125,14269.2001953125,0,0.0,0.0
2021-09-03,14277.0,14280.0,14109.5,14245.5,14245.5,0,0.0,0.0
2021-09-06,14256.0,14256.0,14185.5,14256.0,14256.0,0,0.0,0.0
2021-09-07,14250.0,14271.2998046875,14153.7998046875,14231.400390625,14231.400390625,0,0.0,0.0
2021-09-08,14279.2001953125,14287.2998046875,14206.0,14279.2001953125,14279.2001953125,0,0.0,0.0
2021-09-09,14325.400390625,14326.7998046875,14230.599609375,14326.400390625,14326.400390625,0,0.0,0.0
2021-09-10,14299.2001953125,14299.2001953125,14185.0,14258.7998046875,14258.7998046875,0,0.0,0.0
2021-09-13,14196.0,14284.0,14196.0,14196.0,14196.0,0,0.0,0.0
2021-09-14,14291.599609375,14291.599609375,14188.7001953125,14291.599609375,14291.599609375,0,0.0,0.0
2021-09-15,14283.5,14283.5,14207.900390625,14249.7001953125,14249.7001953125,0,0.0,0.0
2021-09-16,14264.2998046875,14284.599609375,14180.740234375,14264.5,14264.5,0,0.0,0.0
2021-09-17,14241.099609375,14283.900390625,14166.8095703125,14283.900390625,14283.900390625,0,0.0,0.0
2021-09-20,14221.0,14306.7001953125,14221.0,14221.0,14221.0,0,0.0,0.0
2021-09-21,14320.2998046875,14320.2998046875,14206.599609375,14320.5,14320.5,0,0.0,0.0
2021-09-22,14290.7998046875,14290.7998046875,14172.7802734375,14237.5,14237.5,0,0.0,0.0
2021-09-23,14279.2001953125,14304.5,14177.759765625,14279.2001953125,14279.2001953125,0,0.0,0.0
2021-09-24,14285.5,14307.400390625,14226.0,14286.5,14286.5,0,0.0,0.0
2021-09-27,14251.0,14284.2998046875,14178.75,14251.0,14251.0,0,0.0,0.0
2021-09-28,14291.5,14317.5,14237.5,14242.5,14242.5,0,0.0,0.0
2021-09-29,14364.2001953125,14364.2001953125,14266.0,14318.599609375,14318.599609375,0,0.0,0.0
2021-09-30,14385.0,14385.0,14279.599609375,14385.0,14385.0,0,0.0,0.0
2021-10-01,14366.5,14366.5,14266.2001953125,14328.599609375,14328.599609375,0,0.0,0.0
2021-10-04,14301.0,14305.0,14237.7998046875,14301.0,14301.0,0,0.0,0.0
2021-10-05,14299.5,14299.5,14215.7998046875,14300.5,14300.5,0,0.0,0.0
2021-10-06,14245.2998046875,14302.0,14206.2001953125,14246.0,14246.0,0,0.0,0.0
2021-10-07,14270.599609375,14270.599609375,14164.099609375,14232.400390625,14232.400390625,0,0.0,0.0
2021-10-08,14210.0,14247.2998046875,14157.900390625,14170.7998046875,14170.7998046875,0,0.0,0.0
2021-10-11,14216.0,14225.7001953125,14153.8798828125,14216.0,14216.0,0,0.0,0.0
2021-10-12,14205.0,14225.2998046875,14161.0,14194.0,14194.0,0,0.0,0.0
2021-10-13,14221.2001953125,14255.0,14145.919921875,14221.2001953125,14221.2001953125,0,0.0,0.0
2021-10-14,14219.7001953125,14219.7001953125,13579.2001953125,14219.7001953125,14219.7001953125,0,0.0,0.0
2021-10-15,14056.400390625,14111.0,14017.599609375,14078.5,14078.5,0,0.0,0.0
2021-10-18,14067.0,14141.2998046875,14013.580078125,14067.0,14067.0,0,0.0,0.0
2021-10-19,14156.5,14156.5,14046.2001953125,14157.2001953125,14157.2001953125,0,0.0,0.0
2021-10-20,14116.7998046875,14149.900390625,13624.900390625,14116.7998046875,14116.7998046875,0,0.0,0.0
2021-10-21,14150.5,14153.7998046875,14009.599609375,14119.7998046875,14119.7998046875,0,0.0,0.0
2021-10-22,14175.0,14228.900390625,13721.2001953125,14175.0,14175.0,0,0.0,0.0
2021-10-25,14116.0,14192.2001953125,14113.5,14116.0,14116.0,0,0.0,0.0
2021-10-26,14192.5,14192.5,14117.0,14193.5,14193.5,0,0.0,0.0
2021-10-27,14175.7001953125,14251.400390625,14137.5,14175.7001953125,14175.7001953125,0,0.0,0.0
2021-10-28,14252.0,14252.0,14163.900390625,14217.099609375,14217.099609375,0,0.0,0.0
2021-10-29,14198.599609375,14256.0,14152.2001953125,14229.0,14229.0,0,0.0,0.0
2021-11-01,14161.0,14332.099609375,14161.0,14228.5,14228.5,0,0.0,0.0
2021-11-02,14322.5,14322.5,14244.5,14276.599609375,14276.599609375,0,0.0,0.0
2021-11-03,14325.7998046875,14411.2001953125,14246.0,14289.900390625,14289.900390625,0,0.0,0.0
2021-11-04,14366.0,14402.2001953125,14302.0,14366.0,14366.0,0,0.0,0.0
2021-11-05,14401.0,14414.0,14303.400390625,14414.0,14414.0,0,0.0,0.0
2021-11-08,14321.0,14325.0,14237.5,14319.7998046875,14319.7998046875,0,0.0,0.0
2021-11-09,14288.0,14288.0,14213.099609375,14252.0,14252.0,0,0.0,0.0
2021-11-10,14258.900390625,14307.0,14226.900390625,14290.0,14290.0,0,0.0,0.0
2021-11-11,14337.0,14337.0,14243.7998046875,14302.400390625,14302.400390625,0,0.0,0.0
2021-11-12,14299.2001953125,14299.2001953125,14164.2001953125,14261.7001953125,14261.7001953125,0,0.0,0.0
2021-11-15,14229.0,14229.0,14156.5,14186.7001953125,14186.7001953125,0,0.0,0.0
2021-11-16,14185.400390625,14253.5,14171.5,14185.400390625,14185.400390625,0,0.0,0.0
2021-11-17,14274.2001953125,14277.5,14214.5,14274.2001953125,14274.2001953125,0,0.0,0.0
2021-11-18,14255.0,14255.0,14206.0,14223.7998046875,14223.7998046875,0,0.0,0.0
2021-11-19,14235.0,14300.5,14183.5,14204.7001953125,14204.7001953125,0,0.0,0.0
2021-11-22,14231.0,14291.599609375,14224.099609375,14265.099609375,14265.099609375,0,0.0,0.0
2021-11-23,14295.5,14298.0,14241.0,14259.599609375,14259.599609375,0,0.0,0.0
2021-11-24,14301.0,14327.400390625,14240.5,14272.5,14272.5,0,0.0,0.0
2021-11-25,14336.0,14336.0,14256.0,14303.400390625,14303.400390625,0,0.0,0.0
2021-11-26,14320.0,14439.099609375,14281.0,14320.0,14320.0,0,0.0,0.0
2021-11-29,14296.0,14378.2998046875,14003.5,14408.2001953125,14408.2001953125,0,0.0,0.0
2021-11-30,14377.0,14377.0,14235.5,14377.0,14377.0,0,0.0,0.0
2021-12-01,14330.0,14379.5,14286.0,14333.0,14333.0,0,0.0,0.0
2021-12-02,14419.7001953125,14450.400390625,14281.240234375,14376.0,14376.0,0,0.0,0.0
2021-12-03,14443.7998046875,14508.0,14356.900390625,14443.7998046875,14443.7998046875,0,0.0,0.0
2021-12-06,14391.0,14462.7001953125,14391.0,14514.0,14514.0,0,0.0,0.0
2021-12-07,14490.0,14490.0,14331.5,14490.0,14490.0,0,0.0,0.0
2021-12-08,14392.2998046875,14392.2998046875,14041.2001953125,14393.2998046875,14393.2998046875,0,0.0,0.0
2021-12-09,14335.0,14432.2998046875,14288.5,14335.0,14335.0,0,0.0,0.0
2021-12-10,14329.5,14422.7998046875,14022.0,14297.400390625,14297.400390625,0,0.0,0.0
2021-12-13,14366.0,14370.0,14282.5,14351.900390625,14351.900390625,0,0.0,0.0
2021-12-14,14356.2998046875,14356.2998046875,14283.5,14324.7001953125,14324.7001953125,0,0.0,0.0
2021-12-15,14341.5,14389.099609375,14276.259765625,14342.5,14342.5,0,0.0,0.0
2021-12-16,14294.5,14376.5,14265.3203125,14297.5,14297.5,0,0.0,0.0
2021-12-17,14379.7998046875,14387.7001953125,14344.5,14380.0,14380.0,0,0.0,0.0
2021-12-20,14361.0,14415.400390625,14360.0,14385.7001953125,14385.7001953125,0,0.0,0.0
2021-12-21,14417.2998046875,14417.2998046875,14261.2001953125,14388.7001953125,14388.7001953125,0,0.0,0.0
2021-12-22,14283.5,14307.0,14195.099609375,14263.900390625,14263.900390625,0,0.0,0.0
2021-12-23,14209.0,14253.0,14167.5,14193.7998046875,14193.7998046875,0,0.0,0.0
2021-12-24,14178.5,14242.0,14104.5,14167.7998046875,14167.7998046875,0,0.0,0.0
2021-12-27,14214.0,14239.400390625,14147.91015625,14189.2998046875,14189.2998046875,0,0.0,0.0
2021-12-28,14219.0,14239.5,14205.599609375,14220.0,14220.0,0,0.0,0.0
2021-12-29,14227.900390625,14274.400390625,14216.7001953125,14238.2001953125,14238.2001953125,0,0.0,0.0
2021-12-30,14237.0,14276.2001953125,14218.7001953125,14237.0,14237.0,0,0.0,0.0
2021-12-31,14285.2001953125,14285.2001953125,14065.5,14285.2001953125,14285.2001953125,0,0.0,0.0
2022-01-03,14246.0,14301.2998046875,14207.5,14215.0,14215.0,0,0.0,0.0
2022-01-04,14303.7001953125,14383.2998046875,14259.0,14283.599609375,14283.599609375,0,0.0,0.0
2022-01-05,14346.400390625,14398.5,14336.7001953125,14385.5,14385.5,0,0.0,0.0
2022-01-06,14445.7998046875,14445.7998046875,14351.0,14446.5,14446.5,0,0.0,0.0
2022-01-07,14408.0,14408.0,14320.5,14408.0,14408.0,0,0.0,0.0
2022-01-10,14351.0,14351.0,14262.2998046875,14318.5,14318.5,0,0.0,0.0
2022-01-11,14312.0,14322.2998046875,14251.3896484375,14313.0,14313.0,0,0.0,0.0
2022-01-12,14303.0,14355.5,14257.5,14277.0,14277.0,0,0.0,0.0
2022-01-13,14321.5,14326.2001953125,14266.0,14298.900390625,14298.900390625,0,0.0,0.0
2022-01-14,14273.0,14324.2998046875,14239.4501953125,14276.0,14276.0,0,0.0,0.0
2022-01-17,14290.0,14335.5,14290.0,14314.5,14314.5,0,0.0,0.0
2022-01-18,14331.2001953125,14381.2998046875,14297.0,14349.7001953125,14349.7001953125,0,0.0,0.0
2022-01-19,14356.900390625,14398.5,14331.0,14382.2998046875,14382.2998046875,0,0.0,0.0
2022-01-20,14382.5,14382.5,14300.2998046875,14362.7998046875,14362.7998046875,0,0.0,0.0
2022-01-21,14324.0,14356.5,14302.2001953125,14343.0,14343.0,0,0.0,0.0
2022-01-24,14331.0,14364.900390625,14300.0,14329.7001953125,14329.7001953125,0,0.0,0.0
2022-01-25,14365.0,14365.0,14299.400390625,14365.0,14365.0,0,0.0,0.0
2022-01-26,14342.5,14354.0,14063.7001953125,14330.5,14330.5,0,0.0,0.0
2022-01-27,14377.7001953125,14397.5,14325.400390625,14366.400390625,14366.400390625,0,0.0,0.0
2022-01-28,14389.2001953125,14413.2998046875,14313.080078125,14389.2001953125,14389.2001953125,0,0.0,0.0
2022-01-31,14381.0,14406.2998046875,14330.900390625,14381.599609375,14381.599609375,0,0.0,0.0
2022-02-01,14350.0,14380.0,14296.2998046875,14350.0,14350.0,0,0.0,0.0
2022-02-02,14328.0,14382.2998046875,14292.099609375,14322.2998046875,14322.2998046875,0,0.0,0.0
2022-02-03,14362.7998046875,14404.900390625,14348.7001953125,14363.7998046875,14363.7998046875,0,0.0,0.0
2022-02-04,14377.0,14416.400390625,14309.099609375,14377.0,14377.0,0,0.0,0.0
2022-02-07,14373.0,14419.2998046875,14373.0,14400.400390625,14400.400390625,0,0.0,0.0
2022-02-08,14393.599609375,14405.599609375,14331.98046875,14405.599609375,14405.599609375,0,0.0,0.0
2022-02-09,14379.5,14386.0,14332.400390625,14379.5,14379.5,0,0.0,0.0
2022-02-10,14334.2001953125,14366.0,14310.099609375,14334.2001953125,14334.2001953125,0,0.0,0.0
2022-02-11,14340.0,14367.900390625,14298.599609375,14328.0,14328.0,0,0.0,0.0
2022-02-14,14345.0,14351.400390625,14304.599609375,14344.7001953125,14344.7001953125,0,0.0,0.0
2022-02-15,14302.0,14321.0,14081.0,14303.0,14303.0,0,0.0,0.0
2022-02-16,14260.599609375,14297.7998046875,14220.5400390625,14260.599609375,14260.599609375,0,0.0,0.0
2022-02-17,14274.7998046875,14362.400390625,14206.6103515625,14274.400390625,14274.400390625,0,0.0,0.0
2022-02-18,14360.0,14375.400390625,14301.7998046875,14348.0,14348.0,0,0.0,0.0
2022-02-21,14321.0,14366.900390625,14267.3095703125,14365.900390625,14365.900390625,0,0.0,0.0
2022-02-22,14355.0,14383.7998046875,14321.0,14355.0,14355.0,0,0.0,0.0
2022-02-23,14395.0,14395.0,14325.7998046875,14395.0,14395.0,0,0.0,0.0
2022-02-24,14364.0,14457.2998046875,14331.0,14365.0,14365.0,0,0.0,0.0
2022-02-25,14452.5,14455.0,14319.599609375,14452.5,14452.5,0,0.0,0.0
2022-02-28,14360.0,14408.0,14341.0,14334.2001953125,14334.2001953125,0,0.0,0.0
2022-03-01,14395.0,14415.400390625,14320.0,14360.0,14360.0,0,0.0,0.0
2022-03-02,14424.5,14424.5,14341.0,14425.0,14425.0,0,0.0,0.0
2022-03-03,14386.5,14415.2998046875,14352.5,14387.5,14387.5,0,0.0,0.0
2022-03-04,14358.400390625,14398.099609375,14357.7001953125,14358.400390625,14358.400390625,0,0.0,0.0
2022-03-07,14381.0,14445.5,14377.2998046875,14381.7001953125,14381.7001953125,0,0.0,0.0
2022-03-08,14439.5,14439.5,14266.400390625,14406.400390625,14406.400390625,0,0.0,0.0
2022-03-09,14381.0,14391.0,14264.7998046875,14362.7001953125,14362.7001953125,0,0.0,0.0
2022-03-10,14250.0,14341.0,14250.0,14251.0,14251.0,0,0.0,0.0
2022-03-11,14275.0,14321.0,14089.599609375,14275.0,14275.0,0,0.0,0.0
2022-03-14,14296.0,14339.2998046875,14234.4697265625,14325.5,14325.5,0,0.0,0.0
2022-03-15,14346.5,14346.5,14289.0,14347.5,14347.5,0,0.0,0.0
2022-03-16,14308.0,14315.2998046875,14081.2001953125,14305.2998046875,14305.2998046875,0,0.0,0.0
2022-03-17,14262.5,14337.7998046875,14253.5,14263.5,14263.5,0,0.0,0.0
2022-03-18,14325.5,14357.7998046875,14218.5498046875,14326.0,14326.0,0,0.0,0.0
2022-03-21,14335.0,14350.7001953125,14268.2998046875,14342.2998046875,14342.2998046875,0,0.0,0.0
2022-03-22,14342.0,14357.0,14269.2998046875,14345.0,14345.0,0,0.0,0.0
2022-03-23,14345.5,14386.0,14321.0,14345.5,14345.5,0,0.0,0.0
2022-03-24,14389.0,14389.0,14344.0,14389.0,14389.0,0,0.0,0.0
2022-03-25,14358.0,14375.0,14326.0,14337.099609375,14337.099609375,0,0.0,0.0
2022-03-28,14334.0,14374.7001953125,14334.0,14334.0,14334.0,0,0.0,0.0
2022-03-29,14373.0,14372.2001953125,14288.2001953125,14373.0,14373.0,0,0.0,0.0
2022-03-30,14334.0,14362.5,14292.1796875,14334.0,14334.0,0,0.0,0.0
2022-03-31,14327.5,14375.400390625,14319.5,14327.5,14327.5,0,0.0,0.0
2022-04-01,14351.0,14379.2001953125,14341.2001953125,14351.0,14351.0,0,0.0,0.0
2022-04-04,14361.0,14366.5,14292.1796875,14361.0,14361.0,0,0.0,0.0
2022-04-05,14322.2998046875,14368.0,14322.2998046875,14322.2998046875,14322.2998046875,0,0.0,0.0
2022-04-06,14365.5,14384.900390625,14340.0,14365.5,14365.5,0,0.0,0.0
2022-04-07,14382.0,14381.7998046875,14349.0,14382.0,14382.0,0,0.0,0.0
2022-04-08,14385.0,14393.400390625,14352.0,14385.0,14385.0,0,0.0,0.0
2022-04-11,14355.0,14381.2998046875,14355.0,14355.0,14355.0,0,0.0,0.0
2022-04-12,14360.7001953125,14381.2001953125,14351.7001953125,14360.7001953125,14360.7001953125,0,0.0,0.0
2022-04-13,14364.2001953125,15611.599609375,14338.599609375,14364.2001953125,14364.2001953125,0,0.0,0.0
2022-04-14,14360.2001953125,14385.900390625,14337.0,14360.2001953125,14360.2001953125,0,0.0,0.0
2022-04-15,14383.900390625,14394.5,14337.0,14383.900390625,14383.900390625,0,0.0,0.0
2022-04-18,14337.0,14368.0,14277.259765625,14337.0,14337.0,0,0.0,0.0
2022-04-19,14353.7998046875,14364.5,14303.5,14353.7998046875,14353.7998046875,0,0.0,0.0
2022-04-20,14364.900390625,14384.5,14275.26953125,14364.900390625,14364.900390625,0,0.0,0.0
2022-04-21,14351.0,14359.2001953125,14279.25,14351.0,14351.0,0,0.0,0.0
2022-04-22,14382.0,14492.0,14337.0,14382.0,14382.0,0,0.0,0.0
2022-04-25,14350.0,14525.0,14350.0,14350.0,14350.0,0,0.0,0.0
2022-04-26,14478.0,14476.5,14361.5,14478.0,14478.0,0,0.0,0.0
2022-04-27,14466.0,14510.599609375,14345.5,14466.0,14466.0,0,0.0,0.0
2022-04-28,14447.5,14528.900390625,14420.0,14447.5,14447.5,0,0.0,0.0
2022-04-29,14502.0,14560.0,14398.5,14502.0,14502.0,0,0.0,0.0
2022-05-02,14490.0,14565.0,14490.0,14490.0,14490.0,0,0.0,0.0
2022-05-03,14522.599609375,14576.099609375,14458.5,14522.599609375,14522.599609375,0,0.0,0.0
2022-05-04,14491.0,14507.0,14411.900390625,14491.0,14491.0,0,0.0,0.0
2022-05-05,14425.0,14490.0,14386.0,14425.0,14425.0,0,0.0,0.0
2022-05-06,14458.7001953125,14501.5,14450.900390625,14458.7001953125,14458.7001953125,0,0.0,0.0
2022-05-09,14490.0,14594.900390625,14490.0,14490.0,14490.0,0,0.0,0.0
2022-05-10,14552.2001953125,14620.7998046875,14508.5,14552.2001953125,14552.2001953125,0,0.0,0.0
2022-05-11,14520.7998046875,14560.7998046875,14490.400390625,14520.7998046875,14520.7998046875,0,0.0,0.0
2022-05-12,14543.400390625,14671.599609375,14523.7001953125,14543.400390625,14543.400390625,0,0.0,0.0
2022-05-13,14632.099609375,14669.5,14589.7001953125,14632.099609375,14632.099609375,0,0.0,0.0
2022-05-16,14606.0,14744.7001953125,14596.7001953125,14606.0,14606.0,0,0.0,0.0
2022-05-17,14645.0,14690.0,14606.0,14645.0,14645.0,0,0.0,0.0
2022-05-18,14630.599609375,14731.5,14630.599609375,14630.599609375,14630.599609375,0,0.0,0.0
2022-05-19,14740.0,14755.0,14568.5,14740.0,14740.0,0,0.0,0.0
2022-05-20,14626.7998046875,14683.7998046875,14618.0,14626.7998046875,14626.7998046875,0,0.0,0.0
2022-05-23,14645.0,14671.7001953125,14609.900390625,14645.0,14645.0,0,0.0,0.0
2022-05-24,14619.2001953125,14687.099609375,14591.6796875,14619.2001953125,14619.2001953125,0,0.0,0.0
2022-05-25,14635.7998046875,14663.0,14588.5,14635.7998046875,14635.7998046875,0,0.0,0.0
2022-05-26,14597.0,14631.400390625,14572.2001953125,14597.0,14597.0,0,0.0,0.0
2022-05-27,14584.2001953125,14626.0,14522.2001953125,14584.2001953125,14584.2001953125,0,0.0,0.0
2022-05-30,14570.0,14571.0,14497.7998046875,14570.0,14570.0,0,0.0,0.0
2022-05-31,14538.400390625,14594.0,14471.2802734375,14538.400390625,14538.400390625,0,0.0,0.0
2022-06-01,14543.900390625,14574.0,14513.400390625,14543.900390625,14543.900390625,0,0.0,0.0
2022-06-02,14531.5,14585.2001953125,14364.5,14531.5,14531.5,0,0.0,0.0
2022-06-03,14426.7998046875,14476.0,14385.0,14426.7998046875,14426.7998046875,0,0.0,0.0
2022-06-06,14431.0,14472.0,14401.7001953125,14431.0,14431.0,0,0.0,0.0
2022-06-07,14435.2001953125,14473.7001953125,14435.2998046875,14435.2001953125,14435.2001953125,0,0.0,0.0
2022-06-08,14458.7998046875,14523.5,14411.5,14458.7998046875,14458.7998046875,0,0.0,0.0
2022-06-09,14495.2998046875,14592.599609375,14404.6201171875,14495.2998046875,14495.2998046875,0,0.0,0.0
2022-06-10,14611.7998046875,14647.0,14454.7001953125,14611.7998046875,14611.7998046875,0,0.0,0.0
2022-06-13,14546.0,14808.2001953125,14496.16015625,14546.0,14546.0,0,0.0,0.0
2022-06-14,14795.0,14804.0,14678.0,14795.0,14795.0,0,0.0,0.0
2022-06-15,14740.7998046875,14791.2001953125,14632.7001953125,14740.7998046875,14740.7998046875,0,0.0,0.0
2022-06-16,14681.0,14872.0,14661.2001953125,14681.0,14681.0,0,0.0,0.0
2022-06-17,14776.099609375,14854.5,14667.2998046875,14776.099609375,14776.099609375,0,0.0,0.0
2022-06-20,14816.0,14848.2001953125,14753.8603515625,14816.0,14816.0,0,0.0,0.0
2022-06-21,14827.7001953125,14840.0,14774.7001953125,14827.7001953125,14827.7001953125,0,0.0,0.0
2022-06-22,14831.7001953125,14883.7001953125,14775.2001953125,14831.7001953125,14831.7001953125,0,0.0,0.0
2022-06-23,14843.0,14872.0,14790.7001953125,14843.0,14843.0,0,0.0,0.0
2022-06-24,14841.7998046875,14861.599609375,14815.5,14841.7998046875,14841.7998046875,0,0.0,0.0
2022-06-27,14841.0,14841.0,14779.599609375,14841.0,14841.0,0,0.0,0.0
2022-06-28,14791.0,14853.5,14783.7001953125,14791.0,14791.0,0,0.0,0.0
2022-06-29,14857.0,14876.7998046875,14823.400390625,14857.0,14857.0,0,0.0,0.0
2022-06-30,14877.0,14984.0,14842.0,14877.0,14877.0,0,0.0,0.0
2022-07-01,14921.900390625,15019.7998046875,14891.0,14921.900390625,14921.900390625,0,0.0,0.0
2022-07-04,14931.0,15009.5,14925.7001953125,14931.0,14931.0,0,0.0,0.0
2022-07-05,15008.0,15058.599609375,14885.2001953125,15008.0,15008.0,0,0.0,0.0
2022-07-06,15037.0,15044.5,14990.0,15037.0,15037.0,0,0.0,0.0
2022-07-07,15010.0,15014.2001953125,14938.0,15010.0,15010.0,0,0.0,0.0
2022-07-08,14964.599609375,15003.7998046875,14941.2998046875,14964.599609375,14964.599609375,0,0.0,0.0
2022-07-11,14970.0,15019.400390625,14939.7001953125,14970.0,14970.0,0,0.0,0.0
2022-07-12,14989.099609375,15025.7001953125,14948.7001953125,14989.099609375,14989.099609375,0,0.0,0.0
2022-07-13,15010.0,15060.5,14957.2001953125,15010.0,15010.0,0,0.0,0.0
2022-07-14,15030.400390625,15100.2001953125,14981.0,15030.400390625,15030.400390625,0,0.0,0.0
2022-07-15,15037.099609375,15121.0,14962.0,15037.099609375,15037.099609375,0,0.0,0.0
2022-07-18,14986.0,15007.2001953125,14924.0,14986.0,14986.0,0,0.0,0.0
2022-07-19,14977.0,15023.0,14911.0703125,14977.0,14977.0,0,0.0,0.0
2022-07-20,14960.7998046875,15029.0,14953.900390625,14960.7998046875,14960.7998046875,0,0.0,0.0
2022-07-21,15022.0,15064.7998046875,14960.7001953125,15022.0,15022.0,0,0.0,0.0
2022-07-22,15004.2001953125,15066.0,14944.0,15004.2001953125,15004.2001953125,0,0.0,0.0
2022-07-25,15011.0,15011.0,14943.5,15011.0,15011.0,0,0.0,0.0
2022-07-26,14978.0,15019.400390625,14946.2998046875,14978.0,14978.0,0,0.0,0.0
2022-07-27,14982.7998046875,15026.2998046875,14953.2998046875,14982.7998046875,14982.7998046875,0,0.0,0.0
2022-07-28,14914.2001953125,14968.0,14877.2998046875,14914.2001953125,14914.2001953125,0,0.0,0.0
2022-07-29,14849.099609375,14887.5,14822.5,14849.099609375,14849.099609375,0,0.0,0.0
2022-08-01,14826.0,14886.900390625,14819.7001953125,14826.0,14826.0,0,0.0,0.0
2022-08-02,14838.0,14912.7998046875,14837.0,14838.0,14838.0,0,0.0,0.0
2022-08-03,14890.099609375,14916.0,14860.7001953125,14890.099609375,14890.099609375,0,0.0,0.0
2022-08-04,14900.0,14950.2001953125,14878.7998046875,14900.0,14900.0,0,0.0,0.0
2022-08-05,14884.7001953125,14977.0,14872.5,14884.7001953125,14884.7001953125,0,0.0,0.0
2022-08-08,14886.0,14938.0,14818.2001953125,14886.0,14886.0,0,0.0,0.0
2022-08-09,14831.2001953125,14871.2001953125,14821.2001953125,14831.2001953125,14831.2001953125,0,0.0,0.0
2022-08-10,14856.7001953125,14882.5,14777.2001953125,14856.7001953125,14856.7001953125,0,0.0,0.0
2022-08-11,14756.900390625,14813.7001953125,14656.599609375,14756.900390625,14756.900390625,0,0.0,0.0
2022-08-12,14724.2001953125,14761.0,14648.5,14724.2001953125,14724.2001953125,0,0.0,0.0
2022-08-15,14661.0,14776.5,14656.5,14661.0,14661.0,0,0.0,0.0
2022-08-16,14776.400390625,14791.5,14747.0,14776.400390625,14776.400390625,0,0.0,0.0
2022-08-17,14747.099609375,14789.7001953125,14721.900390625,14747.099609375,14747.099609375,0,0.0,0.0
2022-08-18,14764.099609375,14852.2998046875,14754.5,14764.099609375,14764.099609375,0,0.0,0.0
2022-08-19,14845.7001953125,14909.099609375,14819.2001953125,14845.7001953125,14845.7001953125,0,0.0,0.0
2022-08-22,14831.0,14944.099609375,14831.0,14831.0,14831.0,0,0.0,0.0
2022-08-23,14933.5,14935.0,14821.0,14933.5,14933.5,0,0.0,0.0
2022-08-24,14850.0,14874.7001953125,14796.2998046875,14850.0,14850.0,0,0.0,0.0
2022-08-25,14845.0,14845.0,14766.099609375,14845.0,14845.0,0,0.0,0.0
2022-08-26,14773.0,14823.2998046875,14742.5,14773.0,14773.0,0,0.0,0.0
2022-08-29,14811.0,14909.900390625,14811.0,14811.0,14811.0,0,0.0,0.0
2022-08-30,14895.0,14895.0,14812.5703125,14895.0,14895.0,0,0.0,0.0
2022-08-31,14850.0,14869.099609375,14820.7001953125,14850.0,14850.0,0,0.0,0.0
2022-09-01,14855.0,14905.900390625,14836.0,14855.0,14855.0,0,0.0,0.0
2022-09-02,14902.099609375,14910.5,14857.400390625,14902.099609375,14902.099609375,0,0.0,0.0
2022-09-05,14890.0,14939.0,14823.5,14890.0,14890.0,0,0.0,0.0
2022-09-06,14882.2998046875,14915.0,14849.5,14882.2998046875,14882.2998046875,0,0.0,0.0
2022-09-07,14904.0,14961.599609375,14880.0,14904.0,14904.0,0,0.0,0.0
2022-09-08,14865.2998046875,14919.7001953125,14862.0,14865.2998046875,14865.2998046875,0,0.0,0.0
2022-09-09,14892.2998046875,14900.0,14806.400390625,14892.2998046875,14892.2998046875,0,0.0,0.0
2022-09-12,14823.0,14890.099609375,14805.2001953125,14823.0,14823.0,0,0.0,0.0
2022-09-13,14858.7001953125,14948.400390625,14831.2001953125,14858.7001953125,14858.7001953125,0,0.0,0.0
2022-09-14,14954.900390625,14980.7998046875,14868.2998046875,14954.900390625,14954.900390625,0,0.0,0.0
2022-09-15,14915.0,14951.0,14871.099609375,14915.0,14915.0,0,0.0,0.0
2022-09-16,14933.599609375,14997.7998046875,14891.0,14933.599609375,14933.599609375,0,0.0,0.0
2022-09-19,14946.0,15002.900390625,14934.2001953125,14946.0,14946.0,0,0.0,0.0
2022-09-20,14985.7998046875,15043.099609375,14508.7001953125,14985.7998046875,14985.7998046875,0,0.0,0.0
2022-09-21,15008.599609375,15039.0,14908.5,15008.599609375,15008.599609375,0,0.0,0.0
2022-09-22,15019.0,15055.5,14908.2998046875,15019.0,15019.0,0,0.0,0.0
2022-09-23,15026.599609375,15101.5,14957.830078125,15026.599609375,15026.599609375,0,0.0,0.0
2022-09-26,15031.0,15183.400390625,15031.0,15031.0,15031.0,0,0.0,0.0
2022-09-27,15204.0,15213.0,15043.41015625,15204.0,15204.0,0,0.0,0.0
2022-09-28,15167.2001953125,15319.2998046875,15116.0,15167.2001953125,15167.2001953125,0,0.0,0.0
2022-09-29,15175.2998046875,15282.7001953125,15142.099609375,15175.2998046875,15175.2998046875,0,0.0,0.0
2022-09-30,15175.2001953125,15279.099609375,15172.599609375,15175.2001953125,15175.2001953125,0,0.0,0.0
2022-10-03,15221.0,15362.900390625,15221.0,15221.0,15221.0,0,0.0,0.0
2022-10-04,15290.0,15309.5,15175.400390625,15290.0,15290.0,0,0.0,0.0
2022-10-05,15180.0,15245.0,15142.400390625,15180.0,15180.0,0,0.0,0.0
2022-10-06,15206.7001953125,15249.0,15115.099609375,15206.7001953125,15206.7001953125,0,0.0,0.0
2022-10-07,15215.7998046875,15285.5,15181.0,15215.7998046875,15215.7998046875,0,0.0,0.0
2022-10-10,15246.0,15343.0,15172.900390625,15246.0,15246.0,0,0.0,0.0
2022-10-11,15343.0,15374.7998046875,15305.0,15343.0,15343.0,0,0.0,0.0
2022-10-12,15338.5,15390.2001953125,15330.5,15338.5,15338.5,0,0.0,0.0
2022-10-13,15318.599609375,15429.099609375,15265.7001953125,15318.599609375,15318.599609375,0,0.0,0.0
2022-10-14,15364.0,15487.0,15331.599609375,15364.0,15364.0,0,0.0,0.0
2022-10-17,15420.0,15510.7001953125,15420.0,15420.0,15420.0,0,0.0,0.0
2022-10-18,15441.400390625,15492.5,15428.599609375,15441.400390625,15441.400390625,0,0.0,0.0
2022-10-19,15466.2001953125,15536.7998046875,15448.900390625,15466.2001953125,15466.2001953125,0,0.0,0.0
2022-10-20,15620.0,15620.0,15516.5,15620.0,15620.0,0,0.0,0.0
2022-10-21,15562.0,15649.7001953125,15501.099609375,15562.0,15562.0,0,0.0,0.0
2022-10-24,15626.0,15626.0,15528.5,15626.0,15626.0,0,0.0,0.0
2022-10-25,15586.5,15634.0,15510.099609375,15586.5,15586.5,0,0.0,0.0
2022-10-26,15549.0,15616.0,15491.7001953125,15549.0,15549.0,0,0.0,0.0
2022-10-27,15502.7001953125,15587.0,15474.599609375,15502.7001953125,15502.7001953125,0,0.0,0.0
2022-10-28,15554.2001953125,15573.5,15509.7001953125,15554.2001953125,15554.2001953125,0,0.0,0.0
2022-10-31,15549.2001953125,15656.7998046875,15545.0,15549.2001953125,15549.2001953125,0,0.0,0.0
2022-11-01,15649.0,15656.2001953125,15591.0,15649.0,15649.0,0,0.0,0.0
2022-11-02,15690.0,15690.0,15607.7998046875,15690.0,15690.0,0,0.0,0.0
2022-11-03,15696.0,15800.5,15630.900390625,15696.0,15696.0,0,0.0,0.0
2022-11-04,15780.0,15780.0,15591.7998046875,15780.0,15780.0,0,0.0,0.0
2022-11-07,15609.5,15731.0,15578.0,15609.5,15609.5,0,0.0,0.0
2022-11-08,15675.0,15721.0,15572.599609375,15675.0,15675.0,0,0.0,0.0
2022-11-09,15645.0,15691.0,15601.5,15645.0,15645.0,0,0.0,0.0
2022-11-10,15671.5,15714.5,15518.900390625,15671.5,15671.5,0,0.0,0.0
2022-11-11,15500.0,15570.7998046875,15280.2001953125,15500.0,15500.0,0,0.0,0.0
2022-11-14,15473.900390625,15591.099609375,15424.2998046875,15473.900390625,15473.900390625,0,0.0,0.0
2022-11-15,15530.099609375,15586.2001953125,15494.0,15530.099609375,15530.099609375,0,0.0,0.0
2022-11-16,15557.0,15637.0,15531.0,15557.0,15557.0,0,0.0,0.0
2022-11-17,15655.0,15757.099609375,15596.0,15655.0,15655.0,0,0.0,0.0
2022-11-18,15720.0,15720.0,15640.099609375,15720.0,15720.0,0,0.0,0.0
2022-11-21,15629.400390625,15736.0,15664.2001953125,15629.400390625,15629.400390625,0,0.0,0.0
2022-11-22,15755.0,15756.2998046875,15660.7998046875,15755.0,15755.0,0,0.0,0.0
2022-11-23,15671.0,15705.900390625,15590.7998046875,15671.0,15671.0,0,0.0,0.0
2022-11-24,15619.599609375,15680.0,15616.400390625,15619.599609375,15619.599609375,0,0.0,0.0
2022-11-25,15605.0,15721.7998046875,15605.0,15605.0,15605.0,0,0.0,0.0
2022-11-28,15675.099609375,15745.599609375,15666.0,15675.099609375,15675.099609375,0,0.0,0.0
2022-11-29,15746.0,15748.599609375,15702.400390625,15746.0,15746.0,0,0.0,0.0
2022-11-30,15726.5,15743.7001953125,15661.5,15726.5,15726.5,0,0.0,0.0
2022-12-01,15634.5,15644.099609375,15384.7001953125,15634.5,15634.5,0,0.0,0.0
2022-12-02,15355.5,15450.2001953125,15286.0,15355.5,15355.5,0,0.0,0.0
2022-12-05,15421.0,15472.2001953125,15327.2998046875,15421.0,15421.0,0,0.0,0.0
2022-12-06,15520.2998046875,15667.900390625,15461.0,15520.2998046875,15520.2998046875,0,0.0,0.0
2022-12-07,15623.0,15655.2998046875,15531.0,15623.0,15623.0,0,0.0,0.0
2022-12-08,15596.0,15637.599609375,15566.5,15596.0,15596.0,0,0.0,0.0
2022-12-09,15590.0,15614.0,15459.0,15590.0,15590.0,0,0.0,0.0
2022-12-12,15582.0,15678.7001953125,15576.0,15582.0,15582.0,0,0.0,0.0
2022-12-13,15676.2998046875,15685.5,15503.5,15676.2998046875,15676.2998046875,0,0.0,0.0
2022-12-14,15554.7001953125,15647.7001953125,15545.0,15554.7001953125,15554.7001953125,0,0.0,0.0
2022-12-15,15481.0,15673.0,15481.0,15481.0,15481.0,0,0.0,0.0
2022-12-16,15626.0,15640.5,15579.7998046875,15626.0,15626.0,0,0.0,0.0
2022-12-19,15615.900390625,15621.0,15539.5,15615.900390625,15615.900390625,0,0.0,0.0
2022-12-20,15567.5,15649.2998046875,15508.2001953125,15567.5,15567.5,0,0.0,0.0
2022-12-21,15556.0,15633.0,15512.400390625,15556.0,15556.0,0,0.0,0.0
2022-12-22,15513.0,15591.2998046875,15500.0,15513.0,15513.0,0,0.0,0.0
2022-12-23,15563.0,15606.0,15559.2998046875,15563.0,15563.0,0,0.0,0.0
2022-12-26,15565.900390625,15637.5,15554.2998046875,15565.900390625,15565.900390625,0,0.0,0.0
2022-12-27,15607.0,15687.2998046875,15600.2998046875,15607.0,15607.0,0,0.0,0.0
2022-12-28,15617.5,15795.2998046875,15615.0,15617.5,15617.5,0,0.0,0.0
2022-12-29,15789.0,15789.0,15598.099609375,15789.0,15789.0,0,0.0,0.0
2022-12-30,15620.0,15651.0,15371.400390625,15620.0,15620.0,0,0.0,0.0
2023-01-02,15508.7998046875,15588.7001953125,15463.900390625,15508.7998046875,15508.7998046875,0,0.0,0.0
2023-01-03,15550.0,15638.7998046875,15514.900390625,15550.0,15550.0,0,0.0,0.0
2023-01-04,15571.7998046875,15627.5,15553.5,15571.7998046875,15571.7998046875,0,0.0,0.0
2023-01-05,15560.0,15640.900390625,15558.5,15560.0,15560.0,0,0.0,0.0
2023-01-06,15620.0,15692.099609375,15558.099609375,15620.0,15620.0,0,0.0,0.0
2023-01-09,15602.2998046875,15626.0,15545.7998046875,15602.2998046875,15602.2998046875,0,0.0,0.0
2023-01-10,15580.0,15606.5,15516.5,15580.0,15580.0,0,0.0,0.0
2023-01-11,15528.900390625,15576.400390625,15429.5,15528.900390625,15528.900390625,0,0.0,0.0
2023-01-12,15414.0,15476.0,15145.900390625,15414.0,15414.0,0,0.0,0.0
2023-01-13,15172.0,15231.5,15106.900390625,15172.0,15172.0,0,0.0,0.0
2023-01-16,15114.7998046875,15138.0,14974.2001953125,15114.7998046875,15114.7998046875,0,0.0,0.0
2023-01-17,15082.0,15206.5,15067.0,15082.0,15082.0,0,0.0,0.0
2023-01-18,15162.0,15192.2001953125,15010.7998046875,15162.0,15162.0,0,0.0,0.0
2023-01-19,15096.0,15193.599609375,15081.0,15096.0,15096.0,0,0.0,0.0
2023-01-20,15141.0,15164.7001953125,15022.2998046875,15141.0,15141.0,0,0.0,0.0
2023-01-23,15055.900390625,15068.0,14969.599609375,15055.900390625,15055.900390625,0,0.0,0.0
2023-01-24,15007.0,15068.0,14857.400390625,15007.0,15007.0,0,0.0,0.0
2023-01-25,14955.5,14993.7001953125,14881.0,14955.5,14955.5,0,0.0,0.0
2023-01-26,14938.7001953125,14981.599609375,14926.0,14938.7001953125,14938.7001953125,0,0.0,0.0
2023-01-27,14942.5,14993.5,14937.0,14942.5,14942.5,0,0.0,0.0
2023-01-30,14970.400390625,14995.900390625,14956.2998046875,14970.400390625,14970.400390625,0,0.0,0.0
2023-01-31,14995.0,15059.0,14963.0,14995.0,14995.0,0,0.0,0.0
2023-02-01,14990.7001953125,15017.5,14943.5,14990.7001953125,14990.7001953125,0,0.0,0.0
2023-02-02,14855.0,14911.5,14824.7998046875,14855.0,14855.0,0,0.0,0.0
2023-02-03,14881.0,15048.0,14848.099609375,14881.0,14881.0,0,0.0,0.0
2023-02-06,15078.7998046875,15231.900390625,14886.0,15078.7998046875,15078.7998046875,0,0.0,0.0
2023-02-07,15200.0,15202.0,15095.7998046875,15200.0,15200.0,0,0.0,0.0
2023-02-08,15147.0,15151.2998046875,15079.599609375,15147.0,15147.0,0,0.0,0.0
2023-02-09,15117.0,15141.5,15078.0,15117.0,15117.0,0,0.0,0.0
2023-02-10,15140.0,15227.900390625,15114.0,15140.0,15140.0,0,0.0,0.0
2023-02-13,15182.2001953125,15253.099609375,15178.0,15182.2001953125,15182.2001953125,0,0.0,0.0
2023-02-14,15211.0,15221.0,15096.2998046875,15211.0,15211.0,0,0.0,0.0
2023-02-15,15179.0,15264.099609375,15156.0,15179.0,15179.0,0,0.0,0.0
2023-02-16,15210.0,15210.0,15089.7001953125,15210.0,15210.0,0,0.0,0.0
2023-02-17,15142.0,15235.900390625,15137.0,15142.0,15142.0,0,0.0,0.0
2023-02-20,15159.0,15184.7998046875,15129.7998046875,15159.0,15159.0,0,0.0,0.0
2023-02-21,15162.5,15221.0,15139.900390625,15162.5,15162.5,0,0.0,0.0
2023-02-22,15233.0,15235.099609375,15173.0,15233.0,15233.0,0,0.0,0.0
2023-02-23,15192.0,15223.7998046875,15157.7998046875,15192.0,15192.0,0,0.0,0.0
2023-02-24,15210.0,15273.7998046875,15188.5,15210.0,15210.0,0,0.0,0.0
2023-02-27,15257.7001953125,15286.5,15216.599609375,15257.7001953125,15257.7001953125,0,0.0,0.0
2023-02-28,15209.0,15285.599609375,15203.5,15209.0,15209.0,0,0.0,0.0
2023-03-01,15240.0,15271.5,15212.0,15240.0,15240.0,0,0.0,0.0
2023-03-02,15243.0,15333.2998046875,15232.5,15243.0,15243.0,0,0.0,0.0
2023-03-03,15322.0,15342.099609375,15267.0,15322.0,15322.0,0,0.0,0.0
2023-03-06,15255.099609375,15346.2001953125,15283.0,15255.099609375,15255.099609375,0,0.0,0.0
2023-03-07,15352.0,15417.0,15329.5,15352.0,15352.0,0,0.0,0.0
2023-03-08,15437.0,15468.5,15401.2001953125,15437.0,15437.0,0,0.0,0.0
2023-03-09,15450.0,15469.5,15419.0,15450.0,15450.0,0,0.0,0.0
2023-03-10,15489.0,15505.099609375,15427.0,15489.0,15489.0,0,0.0,0.0
2023-03-13,15472.599609375,15465.5,15345.900390625,15472.599609375,15472.599609375,0,0.0,0.0
2023-03-14,15409.0,15410.0,15345.0,15409.0,15409.0,0,0.0,0.0
2023-03-15,15372.0,15504.0,15336.0,15372.0,15372.0,0,0.0,0.0
2023-03-16,15479.0,15480.0,15367.900390625,15479.0,15479.0,0,0.0,0.0
2023-03-17,15422.0,15422.0,15338.0,15422.0,15422.0,0,0.0,0.0
2023-03-20,15368.5,15391.7998046875,15334.0,15368.5,15368.5,0,0.0,0.0
2023-03-21,15340.0,15354.5,15284.0,15340.0,15340.0,0,0.0,0.0
2023-03-22,15294.0,15308.5,15239.0,15294.0,15294.0,0,0.0,0.0
2023-03-23,15251.0,15256.0,15031.7001953125,15251.0,15251.0,0,0.0,0.0
2023-03-24,15047.0,15213.2998046875,15054.900390625,15047.0,15047.0,0,0.0,0.0
2023-03-27,15148.0,15194.0,15107.0,15148.0,15148.0,0,0.0,0.0
2023-03-28,15107.5,15111.5,15046.0,15107.5,15107.5,0,0.0,0.0
2023-03-29,15061.0,15102.7998046875,15033.0,15061.0,15061.0,0,0.0,0.0
2023-03-30,15031.5,15081.0,15017.0,15031.5,15031.5,0,0.0,0.0
2023-03-31,15020.0,15024.2998046875,14838.0,15020.0,15020.0,0,0.0,0.0
2023-04-03,14988.0,15014.0,14848.599609375,14988.0,14988.0,0,0.0,0.0
2023-04-04,14915.0,14947.2001953125,14854.7001953125,14915.0,14915.0,0,0.0,0.0
2023-04-05,14958.0,14972.7998046875,14896.0,14958.0,14958.0,0,0.0,0.0
2023-04-06,14956.0,14969.0,14908.0,14956.0,14956.0,0,0.0,0.0
2023-04-07,14932.0,14947.0,14908.0,14932.0,14932.0,0,0.0,0.0
2023-04-10,14906.0,14960.7998046875,14892.0,14906.0,14906.0,0,0.0,0.0
2023-04-11,14955.0,14956.0,14870.0,14955.0,14955.0,0,0.0,0.0
2023-04-12,14913.0,14925.0,14800.2001953125,14913.0,14913.0,0,0.0,0.0
2023-04-13,14823.5,14840.7998046875,14678.7998046875,14823.5,14823.5,0,0.0,0.0
2023-04-14,14720.0,14792.0,14638.0,14720.0,14720.0,0,0.0,0.0
2023-04-17,14693.0,14891.900390625,14693.0,14693.0,14693.0,0,0.0,0.0
2023-04-18,14860.0,14902.400390625,14799.0,14860.0,14860.0,0,0.0,0.0
2023-04-19,14890.0,15022.7001953125,14837.099609375,14890.0,14890.0,0,0.0,0.0
2023-04-20,15006.0,15006.0,14913.0,15006.0,15006.0,0,0.0,0.0
2023-04-21,14946.0,14982.5,14918.2998046875,14946.0,14946.0,0,0.0,0.0
2023-04-24,14838.0,14984.7998046875,14838.0,14838.0,14838.0,0,0.0,0.0
2023-04-25,14945.0,14954.599609375,14908.0,14945.0,14945.0,0,0.0,0.0
2023-04-26,14935.0,14949.0,14809.0,14935.0,14935.0,0,0.0,0.0
2023-04-27,14841.5,14845.5,14684.2001953125,14841.5,14841.5,0,0.0,0.0
2023-04-28,14684.0,14703.099609375,14627.900390625,14684.0,14684.0,0,0.0,0.0
2023-05-01,14663.0,14682.5,14631.0,14663.0,14663.0,0,0.0,0.0
2023-05-02,14671.5,14748.2998046875,14628.2001953125,14671.5,14671.5,0,0.0,0.0
2023-05-03,14752.5,14753.0,14660.0,14752.5,14752.5,0,0.0,0.0
2023-05-04,14680.5,14754.599609375,14570.0,14680.5,14680.5,0,0.0,0.0
2023-05-05,14700.0,14711.2001953125,14632.0,14700.0,14700.0,0,0.0,0.0
2023-05-08,14668.0,14742.0,14667.099609375,14668.0,14668.0,0,0.0,0.0
2023-05-09,14750.0,14772.7998046875,14722.0,14750.0,14750.0,0,0.0,0.0
2023-05-10,14767.0,14769.0,14657.0,14767.0,14767.0,0,0.0,0.0
2023-05-11,14691.0,14766.0,14673.5,14691.0,14691.0,0,0.0,0.0
2023-05-12,14770.5,14851.7001953125,14730.0,14770.5,14770.5,0,0.0,0.0
2023-05-15,14743.0,14828.599609375,14743.0,14743.0,14743.0,0,0.0,0.0
2023-05-16,14795.0,14864.2998046875,14767.0,14795.0,14795.0,0,0.0,0.0
2023-05-17,14885.0,14903.2998046875,14844.7998046875,14885.0,14885.0,0,0.0,0.0
2023-05-18,14876.5,14915.0,14833.2998046875,14876.5,14876.5,0,0.0,0.0
2023-05-19,14916.0,14976.0,14876.0,14916.0,14916.0,0,0.0,0.0
2023-05-22,14918.0,14920.0,14860.0,14918.0,14918.0,0,0.0,0.0
2023-05-23,14886.0,14910.7998046875,14842.0,14886.0,14886.0,0,0.0,0.0
2023-05-24,14895.0,14935.7001953125,14867.2001953125,14895.0,14895.0,0,0.0,0.0
2023-05-25,14945.900390625,14968.2001953125,14911.7998046875,14945.900390625,14945.900390625,0,0.0,0.0
2023-05-26,14970.0,14997.400390625,14921.7998046875,14970.0,14970.0,0,0.0,0.0
2023-05-29,14948.0,14980.2998046875,14940.099609375,14948.0,14948.0,0,0.0,0.0
2023-05-30,14960.0,15018.599609375,14924.7998046875,14960.0,14960.0,0,0.0,0.0
2023-05-31,14979.0,15018.400390625,14959.0,14979.0,14979.0,0,0.0,0.0
2023-06-01,14984.0,14985.0,14893.0,14984.0,14984.0,0,0.0,0.0
2023-06-02,14907.0,14913.0,14754.0,14907.0,14907.0,0,0.0,0.0
2023-06-05,14983.0,14983.0,13636.599609375,14983.0,14983.0,0,0.0,0.0
2023-06-06,14849.5,14892.099609375,14812.7998046875,14849.5,14849.5,0,0.0,0.0
2023-06-07,14872.0,14891.5,14813.0,14872.0,14872.0,0,0.0,0.0
2023-06-08,14889.0,14904.7998046875,14819.5,14889.0,14889.0,0,0.0,0.0
2023-06-09,14836.0,14871.7998046875,14818.0,14836.0,14836.0,0,0.0,0.0
2023-06-12,14833.0,14901.099609375,14833.0,14833.0,14833.0,0,0.0,0.0
2023-06-13,14871.5,14885.5,14807.0,14871.5,14871.5,0,0.0,0.0
2023-06-14,14869.0,14926.7001953125,14829.400390625,14869.0,14869.0,0,0.0,0.0
2023-06-15,14909.0,14984.7998046875,14887.5,14909.0,14909.0,0,0.0,0.0
2023-06-16,14897.0,14964.900390625,14898.0,14897.0,14897.0,0,0.0,0.0
2023-06-19,14928.0,15006.7001953125,14928.0,14928.0,14928.0,0,0.0,0.0
2023-06-20,15008.0,15063.099609375,14992.7998046875,15008.0,15008.0,0,0.0,0.0
2023-06-21,15016.0,15036.400390625,14915.0,15016.0,15016.0,0,0.0,0.0
2023-06-22,14943.0,14973.7001953125,14885.0,14943.0,14943.0,0,0.0,0.0
2023-06-23,14935.0,15056.0,14902.0,14935.0,14935.0,0,0.0,0.0
2023-06-26,14987.0,15062.5,14987.0,14987.0,14987.0,0,0.0,0.0
2023-06-27,15039.0,15050.7001953125,14940.0,15039.0,15039.0,0,0.0,0.0
2023-06-28,14982.5,15020.900390625,14951.400390625,14982.5,14982.5,0,0.0,0.0
2023-06-29,14981.0,15080.400390625,14980.0,14981.0,14981.0,0,0.0,0.0
2023-06-30,15064.0,15084.099609375,15014.0,15064.0,15064.0,0,0.0,0.0
2023-07-03,14986.0,15071.599609375,14986.0,14986.0,14986.0,0,0.0,0.0
2023-07-04,15056.0,15056.0,14983.0,15056.0,15056.0,0,0.0,0.0
2023-07-05,15010.0,15076.400390625,14993.0,15010.0,15010.0,0,0.0,0.0
2023-07-06,15077.0,15202.0,15039.0,15077.0,15077.0,0,0.0,0.0
2023-07-07,15189.2998046875,15193.2001953125,15115.5,15189.2998046875,15189.2998046875,0,0.0,0.0
2023-07-10,15128.0,15248.099609375,15128.0,15128.0,15128.0,0,0.0,0.0
2023-07-11,15216.0,15217.0,15132.0,15216.0,15216.0,0,0.0,0.0
2023-07-12,15156.7998046875,15158.2998046875,14506.5,15156.7998046875,15156.7998046875,0,0.0,0.0
2023-07-13,14928.0,15001.099609375,14920.900390625,14928.0,14928.0,0,0.0,0.0
2023-07-14,14954.0,14989.7001953125,13082.0,14954.0,14954.0,0,0.0,0.0
2023-07-17,14951.0,15025.400390625,14886.2001953125,14951.0,14951.0,0,0.0,0.0
2023-07-18,14982.5,15000.5,14954.5,14982.5,14982.5,0,0.0,0.0
2023-07-19,14986.0,15026.099609375,14954.599609375,14986.0,14986.0,0,0.0,0.0
2023-07-20,14992.0,15057.2998046875,14953.7998046875,14992.0,14992.0,0,0.0,0.0
2023-07-21,15051.5,15051.099609375,14986.0,15051.5,15051.5,0,0.0,0.0
2023-07-24,15018.0,15055.599609375,15000.0,15018.0,15018.0,0,0.0,0.0
2023-07-25,15021.5,15042.2001953125,14978.0,15021.5,15021.5,0,0.0,0.0
2023-07-26,15032.0,15062.7998046875,14990.0,15032.0,15032.0,0,0.0,0.0
2023-07-27,15007.0,15060.7998046875,14978.0,15007.0,15007.0,0,0.0,0.0
2023-07-28,15095.0,15132.0,15031.900390625,15095.0,15095.0,0,0.0,0.0
2023-07-31,15088.0,15107.7001953125,15053.7998046875,15088.0,15088.0,0,0.0,0.0
2023-08-01,15104.0,15147.400390625,15084.5,15104.0,15104.0,0,0.0,0.0
2023-08-02,15131.0,15206.400390625,15117.0,15131.0,15131.0,0,0.0,0.0
2023-08-03,15220.0,15221.7998046875,15126.0,15220.0,15220.0,0,0.0,0.0
2023-08-04,15161.0,15194.7001953125,15093.0,15161.0,15161.0,0,0.0,0.0
2023-08-07,15163.0,15209.099609375,15129.5,15163.0,15163.0,0,0.0,0.0
2023-08-08,15232.0,15245.2998046875,15193.0,15232.0,15232.0,0,0.0,0.0
2023-08-09,15207.2001953125,15209.0,15151.7001953125,15207.2001953125,15207.2001953125,0,0.0,0.0
2023-08-10,15207.0,15209.900390625,15116.5,15207.0,15207.0,0,0.0,0.0
2023-08-11,15259.0,15308.099609375,15198.0,15259.0,15259.0,0,0.0,0.0
2023-08-14,15317.0,15353.099609375,15279.7998046875,15317.0,15317.0,0,0.0,0.0
2023-08-15,15347.0,15357.2998046875,15147.7998046875,15347.0,15347.0,0,0.0,0.0
2023-08-16,15311.5,15347.400390625,15269.099609375,15311.5,15311.5,0,0.0,0.0
2023-08-17,15362.0,15389.0,15325.0,15362.0,15362.0,0,0.0,0.0
2023-08-18,15362.5,15373.900390625,15281.599609375,15362.5,15362.5,0,0.0,0.0
2023-08-21,15278.0,15331.900390625,15278.0,15278.0,15278.0,0,0.0,0.0
2023-08-22,15318.900390625,15322.0,15308.0,15318.900390625,15318.900390625,0,0.0,0.0
2023-08-23,15317.0,15322.0,15291.0,15317.0,15317.0,0,0.0,0.0
2023-08-24,15294.099609375,15294.099609375,15233.0,15294.099609375,15294.099609375,0,0.0,0.0
2023-08-25,15239.0,15298.0,15239.0,15239.0,15239.0,0,0.0,0.0
2023-08-28,15288.0,15304.7001953125,15238.0,15288.0,15288.0,0,0.0,0.0
2023-08-29,15255.5,15274.2998046875,15186.0,15255.5,15255.5,0,0.0,0.0
2023-08-30,15196.5,15248.7998046875,15126.7001953125,15196.5,15196.5,0,0.0,0.0
2023-08-31,15216.0,15261.7001953125,15178.400390625,15216.0,15216.0,0,0.0,0.0
2023-09-01,15231.0,15266.400390625,15046.7998046875,15231.0,15231.0,0,0.0,0.0
2023-09-04,15233.0,15249.0,15185.0,15233.0,15233.0,0,0.0,0.0
2023-09-05,15227.0,15293.2001953125,15216.400390625,15227.0,15227.0,0,0.0,0.0
2023-09-06,15298.0,15343.2998046875,15282.2001953125,15298.0,15298.0,0,0.0,0.0
2023-09-07,15336.0,15347.0,15311.0,15336.0,15336.0,0,0.0,0.0
2023-09-08,15342.0,15368.2998046875,15319.0,15342.0,15342.0,0,0.0,0.0
2023-09-11,15318.0,15370.5,15318.0,15318.0,15318.0,0,0.0,0.0
2023-09-12,15339.099609375,15372.7998046875,15323.0,15339.099609375,15339.099609375,0,0.0,0.0
2023-09-13,15350.2001953125,15386.7998046875,15336.099609375,15350.2001953125,15350.2001953125,0,0.0,0.0
2023-09-14,15353.0,15384.5,15335.7001953125,15353.0,15353.0,0,0.0,0.0
2023-09-15,15395.0,15397.0,15344.0,15395.0,15395.0,0,0.0,0.0
2023-09-18,15346.0,15382.0,15339.0,15346.0,15346.0,0,0.0,0.0
2023-09-19,15377.0,15389.599609375,15357.2001953125,15377.0,15377.0,0,0.0,0.0
2023-09-20,15384.5,15395.599609375,15316.0,15384.5,15384.5,0,0.0,0.0
2023-09-21,15361.0,15404.7001953125,15324.2998046875,15361.0,15361.0,0,0.0,0.0
2023-09-22,15400.5,15401.0,15353.0,15400.5,15400.5,0,0.0,0.0
2023-09-25,15368.0,15415.2001953125,15352.0,15368.0,15368.0,0,0.0,0.0
2023-09-26,15405.0,15507.0,15395.599609375,15405.0,15405.0,0,0.0,0.0
2023-09-27,15493.0,15559.2998046875,15452.099609375,15493.0,15493.0,0,0.0,0.0
2023-09-28,15569.0,15597.5,15413.0,15569.0,15569.0,0,0.0,0.0
2023-09-29,15474.0,15506.0,15443.599609375,15474.0,15474.0,0,0.0,0.0
2023-10-02,15448.0,15578.599609375,15395.7998046875,15448.0,15448.0,0,0.0,0.0
2023-10-03,15516.0,15614.900390625,15508.7001953125,15516.0,15516.0,0,0.0,0.0
2023-10-04,15622.0,15646.400390625,15068.0,15622.0,15622.0,0,0.0,0.0
2023-10-05,15591.0,15642.0,15562.5,15591.0,15591.0,0,0.0,0.0
2023-10-06,15631.0,15699.7001953125,15535.2998046875,15631.0,15631.0,0,0.0,0.0
2023-10-09,15603.0,15717.0,15546.099609375,15603.0,15603.0,0,0.0,0.0
2023-10-10,15691.400390625,15759.7001953125,15657.0,15691.400390625,15691.400390625,0,0.0,0.0
2023-10-11,15718.5,15730.099609375,15650.0,15718.5,15718.5,0,0.0,0.0
2023-10-12,15693.0,15726.5,15632.099609375,15693.0,15693.0,0,0.0,0.0
2023-10-13,15739.0,15744.0,15669.0,15739.0,15739.0,0,0.0,0.0
2023-10-16,15676.0,15731.7998046875,15676.0,15676.0,15676.0,0,0.0,0.0
2023-10-17,15675.0,15739.0,15667.0,15675.0,15675.0,0,0.0,0.0
2023-10-18,15728.2001953125,15811.7001953125,15705.0,15728.2001953125,15728.2001953125,0,0.0,0.0
2023-10-19,15807.0,15869.0,15760.0,15807.0,15807.0,0,0.0,0.0
2023-10-20,15856.0,15889.5,15806.7998046875,15856.0,15856.0,0,0.0,0.0
2023-10-23,15868.0,15972.7001953125,15810.599609375,15868.0,15868.0,0,0.0,0.0
2023-10-24,15874.0,15902.0,15825.5,15874.0,15874.0,0,0.0,0.0
2023-10-25,15868.0,15892.2001953125,15832.400390625,15868.0,15868.0,0,0.0,0.0
2023-10-26,15877.5,15938.099609375,15874.0,15877.5,15877.5,0,0.0,0.0
2023-10-27,15920.0,15955.5,15874.0,15920.0,15920.0,0,0.0,0.0
2023-10-30,15903.5,15933.0,15843.099609375,15903.5,15903.5,0,0.0,0.0
2023-10-31,15843.0,15940.2001953125,15842.0,15843.0,15843.0,0,0.0,0.0
2023-11-01,15748.7001953125,15969.2998046875,15745.0,15748.7001953125,15748.7001953125,0,0.0,0.0
2023-11-02,15900.0,15900.0,15764.099609375,15900.0,15900.0,0,0.0,0.0
2023-11-03,15838.0,15847.0,15567.400390625,15838.0,15838.0,0,0.0,0.0
2023-11-06,15582.099609375,15624.0,15445.0,15582.099609375,15582.099609375,0,0.0,0.0
2023-11-07,15570.0,15677.5,15539.900390625,15570.0,15570.0,0,0.0,0.0
2023-11-08,15643.599609375,15700.2001953125,15587.0,15643.599609375,15643.599609375,0,0.0,0.0
2023-11-09,15616.0,15679.099609375,15595.7001953125,15616.0,15616.0,0,0.0,0.0
2023-11-10,15713.7001953125,15718.5,15651.5,15713.7001953125,15713.7001953125,0,0.0,0.0
2023-11-13,15683.0,15720.099609375,15678.599609375,15683.0,15683.0,0,0.0,0.0
2023-11-14,15667.0,15712.7001953125,15289.5,15667.0,15667.0,0,0.0,0.0
2023-11-15,15281.0,15550.400390625,15281.0,15281.0,15281.0,0,0.0,0.0
2023-11-16,15487.7998046875,15620.5,15478.5,15487.7998046875,15487.7998046875,0,0.0,0.0
2023-11-17,15475.0,15529.2998046875,15322.7998046875,15475.0,15475.0,0,0.0,0.0
2023-11-20,15399.400390625,15454.099609375,15329.0,15399.400390625,15399.400390625,0,0.0,0.0
2023-11-21,15382.099609375,15535.900390625,15230.0,15382.099609375,15382.099609375,0,0.0,0.0
2023-11-22,15501.2998046875,15641.0,15487.099609375,15501.2998046875,15501.2998046875,0,0.0,0.0
2023-11-23,15612.7998046875,15650.0,15470.5,15612.7998046875,15612.7998046875,0,0.0,0.0
2023-11-24,15495.0,15605.2998046875,15328.7998046875,15495.0,15495.0,0,0.0,0.0
2023-11-27,15530.0,15555.0,15460.599609375,15560.0,15560.0,0,0.0,0.0
2023-11-28,15466.5,15490.0,15337.2998046875,15466.5,15466.5,0,0.0,0.0
2023-11-29,15259.0,15456.0,15365.0,15259.0,15259.0,0,0.0,0.0
2023-11-30,15407.0,15557.2998046875,15157.400390625,15407.0,15407.0,0,0.0,0.0
2023-12-01,15549.2998046875,15549.2998046875,15384.900390625,15549.2998046875,15549.2998046875,0,0.0,0.0
2023-12-04,15437.400390625,15504.5,15417.2001953125,15437.400390625,15437.400390625,0,0.0,0.0
2023-12-05,15519.900390625,15519.900390625,15234.2001953125,15519.900390625,15519.900390625,0,0.0,0.0
2023-12-06,15457.0,15533.099609375,15423.7998046875,15457.0,15457.0,0,0.0,0.0
2023-12-07,15480.0,15556.900390625,15478.2001953125,15480.0,15480.0,0,0.0,0.0
2023-12-08,15500.0,15558.0,14982.0,15500.0,15500.0,0,0.0,0.0
2023-12-11,15560.2001953125,15672.099609375,15435.900390625,15560.2001953125,15560.2001953125,0,0.0,0.0
2023-12-12,15647.0,15650.2998046875,15448.5,15647.0,15647.0,0,0.0,0.0
2023-12-13,15569.0,15679.0,15566.599609375,15569.0,15569.0,0,0.0,0.0
2023-12-14,15275.0,15528.900390625,15275.0,15275.0,15275.0,0,0.0,0.0
2023-12-15,15468.0,15595.0,15428.2998046875,15468.0,15468.0,0,0.0,0.0
2023-12-18,15282.7998046875,15569.900390625,15433.2998046875,15282.7998046875,15282.7998046875,0,0.0,0.0
2023-12-19,15454.400390625,15525.2998046875,15400.0,15454.400390625,15454.400390625,0,0.0,0.0
2023-12-20,15455.0,15532.0,15449.7998046875,15455.0,15455.0,0,0.0,0.0
2023-12-21,15518.0,15540.7001953125,15369.7001953125,15518.0,15518.0,0,0.0,0.0
2023-12-22,15440.0,15515.0,14610.0,15440.0,15440.0,0,0.0,0.0
2023-12-25,15409.2001953125,15460.0,15460.0,15409.2001953125,15409.2001953125,0,0.0,0.0
2023-12-26,15460.0,15460.0,15398.5,15460.0,15460.0,0,0.0,0.0
2023-12-27,15400.0,15434.0,15347.400390625,15400.0,15400.0,0,0.0,0.0
2023-12-28,15373.0,15443.0,15369.2001953125,15373.0,15373.0,0,0.0,0.0
2023-12-29,15425.0,15536.5,14416.5,15425.0,15425.0,0,0.0,0.0
2024-01-01,15383.099609375,15383.0,15383.0,15383.099609375,15383.099609375,0,0.0,0.0
2024-01-02,15383.0,15543.0,15350.900390625,15383.0,15383.0,0,0.0,0.0
2024-01-03,15498.0,15572.2998046875,15401.7998046875,15498.0,15498.0,0,0.0,0.0
2024-01-04,15555.0,15555.0,15476.099609375,15555.0,15555.0,0,0.0,0.0
2024-01-05,15511.0,15553.0,14379.7998046875,15511.0,15511.0,0,0.0,0.0
2024-01-08,15477.5,15546.7001953125,15473.400390625,15477.5,15477.5,0,0.0,0.0
2024-01-09,15495.5,15553.7998046875,15478.7001953125,15495.5,15495.5,0,0.0,0.0
2024-01-10,15534.5,15587.400390625,15526.7001953125,15534.5,15534.5,0,0.0,0.0
2024-01-11,15555.0,15618.0,15483.900390625,15555.0,15555.0,0,0.0,0.0
2024-01-12,15556.5,15582.0,15505.0,15556.5,15556.5,0,0.0,0.0
2024-01-15,15503.2001953125,15566.7998046875,15537.0,15503.2001953125,15503.2001953125,0,0.0,0.0
2024-01-16,15546.0,15634.0,15539.2998046875,15546.0,15546.0,0,0.0,0.0
2024-01-17,15625.0,15656.2998046875,15598.0,15625.0,15625.0,0,0.0,0.0
2024-01-18,15624.0,15643.2998046875,15592.2998046875,15624.0,15624.0,0,0.0,0.0
2024-01-19,15613.099609375,15639.900390625,15582.0,15613.099609375,15613.099609375,0,0.0,0.0
2024-01-22,15601.0,15679.7001953125,15585.099609375,15601.0,15601.0,0,0.0,0.0
2024-01-23,15655.5,15727.7998046875,15625.599609375,15655.5,15655.5,0,0.0,0.0
2024-01-24,15715.0,15734.7998046875,15651.0,15715.0,15715.0,0,0.0,0.0
2024-01-25,15714.5,15876.5,15403.2998046875,15714.5,15714.5,0,0.0,0.0
2024-01-26,15808.0,15844.2998046875,15729.099609375,15808.0,15808.0,0,0.0,0.0
2024-01-29,15767.599609375,15833.599609375,15768.0,15767.599609375,15767.599609375,0,0.0,0.0
2024-01-30,15828.0,15830.0,15759.0,15828.0,15828.0,0,0.0,0.0
2024-01-31,15785.0,15813.2998046875,15726.0,15785.0,15785.0,0,0.0,0.0
2024-02-01,15769.0,15793.2001953125,15705.599609375,15769.0,15769.0,0,0.0,0.0
2024-02-02,15726.0,15754.0,15519.599609375,15726.0,15726.0,0,0.0,0.0
2024-02-05,15727.2001953125,15791.0,15676.7998046875,15727.2001953125,15727.2001953125,0,0.0,0.0
2024-02-06,15711.5,15774.7001953125,15693.5,15711.5,15711.5,0,0.0,0.0
2024-02-07,15733.0,15740.0,15608.0,15733.0,15733.0,0,0.0,0.0
2024-02-08,15647.0,15676.0,15607.0,15647.0,15647.0,0,0.0,0.0
2024-02-09,15660.2998046875,15661.2998046875,15583.2998046875,15660.2998046875,15660.2998046875,0,0.0,0.0
2024-02-12,15598.0,15629.2001953125,15541.7001953125,15598.0,15598.0,0,0.0,0.0
2024-02-13,15579.5,15687.0,15278.599609375,15579.5,15579.5,0,0.0,0.0
2024-02-14,15661.5,15712.599609375,15564.0,15661.5,15661.5,0,0.0,0.0
2024-02-15,15553.099609375,15651.2998046875,15544.0,15553.099609375,15553.099609375,0,0.0,0.0
2024-02-16,15672.0,15683.0,15578.0,15672.0,15672.0,0,0.0,0.0
2024-02-19,15628.599609375,15646.5,15613.0,15628.599609375,15628.599609375,0,0.0,0.0
2024-02-20,15634.0,15670.099609375,15620.2998046875,15634.0,15634.0,0,0.0,0.0
2024-02-21,15661.0,15682.099609375,15611.0,15661.0,15661.0,0,0.0,0.0
2024-02-22,15642.0,15660.400390625,15562.0,15642.0,15642.0,0,0.0,0.0
2024-02-23,15588.0,15631.0,15568.0,15588.0,15588.0,0,0.0,0.0
2024-02-26,15586.099609375,15660.0,15587.0,15586.099609375,15586.099609375,0,0.0,0.0
2024-02-27,15638.5,15663.900390625,15625.0,15638.5,15638.5,0,0.0,0.0
2024-02-28,15653.0,15733.0,15643.0,15653.0,15653.0,0,0.0,0.0
2024-02-29,15712.2001953125,15752.0,15673.0,15712.2001953125,15712.2001953125,0,0.0,0.0
2024-03-01,15704.0,15748.599609375,15681.0,15704.0,15704.0,0,0.0,0.0
2024-03-04,15691.900390625,15750.900390625,15681.2998046875,15691.900390625,15691.900390625,0,0.0,0.0
2024-03-05,15766.0,15781.099609375,15723.7998046875,15766.0,15766.0,0,0.0,0.0
2024-03-06,15751.5,15751.5,15639.0,15751.5,15751.5,0,0.0,0.0
2024-03-07,15668.0,15687.400390625,15601.0,15668.0,15668.0,0,0.0,0.0
2024-03-08,15621.0,15636.599609375,14784.400390625,15621.0,15621.0,0,0.0,0.0
2024-03-11,15536.2998046875,15583.0,15381.0,15536.2998046875,15536.2998046875,0,0.0,0.0
2024-03-12,15518.0,15548.0,15151.2001953125,15518.0,15518.0,0,0.0,0.0
2024-03-13,15546.0,15596.0,15534.2001953125,15546.0,15546.0,0,0.0,0.0
2024-03-14,15574.0,15629.5,15561.0,15574.0,15574.0,0,0.0,0.0
2024-03-15,15630.0,15638.2001953125,15588.0,15630.0,15630.0,0,0.0,0.0
2024-03-18,15639.2998046875,15725.7998046875,15614.0,15639.2998046875,15639.2998046875,0,0.0,0.0
2024-03-19,15743.0,15749.099609375,15691.0,15743.0,15743.0,0,0.0,0.0
2024-03-20,15718.0,15753.5,15689.2001953125,15718.0,15718.0,0,0.0,0.0
2024-03-21,15687.0,15724.599609375,15634.0,15687.0,15687.0,0,0.0,0.0
2024-03-22,15723.5,15858.2001953125,15245.2001953125,15723.5,15723.5,0,0.0,0.0
2024-03-25,15802.599609375,15820.7001953125,15740.5,15802.599609375,15802.599609375,0,0.0,0.0
2024-03-26,15784.0,15825.2998046875,15761.099609375,15784.0,15784.0,0,0.0,0.0
2024-03-27,15828.0,15914.5,15797.0,15828.0,15828.0,0,0.0,0.0
2024-03-28,15877.0,15893.5,15853.0,15877.0,15877.0,0,0.0,0.0
2024-03-29,15877.0,15896.400390625,15828.2001953125,15877.0,15877.0,0,0.0,0.0
2024-04-01,15848.0,15956.5,15848.0,15848.0,15848.0,0,0.0,0.0
2024-04-02,15945.7998046875,15957.900390625,15888.0,15945.7998046875,15945.7998046875,0,0.0,0.0
2024-04-03,15955.0,15950.400390625,15903.0,15955.0,15955.0,0,0.0,0.0
2024-04-04,15936.0,15943.2001953125,15854.0,15936.0,15936.0,0,0.0,0.0
2024-04-05,15904.5,15916.7998046875,15754.400390625,15904.5,15904.5,0,0.0,0.0
2024-04-08,15881.0,15922.400390625,15863.0,15881.0,15881.0,0,0.0,0.0
2024-04-09,15918.0,15918.0,15826.400390625,15918.0,15918.0,0,0.0,0.0
2024-04-10,15892.2998046875,15970.900390625,15660.599609375,15892.2998046875,15892.2998046875,0,0.0,0.0
2024-04-11,15998.2001953125,16025.0,15919.5,15998.2001953125,15998.2001953125,0,0.0,0.0
2024-04-12,16007.0,16148.400390625,15990.0,16007.0,16007.0,0,0.0,0.0
2024-04-15,16111.0,16145.7998046875,16034.7998046875,16111.0,16111.0,0,0.0,0.0
2024-04-16,16075.0,16309.400390625,15853.5,16075.0,16075.0,0,0.0,0.0
2024-04-17,16312.2001953125,16312.2001953125,15317.0,16312.2001953125,16312.2001953125,0,0.0,0.0
2024-04-18,16246.0,16257.0,16148.400390625,16246.0,16246.0,0,0.0,0.0
2024-04-19,16220.0,16300.7998046875,15980.099609375,16220.0,16220.0,0,0.0,0.0
2024-04-22,16210.2998046875,16268.599609375,16199.099609375,16210.2998046875,16210.2998046875,0,0.0,0.0
2024-04-23,16246.0,16244.099609375,16129.900390625,16246.0,16246.0,0,0.0,0.0
2024-04-24,16140.2001953125,16242.400390625,16100.2998046875,16140.2001953125,16140.2001953125,0,0.0,0.0
2024-04-25,16220.0,16235.0,16065.400390625,16220.0,16220.0,0,0.0,0.0
2024-04-26,16202.0,16261.7998046875,16137.599609375,16202.0,16202.0,0,0.0,0.0
2024-04-29,16203.0,16268.7001953125,16203.0,16203.0,16203.0,0,0.0,0.0
2024-04-30,16246.0,16278.400390625,16216.7001953125,16246.0,16246.0,0,0.0,0.0
2024-05-01,16273.0,16274.900390625,16191.2001953125,16273.0,16273.0,0,0.0,0.0
2024-05-02,16190.400390625,16253.0,16103.0,16190.400390625,16190.400390625,0,0.0,0.0
2024-05-03,16097.0,16103.0,14893.7998046875,16097.0,16097.0,0,0.0,0.0
2024-05-06,16077.0,16077.0,15950.5,16077.0,16077.0,0,0.0,0.0
2024-05-07,16034.0,16070.599609375,16020.0,16034.0,16034.0,0,0.0,0.0
2024-05-08,16073.0,16098.2001953125,16037.0,16073.0,16073.0,0,0.0,0.0
2024-05-09,16074.0,16075.0,16028.0,16074.0,16074.0,0,0.0,0.0
2024-05-10,16030.0,16067.5,16004.0,16030.0,16030.0,0,0.0,0.0
2024-05-13,16038.0,16125.400390625,16038.0,16038.0,16038.0,0,0.0,0.0
2024-05-14,16121.0,16134.5,16082.0,16121.0,16121.0,0,0.0,0.0
2024-05-15,16102.0,16111.0,15516.599609375,16102.0,16102.0,0,0.0,0.0
2024-05-16,15914.0,15949.7998046875,15875.0,15914.0,15914.0,0,0.0,0.0
2024-05-17,15930.7998046875,15986.5,15921.7998046875,15930.7998046875,15930.7998046875,0,0.0,0.0
2024-05-20,15958.0,16006.2998046875,15943.400390625,15958.0,15958.0,0,0.0,0.0
2024-05-21,16031.0,16045.0,15947.2001953125,16031.0,16031.0,0,0.0,0.0
2024-05-22,16005.0,16051.0,15959.400390625,16005.0,16005.0,0,0.0,0.0
2024-05-23,16040.7001953125,16078.2001953125,16005.2001953125,16040.7001953125,16040.7001953125,0,0.0,0.0
2024-05-24,16095.0,16113.2001953125,16022.0,16095.0,16095.0,0,0.0,0.0
2024-05-27,16038.0,16088.099609375,15915.01953125,16038.0,16038.0,0,0.0,0.0
2024-05-28,16071.0,16102.400390625,16059.0,16071.0,16071.0,0,0.0,0.0
2024-05-29,16117.0,16241.2998046875,16105.0,16117.0,16117.0,0,0.0,0.0
2024-05-30,16232.099609375,16277.7998046875,16190.0,16232.099609375,16232.099609375,0,0.0,0.0
2024-05-31,16228.0,16267.2998046875,16219.5,16228.0,16228.0,0,0.0,0.0
2024-06-03,16243.0,16249.0,16198.0,16243.0,16243.0,0,0.0,0.0
2024-06-04,16203.0,16298.2998046875,16181.0,16203.0,16203.0,0,0.0,0.0
2024-06-05,16276.0,16346.0,16247.0,16276.0,16276.0,0,0.0,0.0
2024-06-06,16315.0,16315.0,16229.099609375,16315.0,16315.0,0,0.0,0.0
2024-06-07,16241.7001953125,16280.7001953125,15619.0,16241.7001953125,16241.7001953125,0,0.0,0.0
2024-06-10,16270.0,16309.2998046875,16260.0,16270.0,16270.0,0,0.0,0.0
2024-06-11,16312.0,16317.7998046875,16278.0,16312.0,16312.0,0,0.0,0.0
2024-06-12,16305.400390625,16308.0,15968.0,16305.400390625,16305.400390625,0,0.0,0.0
2024-06-13,16230.0,16293.5,16056.5,16230.0,16230.0,0,0.0,0.0
2024-06-14,16286.0,16486.0,16277.0,16286.0,16286.0,0,0.0,0.0
2024-06-17,16479.900390625,16480.80078125,16355.2001953125,16479.900390625,16479.900390625,0,0.0,0.0
2024-06-18,16479.0,16479.0,16361.7998046875,16479.0,16479.0,0,0.0,0.0
2024-06-19,16379.0,16408.900390625,16337.099609375,16379.0,16379.0,0,0.0,0.0
2024-06-20,16380.900390625,16510.19921875,16358.0,16380.900390625,16380.900390625,0,0.0,0.0
2024-06-21,16491.900390625,16489.400390625,16423.0,16491.900390625,16491.900390625,0,0.0,0.0
2024-06-24,16443.0,16474.30078125,16331.2998046875,16443.0,16443.0,0,0.0,0.0
2024-06-25,16394.099609375,16403.0,16353.0,16394.099609375,16394.099609375,0,0.0,0.0
2024-06-26,16401.0,16448.0,16390.0,16401.0,16401.0,0,0.0,0.0
2024-06-27,16434.0,16434.0,16349.0,16434.0,16434.0,0,0.0,0.0
2024-06-28,16374.400390625,16416.80078125,16310.0,16374.400390625,16374.400390625,0,0.0,0.0
2024-07-01,16343.0,16375.400390625,16306.0,16343.0,16343.0,0,0.0,0.0
2024-07-02,16390.0,16401.900390625,16351.099609375,16390.0,16390.0,0,0.0,0.0
2024-07-03,16391.0,16396.5,16271.900390625,16391.0,16391.0,0,0.0,0.0
2024-07-04,16340.0,16350.2998046875,16307.0,16340.0,16340.0,0,0.0,0.0
2024-07-05,16328.5,16339.0,16174.7001953125,16328.5,16328.5,0,0.0,0.0
2024-07-08,16245.0,16291.7998046875,16239.5,16245.0,16245.0,0,0.0,0.0
2024-07-09,16277.2001953125,16309.2998046875,16245.0,16277.2001953125,16277.2001953125,0,0.0,0.0
2024-07-10,16277.0,16289.099609375,16197.0,16277.0,16277.0,0,0.0,0.0
2024-07-11,16198.0,16212.5,15640.0,16198.0,16198.0,0,0.0,0.0
2024-07-12,16104.0,16160.2998046875,16069.099609375,16104.0,16104.0,0,0.0,0.0
2024-07-15,16108.0,16196.599609375,16108.0,16108.0,16108.0,0,0.0,0.0
2024-07-16,16195.0,16210.7001953125,16138.900390625,16195.0,16195.0,0,0.0,0.0
2024-07-17,16173.0,16173.0,16084.5,16173.0,16173.0,0,0.0,0.0
2024-07-18,16138.0,16188.900390625,16122.5,16138.0,16138.0,0,0.0,0.0
2024-07-19,16185.0,16219.900390625,16139.2001953125,16185.0,16185.0,0,0.0,0.0
2024-07-22,16206.0,16233.2001953125,14633.0,16206.0,16206.0,0,0.0,0.0
2024-07-23,16220.2001953125,16230.0,16180.0,16220.2001953125,16220.2001953125,0,0.0,0.0
2024-07-24,16222.0,16252.5,16205.5,16222.0,16222.0,0,0.0,0.0
2024-07-25,16246.0,16330.7998046875,16229.7998046875,16246.0,16246.0,0,0.0,0.0
2024-07-26,16337.7998046875,16337.7998046875,16244.0,16337.7998046875,16337.7998046875,0,0.0,0.0
2024-07-29,16283.0,16294.599609375,16261.599609375,16283.0,16283.0,0,0.0,0.0
2024-07-30,16301.7001953125,16335.099609375,16286.7001953125,16301.7001953125,16301.7001953125,0,0.0,0.0
2024-07-31,16328.5,16330.0,16247.0,16328.5,16328.5,0,0.0,0.0
2024-08-01,16255.0,16270.0,16210.0,16255.0,16255.0,0,0.0,0.0
2024-08-02,16281.0,16284.0,15814.7001953125,16281.0,16281.0,0,0.0,0.0
2024-08-05,16012.0,16221.7998046875,16012.0,16012.0,16012.0,0,0.0,0.0
2024-08-06,16208.0,16216.2001953125,16135.7001953125,16208.0,16208.0,0,0.0,0.0
2024-08-07,16152.2998046875,16168.0,15987.0,16152.2998046875,16152.2998046875,0,0.0,0.0
2024-08-08,16023.0,16023.099609375,15751.7998046875,16023.0,16023.0,0,0.0,0.0
2024-08-09,15979.0,15981.099609375,15883.0,15979.0,15979.0,0,0.0,0.0
2024-08-12,15918.0,15992.2998046875,15907.5,15918.0,15918.0,0,0.0,0.0
2024-08-13,15949.099609375,15948.0,15734.599609375,15949.099609375,15949.099609375,0,0.0,0.0
2024-08-14,15749.0,15747.900390625,15460.2998046875,15749.0,15749.0,0,0.0,0.0
2024-08-15,15619.5,15788.0,15555.2998046875,15619.5,15619.5,0,0.0,0.0
2024-08-16,15755.0,15766.0,14966.0,15755.0,15755.0,0,0.0,0.0
2024-08-19,15683.0,15683.0,15535.2998046875,15683.0,15683.0,0,0.0,0.0
2024-08-20,15523.0,15546.0,15401.0,15523.0,15523.0,0,0.0,0.0
2024-08-21,15442.0,15521.099609375,15417.0,15442.0,15442.0,0,0.0,0.0
2024-08-22,15484.0,15713.400390625,15461.7001953125,15484.0,15484.0,0,0.0,0.0
2024-08-23,15728.5,15744.0,15417.7998046875,15728.5,15728.5,0,0.0,0.0
2024-08-26,15377.2001953125,15471.0,15287.599609375,15377.2001953125,15377.2001953125,0,0.0,0.0
2024-08-27,15462.599609375,15552.900390625,15443.0,15462.599609375,15462.599609375,0,0.0,0.0
2024-08-28,15467.099609375,15520.400390625,15367.7998046875,15467.099609375,15467.099609375,0,0.0,0.0
2024-08-29,15440.0,15466.099609375,15257.599609375,15440.0,15440.0,0,0.0,0.0
2024-08-30,15444.7998046875,15527.5,15383.7998046875,15444.7998046875,15444.7998046875,0,0.0,0.0
2024-09-02,15525.0,15556.2998046875,15506.5,15525.0,15525.0,0,0.0,0.0
2024-09-03,15520.099609375,15585.5,15441.7998046875,15520.099609375,15520.099609375,0,0.0,0.0
2024-09-04,15532.900390625,15550.099609375,15421.5,15532.900390625,15532.900390625,0,0.0,0.0
2024-09-05,15444.400390625,15449.0,15340.2998046875,15444.400390625,15444.400390625,0,0.0,0.0
2024-09-06,15417.0,15439.0,15249.2001953125,15417.0,15417.0,0,0.0,0.0
2024-09-09,15405.0,15504.7001953125,15316.5,15405.0,15405.0,0,0.0,0.0
2024-09-10,15456.7998046875,15489.0,15411.5,15456.7998046875,15456.7998046875,0,0.0,0.0
2024-09-11,15489.0,15489.099609375,15372.5,15489.0,15489.0,0,0.0,0.0
2024-09-12,15437.0,15463.2998046875,15396.7001953125,15437.0,15437.0,0,0.0,0.0
2024-09-13,15418.7001953125,15430.0,15337.900390625,15418.7001953125,15418.7001953125,0,0.0,0.0
2024-09-16,15393.0,15401.0,15347.0,15393.0,15393.0,0,0.0,0.0
2024-09-17,15385.0,15386.0,15298.5,15385.0,15385.0,0,0.0,0.0
2024-09-18,15345.0,15367.599609375,15234.2998046875,15345.0,15345.0,0,0.0,0.0
2024-09-19,15300.2001953125,15391.0,14894.5,15300.2001953125,15300.2001953125,0,0.0,0.0
2024-09-20,15197.599609375,15227.0,15033.599609375,15197.599609375,15197.599609375,0,0.0,0.0
2024-09-23,15154.0,15232.099609375,15147.0,15154.0,15154.0,0,0.0,0.0
2024-09-24,15174.099609375,15204.7001953125,15117.2998046875,15174.099609375,15174.099609375,0,0.0,0.0
2024-09-25,15121.099609375,15178.099609375,15008.2998046875,15121.099609375,15121.099609375,0,0.0,0.0
2024-09-26,15201.5,15204.0,14975.7001953125,15201.5,15201.5,0,0.0,0.0
2024-09-27,15070.0,15161.7001953125,15019.2998046875,15070.0,15070.0,0,0.0,0.0
2024-09-30,15118.0,15197.2998046875,14935.900390625,15118.0,15118.0,0,0.0,0.0
2024-10-01,15170.599609375,15250.099609375,15148.7998046875,15170.599609375,15170.599609375,0,0.0,0.0
2024-10-02,15260.599609375,15289.900390625,15187.2001953125,15260.599609375,15260.599609375,0,0.0,0.0
2024-10-03,15324.0,15507.900390625,15294.0,15324.0,15324.0,0,0.0,0.0
2024-10-04,15457.0,15719.0,15400.5,15457.0,15457.0,0,0.0,0.0
2024-10-07,15650.0,15756.900390625,15579.7001953125,15650.0,15650.0,0,0.0,0.0
2024-10-08,15744.0,15744.0,15628.0,15744.0,15744.0,0,0.0,0.0
2024-10-09,15682.400390625,15684.0,15567.7001953125,15682.400390625,15682.400390625,0,0.0,0.0
2024-10-10,15664.599609375,15719.0,15585.2001953125,15664.599609375,15664.599609375,0,0.0,0.0
2024-10-11,15670.900390625,15682.0,15535.599609375,15670.900390625,15670.900390625,0,0.0,0.0
2024-10-14,15562.0,15612.5,15547.099609375,15562.0,15562.0,0,0.0,0.0
2024-10-15,15573.0,15598.2001953125,15509.7998046875,15573.0,15573.0,0,0.0,0.0
2024-10-16,15578.599609375,15580.0,15495.599609375,15578.599609375,15578.599609375,0,0.0,0.0
2024-10-17,15583.900390625,15587.0,15482.2001953125,15583.900390625,15583.900390625,0,0.0,0.0
2024-10-18,15493.0,15525.0,15441.0,15493.0,15493.0,0,0.0,0.0
2024-10-21,15467.0,15544.2001953125,15421.0,15467.0,15467.0,0,0.0,0.0
2024-10-22,15556.0,15575.7001953125,15515.0,15556.0,15556.0,0,0.0,0.0
2024-10-23,15586.0,15687.5,15545.7001953125,15586.0,15586.0,0,0.0,0.0
2024-10-24,15663.0,15664.0,15548.599609375,15663.0,15663.0,0,0.0,0.0
2024-10-25,15621.5,15686.099609375,15581.0,15621.5,15621.5,0,0.0,0.0
2024-10-28,15688.099609375,15742.5,15633.0,15688.099609375,15688.099609375,0,0.0,0.0
2024-10-29,15747.0,15784.7998046875,15717.7998046875,15747.0,15747.0,0,0.0,0.0
2024-10-30,15768.0,15768.0,15628.099609375,15768.0,15768.0,0,0.0,0.0
2024-10-31,15695.5,15751.2001953125,15672.5,15695.5,15695.5,0,0.0,0.0
2024-11-01,15713.0,15794.0,15633.2001953125,15713.0,15713.0,0,0.0,0.0
2024-11-04,15842.0,15842.0,15719.0,15842.0,15842.0,0,0.0,0.0
2024-11-05,15790.0,15791.900390625,15707.7001953125,15790.0,15790.0,0,0.0,0.0
2024-11-06,15665.0,15883.099609375,14476.5,15665.0,15665.0,0,0.0,0.0
2024-11-07,15818.2001953125,15833.7998046875,15575.0,15818.2001953125,15818.2001953125,0,0.0,0.0
2024-11-08,15558.0,15694.2998046875,14873.7998046875,15558.0,15558.0,0,0.0,0.0
2024-11-11,15647.2001953125,15761.599609375,15636.7998046875,15647.2001953125,15647.2001953125,0,0.0,0.0
2024-11-12,15765.0,15813.7001953125,15674.400390625,15765.0,15765.0,0,0.0,0.0
2024-11-13,15788.900390625,15819.0,15625.0,15788.900390625,15788.900390625,0,0.0,0.0
2024-11-14,15847.2001953125,15976.400390625,15756.099609375,15847.2001953125,15847.2001953125,0,0.0,0.0
2024-11-15,15933.2998046875,15973.0,15809.400390625,15933.2998046875,15933.2998046875,0,0.0,0.0
2024-11-18,15891.2998046875,15863.5,15818.7001953125,15891.2998046875,15891.2998046875,0,0.0,0.0
2024-11-19,15831.5830078125,15909.150390625,15830.0,15806.099609375,15806.099609375,0,0.0,0.0
2024-11-20,15817.099609375,15918.2001953125,15792.099609375,15817.099609375,15817.099609375,0,0.0,0.0
2024-11-21,15913.0,15952.7998046875,15797.599609375,15913.0,15913.0,0,0.0,0.0
2024-11-22,15816.900390625,15956.900390625,15790.900390625,15816.900390625,15816.900390625,0,0.0,0.0
2024-11-25,15940.0,15937.0,15785.5,15940.0,15940.0,0,0.0,0.0
2024-11-26,15901.2001953125,15938.0,15851.0,15901.2001953125,15901.2001953125,0,0.0,0.0
2024-11-27,15930.0,15930.0,15810.400390625,15930.0,15930.0,0,0.0,0.0
2024-11-28,15863.5,15886.099609375,15816.599609375,15863.5,15863.5,0,0.0,0.0
2024-11-29,15878.0,15879.0,15794.0,15878.0,15878.0,0,0.0,0.0
2024-12-02,15829.0,15916.0,15829.0,15829.0,15829.0,0,0.0,0.0
2024-12-03,15910.0,15955.2001953125,15883.099609375,15910.0,15910.0,0,0.0,0.0
2024-12-04,15940.0,15975.0,15874.900390625,15940.0,15940.0,0,0.0,0.0
2024-12-05,15906.599609375,15916.099609375,15813.099609375,15906.599609375,15906.599609375,0,0.0,0.0
2024-12-06,15839.7998046875,15859.0,15705.5,15839.7998046875,15839.7998046875,0,0.0,0.0
2024-12-09,15825.7998046875,15900.7001953125,15805.0,15825.7998046875,15825.7998046875,0,0.0,0.0
2024-12-10,15864.0,15886.599609375,15827.2998046875,15864.0,15864.0,0,0.0,0.0
2024-12-11,15908.0,15958.0,15848.0,15908.0,15908.0,0,0.0,0.0
2024-12-12,15963.0,15967.0,15914.900390625,15963.0,15963.0,0,0.0,0.0
2024-12-13,15967.400390625,16040.7001953125,15926.099609375,15967.400390625,15967.400390625,0,0.0,0.0
2024-12-16,16025.7998046875,16034.7001953125,15917.7001953125,16025.7998046875,16025.7998046875,0,0.0,0.0
2024-12-17,15955.0,16153.900390625,15837.2998046875,15955.0,15955.0,0,0.0,0.0
2024-12-18,15926.2001953125,16129.900390625,15926.2001953125,15926.2001953125,15926.2001953125,0,0.0,0.0
2024-12-19,16145.2998046875,16389.0,15970.400390625,16145.2998046875,16145.2998046875,0,0.0,0.0
2024-12-20,15981.2998046875,16329.900390625,15892.599609375,15981.2998046875,15981.2998046875,0,0.0,0.0
2024-12-23,16159.2998046875,16211.2998046875,16092.2998046875,16159.2998046875,16159.2998046875,0,0.0,0.0
2024-12-24,16217.599609375,16220.0,16135.400390625,16217.599609375,16217.599609375,0,0.0,0.0
2024-12-25,15970.7998046875,16243.0,14210.900390625,15970.7998046875,15970.7998046875,0,0.0,0.0
2024-12-26,15069.400390625,16224.900390625,15069.400390625,15069.400390625,15069.400390625,0,0.0,0.0
2024-12-27,16189.0,16283.099609375,15798.2998046875,16189.0,16189.0,0,0.0,0.0
2024-12-30,16178.0,16228.0,16059.7001953125,16178.0,16178.0,0,0.0,0.0
2024-12-31,16085.599609375,16219.0,16050.900390625,16085.599609375,16085.599609375,0,0.0,0.0
2025-01-02,16230.5,16257.0,16117.7001953125,16230.5,16230.5,0,0.0,0.0
2025-01-03,16201.099609375,16244.0,16158.599609375,16201.099609375,16201.099609375,0,0.0,0.0
2025-01-06,16178.7998046875,16220.5,16033.7001953125,16178.7998046875,16178.7998046875,0,0.0,0.0
2025-01-07,16179.099609375,16189.599609375,16122.7001953125,16179.099609375,16179.099609375,0,0.0,0.0
2025-01-08,16157.7001953125,16253.5,16130.599609375,16157.7001953125,16157.7001953125,0,0.0,0.0
2025-01-09,16187.599609375,16272.0,16155.0,16187.599609375,16187.599609375,0,0.0,0.0
2025-01-10,16237.0,16258.900390625,15397.7001953125,16237.0,16237.0,0,0.0,0.0
2025-01-13,16268.0,16613.80078125,16252.0,16268.0,16268.0,0,0.0,0.0
2025-01-14,16295.2001953125,16341.0,16218.2998046875,16295.2001953125,16295.2001953125,0,0.0,0.0
2025-01-15,16320.0,16399.0,16154.099609375,16320.0,16320.0,0,0.0,0.0
2025-01-16,16360.7998046875,16422.30078125,16229.4404296875,16360.7998046875,16360.7998046875,0,0.0,0.0
2025-01-17,16368.7998046875,16410.0,16279.900390625,16368.7998046875,16368.7998046875,0,0.0,0.0
2025-01-20,16367.099609375,16394.0,16156.2998046875,16367.099609375,16367.099609375,0,0.0,0.0
2025-01-21,16245.0,16369.099609375,16245.0,16245.0,16245.0,0,0.0,0.0
2025-01-22,16330.7998046875,16338.0,15239.2001953125,16330.7998046875,16330.7998046875,0,0.0,0.0
2025-01-23,16232.7998046875,16290.099609375,16170.2001953125,16232.7998046875,16232.7998046875,0,0.0,0.0
2025-01-24,16230.900390625,16234.0,16090.400390625,16230.900390625,16230.900390625,0,0.0,0.0
2025-01-27,16164.900390625,16234.0,16141.0,16164.900390625,16164.900390625,0,0.0,0.0
2025-01-28,16155.599609375,16246.0,16140.099609375,16155.599609375,16155.599609375,0,0.0,0.0
2025-01-29,15881.2001953125,16269.2998046875,15960.599609375,15881.2001953125,15881.2001953125,0,0.0,0.0
2025-01-30,16238.0,16263.7998046875,16210.599609375,16238.0,16238.0,0,0.0,0.0
2025-01-31,16274.5,16327.400390625,16177.7001953125,16274.5,16274.5,0,0.0,0.0
2025-02-03,16341.2998046875,16483.0,15995.2001953125,16341.2998046875,16341.2998046875,0,0.0,0.0
2025-02-04,16320.0,16386.69921875,16286.0,16320.0,16320.0,0,0.0,0.0
2025-02-05,16299.099609375,16332.2998046875,16271.400390625,16299.099609375,16299.099609375,0,0.0,0.0
2025-02-06,16298.099609375,16350.7998046875,16298.900390625,16298.099609375,16298.099609375,0,0.0,0.0
2025-02-07,16327.0,16341.0,16162.900390625,16327.0,16327.0,0,0.0,0.0
2025-02-10,16314.7001953125,16364.2998046875,16270.0,16314.7001953125,16314.7001953125,0,0.0,0.0
2025-02-11,16330.099609375,16396.19921875,16329.2001953125,16330.099609375,16330.099609375,0,0.0,0.0
2025-02-12,16343.2998046875,16395.0,16263.400390625,16343.2998046875,16343.2998046875,0,0.0,0.0
2025-02-13,16375.0,16382.900390625,16251.0,16375.0,16375.0,0,0.0,0.0
2025-02-14,16219.0,16295.400390625,15607.5,16219.0,16219.0,0,0.0,0.0
2025-02-17,16173.0,16245.7998046875,16172.2001953125,16173.0,16173.0,0,0.0,0.0
2025-02-18,16220.0,16348.599609375,16220.0,16220.0,16220.0,0,0.0,0.0
2025-02-19,16317.0,16386.5,16289.2998046875,16317.0,16317.0,0,0.0,0.0
2025-02-20,16346.400390625,16357.0,16253.7001953125,16346.400390625,16346.400390625,0,0.0,0.0
2025-02-21,16245.099609375,16347.7001953125,16245.099609375,16245.099609375,16245.099609375,0,0.0,0.0
2025-02-24,16278.0,16316.2998046875,16218.5,16278.0,16278.0,0,0.0,0.0
2025-02-25,16279.2998046875,16393.19921875,16271.7001953125,16279.2998046875,16279.2998046875,0,0.0,0.0
2025-02-26,16314.0,16406.099609375,16234.419921875,16314.0,16314.0,0,0.0,0.0
2025-02-27,16367.400390625,16527.599609375,16366.0,16367.400390625,16367.400390625,0,0.0,0.0
2025-02-28,16553.69921875,16606.400390625,16492.0,16553.69921875,16553.69921875,0,0.0,0.0
2025-03-03,16522.0,16573.0,16054.900390625,16522.0,16522.0,0,0.0,0.0
2025-03-04,16451.19921875,16454.0,16391.80078125,16451.19921875,16451.19921875,0,0.0,0.0
2025-03-05,16379.0,16419.099609375,16242.7001953125,16379.0,16379.0,0,0.0,0.0
2025-03-06,16268.900390625,16368.0,16247.5,16268.900390625,16268.900390625,0,0.0,0.0
2025-03-07,16322.099609375,16347.599609375,15929.2998046875,16322.099609375,16322.099609375,0,0.0,0.0
2025-03-10,16292.599609375,16372.599609375,16264.099609375,16292.599609375,16292.599609375,0,0.0,0.0
2025-03-11,16324.0,16472.900390625,16323.0,16324.0,16324.0,0,0.0,0.0
2025-03-12,16433.900390625,16486.80078125,16412.5,16433.900390625,16433.900390625,0,0.0,0.0
2025-03-13,16305.599609375,16452.400390625,16305.599609375,16305.599609375,16305.599609375,0,0.0,0.0
2025-03-14,16259.2998046875,16413.19921875,16259.2998046875,16259.2998046875,16259.2998046875,0,0.0,0.0
2025-03-17,16321.0,16439.400390625,16314.7001953125,16321.0,16321.0,0,0.0,0.0
2025-03-18,16370.0,16553.19921875,16370.0,16370.0,16370.0,0,0.0,0.0
2025-03-19,16514.5,16556.599609375,16499.80078125,16514.5,16514.5,0,0.0,0.0
2025-03-20,16330.2998046875,16525.19921875,16330.2998046875,16330.2998046875,16330.2998046875,0,0.0,0.0
2025-03-21,16428.5,16529.19921875,16428.5,16428.5,16428.5,0,0.0,0.0
2025-03-24,16519.0,16594.400390625,16491.0,16519.0,16519.0,0,0.0,0.0
2025-03-25,16575.80078125,16650.30078125,16549.0,16575.80078125,16575.80078125,0,0.0,0.0
2025-03-26,16621.0,16622.30078125,16530.80078125,16621.0,16621.0,0,0.0,0.0
2025-03-27,16629.0,16629.0,16518.0,16629.0,16629.0,0,0.0,0.0
2025-03-28,16560.900390625,16592.599609375,16504.900390625,16560.900390625,16560.900390625,0,0.0,0.0
2025-03-31,16575.0,16670.099609375,16535.19921875,16575.0,16575.0,0,0.0,0.0
2025-04-01,16652.0,16749.0,16622.400390625,16652.0,16652.0,0,0.0,0.0
2025-04-02,16731.400390625,16741.0,16672.5,16731.400390625,16731.400390625,0,0.0,0.0
2025-04-03,16739.0,16784.0,16368.5,16739.0,16739.0,0,0.0,0.0
2025-04-04,16739.80078125,16739.80078125,16736.400390625,16739.80078125,16739.80078125,0,0.0,0.0
2025-04-07,16738.0,17322.599609375,15955.7998046875,16738.0,16738.0,0,0.0,0.0
2025-04-08,16855.69921875,16969.69921875,16605.5,16855.69921875,16855.69921875,0,0.0,0.0
2025-04-09,17051.900390625,17082.5,16650.69921875,17051.900390625,17051.900390625,0,0.0,0.0
2025-04-10,16805.5,16887.80078125,16539.5,16805.5,16805.5,0,0.0,0.0
2025-04-11,16833.80078125,16854.900390625,16508.099609375,16833.80078125,16833.80078125,0,0.0,0.0
2025-04-14,16788.0,16831.0,16706.400390625,16788.0,16788.0,0,0.0,0.0
2025-04-15,16780.0,16831.5,16730.69921875,16780.0,16780.0,0,0.0,0.0
2025-04-16,16813.5,16858.80078125,16777.19921875,16813.5,16813.5,0,0.0,0.0
2025-04-17,16794.599609375,16876.599609375,16793.900390625,16794.599609375,16794.599609375,0,0.0,0.0
2025-04-22,16814.900390625,16871.900390625,16789.099609375,16814.900390625,16814.900390625,0,0.0,0.0
2025-04-23,16858.099609375,16887.5,16812.099609375,16858.099609375,16858.099609375,0,0.0,0.0
2025-04-24,16846.0,16885.80078125,16788.0,16846.0,16846.0,0,0.0,0.0
2025-04-25,16778.5,16849.599609375,16690.5,16778.5,16778.5,0,0.0,0.0
2025-04-28,16823.0,16862.0,16789.599609375,16823.0,16823.0,0,0.0,0.0
2025-04-29,16795.0,16802.0,16703.0,16795.0,16795.0,0,0.0,0.0
2025-04-30,16711.900390625,16724.0,16497.19921875,16711.900390625,16711.900390625,0,0.0,0.0
2025-05-01,16545.900390625,16631.599609375,16328.599609375,16545.900390625,16545.900390625,0,0.0,0.0
2025-05-02,16606.0,16609.0,15214.900390625,16606.0,16606.0,0,0.0,0.0
2025-05-05,16460.0,16460.69921875,15156.599609375,16460.0,16460.0,0,0.0,0.0
2025-05-06,16421.5,16490.0,16373.599609375,16421.5,16421.5,0,0.0,0.0
2025-05-07,16432.0,16547.599609375,16419.599609375,16432.0,16432.0,0,0.0,0.0
2025-05-08,16492.599609375,16561.0,16416.099609375,16492.599609375,16492.599609375,0,0.0,0.0
2025-05-09,16538.30078125,16566.0,16456.599609375,16538.30078125,16538.30078125,0,0.0,0.0
2025-05-12,16543.0,16706.30078125,16420.30078125,16543.0,16543.0,0,0.0,0.0
2025-05-13,16688.80078125,16691.0,16343.099609375,16688.80078125,16688.80078125,0,0.0,0.0
2025-05-14,16599.400390625,16601.0,16051.5,16599.400390625,16599.400390625,0,0.0,0.0
2025-05-15,16558.19921875,16572.099609375,16484.80078125,16558.19921875,16558.19921875,0,0.0,0.0
2025-05-16,16511.80078125,16513.0,16376.099609375,16511.80078125,16511.80078125,0,0.0,0.0
2025-05-19,16487.0,16488.0,16330.599609375,16487.0,16487.0,0,0.0,0.0
2025-05-20,16428.0,16449.0,16355.2998046875,16428.0,16428.0,0,0.0,0.0
2025-05-21,16403.0,16422.099609375,16221.2998046875,16403.0,16403.0,0,0.0,0.0
2025-05-22,16347.599609375,16354.5,16271.400390625,16347.599609375,16347.599609375,0,0.0,0.0
2025-05-23,16356.900390625,16356.900390625,16186.2998046875,16356.900390625,16356.900390625,0,0.0,0.0
2025-05-26,16211.0,16267.0,16141.099609375,16211.0,16211.0,0,0.0,0.0
2025-05-27,16243.5,16296.2001953125,16148.2001953125,16243.5,16243.5,0,0.0,0.0
2025-05-28,16279.0,16317.0,16258.5,16279.0,16279.0,0,0.0,0.0
2025-05-29,16286.0,16360.400390625,16236.2998046875,16286.0,16286.0,0,0.0,0.0
2025-05-30,16293.0,16355.2998046875,16248.7001953125,16293.0,16293.0,0,0.0,0.0
2025-06-02,16322.0,16333.7001953125,16234.099609375,16322.0,16322.0,0,0.0,0.0
2025-06-03,16288.5,16335.099609375,16256.900390625,16288.5,16288.5,0,0.0,0.0
2025-06-04,16332.400390625,16333.0,16278.099609375,16332.400390625,16332.400390625,0,0.0,0.0
2025-06-05,16291.5,16300.2998046875,16151.2001953125,16291.5,16291.5,0,0.0,0.0
2025-06-06,16246.400390625,16321.5,16224.0,16246.400390625,16246.400390625,0,0.0,0.0
2025-06-09,16309.0,16317.400390625,16249.900390625,16309.0,16309.0,0,0.0,0.0
2025-06-10,15550.5,16295.900390625,15550.5,16278.7998046875,16278.7998046875,0,0.0,0.0
2025-06-11,16247.7998046875,16287.7998046875,15560.2998046875,16247.7998046875,16247.7998046875,0,0.0,0.0
2025-06-12,15778.0,16265.0,15930.2001953125,15778.0,15778.0,0,0.0,0.0
2025-06-13,16164.5,16316.0,16070.7001953125,16164.5,16164.5,0,0.0,0.0
2025-06-16,16282.599609375,16313.599609375,16244.599609375,16282.599609375,16282.599609375,0,0.0,0.0
2025-06-17,15801.0,16306.0,16255.7001953125,15801.0,15801.0,0,0.0,0.0
2025-06-18,16315.0,16364.0,16290.0,16275.0,16275.0,0,0.0,0.0
2025-06-19,15598.5,16412.5,16313.5,15598.5,15598.5,0,0.0,0.0
2025-06-20,16370.0,16429.900390625,16370.0,16390.0,16390.0,0,0.0,0.0
2025-06-23,16431.0,16521.69921875,16342.0,16431.0,16431.0,0,0.0,0.0
2025-06-24,15943.2998046875,16412.0,16244.5,16370.0,16370.0,0,0.0,0.0
2025-06-25,16250.0,16328.2998046875,16250.0,16290.0,16290.0,0,0.0,0.0
2025-06-26,15560.7001953125,16289.0,14670.400390625,16290.0,16290.0,0,0.0,0.0
2025-06-27,16222.7998046875,16227.0,16167.900390625,16222.7998046875,16222.7998046875,0,0.0,0.0
2025-06-30,16229.0,16244.2998046875,16134.400390625,16229.0,16229.0,0,0.0,0.0
2025-07-01,14581.2998046875,16226.099609375,15993.2998046875,16230.0,16230.0,0,0.0,0.0
2025-07-02,15516.400390625,16252.599609375,16083.5,16236.400390625,16236.400390625,0,0.0,0.0
2025-07-03,15337.5,16312.2998046875,16017.7001953125,16235.0,16235.0,0,0.0,0.0
2025-07-04,16203.7001953125,16223.0,16129.599609375,16203.7001953125,16203.7001953125,0,0.0,0.0
2025-07-07,16178.0,16268.0,16169.599609375,16178.0,16178.0,0,0.0,0.0
2025-07-08,16318.900390625,16324.0,16197.0,16318.900390625,16318.900390625,0,0.0,0.0
2025-07-09,16261.0,16265.0,16232.0,16261.0,16261.0,0,0.0,0.0
2025-07-10,16235.0,16247.0,16178.099609375,16235.0,16235.0,0,0.0,0.0
2025-07-11,16209.099609375,16230.0,16203.0,16209.099609375,16209.099609375,0,0.0,0.0
2025-07-14,16222.0,16298.2001953125,16202.400390625,16222.0,16222.0,0,0.0,0.0
2025-07-15,16256.2001953125,16303.599609375,16178.099609375,16256.2001953125,16256.2001953125,0,0.0,0.0
2025-07-16,16252.099609375,16343.7001953125,16212.2001953125,16252.099609375,16252.099609375,0,0.0,0.0
2025-07-17,16271.2001953125,16354.0,16271.2001953125,16271.2001953125,16271.2001953125,0,0.0,0.0
2025-07-18,16329.7001953125,16332.0,16268.7001953125,16329.7001953125,16329.7001953125,0,0.0,0.0
2025-07-21,16321.0,16341.5,16287.7001953125,16321.0,16321.0,0,0.0,0.0
2025-07-22,16329.5,16329.0,16283.0,16329.5,16329.5,0,0.0,0.0
2025-07-23,16245.2998046875,16306.5,16245.2998046875,16245.2998046875,16245.2998046875,0,0.0,0.0
2025-07-24,16266.099609375,16299.5,16234.5,16266.099609375,16266.099609375,0,0.0,0.0
2025-07-25,16307.0,16364.0,16268.2998046875,16307.0,16307.0,0,0.0,0.0
2025-07-28,16353.0,16390.900390625,16306.0,16353.0,16353.0,0,0.0,0.0
2025-07-29,16398.80078125,16421.0,16371.7998046875,16398.80078125,16398.80078125,0,0.0,0.0
2025-07-30,16367.900390625,16453.0,16313.7001953125,16367.900390625,16367.900390625,0,0.0,0.0
2025-07-31,16426.80078125,16521.30078125,16413.80078125,16426.80078125,16426.80078125,0,0.0,0.0
2025-08-01,16483.0,16527.0,16300.2001953125,16483.0,16483.0,0,0.0,0.0
2025-08-04,16483.0,16483.0,16249.5,16483.0,16483.0,0,0.0,0.0
2025-08-05,16362.0,16404.900390625,16347.400390625,16362.0,16362.0,0,0.0,0.0
2025-08-06,16377.5,16395.0,16331.900390625,16377.5,16377.5,0,0.0,0.0
2025-08-07,16334.7001953125,16347.0,16260.900390625,16334.7001953125,16334.7001953125,0,0.0,0.0
2025-08-08,16300.0,16325.5,16224.0,16300.0,16300.0,0,0.0,0.0
2025-08-11,16249.0,16324.599609375,16224.099609375,16249.0,16249.0,0,0.0,0.0
2025-08-12,16298.0,16318.0,16215.400390625,16298.0,16298.0,0,0.0,0.0
2025-08-13,16248.2001953125,16263.0,16078.599609375,16248.2001953125,16248.2001953125,0,0.0,0.0
2025-08-14,16109.0,16176.5,16064.2998046875,16109.0,16109.0,0,0.0,0.0
2025-08-15,16169.0,16200.099609375,16120.099609375,16169.0,16169.0,0,0.0,0.0
2025-08-18,16196.0,16229.099609375,16165.0,16196.0,16196.0,0,0.0,0.0
2025-08-19,16205.400390625,16292.400390625,16081.1904296875,16205.400390625,16205.400390625,0,0.0,0.0
2025-08-20,16275.2001953125,16322.2998046875,16241.0,16275.2001953125,16275.2001953125,0,0.0,0.0
2025-08-21,16263.599609375,16381.5,16247.099609375,16263.599609375,16263.599609375,0,0.0,0.0
2025-08-22,16339.7001953125,16392.0,16168.7001953125,16339.7001953125,16339.7001953125,0,0.0,0.0
2025-08-25,16227.0,16265.099609375,16216.900390625,16227.0,16227.0,0,0.0,0.0
2025-08-26,16267.0,16334.400390625,16233.5,16267.0,16267.0,0,0.0,0.0
2025-08-27,16299.2001953125,16418.0,16299.2001953125,16299.2001953125,16299.2001953125,0,0.0,0.0
2025-08-28,16314.0,16377.5,16295.099609375,16314.0,16314.0,0,0.0,0.0
2025-08-29,16344.2998046875,16521.19921875,16306.5,16344.2998046875,16344.2998046875,0,0.0,0.0
2025-09-01,16409.0,16511.5,16377.7998046875,16409.0,16409.0,0,0.0,0.0
2025-09-02,16405.19921875,16454.0,16370.2001953125,16405.19921875,16405.19921875,0,0.0,0.0
2025-09-03,16443.900390625,16461.69921875,16410.0,16443.900390625,16443.900390625,0,0.0,0.0
2025-09-04,16463.0,16465.0,16417.0,16463.0,16463.0,0,0.0,0.0
2025-09-05,16452.099609375,16452.099609375,16300.099609375,16452.099609375,16452.099609375,0,0.0,0.0
2025-09-08,16392.0,16546.0,16294.599609375,16392.0,16392.0,0,0.0,0.0
2025-09-09,16446.099609375,16512.0,16365.7998046875,16446.099609375,16446.099609375,0,0.0,0.0
2025-09-10,16449.900390625,16495.0,16382.0,16449.900390625,16449.900390625,0,0.0,0.0
2025-09-11,16439.0,16488.400390625,16252.400390625,16439.0,16439.0,0,0.0,0.0
2025-09-12,16413.599609375,16444.900390625,16355.7998046875,16413.599609375,16413.599609375,0,0.0,0.0
2025-09-15,16401.0,16421.5,16356.0,16401.0,16401.0,0,0.0,0.0
2025-09-16,16364.599609375,16479.0,16346.900390625,16364.599609375,16364.599609375,0,0.0,0.0
2025-09-17,16398.099609375,16466.599609375,16376.400390625,16398.099609375,16398.099609375,0,0.0,0.0
2025-09-18,16418.599609375,16615.0,16347.849609375,16418.599609375,16418.599609375,0,0.0,0.0
2025-09-19,16569.099609375,16661.5,16527.0,16569.099609375,16569.099609375,0,0.0,0.0
2025-09-22,16637.0,16647.19921875,16563.0,16637.0,16637.0,0,0.0,0.0
2025-09-23,16582.0,16713.19921875,16574.0,16582.0,16582.0,0,0.0,0.0
2025-09-24,16633.0,16711.80078125,16633.0,16633.0,16633.0,0,0.0,0.0
2025-09-25,16695.099609375,16821.400390625,16695.0,16695.099609375,16695.099609375,0,0.0,0.0
2025-09-26,16759.099609375,16786.0,16628.099609375,16759.099609375,16759.099609375,0,0.0,0.0
2025-09-29,16723.0,16723.0,16622.0,16723.0,16723.0,0,0.0,0.0
2025-09-30,16628.0,16707.400390625,16620.0,16628.0,16628.0,0,0.0,0.0
2025-10-01,16683.0,16704.80078125,16590.19921875,16683.0,16683.0,0,0.0,0.0
2025-10-02,16644.099609375,16648.69921875,16582.0,16644.099609375,16644.099609375,0,0.0,0.0
2025-10-03,16601.5,16635.0,16532.0,16601.5,16601.5,0,0.0,0.0
2025-10-06,16558.0,16627.400390625,16506.69921875,16558.0,16558.0,0,0.0,0.0
2025-10-07,16596.5,16597.0,16530.0,16596.5,16596.5,0,0.0,0.0
2025-10-08,16587.0,16621.599609375,16559.0,16587.0,16587.0,0,0.0,0.0
2025-10-09,16556.0,16599.5,16507.900390625,16556.0,16556.0,0,0.0,0.0
2025-10-10,16577.69921875,16621.0,16547.0,16577.69921875,16577.69921875,0,0.0,0.0
2025-10-13,16598.0,16598.0,16531.30078125,16598.0,16598.0,0,0.0,0.0
2025-10-14,16548.0,16640.30078125,16543.0,16548.0,16548.0,0,0.0,0.0
2025-10-15,16585.900390625,16617.69921875,16545.0,16585.900390625,16585.900390625,0,0.0,0.0
2025-10-16,16575.0,16605.69921875,16549.30078125,16575.0,16575.0,0,0.0,0.0
2025-10-17,16561.900390625,16605.900390625,16545.0,16561.900390625,16561.900390625,0,0.0,0.0
2025-10-20,16566.0,16583.30078125,16545.0,16566.0,16566.0,0,0.0,0.0
2025-10-21,16542.0,16609.80078125,16538.69921875,16542.0,16542.0,0,0.0,0.0
2025-10-22,16598.900390625,16624.30078125,16570.0,16598.900390625,16598.900390625,0,0.0,0.0
2025-10-23,16596.599609375,16650.80078125,16590.0,16596.599609375,16596.599609375,0,0.0,0.0
2025-10-24,16593.80078125,16638.0,16449.599609375,16593.80078125,16593.80078125,0,0.0,0.0
2025-10-27,16597.80078125,16626.0,16588.0,16597.80078125,16597.80078125,0,0.0,0.0
2025-10-28,16158.2001953125,16648.0,16158.2001953125,16158.2001953125,16158.2001953125,0,0.0,0.0
2025-10-29,16625.0,16629.5,16526.0,16561.779296875,16561.779296875,0,0.0,0.0
2025-10-30,16562.0,16670.0,16548.30078125,16562.0,16562.0,0,0.0,0.0
2025-10-31,16619.0,16657.19921875,16617.0,16150.0,16150.0,0,0.0,0.0
2025-11-03,16630.0,16712.69921875,16628.0,16630.0,16630.0,0,0.0,0.0
2025-11-04,16640.900390625,16750.400390625,16665.900390625,16640.900390625,16640.900390625,0,0.0,0.0
2025-11-05,16707.0,16740.30078125,16652.0,16707.0,16707.0,0,0.0,0.0
2025-11-06,16669.0,16716.400390625,16663.0,16669.0,16669.0,0,0.0,0.0
2025-11-07,16694.099609375,16718.900390625,16646.0,16694.099609375,16694.099609375,0,0.0,0.0
2025-11-10,16679.0,16705.599609375,16637.0,16653.0,16653.0,0,0.0,0.0
2025-11-11,16690.0,16723.0,16671.599609375,16690.0,16690.0,0,0.0,0.0
2025-11-12,16694.900390625,16761.69921875,16694.900390625,16694.900390625,16694.900390625,0,0.0,0.0
2025-11-13,16729.0,16729.0,16717.0,16729.0,16729.0,0,0.0,0.0
2025-11-14,16719.0,16724.30078125,16671.900390625,16719.0,16719.0,0,0.0,0.0
2025-11-17,16687.0,16748.30078125,16687.0,16679.5,16679.5,0,0.0,0.0
2025-11-18,16738.900390625,16769.30078125,16731.0,16738.900390625,16738.900390625,0,0.0,0.0
2025-11-19,16727.69921875,16754.80078125,16693.0,16727.69921875,16727.69921875,0,0.0,0.0
2025-11-20,16686.69921875,16755.0,16648.33984375,16686.69921875,16686.69921875,0,0.0,0.0
2025-11-21,16731.0,16736.400390625,16690.0,16731.0,16731.0,0,0.0,0.0
2025-11-24,16687.0,16710.599609375,16642.0,16639.0,16639.0,0,0.0,0.0
2025-11-25,16645.0,16690.0,16566.599609375,16645.0,16645.0,0,0.0,0.0
2025-11-26,16633.5,16669.5,16493.0,16633.5,16633.5,0,0.0,0.0
2025-11-27,16614.69921875,16682.099609375,16593.30078125,16614.69921875,16614.69921875,0,0.0,0.0
2025-11-28,16603.900390625,16677.0,15636.2001953125,16603.900390625,16603.900390625,0,0.0,0.0
2025-12-01,16641.0,16680.900390625,16561.69921875,16635.0,16635.0,0,0.0,0.0
2025-12-02,16609.0,16638.099609375,16584.66015625,16609.0,16609.0,0,0.0,0.0
2025-12-03,16609.900390625,16637.19921875,16548.83984375,16609.900390625,16609.900390625,0,0.0,0.0
2025-12-04,16594.0,16657.400390625,16593.900390625,16594.0,16594.0,0,0.0,0.0
2025-12-05,16654.400390625,16704.0,16562.76953125,16654.400390625,16654.400390625,0,0.0,0.0
2025-12-08,16683.0,16721.30078125,16654.0,16683.0,16683.0,0,0.0,0.0
2025-12-09,16686.0,16704.69921875,16642.900390625,16686.0,16686.0,0,0.0,0.0
2025-12-10,16662.0,16705.69921875,16652.0,16662.0,16662.0,0,0.0,0.0
2025-12-11,16639.0,16682.900390625,16638.0,16639.0,16639.0,0,0.0,0.0
2025-12-12,16649.0,16666.19921875,16438.19921875,16649.0,16649.0,0,0.0,0.0
2025-12-15,16627.0,16688.0,16627.0,16623.099609375,16623.099609375,0,0.0,0.0
2025-12-16,16645.80078125,16693.0,16487.19921875,16645.80078125,16645.80078125,0,0.0,0.0
2025-12-17,16644.599609375,16713.19921875,16640.0,16644.599609375,16644.599609375,0,0.0,0.0
2025-12-18,16657.0,16733.099609375,16647.599609375,16657.0,16657.0,0,0.0,0.0
2025-12-19,16685.19921875,16766.19921875,16576.599609375,16685.19921875,16685.19921875,0,0.0,0.0
2025-12-22,16733.0,16789.0,16733.0,16678.5,16678.5,0,0.0,0.0
2025-12-23,16756.400390625,16803.69921875,16750.599609375,16756.400390625,16756.400390625,0,0.0,0.0
2025-12-24,16735.0,16770.69921875,16679.099609375,16735.0,16735.0,0,0.0,0.0
2025-12-26,16753.099609375,16789.0,16692.0,16753.099609375,16753.099609375,0,0.0,0.0
2025-12-29,16765.0,16794.80078125,16749.099609375,16741.099609375,16741.099609375,0,0.0,0.0
2025-12-30,16770.0,16778.0,16680.5,16770.0,16770.0,0,0.0,0.0
2025-12-31,16709.0,16736.900390625,16654.19921875,16709.0,16709.0,0,0.0,0.0
2026-01-02,16668.0,16727.5,16668.0,16668.0,16668.0,0,0.0,0.0
2026-01-05,16696.0,16755.5,16696.0,16683.0,16683.0,0,0.0,0.0
2026-01-06,16727.19921875,16777.599609375,16727.19921875,16727.19921875,16727.19921875,0,0.0,0.0
2026-01-07,16742.0,16784.400390625,16733.599609375,16742.0,16742.0,0,0.0,0.0
2026-01-08,16753.0,16842.599609375,16752.900390625,16753.0,16753.0,0,0.0,0.0
2026-01-09,16805.69921875,16857.5,16701.599609375,16805.69921875,16805.69921875,0,0.0,0.0
2026-01-12,16836.0,16902.900390625,16828.0,16826.69921875,16826.69921875,0,0.0,0.0
2026-01-13,16859.400390625,16883.400390625,16781.69921875,16859.400390625,16859.400390625,0,0.0,0.0
2026-01-14,16840.80078125,16876.0,16832.5,16840.80078125,16840.80078125,0,0.0,0.0
2026-01-15,16845.099609375,16910.19921875,16836.80078125,16845.099609375,16845.099609375,0,0.0,0.0
2026-01-16,16878.900390625,16920.599609375,16866.30078125,16878.900390625,16878.900390625,0,0.0,0.0
2026-01-19,16902.0,17003.599609375,16884.0,16876.599609375,16876.599609375,0,0.0,0.0
2026-01-20,16939.0,16993.30078125,16897.5,16939.0,16939.0,0,0.0,0.0
2026-01-21,16960.099609375,16969.30078125,16878.599609375,16960.099609375,16960.099609375,0,0.0,0.0
2026-01-22,16897.0,16913.0,16832.19921875,16897.0,16897.0,0,0.0,0.0
2026-01-23,16820.0,16852.900390625,16770.30078125,16820.0,16820.0,0,0.0,0.0
2026-01-26,16770.0,16786.30078125,16720.5,16770.0,16770.0,0,0.0,0.0
2026-01-27,16734.0,16811.0,16675.099609375,16734.0,16734.0,0,0.0,0.0
2026-01-28,16674.69921875,16766.0,16663.30078125,16674.69921875,16674.69921875,0,0.0,0.0
2026-01-29,16722.80078125,16816.5,16722.80078125,16722.80078125,16722.80078125,0,0.0,0.0
2026-01-30,16778.30078125,16811.80078125,16757.69921875,16778.30078125,16778.30078125,0,0.0,0.0
2026-02-02,16767.0,16809.599609375,16759.900390625,16758.400390625,16758.400390625,0,0.0,0.0
2026-02-03,16758.400390625,16779.69921875,16716.0,16758.400390625,16758.400390625,0,0.0,0.0
2026-02-04,16759.0,16812.599609375,16752.0,16759.0,16759.0,0,0.0,0.0
2026-02-05,16800.0,16895.0,16765.0,16800.0,16800.0,0,0.0,0.0
2026-02-06,16879.900390625,16895.80078125,16839.0,16879.900390625,16879.900390625,0,0.0,0.0
2026-02-09,16859.0,16867.0,16783.0,16843.5,16843.5,0,0.0,0.0
2026-02-10,16796.0,16813.400390625,16743.0,16796.0,16796.0,0,0.0,0.0
2026-02-11,16778.0,16821.0,16757.0,16778.0,16778.0,0,0.0,0.0
2026-02-12,16793.900390625,16839.0,16793.900390625,16793.900390625,16793.900390625,0,0.0,0.0
2026-02-13,16809.0,16847.0,16799.0,16809.0,16809.0,0,0.0,0.0
2026-02-16,16826.0,16837.0,16800.30078125,16826.099609375,16826.099609375,0,0.0,0.0
2026-02-17,16806.599609375,16844.0,16806.599609375,16806.599609375,16806.599609375,0,0.0,0.0
2026-02-18,16840.0,16899.0,16840.0,16840.0,16840.0,0,0.0,0.0
2026-02-19,16915.30078125,16949.0,16868.0,16915.30078125,16915.30078125,0,0.0,0.0
2026-02-20,16899.0,16920.0,16843.0,16887.19921875,16887.19921875,0,0.0,0.0
2026-02-23,16856.0,16867.0,16788.0,16843.400390625,16843.400390625,0,0.0,0.0
2026-02-24,16826.0,16858.0,16733.91015625,16804.30078125,16804.30078125,0,0.0,0.0
2026-02-25,16816.80078125,16854.0,16745.849609375,16816.80078125,16816.80078125,0,0.0,0.0
2026-02-26,16749.80078125,16780.0,16739.0,16749.80078125,16749.80078125,0,0.0,0.0
2026-02-27,16749.0,16836.0,16749.0,16749.0,16749.0,0,0.0,0.0
2026-03-02,16800.0,16891.0,16800.0,16795.0,16795.0,0,0.0,0.0
2026-03-03,16863.0,17005.0,16848.0,16863.0,16863.0,0,0.0,0.0
2026-03-04,16898.099609375,16951.0,16837.0,16898.099609375,16898.099609375,0,0.0,0.0
2026-03-05,16865.0,16951.0,16829.19921875,16865.0,16865.0,0,0.0,0.0
2026-03-06,16913.099609375,16994.0,16801.5703125,16913.099609375,16913.099609375,0,0.0,0.0
2026-03-09,16933.0,17012.0,16915.400390625,16923.69921875,16923.69921875,0,0.0,0.0
2026-03-10,16884.0,16894.0,16815.0,16886.0,16886.0,0,0.0,0.0
2026-03-11,16852.0,16905.0,16844.0,16852.0,16852.0,0,0.0,0.0
2026-03-12,16884.099609375,16908.0,16872.69921875,16884.0,16884.0,0,0.0,0.0
2026-03-13,16908.0,16975.0,16887.5,16908.0,16908.0,0,0.0,0.0
2026-03-16,16953.0,17009.0,16950.0,16952.099609375,16952.099609375,0,0.0,0.0
2026-03-17,16955.0,16994.5,16946.0,16953.099609375,16953.099609375,0,0.0,0.0
2026-03-18,16960.0,16994.0,16887.0,16971.30078125,16971.30078125,0,0.0,0.0
2026-03-19,17041.69921875,17041.69921875,16900.0,17041.69921875,17041.69921875,0,0.0,0.0
2026-03-20,16915.900390625,16954.0,16885.0,16915.900390625,16915.900390625,0,0.0,0.0
2026-03-23,16969.0,17012.0,16849.099609375,16959.30078125,16959.30078125,0,0.0,0.0
2026-03-24,16865.099609375,16952.5,16825.0,16865.099609375,16865.099609375,0,0.0,0.0
2026-03-25,16797.30078125,16928.0,16797.30078125,16797.30078125,16797.30078125,0,0.0,0.0
2026-03-26,16749.599609375,16915.0,16749.599609375,16749.599609375,16749.599609375,0,0.0,0.0
2026-03-27,16925.0,16985.099609375,16918.0,16925.0,16925.0,0,0.0,0.0
2026-03-30,16958.0,17028.0,16952.0,16958.0,16958.0,0,0.0,0.0
2026-03-31,16975.400390625,17056.900390625,16882.0,16975.400390625,16975.400390625,0,0.0,0.0
2026-04-01,16936.400390625,17017.0,16890.0,16936.400390625,16936.400390625,0,0.0,0.0
2026-04-02,16924.099609375,17026.30078125,16898.69921875,16924.099609375,16924.099609375,0,0.0,0.0
2026-04-03,16965.0,17023.0,16920.69921875,16959.0,16959.0,0,0.0,0.0
2026-04-06,16988.0,17060.0,16967.900390625,16988.0,16988.0,0,0.0,0.0
2026-04-07,17015.30078125,17101.0,17015.30078125,17015.30078125,17015.30078125,0,0.0,0.0
2026-04-08,17027.400390625,17041.0,16930.0,17027.400390625,17027.400390625,0,0.0,0.0
2026-04-09,17005.5,17098.30078125,16966.900390625,17005.5,17005.5,0,0.0,0.0
2026-04-10,17059.0,17116.0,17030.80078125,17059.0,17059.0,0,0.0,0.0
2026-04-13,17083.0,17181.69921875,17083.0,17083.0,17083.0,0,0.0,0.0
2026-04-14,17079.19921875,17140.599609375,17079.19921875,17079.19921875,17079.19921875,0,0.0,0.0
2026-04-15,17129.0,17174.0,17105.099609375,17129.0,17129.0,0,0.0,0.0
2026-04-16,17146.099609375,17162.0,17110.80078125,17146.099609375,17146.099609375,0,0.0,0.0
2026-04-17,17123.0,17190.900390625,16512.80078125,17123.0,17123.0,0,0.0,0.0
2026-04-20,17133.0,17176.599609375,17096.30078125,17133.0,17133.0,0,0.0,0.0
2026-04-21,17123.80078125,17151.0,17070.69921875,17123.80078125,17123.80078125,0,0.0,0.0
2026-04-22,17133.099609375,17226.0,17127.80078125,17133.099609375,17133.099609375,0,0.0,0.0
2026-04-23,17199.5,17307.099609375,17199.5,17199.5,17199.5,0,0.0,0.0
2026-04-24,17329.0,17330.0,17188.80078125,17329.0,17329.0,0,0.0,0.0
2026-04-27,17246.0,17246.0,17192.0,17246.0,17246.0,0,0.0,0.0
2026-04-28,17216.0,17278.5,17163.80078125,17216.0,17216.0,0,0.0,0.0
2026-04-29,17244.0,17380.0,17244.0,17244.0,17244.0,0,0.0,0.0
2026-04-30,17334.19921875,17388.19921875,17267.099609375,17334.19921875,17334.19921875,0,0.0,0.0
2026-05-01,17311.0,17358.599609375,17248.80078125,17311.0,17311.0,0,0.0,0.0
2026-05-04,17327.0,17415.0,17306.80078125,17288.5,17288.5,0,0.0,0.0
2026-05-05,17346.19921875,17449.099609375,17346.19921875,17346.19921875,17346.19921875,0,0.0,0.0
2026-05-06,17389.80078125,17414.900390625,17238.900390625,17389.80078125,17389.80078125,0,0.0,0.0
2026-05-07,17296.900390625,17367.599609375,17271.099609375,17296.900390625,17296.900390625,0,0.0,0.0
2026-05-08,17294.900390625,17395.30078125,17267.30078125,17294.900390625,17294.900390625,0,0.0,0.0
2026-05-11,17358.0,17435.69921875,17258.400390625,17358.0,17358.0,0,0.0,0.0
2026-05-12,17413.0,17533.5,17413.0,17413.0,17413.0,0,0.0,0.0
2026-05-13,17465.30078125,17555.19921875,17436.900390625,17549.0,17549.0,0,0.0,0.0
2026-05-14,17498.099609375,17544.0,17400.69921875,17500.0,17500.0,0,0.0,0.0
2026-05-15,17517.599609375,17608.0,17509.0,17530.599609375,17530.599609375,0,0.0,0.0
2026-05-18,17586.0,17708.69921875,17519.19921875,17586.0,17586.0,0,0.0,0.0
2026-05-19,17701.0,17764.0,17648.80078125,17701.0,17701.0,0,0.0,0.0
2026-05-20,17708.5,17797.0,17539.69921875,17777.0,17777.0,0,0.0,0.0
2026-05-21,17654.30078125,17726.0,17616.19921875,17658.400390625,17658.400390625,0,0.0,0.0
2026-05-22,17694.0,17723.099609375,17605.19921875,17692.0,17692.0,0,0.0,0.0
2026-05-25,17692.0,17756.400390625,17656.400390625,17692.0,17692.0,0,0.0,0.0
2026-05-26,17754.099609375,17868.19921875,17717.5,17762.0,17762.0,0,0.0,0.0
2026-05-27,17848.0,17870.0,17756.19921875,17699.69921875,17699.69921875,0,0.0,0.0
2026-05-28,17815.0,17898.0,17768.099609375,17804.0,17804.0,0,0.0,0.0
2026-05-29,17811.400390625,17899.19921875,17772.400390625,17840.0,17840.0,0,0.0,0.0
2026-06-01,17817.0,17928.0,17748.099609375,17817.0,17817.0,0,0.0,0.0
2026-06-02,17864.0,17881.0,17804.30078125,17864.0,17864.0,0,0.0,0.0
2026-06-03,17826.80078125,17976.5,17791.599609375,17858.0,17858.0,0,0.0,0.0
2026-06-04,18007.0,18063.80078125,17953.0,18004.19921875,18004.19921875,0,0.0,0.0
2026-06-05,18037.0,18142.0,17953.099609375,17955.5,17955.5,0,0.0,0.0
2026-06-08,18029.0,18197.900390625,17833.599609375,18029.0,18029.0,0,0.0,0.0
2026-06-09,18199.0,18222.0,17883.5,18190.30078125,18190.30078125,0,0.0,0.0
2026-06-10,18028.0,18028.0,17764.5,18031.0,18031.0,0,0.0,0.0
2026-06-11,17909.0,18007.400390625,17856.30078125,17875.900390625,17875.900390625,0,0.0,0.0
2026-06-12,17920.0,17963.099609375,17562.400390625,17921.0,17921.0,0,0.0,0.0
2026-06-15,17772.0,17792.0,17645.0,17772.0,17772.0,0,0.0,0.0
2026-06-16,17721.0,17747.69921875,17683.69921875,17716.0,17716.0,0,0.0,0.0
2026-06-17,17685.69921875,17807.0,17677.400390625,17730.0,17730.0,0,0.0,0.0
2026-06-18,17901.0,17901.0,17744.0,17891.0,17891.0,0,0.0,0.0
2026-06-19,17852.0,17855.599609375,17759.099609375,17794.400390625,17794.400390625,0,0.0,0.0
2026-06-22,17795.0,17852.19921875,17759.5,17788.0,17788.0,0,0.0,0.0
2026-06-23,17862.0,17958.0,17696.19921875,17862.0,17862.0,0,0.0,0.0
2026-06-24,17918.0,17988.5,17882.0,17916.0,17916.0,0,0.0,0.0
2026-06-25,17923.099609375,18017.0,17904.900390625,17990.0,17990.0,0,0.0,0.0
2026-06-26,17968.30078125,18021.0,17803.0,17995.0,17995.0,0,0.0,0.0
2026-06-29,17830.0,17872.0,17504.599609375,17830.0,17830.0,0,0.0,0.0
2026-06-30,17941.0,17948.0,17838.19921875,17925.0,17925.0,0,0.0,0.0
2026-07-01,17906.80078125,18006.0,17881.19921875,17935.0,17935.0,0,0.0,0.0
2026-07-02,18003.0,18037.0,17851.69921875,17998.0,17998.0,0,0.0,0.0
2026-07-03,17981.0,18021.0,17278.19921875,17787.900390625,17787.900390625,0,0.0,0.0
2026-07-06,17992.0,18047.0,17962.19921875,17998.0,17998.0,0,0.0,0.0
2026-07-07,18053.0,18064.0,17848.19921875,18046.0,18046.0,0,0.0,0.0
2026-07-08,17988.0,18116.0,17896.0,17979.0,17979.0,0,0.0,0.0
2026-07-09,18092.5,18145.0,18001.80078125,18125.0,18125.0,0,0.0,0.0
2026-07-10,18135.900390625,18148.0,17997.900390625,18125.0,18125.0,0,0.0,0.0
2026-07-13,18069.0,18145.80078125,17909.80078125,18065.0,18065.0,0,0.0,0.0
2026-07-14,18152.0,18153.0,17916.599609375,18111.0,18111.0,0,0.0,0.0
2026-07-15,18048.69921875,18129.0,18006.0,18157.0,18157.0,0,0.0,0.0
2026-07-16,18031.80078125,18155.0,17808.599609375,18068.80078125,18068.80078125,0,0.0,0.0
2026-07-17,17983.0,17997.0,17885.0,17985.0,17985.0,0,0.0,0.0
2026-07-20,17937.0,17980.0,17868.80078125,17934.0,17934.0,0,0.0,0.0
2026-07-21,17931.0,17937.0,17864.0,17931.0,17931.0,0,0.0,0.0
2026-07-22,17911.0,17927.900390625,17727.80078125,17911.0,17911.0,0,0.0,0.0
2026-07-23,17917.0,18021.0,17882.0,17917.0,17917.0,0,0.0,0.0
2026-07-24,17967.900390625,17988.0,17891.599609375,17967.0,17967.0,0,0.0,0.0
2026-07-27,17947.0,18068.0,17931.0,17958.0,17958.0,0,0.0,0.0
2026-07-28,18053.0,18113.900390625,18044.30078125,18053.0,18053.0,0,0.0,0.0
2026-07-29,18053.0,18109.099609375,18032.19921875,18053.0,18053.0,0,0.0,0.0
2026-07-30,18079.0,18118.900390625,17845.30078125,18079.0,18079.0,0,0.0,0.0
2026-07-31,18040.099609375,18080.0,17899.599609375,18040.099609375,18040.099609375,0,0.0,0.0
2026-08-03,18030.0,18052.0,17958.0,18030.0,18030.0,0,0.0,0.0
2026-08-04,17963.30078125,18038.599609375,17945.0,17963.30078125,17963.30078125,0,0.0,0.0
2026-08-05,17963.0,17981.0,17831.0,17963.0,17963.0,0,0.0,0.0
2026-08-06,17874.0,17916.0,17872.0,17873.0,17873.0,0,0.0,0.0
2026-08-07,17912.0,17937.0,17769.0,17912.0,17912.0,0,0.0,0.0
2026-08-10,17794.0,17827.0,17719.30078125,17794.0,17794.0,0,0.0,0.0
2026-08-11,17794.0,17872.80078125,17749.599609375,17791.0,17791.0,0,0.0,0.0
2026-08-12,17823.0,17880.599609375,17784.900390625,17822.0,17822.0,0,0.0,0.0
2026-08-13,17851.0,17890.900390625,17831.0,17853.0,17853.0,0,0.0,0.0
2026-08-14,17862.0,17863.0,17635.80078125,17863.0,17863.0,0,0.0,0.0
2026-08-17,17827.0,17853.0,17745.5,17830.0,17830.0,0,0.0,0.0
2026-08-18,17824.0,17874.900390625,17460.19921875,17824.0,17824.0,0,0.0,0.0
2026-08-19,17797.80078125,17871.0,17768.900390625,17768.5,17768.5,0,0.0,0.0
2026-08-20,17807.0,17816.400390625,17721.599609375,17807.0,17807.0,0,0.0,0.0
2026-08-21,17754.0,17763.400390625,17606.30078125,17755.0,17755.0,0,0.0,0.0
2026-08-24,17650.0,17728.400390625,17621.0,17655.0,17655.0,0,0.0,0.0
2026-08-25,17720.0,17738.30078125,17566.0,17714.599609375,17714.599609375,0,0.0,0.0
2026-08-26,17648.19921875,17732.400390625,17648.19921875,17695.0,17695.0,0,0.0,0.0
2026-08-27,17781.0,17794.0,17684.400390625,17778.0,17778.0,0,0.0,0.0
2026-08-28,17744.0,17750.900390625,17676.900390625,17749.0,17749.0,0,0.0,0.0
2026-08-31,17749.0,17776.19921875,17699.0,17749.0,17749.0,0,0.0,0.0
2026-09-01,17702.0,17763.30078125,17667.099609375,17689.900390625,17689.900390625,0,0.0,0.0
2026-09-02,17698.099609375,17782.599609375,17671.400390625,17697.19921875,17697.19921875,0,0.0,0.0
2026-09-03,17723.0,17737.0,17580.0,17723.0,17723.0,0,0.0,0.0
2026-09-04,17618.0,17658.0,17516.30078125,17618.099609375,17618.099609375,0,0.0,0.0
2026-09-07,17635.0,17666.0,17618.69921875,17638.0,17638.0,0,0.0,0.0
2026-09-08,17660.0,17664.0,17558.0,17664.0,17664.0,0,0.0,0.0
2026-09-09,17591.0,17606.0,17436.0,17588.0,17588.0,0,0.0,0.0
2026-09-10,17501.099609375,17596.0,17493.0,17501.0,17501.0,0,0.0,0.0
2026-09-11,17589.0,17627.0,17541.0,17588.099609375,17588.099609375,0,0.0,0.0
2026-09-14,17630.0,17687.0,17588.0,17630.0,17630.0,0,0.0,0.0
2026-09-15,17633.0,17699.900390625,17631.0,17636.0,17636.0,0,0.0,0.0
2026-09-16,17669.0,17736.0,17625.0,17665.0,17665.0,0,0.0,0.0
2026-09-17,17718.0,17783.19921875,17702.0,17718.0,17718.0,0,0.0,0.0
2026-09-18,17758.0,17856.0,17713.0,17757.0,17757.0,0,0.0,0.0
2026-09-21,17805.099609375,17898.0,17656.279296875,17806.0,17806.0,0,0.0,0.0
2026-09-22,17843.0,17899.0,17779.80078125,17846.0,17846.0,0,0.0,0.0
2026-09-23,17812.0,17887.0,17772.099609375,17805.0,17805.0,0,0.0,0.0
2026-09-24,17840.80078125,18015.400390625,17660.0,17837.30078125,17837.30078125,0,0.0,0.0
2026-09-25,17918.599609375,17980.0,17791.19921875,17559.5,17559.5,0,0.0,0.0
2026-09-28,17950.0,18053.0,17912.599609375,17950.0,17950.0,0,0.0,0.0
2026-09-29,17980.30078125,18038.0,17875.169921875,17980.30078125,17980.30078125,0,0.0,0.0
2026-09-30,17993.0,17993.0,17840.0,17860.0,17860.0,0,0.0,0.0
